,time,p,input,discounted_p
0,0,0.7743966055344708,1.0,4.733617836714655
1,1,0.42546048360455324,0.0,0.42546048360455324
2,2,0.29072146841424973,0.0,0.29072146841424973
3,3,0.1955345485335238,0.0,0.1955345485335238
4,4,0.9759274349766949,1.0,0.9759274349766949
5,5,0.32621377232675586,0.0,0.32621377232675586
6,6,0.0610895968795363,0.0,0.0610895968795363
7,7,0.30664481696032453,0.0,0.30664481696032453
8,8,0.16454006436488366,0.0,0.16454006436488366
9,9,0.2707068674175789,1.0,0.2707068674175789
10,10,0.4839401584044376,1.0,0.4839401584044376
11,11,0.9793643288273703,1.0,0.9793643288273703
12,12,0.17226245024221032,0.0,0.17226245024221032
13,13,0.18488915799244976,0.0,0.18488915799244976
14,14,0.9736686751047616,1.0,0.9736686751047616
15,15,0.9675860130205977,1.0,0.9675860130205977
16,16,0.8037767546459436,0.0,0.8037767546459436
17,17,0.8328172965578624,1.0,0.8328172965578624
18,18,0.11671442818430255,0.0,0.11671442818430255
19,19,0.5696667440587019,1.0,0.5696667440587019
20,20,0.6215506213877016,1.0,0.6215506213877016
21,21,0.6171745844386748,1.0,0.6171745844386748
22,22,0.7774348058039263,0.0,0.7774348058039263
23,23,0.6175910760436577,1.0,0.6175910760436577
24,24,0.29169249036748524,0.0,0.29169249036748524
25,25,0.6232830622577019,1.0,0.6232830622577019
26,26,0.699841633470556,1.0,0.699841633470556
27,27,0.6975464360191225,1.0,0.6975464360191225
28,28,0.030590381732681027,0.0,0.030590381732681027
29,29,0.26679336681770993,0.0,0.26679336681770993
30,30,0.8673275997952015,1.0,0.8673275997952015
31,31,0.34437150534779837,0.0,0.34437150534779837
32,32,0.3113623442059559,0.0,0.3113623442059559
33,33,0.05949001056092085,0.0,0.05949001056092085
34,34,0.1900446015823567,1.0,0.1900446015823567
35,35,0.5970060326912134,1.0,0.5970060326912134
36,36,0.5124547070981963,0.0,0.5124547070981963
37,37,0.6510204812431596,0.0,0.6510204812431596
38,38,0.003381108017226131,0.0,0.003381108017226131
39,39,0.5505103300323148,0.0,0.5505103300323148
40,40,0.2838486934934059,0.0,0.2838486934934059
41,41,0.9116893540297252,1.0,0.9116893540297252
42,42,0.5094752757115378,0.0,0.5094752757115378
43,43,0.08123791168614825,0.0,0.08123791168614825
44,44,0.8557195199374863,1.0,0.8557195199374863
45,45,0.9973365866692779,1.0,0.9973365866692779
46,46,0.5094098609900444,0.0,0.5094098609900444
47,47,0.37446779491996174,0.0,0.37446779491996174
48,48,0.25429554139439003,0.0,0.25429554139439003
49,49,0.5271454477828666,0.0,0.5271454477828666
50,50,0.9895900129741646,1.0,0.9895900129741646
51,51,0.023980678130593236,0.0,0.023980678130593236
52,52,0.2076884927532524,0.0,0.2076884927532524
53,53,0.4350690467313879,1.0,0.4350690467313879
54,54,0.8003847142258006,0.0,0.8003847142258006
55,55,0.1457496843517362,0.0,0.1457496843517362
56,56,0.8599478316672413,1.0,0.8599478316672413
57,57,0.4279208665414487,0.0,0.4279208665414487
58,58,0.35594195758516645,0.0,0.35594195758516645
59,59,0.3659376761873703,1.0,0.3659376761873703
60,60,0.6260667845215006,0.0,0.6260667845215006
61,61,0.13505656684508094,0.0,0.13505656684508094
62,62,0.18775985296759812,1.0,0.18775985296759812
63,63,0.025518933064606508,0.0,0.025518933064606508
64,64,0.5542711608590988,1.0,0.5542711608590988
65,65,0.04167607535747031,0.0,0.04167607535747031
66,66,0.916069821762736,1.0,0.916069821762736
67,67,0.8262067813901618,1.0,0.8262067813901618
68,68,0.6735091315921491,0.0,0.6735091315921491
69,69,0.8096465085595244,1.0,0.8096465085595244
70,70,0.3201268804886934,1.0,0.3201268804886934
71,71,0.2592772908264208,1.0,0.2592772908264208
72,72,0.3804711086969029,1.0,0.3804711086969029
73,73,0.41488520168712884,1.0,0.41488520168712884
74,74,0.5292327249172514,0.0,0.5292327249172514
75,75,0.9713306437274226,1.0,0.9713306437274226
76,76,0.8312317159074415,1.0,0.8312317159074415
77,77,0.4150089642735444,0.0,0.4150089642735444
78,78,0.493206062036473,1.0,0.493206062036473
79,79,0.9784641643062592,1.0,0.9784641643062592
80,80,0.846885993126484,0.0,0.846885993126484
81,81,0.22447638803260705,1.0,0.22447638803260705
82,82,0.9102335640557561,1.0,0.9102335640557561
83,83,0.2657615614670489,0.0,0.2657615614670489
84,84,0.3571641856969404,0.0,0.3571641856969404
85,85,0.9655505491939935,1.0,0.9655505491939935
86,86,0.9956287568418803,1.0,0.9956287568418803
87,87,0.40317108528669476,0.0,0.40317108528669476
88,88,0.7303711727946766,1.0,0.7303711727946766
89,89,0.757038169797252,1.0,0.757038169797252
90,90,0.10677213709447197,0.0,0.10677213709447197
91,91,0.49364998114066194,1.0,0.49364998114066194
92,92,0.11365988632703661,0.0,0.11365988632703661
93,93,0.21122964172008152,0.0,0.21122964172008152
94,94,0.5723617845611206,1.0,0.5723617845611206
95,95,0.5981114219202286,1.0,0.5981114219202286
96,96,0.07140378646730594,0.0,0.07140378646730594
97,97,0.8676943531969921,1.0,0.8676943531969921
98,98,0.8520403036491415,1.0,0.8520403036491415
99,99,0.052065114910489485,0.0,0.052065114910489485
100,100,0.1764793380655516,0.0,0.1764793380655516
101,101,0.13351356884471421,0.0,0.13351356884471421
102,102,0.3296658318818714,0.0,0.3296658318818714
103,103,0.006461053129644401,0.0,0.006461053129644401
104,104,0.4899578352841133,0.0,0.4899578352841133
105,105,0.2631373171097461,1.0,0.2631373171097461
106,106,0.791416873526097,1.0,0.791416873526097
107,107,0.10076199981303124,0.0,0.10076199981303124
108,108,0.8802161947660934,1.0,0.8802161947660934
109,109,0.9499160485732264,1.0,0.9499160485732264
110,110,0.6634470715039736,1.0,0.6634470715039736
111,111,0.003441764134857861,0.0,0.003441764134857861
112,112,0.27967641336512383,0.0,0.27967641336512383
113,113,0.5958247020283515,0.0,0.5958247020283515
114,114,0.15505047874853062,0.0,0.15505047874853062
115,115,0.870149844181341,1.0,0.870149844181341
116,116,0.9212413340614152,1.0,0.9212413340614152
117,117,0.5841230578475385,1.0,0.5841230578475385
118,118,0.035938906386516645,0.0,0.035938906386516645
119,119,0.030091136379009065,0.0,0.030091136379009065
120,120,0.18543996302037502,0.0,0.18543996302037502
121,121,0.039559165239505534,0.0,0.039559165239505534
122,122,0.6585600093069585,1.0,0.6585600093069585
123,123,0.10175085087337976,0.0,0.10175085087337976
124,124,0.6649777870789727,1.0,0.6649777870789727
125,125,0.8953937731488657,1.0,0.8953937731488657
126,126,0.47806383115022155,0.0,0.47806383115022155
127,127,0.0837372239568912,0.0,0.0837372239568912
128,128,0.23551910388501618,1.0,0.23551910388501618
129,129,0.3904397003801183,0.0,0.3904397003801183
130,130,0.10798296760756065,1.0,0.10798296760756065
131,131,0.06415093115480186,0.0,0.06415093115480186
132,132,0.5582455956220528,0.0,0.5582455956220528
133,133,0.8790605189398693,1.0,0.8790605189398693
134,134,0.9073736404576629,1.0,0.9073736404576629
135,135,0.2426778918220417,0.0,0.2426778918220417
136,136,0.491728911237741,0.0,0.491728911237741
137,137,0.7870684993321623,0.0,0.7870684993321623
138,138,0.13782930350988642,0.0,0.13782930350988642
139,139,0.988880397138952,1.0,0.988880397138952
140,140,0.6747264321651818,0.0,0.6747264321651818
141,141,0.9865731055504234,1.0,0.9865731055504234
142,142,0.5213785831271132,1.0,0.5213785831271132
143,143,0.0040007757925872856,0.0,0.0040007757925872856
144,144,0.680595283090229,1.0,0.680595283090229
145,145,0.3023158409770721,0.0,0.3023158409770721
146,146,0.46598729997196053,1.0,0.46598729997196053
147,147,0.09114274268858469,0.0,0.09114274268858469
148,148,0.6081611626610417,1.0,0.6081611626610417
149,149,0.9251832877938458,1.0,0.9251832877938458
150,150,0.844716719884136,1.0,0.844716719884136
151,151,0.7306054885636458,1.0,0.7306054885636458
152,152,0.8178248207943295,0.0,0.8178248207943295
153,153,0.6359384765231526,0.0,0.6359384765231526
154,154,0.16116696624687243,1.0,0.16116696624687243
155,155,0.39949270410456195,0.0,0.39949270410456195
156,156,0.5527224463512925,0.0,0.5527224463512925
157,157,0.23546306002551143,1.0,0.23546306002551143
158,158,0.3026738261975852,0.0,0.3026738261975852
159,159,0.2960595546700018,1.0,0.2960595546700018
160,160,0.212391445140795,0.0,0.212391445140795
161,161,0.8140852575361327,1.0,0.8140852575361327
162,162,0.5238048732011569,1.0,0.5238048732011569
163,163,0.2631185038477649,0.0,0.2631185038477649
164,164,0.4878888030899521,0.0,0.4878888030899521
165,165,0.21423507459675484,0.0,0.21423507459675484
166,166,0.7397898172713991,0.0,0.7397898172713991
167,167,0.4748279307939157,0.0,0.4748279307939157
168,168,0.17897239654830321,0.0,0.17897239654830321
169,169,0.6188696828961523,1.0,0.6188696828961523
170,170,0.9887842235453789,1.0,0.9887842235453789
171,171,0.8065908268769735,1.0,0.8065908268769735
172,172,0.8559073394077432,1.0,0.8559073394077432
173,173,0.2101796844561833,0.0,0.2101796844561833
174,174,0.4697266998228624,1.0,0.4697266998228624
175,175,0.7370850525153144,1.0,0.7370850525153144
176,176,0.1461141983680604,0.0,0.1461141983680604
177,177,0.5324033706234063,1.0,0.5324033706234063
178,178,0.005129451615111913,0.0,0.005129451615111913
179,179,0.42975283761882743,1.0,0.42975283761882743
180,180,0.6649148860933812,0.0,0.6649148860933812
181,181,0.09468917756221196,0.0,0.09468917756221196
182,182,0.8480513532808485,1.0,0.8480513532808485
183,183,0.6234346684652603,0.0,0.6234346684652603
184,184,0.6571656429116566,0.0,0.6571656429116566
185,185,0.502859896923788,1.0,0.502859896923788
186,186,0.5578496164648161,1.0,0.5578496164648161
187,187,0.21913694673961637,0.0,0.21913694673961637
188,188,0.45378133402007237,0.0,0.45378133402007237
189,189,0.09690295948593042,0.0,0.09690295948593042
190,190,0.4612038152922694,1.0,0.4612038152922694
191,191,0.42118016466007213,0.0,0.42118016466007213
192,192,0.38550947976705985,0.0,0.38550947976705985
193,193,0.3143068373807957,0.0,0.3143068373807957
194,194,0.3905484804464988,0.0,0.3905484804464988
195,195,0.7997764775455025,1.0,0.7997764775455025
196,196,0.9804932332172753,1.0,0.9804932332172753
197,197,0.3079314345281966,0.0,0.3079314345281966
198,198,0.21383154199070842,0.0,0.21383154199070842
199,199,0.6446469571882246,0.0,0.6446469571882246
200,200,0.23161623753405147,0.0,0.23161623753405147
201,201,0.43018106907528475,0.0,0.43018106907528475
202,202,0.9325965348990347,1.0,0.9325965348990347
203,203,0.8905533406208795,1.0,0.8905533406208795
204,204,0.8708400558288125,1.0,0.8708400558288125
205,205,0.46250898232615023,0.0,0.46250898232615023
206,206,0.7081067736883149,1.0,0.7081067736883149
207,207,0.048447214088698565,0.0,0.048447214088698565
208,208,0.7695624845918738,1.0,0.7695624845918738
209,209,0.8381432030855612,1.0,0.8381432030855612
210,210,0.32996537779608304,0.0,0.32996537779608304
211,211,0.13880973149923082,0.0,0.13880973149923082
212,212,0.7344789305481685,1.0,0.7344789305481685
213,213,0.43573923351871957,0.0,0.43573923351871957
214,214,0.16125851621961496,0.0,0.16125851621961496
215,215,0.10508778220749171,0.0,0.10508778220749171
216,216,0.10023158540351784,0.0,0.10023158540351784
217,217,0.8594416051695788,1.0,0.8594416051695788
218,218,0.2661652934393579,1.0,0.2661652934393579
219,219,0.866577385375208,1.0,0.866577385375208
220,220,0.4381848716458505,1.0,0.4381848716458505
221,221,0.1818268052554386,0.0,0.1818268052554386
222,222,0.1737560427405901,1.0,0.1737560427405901
223,223,0.6134702579628444,0.0,0.6134702579628444
224,224,0.3231366692940948,0.0,0.3231366692940948
225,225,0.8716441843385365,1.0,0.8716441843385365
226,226,0.6945710456479958,1.0,0.6945710456479958
227,227,0.7691642814067826,1.0,0.7691642814067826
228,228,0.5392122701187815,1.0,0.5392122701187815
229,229,0.045105717638864395,0.0,0.045105717638864395
230,230,0.989005869172899,1.0,0.989005869172899
231,231,0.47275444080244355,1.0,0.47275444080244355
232,232,0.5085462694646441,1.0,0.5085462694646441
233,233,0.9959217640989606,1.0,0.9959217640989606
234,234,0.27969161692947586,1.0,0.27969161692947586
235,235,0.2728750900241389,0.0,0.2728750900241389
236,236,0.8919843792345953,1.0,0.8919843792345953
237,237,0.6769423659961484,1.0,0.6769423659961484
238,238,0.3489120809430881,0.0,0.3489120809430881
239,239,0.7966983010238617,1.0,0.7966983010238617
240,240,0.5428979882711977,1.0,0.5428979882711977
241,241,0.6611716673741426,1.0,0.6611716673741426
242,242,0.6836893021389198,0.0,0.6836893021389198
243,243,0.7561495326686263,1.0,0.7561495326686263
244,244,0.18650527178384335,0.0,0.18650527178384335
245,245,0.707655492704402,1.0,0.707655492704402
246,246,0.4521025367506165,1.0,0.4521025367506165
247,247,0.47386733958963223,0.0,0.47386733958963223
248,248,0.5075346771260797,0.0,0.5075346771260797
249,249,0.8750048927839679,1.0,0.8750048927839679
250,250,0.3782430775480494,0.0,0.3782430775480494
251,251,0.9047667531077633,1.0,0.9047667531077633
252,252,0.4137169506388749,1.0,0.4137169506388749
253,253,0.5389496062592184,1.0,0.5389496062592184
254,254,0.924143417200107,1.0,0.924143417200107
255,255,0.23544026149463315,0.0,0.23544026149463315
256,256,0.12855049179050804,0.0,0.12855049179050804
257,257,0.9701186492653637,1.0,0.9701186492653637
258,258,0.6925521397810276,0.0,0.6925521397810276
259,259,0.9988099381106104,1.0,0.9988099381106104
260,260,0.48848087755611536,1.0,0.48848087755611536
261,261,0.7421754001097713,1.0,0.7421754001097713
262,262,0.9454670696066055,1.0,0.9454670696066055
263,263,0.8294402860329924,1.0,0.8294402860329924
264,264,0.880238800137998,1.0,0.880238800137998
265,265,0.34829786669490936,0.0,0.34829786669490936
266,266,0.7276440123279966,1.0,0.7276440123279966
267,267,0.6129677059134802,0.0,0.6129677059134802
268,268,0.7586827784574137,1.0,0.7586827784574137
269,269,0.7335647804386308,1.0,0.7335647804386308
270,270,0.12821888750605404,0.0,0.12821888750605404
271,271,0.25364326541514326,0.0,0.25364326541514326
272,272,0.36638466079256926,1.0,0.36638466079256926
273,273,0.17281182868853928,0.0,0.17281182868853928
274,274,0.3617178738921145,1.0,0.3617178738921145
275,275,0.11365696305645179,0.0,0.11365696305645179
276,276,0.28732405437439357,1.0,0.28732405437439357
277,277,0.6110436751056041,1.0,0.6110436751056041
278,278,0.1107692052253555,0.0,0.1107692052253555
279,279,0.7659743106764015,0.0,0.7659743106764015
280,280,0.8071126827957104,1.0,0.8071126827957104
281,281,0.4144437796708931,1.0,0.4144437796708931
282,282,0.6180827999050045,0.0,0.6180827999050045
283,283,0.23642474074467323,0.0,0.23642474074467323
284,284,0.2026591668842549,1.0,0.2026591668842549
285,285,0.6425818003563681,1.0,0.6425818003563681
286,286,0.6955782582339651,1.0,0.6955782582339651
287,287,0.33286912624254683,0.0,0.33286912624254683
288,288,0.6684370165071615,0.0,0.6684370165071615
289,289,0.5441080539286695,0.0,0.5441080539286695
290,290,0.610783177008875,1.0,0.610783177008875
291,291,0.2580600341481504,0.0,0.2580600341481504
292,292,0.2634274638895052,0.0,0.2634274638895052
293,293,0.2433972668684694,0.0,0.2433972668684694
294,294,0.33774557419100315,0.0,0.33774557419100315
295,295,0.0779521646782737,0.0,0.0779521646782737
296,296,0.2536770231730636,0.0,0.2536770231730636
297,297,0.5141766185116733,0.0,0.5141766185116733
298,298,0.6450023960327578,1.0,0.6450023960327578
299,299,0.9108723016582027,1.0,0.9108723016582027
300,300,0.2884832250624553,0.0,0.2884832250624553
301,301,0.023921680572063564,0.0,0.023921680572063564
302,302,0.38828610955838605,1.0,0.38828610955838605
303,303,0.8232276880362468,1.0,0.8232276880362468
304,304,0.43201311280140864,1.0,0.43201311280140864
305,305,0.584671213367995,1.0,0.584671213367995
306,306,0.5139767018375553,0.0,0.5139767018375553
307,307,0.9690396706608295,1.0,0.9690396706608295
308,308,0.3815134045919599,1.0,0.3815134045919599
309,309,0.11757869984165259,0.0,0.11757869984165259
310,310,0.19766293870502272,0.0,0.19766293870502272
311,311,0.5567012006389946,0.0,0.5567012006389946
312,312,0.5952898089200802,1.0,0.5952898089200802
313,313,0.05115454999665803,0.0,0.05115454999665803
314,314,0.19971895495057257,1.0,0.19971895495057257
315,315,0.6221844159328607,0.0,0.6221844159328607
316,316,0.820034372648073,1.0,0.820034372648073
317,317,0.7624895842439323,1.0,0.7624895842439323
318,318,0.49131857892490005,0.0,0.49131857892490005
319,319,0.509751876378084,1.0,0.509751876378084
320,320,0.8169033243346103,1.0,0.8169033243346103
321,321,0.6943251137597436,1.0,0.6943251137597436
322,322,0.8259028794482436,1.0,0.8259028794482436
323,323,0.2923671558507136,0.0,0.2923671558507136
324,324,0.60019271404558,1.0,0.60019271404558
325,325,0.3239230100722911,1.0,0.3239230100722911
326,326,0.017763750629834263,0.0,0.017763750629834263
327,327,0.5828199342817199,1.0,0.5828199342817199
328,328,0.5243416519361127,0.0,0.5243416519361127
329,329,0.560221406687351,1.0,0.560221406687351
330,330,0.595876579527473,1.0,0.595876579527473
331,331,0.03338418039217572,0.0,0.03338418039217572
332,332,0.3196391931275331,0.0,0.3196391931275331
333,333,0.46667992834352645,0.0,0.46667992834352645
334,334,0.025257911312116632,0.0,0.025257911312116632
335,335,0.9083010189870253,1.0,0.9083010189870253
336,336,0.6704417702166974,1.0,0.6704417702166974
337,337,0.48494802256780334,0.0,0.48494802256780334
338,338,0.3084023224118839,0.0,0.3084023224118839
339,339,0.47072494312855206,1.0,0.47072494312855206
340,340,0.8281790692386526,1.0,0.8281790692386526
341,341,0.7740690591460241,1.0,0.7740690591460241
342,342,0.3863088147841395,1.0,0.3863088147841395
343,343,0.5204773841703378,0.0,0.5204773841703378
344,344,0.21370513283863046,1.0,0.21370513283863046
345,345,0.616367954011768,0.0,0.616367954011768
346,346,0.12342142103523257,0.0,0.12342142103523257
347,347,0.061171240274405014,0.0,0.061171240274405014
348,348,0.2978491323129857,0.0,0.2978491323129857
349,349,0.1496500731453445,0.0,0.1496500731453445
350,350,0.7535156400375995,1.0,0.7535156400375995
351,351,0.9733273658711316,1.0,0.9733273658711316
352,352,0.998425326014747,1.0,0.998425326014747
353,353,0.23257918074220052,1.0,0.23257918074220052
354,354,0.5604959243483776,0.0,0.5604959243483776
355,355,0.8440087341539494,1.0,0.8440087341539494
356,356,0.4645616149591877,0.0,0.4645616149591877
357,357,0.6654673121226261,0.0,0.6654673121226261
358,358,0.036461075265906695,0.0,0.036461075265906695
359,359,0.6041130701086833,1.0,0.6041130701086833
360,360,0.6631852261563536,0.0,0.6631852261563536
361,361,0.8054071908937733,1.0,0.8054071908937733
362,362,0.2795186303134537,1.0,0.2795186303134537
363,363,0.7893458866545893,1.0,0.7893458866545893
364,364,0.839048713703628,1.0,0.839048713703628
365,365,0.041994926185762504,0.0,0.041994926185762504
366,366,0.6028353423891518,0.0,0.6028353423891518
367,367,0.11266195293699077,0.0,0.11266195293699077
368,368,0.2202405500054464,0.0,0.2202405500054464
369,369,0.9664407478889769,1.0,0.9664407478889769
370,370,0.16263761373534336,0.0,0.16263761373534336
371,371,0.10323908309123253,0.0,0.10323908309123253
372,372,0.1304317613023307,0.0,0.1304317613023307
373,373,0.26158509710336864,1.0,0.26158509710336864
374,374,0.6714404967793848,0.0,0.6714404967793848
375,375,0.48460482110252345,1.0,0.48460482110252345
376,376,0.7245606656380017,1.0,0.7245606656380017
377,377,0.8316499648703854,1.0,0.8316499648703854
378,378,0.7967894543392263,1.0,0.7967894543392263
379,379,0.6264859207316122,0.0,0.6264859207316122
380,380,0.9398871236075534,1.0,0.9398871236075534
381,381,0.4428006377565735,0.0,0.4428006377565735
382,382,0.4280078818811698,0.0,0.4280078818811698
383,383,0.32009859693033926,0.0,0.32009859693033926
384,384,0.00258310954305363,0.0,0.00258310954305363
385,385,0.48231239882067,0.0,0.48231239882067
386,386,0.6524282235501401,0.0,0.6524282235501401
387,387,0.08398145716223648,0.0,0.08398145716223648
388,388,0.7841607788865126,0.0,0.7841607788865126
389,389,0.9357179008646573,1.0,0.9357179008646573
390,390,0.8249771232042765,1.0,0.8249771232042765
391,391,0.932554159741556,1.0,0.932554159741556
392,392,0.4722939827220417,1.0,0.4722939827220417
393,393,0.3829172049233627,1.0,0.3829172049233627
394,394,0.5746420984178423,1.0,0.5746420984178423
395,395,0.45635505571169777,1.0,0.45635505571169777
396,396,0.9040503666162543,0.0,0.9040503666162543
397,397,0.28567386453978505,0.0,0.28567386453978505
398,398,0.4976607512886424,1.0,0.4976607512886424
399,399,0.6911822491247387,0.0,0.6911822491247387
400,400,0.8928586501140311,0.0,0.8928586501140311
401,401,0.5822128205569674,0.0,0.5822128205569674
402,402,0.405069396667493,1.0,0.405069396667493
403,403,0.20442954890994647,0.0,0.20442954890994647
404,404,0.7489714178783422,0.0,0.7489714178783422
405,405,0.30177657361138577,0.0,0.30177657361138577
406,406,0.31967034356043245,0.0,0.31967034356043245
407,407,0.761386550974967,0.0,0.761386550974967
408,408,0.6999168860541392,1.0,0.6999168860541392
409,409,0.41870720314452925,0.0,0.41870720314452925
410,410,0.4892431620788249,1.0,0.4892431620788249
411,411,0.5680139741910581,0.0,0.5680139741910581
412,412,0.9261867374052163,1.0,0.9261867374052163
413,413,0.7820093048539416,1.0,0.7820093048539416
414,414,0.5930407709633582,0.0,0.5930407709633582
415,415,0.3911415382394158,0.0,0.3911415382394158
416,416,0.9841014124311815,1.0,0.9841014124311815
417,417,0.16144121064754358,0.0,0.16144121064754358
418,418,0.08127753928387882,0.0,0.08127753928387882
419,419,0.7514445658273787,1.0,0.7514445658273787
420,420,0.721897591709896,1.0,0.721897591709896
421,421,0.08270205311366374,0.0,0.08270205311366374
422,422,0.17173860804166774,0.0,0.17173860804166774
423,423,0.21733910647868282,1.0,0.21733910647868282
424,424,0.0526957706341864,0.0,0.0526957706341864
425,425,0.921734833754727,1.0,0.921734833754727
426,426,0.7577135271521507,0.0,0.7577135271521507
427,427,0.5442650627056675,0.0,0.5442650627056675
428,428,0.3170689095557978,0.0,0.3170689095557978
429,429,0.38508155691517276,1.0,0.38508155691517276
430,430,0.4344595969201249,0.0,0.4344595969201249
431,431,0.2700148387725817,0.0,0.2700148387725817
432,432,0.2819828125443673,1.0,0.2819828125443673
433,433,0.6456997933727454,0.0,0.6456997933727454
434,434,0.35001329681775784,1.0,0.35001329681775784
435,435,0.6904191089692157,1.0,0.6904191089692157
436,436,0.47719949246552007,0.0,0.47719949246552007
437,437,0.792911102192039,1.0,0.792911102192039
438,438,0.4026279902454256,0.0,0.4026279902454256
439,439,0.10130175737098457,0.0,0.10130175737098457
440,440,0.25892861166257897,0.0,0.25892861166257897
441,441,0.6797793532269693,0.0,0.6797793532269693
442,442,0.5912662133429553,1.0,0.5912662133429553
443,443,0.14261643415441794,0.0,0.14261643415441794
444,444,0.45962230898573453,1.0,0.45962230898573453
445,445,0.2851174370281092,0.0,0.2851174370281092
446,446,0.32991569896358763,0.0,0.32991569896358763
447,447,0.44083742848193197,0.0,0.44083742848193197
448,448,0.7406124810143454,1.0,0.7406124810143454
449,449,0.848908384711065,1.0,0.848908384711065
450,450,0.14857724602145028,0.0,0.14857724602145028
451,451,0.22895551220427812,0.0,0.22895551220427812
452,452,0.6368719029844587,1.0,0.6368719029844587
453,453,0.10544108384296913,0.0,0.10544108384296913
454,454,0.8478185161743231,1.0,0.8478185161743231
455,455,0.9670329321690583,1.0,0.9670329321690583
456,456,0.6980626705318012,1.0,0.6980626705318012
457,457,0.788434312418241,0.0,0.788434312418241
458,458,0.9549127095213046,1.0,0.9549127095213046
459,459,0.4465482573049848,1.0,0.4465482573049848
460,460,0.5746282027226736,1.0,0.5746282027226736
461,461,0.028712751824347404,0.0,0.028712751824347404
462,462,0.49244656570224643,1.0,0.49244656570224643
463,463,0.17071899847190253,1.0,0.17071899847190253
464,464,0.05246784972044127,0.0,0.05246784972044127
465,465,0.3338587904734377,1.0,0.3338587904734377
466,466,0.5454218937350033,1.0,0.5454218937350033
467,467,0.9568007720657231,1.0,0.9568007720657231
468,468,0.3722701166713245,0.0,0.3722701166713245
469,469,0.5573293878256764,1.0,0.5573293878256764
470,470,0.8481443136680131,1.0,0.8481443136680131
471,471,0.9887204941834947,1.0,0.9887204941834947
472,472,0.0878850320083936,0.0,0.0878850320083936
473,473,0.6051194232450653,0.0,0.6051194232450653
474,474,0.40718531729429963,0.0,0.40718531729429963
475,475,0.24960244646488738,0.0,0.24960244646488738
476,476,0.5778788945568141,0.0,0.5778788945568141
477,477,0.6226451643402788,1.0,0.6226451643402788
478,478,0.49380149725091504,0.0,0.49380149725091504
479,479,0.6526503152854354,0.0,0.6526503152854354
480,480,0.8165110425465952,0.0,0.8165110425465952
481,481,0.7365368461076192,1.0,0.7365368461076192
482,482,0.7809538031275257,1.0,0.7809538031275257
483,483,0.18776751897370836,0.0,0.18776751897370836
484,484,0.2705105856518393,0.0,0.2705105856518393
485,485,0.13859799388282001,0.0,0.13859799388282001
486,486,0.590508862573766,1.0,0.590508862573766
487,487,0.13324086388391454,0.0,0.13324086388391454
488,488,0.8963518564078478,1.0,0.8963518564078478
489,489,0.35913775462667097,0.0,0.35913775462667097
490,490,0.046128654182840845,0.0,0.046128654182840845
491,491,0.8380325270138883,1.0,0.8380325270138883
492,492,0.20864618524937584,0.0,0.20864618524937584
493,493,0.12458038429910057,0.0,0.12458038429910057
494,494,0.03494440616558847,1.0,0.03494440616558847
495,495,0.07531016605646756,0.0,0.07531016605646756
496,496,0.5720110147787538,1.0,0.5720110147787538
497,497,0.8999008903290376,1.0,0.8999008903290376
498,498,0.21422342000861994,0.0,0.21422342000861994
499,499,0.5102126869636306,1.0,0.5102126869636306
500,500,0.366926562498192,0.0,0.366926562498192
501,501,0.0039248188818327145,0.0,0.0039248188818327145
502,502,0.44433013931069065,1.0,0.44433013931069065
503,503,0.35050017288659596,0.0,0.35050017288659596
504,504,0.6183550886733785,0.0,0.6183550886733785
505,505,0.9741517967703852,1.0,0.9741517967703852
506,506,0.07659466127875414,0.0,0.07659466127875414
507,507,0.4597403131156719,0.0,0.4597403131156719
508,508,0.21954796617240246,1.0,0.21954796617240246
509,509,0.2852992517136469,0.0,0.2852992517136469
510,510,0.08179576116022114,0.0,0.08179576116022114
511,511,0.7880615939268408,1.0,0.7880615939268408
512,512,0.7191108906473507,1.0,0.7191108906473507
513,513,0.766811520864556,1.0,0.766811520864556
514,514,0.2004009119818383,1.0,0.2004009119818383
515,515,0.34129261641730035,0.0,0.34129261641730035
516,516,0.4580314412538258,0.0,0.4580314412538258
517,517,0.5262495753392422,1.0,0.5262495753392422
518,518,0.06477984594028396,0.0,0.06477984594028396
519,519,0.8355110053774958,1.0,0.8355110053774958
520,520,0.09635426234267142,0.0,0.09635426234267142
521,521,0.5183297256431754,1.0,0.5183297256431754
522,522,0.9834144398094397,1.0,0.9834144398094397
523,523,0.17368413894783974,0.0,0.17368413894783974
524,524,0.0782784440706954,0.0,0.0782784440706954
525,525,0.06418610437786387,0.0,0.06418610437786387
526,526,0.6299048362378947,1.0,0.6299048362378947
527,527,0.6421289719762114,1.0,0.6421289719762114
528,528,0.14376759800652594,0.0,0.14376759800652594
529,529,0.10470080507382562,0.0,0.10470080507382562
530,530,0.7232364919750813,1.0,0.7232364919750813
531,531,0.20013977605886146,0.0,0.20013977605886146
532,532,0.9380748139092919,1.0,0.9380748139092919
533,533,0.1660559484826607,0.0,0.1660559484826607
534,534,0.7108777903666366,1.0,0.7108777903666366
535,535,0.40392911057865943,0.0,0.40392911057865943
536,536,0.5124734343755527,0.0,0.5124734343755527
537,537,0.09310979404392761,0.0,0.09310979404392761
538,538,0.8577633640910854,1.0,0.8577633640910854
539,539,0.2443281310469153,0.0,0.2443281310469153
540,540,0.4630065270468927,1.0,0.4630065270468927
541,541,0.9062425773141518,0.0,0.9062425773141518
542,542,0.03985774308375578,0.0,0.03985774308375578
543,543,0.12113849996515114,0.0,0.12113849996515114
544,544,0.16166612415000636,0.0,0.16166612415000636
545,545,0.1750951327819955,0.0,0.1750951327819955
546,546,0.3957625817998709,1.0,0.3957625817998709
547,547,0.27955874514307943,0.0,0.27955874514307943
548,548,0.7214066395072698,1.0,0.7214066395072698
549,549,0.8895923014970755,0.0,0.8895923014970755
550,550,0.8375898951180483,1.0,0.8375898951180483
551,551,0.8028459396892533,1.0,0.8028459396892533
552,552,0.8232519874659474,0.0,0.8232519874659474
553,553,0.05714385137544875,1.0,0.05714385137544875
554,554,0.09814124218039877,0.0,0.09814124218039877
555,555,0.9941904780209893,1.0,0.9941904780209893
556,556,0.4922420785164636,1.0,0.4922420785164636
557,557,0.9933639697987322,1.0,0.9933639697987322
558,558,0.757668746276693,0.0,0.757668746276693
559,559,0.47181440204515146,1.0,0.47181440204515146
560,560,0.1678524959307366,0.0,0.1678524959307366
561,561,0.06982967364502624,0.0,0.06982967364502624
562,562,0.2980879663466145,0.0,0.2980879663466145
563,563,0.5631754191600203,0.0,0.5631754191600203
564,564,0.43180360015077457,1.0,0.43180360015077457
565,565,0.45464848894463994,0.0,0.45464848894463994
566,566,0.8542936808493331,1.0,0.8542936808493331
567,567,0.772469392589579,1.0,0.772469392589579
568,568,0.34552733883675146,0.0,0.34552733883675146
569,569,0.7192675852050405,1.0,0.7192675852050405
570,570,0.8767522779590978,1.0,0.8767522779590978
571,571,0.1292545324532628,1.0,0.1292545324532628
572,572,0.5697338675085288,0.0,0.5697338675085288
573,573,0.848469171005978,1.0,0.848469171005978
574,574,0.38628484953647,1.0,0.38628484953647
575,575,0.3864876512144183,1.0,0.3864876512144183
576,576,0.5799160678765994,0.0,0.5799160678765994
577,577,0.6084242207186632,1.0,0.6084242207186632
578,578,0.297642066994275,0.0,0.297642066994275
579,579,0.5706250152222753,1.0,0.5706250152222753
580,580,0.3646065882075885,0.0,0.3646065882075885
581,581,0.4155844247468795,1.0,0.4155844247468795
582,582,0.370105406799245,0.0,0.370105406799245
583,583,0.20510823684892587,0.0,0.20510823684892587
584,584,0.3790121410034716,1.0,0.3790121410034716
585,585,0.28726232349691483,1.0,0.28726232349691483
586,586,0.8303847067998259,1.0,0.8303847067998259
587,587,0.431303513773307,0.0,0.431303513773307
588,588,0.45837448342575837,0.0,0.45837448342575837
589,589,0.5815412997526718,0.0,0.5815412997526718
590,590,0.07331109764003707,0.0,0.07331109764003707
591,591,0.3558710945586464,0.0,0.3558710945586464
592,592,0.8290382922674688,1.0,0.8290382922674688
593,593,0.10812716859235105,0.0,0.10812716859235105
594,594,0.9638583464045086,1.0,0.9638583464045086
595,595,0.6253575418276579,1.0,0.6253575418276579
596,596,0.29958910624813984,0.0,0.29958910624813984
597,597,0.41497056861084824,0.0,0.41497056861084824
598,598,0.0662508895619518,0.0,0.0662508895619518
599,599,0.7344124954783278,1.0,0.7344124954783278
600,600,0.652296815291616,0.0,0.652296815291616
601,601,0.7792044414261844,1.0,0.7792044414261844
602,602,0.8590728327656227,1.0,0.8590728327656227
603,603,0.431855242697447,1.0,0.431855242697447
604,604,0.7596098933153725,1.0,0.7596098933153725
605,605,0.3938583556129306,0.0,0.3938583556129306
606,606,0.9647586038086897,1.0,0.9647586038086897
607,607,0.19677409799588486,0.0,0.19677409799588486
608,608,0.16752943142912347,0.0,0.16752943142912347
609,609,0.6575588189513996,1.0,0.6575588189513996
610,610,0.009672894852904013,0.0,0.009672894852904013
611,611,0.08046932001024343,0.0,0.08046932001024343
612,612,0.6408434024501551,1.0,0.6408434024501551
613,613,0.6936391981688075,1.0,0.6936391981688075
614,614,0.9433053865204356,1.0,0.9433053865204356
615,615,0.32255856458886845,0.0,0.32255856458886845
616,616,0.38809904434498077,1.0,0.38809904434498077
617,617,0.27500577950369776,0.0,0.27500577950369776
618,618,0.36666147488440815,0.0,0.36666147488440815
619,619,0.30436857779490656,0.0,0.30436857779490656
620,620,0.8032288064696983,1.0,0.8032288064696983
621,621,0.0478600514848323,0.0,0.0478600514848323
622,622,0.20292327289268464,0.0,0.20292327289268464
623,623,0.7019675377018414,0.0,0.7019675377018414
624,624,0.14179700246241256,0.0,0.14179700246241256
625,625,0.7426800703204781,1.0,0.7426800703204781
626,626,0.3336765618683336,0.0,0.3336765618683336
627,627,0.839449865082759,0.0,0.839449865082759
628,628,0.8992286614179249,1.0,0.8992286614179249
629,629,0.5687928203158418,1.0,0.5687928203158418
630,630,0.7289084321451625,1.0,0.7289084321451625
631,631,0.2277332871348825,1.0,0.2277332871348825
632,632,0.6936460991930242,0.0,0.6936460991930242
633,633,0.5999822411261209,0.0,0.5999822411261209
634,634,0.04915153633348557,0.0,0.04915153633348557
635,635,0.48196601195485655,0.0,0.48196601195485655
636,636,0.38551955812271144,1.0,0.38551955812271144
637,637,0.8073385949174857,1.0,0.8073385949174857
638,638,0.17898226612985535,0.0,0.17898226612985535
639,639,0.24327094127176874,0.0,0.24327094127176874
640,640,0.49542352802923084,0.0,0.49542352802923084
641,641,0.3119068417705364,0.0,0.3119068417705364
642,642,0.08551617474720097,1.0,0.08551617474720097
643,643,0.2001591191681571,0.0,0.2001591191681571
644,644,0.17390763887420757,0.0,0.17390763887420757
645,645,0.7655747667469024,1.0,0.7655747667469024
646,646,0.9402889011122713,1.0,0.9402889011122713
647,647,0.1490810515254879,1.0,0.1490810515254879
648,648,0.1836970961900526,1.0,0.1836970961900526
649,649,0.6733233696727333,1.0,0.6733233696727333
650,650,0.12699261657167837,0.0,0.12699261657167837
651,651,0.10334878504595613,0.0,0.10334878504595613
652,652,0.40000587120596465,1.0,0.40000587120596465
653,653,0.8890533557575756,1.0,0.8890533557575756
654,654,0.6598360872444945,1.0,0.6598360872444945
655,655,0.8721709374222567,0.0,0.8721709374222567
656,656,0.6756749064043851,1.0,0.6756749064043851
657,657,0.9100028428321174,1.0,0.9100028428321174
658,658,0.4981830352375055,1.0,0.4981830352375055
659,659,0.6796826329910389,1.0,0.6796826329910389
660,660,0.4719314793439444,0.0,0.4719314793439444
661,661,0.6520799515726395,0.0,0.6520799515726395
662,662,0.2756596353197638,1.0,0.2756596353197638
663,663,0.1339125927290309,0.0,0.1339125927290309
664,664,0.6758065646325083,1.0,0.6758065646325083
665,665,0.8856753849822524,0.0,0.8856753849822524
666,666,0.7601502227980916,1.0,0.7601502227980916
667,667,0.9655069551597458,1.0,0.9655069551597458
668,668,0.31957000120251644,0.0,0.31957000120251644
669,669,0.07693074250765364,0.0,0.07693074250765364
670,670,0.2815741572257352,1.0,0.2815741572257352
671,671,0.6608705118307107,0.0,0.6608705118307107
672,672,0.4892828571043726,0.0,0.4892828571043726
673,673,0.07469638704060999,0.0,0.07469638704060999
674,674,0.6236204846725044,0.0,0.6236204846725044
675,675,0.7578054556375314,1.0,0.7578054556375314
676,676,0.5310804717853597,0.0,0.5310804717853597
677,677,0.8912809388601233,1.0,0.8912809388601233
678,678,0.1641238429345222,0.0,0.1641238429345222
679,679,0.2274596932318126,0.0,0.2274596932318126
680,680,0.02148706906954445,0.0,0.02148706906954445
681,681,0.029761533294916043,0.0,0.029761533294916043
682,682,0.05908899367262288,0.0,0.05908899367262288
683,683,0.5779818766317407,1.0,0.5779818766317407
684,684,0.28302064855882025,1.0,0.28302064855882025
685,685,0.9343216633372453,1.0,0.9343216633372453
686,686,0.22076474150229153,0.0,0.22076474150229153
687,687,0.7222047636016536,1.0,0.7222047636016536
688,688,0.930509996459028,1.0,0.930509996459028
689,689,0.20847549625822415,0.0,0.20847549625822415
690,690,0.6169278009315368,0.0,0.6169278009315368
691,691,0.3877272416590164,0.0,0.3877272416590164
692,692,0.7549422181119567,1.0,0.7549422181119567
693,693,0.43950453529076927,1.0,0.43950453529076927
694,694,0.8066086872648972,1.0,0.8066086872648972
695,695,0.4278180818792502,1.0,0.4278180818792502
696,696,0.3287200697710936,0.0,0.3287200697710936
697,697,0.8040671942337999,1.0,0.8040671942337999
698,698,0.2804631973150762,1.0,0.2804631973150762
699,699,0.15699526693577126,0.0,0.15699526693577126
700,700,0.614744251204788,1.0,0.614744251204788
701,701,0.977398290853353,1.0,0.977398290853353
702,702,0.6951420244386679,1.0,0.6951420244386679
703,703,0.7191738609187779,1.0,0.7191738609187779
704,704,0.07820105708195912,0.0,0.07820105708195912
705,705,0.33762914618673656,0.0,0.33762914618673656
706,706,0.48480251192613955,0.0,0.48480251192613955
707,707,0.24064807671384503,0.0,0.24064807671384503
708,708,0.1808005091330458,0.0,0.1808005091330458
709,709,0.09487617902286072,0.0,0.09487617902286072
710,710,0.055637528506398914,0.0,0.055637528506398914
711,711,0.15642939646856868,1.0,0.15642939646856868
712,712,0.7608181884633939,1.0,0.7608181884633939
713,713,0.6682339982522785,1.0,0.6682339982522785
714,714,0.11508106649520822,0.0,0.11508106649520822
715,715,0.9169161354734711,1.0,0.9169161354734711
716,716,0.07169593938580143,0.0,0.07169593938580143
717,717,0.031956244883986185,0.0,0.031956244883986185
718,718,0.6444664257217598,1.0,0.6444664257217598
719,719,0.5570476316748318,1.0,0.5570476316748318
720,720,0.6657713490533982,1.0,0.6657713490533982
721,721,0.341102634360157,0.0,0.341102634360157
722,722,0.45666833806049933,0.0,0.45666833806049933
723,723,0.6345223159129303,0.0,0.6345223159129303
724,724,0.39271628696967575,1.0,0.39271628696967575
725,725,0.6552087384008252,1.0,0.6552087384008252
726,726,0.2214573228039185,0.0,0.2214573228039185
727,727,0.25567417280525473,0.0,0.25567417280525473
728,728,0.032896108353772546,0.0,0.032896108353772546
729,729,0.7717721376205666,1.0,0.7717721376205666
730,730,0.12999145434165327,0.0,0.12999145434165327
731,731,0.9805104223023821,1.0,0.9805104223023821
732,732,0.23350397444142135,1.0,0.23350397444142135
733,733,0.39181719493796063,0.0,0.39181719493796063
734,734,0.44172642272708373,1.0,0.44172642272708373
735,735,0.4471492733003821,0.0,0.4471492733003821
736,736,0.7728066121939458,1.0,0.7728066121939458
737,737,0.4298620450282612,1.0,0.4298620450282612
738,738,0.9050033132642192,1.0,0.9050033132642192
739,739,0.5693878325531381,1.0,0.5693878325531381
740,740,0.19274108870052242,0.0,0.19274108870052242
741,741,0.5760120905239151,0.0,0.5760120905239151
742,742,0.1938242605504561,0.0,0.1938242605504561
743,743,0.5723250175943508,1.0,0.5723250175943508
744,744,0.18431685530451225,1.0,0.18431685530451225
745,745,0.09551727440235003,0.0,0.09551727440235003
746,746,0.587329298978928,0.0,0.587329298978928
747,747,0.17752648197159848,0.0,0.17752648197159848
748,748,0.34330341046941404,0.0,0.34330341046941404
749,749,0.9936976814401516,1.0,0.9936976814401516
750,750,0.8261141761261086,1.0,0.8261141761261086
751,751,0.28029873999807065,0.0,0.28029873999807065
752,752,0.2541176756766984,0.0,0.2541176756766984
753,753,0.06237428690653013,0.0,0.06237428690653013
754,754,0.5394441911599147,1.0,0.5394441911599147
755,755,0.8013238105878975,0.0,0.8013238105878975
756,756,0.2918391352212839,0.0,0.2918391352212839
757,757,0.4724888035780497,0.0,0.4724888035780497
758,758,0.6689903990028271,0.0,0.6689903990028271
759,759,0.7532110543397521,1.0,0.7532110543397521
760,760,0.356064759157403,1.0,0.356064759157403
761,761,0.7348222935588243,1.0,0.7348222935588243
762,762,0.4453363777513323,0.0,0.4453363777513323
763,763,0.05179729136609734,0.0,0.05179729136609734
764,764,0.6355928115015546,1.0,0.6355928115015546
765,765,0.1489542176752484,0.0,0.1489542176752484
766,766,0.16983748725418446,0.0,0.16983748725418446
767,767,0.28059842293711035,0.0,0.28059842293711035
768,768,0.613543967931742,0.0,0.613543967931742
769,769,0.7525937156569149,1.0,0.7525937156569149
770,770,0.7040909624657182,1.0,0.7040909624657182
771,771,0.2448083604189556,0.0,0.2448083604189556
772,772,0.4872399462202328,0.0,0.4872399462202328
773,773,0.7595198235900534,1.0,0.7595198235900534
774,774,0.08088067032876844,0.0,0.08088067032876844
775,775,0.9554657350668362,1.0,0.9554657350668362
776,776,0.20620230831452335,0.0,0.20620230831452335
777,777,0.8488381261392383,1.0,0.8488381261392383
778,778,0.6526654645399351,1.0,0.6526654645399351
779,779,0.6109725074940681,0.0,0.6109725074940681
780,780,0.43623955548599525,1.0,0.43623955548599525
781,781,0.9500937056677337,1.0,0.9500937056677337
782,782,0.8746628102575199,1.0,0.8746628102575199
783,783,0.4712532620423875,0.0,0.4712532620423875
784,784,0.11972113028301978,0.0,0.11972113028301978
785,785,0.5837411775646828,1.0,0.5837411775646828
786,786,0.6674385601016188,1.0,0.6674385601016188
787,787,0.025958261780435143,0.0,0.025958261780435143
788,788,0.6462660513083324,1.0,0.6462660513083324
789,789,0.11476530747269309,0.0,0.11476530747269309
790,790,0.8350192851921137,1.0,0.8350192851921137
791,791,0.11957290417257926,0.0,0.11957290417257926
792,792,0.9851206850317604,1.0,0.9851206850317604
793,793,0.8403425510015342,0.0,0.8403425510015342
794,794,0.21026701228499134,0.0,0.21026701228499134
795,795,0.751278094923246,1.0,0.751278094923246
796,796,0.9130449057030107,1.0,0.9130449057030107
797,797,0.3169048179279408,0.0,0.3169048179279408
798,798,0.615196835603268,1.0,0.615196835603268
799,799,0.06985078813236845,1.0,0.06985078813236845
800,800,0.1790381820639585,1.0,0.1790381820639585
801,801,0.5441050282388806,1.0,0.5441050282388806
802,802,0.6975244204097798,1.0,0.6975244204097798
803,803,0.5896783832520429,0.0,0.5896783832520429
804,804,0.04720858038434783,0.0,0.04720858038434783
805,805,0.2822879812749164,0.0,0.2822879812749164
806,806,0.160619918511399,0.0,0.160619918511399
807,807,0.37302053963425463,0.0,0.37302053963425463
808,808,0.6795335027261572,1.0,0.6795335027261572
809,809,0.9644893500813589,1.0,0.9644893500813589
810,810,0.7063603978042666,1.0,0.7063603978042666
811,811,0.16551390861027981,0.0,0.16551390861027981
812,812,0.905150700488534,1.0,0.905150700488534
813,813,0.30014746130742453,0.0,0.30014746130742453
814,814,0.7070225201500511,1.0,0.7070225201500511
815,815,0.16288929787029116,1.0,0.16288929787029116
816,816,0.851626583916148,0.0,0.851626583916148
817,817,0.39031932328585417,1.0,0.39031932328585417
818,818,0.8999666185295361,1.0,0.8999666185295361
819,819,0.32409392657802505,1.0,0.32409392657802505
820,820,0.41666287083456277,0.0,0.41666287083456277
821,821,0.3081120467391838,1.0,0.3081120467391838
822,822,0.3251821215824716,0.0,0.3251821215824716
823,823,0.11191107432004233,0.0,0.11191107432004233
824,824,0.7117727585772041,1.0,0.7117727585772041
825,825,0.7112819221375787,1.0,0.7112819221375787
826,826,0.44421407754305564,0.0,0.44421407754305564
827,827,0.31788517800833394,0.0,0.31788517800833394
828,828,0.4728842343562055,1.0,0.4728842343562055
829,829,0.3425302188430863,0.0,0.3425302188430863
830,830,0.5879028444852827,0.0,0.5879028444852827
831,831,0.4530580557296815,1.0,0.4530580557296815
832,832,0.22600265590891933,0.0,0.22600265590891933
833,833,0.4755177842805006,1.0,0.4755177842805006
834,834,0.9396074003439903,1.0,0.9396074003439903
835,835,0.02735929577880447,0.0,0.02735929577880447
836,836,0.44900778725864676,1.0,0.44900778725864676
837,837,0.7355808821033959,1.0,0.7355808821033959
838,838,0.20196150045880568,0.0,0.20196150045880568
839,839,0.5318555530587982,1.0,0.5318555530587982
840,840,0.45212713027503404,1.0,0.45212713027503404
841,841,0.8156932547845366,1.0,0.8156932547845366
842,842,0.872718577142695,1.0,0.872718577142695
843,843,0.2531738929570506,0.0,0.2531738929570506
844,844,0.2906108975033469,1.0,0.2906108975033469
845,845,0.74646086585491,1.0,0.74646086585491
846,846,0.8808070426488064,1.0,0.8808070426488064
847,847,0.746165417670325,1.0,0.746165417670325
848,848,0.6709869073943638,1.0,0.6709869073943638
849,849,0.03334999012009643,0.0,0.03334999012009643
850,850,0.5847733085902735,1.0,0.5847733085902735
851,851,0.24209559958986826,0.0,0.24209559958986826
852,852,0.20783028009056692,0.0,0.20783028009056692
853,853,0.9437552442230742,1.0,0.9437552442230742
854,854,0.6137845641144312,1.0,0.6137845641144312
855,855,0.06209471535809474,0.0,0.06209471535809474
856,856,0.43382159344359184,1.0,0.43382159344359184
857,857,0.8999189901026683,1.0,0.8999189901026683
858,858,0.2614410427602597,0.0,0.2614410427602597
859,859,0.7331346477704428,1.0,0.7331346477704428
860,860,0.7474834472548647,0.0,0.7474834472548647
861,861,0.8903552506668118,1.0,0.8903552506668118
862,862,0.42667308008180316,0.0,0.42667308008180316
863,863,0.24288642234764912,0.0,0.24288642234764912
864,864,0.42485189705436177,0.0,0.42485189705436177
865,865,0.24266899498704042,0.0,0.24266899498704042
866,866,0.47625182883353745,0.0,0.47625182883353745
867,867,0.17306739560999185,1.0,0.17306739560999185
868,868,0.5808885654440963,0.0,0.5808885654440963
869,869,0.5289676071758083,1.0,0.5289676071758083
870,870,0.7393763605141934,0.0,0.7393763605141934
871,871,0.8915767856363965,1.0,0.8915767856363965
872,872,0.21352431069220723,0.0,0.21352431069220723
873,873,0.49878304675387974,1.0,0.49878304675387974
874,874,0.5101424588877427,0.0,0.5101424588877427
875,875,0.6104168642030355,1.0,0.6104168642030355
876,876,0.7952448345590427,1.0,0.7952448345590427
877,877,0.4252158204369082,1.0,0.4252158204369082
878,878,0.32283605251341374,1.0,0.32283605251341374
879,879,0.4550918076027627,1.0,0.4550918076027627
880,880,0.8421447290735244,1.0,0.8421447290735244
881,881,0.7152687742935301,0.0,0.7152687742935301
882,882,0.7980522380712519,1.0,0.7980522380712519
883,883,0.023329094275685525,0.0,0.023329094275685525
884,884,0.6833479861992768,0.0,0.6833479861992768
885,885,0.15506052806913007,0.0,0.15506052806913007
886,886,0.7518582258585864,0.0,0.7518582258585864
887,887,0.5792960576661789,1.0,0.5792960576661789
888,888,0.7257567146210091,0.0,0.7257567146210091
889,889,0.9181307530711368,0.0,0.9181307530711368
890,890,0.4246862138565073,0.0,0.4246862138565073
891,891,0.6097011233692444,1.0,0.6097011233692444
892,892,0.0608865201511708,1.0,0.0608865201511708
893,893,0.2477680349133481,0.0,0.2477680349133481
894,894,0.19765256900168948,0.0,0.19765256900168948
895,895,0.7054614800175565,0.0,0.7054614800175565
896,896,0.7381759836971771,1.0,0.7381759836971771
897,897,0.8956439709100787,1.0,0.8956439709100787
898,898,0.8742116414496468,1.0,0.8742116414496468
899,899,0.49107647471060367,0.0,0.49107647471060367
900,900,0.7897946808298892,1.0,0.7897946808298892
901,901,0.8873772865947953,1.0,0.8873772865947953
902,902,0.46300362712830545,0.0,0.46300362712830545
903,903,0.1419283649900449,0.0,0.1419283649900449
904,904,0.558067700619135,1.0,0.558067700619135
905,905,0.6315951301575847,0.0,0.6315951301575847
906,906,0.004507759726707916,0.0,0.004507759726707916
907,907,0.6504105960886248,1.0,0.6504105960886248
908,908,0.15313909601053066,1.0,0.15313909601053066
909,909,0.8603794075395689,1.0,0.8603794075395689
910,910,0.907629919022691,1.0,0.907629919022691
911,911,0.1258208490249274,1.0,0.1258208490249274
912,912,0.217171225944915,0.0,0.217171225944915
913,913,0.45490184615445783,0.0,0.45490184615445783
914,914,0.7730905806677274,0.0,0.7730905806677274
915,915,0.7579334398422348,0.0,0.7579334398422348
916,916,0.09999564777892023,0.0,0.09999564777892023
917,917,0.9969465937051573,1.0,0.9969465937051573
918,918,0.3153718531327965,0.0,0.3153718531327965
919,919,0.5605143536068933,1.0,0.5605143536068933
920,920,0.46827549327094553,0.0,0.46827549327094553
921,921,0.15155157712454947,0.0,0.15155157712454947
922,922,0.1866757374078366,1.0,0.1866757374078366
923,923,0.461706826121534,0.0,0.461706826121534
924,924,0.15352876500649815,0.0,0.15352876500649815
925,925,0.7790908376351432,1.0,0.7790908376351432
926,926,0.7927354123570525,1.0,0.7927354123570525
927,927,0.8644523666800528,1.0,0.8644523666800528
928,928,0.16747248258673297,0.0,0.16747248258673297
929,929,0.6493322999577996,1.0,0.6493322999577996
930,930,0.8654357847346844,1.0,0.8654357847346844
931,931,0.9165334090640767,1.0,0.9165334090640767
932,932,0.3250911878441468,0.0,0.3250911878441468
933,933,0.8274262463234506,1.0,0.8274262463234506
934,934,0.8648999130265392,1.0,0.8648999130265392
935,935,0.29387400312895406,0.0,0.29387400312895406
936,936,0.039036514401617484,0.0,0.039036514401617484
937,937,0.21840021774233054,0.0,0.21840021774233054
938,938,0.02101236662665318,0.0,0.02101236662665318
939,939,0.26973235365315595,0.0,0.26973235365315595
940,940,0.9898997751315716,1.0,0.9898997751315716
941,941,0.25688521521306396,1.0,0.25688521521306396
942,942,0.6372093965453834,0.0,0.6372093965453834
943,943,0.46589262164676426,0.0,0.46589262164676426
944,944,0.2832225312568766,1.0,0.2832225312568766
945,945,0.14080014667843355,1.0,0.14080014667843355
946,946,0.7053816186776066,1.0,0.7053816186776066
947,947,0.35988958274855964,0.0,0.35988958274855964
948,948,0.8603102011923105,1.0,0.8603102011923105
949,949,0.1806638032886979,0.0,0.1806638032886979
950,950,0.29086843200817913,0.0,0.29086843200817913
951,951,0.2262544089925297,1.0,0.2262544089925297
952,952,0.3100548051884391,0.0,0.3100548051884391
953,953,0.09228677914840044,0.0,0.09228677914840044
954,954,0.9883756252929197,1.0,0.9883756252929197
955,955,0.35280466031406044,0.0,0.35280466031406044
956,956,0.05698254752838061,0.0,0.05698254752838061
957,957,0.6629992521974595,1.0,0.6629992521974595
958,958,0.6719953559501322,1.0,0.6719953559501322
959,959,0.5226353783155006,1.0,0.5226353783155006
960,960,0.48559665834437393,1.0,0.48559665834437393
961,961,0.6117694759976312,1.0,0.6117694759976312
962,962,0.11463396895545708,0.0,0.11463396895545708
963,963,0.3414490290561184,0.0,0.3414490290561184
964,964,0.9774811850657613,1.0,0.9774811850657613
965,965,0.41907476313423675,1.0,0.41907476313423675
966,966,0.29936723652579533,0.0,0.29936723652579533
967,967,0.835983270949716,1.0,0.835983270949716
968,968,0.7031434153607772,1.0,0.7031434153607772
969,969,0.20719218137643824,0.0,0.20719218137643824
970,970,0.134723280488402,0.0,0.134723280488402
971,971,0.252372415154545,0.0,0.252372415154545
972,972,0.4613395609725066,0.0,0.4613395609725066
973,973,0.038345455780492754,0.0,0.038345455780492754
974,974,0.4441518710984538,0.0,0.4441518710984538
975,975,0.12079087510647446,1.0,0.12079087510647446
976,976,0.9058620912745367,1.0,0.9058620912745367
977,977,0.831131245388416,1.0,0.831131245388416
978,978,0.29173956558606395,0.0,0.29173956558606395
979,979,0.4026146183017012,0.0,0.4026146183017012
980,980,0.7111593687046255,1.0,0.7111593687046255
981,981,0.6387038971495367,1.0,0.6387038971495367
982,982,0.07947254824650629,0.0,0.07947254824650629
983,983,0.007646649330980693,0.0,0.007646649330980693
984,984,0.40300275914562367,1.0,0.40300275914562367
985,985,0.8835047002630005,1.0,0.8835047002630005
986,986,0.12392014472342183,0.0,0.12392014472342183
987,987,0.8699859844564889,1.0,0.8699859844564889
988,988,0.8732845777656085,1.0,0.8732845777656085
989,989,0.12975116510318896,0.0,0.12975116510318896
990,990,0.8119489633517403,1.0,0.8119489633517403
991,991,0.08224620312506636,0.0,0.08224620312506636
992,992,0.3011783023995305,1.0,0.3011783023995305
993,993,0.3667867278173902,0.0,0.3667867278173902
994,994,0.3819238602750754,0.0,0.3819238602750754
995,995,0.7579667224042008,1.0,0.7579667224042008
996,996,0.6617499459722076,1.0,0.6617499459722076
997,997,0.07748289027338784,0.0,0.07748289027338784
998,998,0.5467433872312248,1.0,0.5467433872312248
999,999,0.47857453118219917,1.0,0.47857453118219917
1000,1000,0.7174528290046731,1.0,0.7174528290046731
1001,1001,0.9181632326250421,1.0,0.9181632326250421
1002,1002,0.4070235347176636,0.0,0.4070235347176636
1003,1003,0.4852321447618879,0.0,0.4852321447618879
1004,1004,0.4650019049133902,0.0,0.4650019049133902
1005,1005,0.42955986090437936,0.0,0.42955986090437936
1006,1006,0.6234711153657384,1.0,0.6234711153657384
1007,1007,0.9381018598180553,1.0,0.9381018598180553
1008,1008,0.3392879388173189,0.0,0.3392879388173189
1009,1009,0.7323864204764808,1.0,0.7323864204764808
1010,1010,0.7523272952038237,1.0,0.7523272952038237
1011,1011,0.8479547122605285,1.0,0.8479547122605285
1012,1012,0.6153516346506193,0.0,0.6153516346506193
1013,1013,0.6025891924870528,0.0,0.6025891924870528
1014,1014,0.2199345408326726,1.0,0.2199345408326726
1015,1015,0.8227630699336431,1.0,0.8227630699336431
1016,1016,0.0884206086071716,0.0,0.0884206086071716
1017,1017,0.7633316417503806,1.0,0.7633316417503806
1018,1018,0.18011672675248214,1.0,0.18011672675248214
1019,1019,0.7162640486887417,1.0,0.7162640486887417
1020,1020,0.9991023717678381,1.0,0.9991023717678381
1021,1021,0.9300172435474651,1.0,0.9300172435474651
1022,1022,0.08492755778020133,0.0,0.08492755778020133
1023,1023,0.7065987879876643,1.0,0.7065987879876643
1024,1024,0.09601921682055914,0.0,0.09601921682055914
1025,1025,0.8690771362621514,1.0,0.8690771362621514
1026,1026,0.731469123926195,1.0,0.731469123926195
1027,1027,0.18149615071960123,0.0,0.18149615071960123
1028,1028,0.16771685036044848,0.0,0.16771685036044848
1029,1029,0.11562838617140103,0.0,0.11562838617140103
1030,1030,0.08172324244025808,0.0,0.08172324244025808
1031,1031,0.8721956342597151,1.0,0.8721956342597151
1032,1032,0.6959555283523087,1.0,0.6959555283523087
1033,1033,0.3063444456082207,1.0,0.3063444456082207
1034,1034,0.4095976363174991,0.0,0.4095976363174991
1035,1035,0.710366517939168,1.0,0.710366517939168
1036,1036,0.47893899221336467,0.0,0.47893899221336467
1037,1037,0.1494302987406646,0.0,0.1494302987406646
1038,1038,0.09429805314362782,0.0,0.09429805314362782
1039,1039,0.7702615613172707,1.0,0.7702615613172707
1040,1040,0.39437904125682544,1.0,0.39437904125682544
1041,1041,0.8528751840355441,1.0,0.8528751840355441
1042,1042,0.2983949195613429,0.0,0.2983949195613429
1043,1043,0.24419261907991363,0.0,0.24419261907991363
1044,1044,0.7763888862004338,1.0,0.7763888862004338
1045,1045,0.7763745674193536,1.0,0.7763745674193536
1046,1046,0.7305644127892955,1.0,0.7305644127892955
1047,1047,0.4807787773074851,0.0,0.4807787773074851
1048,1048,0.728262561847444,1.0,0.728262561847444
1049,1049,0.598184107960397,1.0,0.598184107960397
1050,1050,0.7074478839902884,1.0,0.7074478839902884
1051,1051,0.8694244801129691,0.0,0.8694244801129691
1052,1052,0.494476634968823,1.0,0.494476634968823
1053,1053,0.7201995037453401,1.0,0.7201995037453401
1054,1054,0.28101138879255116,0.0,0.28101138879255116
1055,1055,0.878948562365907,0.0,0.878948562365907
1056,1056,0.8784649767626964,1.0,0.8784649767626964
1057,1057,0.9950124751447257,1.0,0.9950124751447257
1058,1058,0.7223671657328504,1.0,0.7223671657328504
1059,1059,0.9619158146753823,1.0,0.9619158146753823
1060,1060,0.6506261610090792,1.0,0.6506261610090792
1061,1061,0.9557747456079742,0.0,0.9557747456079742
1062,1062,0.7333043545884844,1.0,0.7333043545884844
1063,1063,0.4430753857225237,0.0,0.4430753857225237
1064,1064,0.8000549325573713,0.0,0.8000549325573713
1065,1065,0.09397354780424372,0.0,0.09397354780424372
1066,1066,0.6511918346362882,1.0,0.6511918346362882
1067,1067,0.3978872239242425,0.0,0.3978872239242425
1068,1068,0.18559314021285633,0.0,0.18559314021285633
1069,1069,0.010078705928657561,0.0,0.010078705928657561
1070,1070,0.09350667744620178,0.0,0.09350667744620178
1071,1071,0.07938952882556072,0.0,0.07938952882556072
1072,1072,0.16947744660522268,0.0,0.16947744660522268
1073,1073,0.5564717746602956,1.0,0.5564717746602956
1074,1074,0.9511287271016191,1.0,0.9511287271016191
1075,1075,0.367720478051039,0.0,0.367720478051039
1076,1076,0.11897949724888568,0.0,0.11897949724888568
1077,1077,0.1755922615489922,0.0,0.1755922615489922
1078,1078,0.21385648712608074,0.0,0.21385648712608074
1079,1079,0.12308050736174592,0.0,0.12308050736174592
1080,1080,0.1919658552817769,1.0,0.1919658552817769
1081,1081,0.9748228739452721,1.0,0.9748228739452721
1082,1082,0.14716995225704144,0.0,0.14716995225704144
1083,1083,0.9480522542983959,1.0,0.9480522542983959
1084,1084,0.6964392193134478,1.0,0.6964392193134478
1085,1085,0.7832057108756891,1.0,0.7832057108756891
1086,1086,0.4509370122493521,0.0,0.4509370122493521
1087,1087,0.3347054620624341,1.0,0.3347054620624341
1088,1088,0.04626142776712061,0.0,0.04626142776712061
1089,1089,0.3843209872785823,0.0,0.3843209872785823
1090,1090,0.848259327890032,1.0,0.848259327890032
1091,1091,0.9739676832624241,1.0,0.9739676832624241
1092,1092,0.008432434328339955,0.0,0.008432434328339955
1093,1093,0.4779109133890239,1.0,0.4779109133890239
1094,1094,0.11026342717540727,0.0,0.11026342717540727
1095,1095,0.696301303774254,1.0,0.696301303774254
1096,1096,0.5348650147998036,0.0,0.5348650147998036
1097,1097,0.23176230421357613,0.0,0.23176230421357613
1098,1098,0.9070392474006208,1.0,0.9070392474006208
1099,1099,0.35376160547729063,0.0,0.35376160547729063
1100,1100,0.07675639693717462,0.0,0.07675639693717462
1101,1101,0.3285620820014309,1.0,0.3285620820014309
1102,1102,0.3698168207017366,0.0,0.3698168207017366
1103,1103,0.9015303983156153,1.0,0.9015303983156153
1104,1104,0.7256185330312543,1.0,0.7256185330312543
1105,1105,0.5958006979183674,1.0,0.5958006979183674
1106,1106,0.5441703463539912,1.0,0.5441703463539912
1107,1107,0.13222582220516077,0.0,0.13222582220516077
1108,1108,0.6504992772196397,1.0,0.6504992772196397
1109,1109,0.21445995754056013,0.0,0.21445995754056013
1110,1110,0.25795096969974896,0.0,0.25795096969974896
1111,1111,0.5060414605323237,1.0,0.5060414605323237
1112,1112,0.8283943122369836,1.0,0.8283943122369836
1113,1113,0.2684482308548899,0.0,0.2684482308548899
1114,1114,0.6130353671294373,0.0,0.6130353671294373
1115,1115,0.8721139400186466,1.0,0.8721139400186466
1116,1116,0.30985724437051,0.0,0.30985724437051
1117,1117,0.8500374066837244,1.0,0.8500374066837244
1118,1118,0.9249236738683693,1.0,0.9249236738683693
1119,1119,0.46539734195218063,0.0,0.46539734195218063
1120,1120,0.6933806742625929,1.0,0.6933806742625929
1121,1121,0.9653003988912144,1.0,0.9653003988912144
1122,1122,0.9928831129218968,1.0,0.9928831129218968
1123,1123,0.5914594608207602,1.0,0.5914594608207602
1124,1124,0.31484854910081994,0.0,0.31484854910081994
1125,1125,0.006403962463534474,0.0,0.006403962463534474
1126,1126,0.03256962670752328,0.0,0.03256962670752328
1127,1127,0.40024347946282857,0.0,0.40024347946282857
1128,1128,0.7280748302473243,1.0,0.7280748302473243
1129,1129,0.9837317072966997,1.0,0.9837317072966997
1130,1130,0.6287634651453516,0.0,0.6287634651453516
1131,1131,0.4930680126224182,1.0,0.4930680126224182
1132,1132,0.8104939690168036,0.0,0.8104939690168036
1133,1133,0.9978882328397073,1.0,0.9978882328397073
1134,1134,0.44015845102480566,1.0,0.44015845102480566
1135,1135,0.9551689739962927,1.0,0.9551689739962927
1136,1136,0.39142421254353554,0.0,0.39142421254353554
1137,1137,0.1657547949120879,0.0,0.1657547949120879
1138,1138,0.282359060385321,0.0,0.282359060385321
1139,1139,0.3759243315580709,0.0,0.3759243315580709
1140,1140,0.8772028068946031,1.0,0.8772028068946031
1141,1141,0.15706222461816532,0.0,0.15706222461816532
1142,1142,0.44557091817849404,0.0,0.44557091817849404
1143,1143,0.9885726565161315,1.0,0.9885726565161315
1144,1144,0.4733638613935226,0.0,0.4733638613935226
1145,1145,0.14252976515230875,0.0,0.14252976515230875
1146,1146,0.9474286517016841,1.0,0.9474286517016841
1147,1147,0.2031082123896537,0.0,0.2031082123896537
1148,1148,0.7973638681755223,0.0,0.7973638681755223
1149,1149,0.7973196034939959,1.0,0.7973196034939959
1150,1150,0.178976381896358,0.0,0.178976381896358
1151,1151,0.5714308795474078,0.0,0.5714308795474078
1152,1152,0.16138772656618983,0.0,0.16138772656618983
1153,1153,0.9289192365955355,1.0,0.9289192365955355
1154,1154,0.475314206115491,1.0,0.475314206115491
1155,1155,0.22352789973095333,1.0,0.22352789973095333
1156,1156,0.24548961465084262,1.0,0.24548961465084262
1157,1157,0.439404753084078,1.0,0.439404753084078
1158,1158,0.6165947762859556,1.0,0.6165947762859556
1159,1159,0.8982329707428061,1.0,0.8982329707428061
1160,1160,0.25162981471897483,1.0,0.25162981471897483
1161,1161,0.0909888832452509,0.0,0.0909888832452509
1162,1162,0.08483467715817172,0.0,0.08483467715817172
1163,1163,0.6012622328684601,0.0,0.6012622328684601
1164,1164,0.1543652896674168,1.0,0.1543652896674168
1165,1165,0.8624327066133001,1.0,0.8624327066133001
1166,1166,0.9817752607719935,1.0,0.9817752607719935
1167,1167,0.010520660463619325,0.0,0.010520660463619325
1168,1168,0.6249295750348006,0.0,0.6249295750348006
1169,1169,0.8999166090438528,0.0,0.8999166090438528
1170,1170,0.34124152218808224,0.0,0.34124152218808224
1171,1171,0.21272683940701786,0.0,0.21272683940701786
1172,1172,0.5810173226676547,0.0,0.5810173226676547
1173,1173,0.9005580710822263,1.0,0.9005580710822263
1174,1174,0.6611028342602547,1.0,0.6611028342602547
1175,1175,0.10316238529825783,0.0,0.10316238529825783
1176,1176,0.67458223496743,1.0,0.67458223496743
1177,1177,0.36879390819695335,0.0,0.36879390819695335
1178,1178,0.11414220662157437,0.0,0.11414220662157437
1179,1179,0.4847059978293372,1.0,0.4847059978293372
1180,1180,0.4163835616642765,0.0,0.4163835616642765
1181,1181,0.7655766942008196,1.0,0.7655766942008196
1182,1182,0.5791064604490321,1.0,0.5791064604490321
1183,1183,0.002260327506393711,0.0,0.002260327506393711
1184,1184,0.3201717052000621,0.0,0.3201717052000621
1185,1185,0.6955018273668134,0.0,0.6955018273668134
1186,1186,0.5878317418539623,1.0,0.5878317418539623
1187,1187,0.6963431687537687,1.0,0.6963431687537687
1188,1188,0.4941515917905399,0.0,0.4941515917905399
1189,1189,0.9238134275230881,1.0,0.9238134275230881
1190,1190,0.981519294419636,1.0,0.981519294419636
1191,1191,0.5378645264217999,0.0,0.5378645264217999
1192,1192,0.8862048020797113,1.0,0.8862048020797113
1193,1193,0.20296191561251853,0.0,0.20296191561251853
1194,1194,0.4169224186896845,1.0,0.4169224186896845
1195,1195,0.07565863965148922,0.0,0.07565863965148922
1196,1196,0.6094973253202056,1.0,0.6094973253202056
1197,1197,0.3561829077170865,1.0,0.3561829077170865
1198,1198,0.01835604637369026,0.0,0.01835604637369026
1199,1199,0.5875208872638328,1.0,0.5875208872638328
1200,1200,0.5818594733288655,0.0,0.5818594733288655
1201,1201,0.842750861001065,1.0,0.842750861001065
1202,1202,0.015610879729190064,0.0,0.015610879729190064
1203,1203,0.47991688809555844,0.0,0.47991688809555844
1204,1204,0.8892748771709169,0.0,0.8892748771709169
1205,1205,0.26950383852038295,0.0,0.26950383852038295
1206,1206,0.8429336969608635,1.0,0.8429336969608635
1207,1207,0.5667224550713067,0.0,0.5667224550713067
1208,1208,0.3683390817043445,0.0,0.3683390817043445
1209,1209,0.8013108951282801,1.0,0.8013108951282801
1210,1210,0.7272566187568806,1.0,0.7272566187568806
1211,1211,0.7466334871506206,0.0,0.7466334871506206
1212,1212,0.3356594619984252,0.0,0.3356594619984252
1213,1213,0.38222659829630645,0.0,0.38222659829630645
1214,1214,0.6473145742705281,1.0,0.6473145742705281
1215,1215,0.3834869884086113,0.0,0.3834869884086113
1216,1216,0.8959339185500167,1.0,0.8959339185500167
1217,1217,0.19789769076393493,0.0,0.19789769076393493
1218,1218,0.5120675330829674,0.0,0.5120675330829674
1219,1219,0.7627002832136754,1.0,0.7627002832136754
1220,1220,0.5311712632711655,1.0,0.5311712632711655
1221,1221,0.11694333071466667,0.0,0.11694333071466667
1222,1222,0.8308607246319301,1.0,0.8308607246319301
1223,1223,0.9245534427962152,1.0,0.9245534427962152
1224,1224,0.10282218836441648,0.0,0.10282218836441648
1225,1225,0.5666898738014209,1.0,0.5666898738014209
1226,1226,0.6939611876867618,0.0,0.6939611876867618
1227,1227,0.06905163552018456,0.0,0.06905163552018456
1228,1228,0.9883287039088502,1.0,0.9883287039088502
1229,1229,0.37991440135678767,0.0,0.37991440135678767
1230,1230,0.946748338101938,1.0,0.946748338101938
1231,1231,0.6131983054753994,1.0,0.6131983054753994
1232,1232,0.5670043719146269,0.0,0.5670043719146269
1233,1233,0.6644786165266212,1.0,0.6644786165266212
1234,1234,0.05898975193610978,0.0,0.05898975193610978
1235,1235,0.41875192412553774,1.0,0.41875192412553774
1236,1236,0.6898341695132565,0.0,0.6898341695132565
1237,1237,0.8011154310364795,1.0,0.8011154310364795
1238,1238,0.7875078725324234,1.0,0.7875078725324234
1239,1239,0.0661205416460543,0.0,0.0661205416460543
1240,1240,0.7855888389458587,1.0,0.7855888389458587
1241,1241,0.32701962696857645,0.0,0.32701962696857645
1242,1242,0.2869043038378978,1.0,0.2869043038378978
1243,1243,0.6505734255333926,1.0,0.6505734255333926
1244,1244,0.44672719663021876,0.0,0.44672719663021876
1245,1245,0.9749538579650826,1.0,0.9749538579650826
1246,1246,0.10381876995488115,0.0,0.10381876995488115
1247,1247,0.37153189384296514,0.0,0.37153189384296514
1248,1248,0.9662162465087268,1.0,0.9662162465087268
1249,1249,0.9982989376219955,1.0,0.9982989376219955
1250,1250,0.5064663143962508,1.0,0.5064663143962508
1251,1251,0.8018128232817664,1.0,0.8018128232817664
1252,1252,0.059352130349609955,0.0,0.059352130349609955
1253,1253,0.6279410340490843,1.0,0.6279410340490843
1254,1254,0.7902161889202196,1.0,0.7902161889202196
1255,1255,0.7551008112290671,1.0,0.7551008112290671
1256,1256,0.4558425077125988,0.0,0.4558425077125988
1257,1257,0.1114493265794998,0.0,0.1114493265794998
1258,1258,0.5297206746015842,1.0,0.5297206746015842
1259,1259,0.16136633299979264,0.0,0.16136633299979264
1260,1260,0.41712295794007526,0.0,0.41712295794007526
1261,1261,0.6727016405544269,1.0,0.6727016405544269
1262,1262,0.09922476854947426,0.0,0.09922476854947426
1263,1263,0.5012752771464599,1.0,0.5012752771464599
1264,1264,0.5301485797340656,1.0,0.5301485797340656
1265,1265,0.2498155340652739,1.0,0.2498155340652739
1266,1266,0.7086504415669559,1.0,0.7086504415669559
1267,1267,0.45772765893641487,0.0,0.45772765893641487
1268,1268,0.5037357953490172,0.0,0.5037357953490172
1269,1269,0.5850942689117611,0.0,0.5850942689117611
1270,1270,0.6685101086616754,1.0,0.6685101086616754
1271,1271,0.08106701963402241,0.0,0.08106701963402241
1272,1272,0.7196426601863501,0.0,0.7196426601863501
1273,1273,0.1079147498991806,0.0,0.1079147498991806
1274,1274,0.7952295230395505,1.0,0.7952295230395505
1275,1275,0.3690707750974924,0.0,0.3690707750974924
1276,1276,0.11795209086780545,0.0,0.11795209086780545
1277,1277,0.7991658269190545,1.0,0.7991658269190545
1278,1278,0.4824614753596559,0.0,0.4824614753596559
1279,1279,0.30572159692228307,1.0,0.30572159692228307
1280,1280,0.49672020096858005,0.0,0.49672020096858005
1281,1281,0.5383525068417732,1.0,0.5383525068417732
1282,1282,0.4836011231112689,1.0,0.4836011231112689
1283,1283,0.7574876208656294,1.0,0.7574876208656294
1284,1284,0.43814026098303294,0.0,0.43814026098303294
1285,1285,0.06156795853338204,0.0,0.06156795853338204
1286,1286,0.7893652868875856,1.0,0.7893652868875856
1287,1287,0.6676814983698351,1.0,0.6676814983698351
1288,1288,0.49135201745045387,0.0,0.49135201745045387
1289,1289,0.07406634285351033,1.0,0.07406634285351033
1290,1290,0.9514504708344956,1.0,0.9514504708344956
1291,1291,0.45874445020539834,0.0,0.45874445020539834
1292,1292,0.5416290825110229,1.0,0.5416290825110229
1293,1293,0.06306286517475757,0.0,0.06306286517475757
1294,1294,0.1900208756273769,0.0,0.1900208756273769
1295,1295,0.7370492759119495,0.0,0.7370492759119495
1296,1296,0.051682931587224035,0.0,0.051682931587224035
1297,1297,0.6884713806738223,1.0,0.6884713806738223
1298,1298,0.8301849337010672,0.0,0.8301849337010672
1299,1299,0.7914755679533306,1.0,0.7914755679533306
1300,1300,0.3818580028998262,0.0,0.3818580028998262
1301,1301,0.9842623864296154,1.0,0.9842623864296154
1302,1302,0.460080661000431,0.0,0.460080661000431
1303,1303,0.09668009778230569,0.0,0.09668009778230569
1304,1304,0.1661166123386456,0.0,0.1661166123386456
1305,1305,0.6745393545871047,1.0,0.6745393545871047
1306,1306,0.049572097695111283,0.0,0.049572097695111283
1307,1307,0.7119802233842805,1.0,0.7119802233842805
1308,1308,0.655114707022221,0.0,0.655114707022221
1309,1309,0.5845153334634111,1.0,0.5845153334634111
1310,1310,0.6955440916567163,1.0,0.6955440916567163
1311,1311,0.8823011612091395,1.0,0.8823011612091395
1312,1312,0.3839563300321248,1.0,0.3839563300321248
1313,1313,0.6636796751524611,1.0,0.6636796751524611
1314,1314,0.43263381304454185,0.0,0.43263381304454185
1315,1315,0.06691421996415192,0.0,0.06691421996415192
1316,1316,0.3793138114306348,0.0,0.3793138114306348
1317,1317,0.6935400903610333,1.0,0.6935400903610333
1318,1318,0.683692352075228,1.0,0.683692352075228
1319,1319,0.15640985739325586,1.0,0.15640985739325586
1320,1320,0.4002626698789802,1.0,0.4002626698789802
1321,1321,0.29680112586240204,1.0,0.29680112586240204
1322,1322,0.9466434312802677,1.0,0.9466434312802677
1323,1323,0.40954744324519887,0.0,0.40954744324519887
1324,1324,0.41327183183930316,0.0,0.41327183183930316
1325,1325,0.45403302502843323,0.0,0.45403302502843323
1326,1326,0.12217960243935755,0.0,0.12217960243935755
1327,1327,0.7117959434156775,1.0,0.7117959434156775
1328,1328,0.9052833909397943,1.0,0.9052833909397943
1329,1329,0.22739627359654935,0.0,0.22739627359654935
1330,1330,0.47290535453948823,1.0,0.47290535453948823
1331,1331,0.23615900550361923,0.0,0.23615900550361923
1332,1332,0.0346373913333522,0.0,0.0346373913333522
1333,1333,0.15074885773691316,0.0,0.15074885773691316
1334,1334,0.6646452737714288,1.0,0.6646452737714288
1335,1335,0.2585399693302435,1.0,0.2585399693302435
1336,1336,0.31216727177552195,0.0,0.31216727177552195
1337,1337,0.613626438711029,0.0,0.613626438711029
1338,1338,0.6703376064467303,1.0,0.6703376064467303
1339,1339,0.8162333460158309,1.0,0.8162333460158309
1340,1340,0.6103481048766544,1.0,0.6103481048766544
1341,1341,0.0030314991220471432,0.0,0.0030314991220471432
1342,1342,0.031873685661132356,0.0,0.031873685661132356
1343,1343,0.2338454496549649,1.0,0.2338454496549649
1344,1344,0.6743235181631033,1.0,0.6743235181631033
1345,1345,0.3543795891605419,0.0,0.3543795891605419
1346,1346,0.38432293586529387,0.0,0.38432293586529387
1347,1347,0.27682851094661565,1.0,0.27682851094661565
1348,1348,0.9129157756632597,1.0,0.9129157756632597
1349,1349,0.21191052379508135,1.0,0.21191052379508135
1350,1350,0.7300389124705151,1.0,0.7300389124705151
1351,1351,0.5371642683310365,1.0,0.5371642683310365
1352,1352,0.029230779335394197,0.0,0.029230779335394197
1353,1353,0.02837754183083563,0.0,0.02837754183083563
1354,1354,0.08800466275410523,0.0,0.08800466275410523
1355,1355,0.9989025391378558,1.0,0.9989025391378558
1356,1356,0.7184679460703749,1.0,0.7184679460703749
1357,1357,0.5470998635819203,0.0,0.5470998635819203
1358,1358,0.8242296978424635,1.0,0.8242296978424635
1359,1359,0.6549843302486912,0.0,0.6549843302486912
1360,1360,0.4083692418998326,0.0,0.4083692418998326
1361,1361,0.2770781967816972,0.0,0.2770781967816972
1362,1362,0.33965060220745624,0.0,0.33965060220745624
1363,1363,0.08269141664256385,0.0,0.08269141664256385
1364,1364,0.6635141717165045,1.0,0.6635141717165045
1365,1365,0.1639990817596183,0.0,0.1639990817596183
1366,1366,0.741418062433586,1.0,0.741418062433586
1367,1367,0.8402060551483763,1.0,0.8402060551483763
1368,1368,0.896454436745885,1.0,0.896454436745885
1369,1369,0.26224689912158006,0.0,0.26224689912158006
1370,1370,0.9130108141752258,1.0,0.9130108141752258
1371,1371,0.588732336567238,0.0,0.588732336567238
1372,1372,0.47400982374669476,0.0,0.47400982374669476
1373,1373,0.8359354931574023,1.0,0.8359354931574023
1374,1374,0.5006644290022593,1.0,0.5006644290022593
1375,1375,0.19926536248294358,0.0,0.19926536248294358
1376,1376,0.6295807716517068,0.0,0.6295807716517068
1377,1377,0.909437022482437,1.0,0.909437022482437
1378,1378,0.16010260824865208,0.0,0.16010260824865208
1379,1379,0.629221492081914,0.0,0.629221492081914
1380,1380,0.5213190350359181,0.0,0.5213190350359181
1381,1381,0.69443035323278,1.0,0.69443035323278
1382,1382,0.11113304441011895,0.0,0.11113304441011895
1383,1383,0.39053157250239545,1.0,0.39053157250239545
1384,1384,0.9042371639426039,1.0,0.9042371639426039
1385,1385,0.6047618678973904,0.0,0.6047618678973904
1386,1386,0.046732866402371176,0.0,0.046732866402371176
1387,1387,0.31620439748249796,0.0,0.31620439748249796
1388,1388,0.05962836821810924,0.0,0.05962836821810924
1389,1389,0.15614017386238066,0.0,0.15614017386238066
1390,1390,0.8259224770173883,1.0,0.8259224770173883
1391,1391,0.1660995529260565,0.0,0.1660995529260565
1392,1392,0.5756503357063684,0.0,0.5756503357063684
1393,1393,0.2706463020880233,1.0,0.2706463020880233
1394,1394,0.407283525492817,1.0,0.407283525492817
1395,1395,0.6217265104972737,0.0,0.6217265104972737
1396,1396,0.22456212561125588,0.0,0.22456212561125588
1397,1397,0.9737738041746896,1.0,0.9737738041746896
1398,1398,0.9271461253750652,1.0,0.9271461253750652
1399,1399,0.8568972417145126,0.0,0.8568972417145126
1400,1400,0.1759960726722677,0.0,0.1759960726722677
1401,1401,0.8849091197511944,1.0,0.8849091197511944
1402,1402,0.3014390228304027,0.0,0.3014390228304027
1403,1403,0.20546190422687316,0.0,0.20546190422687316
1404,1404,0.9321414687316809,1.0,0.9321414687316809
1405,1405,0.007787706371188974,0.0,0.007787706371188974
1406,1406,0.5249086449121528,0.0,0.5249086449121528
1407,1407,0.016714534667343517,0.0,0.016714534667343517
1408,1408,0.4127673226491585,0.0,0.4127673226491585
1409,1409,0.6803509415672009,1.0,0.6803509415672009
1410,1410,0.18282117053149283,0.0,0.18282117053149283
1411,1411,0.09297912732838642,0.0,0.09297912732838642
1412,1412,0.6326946983926345,1.0,0.6326946983926345
1413,1413,0.4277468888421462,1.0,0.4277468888421462
1414,1414,0.8360482151558165,1.0,0.8360482151558165
1415,1415,0.979621245856429,1.0,0.979621245856429
1416,1416,0.7943341023481773,1.0,0.7943341023481773
1417,1417,0.8752545514206195,1.0,0.8752545514206195
1418,1418,0.5847052277163873,0.0,0.5847052277163873
1419,1419,0.4699346463830347,1.0,0.4699346463830347
1420,1420,0.05927893636021031,0.0,0.05927893636021031
1421,1421,0.5199692272779771,0.0,0.5199692272779771
1422,1422,0.2698788543608801,0.0,0.2698788543608801
1423,1423,0.8614498193592312,1.0,0.8614498193592312
1424,1424,0.1539350346440459,0.0,0.1539350346440459
1425,1425,0.8670087387500494,1.0,0.8670087387500494
1426,1426,0.6816097333947266,1.0,0.6816097333947266
1427,1427,0.4151276974729785,0.0,0.4151276974729785
1428,1428,0.8967563399286683,1.0,0.8967563399286683
1429,1429,0.3659013529685833,0.0,0.3659013529685833
1430,1430,0.6322460750096585,1.0,0.6322460750096585
1431,1431,0.954111006484444,0.0,0.954111006484444
1432,1432,0.6032801089630861,0.0,0.6032801089630861
1433,1433,0.5043718418638062,0.0,0.5043718418638062
1434,1434,0.8237248031174705,0.0,0.8237248031174705
1435,1435,0.30818116817048036,0.0,0.30818116817048036
1436,1436,0.8353693961934254,0.0,0.8353693961934254
1437,1437,0.5576031358761547,1.0,0.5576031358761547
1438,1438,0.8681981273941937,1.0,0.8681981273941937
1439,1439,0.48480718543041235,0.0,0.48480718543041235
1440,1440,0.35356556201476197,0.0,0.35356556201476197
1441,1441,0.01246605326142003,0.0,0.01246605326142003
1442,1442,0.5503084534197683,0.0,0.5503084534197683
1443,1443,0.4405540873495968,1.0,0.4405540873495968
1444,1444,0.13459899728453673,0.0,0.13459899728453673
1445,1445,0.02070637291717181,0.0,0.02070637291717181
1446,1446,0.5278370620387454,0.0,0.5278370620387454
1447,1447,0.4986774540772193,0.0,0.4986774540772193
1448,1448,0.6296812145087473,0.0,0.6296812145087473
1449,1449,0.3607080104704323,0.0,0.3607080104704323
1450,1450,0.060661601235027285,0.0,0.060661601235027285
1451,1451,0.9076604590251328,1.0,0.9076604590251328
1452,1452,0.24402676435497217,1.0,0.24402676435497217
1453,1453,0.8219610752512978,1.0,0.8219610752512978
1454,1454,0.2704605471432392,0.0,0.2704605471432392
1455,1455,0.6035291158825407,0.0,0.6035291158825407
1456,1456,0.6401290512502514,0.0,0.6401290512502514
1457,1457,0.126411491412163,0.0,0.126411491412163
1458,1458,0.08284427629971458,0.0,0.08284427629971458
1459,1459,0.12786046361913517,0.0,0.12786046361913517
1460,1460,0.7469199653136425,0.0,0.7469199653136425
1461,1461,0.2355906059485796,0.0,0.2355906059485796
1462,1462,0.9137054420537859,1.0,0.9137054420537859
1463,1463,0.2187711334561413,0.0,0.2187711334561413
1464,1464,0.5572536568998603,1.0,0.5572536568998603
1465,1465,0.882196010421145,1.0,0.882196010421145
1466,1466,0.48212311177812395,0.0,0.48212311177812395
1467,1467,0.5597024679766741,1.0,0.5597024679766741
1468,1468,0.7264629007077518,0.0,0.7264629007077518
1469,1469,0.07915316440037012,0.0,0.07915316440037012
1470,1470,0.9035196997835546,1.0,0.9035196997835546
1471,1471,0.6326536884915819,0.0,0.6326536884915819
1472,1472,0.8094376749784853,1.0,0.8094376749784853
1473,1473,0.07250722376900498,0.0,0.07250722376900498
1474,1474,0.015387171911363406,0.0,0.015387171911363406
1475,1475,0.38460753097094835,0.0,0.38460753097094835
1476,1476,0.2662199244777813,0.0,0.2662199244777813
1477,1477,0.09388065728803052,0.0,0.09388065728803052
1478,1478,0.0018171293189966908,0.0,0.0018171293189966908
1479,1479,0.3923100435222885,0.0,0.3923100435222885
1480,1480,0.36267996230700505,0.0,0.36267996230700505
1481,1481,0.2970658255123406,0.0,0.2970658255123406
1482,1482,0.11567409343972657,0.0,0.11567409343972657
1483,1483,0.5236052198009147,1.0,0.5236052198009147
1484,1484,0.8386971254934459,1.0,0.8386971254934459
1485,1485,0.9389720415742864,1.0,0.9389720415742864
1486,1486,0.75194678810669,1.0,0.75194678810669
1487,1487,0.8504703581149178,1.0,0.8504703581149178
1488,1488,0.0596955757191433,1.0,0.0596955757191433
1489,1489,0.7545420128309867,1.0,0.7545420128309867
1490,1490,0.9594948230309296,1.0,0.9594948230309296
1491,1491,0.1597791923332973,1.0,0.1597791923332973
1492,1492,0.0639567232372037,0.0,0.0639567232372037
1493,1493,0.454914663272591,0.0,0.454914663272591
1494,1494,0.1615915455078979,1.0,0.1615915455078979
1495,1495,0.8291554880821179,1.0,0.8291554880821179
1496,1496,0.6974805503445654,1.0,0.6974805503445654
1497,1497,0.2645672286617252,0.0,0.2645672286617252
1498,1498,0.7401268484579138,1.0,0.7401268484579138
1499,1499,0.6659722312472603,1.0,0.6659722312472603
1500,1500,0.5149361055131849,0.0,0.5149361055131849
1501,1501,0.19824615568279924,1.0,0.19824615568279924
1502,1502,0.3540675965469119,0.0,0.3540675965469119
1503,1503,0.3413945276131165,0.0,0.3413945276131165
1504,1504,0.7808855348598814,0.0,0.7808855348598814
1505,1505,0.5099274788498923,1.0,0.5099274788498923
1506,1506,0.5237643033557259,0.0,0.5237643033557259
1507,1507,0.0777176165100123,0.0,0.0777176165100123
1508,1508,0.5330899591596147,1.0,0.5330899591596147
1509,1509,0.7285419284475654,1.0,0.7285419284475654
1510,1510,0.577169740071365,1.0,0.577169740071365
1511,1511,0.7454492714948132,0.0,0.7454492714948132
1512,1512,0.9960930915170402,1.0,0.9960930915170402
1513,1513,0.7715200904860633,1.0,0.7715200904860633
1514,1514,0.040024161774015465,0.0,0.040024161774015465
1515,1515,0.7043339639082605,1.0,0.7043339639082605
1516,1516,0.3692204112466694,1.0,0.3692204112466694
1517,1517,0.8974307568752371,1.0,0.8974307568752371
1518,1518,0.8617901198096793,1.0,0.8617901198096793
1519,1519,0.349703855672296,0.0,0.349703855672296
1520,1520,0.6558748273301057,1.0,0.6558748273301057
1521,1521,0.3001820880000956,0.0,0.3001820880000956
1522,1522,0.6700587565498942,1.0,0.6700587565498942
1523,1523,0.4199973796160982,0.0,0.4199973796160982
1524,1524,0.5427049009179198,1.0,0.5427049009179198
1525,1525,0.7719896353971516,0.0,0.7719896353971516
1526,1526,0.4091151091815667,0.0,0.4091151091815667
1527,1527,0.4042506054252145,0.0,0.4042506054252145
1528,1528,0.2564648370552297,0.0,0.2564648370552297
1529,1529,0.9233365914101456,1.0,0.9233365914101456
1530,1530,0.11068497791432541,0.0,0.11068497791432541
1531,1531,0.508945658347399,1.0,0.508945658347399
1532,1532,0.4762277932995518,1.0,0.4762277932995518
1533,1533,0.911613527042354,0.0,0.911613527042354
1534,1534,0.935283480732409,1.0,0.935283480732409
1535,1535,0.7943216107129791,0.0,0.7943216107129791
1536,1536,0.08457934370618625,0.0,0.08457934370618625
1537,1537,0.0650798030087667,0.0,0.0650798030087667
1538,1538,0.8230601278270879,1.0,0.8230601278270879
1539,1539,0.26426188706760634,0.0,0.26426188706760634
1540,1540,0.7045642289575309,0.0,0.7045642289575309
1541,1541,0.3927884084313612,1.0,0.3927884084313612
1542,1542,0.2183831268835711,0.0,0.2183831268835711
1543,1543,0.7225372182716319,1.0,0.7225372182716319
1544,1544,0.917290530214254,1.0,0.917290530214254
1545,1545,0.7249601276639324,0.0,0.7249601276639324
1546,1546,0.8196527136641164,1.0,0.8196527136641164
1547,1547,0.443122067376707,0.0,0.443122067376707
1548,1548,0.3617808096790762,0.0,0.3617808096790762
1549,1549,0.45514404013373966,1.0,0.45514404013373966
1550,1550,0.9869506226856775,1.0,0.9869506226856775
1551,1551,0.5488770521622568,1.0,0.5488770521622568
1552,1552,0.32210309140606197,0.0,0.32210309140606197
1553,1553,0.32498643553078377,0.0,0.32498643553078377
1554,1554,0.8895045260149583,1.0,0.8895045260149583
1555,1555,0.2279712260643454,0.0,0.2279712260643454
1556,1556,0.8117020256071444,1.0,0.8117020256071444
1557,1557,0.00734439533063147,0.0,0.00734439533063147
1558,1558,0.3605439078283037,1.0,0.3605439078283037
1559,1559,0.09667522298541376,0.0,0.09667522298541376
1560,1560,0.7270047228608316,1.0,0.7270047228608316
1561,1561,0.7161913771602636,0.0,0.7161913771602636
1562,1562,0.43008588164526274,1.0,0.43008588164526274
1563,1563,0.5396623166652006,1.0,0.5396623166652006
1564,1564,0.43490093235007365,0.0,0.43490093235007365
1565,1565,0.5492178587071663,1.0,0.5492178587071663
1566,1566,0.8524858156363133,1.0,0.8524858156363133
1567,1567,0.5424809255145175,1.0,0.5424809255145175
1568,1568,0.4791801132801088,0.0,0.4791801132801088
1569,1569,0.7252612867065124,1.0,0.7252612867065124
1570,1570,0.054722673689321155,0.0,0.054722673689321155
1571,1571,0.2983598901690656,0.0,0.2983598901690656
1572,1572,0.855795478637841,1.0,0.855795478637841
1573,1573,0.8133208449835175,1.0,0.8133208449835175
1574,1574,0.5831868945382631,0.0,0.5831868945382631
1575,1575,0.9395215288447275,1.0,0.9395215288447275
1576,1576,0.5977444212838726,0.0,0.5977444212838726
1577,1577,0.597853629805237,1.0,0.597853629805237
1578,1578,0.2292644558761524,0.0,0.2292644558761524
1579,1579,0.4673971129641683,1.0,0.4673971129641683
1580,1580,0.3848033842126707,0.0,0.3848033842126707
1581,1581,0.4602837743681768,0.0,0.4602837743681768
1582,1582,0.5684481759826826,1.0,0.5684481759826826
1583,1583,0.9543471985219583,0.0,0.9543471985219583
1584,1584,0.5844075959595005,1.0,0.5844075959595005
1585,1585,0.30714441797695835,0.0,0.30714441797695835
1586,1586,0.5137427295379199,1.0,0.5137427295379199
1587,1587,0.9874329555367981,1.0,0.9874329555367981
1588,1588,0.433908417871239,1.0,0.433908417871239
1589,1589,0.9090588273633725,1.0,0.9090588273633725
1590,1590,0.3458326974017184,0.0,0.3458326974017184
1591,1591,0.08477452015078635,0.0,0.08477452015078635
1592,1592,0.10630771951050455,0.0,0.10630771951050455
1593,1593,0.5615706062705794,1.0,0.5615706062705794
1594,1594,0.8864668746256386,0.0,0.8864668746256386
1595,1595,0.22056712585025162,0.0,0.22056712585025162
1596,1596,0.14000369206322594,0.0,0.14000369206322594
1597,1597,0.03219492127083867,0.0,0.03219492127083867
1598,1598,0.0023175489105786706,0.0,0.0023175489105786706
1599,1599,0.576633052813198,1.0,0.576633052813198
1600,1600,0.3087506637322053,0.0,0.3087506637322053
1601,1601,0.5267630459705226,0.0,0.5267630459705226
1602,1602,0.9777372596929953,1.0,0.9777372596929953
1603,1603,0.5879789399823924,1.0,0.5879789399823924
1604,1604,0.35655456386515627,0.0,0.35655456386515627
1605,1605,0.7088439756454863,1.0,0.7088439756454863
1606,1606,0.3678275818836939,0.0,0.3678275818836939
1607,1607,0.23576032328130403,1.0,0.23576032328130403
1608,1608,0.5662668029423994,0.0,0.5662668029423994
1609,1609,0.15686548342499185,0.0,0.15686548342499185
1610,1610,0.3938658816448699,1.0,0.3938658816448699
1611,1611,0.03900875709592788,0.0,0.03900875709592788
1612,1612,0.16785566475693303,0.0,0.16785566475693303
1613,1613,0.2413963463713269,0.0,0.2413963463713269
1614,1614,0.4873206271042143,1.0,0.4873206271042143
1615,1615,0.043027263169550634,0.0,0.043027263169550634
1616,1616,0.6282303945233495,1.0,0.6282303945233495
1617,1617,0.17595161445316454,0.0,0.17595161445316454
1618,1618,0.46620084670360973,0.0,0.46620084670360973
1619,1619,0.21287304856282985,0.0,0.21287304856282985
1620,1620,0.593181066206678,0.0,0.593181066206678
1621,1621,0.8192154686658287,1.0,0.8192154686658287
1622,1622,0.17783027699696696,0.0,0.17783027699696696
1623,1623,0.21107606549469393,0.0,0.21107606549469393
1624,1624,0.3481161424023236,1.0,0.3481161424023236
1625,1625,0.0743208948367835,0.0,0.0743208948367835
1626,1626,0.5718616743303424,1.0,0.5718616743303424
1627,1627,0.7227079332376842,1.0,0.7227079332376842
1628,1628,0.6778387158217348,1.0,0.6778387158217348
1629,1629,0.036408066258237004,0.0,0.036408066258237004
1630,1630,0.7314487630196282,1.0,0.7314487630196282
1631,1631,0.03184747147643541,0.0,0.03184747147643541
1632,1632,0.3470961331639184,1.0,0.3470961331639184
1633,1633,0.5991046303204269,0.0,0.5991046303204269
1634,1634,0.4399371835050787,1.0,0.4399371835050787
1635,1635,0.615457194939737,1.0,0.615457194939737
1636,1636,0.42312703865491563,1.0,0.42312703865491563
1637,1637,0.0897321554026469,0.0,0.0897321554026469
1638,1638,0.8328725051430402,0.0,0.8328725051430402
1639,1639,0.5882843966933725,1.0,0.5882843966933725
1640,1640,0.8116059544088862,1.0,0.8116059544088862
1641,1641,0.2608917035251965,0.0,0.2608917035251965
1642,1642,0.09061680352149781,0.0,0.09061680352149781
1643,1643,0.4544385461880531,1.0,0.4544385461880531
1644,1644,0.139241527324652,1.0,0.139241527324652
1645,1645,0.3994877339633084,1.0,0.3994877339633084
1646,1646,0.35316129272600183,1.0,0.35316129272600183
1647,1647,0.7545272148283382,1.0,0.7545272148283382
1648,1648,0.5224937488203824,1.0,0.5224937488203824
1649,1649,0.46570401798683625,0.0,0.46570401798683625
1650,1650,0.06531200333742171,0.0,0.06531200333742171
1651,1651,0.5010099899687502,1.0,0.5010099899687502
1652,1652,0.35909802836698845,0.0,0.35909802836698845
1653,1653,0.7054054248597119,0.0,0.7054054248597119
1654,1654,0.5562228010992878,1.0,0.5562228010992878
1655,1655,0.05144339475242665,0.0,0.05144339475242665
1656,1656,0.7305317540328179,1.0,0.7305317540328179
1657,1657,0.6671399092195581,1.0,0.6671399092195581
1658,1658,0.8882984867847984,0.0,0.8882984867847984
1659,1659,0.18268126106384885,0.0,0.18268126106384885
1660,1660,0.043843244769599776,0.0,0.043843244769599776
1661,1661,0.018625157237104895,0.0,0.018625157237104895
1662,1662,0.9529858396104013,1.0,0.9529858396104013
1663,1663,0.5514778967104991,1.0,0.5514778967104991
1664,1664,0.9462821374432858,1.0,0.9462821374432858
1665,1665,0.0351679202151034,0.0,0.0351679202151034
1666,1666,0.03126369744487545,0.0,0.03126369744487545
1667,1667,0.22553420225149545,0.0,0.22553420225149545
1668,1668,0.006163777458059405,0.0,0.006163777458059405
1669,1669,0.14384967320509723,0.0,0.14384967320509723
1670,1670,0.04011907184615782,0.0,0.04011907184615782
1671,1671,0.8834650296891923,0.0,0.8834650296891923
1672,1672,0.6264394535031821,0.0,0.6264394535031821
1673,1673,0.1376536801686139,0.0,0.1376536801686139
1674,1674,0.868689570056111,1.0,0.868689570056111
1675,1675,0.9670484509921062,1.0,0.9670484509921062
1676,1676,0.5886214189297115,0.0,0.5886214189297115
1677,1677,0.6102669351226596,1.0,0.6102669351226596
1678,1678,0.4729904397616195,1.0,0.4729904397616195
1679,1679,0.2488973305132961,0.0,0.2488973305132961
1680,1680,0.016150392515586587,0.0,0.016150392515586587
1681,1681,0.057181661877421575,0.0,0.057181661877421575
1682,1682,0.6753952800974907,1.0,0.6753952800974907
1683,1683,0.30288411952375405,0.0,0.30288411952375405
1684,1684,0.4063878660214535,0.0,0.4063878660214535
1685,1685,0.6257739604585318,0.0,0.6257739604585318
1686,1686,0.5630341409603073,0.0,0.5630341409603073
1687,1687,0.3735888050554953,1.0,0.3735888050554953
1688,1688,0.5516328921339608,1.0,0.5516328921339608
1689,1689,0.1743703167841818,0.0,0.1743703167841818
1690,1690,0.6257083820543475,1.0,0.6257083820543475
1691,1691,0.8130014658011055,0.0,0.8130014658011055
1692,1692,0.23288827955782843,1.0,0.23288827955782843
1693,1693,0.8256508089835297,1.0,0.8256508089835297
1694,1694,0.8199240485660148,1.0,0.8199240485660148
1695,1695,0.0033779245999648877,0.0,0.0033779245999648877
1696,1696,0.7493017464927082,0.0,0.7493017464927082
1697,1697,0.41249127616935066,0.0,0.41249127616935066
1698,1698,0.31845592726311056,0.0,0.31845592726311056
1699,1699,0.628464344947409,1.0,0.628464344947409
1700,1700,0.677441642983579,1.0,0.677441642983579
1701,1701,0.8140686255239871,1.0,0.8140686255239871
1702,1702,0.6051532832491118,1.0,0.6051532832491118
1703,1703,0.32356063005632574,1.0,0.32356063005632574
1704,1704,0.24628694219083036,0.0,0.24628694219083036
1705,1705,0.6220152599170796,0.0,0.6220152599170796
1706,1706,0.8075475201173322,1.0,0.8075475201173322
1707,1707,0.007392334826347047,0.0,0.007392334826347047
1708,1708,0.39913829936889034,1.0,0.39913829936889034
1709,1709,0.12895597743189036,0.0,0.12895597743189036
1710,1710,0.5100283950445994,1.0,0.5100283950445994
1711,1711,0.47546386769208004,0.0,0.47546386769208004
1712,1712,0.4663512929013034,0.0,0.4663512929013034
1713,1713,0.17190686083049145,0.0,0.17190686083049145
1714,1714,0.20659324286025404,0.0,0.20659324286025404
1715,1715,0.36727235840418704,1.0,0.36727235840418704
1716,1716,0.7236440014386814,1.0,0.7236440014386814
1717,1717,0.06526457411108233,0.0,0.06526457411108233
1718,1718,0.5435661434854485,1.0,0.5435661434854485
1719,1719,0.08996542739828206,0.0,0.08996542739828206
1720,1720,0.42456049646681215,1.0,0.42456049646681215
1721,1721,0.05803471896813894,0.0,0.05803471896813894
1722,1722,0.8782637232359632,1.0,0.8782637232359632
1723,1723,0.7822112215254677,1.0,0.7822112215254677
1724,1724,0.8317701203728969,1.0,0.8317701203728969
1725,1725,0.3338071518167678,0.0,0.3338071518167678
1726,1726,0.4009166793056632,0.0,0.4009166793056632
1727,1727,0.056837261520606974,0.0,0.056837261520606974
1728,1728,0.7920396283783092,1.0,0.7920396283783092
1729,1729,0.9041703668119601,1.0,0.9041703668119601
1730,1730,0.667872046099538,1.0,0.667872046099538
1731,1731,0.21179017240870268,0.0,0.21179017240870268
1732,1732,0.14250816004931333,0.0,0.14250816004931333
1733,1733,0.0257929320640794,0.0,0.0257929320640794
1734,1734,0.12243143171114368,0.0,0.12243143171114368
1735,1735,0.7901782572819167,0.0,0.7901782572819167
1736,1736,0.4926135419097578,1.0,0.4926135419097578
1737,1737,0.8736847629582801,1.0,0.8736847629582801
1738,1738,0.025640745626293926,0.0,0.025640745626293926
1739,1739,0.02410604616133838,0.0,0.02410604616133838
1740,1740,0.5044029807710637,1.0,0.5044029807710637
1741,1741,0.5684845945708719,0.0,0.5684845945708719
1742,1742,0.9991443822980194,1.0,0.9991443822980194
1743,1743,0.9307116625736545,1.0,0.9307116625736545
1744,1744,0.9501349630694863,1.0,0.9501349630694863
1745,1745,0.49887567900239227,0.0,0.49887567900239227
1746,1746,0.1418467289447325,1.0,0.1418467289447325
1747,1747,0.48048568396487257,1.0,0.48048568396487257
1748,1748,0.6239057425251663,1.0,0.6239057425251663
1749,1749,0.9334938186197455,1.0,0.9334938186197455
1750,1750,0.09112468989449518,0.0,0.09112468989449518
1751,1751,0.44147414955280595,1.0,0.44147414955280595
1752,1752,0.7861305350128367,1.0,0.7861305350128367
1753,1753,0.7084849101901388,1.0,0.7084849101901388
1754,1754,0.14247986182083172,0.0,0.14247986182083172
1755,1755,0.6537666961080368,0.0,0.6537666961080368
1756,1756,0.039291735572646536,0.0,0.039291735572646536
1757,1757,0.4096365833555571,0.0,0.4096365833555571
1758,1758,0.9291893476618702,1.0,0.9291893476618702
1759,1759,0.8062532411343103,1.0,0.8062532411343103
1760,1760,0.23828888812075144,1.0,0.23828888812075144
1761,1761,0.9024973107269079,0.0,0.9024973107269079
1762,1762,0.818036106700552,1.0,0.818036106700552
1763,1763,0.5946697874751624,1.0,0.5946697874751624
1764,1764,0.8985772087493133,1.0,0.8985772087493133
1765,1765,0.9637461981836575,1.0,0.9637461981836575
1766,1766,0.08480647043540535,0.0,0.08480647043540535
1767,1767,0.7110533544046798,0.0,0.7110533544046798
1768,1768,0.1714949851707689,0.0,0.1714949851707689
1769,1769,0.8495975799299719,0.0,0.8495975799299719
1770,1770,0.6513869081386122,1.0,0.6513869081386122
1771,1771,0.7462049322932216,0.0,0.7462049322932216
1772,1772,0.19838389336568873,0.0,0.19838389336568873
1773,1773,0.06834252902508153,0.0,0.06834252902508153
1774,1774,0.5080196785309062,1.0,0.5080196785309062
1775,1775,0.8353691843938985,0.0,0.8353691843938985
1776,1776,0.8463985260589513,1.0,0.8463985260589513
1777,1777,0.9078241934287775,1.0,0.9078241934287775
1778,1778,0.32873835090175485,0.0,0.32873835090175485
1779,1779,0.14445041607523068,0.0,0.14445041607523068
1780,1780,0.3209492946357412,1.0,0.3209492946357412
1781,1781,0.14528392619241504,0.0,0.14528392619241504
1782,1782,0.670920168326771,1.0,0.670920168326771
1783,1783,0.12647674153810062,0.0,0.12647674153810062
1784,1784,0.04789639994336459,1.0,0.04789639994336459
1785,1785,0.5881071085080009,0.0,0.5881071085080009
1786,1786,0.2280471341270921,0.0,0.2280471341270921
1787,1787,0.015456922285502883,0.0,0.015456922285502883
1788,1788,0.6014392012148725,0.0,0.6014392012148725
1789,1789,0.5665204776475006,1.0,0.5665204776475006
1790,1790,0.04756537979610187,0.0,0.04756537979610187
1791,1791,0.04146929648790698,0.0,0.04146929648790698
1792,1792,0.006644823082723628,0.0,0.006644823082723628
1793,1793,0.6120849717225889,1.0,0.6120849717225889
1794,1794,0.8690387069444804,1.0,0.8690387069444804
1795,1795,0.7754981944033322,1.0,0.7754981944033322
1796,1796,0.7133683675738238,0.0,0.7133683675738238
1797,1797,0.17366624981085332,0.0,0.17366624981085332
1798,1798,0.46301728484248306,0.0,0.46301728484248306
1799,1799,0.9680709116720142,1.0,0.9680709116720142
1800,1800,0.06501190058418627,0.0,0.06501190058418627
1801,1801,0.5204051636340161,1.0,0.5204051636340161
1802,1802,0.5907693883625882,1.0,0.5907693883625882
1803,1803,0.12246814908801862,0.0,0.12246814908801862
1804,1804,0.16898284678203157,0.0,0.16898284678203157
1805,1805,0.10828790069454763,1.0,0.10828790069454763
1806,1806,0.3922894309131437,0.0,0.3922894309131437
1807,1807,0.364724101437056,1.0,0.364724101437056
1808,1808,0.736096776011314,0.0,0.736096776011314
1809,1809,0.0010361479318091726,0.0,0.0010361479318091726
1810,1810,0.40947849293939376,0.0,0.40947849293939376
1811,1811,0.13904212865915555,0.0,0.13904212865915555
1812,1812,0.8824513630820618,1.0,0.8824513630820618
1813,1813,0.10867410209458805,0.0,0.10867410209458805
1814,1814,0.5185195133773658,0.0,0.5185195133773658
1815,1815,0.8223361727453773,1.0,0.8223361727453773
1816,1816,0.3026600461974247,0.0,0.3026600461974247
1817,1817,0.23419977612190035,0.0,0.23419977612190035
1818,1818,0.626350408127765,1.0,0.626350408127765
1819,1819,0.7946302426172698,1.0,0.7946302426172698
1820,1820,0.10359045816031875,0.0,0.10359045816031875
1821,1821,0.02864941649933428,1.0,0.02864941649933428
1822,1822,0.06456924602849146,0.0,0.06456924602849146
1823,1823,0.33797797499753524,0.0,0.33797797499753524
1824,1824,0.7358123881217308,1.0,0.7358123881217308
1825,1825,0.2017128161653361,0.0,0.2017128161653361
1826,1826,0.41756342034483507,1.0,0.41756342034483507
1827,1827,0.5825416849478846,1.0,0.5825416849478846
1828,1828,0.7565808469078402,1.0,0.7565808469078402
1829,1829,0.2083726141799227,0.0,0.2083726141799227
1830,1830,0.24058408408130438,0.0,0.24058408408130438
1831,1831,0.39617647479299256,1.0,0.39617647479299256
1832,1832,0.5034772207646137,0.0,0.5034772207646137
1833,1833,0.9403853066317082,1.0,0.9403853066317082
1834,1834,0.7624003659542113,0.0,0.7624003659542113
1835,1835,0.5483107245515546,1.0,0.5483107245515546
1836,1836,0.5341233803247356,1.0,0.5341233803247356
1837,1837,0.051609275187774695,0.0,0.051609275187774695
1838,1838,0.15698550436200143,1.0,0.15698550436200143
1839,1839,0.9539040641675984,1.0,0.9539040641675984
1840,1840,0.5132546870308656,1.0,0.5132546870308656
1841,1841,0.4093006663915123,1.0,0.4093006663915123
1842,1842,0.6652060001092682,1.0,0.6652060001092682
1843,1843,0.6962371036398511,1.0,0.6962371036398511
1844,1844,0.23078705914812536,0.0,0.23078705914812536
1845,1845,0.18238520865436114,0.0,0.18238520865436114
1846,1846,0.2824655849986041,0.0,0.2824655849986041
1847,1847,0.003306679548023883,0.0,0.003306679548023883
1848,1848,0.03278601189311858,1.0,0.03278601189311858
1849,1849,0.2858316876314889,0.0,0.2858316876314889
1850,1850,0.588116117528401,0.0,0.588116117528401
1851,1851,0.4619375369211475,0.0,0.4619375369211475
1852,1852,0.0191053023011033,0.0,0.0191053023011033
1853,1853,0.7111726020553895,1.0,0.7111726020553895
1854,1854,0.11296818576368217,0.0,0.11296818576368217
1855,1855,0.6013029916088947,1.0,0.6013029916088947
1856,1856,0.9313822243824033,1.0,0.9313822243824033
1857,1857,0.6757971315696717,1.0,0.6757971315696717
1858,1858,0.7773645804051443,0.0,0.7773645804051443
1859,1859,0.7606840473355311,1.0,0.7606840473355311
1860,1860,0.04071809366597756,0.0,0.04071809366597756
1861,1861,0.15766262100620898,0.0,0.15766262100620898
1862,1862,0.40887228611649995,0.0,0.40887228611649995
1863,1863,0.4977827015619348,0.0,0.4977827015619348
1864,1864,0.3994740503069686,1.0,0.3994740503069686
1865,1865,0.6321186032875922,1.0,0.6321186032875922
1866,1866,0.3079393461960275,1.0,0.3079393461960275
1867,1867,0.4221482209119024,1.0,0.4221482209119024
1868,1868,0.4078287026156877,1.0,0.4078287026156877
1869,1869,0.2268570423847719,0.0,0.2268570423847719
1870,1870,0.9917298307463683,1.0,0.9917298307463683
1871,1871,0.16369310595676734,1.0,0.16369310595676734
1872,1872,0.7414466096048564,0.0,0.7414466096048564
1873,1873,0.8481063443628821,1.0,0.8481063443628821
1874,1874,0.18157183839070545,0.0,0.18157183839070545
1875,1875,0.9939463698572992,1.0,0.9939463698572992
1876,1876,0.8018853767264701,1.0,0.8018853767264701
1877,1877,0.4688457804778532,0.0,0.4688457804778532
1878,1878,0.5329225167244811,0.0,0.5329225167244811
1879,1879,0.22068917433808932,1.0,0.22068917433808932
1880,1880,0.15519208197290923,0.0,0.15519208197290923
1881,1881,0.24710087638920597,0.0,0.24710087638920597
1882,1882,0.394464830536274,0.0,0.394464830536274
1883,1883,0.0744009503891393,0.0,0.0744009503891393
1884,1884,0.9321027668999265,1.0,0.9321027668999265
1885,1885,0.6836637458843965,0.0,0.6836637458843965
1886,1886,0.2899717497205925,0.0,0.2899717497205925
1887,1887,0.3530471498495008,0.0,0.3530471498495008
1888,1888,0.9183839437738932,1.0,0.9183839437738932
1889,1889,0.48843822947982396,0.0,0.48843822947982396
1890,1890,0.11930956824099614,0.0,0.11930956824099614
1891,1891,0.557743903618617,1.0,0.557743903618617
1892,1892,0.21947577617005143,0.0,0.21947577617005143
1893,1893,0.3764173007936926,1.0,0.3764173007936926
1894,1894,0.9835136817451657,1.0,0.9835136817451657
1895,1895,0.9835378763382674,1.0,0.9835378763382674
1896,1896,0.6903146155512089,1.0,0.6903146155512089
1897,1897,0.2677390548561981,0.0,0.2677390548561981
1898,1898,0.5813269662531794,1.0,0.5813269662531794
1899,1899,0.5309029166195873,0.0,0.5309029166195873
1900,1900,0.4367948500261458,0.0,0.4367948500261458
1901,1901,0.5204061276200829,0.0,0.5204061276200829
1902,1902,0.33727998658953984,1.0,0.33727998658953984
1903,1903,0.9110276844108255,1.0,0.9110276844108255
1904,1904,0.19931582045158736,1.0,0.19931582045158736
1905,1905,0.21729657817405734,0.0,0.21729657817405734
1906,1906,0.061754714608890815,0.0,0.061754714608890815
1907,1907,0.9965100781187105,1.0,0.9965100781187105
1908,1908,0.4085752496460269,0.0,0.4085752496460269
1909,1909,0.6154343813240134,1.0,0.6154343813240134
1910,1910,0.4118950826147677,0.0,0.4118950826147677
1911,1911,0.2741296863602797,0.0,0.2741296863602797
1912,1912,0.9652560731947325,1.0,0.9652560731947325
1913,1913,0.4384014984471205,0.0,0.4384014984471205
1914,1914,0.389925390235875,0.0,0.389925390235875
1915,1915,0.9917072250177164,1.0,0.9917072250177164
1916,1916,0.24511978058412343,0.0,0.24511978058412343
1917,1917,0.3067466861705581,0.0,0.3067466861705581
1918,1918,0.5313250218296707,1.0,0.5313250218296707
1919,1919,0.7462559591962095,1.0,0.7462559591962095
1920,1920,0.05453495958620702,0.0,0.05453495958620702
1921,1921,0.7435860949331028,0.0,0.7435860949331028
1922,1922,0.6288760211117581,0.0,0.6288760211117581
1923,1923,0.16755302407174555,1.0,0.16755302407174555
1924,1924,0.37821414431572,0.0,0.37821414431572
1925,1925,0.957379419801872,1.0,0.957379419801872
1926,1926,0.942498131055298,0.0,0.942498131055298
1927,1927,0.07054241130100969,0.0,0.07054241130100969
1928,1928,0.7079437321006448,1.0,0.7079437321006448
1929,1929,0.2683207237295151,0.0,0.2683207237295151
1930,1930,0.8236003837929947,0.0,0.8236003837929947
1931,1931,0.3676660964116846,0.0,0.3676660964116846
1932,1932,0.9817816279971721,1.0,0.9817816279971721
1933,1933,0.14101995730520056,0.0,0.14101995730520056
1934,1934,0.8767080975343841,1.0,0.8767080975343841
1935,1935,0.1810397147018259,0.0,0.1810397147018259
1936,1936,0.054117546472982836,0.0,0.054117546472982836
1937,1937,0.9692538004049598,1.0,0.9692538004049598
1938,1938,0.37723177614130265,0.0,0.37723177614130265
1939,1939,0.2943366609073641,0.0,0.2943366609073641
1940,1940,0.9157845197929674,1.0,0.9157845197929674
1941,1941,0.9883780419142465,1.0,0.9883780419142465
1942,1942,0.10465212943706181,0.0,0.10465212943706181
1943,1943,0.5067158955885461,1.0,0.5067158955885461
1944,1944,0.4726996343761809,1.0,0.4726996343761809
1945,1945,0.3900805220840947,1.0,0.3900805220840947
1946,1946,0.619384456467205,1.0,0.619384456467205
1947,1947,0.17618612310615922,0.0,0.17618612310615922
1948,1948,0.9740822323728385,1.0,0.9740822323728385
1949,1949,0.8312104517275722,0.0,0.8312104517275722
1950,1950,0.30880687418547004,0.0,0.30880687418547004
1951,1951,0.24200027115232758,1.0,0.24200027115232758
1952,1952,0.3670838025904829,1.0,0.3670838025904829
1953,1953,0.7173855798103256,1.0,0.7173855798103256
1954,1954,0.2398380210401294,1.0,0.2398380210401294
1955,1955,0.22011346595338133,1.0,0.22011346595338133
1956,1956,0.7984982076876377,1.0,0.7984982076876377
1957,1957,0.5990499412916681,1.0,0.5990499412916681
1958,1958,0.9920130146849436,1.0,0.9920130146849436
1959,1959,0.026963770659610975,0.0,0.026963770659610975
1960,1960,0.13929230295681738,0.0,0.13929230295681738
1961,1961,0.7832660130977838,1.0,0.7832660130977838
1962,1962,0.3765315868425889,0.0,0.3765315868425889
1963,1963,0.3335609042227633,0.0,0.3335609042227633
1964,1964,0.45611638921591946,0.0,0.45611638921591946
1965,1965,0.4073479754263697,1.0,0.4073479754263697
1966,1966,0.3082280201482912,0.0,0.3082280201482912
1967,1967,0.7528321888353141,1.0,0.7528321888353141
1968,1968,0.9261044128541115,1.0,0.9261044128541115
1969,1969,0.17058103294335591,0.0,0.17058103294335591
1970,1970,0.9917883587056432,1.0,0.9917883587056432
1971,1971,0.4409646465309578,0.0,0.4409646465309578
1972,1972,0.9991028223702605,1.0,0.9991028223702605
1973,1973,0.9383919839782587,1.0,0.9383919839782587
1974,1974,0.7444423457631363,1.0,0.7444423457631363
1975,1975,0.20859146522440442,0.0,0.20859146522440442
1976,1976,0.5508993466743589,1.0,0.5508993466743589
1977,1977,0.25811962648558473,1.0,0.25811962648558473
1978,1978,0.6600181440657112,0.0,0.6600181440657112
1979,1979,0.12928037224331912,0.0,0.12928037224331912
1980,1980,0.15157904052032511,0.0,0.15157904052032511
1981,1981,0.9292196489724284,1.0,0.9292196489724284
1982,1982,0.4703260378190969,0.0,0.4703260378190969
1983,1983,0.04768797034136418,0.0,0.04768797034136418
1984,1984,0.3085041383121706,1.0,0.3085041383121706
1985,1985,0.055452488343168516,0.0,0.055452488343168516
1986,1986,0.2663940011183171,0.0,0.2663940011183171
1987,1987,0.47361291741100864,0.0,0.47361291741100864
1988,1988,0.984147355825545,1.0,0.984147355825545
1989,1989,0.22569038204161662,0.0,0.22569038204161662
1990,1990,0.8681478789164843,1.0,0.8681478789164843
1991,1991,0.7198355250932558,1.0,0.7198355250932558
1992,1992,0.1284105846494864,0.0,0.1284105846494864
1993,1993,0.06148436987424044,0.0,0.06148436987424044
1994,1994,0.6742888149181216,1.0,0.6742888149181216
1995,1995,0.1363841320328485,0.0,0.1363841320328485
1996,1996,0.9883545928337925,1.0,0.9883545928337925
1997,1997,0.4607978675918578,0.0,0.4607978675918578
1998,1998,0.44255531605526344,1.0,0.44255531605526344
1999,1999,0.6590056487929271,0.0,0.6590056487929271
2000,2000,0.6264267957805986,1.0,0.6264267957805986
2001,2001,0.7829662451019728,1.0,0.7829662451019728
2002,2002,0.9628024593814385,1.0,0.9628024593814385
2003,2003,0.9899604109662147,1.0,0.9899604109662147
2004,2004,0.6427431149446508,1.0,0.6427431149446508
2005,2005,0.557322510898558,0.0,0.557322510898558
2006,2006,0.6539212286231632,1.0,0.6539212286231632
2007,2007,0.2647426870144869,0.0,0.2647426870144869
2008,2008,0.5802297252373132,0.0,0.5802297252373132
2009,2009,0.7110601109930045,0.0,0.7110601109930045
2010,2010,0.7037270668965866,1.0,0.7037270668965866
2011,2011,0.18227572597417807,0.0,0.18227572597417807
2012,2012,0.6376802481111273,0.0,0.6376802481111273
2013,2013,0.026063091849288123,0.0,0.026063091849288123
2014,2014,0.3853046251412833,1.0,0.3853046251412833
2015,2015,0.1435758666673057,1.0,0.1435758666673057
2016,2016,0.352990791842546,0.0,0.352990791842546
2017,2017,0.8482642916904066,0.0,0.8482642916904066
2018,2018,0.01707263850052987,0.0,0.01707263850052987
2019,2019,0.3787548980437585,0.0,0.3787548980437585
2020,2020,0.7609127194903912,0.0,0.7609127194903912
2021,2021,0.44853775397237283,0.0,0.44853775397237283
2022,2022,0.4804976671469797,1.0,0.4804976671469797
2023,2023,0.445640550515631,1.0,0.445640550515631
2024,2024,0.5211214175962358,0.0,0.5211214175962358
2025,2025,0.2857461547091159,0.0,0.2857461547091159
2026,2026,0.49310906715193037,0.0,0.49310906715193037
2027,2027,0.1846516537500542,0.0,0.1846516537500542
2028,2028,0.8212324429441188,1.0,0.8212324429441188
2029,2029,0.9573404245428884,1.0,0.9573404245428884
2030,2030,0.9156427319077807,1.0,0.9156427319077807
2031,2031,0.13000242220391356,0.0,0.13000242220391356
2032,2032,0.5157677456694282,0.0,0.5157677456694282
2033,2033,0.8881656658860215,1.0,0.8881656658860215
2034,2034,0.9993239082364631,1.0,0.9993239082364631
2035,2035,0.6162554452753851,1.0,0.6162554452753851
2036,2036,0.48482424462567186,1.0,0.48482424462567186
2037,2037,0.2595720669220769,0.0,0.2595720669220769
2038,2038,0.5502588855917578,1.0,0.5502588855917578
2039,2039,0.7576216208594888,0.0,0.7576216208594888
2040,2040,0.0014414000621445489,0.0,0.0014414000621445489
2041,2041,0.5509164567689475,0.0,0.5509164567689475
2042,2042,0.49781613664623137,0.0,0.49781613664623137
2043,2043,0.21592851540943925,0.0,0.21592851540943925
2044,2044,0.04624528546327533,0.0,0.04624528546327533
2045,2045,0.4062894454862882,1.0,0.4062894454862882
2046,2046,0.4628665743544996,1.0,0.4628665743544996
2047,2047,0.7197296394192153,0.0,0.7197296394192153
2048,2048,0.7290575185204216,1.0,0.7290575185204216
2049,2049,0.17179514015118236,0.0,0.17179514015118236
2050,2050,0.5962359389528253,1.0,0.5962359389528253
2051,2051,0.8114724274549634,1.0,0.8114724274549634
2052,2052,0.7604180624713378,1.0,0.7604180624713378
2053,2053,0.10156756596013239,0.0,0.10156756596013239
2054,2054,0.29441757817284764,0.0,0.29441757817284764
2055,2055,0.10969764653329006,0.0,0.10969764653329006
2056,2056,0.38292599105029934,0.0,0.38292599105029934
2057,2057,0.397554196088993,1.0,0.397554196088993
2058,2058,0.5104050296035763,1.0,0.5104050296035763
2059,2059,0.27349461567905464,0.0,0.27349461567905464
2060,2060,0.9361697097405378,0.0,0.9361697097405378
2061,2061,0.7408120199507442,1.0,0.7408120199507442
2062,2062,0.5714638684731415,1.0,0.5714638684731415
2063,2063,0.9019219529541959,1.0,0.9019219529541959
2064,2064,0.4583607659110649,1.0,0.4583607659110649
2065,2065,0.34610205531461147,0.0,0.34610205531461147
2066,2066,0.2839551042415076,0.0,0.2839551042415076
2067,2067,0.5285797668175451,0.0,0.5285797668175451
2068,2068,0.8102703733650793,1.0,0.8102703733650793
2069,2069,0.3903412203971999,0.0,0.3903412203971999
2070,2070,0.17806354096781374,1.0,0.17806354096781374
2071,2071,0.6360935515785995,0.0,0.6360935515785995
2072,2072,0.3493402941301875,0.0,0.3493402941301875
2073,2073,0.036059716557636845,0.0,0.036059716557636845
2074,2074,0.8632976441712013,1.0,0.8632976441712013
2075,2075,0.5806366930190663,1.0,0.5806366930190663
2076,2076,0.6483042977936486,1.0,0.6483042977936486
2077,2077,0.12782695616405937,0.0,0.12782695616405937
2078,2078,0.6374275449292006,1.0,0.6374275449292006
2079,2079,0.4179813169930586,0.0,0.4179813169930586
2080,2080,0.1945609281502365,1.0,0.1945609281502365
2081,2081,0.9098925979340003,1.0,0.9098925979340003
2082,2082,0.3787953826180156,1.0,0.3787953826180156
2083,2083,0.587435951381658,1.0,0.587435951381658
2084,2084,0.07003948094262369,0.0,0.07003948094262369
2085,2085,0.6955216442024377,1.0,0.6955216442024377
2086,2086,0.2781817305379337,1.0,0.2781817305379337
2087,2087,0.8314481298313885,1.0,0.8314481298313885
2088,2088,0.808719949100498,1.0,0.808719949100498
2089,2089,0.6838168048670777,0.0,0.6838168048670777
2090,2090,0.4556019214461522,0.0,0.4556019214461522
2091,2091,0.4160068244030184,0.0,0.4160068244030184
2092,2092,0.503191449670982,1.0,0.503191449670982
2093,2093,0.34422640140039773,0.0,0.34422640140039773
2094,2094,0.5066798774456831,1.0,0.5066798774456831
2095,2095,0.1078569712612526,0.0,0.1078569712612526
2096,2096,0.2251147321921726,1.0,0.2251147321921726
2097,2097,0.9224579240465763,1.0,0.9224579240465763
2098,2098,0.29447039854651325,1.0,0.29447039854651325
2099,2099,0.9487997407007815,1.0,0.9487997407007815
2100,2100,0.846961051574211,1.0,0.846961051574211
2101,2101,0.5950330897388948,1.0,0.5950330897388948
2102,2102,0.6602917030206554,0.0,0.6602917030206554
2103,2103,0.9890289978169814,1.0,0.9890289978169814
2104,2104,0.07067992045903104,0.0,0.07067992045903104
2105,2105,0.3941446473035215,0.0,0.3941446473035215
2106,2106,0.7884863808925419,1.0,0.7884863808925419
2107,2107,0.28540294152448387,0.0,0.28540294152448387
2108,2108,0.95071020248117,1.0,0.95071020248117
2109,2109,0.17263143830929029,0.0,0.17263143830929029
2110,2110,0.8352444068504781,0.0,0.8352444068504781
2111,2111,0.2778685469022947,0.0,0.2778685469022947
2112,2112,0.11956295322002342,0.0,0.11956295322002342
2113,2113,0.11977116750114436,0.0,0.11977116750114436
2114,2114,0.4215129965572625,1.0,0.4215129965572625
2115,2115,0.07316640952697873,0.0,0.07316640952697873
2116,2116,0.595117745449896,1.0,0.595117745449896
2117,2117,0.3709697004076541,0.0,0.3709697004076541
2118,2118,0.2118545361769114,0.0,0.2118545361769114
2119,2119,0.10164110289225237,0.0,0.10164110289225237
2120,2120,0.3979006420758857,1.0,0.3979006420758857
2121,2121,0.836433223577225,1.0,0.836433223577225
2122,2122,0.9271586641830047,1.0,0.9271586641830047
2123,2123,0.9129905214488219,1.0,0.9129905214488219
2124,2124,0.525627392837465,1.0,0.525627392837465
2125,2125,0.3328841319169906,0.0,0.3328841319169906
2126,2126,0.13363093272368265,0.0,0.13363093272368265
2127,2127,0.5574291176361938,1.0,0.5574291176361938
2128,2128,0.717904129154272,1.0,0.717904129154272
2129,2129,0.8035061399556032,0.0,0.8035061399556032
2130,2130,0.5198186133872421,0.0,0.5198186133872421
2131,2131,0.2125031364945804,0.0,0.2125031364945804
2132,2132,0.5044651604889642,1.0,0.5044651604889642
2133,2133,0.916338181381654,1.0,0.916338181381654
2134,2134,0.18558128474608604,0.0,0.18558128474608604
2135,2135,0.2074470439964584,1.0,0.2074470439964584
2136,2136,0.8242593907527362,0.0,0.8242593907527362
2137,2137,0.6190436123537644,1.0,0.6190436123537644
2138,2138,0.17003356149213622,0.0,0.17003356149213622
2139,2139,0.2826045990382121,0.0,0.2826045990382121
2140,2140,0.8363392802444813,1.0,0.8363392802444813
2141,2141,0.7162079894431556,1.0,0.7162079894431556
2142,2142,0.9041683927912663,1.0,0.9041683927912663
2143,2143,0.9160291838274195,1.0,0.9160291838274195
2144,2144,0.8038323036657758,1.0,0.8038323036657758
2145,2145,0.11975101578754466,0.0,0.11975101578754466
2146,2146,0.4469284070145435,1.0,0.4469284070145435
2147,2147,0.33457355206951556,1.0,0.33457355206951556
2148,2148,0.12847934718709264,0.0,0.12847934718709264
2149,2149,0.4057067166467814,0.0,0.4057067166467814
2150,2150,0.20288512520311952,0.0,0.20288512520311952
2151,2151,0.5561165554808676,0.0,0.5561165554808676
2152,2152,0.7415849142558489,1.0,0.7415849142558489
2153,2153,0.36491291959745364,0.0,0.36491291959745364
2154,2154,0.4170196194310386,1.0,0.4170196194310386
2155,2155,0.8252422166094788,1.0,0.8252422166094788
2156,2156,0.8822489580280191,1.0,0.8822489580280191
2157,2157,0.1186933562065513,0.0,0.1186933562065513
2158,2158,0.2509931320766563,0.0,0.2509931320766563
2159,2159,0.568034193234651,1.0,0.568034193234651
2160,2160,0.27192814544762134,0.0,0.27192814544762134
2161,2161,0.09373450717629361,1.0,0.09373450717629361
2162,2162,0.6999758303399887,1.0,0.6999758303399887
2163,2163,0.19986781917753005,0.0,0.19986781917753005
2164,2164,0.8820970110763644,1.0,0.8820970110763644
2165,2165,0.4720118629539084,1.0,0.4720118629539084
2166,2166,0.6258981485903268,1.0,0.6258981485903268
2167,2167,0.01966388648311923,0.0,0.01966388648311923
2168,2168,0.6149662218448388,1.0,0.6149662218448388
2169,2169,0.7157081804798301,1.0,0.7157081804798301
2170,2170,0.468323642131509,0.0,0.468323642131509
2171,2171,0.5230001573212224,0.0,0.5230001573212224
2172,2172,0.8122946024843325,0.0,0.8122946024843325
2173,2173,0.35381855051995725,1.0,0.35381855051995725
2174,2174,0.14457465541625825,0.0,0.14457465541625825
2175,2175,0.7471320073396235,0.0,0.7471320073396235
2176,2176,0.5082439832968904,1.0,0.5082439832968904
2177,2177,0.005453796822373458,0.0,0.005453796822373458
2178,2178,0.9474248140436163,1.0,0.9474248140436163
2179,2179,0.5851320111943217,1.0,0.5851320111943217
2180,2180,0.6948093698190592,1.0,0.6948093698190592
2181,2181,0.8119599480853201,1.0,0.8119599480853201
2182,2182,0.8515725263912646,1.0,0.8515725263912646
2183,2183,0.8012126817531714,1.0,0.8012126817531714
2184,2184,0.9547053963092396,0.0,0.9547053963092396
2185,2185,0.10827546040120628,0.0,0.10827546040120628
2186,2186,0.8613755886758337,1.0,0.8613755886758337
2187,2187,0.05434645149931927,0.0,0.05434645149931927
2188,2188,0.7689752776154833,1.0,0.7689752776154833
2189,2189,0.2026393643318255,0.0,0.2026393643318255
2190,2190,0.5342891251287396,1.0,0.5342891251287396
2191,2191,0.9523277351609969,1.0,0.9523277351609969
2192,2192,0.40816422321348467,1.0,0.40816422321348467
2193,2193,0.03311556212654265,0.0,0.03311556212654265
2194,2194,0.7079287711442718,1.0,0.7079287711442718
2195,2195,0.665661984633585,1.0,0.665661984633585
2196,2196,0.31111283727307193,0.0,0.31111283727307193
2197,2197,0.949744522720292,1.0,0.949744522720292
2198,2198,0.9404328028728606,1.0,0.9404328028728606
2199,2199,0.747238963969473,1.0,0.747238963969473
2200,2200,0.5818344140269391,0.0,0.5818344140269391
2201,2201,0.7753383523271857,1.0,0.7753383523271857
2202,2202,0.407636830512347,0.0,0.407636830512347
2203,2203,0.20360545101572058,0.0,0.20360545101572058
2204,2204,0.6614328954140072,1.0,0.6614328954140072
2205,2205,0.3839954866783123,1.0,0.3839954866783123
2206,2206,0.06137427006786378,0.0,0.06137427006786378
2207,2207,0.11586287156408892,0.0,0.11586287156408892
2208,2208,0.24203366148861805,0.0,0.24203366148861805
2209,2209,0.7364936124647705,1.0,0.7364936124647705
2210,2210,0.291625209932994,0.0,0.291625209932994
2211,2211,0.9720012993566086,1.0,0.9720012993566086
2212,2212,0.7159075926873034,1.0,0.7159075926873034
2213,2213,0.9970496486444126,1.0,0.9970496486444126
2214,2214,0.22287753326854276,0.0,0.22287753326854276
2215,2215,0.0971134229404943,1.0,0.0971134229404943
2216,2216,0.41918166952718017,0.0,0.41918166952718017
2217,2217,0.8583021645523393,1.0,0.8583021645523393
2218,2218,0.20663494265903593,0.0,0.20663494265903593
2219,2219,0.5801825681276457,1.0,0.5801825681276457
2220,2220,0.8230860401111452,1.0,0.8230860401111452
2221,2221,0.3186459315238027,0.0,0.3186459315238027
2222,2222,0.011810719945168136,0.0,0.011810719945168136
2223,2223,0.9515394705037017,1.0,0.9515394705037017
2224,2224,0.18683178353736196,0.0,0.18683178353736196
2225,2225,0.7439731799170319,1.0,0.7439731799170319
2226,2226,0.23349760100839145,1.0,0.23349760100839145
2227,2227,0.9426111592554243,0.0,0.9426111592554243
2228,2228,0.2847532827028946,0.0,0.2847532827028946
2229,2229,0.3897746326200201,0.0,0.3897746326200201
2230,2230,0.19148058622268904,0.0,0.19148058622268904
2231,2231,0.0393419147815941,0.0,0.0393419147815941
2232,2232,0.69057123000675,0.0,0.69057123000675
2233,2233,0.499622332560389,1.0,0.499622332560389
2234,2234,0.7771180995833565,1.0,0.7771180995833565
2235,2235,0.7633409388210141,1.0,0.7633409388210141
2236,2236,0.2144889923161829,0.0,0.2144889923161829
2237,2237,0.39618904261554266,0.0,0.39618904261554266
2238,2238,0.08173657846509641,1.0,0.08173657846509641
2239,2239,0.7365363850231941,0.0,0.7365363850231941
2240,2240,0.6056378739050281,0.0,0.6056378739050281
2241,2241,0.15810479608399552,0.0,0.15810479608399552
2242,2242,0.5813934228160826,0.0,0.5813934228160826
2243,2243,0.052241000650607994,1.0,0.052241000650607994
2244,2244,0.4035535027728234,0.0,0.4035535027728234
2245,2245,0.6279075844756722,0.0,0.6279075844756722
2246,2246,0.13560454085916762,0.0,0.13560454085916762
2247,2247,0.9066281678642889,1.0,0.9066281678642889
2248,2248,0.0621454580949955,0.0,0.0621454580949955
2249,2249,0.0055023484759829655,0.0,0.0055023484759829655
2250,2250,0.6866419992515799,1.0,0.6866419992515799
2251,2251,0.07400259047762558,0.0,0.07400259047762558
2252,2252,0.7128786473866028,0.0,0.7128786473866028
2253,2253,0.990345666281051,1.0,0.990345666281051
2254,2254,0.021555460952009886,0.0,0.021555460952009886
2255,2255,0.03167602216863474,0.0,0.03167602216863474
2256,2256,0.3503909339543384,0.0,0.3503909339543384
2257,2257,0.14995204845548038,0.0,0.14995204845548038
2258,2258,0.9826808839620439,1.0,0.9826808839620439
2259,2259,0.3324553601128245,0.0,0.3324553601128245
2260,2260,0.4077073066334921,1.0,0.4077073066334921
2261,2261,0.43031285992306445,0.0,0.43031285992306445
2262,2262,0.8382502315457969,1.0,0.8382502315457969
2263,2263,0.5024629329852567,0.0,0.5024629329852567
2264,2264,0.2807694966542158,0.0,0.2807694966542158
2265,2265,0.22709853822477633,0.0,0.22709853822477633
2266,2266,0.6731666834956226,1.0,0.6731666834956226
2267,2267,0.2336924706128618,0.0,0.2336924706128618
2268,2268,0.18510392091068295,0.0,0.18510392091068295
2269,2269,0.9957493127421289,1.0,0.9957493127421289
2270,2270,0.15796576380794092,1.0,0.15796576380794092
2271,2271,0.28106396091644315,0.0,0.28106396091644315
2272,2272,0.5518648480821764,0.0,0.5518648480821764
2273,2273,0.36756813139465905,0.0,0.36756813139465905
2274,2274,0.7179127047496857,1.0,0.7179127047496857
2275,2275,0.0029253216739100196,0.0,0.0029253216739100196
2276,2276,0.18362317956619223,0.0,0.18362317956619223
2277,2277,0.8296712319337171,1.0,0.8296712319337171
2278,2278,0.26913002906672223,0.0,0.26913002906672223
2279,2279,0.5326377545568377,1.0,0.5326377545568377
2280,2280,0.6938872984144971,1.0,0.6938872984144971
2281,2281,0.4157692090881917,0.0,0.4157692090881917
2282,2282,0.6533260653880094,1.0,0.6533260653880094
2283,2283,0.43992540167732874,0.0,0.43992540167732874
2284,2284,0.8396287854911584,1.0,0.8396287854911584
2285,2285,0.5939398568777838,0.0,0.5939398568777838
2286,2286,0.41694031114022956,1.0,0.41694031114022956
2287,2287,0.9267890782181643,1.0,0.9267890782181643
2288,2288,0.40099337184086115,1.0,0.40099337184086115
2289,2289,0.6625774766311422,0.0,0.6625774766311422
2290,2290,0.9434237788128453,1.0,0.9434237788128453
2291,2291,0.21116006724345338,0.0,0.21116006724345338
2292,2292,0.29753137294256515,1.0,0.29753137294256515
2293,2293,0.6121314131539809,1.0,0.6121314131539809
2294,2294,0.012020980406843962,0.0,0.012020980406843962
2295,2295,0.7815656183573465,1.0,0.7815656183573465
2296,2296,0.23516961209996423,0.0,0.23516961209996423
2297,2297,0.7779907960654951,0.0,0.7779907960654951
2298,2298,0.2505549452689919,0.0,0.2505549452689919
2299,2299,0.3816475596389586,1.0,0.3816475596389586
2300,2300,0.8893710634494479,1.0,0.8893710634494479
2301,2301,0.3401173655361178,1.0,0.3401173655361178
2302,2302,0.28932696281697023,0.0,0.28932696281697023
2303,2303,0.40291038635949217,0.0,0.40291038635949217
2304,2304,0.7635017469925861,1.0,0.7635017469925861
2305,2305,0.3815027485927044,0.0,0.3815027485927044
2306,2306,0.6134706180925317,1.0,0.6134706180925317
2307,2307,0.8172480246007642,0.0,0.8172480246007642
2308,2308,0.9168084006531136,1.0,0.9168084006531136
2309,2309,0.6689663948706478,0.0,0.6689663948706478
2310,2310,0.2998246060898896,1.0,0.2998246060898896
2311,2311,0.9253771315554487,1.0,0.9253771315554487
2312,2312,0.4207382808566352,0.0,0.4207382808566352
2313,2313,0.9384095020175843,1.0,0.9384095020175843
2314,2314,0.8172473937730524,1.0,0.8172473937730524
2315,2315,0.9694665490522391,1.0,0.9694665490522391
2316,2316,0.4770711856575831,0.0,0.4770711856575831
2317,2317,0.4777900812866077,0.0,0.4777900812866077
2318,2318,0.09633227216309714,0.0,0.09633227216309714
2319,2319,0.184148446494377,1.0,0.184148446494377
2320,2320,0.7481247334454634,0.0,0.7481247334454634
2321,2321,0.7106911226999753,1.0,0.7106911226999753
2322,2322,0.7534703315359417,1.0,0.7534703315359417
2323,2323,0.7878846057122231,1.0,0.7878846057122231
2324,2324,0.155988032490617,0.0,0.155988032490617
2325,2325,0.8449251045083451,0.0,0.8449251045083451
2326,2326,0.9127014208285301,1.0,0.9127014208285301
2327,2327,0.3554495156448939,0.0,0.3554495156448939
2328,2328,0.4998530371029931,1.0,0.4998530371029931
2329,2329,0.21110136756792142,1.0,0.21110136756792142
2330,2330,0.688886582354493,0.0,0.688886582354493
2331,2331,0.34808735156616866,0.0,0.34808735156616866
2332,2332,0.3651771666938328,0.0,0.3651771666938328
2333,2333,0.15618970440776814,0.0,0.15618970440776814
2334,2334,0.881719182965842,1.0,0.881719182965842
2335,2335,0.9467083452683267,1.0,0.9467083452683267
2336,2336,0.14560130160491402,0.0,0.14560130160491402
2337,2337,0.47356661958212054,1.0,0.47356661958212054
2338,2338,0.21104349980683323,1.0,0.21104349980683323
2339,2339,0.7544600352524636,0.0,0.7544600352524636
2340,2340,0.05885309210193368,1.0,0.05885309210193368
2341,2341,0.288016991069879,1.0,0.288016991069879
2342,2342,0.4701348152713649,0.0,0.4701348152713649
2343,2343,0.9909885126681146,1.0,0.9909885126681146
2344,2344,0.24561291177654565,0.0,0.24561291177654565
2345,2345,0.08978018538110866,0.0,0.08978018538110866
2346,2346,0.9027863321631561,1.0,0.9027863321631561
2347,2347,0.5597164365001499,0.0,0.5597164365001499
2348,2348,0.1516045894946828,1.0,0.1516045894946828
2349,2349,0.282432636834563,1.0,0.282432636834563
2350,2350,0.7276729008101949,1.0,0.7276729008101949
2351,2351,0.6284079977551464,0.0,0.6284079977551464
2352,2352,0.1721005122913415,0.0,0.1721005122913415
2353,2353,0.9064111758089155,1.0,0.9064111758089155
2354,2354,0.5921886377600192,1.0,0.5921886377600192
2355,2355,0.23832116158953498,0.0,0.23832116158953498
2356,2356,0.5332730556690783,0.0,0.5332730556690783
2357,2357,0.5425348098611382,1.0,0.5425348098611382
2358,2358,0.7902516353156742,0.0,0.7902516353156742
2359,2359,0.20155797988977464,0.0,0.20155797988977464
2360,2360,0.5531877406908802,0.0,0.5531877406908802
2361,2361,0.6802165814055378,1.0,0.6802165814055378
2362,2362,0.4013952700876652,0.0,0.4013952700876652
2363,2363,0.8032972352298404,1.0,0.8032972352298404
2364,2364,0.5159914063189043,1.0,0.5159914063189043
2365,2365,0.2491181834775692,0.0,0.2491181834775692
2366,2366,0.5170402753891227,0.0,0.5170402753891227
2367,2367,0.4160674650528108,0.0,0.4160674650528108
2368,2368,0.3416523023992608,0.0,0.3416523023992608
2369,2369,0.0776403100400831,0.0,0.0776403100400831
2370,2370,0.6229490028347141,1.0,0.6229490028347141
2371,2371,0.353580032336558,0.0,0.353580032336558
2372,2372,0.33103025571885736,0.0,0.33103025571885736
2373,2373,0.8991851855886439,0.0,0.8991851855886439
2374,2374,0.9437076938603595,1.0,0.9437076938603595
2375,2375,0.2148663768817729,1.0,0.2148663768817729
2376,2376,0.05064020232370636,0.0,0.05064020232370636
2377,2377,0.23139559743620552,1.0,0.23139559743620552
2378,2378,0.7601972638123126,1.0,0.7601972638123126
2379,2379,0.23152965896531252,1.0,0.23152965896531252
2380,2380,0.19948834942513238,0.0,0.19948834942513238
2381,2381,0.03210115818958581,0.0,0.03210115818958581
2382,2382,0.16000042873604436,0.0,0.16000042873604436
2383,2383,0.2602025845602236,1.0,0.2602025845602236
2384,2384,0.6711749030913016,1.0,0.6711749030913016
2385,2385,0.4616903229498742,1.0,0.4616903229498742
2386,2386,0.5192846272983525,1.0,0.5192846272983525
2387,2387,0.25183557266125467,0.0,0.25183557266125467
2388,2388,0.9069025134968137,1.0,0.9069025134968137
2389,2389,0.2934811098066974,0.0,0.2934811098066974
2390,2390,0.9032587477009871,1.0,0.9032587477009871
2391,2391,0.5991410065515229,1.0,0.5991410065515229
2392,2392,0.2972378336744578,0.0,0.2972378336744578
2393,2393,0.6559767966542951,1.0,0.6559767966542951
2394,2394,0.1555832240233085,0.0,0.1555832240233085
2395,2395,0.700853521798417,0.0,0.700853521798417
2396,2396,0.5616265585638508,0.0,0.5616265585638508
2397,2397,0.06158567427579298,0.0,0.06158567427579298
2398,2398,0.3759053292074095,1.0,0.3759053292074095
2399,2399,0.32546240110650115,0.0,0.32546240110650115
2400,2400,0.1550200719878223,0.0,0.1550200719878223
2401,2401,0.6611905770452985,1.0,0.6611905770452985
2402,2402,0.4871584072796925,0.0,0.4871584072796925
2403,2403,0.07758778101942765,0.0,0.07758778101942765
2404,2404,0.8549485762527288,1.0,0.8549485762527288
2405,2405,0.24297511082533818,0.0,0.24297511082533818
2406,2406,0.3153184972116616,0.0,0.3153184972116616
2407,2407,0.9960864836790089,1.0,0.9960864836790089
2408,2408,0.609171766209988,1.0,0.609171766209988
2409,2409,0.6742594996572359,0.0,0.6742594996572359
2410,2410,0.1914058555301562,0.0,0.1914058555301562
2411,2411,0.5566107881594634,1.0,0.5566107881594634
2412,2412,0.29566948133255166,0.0,0.29566948133255166
2413,2413,0.7830803175520393,1.0,0.7830803175520393
2414,2414,0.3260033235744245,1.0,0.3260033235744245
2415,2415,0.3061472406228314,1.0,0.3061472406228314
2416,2416,0.7331604983264348,1.0,0.7331604983264348
2417,2417,0.3459306356731665,1.0,0.3459306356731665
2418,2418,0.34872127464521596,0.0,0.34872127464521596
2419,2419,0.8616650920874347,1.0,0.8616650920874347
2420,2420,0.3015567879719424,0.0,0.3015567879719424
2421,2421,0.5297302510957986,1.0,0.5297302510957986
2422,2422,0.8163014425979098,1.0,0.8163014425979098
2423,2423,0.36926358374550217,0.0,0.36926358374550217
2424,2424,0.24657323034594325,0.0,0.24657323034594325
2425,2425,0.9629126419997207,1.0,0.9629126419997207
2426,2426,0.8801775337434335,1.0,0.8801775337434335
2427,2427,0.08501475858502472,0.0,0.08501475858502472
2428,2428,0.09018355394409172,0.0,0.09018355394409172
2429,2429,0.2997416945872383,0.0,0.2997416945872383
2430,2430,0.4121177729776023,0.0,0.4121177729776023
2431,2431,0.4835164522163261,0.0,0.4835164522163261
2432,2432,0.36583095533331267,0.0,0.36583095533331267
2433,2433,0.01661503342451054,0.0,0.01661503342451054
2434,2434,0.8537962729380852,1.0,0.8537962729380852
2435,2435,0.37646372252494076,0.0,0.37646372252494076
2436,2436,0.3297297931782339,1.0,0.3297297931782339
2437,2437,0.44735876604946534,0.0,0.44735876604946534
2438,2438,0.6941426992629466,1.0,0.6941426992629466
2439,2439,0.3523568779972105,0.0,0.3523568779972105
2440,2440,0.05697563202963063,0.0,0.05697563202963063
2441,2441,0.7177380146363574,1.0,0.7177380146363574
2442,2442,0.41906639835753534,0.0,0.41906639835753534
2443,2443,0.7006367106854758,1.0,0.7006367106854758
2444,2444,0.9873446250617507,1.0,0.9873446250617507
2445,2445,0.9682781188140545,1.0,0.9682781188140545
2446,2446,0.9330836234150938,1.0,0.9330836234150938
2447,2447,0.8731122948182461,1.0,0.8731122948182461
2448,2448,0.7562827752565148,1.0,0.7562827752565148
2449,2449,0.7609298430329112,1.0,0.7609298430329112
2450,2450,0.9363657703117659,1.0,0.9363657703117659
2451,2451,0.33459452333063056,1.0,0.33459452333063056
2452,2452,0.5795627902279826,1.0,0.5795627902279826
2453,2453,0.1877896191059234,1.0,0.1877896191059234
2454,2454,0.9733947797214311,1.0,0.9733947797214311
2455,2455,0.530418309153269,1.0,0.530418309153269
2456,2456,0.24452922663145027,0.0,0.24452922663145027
2457,2457,0.8529856963256737,1.0,0.8529856963256737
2458,2458,0.3548514251593168,1.0,0.3548514251593168
2459,2459,0.4812610711510583,0.0,0.4812610711510583
2460,2460,0.21541373414419285,1.0,0.21541373414419285
2461,2461,0.7079141270235113,0.0,0.7079141270235113
2462,2462,0.34838499759572306,1.0,0.34838499759572306
2463,2463,0.14584171780863453,0.0,0.14584171780863453
2464,2464,0.3557165335173095,1.0,0.3557165335173095
2465,2465,0.7198839530200563,0.0,0.7198839530200563
2466,2466,0.46375878514453794,0.0,0.46375878514453794
2467,2467,0.3002692227287378,0.0,0.3002692227287378
2468,2468,0.13689488681664908,0.0,0.13689488681664908
2469,2469,0.05950408900738613,0.0,0.05950408900738613
2470,2470,0.3588376935902319,0.0,0.3588376935902319
2471,2471,0.26753194605860753,0.0,0.26753194605860753
2472,2472,0.5909741521417424,1.0,0.5909741521417424
2473,2473,0.6885044283098938,0.0,0.6885044283098938
2474,2474,0.8948675381205772,1.0,0.8948675381205772
2475,2475,0.7812726380999542,1.0,0.7812726380999542
2476,2476,0.428115168408955,0.0,0.428115168408955
2477,2477,0.9380816550154804,1.0,0.9380816550154804
2478,2478,0.17014266588617055,1.0,0.17014266588617055
2479,2479,0.8982985712715582,1.0,0.8982985712715582
2480,2480,0.29838104907987806,0.0,0.29838104907987806
2481,2481,0.9068787150982706,1.0,0.9068787150982706
2482,2482,0.4982959616603674,1.0,0.4982959616603674
2483,2483,0.4412203181814235,1.0,0.4412203181814235
2484,2484,0.5101072942199847,0.0,0.5101072942199847
2485,2485,0.9142253563422905,1.0,0.9142253563422905
2486,2486,0.3048192944649042,0.0,0.3048192944649042
2487,2487,0.6556544700056737,0.0,0.6556544700056737
2488,2488,0.11813389464123303,0.0,0.11813389464123303
2489,2489,0.23974860520243158,0.0,0.23974860520243158
2490,2490,0.9549164564824306,1.0,0.9549164564824306
2491,2491,0.6634767173772511,0.0,0.6634767173772511
2492,2492,0.3314705248153058,1.0,0.3314705248153058
2493,2493,0.9021039299186955,1.0,0.9021039299186955
2494,2494,0.7869144796567566,1.0,0.7869144796567566
2495,2495,0.8231791237263146,0.0,0.8231791237263146
2496,2496,0.06208810693313427,0.0,0.06208810693313427
2497,2497,0.19362903889337035,0.0,0.19362903889337035
2498,2498,0.29398277271589823,0.0,0.29398277271589823
2499,2499,0.07519031304202906,0.0,0.07519031304202906
2500,2500,0.7387538961699578,0.0,0.7387538961699578
2501,2501,0.564209367552134,1.0,0.564209367552134
2502,2502,0.008595725841138435,0.0,0.008595725841138435
2503,2503,0.027903991587337917,0.0,0.027903991587337917
2504,2504,0.6148428251466151,1.0,0.6148428251466151
2505,2505,0.21814629022071585,1.0,0.21814629022071585
2506,2506,0.4328197968719639,0.0,0.4328197968719639
2507,2507,0.4543484689695244,0.0,0.4543484689695244
2508,2508,0.4809580483979261,0.0,0.4809580483979261
2509,2509,0.5235249471578534,1.0,0.5235249471578534
2510,2510,0.02599288627378138,0.0,0.02599288627378138
2511,2511,0.832797147968883,1.0,0.832797147968883
2512,2512,0.6698989783532558,0.0,0.6698989783532558
2513,2513,0.8710087518660043,1.0,0.8710087518660043
2514,2514,0.10596371814010108,1.0,0.10596371814010108
2515,2515,0.029175456621426288,0.0,0.029175456621426288
2516,2516,0.7524299527384671,0.0,0.7524299527384671
2517,2517,0.03176523904293094,0.0,0.03176523904293094
2518,2518,0.1241312381116021,0.0,0.1241312381116021
2519,2519,0.5819825366990721,1.0,0.5819825366990721
2520,2520,0.26187881369228394,0.0,0.26187881369228394
2521,2521,0.7275490814859705,1.0,0.7275490814859705
2522,2522,0.6564285709414525,1.0,0.6564285709414525
2523,2523,0.7397314848820853,1.0,0.7397314848820853
2524,2524,0.08929170126854846,0.0,0.08929170126854846
2525,2525,0.06471046191780794,0.0,0.06471046191780794
2526,2526,0.7826748994912397,1.0,0.7826748994912397
2527,2527,0.7142186847856208,1.0,0.7142186847856208
2528,2528,0.6226850912807991,0.0,0.6226850912807991
2529,2529,0.1258493107053148,0.0,0.1258493107053148
2530,2530,0.9149578702347709,1.0,0.9149578702347709
2531,2531,0.20607053427397193,0.0,0.20607053427397193
2532,2532,0.8835390611502175,1.0,0.8835390611502175
2533,2533,0.7685289483099195,1.0,0.7685289483099195
2534,2534,0.32539525059669605,1.0,0.32539525059669605
2535,2535,0.011139007780973098,0.0,0.011139007780973098
2536,2536,0.20317657279302204,0.0,0.20317657279302204
2537,2537,0.09774408600964879,0.0,0.09774408600964879
2538,2538,0.7005915332999357,0.0,0.7005915332999357
2539,2539,0.19792339106375212,0.0,0.19792339106375212
2540,2540,0.21120184420082133,1.0,0.21120184420082133
2541,2541,0.9641353973121688,1.0,0.9641353973121688
2542,2542,0.31233953173187357,1.0,0.31233953173187357
2543,2543,0.6364186440517703,0.0,0.6364186440517703
2544,2544,0.6141301404975711,1.0,0.6141301404975711
2545,2545,0.2854381260141038,1.0,0.2854381260141038
2546,2546,0.8218864872110961,1.0,0.8218864872110961
2547,2547,0.5246433227019225,1.0,0.5246433227019225
2548,2548,0.3300943165625797,1.0,0.3300943165625797
2549,2549,0.4794743633949504,1.0,0.4794743633949504
2550,2550,0.09995838426680315,0.0,0.09995838426680315
2551,2551,0.49069089844058655,0.0,0.49069089844058655
2552,2552,0.5851312204719259,1.0,0.5851312204719259
2553,2553,0.4012141038563203,0.0,0.4012141038563203
2554,2554,0.19357254847001082,0.0,0.19357254847001082
2555,2555,0.3723274412812305,1.0,0.3723274412812305
2556,2556,0.4850538769292597,0.0,0.4850538769292597
2557,2557,0.2200906945755462,1.0,0.2200906945755462
2558,2558,0.12087415453527806,0.0,0.12087415453527806
2559,2559,0.17144285208971188,0.0,0.17144285208971188
2560,2560,0.9037784731150491,1.0,0.9037784731150491
2561,2561,0.987100536982857,1.0,0.987100536982857
2562,2562,0.1603949796550873,0.0,0.1603949796550873
2563,2563,0.5257350078408097,1.0,0.5257350078408097
2564,2564,0.3221578638435808,0.0,0.3221578638435808
2565,2565,0.4308174410728861,1.0,0.4308174410728861
2566,2566,0.8336419337768556,1.0,0.8336419337768556
2567,2567,0.13868922799536954,0.0,0.13868922799536954
2568,2568,0.9317872633840156,1.0,0.9317872633840156
2569,2569,0.9091912263685131,1.0,0.9091912263685131
2570,2570,0.34705159627592097,1.0,0.34705159627592097
2571,2571,0.46759152284464534,1.0,0.46759152284464534
2572,2572,0.18010308922031903,0.0,0.18010308922031903
2573,2573,0.25389779553158653,0.0,0.25389779553158653
2574,2574,0.20129358734147218,0.0,0.20129358734147218
2575,2575,0.6771487773586568,1.0,0.6771487773586568
2576,2576,0.02698208648782696,0.0,0.02698208648782696
2577,2577,0.28108796567089434,0.0,0.28108796567089434
2578,2578,0.36190725541684143,0.0,0.36190725541684143
2579,2579,0.4322675648030154,1.0,0.4322675648030154
2580,2580,0.09696112426393633,0.0,0.09696112426393633
2581,2581,0.5923016461520956,0.0,0.5923016461520956
2582,2582,0.8166549801753578,0.0,0.8166549801753578
2583,2583,0.2817702160880523,0.0,0.2817702160880523
2584,2584,0.11720859428396946,0.0,0.11720859428396946
2585,2585,0.10567195285403996,1.0,0.10567195285403996
2586,2586,0.295158711239376,0.0,0.295158711239376
2587,2587,0.8296462727480313,1.0,0.8296462727480313
2588,2588,0.6961648049396513,1.0,0.6961648049396513
2589,2589,0.6081456000194363,1.0,0.6081456000194363
2590,2590,0.12786070414814876,1.0,0.12786070414814876
2591,2591,0.014584367863103687,0.0,0.014584367863103687
2592,2592,0.8423014021368799,1.0,0.8423014021368799
2593,2593,0.15510522959760398,1.0,0.15510522959760398
2594,2594,0.289351847317749,0.0,0.289351847317749
2595,2595,0.8673712313158803,1.0,0.8673712313158803
2596,2596,0.9930704069865419,1.0,0.9930704069865419
2597,2597,0.037347649640014025,0.0,0.037347649640014025
2598,2598,0.4785402673981616,0.0,0.4785402673981616
2599,2599,0.520908333322657,0.0,0.520908333322657
2600,2600,0.643267826472124,0.0,0.643267826472124
2601,2601,0.6336137284356178,1.0,0.6336137284356178
2602,2602,0.25494738246754545,1.0,0.25494738246754545
2603,2603,0.26729328369021244,0.0,0.26729328369021244
2604,2604,0.1699301696665273,0.0,0.1699301696665273
2605,2605,0.6757552075268736,1.0,0.6757552075268736
2606,2606,0.7911490312659398,1.0,0.7911490312659398
2607,2607,0.9371744490719967,1.0,0.9371744490719967
2608,2608,0.08005711251820957,0.0,0.08005711251820957
2609,2609,0.17062320856167723,0.0,0.17062320856167723
2610,2610,0.02318098588384776,0.0,0.02318098588384776
2611,2611,0.6642799673469132,1.0,0.6642799673469132
2612,2612,0.7457215680678999,0.0,0.7457215680678999
2613,2613,0.08288557696095633,0.0,0.08288557696095633
2614,2614,0.2504510208928348,0.0,0.2504510208928348
2615,2615,0.42909384562674435,1.0,0.42909384562674435
2616,2616,0.1563956807057122,0.0,0.1563956807057122
2617,2617,0.04073960571073931,0.0,0.04073960571073931
2618,2618,0.08492126211031281,0.0,0.08492126211031281
2619,2619,0.8035352798620115,0.0,0.8035352798620115
2620,2620,0.3280583303109421,1.0,0.3280583303109421
2621,2621,0.13729222133724783,0.0,0.13729222133724783
2622,2622,0.8572705676351361,1.0,0.8572705676351361
2623,2623,0.4863749406615542,0.0,0.4863749406615542
2624,2624,0.47318258051626294,0.0,0.47318258051626294
2625,2625,0.08473042697688249,0.0,0.08473042697688249
2626,2626,0.624866718458413,1.0,0.624866718458413
2627,2627,0.6718234781091234,1.0,0.6718234781091234
2628,2628,0.772038458362448,0.0,0.772038458362448
2629,2629,0.24197647975943226,0.0,0.24197647975943226
2630,2630,0.2933182263336279,1.0,0.2933182263336279
2631,2631,0.09590394931142865,0.0,0.09590394931142865
2632,2632,0.22985932510538187,0.0,0.22985932510538187
2633,2633,0.3699659480849893,1.0,0.3699659480849893
2634,2634,0.19964153226328452,0.0,0.19964153226328452
2635,2635,0.018034399125612666,0.0,0.018034399125612666
2636,2636,0.6846262434148033,1.0,0.6846262434148033
2637,2637,0.19766694500870818,0.0,0.19766694500870818
2638,2638,0.8649810723585131,1.0,0.8649810723585131
2639,2639,0.3553028299345721,1.0,0.3553028299345721
2640,2640,0.8639150783165251,1.0,0.8639150783165251
2641,2641,0.28680099765558376,0.0,0.28680099765558376
2642,2642,0.3367385488609732,1.0,0.3367385488609732
2643,2643,0.6149948141842887,0.0,0.6149948141842887
2644,2644,0.45503635592474845,0.0,0.45503635592474845
2645,2645,0.08749626421273704,1.0,0.08749626421273704
2646,2646,0.2636992178398656,0.0,0.2636992178398656
2647,2647,0.5935011576797354,1.0,0.5935011576797354
2648,2648,0.4535698472890378,1.0,0.4535698472890378
2649,2649,0.21268200351851252,0.0,0.21268200351851252
2650,2650,0.027548375718601914,1.0,0.027548375718601914
2651,2651,0.38177249116058565,0.0,0.38177249116058565
2652,2652,0.6154501515376504,1.0,0.6154501515376504
2653,2653,0.10487140888069024,0.0,0.10487140888069024
2654,2654,0.8320860593726699,1.0,0.8320860593726699
2655,2655,0.16321142579774006,0.0,0.16321142579774006
2656,2656,0.03204576257385816,0.0,0.03204576257385816
2657,2657,0.9653371958674045,1.0,0.9653371958674045
2658,2658,0.9765033808525883,1.0,0.9765033808525883
2659,2659,0.4956764119717568,0.0,0.4956764119717568
2660,2660,0.5437102936734265,0.0,0.5437102936734265
2661,2661,0.1715673553671071,0.0,0.1715673553671071
2662,2662,0.3168871497918866,0.0,0.3168871497918866
2663,2663,0.7781823989397462,1.0,0.7781823989397462
2664,2664,0.2185412262094678,0.0,0.2185412262094678
2665,2665,0.22465837327916593,0.0,0.22465837327916593
2666,2666,0.2978391389220991,0.0,0.2978391389220991
2667,2667,0.7205868720878374,1.0,0.7205868720878374
2668,2668,0.588043809703484,1.0,0.588043809703484
2669,2669,0.449397459551404,0.0,0.449397459551404
2670,2670,0.8181996870496556,1.0,0.8181996870496556
2671,2671,0.9878761485149339,1.0,0.9878761485149339
2672,2672,0.8181131013296903,0.0,0.8181131013296903
2673,2673,0.7687714327870254,0.0,0.7687714327870254
2674,2674,0.28557790040291264,0.0,0.28557790040291264
2675,2675,0.9057280901765329,1.0,0.9057280901765329
2676,2676,0.04002955379061468,0.0,0.04002955379061468
2677,2677,0.13248698362317846,0.0,0.13248698362317846
2678,2678,0.4730840364767811,1.0,0.4730840364767811
2679,2679,0.22555077869401785,1.0,0.22555077869401785
2680,2680,0.46388586088233463,1.0,0.46388586088233463
2681,2681,0.0842845097041488,0.0,0.0842845097041488
2682,2682,0.5716870317844057,1.0,0.5716870317844057
2683,2683,0.22443854999826307,0.0,0.22443854999826307
2684,2684,0.6926604194890854,1.0,0.6926604194890854
2685,2685,0.011854298327906188,0.0,0.011854298327906188
2686,2686,0.6074205408562475,1.0,0.6074205408562475
2687,2687,0.6221895307825683,0.0,0.6221895307825683
2688,2688,0.40807238067332363,1.0,0.40807238067332363
2689,2689,0.790941341988378,1.0,0.790941341988378
2690,2690,0.9285859775914873,1.0,0.9285859775914873
2691,2691,0.4987647530109198,1.0,0.4987647530109198
2692,2692,0.6407621599318406,1.0,0.6407621599318406
2693,2693,0.6394352260491127,0.0,0.6394352260491127
2694,2694,0.9440478707268076,1.0,0.9440478707268076
2695,2695,0.3854443503904953,0.0,0.3854443503904953
2696,2696,0.26145226975322533,0.0,0.26145226975322533
2697,2697,0.33076856194559845,1.0,0.33076856194559845
2698,2698,0.9985452619161641,1.0,0.9985452619161641
2699,2699,0.25170222896774896,0.0,0.25170222896774896
2700,2700,0.3884848050244729,1.0,0.3884848050244729
2701,2701,0.6496167408555833,0.0,0.6496167408555833
2702,2702,0.8809757722364295,1.0,0.8809757722364295
2703,2703,0.22219965993780966,0.0,0.22219965993780966
2704,2704,0.19814231549170425,0.0,0.19814231549170425
2705,2705,0.05355961019766908,0.0,0.05355961019766908
2706,2706,0.9322393702753309,1.0,0.9322393702753309
2707,2707,0.2671953123044284,1.0,0.2671953123044284
2708,2708,0.6850480389671499,1.0,0.6850480389671499
2709,2709,0.005796834214083946,0.0,0.005796834214083946
2710,2710,0.740725132773096,1.0,0.740725132773096
2711,2711,0.5426794254769011,0.0,0.5426794254769011
2712,2712,0.8051271867649444,1.0,0.8051271867649444
2713,2713,0.09119935820901581,0.0,0.09119935820901581
2714,2714,0.012979828506052393,0.0,0.012979828506052393
2715,2715,0.7959646280896778,1.0,0.7959646280896778
2716,2716,0.6034175863817324,1.0,0.6034175863817324
2717,2717,0.2774105098453842,1.0,0.2774105098453842
2718,2718,0.8199308078417875,0.0,0.8199308078417875
2719,2719,0.7963273973672836,1.0,0.7963273973672836
2720,2720,0.9937249197884868,1.0,0.9937249197884868
2721,2721,0.17729038552637078,0.0,0.17729038552637078
2722,2722,0.5066938499536211,0.0,0.5066938499536211
2723,2723,0.6697376463452627,0.0,0.6697376463452627
2724,2724,0.8843998734115621,1.0,0.8843998734115621
2725,2725,0.1276969966572329,0.0,0.1276969966572329
2726,2726,0.8599465886183383,1.0,0.8599465886183383
2727,2727,0.16678656097138844,0.0,0.16678656097138844
2728,2728,0.7429241308259236,1.0,0.7429241308259236
2729,2729,0.6048900709658525,1.0,0.6048900709658525
2730,2730,0.5914364235590599,0.0,0.5914364235590599
2731,2731,0.17762308307430497,1.0,0.17762308307430497
2732,2732,0.7341519322224256,1.0,0.7341519322224256
2733,2733,0.6023969310015561,0.0,0.6023969310015561
2734,2734,0.7454198492040648,1.0,0.7454198492040648
2735,2735,0.2304469207719404,0.0,0.2304469207719404
2736,2736,0.06240822868889129,0.0,0.06240822868889129
2737,2737,0.44871606044445767,1.0,0.44871606044445767
2738,2738,0.15552330774053014,1.0,0.15552330774053014
2739,2739,0.08172136260954899,0.0,0.08172136260954899
2740,2740,0.22776492948108384,0.0,0.22776492948108384
2741,2741,0.7967099107122774,0.0,0.7967099107122774
2742,2742,0.8657281545083124,1.0,0.8657281545083124
2743,2743,0.9289620194774109,1.0,0.9289620194774109
2744,2744,0.4156724943407072,0.0,0.4156724943407072
2745,2745,0.7487970448360162,1.0,0.7487970448360162
2746,2746,0.4865780838664948,0.0,0.4865780838664948
2747,2747,0.14090602196531998,0.0,0.14090602196531998
2748,2748,0.3584693704232086,0.0,0.3584693704232086
2749,2749,0.10614548566099558,1.0,0.10614548566099558
2750,2750,0.6384170273721386,1.0,0.6384170273721386
2751,2751,0.02866042228689958,0.0,0.02866042228689958
2752,2752,0.5668060786331878,1.0,0.5668060786331878
2753,2753,0.809692616809901,1.0,0.809692616809901
2754,2754,0.5308621696823612,1.0,0.5308621696823612
2755,2755,0.5005717088202205,0.0,0.5005717088202205
2756,2756,0.06095805393540432,0.0,0.06095805393540432
2757,2757,0.4600748994107363,1.0,0.4600748994107363
2758,2758,0.5180855666026253,0.0,0.5180855666026253
2759,2759,0.6560857291013111,1.0,0.6560857291013111
2760,2760,0.22810036905621833,0.0,0.22810036905621833
2761,2761,0.6135364280609014,0.0,0.6135364280609014
2762,2762,0.8861891666501319,1.0,0.8861891666501319
2763,2763,0.63139059799678,1.0,0.63139059799678
2764,2764,0.7795701874302585,1.0,0.7795701874302585
2765,2765,0.9931442140563373,1.0,0.9931442140563373
2766,2766,0.4269067831244089,0.0,0.4269067831244089
2767,2767,0.6814070217919886,1.0,0.6814070217919886
2768,2768,0.19189916870290125,0.0,0.19189916870290125
2769,2769,0.25666298231177875,0.0,0.25666298231177875
2770,2770,0.1367318745791597,1.0,0.1367318745791597
2771,2771,0.5553357237564307,1.0,0.5553357237564307
2772,2772,0.7779676684837239,1.0,0.7779676684837239
2773,2773,0.33367264232796234,0.0,0.33367264232796234
2774,2774,0.8584016054718457,1.0,0.8584016054718457
2775,2775,0.861751767988393,1.0,0.861751767988393
2776,2776,0.719149029307781,1.0,0.719149029307781
2777,2777,0.02866847220401858,0.0,0.02866847220401858
2778,2778,0.8391784036336989,1.0,0.8391784036336989
2779,2779,0.3596026086629366,1.0,0.3596026086629366
2780,2780,0.6151675860249305,0.0,0.6151675860249305
2781,2781,0.6867357252374137,1.0,0.6867357252374137
2782,2782,0.7177527266998733,1.0,0.7177527266998733
2783,2783,0.4445558087234691,1.0,0.4445558087234691
2784,2784,0.39347816226500276,1.0,0.39347816226500276
2785,2785,0.13261693482046433,0.0,0.13261693482046433
2786,2786,0.10689724926442257,0.0,0.10689724926442257
2787,2787,0.491011619254608,0.0,0.491011619254608
2788,2788,0.3047059509910315,1.0,0.3047059509910315
2789,2789,0.08046935015197254,0.0,0.08046935015197254
2790,2790,0.5348587269681333,0.0,0.5348587269681333
2791,2791,0.2713832319013475,0.0,0.2713832319013475
2792,2792,0.1908501369457103,1.0,0.1908501369457103
2793,2793,0.38653553316563494,0.0,0.38653553316563494
2794,2794,0.09299887392635175,1.0,0.09299887392635175
2795,2795,0.4260173476845581,0.0,0.4260173476845581
2796,2796,0.5285610594834094,1.0,0.5285610594834094
2797,2797,0.7543160975000105,0.0,0.7543160975000105
2798,2798,0.788870026122825,1.0,0.788870026122825
2799,2799,0.9472856204072427,1.0,0.9472856204072427
2800,2800,0.09591512766333532,0.0,0.09591512766333532
2801,2801,0.7517803954257082,0.0,0.7517803954257082
2802,2802,0.10279263814696915,0.0,0.10279263814696915
2803,2803,0.043417348979651105,0.0,0.043417348979651105
2804,2804,0.6386164641784327,0.0,0.6386164641784327
2805,2805,0.9725371384540532,1.0,0.9725371384540532
2806,2806,0.2835463708852375,0.0,0.2835463708852375
2807,2807,0.5461905583048031,1.0,0.5461905583048031
2808,2808,0.7045619356502276,1.0,0.7045619356502276
2809,2809,0.47932845103029076,0.0,0.47932845103029076
2810,2810,0.9306489942437634,1.0,0.9306489942437634
2811,2811,0.1962291715428217,0.0,0.1962291715428217
2812,2812,0.17631125708734063,0.0,0.17631125708734063
2813,2813,0.398161227744697,1.0,0.398161227744697
2814,2814,0.5833358353073423,1.0,0.5833358353073423
2815,2815,0.15616857560000696,0.0,0.15616857560000696
2816,2816,0.28524590067544675,0.0,0.28524590067544675
2817,2817,0.5931529564205766,0.0,0.5931529564205766
2818,2818,0.6660608620293698,0.0,0.6660608620293698
2819,2819,0.10296598251583988,1.0,0.10296598251583988
2820,2820,0.5151614969211745,0.0,0.5151614969211745
2821,2821,0.8482187699810635,1.0,0.8482187699810635
2822,2822,0.2904048192460905,1.0,0.2904048192460905
2823,2823,0.8466653573620972,1.0,0.8466653573620972
2824,2824,0.9858166137170268,1.0,0.9858166137170268
2825,2825,0.5490274451981585,1.0,0.5490274451981585
2826,2826,0.4779866125957981,0.0,0.4779866125957981
2827,2827,0.6016384802323291,0.0,0.6016384802323291
2828,2828,0.4850106049664117,0.0,0.4850106049664117
2829,2829,0.9556794872703945,1.0,0.9556794872703945
2830,2830,0.6378516454777634,0.0,0.6378516454777634
2831,2831,0.39633208990977764,0.0,0.39633208990977764
2832,2832,0.10484813445619934,0.0,0.10484813445619934
2833,2833,0.6326675016001031,1.0,0.6326675016001031
2834,2834,0.17471622809488885,0.0,0.17471622809488885
2835,2835,0.19787645189686232,0.0,0.19787645189686232
2836,2836,0.09766742495320946,0.0,0.09766742495320946
2837,2837,0.5484413671854974,0.0,0.5484413671854974
2838,2838,0.79886958812331,1.0,0.79886958812331
2839,2839,0.8635212455740956,1.0,0.8635212455740956
2840,2840,0.25654624623820943,0.0,0.25654624623820943
2841,2841,0.8226983443592664,1.0,0.8226983443592664
2842,2842,0.8282742713498883,1.0,0.8282742713498883
2843,2843,0.9533005491718703,1.0,0.9533005491718703
2844,2844,0.5983609397684704,1.0,0.5983609397684704
2845,2845,0.17812273901383469,0.0,0.17812273901383469
2846,2846,0.5508530043682285,0.0,0.5508530043682285
2847,2847,0.02379837210046476,0.0,0.02379837210046476
2848,2848,0.2723584874470296,0.0,0.2723584874470296
2849,2849,0.3415279686774023,0.0,0.3415279686774023
2850,2850,0.026151159988855643,0.0,0.026151159988855643
2851,2851,0.1691938677926531,0.0,0.1691938677926531
2852,2852,0.9012266334391993,1.0,0.9012266334391993
2853,2853,0.5329548606069668,0.0,0.5329548606069668
2854,2854,0.7639793945187223,1.0,0.7639793945187223
2855,2855,0.2949183115104128,0.0,0.2949183115104128
2856,2856,0.381190312161266,1.0,0.381190312161266
2857,2857,0.32502132691792873,0.0,0.32502132691792873
2858,2858,0.9427924160915755,1.0,0.9427924160915755
2859,2859,0.43734451484441594,1.0,0.43734451484441594
2860,2860,0.6752947574968563,1.0,0.6752947574968563
2861,2861,0.23148303152893102,0.0,0.23148303152893102
2862,2862,0.8750076873317812,1.0,0.8750076873317812
2863,2863,0.1664403258774727,0.0,0.1664403258774727
2864,2864,0.5058224933302019,0.0,0.5058224933302019
2865,2865,0.9622987172270331,1.0,0.9622987172270331
2866,2866,0.20443456811232696,0.0,0.20443456811232696
2867,2867,0.15985327021120077,0.0,0.15985327021120077
2868,2868,0.40912539111598745,1.0,0.40912539111598745
2869,2869,0.6195544764138047,1.0,0.6195544764138047
2870,2870,0.9933754131737375,1.0,0.9933754131737375
2871,2871,0.4514492847260906,1.0,0.4514492847260906
2872,2872,0.8025228861764827,1.0,0.8025228861764827
2873,2873,0.42750440199245365,1.0,0.42750440199245365
2874,2874,0.2689226588611563,0.0,0.2689226588611563
2875,2875,0.28485024625440225,0.0,0.28485024625440225
2876,2876,0.9796120353218073,1.0,0.9796120353218073
2877,2877,0.9637612213504968,1.0,0.9637612213504968
2878,2878,0.6613908131824726,1.0,0.6613908131824726
2879,2879,0.20623947363515815,0.0,0.20623947363515815
2880,2880,0.1696593876733029,0.0,0.1696593876733029
2881,2881,0.5316033052737127,1.0,0.5316033052737127
2882,2882,0.8658817392515006,0.0,0.8658817392515006
2883,2883,0.9385581341346018,1.0,0.9385581341346018
2884,2884,0.9940639659083516,1.0,0.9940639659083516
2885,2885,0.9341366537602019,1.0,0.9341366537602019
2886,2886,0.4466742108235776,0.0,0.4466742108235776
2887,2887,0.5378488975226998,0.0,0.5378488975226998
2888,2888,0.1865889864360717,1.0,0.1865889864360717
2889,2889,0.4651082293260833,0.0,0.4651082293260833
2890,2890,0.8463469013499332,1.0,0.8463469013499332
2891,2891,0.583870597826138,1.0,0.583870597826138
2892,2892,0.5077611200436969,1.0,0.5077611200436969
2893,2893,0.9207516155337221,1.0,0.9207516155337221
2894,2894,0.2683997217948437,0.0,0.2683997217948437
2895,2895,0.10394497329581698,0.0,0.10394497329581698
2896,2896,0.6189383750642905,0.0,0.6189383750642905
2897,2897,0.2261637802761043,0.0,0.2261637802761043
2898,2898,0.8304219068377902,1.0,0.8304219068377902
2899,2899,0.4599166535047756,1.0,0.4599166535047756
2900,2900,0.9191373300934887,1.0,0.9191373300934887
2901,2901,0.947031591119373,1.0,0.947031591119373
2902,2902,0.07718390076515813,0.0,0.07718390076515813
2903,2903,0.23066935441898906,1.0,0.23066935441898906
2904,2904,0.9952753222031474,1.0,0.9952753222031474
2905,2905,0.08293972167878494,0.0,0.08293972167878494
2906,2906,0.33744156152148763,0.0,0.33744156152148763
2907,2907,0.4089759754836765,1.0,0.4089759754836765
2908,2908,0.640535486715226,1.0,0.640535486715226
2909,2909,0.4504104813058284,0.0,0.4504104813058284
2910,2910,0.43499605936422747,0.0,0.43499605936422747
2911,2911,0.9040887316619648,1.0,0.9040887316619648
2912,2912,0.8621172565161458,1.0,0.8621172565161458
2913,2913,0.04890688199527027,0.0,0.04890688199527027
2914,2914,0.6699802330338376,0.0,0.6699802330338376
2915,2915,0.30784594391711995,1.0,0.30784594391711995
2916,2916,0.5287769331357005,0.0,0.5287769331357005
2917,2917,0.27600149299647536,0.0,0.27600149299647536
2918,2918,0.740044151185399,0.0,0.740044151185399
2919,2919,0.9624190018175693,1.0,0.9624190018175693
2920,2920,0.24450582903007023,0.0,0.24450582903007023
2921,2921,0.3577786489053194,0.0,0.3577786489053194
2922,2922,0.4392230394572457,1.0,0.4392230394572457
2923,2923,0.5089744903810575,1.0,0.5089744903810575
2924,2924,0.4937519614165785,1.0,0.4937519614165785
2925,2925,0.30490233300701786,0.0,0.30490233300701786
2926,2926,0.5516796938684542,0.0,0.5516796938684542
2927,2927,0.2912897286603271,1.0,0.2912897286603271
2928,2928,0.20821095978171467,1.0,0.20821095978171467
2929,2929,0.3120943769163408,1.0,0.3120943769163408
2930,2930,0.27001503594433107,0.0,0.27001503594433107
2931,2931,0.6832843454509252,1.0,0.6832843454509252
2932,2932,0.6133748963649751,1.0,0.6133748963649751
2933,2933,0.9074201954974099,1.0,0.9074201954974099
2934,2934,0.93225510639818,1.0,0.93225510639818
2935,2935,0.18211263833112934,0.0,0.18211263833112934
2936,2936,0.635472175314723,1.0,0.635472175314723
2937,2937,0.9565252292017759,0.0,0.9565252292017759
2938,2938,0.372165115302894,0.0,0.372165115302894
2939,2939,0.27559741219411393,0.0,0.27559741219411393
2940,2940,0.10342410379899447,0.0,0.10342410379899447
2941,2941,0.4401708199711981,1.0,0.4401708199711981
2942,2942,0.956516656908966,1.0,0.956516656908966
2943,2943,0.08513459778948251,0.0,0.08513459778948251
2944,2944,0.1840304207368606,0.0,0.1840304207368606
2945,2945,0.38588737257105254,1.0,0.38588737257105254
2946,2946,0.17508539896361297,0.0,0.17508539896361297
2947,2947,0.6219309124067864,0.0,0.6219309124067864
2948,2948,0.8765211219409904,1.0,0.8765211219409904
2949,2949,0.8873676030281215,0.0,0.8873676030281215
2950,2950,0.18250388445773869,0.0,0.18250388445773869
2951,2951,0.6563853261319332,0.0,0.6563853261319332
2952,2952,0.1741292660617495,0.0,0.1741292660617495
2953,2953,0.24291370692133918,0.0,0.24291370692133918
2954,2954,0.3178485049103845,0.0,0.3178485049103845
2955,2955,0.24611644524357879,1.0,0.24611644524357879
2956,2956,0.4792133804978197,0.0,0.4792133804978197
2957,2957,0.6573022011050962,1.0,0.6573022011050962
2958,2958,0.658642170868772,1.0,0.658642170868772
2959,2959,0.74193438948703,1.0,0.74193438948703
2960,2960,0.5723655431691901,0.0,0.5723655431691901
2961,2961,0.6816101084881012,1.0,0.6816101084881012
2962,2962,0.28090204096326543,0.0,0.28090204096326543
2963,2963,0.42238034685016546,0.0,0.42238034685016546
2964,2964,0.29990800890487845,1.0,0.29990800890487845
2965,2965,0.43646743538837696,0.0,0.43646743538837696
2966,2966,0.4974982900763515,1.0,0.4974982900763515
2967,2967,0.04178142777782745,0.0,0.04178142777782745
2968,2968,0.2499805145771763,1.0,0.2499805145771763
2969,2969,0.6497461663016643,1.0,0.6497461663016643
2970,2970,0.9043547408250533,1.0,0.9043547408250533
2971,2971,0.6798984520400388,0.0,0.6798984520400388
2972,2972,0.288512021551948,0.0,0.288512021551948
2973,2973,0.4070777002977921,0.0,0.4070777002977921
2974,2974,0.08442557856826738,0.0,0.08442557856826738
2975,2975,0.346894107429611,0.0,0.346894107429611
2976,2976,0.17351464413131457,0.0,0.17351464413131457
2977,2977,0.9208899012659101,1.0,0.9208899012659101
2978,2978,0.08239445934535483,0.0,0.08239445934535483
2979,2979,0.018332031347547684,0.0,0.018332031347547684
2980,2980,0.5813277056116029,1.0,0.5813277056116029
2981,2981,0.24908669943513695,0.0,0.24908669943513695
2982,2982,0.3686047240699897,0.0,0.3686047240699897
2983,2983,0.14578348087496928,0.0,0.14578348087496928
2984,2984,0.8430154029297462,0.0,0.8430154029297462
2985,2985,0.4242749392357321,1.0,0.4242749392357321
2986,2986,0.08979227627820974,0.0,0.08979227627820974
2987,2987,0.5832675344921732,1.0,0.5832675344921732
2988,2988,0.32724037068880363,1.0,0.32724037068880363
2989,2989,0.7414454445682986,1.0,0.7414454445682986
2990,2990,0.782939937661003,1.0,0.782939937661003
2991,2991,0.6674630685565792,1.0,0.6674630685565792
2992,2992,0.8851026121595662,0.0,0.8851026121595662
2993,2993,0.02472603890305114,0.0,0.02472603890305114
2994,2994,0.04012826057944541,1.0,0.04012826057944541
2995,2995,0.07759098609237314,0.0,0.07759098609237314
2996,2996,0.7497547162420916,0.0,0.7497547162420916
2997,2997,0.9433599160401913,1.0,0.9433599160401913
2998,2998,0.3120364652901717,0.0,0.3120364652901717
2999,2999,0.435943884906966,0.0,0.435943884906966
3000,3000,0.06408460817947248,0.0,0.06408460817947248
3001,3001,0.7088684100972519,1.0,0.7088684100972519
3002,3002,0.546093264002648,1.0,0.546093264002648
3003,3003,0.3356126093784657,0.0,0.3356126093784657
3004,3004,0.9586281820881982,1.0,0.9586281820881982
3005,3005,0.7600945741491617,1.0,0.7600945741491617
3006,3006,0.5302923992311664,0.0,0.5302923992311664
3007,3007,0.11214352230142499,0.0,0.11214352230142499
3008,3008,0.7858257742188248,1.0,0.7858257742188248
3009,3009,0.730523051485623,1.0,0.730523051485623
3010,3010,0.6024423132472952,0.0,0.6024423132472952
3011,3011,0.6241532173704549,1.0,0.6241532173704549
3012,3012,0.536636783493296,1.0,0.536636783493296
3013,3013,0.13718876223892396,1.0,0.13718876223892396
3014,3014,0.8952073761701311,0.0,0.8952073761701311
3015,3015,0.0025965131951175557,0.0,0.0025965131951175557
3016,3016,0.8715054089799181,1.0,0.8715054089799181
3017,3017,0.03215718559585112,0.0,0.03215718559585112
3018,3018,0.0017040188668316913,0.0,0.0017040188668316913
3019,3019,0.884168092616413,1.0,0.884168092616413
3020,3020,0.16952987717086865,1.0,0.16952987717086865
3021,3021,0.28692142581791524,0.0,0.28692142581791524
3022,3022,0.2851123725411714,0.0,0.2851123725411714
3023,3023,0.033372403786007254,0.0,0.033372403786007254
3024,3024,0.42284321307176465,1.0,0.42284321307176465
3025,3025,0.47213706100858643,0.0,0.47213706100858643
3026,3026,0.12278608939467583,1.0,0.12278608939467583
3027,3027,0.8493177364142322,1.0,0.8493177364142322
3028,3028,0.16969694089534282,1.0,0.16969694089534282
3029,3029,0.5433588970996768,0.0,0.5433588970996768
3030,3030,0.6945640317905863,0.0,0.6945640317905863
3031,3031,0.8869748723369039,1.0,0.8869748723369039
3032,3032,0.16575718852067423,1.0,0.16575718852067423
3033,3033,0.5051179204135297,0.0,0.5051179204135297
3034,3034,0.5972971221348751,0.0,0.5972971221348751
3035,3035,0.03385229271119228,0.0,0.03385229271119228
3036,3036,0.11014160197439782,1.0,0.11014160197439782
3037,3037,0.6763233579053076,1.0,0.6763233579053076
3038,3038,0.3717173467218611,0.0,0.3717173467218611
3039,3039,0.9907620060328122,1.0,0.9907620060328122
3040,3040,0.0007414019641777125,0.0,0.0007414019641777125
3041,3041,0.7235332829628454,0.0,0.7235332829628454
3042,3042,0.7690517405379939,1.0,0.7690517405379939
3043,3043,0.7473494009725551,1.0,0.7473494009725551
3044,3044,0.8796320122536664,1.0,0.8796320122536664
3045,3045,0.0626258339113247,0.0,0.0626258339113247
3046,3046,0.71823122888977,1.0,0.71823122888977
3047,3047,0.442944113159628,0.0,0.442944113159628
3048,3048,0.9670608259075766,1.0,0.9670608259075766
3049,3049,0.2042613725928084,1.0,0.2042613725928084
3050,3050,0.621971473036566,1.0,0.621971473036566
3051,3051,0.6468033314147305,1.0,0.6468033314147305
3052,3052,0.1966400534078956,0.0,0.1966400534078956
3053,3053,0.4737702582907738,0.0,0.4737702582907738
3054,3054,0.6178285302878305,1.0,0.6178285302878305
3055,3055,0.9646497056073133,1.0,0.9646497056073133
3056,3056,0.43677678029192357,1.0,0.43677678029192357
3057,3057,0.03625075668359534,0.0,0.03625075668359534
3058,3058,0.1920531769016166,0.0,0.1920531769016166
3059,3059,0.779214151903533,1.0,0.779214151903533
3060,3060,0.258861300902687,0.0,0.258861300902687
3061,3061,0.6847435080355346,1.0,0.6847435080355346
3062,3062,0.12336829673290339,0.0,0.12336829673290339
3063,3063,0.7992924257684993,1.0,0.7992924257684993
3064,3064,0.5091383843998988,1.0,0.5091383843998988
3065,3065,0.7374674341244739,1.0,0.7374674341244739
3066,3066,0.17522101128836332,0.0,0.17522101128836332
3067,3067,0.2952867795051305,0.0,0.2952867795051305
3068,3068,0.035878526572443836,0.0,0.035878526572443836
3069,3069,0.17557890277502286,0.0,0.17557890277502286
3070,3070,0.3571989384761487,0.0,0.3571989384761487
3071,3071,0.72521739868112,1.0,0.72521739868112
3072,3072,0.995206970396453,1.0,0.995206970396453
3073,3073,0.406221723075749,1.0,0.406221723075749
3074,3074,0.8711323573608099,0.0,0.8711323573608099
3075,3075,0.7491123115756837,1.0,0.7491123115756837
3076,3076,0.239483672790485,1.0,0.239483672790485
3077,3077,0.318694976564018,1.0,0.318694976564018
3078,3078,0.09313223313213348,0.0,0.09313223313213348
3079,3079,0.07289007339766018,0.0,0.07289007339766018
3080,3080,0.958042285991645,1.0,0.958042285991645
3081,3081,0.012817924095376076,0.0,0.012817924095376076
3082,3082,0.7989364858330877,1.0,0.7989364858330877
3083,3083,0.12027203759540261,0.0,0.12027203759540261
3084,3084,0.7209617854903743,1.0,0.7209617854903743
3085,3085,0.876098613660761,1.0,0.876098613660761
3086,3086,0.6592269429998069,1.0,0.6592269429998069
3087,3087,0.5549128966469891,1.0,0.5549128966469891
3088,3088,0.22604522561835472,0.0,0.22604522561835472
3089,3089,0.42415324900734774,0.0,0.42415324900734774
3090,3090,0.41753452802511637,0.0,0.41753452802511637
3091,3091,0.9969160775276227,1.0,0.9969160775276227
3092,3092,0.24519341804682504,0.0,0.24519341804682504
3093,3093,0.5277734214796129,0.0,0.5277734214796129
3094,3094,0.08432688350068485,0.0,0.08432688350068485
3095,3095,0.9258314009947761,1.0,0.9258314009947761
3096,3096,0.9437825545875291,1.0,0.9437825545875291
3097,3097,0.6451994792129034,1.0,0.6451994792129034
3098,3098,0.04886927948828568,0.0,0.04886927948828568
3099,3099,0.21310386511392587,0.0,0.21310386511392587
3100,3100,0.307841294760539,0.0,0.307841294760539
3101,3101,0.5360764183757629,0.0,0.5360764183757629
3102,3102,0.8628892528387784,0.0,0.8628892528387784
3103,3103,0.5438794222485247,1.0,0.5438794222485247
3104,3104,0.022192517807074208,0.0,0.022192517807074208
3105,3105,0.5488456592934927,1.0,0.5488456592934927
3106,3106,0.25786341745419394,1.0,0.25786341745419394
3107,3107,0.5167673695134078,0.0,0.5167673695134078
3108,3108,0.8348351015850439,0.0,0.8348351015850439
3109,3109,0.5378860066951624,1.0,0.5378860066951624
3110,3110,0.9382785752601623,1.0,0.9382785752601623
3111,3111,0.23710704710450037,0.0,0.23710704710450037
3112,3112,0.23296210614047486,0.0,0.23296210614047486
3113,3113,0.20678812022962523,0.0,0.20678812022962523
3114,3114,0.017338528984294332,0.0,0.017338528984294332
3115,3115,0.15081568150760705,0.0,0.15081568150760705
3116,3116,0.19470536057634769,1.0,0.19470536057634769
3117,3117,0.4207187913581689,0.0,0.4207187913581689
3118,3118,0.17494732748461939,1.0,0.17494732748461939
3119,3119,0.8997505012160103,1.0,0.8997505012160103
3120,3120,0.7109930739137517,0.0,0.7109930739137517
3121,3121,0.3272038158915854,0.0,0.3272038158915854
3122,3122,0.5053178216848861,0.0,0.5053178216848861
3123,3123,0.5075999051488422,0.0,0.5075999051488422
3124,3124,0.8739194497007661,1.0,0.8739194497007661
3125,3125,0.42994795687491116,1.0,0.42994795687491116
3126,3126,0.49463746394366137,1.0,0.49463746394366137
3127,3127,0.03981491176987817,0.0,0.03981491176987817
3128,3128,0.1121359157577193,0.0,0.1121359157577193
3129,3129,0.31178423721826976,1.0,0.31178423721826976
3130,3130,0.6087794844502032,1.0,0.6087794844502032
3131,3131,0.00503828253848182,0.0,0.00503828253848182
3132,3132,0.17157817772714234,0.0,0.17157817772714234
3133,3133,0.635598662568524,1.0,0.635598662568524
3134,3134,0.14707497526292002,1.0,0.14707497526292002
3135,3135,0.4324454695761504,0.0,0.4324454695761504
3136,3136,0.8216280158854093,1.0,0.8216280158854093
3137,3137,0.7274353234942753,1.0,0.7274353234942753
3138,3138,0.4672279760136758,1.0,0.4672279760136758
3139,3139,0.7697200050583014,1.0,0.7697200050583014
3140,3140,0.02578584847713583,0.0,0.02578584847713583
3141,3141,0.005508077714383219,0.0,0.005508077714383219
3142,3142,0.18056733354396703,0.0,0.18056733354396703
3143,3143,0.44155914627090065,1.0,0.44155914627090065
3144,3144,0.9188387982557739,1.0,0.9188387982557739
3145,3145,0.3082821380315013,0.0,0.3082821380315013
3146,3146,0.34763786610633374,0.0,0.34763786610633374
3147,3147,0.0806635271055206,0.0,0.0806635271055206
3148,3148,0.645720992392427,0.0,0.645720992392427
3149,3149,0.5517877078431084,1.0,0.5517877078431084
3150,3150,0.0154418765555423,0.0,0.0154418765555423
3151,3151,0.08761357866881314,0.0,0.08761357866881314
3152,3152,0.12227231315641507,0.0,0.12227231315641507
3153,3153,0.10791975421653899,0.0,0.10791975421653899
3154,3154,0.9569723875844202,1.0,0.9569723875844202
3155,3155,0.9207123993209518,1.0,0.9207123993209518
3156,3156,0.25520352232688237,1.0,0.25520352232688237
3157,3157,0.6261787738665623,1.0,0.6261787738665623
3158,3158,0.22137369096517823,1.0,0.22137369096517823
3159,3159,0.8320514970965547,0.0,0.8320514970965547
3160,3160,0.6512294581273261,1.0,0.6512294581273261
3161,3161,0.512978856984579,0.0,0.512978856984579
3162,3162,0.5989893086585789,1.0,0.5989893086585789
3163,3163,0.4848121470932295,1.0,0.4848121470932295
3164,3164,0.610441239752528,1.0,0.610441239752528
3165,3165,0.6632561222171666,1.0,0.6632561222171666
3166,3166,0.6724017435649324,0.0,0.6724017435649324
3167,3167,0.25772916018030967,0.0,0.25772916018030967
3168,3168,0.7166237835650573,0.0,0.7166237835650573
3169,3169,0.4397663283104417,1.0,0.4397663283104417
3170,3170,0.6815156289444471,0.0,0.6815156289444471
3171,3171,0.26490296694115834,0.0,0.26490296694115834
3172,3172,0.12468312955997596,0.0,0.12468312955997596
3173,3173,0.24859081536021654,0.0,0.24859081536021654
3174,3174,0.6948580583752739,1.0,0.6948580583752739
3175,3175,0.4373336608933124,0.0,0.4373336608933124
3176,3176,0.9641394226374678,1.0,0.9641394226374678
3177,3177,0.7490713110634967,1.0,0.7490713110634967
3178,3178,0.24968335330286306,0.0,0.24968335330286306
3179,3179,0.842919704240911,1.0,0.842919704240911
3180,3180,0.9478137535221278,1.0,0.9478137535221278
3181,3181,0.8769205545256774,1.0,0.8769205545256774
3182,3182,0.2567933064224589,0.0,0.2567933064224589
3183,3183,0.59318130606134,1.0,0.59318130606134
3184,3184,0.44487755778337934,1.0,0.44487755778337934
3185,3185,0.6031769893596782,0.0,0.6031769893596782
3186,3186,0.7742000846954956,1.0,0.7742000846954956
3187,3187,0.025662277428726843,0.0,0.025662277428726843
3188,3188,0.6336216670250155,0.0,0.6336216670250155
3189,3189,0.4716441584553098,1.0,0.4716441584553098
3190,3190,0.6097324989449875,1.0,0.6097324989449875
3191,3191,0.7517027692126729,0.0,0.7517027692126729
3192,3192,0.9454094322310235,1.0,0.9454094322310235
3193,3193,0.6018542540553737,1.0,0.6018542540553737
3194,3194,0.7019420728971437,1.0,0.7019420728971437
3195,3195,0.982651314814528,1.0,0.982651314814528
3196,3196,0.6790824256970754,1.0,0.6790824256970754
3197,3197,0.018618295789139094,0.0,0.018618295789139094
3198,3198,0.9472747042891627,1.0,0.9472747042891627
3199,3199,0.061279120937644205,0.0,0.061279120937644205
3200,3200,0.0932809421522719,0.0,0.0932809421522719
3201,3201,0.14263188890724365,0.0,0.14263188890724365
3202,3202,0.9503140859080975,1.0,0.9503140859080975
3203,3203,0.3914303531317501,0.0,0.3914303531317501
3204,3204,0.2801880978308705,0.0,0.2801880978308705
3205,3205,0.4224980734760512,1.0,0.4224980734760512
3206,3206,0.9560098043031281,1.0,0.9560098043031281
3207,3207,0.461251047039004,0.0,0.461251047039004
3208,3208,0.9160703554988673,1.0,0.9160703554988673
3209,3209,0.16348315409098146,0.0,0.16348315409098146
3210,3210,0.4972215056703231,1.0,0.4972215056703231
3211,3211,0.37715919489913585,1.0,0.37715919489913585
3212,3212,0.23640988558425757,0.0,0.23640988558425757
3213,3213,0.3745750445617262,0.0,0.3745750445617262
3214,3214,0.12315935569986314,1.0,0.12315935569986314
3215,3215,0.4639702309814089,1.0,0.4639702309814089
3216,3216,0.8951672802128935,0.0,0.8951672802128935
3217,3217,0.6165957757043442,1.0,0.6165957757043442
3218,3218,0.3311030993353318,1.0,0.3311030993353318
3219,3219,0.22140896870043436,1.0,0.22140896870043436
3220,3220,0.9603323758254153,1.0,0.9603323758254153
3221,3221,0.3783101197561116,0.0,0.3783101197561116
3222,3222,0.6000738223435225,0.0,0.6000738223435225
3223,3223,0.21460816037335462,1.0,0.21460816037335462
3224,3224,0.7522902411363672,1.0,0.7522902411363672
3225,3225,0.7126309448124066,1.0,0.7126309448124066
3226,3226,0.5051300024218689,0.0,0.5051300024218689
3227,3227,0.20281683729575128,0.0,0.20281683729575128
3228,3228,0.05050985242840178,0.0,0.05050985242840178
3229,3229,0.6527590244772287,1.0,0.6527590244772287
3230,3230,0.29025720721923987,0.0,0.29025720721923987
3231,3231,0.12785684406538222,0.0,0.12785684406538222
3232,3232,0.28978303724607524,0.0,0.28978303724607524
3233,3233,0.8537519039093318,1.0,0.8537519039093318
3234,3234,0.335191257202222,0.0,0.335191257202222
3235,3235,0.9664749786498787,1.0,0.9664749786498787
3236,3236,0.735317110566124,0.0,0.735317110566124
3237,3237,0.8860850933539284,1.0,0.8860850933539284
3238,3238,0.054419019608663355,0.0,0.054419019608663355
3239,3239,0.24573829718120466,0.0,0.24573829718120466
3240,3240,0.517902264369766,1.0,0.517902264369766
3241,3241,0.28037177078695674,1.0,0.28037177078695674
3242,3242,0.5367527315345582,1.0,0.5367527315345582
3243,3243,0.8480112524141791,1.0,0.8480112524141791
3244,3244,0.42024421178545146,0.0,0.42024421178545146
3245,3245,0.24731680738018758,1.0,0.24731680738018758
3246,3246,0.5635485260141229,0.0,0.5635485260141229
3247,3247,0.5730072438777416,1.0,0.5730072438777416
3248,3248,0.22287847990568221,0.0,0.22287847990568221
3249,3249,0.7042912623474855,0.0,0.7042912623474855
3250,3250,0.4984312833798029,0.0,0.4984312833798029
3251,3251,0.9649867524380065,1.0,0.9649867524380065
3252,3252,0.9717363441717652,1.0,0.9717363441717652
3253,3253,0.9252123532070472,1.0,0.9252123532070472
3254,3254,0.9248373322032131,1.0,0.9248373322032131
3255,3255,0.9115419178850619,1.0,0.9115419178850619
3256,3256,0.43335528656274513,1.0,0.43335528656274513
3257,3257,0.8110187509478879,1.0,0.8110187509478879
3258,3258,0.2961570586702441,1.0,0.2961570586702441
3259,3259,0.9124627657791148,1.0,0.9124627657791148
3260,3260,0.24982324151379198,0.0,0.24982324151379198
3261,3261,0.0728075741326738,0.0,0.0728075741326738
3262,3262,0.9399448152976952,1.0,0.9399448152976952
3263,3263,0.07560949505384384,0.0,0.07560949505384384
3264,3264,0.6653355717336781,0.0,0.6653355717336781
3265,3265,0.717546638611781,1.0,0.717546638611781
3266,3266,0.42634479889838295,0.0,0.42634479889838295
3267,3267,0.9921359136547172,1.0,0.9921359136547172
3268,3268,0.7934343837661111,1.0,0.7934343837661111
3269,3269,0.546789563220915,0.0,0.546789563220915
3270,3270,0.303680883931441,1.0,0.303680883931441
3271,3271,0.37433994517106883,0.0,0.37433994517106883
3272,3272,0.3899085402104083,0.0,0.3899085402104083
3273,3273,0.6850299085272399,1.0,0.6850299085272399
3274,3274,0.8547747663615944,1.0,0.8547747663615944
3275,3275,0.7227298497631369,1.0,0.7227298497631369
3276,3276,0.9157099183415346,1.0,0.9157099183415346
3277,3277,0.0445457762420165,0.0,0.0445457762420165
3278,3278,0.4749250038015439,1.0,0.4749250038015439
3279,3279,0.9551084755301078,1.0,0.9551084755301078
3280,3280,0.7405772223154203,1.0,0.7405772223154203
3281,3281,0.6275396471164922,0.0,0.6275396471164922
3282,3282,0.3744227273003119,1.0,0.3744227273003119
3283,3283,0.5872482720630376,0.0,0.5872482720630376
3284,3284,0.2721424562054201,0.0,0.2721424562054201
3285,3285,0.8633520684728672,1.0,0.8633520684728672
3286,3286,0.8187875501749253,1.0,0.8187875501749253
3287,3287,0.18037508949490133,0.0,0.18037508949490133
3288,3288,0.7365888068787657,1.0,0.7365888068787657
3289,3289,0.8947474252262608,1.0,0.8947474252262608
3290,3290,0.14310817512766139,1.0,0.14310817512766139
3291,3291,0.8202847795396808,1.0,0.8202847795396808
3292,3292,0.13781094721461862,0.0,0.13781094721461862
3293,3293,0.5936359782660506,1.0,0.5936359782660506
3294,3294,0.970422721347308,0.0,0.970422721347308
3295,3295,0.2907216167219183,0.0,0.2907216167219183
3296,3296,0.732852286570343,1.0,0.732852286570343
3297,3297,0.38927829734191566,0.0,0.38927829734191566
3298,3298,0.750508871046868,0.0,0.750508871046868
3299,3299,0.6951508267876492,1.0,0.6951508267876492
3300,3300,0.14480980565031476,0.0,0.14480980565031476
3301,3301,0.522063056508033,0.0,0.522063056508033
3302,3302,0.012907174867018978,0.0,0.012907174867018978
3303,3303,0.8956792255830565,1.0,0.8956792255830565
3304,3304,0.8294185286631818,1.0,0.8294185286631818
3305,3305,0.277036208999516,1.0,0.277036208999516
3306,3306,0.6722339118480273,1.0,0.6722339118480273
3307,3307,0.8819505495605912,1.0,0.8819505495605912
3308,3308,0.10521375903125174,0.0,0.10521375903125174
3309,3309,0.7722294152868279,1.0,0.7722294152868279
3310,3310,0.5947416866137297,1.0,0.5947416866137297
3311,3311,0.5950806536453113,1.0,0.5950806536453113
3312,3312,0.7003972760875539,0.0,0.7003972760875539
3313,3313,0.7733695754826276,1.0,0.7733695754826276
3314,3314,0.2067810544301687,0.0,0.2067810544301687
3315,3315,0.6915634204464086,1.0,0.6915634204464086
3316,3316,0.03197074591433002,0.0,0.03197074591433002
3317,3317,0.5490136705498522,0.0,0.5490136705498522
3318,3318,0.9056947715353157,0.0,0.9056947715353157
3319,3319,0.7977444246106216,1.0,0.7977444246106216
3320,3320,0.8891784500962294,1.0,0.8891784500962294
3321,3321,0.6994293455247003,1.0,0.6994293455247003
3322,3322,0.8903528343083265,0.0,0.8903528343083265
3323,3323,0.7466952429762841,1.0,0.7466952429762841
3324,3324,0.8705686752845123,1.0,0.8705686752845123
3325,3325,0.12914424777567124,0.0,0.12914424777567124
3326,3326,0.977940811652055,1.0,0.977940811652055
3327,3327,0.6826755837980824,1.0,0.6826755837980824
3328,3328,0.8709273775182356,1.0,0.8709273775182356
3329,3329,0.6100737472742864,0.0,0.6100737472742864
3330,3330,0.991115002471848,1.0,0.991115002471848
3331,3331,0.2131983736129287,0.0,0.2131983736129287
3332,3332,0.6081900530749538,1.0,0.6081900530749538
3333,3333,0.9979326547581937,1.0,0.9979326547581937
3334,3334,0.4833169815414461,1.0,0.4833169815414461
3335,3335,0.5984914538722653,1.0,0.5984914538722653
3336,3336,0.11210557878678928,0.0,0.11210557878678928
3337,3337,0.9105614230762715,1.0,0.9105614230762715
3338,3338,0.4915621321027347,0.0,0.4915621321027347
3339,3339,0.4743986437525439,1.0,0.4743986437525439
3340,3340,0.4069469426845894,0.0,0.4069469426845894
3341,3341,0.7209489525973168,1.0,0.7209489525973168
3342,3342,0.17949354399806694,0.0,0.17949354399806694
3343,3343,0.16356237399977835,0.0,0.16356237399977835
3344,3344,0.15058840593060085,1.0,0.15058840593060085
3345,3345,0.8060857761882603,1.0,0.8060857761882603
3346,3346,0.103033030139414,0.0,0.103033030139414
3347,3347,0.7453126413187912,1.0,0.7453126413187912
3348,3348,0.6174826914578718,0.0,0.6174826914578718
3349,3349,0.9135307060402607,1.0,0.9135307060402607
3350,3350,0.13106050321214746,0.0,0.13106050321214746
3351,3351,0.6393420520418664,1.0,0.6393420520418664
3352,3352,0.5885334064638175,0.0,0.5885334064638175
3353,3353,0.9509753624018898,1.0,0.9509753624018898
3354,3354,0.07605634468225098,0.0,0.07605634468225098
3355,3355,0.8541952900210871,0.0,0.8541952900210871
3356,3356,0.9218434092397105,1.0,0.9218434092397105
3357,3357,0.16493735625281014,0.0,0.16493735625281014
3358,3358,0.016548900508141506,0.0,0.016548900508141506
3359,3359,0.29788424888557163,0.0,0.29788424888557163
3360,3360,0.9015237186576341,1.0,0.9015237186576341
3361,3361,0.21667030927959474,0.0,0.21667030927959474
3362,3362,0.4858879917152642,0.0,0.4858879917152642
3363,3363,0.527555917780411,1.0,0.527555917780411
3364,3364,0.9810891859947222,1.0,0.9810891859947222
3365,3365,0.48550568644343495,0.0,0.48550568644343495
3366,3366,0.0641540451531889,0.0,0.0641540451531889
3367,3367,0.3307205610891587,0.0,0.3307205610891587
3368,3368,0.0040290652676393535,0.0,0.0040290652676393535
3369,3369,0.27072976790578307,0.0,0.27072976790578307
3370,3370,0.8193810555173758,0.0,0.8193810555173758
3371,3371,0.7292464086118395,1.0,0.7292464086118395
3372,3372,0.4844042921419125,1.0,0.4844042921419125
3373,3373,0.0015845453480363147,0.0,0.0015845453480363147
3374,3374,0.1152506832273158,0.0,0.1152506832273158
3375,3375,0.28741169027947766,0.0,0.28741169027947766
3376,3376,0.254754460958858,0.0,0.254754460958858
3377,3377,0.263571837201219,0.0,0.263571837201219
3378,3378,0.7945908816843301,1.0,0.7945908816843301
3379,3379,0.9195801761380562,1.0,0.9195801761380562
3380,3380,0.06961855112154802,0.0,0.06961855112154802
3381,3381,0.4186929725521501,0.0,0.4186929725521501
3382,3382,0.003485387573157528,0.0,0.003485387573157528
3383,3383,0.3525014640009235,0.0,0.3525014640009235
3384,3384,0.8414793356947399,1.0,0.8414793356947399
3385,3385,0.8639227240044584,1.0,0.8639227240044584
3386,3386,0.6320028616649612,1.0,0.6320028616649612
3387,3387,0.857618444757496,1.0,0.857618444757496
3388,3388,0.19413400525880098,1.0,0.19413400525880098
3389,3389,0.6555869264417645,0.0,0.6555869264417645
3390,3390,0.9965959527564761,1.0,0.9965959527564761
3391,3391,0.6033641069939012,0.0,0.6033641069939012
3392,3392,0.814043700710097,1.0,0.814043700710097
3393,3393,0.9300510581210082,1.0,0.9300510581210082
3394,3394,0.2788952398133073,0.0,0.2788952398133073
3395,3395,0.1993325118917294,0.0,0.1993325118917294
3396,3396,0.9983660595450417,1.0,0.9983660595450417
3397,3397,0.1581198524101708,0.0,0.1581198524101708
3398,3398,0.4969633233432581,1.0,0.4969633233432581
3399,3399,0.39430915880059314,0.0,0.39430915880059314
3400,3400,0.006769986551247387,0.0,0.006769986551247387
3401,3401,0.8055940610599022,1.0,0.8055940610599022
3402,3402,0.9691746942613975,1.0,0.9691746942613975
3403,3403,0.2568722760576615,0.0,0.2568722760576615
3404,3404,0.9909551599400949,1.0,0.9909551599400949
3405,3405,0.1492627853343388,0.0,0.1492627853343388
3406,3406,0.9070497774043398,1.0,0.9070497774043398
3407,3407,0.1632093910312561,1.0,0.1632093910312561
3408,3408,0.9136641402297366,1.0,0.9136641402297366
3409,3409,0.5536139664291676,1.0,0.5536139664291676
3410,3410,0.2485171978754177,0.0,0.2485171978754177
3411,3411,0.4150620395189769,1.0,0.4150620395189769
3412,3412,0.6216180322338709,1.0,0.6216180322338709
3413,3413,0.894915444134222,0.0,0.894915444134222
3414,3414,0.12120802414287635,0.0,0.12120802414287635
3415,3415,0.2017586619342796,0.0,0.2017586619342796
3416,3416,0.21158982167153628,0.0,0.21158982167153628
3417,3417,0.8952128781196519,1.0,0.8952128781196519
3418,3418,0.4970035894470066,1.0,0.4970035894470066
3419,3419,0.20827179203882185,0.0,0.20827179203882185
3420,3420,0.049931185802845945,0.0,0.049931185802845945
3421,3421,0.7604836938155941,1.0,0.7604836938155941
3422,3422,0.3192848262034138,1.0,0.3192848262034138
3423,3423,0.9042483750929894,1.0,0.9042483750929894
3424,3424,0.728407062976248,1.0,0.728407062976248
3425,3425,0.036544347079864425,0.0,0.036544347079864425
3426,3426,0.3919406989483114,0.0,0.3919406989483114
3427,3427,0.5135143687506319,1.0,0.5135143687506319
3428,3428,0.3164324991250058,1.0,0.3164324991250058
3429,3429,0.29020597175641916,0.0,0.29020597175641916
3430,3430,0.4874521334351726,0.0,0.4874521334351726
3431,3431,0.9484120968202965,1.0,0.9484120968202965
3432,3432,0.6490156723136502,0.0,0.6490156723136502
3433,3433,0.47864365011550236,1.0,0.47864365011550236
3434,3434,0.829046414832385,1.0,0.829046414832385
3435,3435,0.3854651462799945,1.0,0.3854651462799945
3436,3436,0.264594868672143,1.0,0.264594868672143
3437,3437,0.6374514285604376,0.0,0.6374514285604376
3438,3438,0.708997552491924,0.0,0.708997552491924
3439,3439,0.5160473849219795,0.0,0.5160473849219795
3440,3440,0.5102727225420084,0.0,0.5102727225420084
3441,3441,0.17372564194344198,0.0,0.17372564194344198
3442,3442,0.4193117693505307,0.0,0.4193117693505307
3443,3443,0.31053558697463834,1.0,0.31053558697463834
3444,3444,0.18613785681836048,0.0,0.18613785681836048
3445,3445,0.16095509996391189,0.0,0.16095509996391189
3446,3446,0.11254355184179843,0.0,0.11254355184179843
3447,3447,0.689781055580911,0.0,0.689781055580911
3448,3448,0.9384386684106101,1.0,0.9384386684106101
3449,3449,0.41949063996570946,0.0,0.41949063996570946
3450,3450,0.11080051562025806,0.0,0.11080051562025806
3451,3451,0.4077876819351469,0.0,0.4077876819351469
3452,3452,0.49452207874421894,1.0,0.49452207874421894
3453,3453,0.3269441248350987,0.0,0.3269441248350987
3454,3454,0.3190123133220186,1.0,0.3190123133220186
3455,3455,0.43065117711453726,0.0,0.43065117711453726
3456,3456,0.8262460928545697,1.0,0.8262460928545697
3457,3457,0.5591918381591962,0.0,0.5591918381591962
3458,3458,0.9653818664580898,1.0,0.9653818664580898
3459,3459,0.5887515473922607,0.0,0.5887515473922607
3460,3460,0.13621440090597292,0.0,0.13621440090597292
3461,3461,0.7405176305151373,1.0,0.7405176305151373
3462,3462,0.2547546722148988,0.0,0.2547546722148988
3463,3463,0.15001087517077438,0.0,0.15001087517077438
3464,3464,0.6713235439275321,1.0,0.6713235439275321
3465,3465,0.6393239625234473,1.0,0.6393239625234473
3466,3466,0.5606035814589803,0.0,0.5606035814589803
3467,3467,0.36522812377137415,0.0,0.36522812377137415
3468,3468,0.0420615732907923,0.0,0.0420615732907923
3469,3469,0.86460043408057,1.0,0.86460043408057
3470,3470,0.4294489047140513,0.0,0.4294489047140513
3471,3471,0.18439196339741581,1.0,0.18439196339741581
3472,3472,0.18771450601877648,0.0,0.18771450601877648
3473,3473,0.6736554669140782,0.0,0.6736554669140782
3474,3474,0.23991664002611035,0.0,0.23991664002611035
3475,3475,0.07044956624258791,0.0,0.07044956624258791
3476,3476,0.8082468939679541,1.0,0.8082468939679541
3477,3477,0.4841233565729296,1.0,0.4841233565729296
3478,3478,0.20181029528092187,0.0,0.20181029528092187
3479,3479,0.2239278272057995,0.0,0.2239278272057995
3480,3480,0.1297308548302688,0.0,0.1297308548302688
3481,3481,0.15544064655454182,0.0,0.15544064655454182
3482,3482,0.3125040079139424,1.0,0.3125040079139424
3483,3483,0.5371990288198669,0.0,0.5371990288198669
3484,3484,0.7551533370842172,1.0,0.7551533370842172
3485,3485,0.31227827831137156,1.0,0.31227827831137156
3486,3486,0.39762703061534777,0.0,0.39762703061534777
3487,3487,0.3677076271733529,1.0,0.3677076271733529
3488,3488,0.4188622717790169,0.0,0.4188622717790169
3489,3489,0.9184367416388082,1.0,0.9184367416388082
3490,3490,0.952662020003396,1.0,0.952662020003396
3491,3491,0.3813463391481824,1.0,0.3813463391481824
3492,3492,0.15036512279787495,0.0,0.15036512279787495
3493,3493,0.18916794360471523,1.0,0.18916794360471523
3494,3494,0.4996357837825197,0.0,0.4996357837825197
3495,3495,0.7659988202615815,0.0,0.7659988202615815
3496,3496,0.5258050258956418,1.0,0.5258050258956418
3497,3497,0.7457199703196046,1.0,0.7457199703196046
3498,3498,0.5669063031911342,0.0,0.5669063031911342
3499,3499,0.9522880395545255,1.0,0.9522880395545255
3500,3500,0.22850415137867597,0.0,0.22850415137867597
3501,3501,0.14379247862598776,0.0,0.14379247862598776
3502,3502,0.4789388940260477,0.0,0.4789388940260477
3503,3503,0.26860972190161836,0.0,0.26860972190161836
3504,3504,0.0956601064912792,0.0,0.0956601064912792
3505,3505,0.3651136975105034,1.0,0.3651136975105034
3506,3506,0.8895021955082779,1.0,0.8895021955082779
3507,3507,0.9881914266792654,1.0,0.9881914266792654
3508,3508,0.6871410886115485,1.0,0.6871410886115485
3509,3509,0.6425150150392102,1.0,0.6425150150392102
3510,3510,0.025888346110005456,0.0,0.025888346110005456
3511,3511,0.5911324039647271,0.0,0.5911324039647271
3512,3512,0.7495652328016894,1.0,0.7495652328016894
3513,3513,0.6804516877589668,0.0,0.6804516877589668
3514,3514,0.04503388337134495,0.0,0.04503388337134495
3515,3515,0.25242011919848306,0.0,0.25242011919848306
3516,3516,0.8418194665549196,1.0,0.8418194665549196
3517,3517,0.015125337509521386,0.0,0.015125337509521386
3518,3518,0.6197137684480052,1.0,0.6197137684480052
3519,3519,0.19692987783387106,0.0,0.19692987783387106
3520,3520,0.3976031043763336,1.0,0.3976031043763336
3521,3521,0.06133677910113822,1.0,0.06133677910113822
3522,3522,0.9616055729696569,1.0,0.9616055729696569
3523,3523,0.7719265419984537,1.0,0.7719265419984537
3524,3524,0.05939136148321067,0.0,0.05939136148321067
3525,3525,0.800672981718619,0.0,0.800672981718619
3526,3526,0.9923688658973324,1.0,0.9923688658973324
3527,3527,0.4090454838718256,1.0,0.4090454838718256
3528,3528,0.4223863514240994,0.0,0.4223863514240994
3529,3529,0.3461666132782838,1.0,0.3461666132782838
3530,3530,0.6801671881337399,1.0,0.6801671881337399
3531,3531,0.3156791702607856,0.0,0.3156791702607856
3532,3532,0.1786154307613803,0.0,0.1786154307613803
3533,3533,0.776686194138705,1.0,0.776686194138705
3534,3534,0.16929873915006022,0.0,0.16929873915006022
3535,3535,0.48473604435370543,0.0,0.48473604435370543
3536,3536,0.7865151973887233,1.0,0.7865151973887233
3537,3537,0.9065677393712002,1.0,0.9065677393712002
3538,3538,0.6754886648704135,1.0,0.6754886648704135
3539,3539,0.49592823771635886,1.0,0.49592823771635886
3540,3540,0.8704719570461594,1.0,0.8704719570461594
3541,3541,0.417983732756002,0.0,0.417983732756002
3542,3542,0.47090560069053244,0.0,0.47090560069053244
3543,3543,0.10411292355834956,0.0,0.10411292355834956
3544,3544,0.2189940722961673,0.0,0.2189940722961673
3545,3545,0.09677220210780424,0.0,0.09677220210780424
3546,3546,0.5165063860601131,1.0,0.5165063860601131
3547,3547,0.749079651390173,1.0,0.749079651390173
3548,3548,0.686217009954897,1.0,0.686217009954897
3549,3549,0.14733351490063418,0.0,0.14733351490063418
3550,3550,0.5366253537109362,1.0,0.5366253537109362
3551,3551,0.2013354729959953,0.0,0.2013354729959953
3552,3552,0.9307254682592417,1.0,0.9307254682592417
3553,3553,0.10506156165648861,0.0,0.10506156165648861
3554,3554,0.3556348890040367,0.0,0.3556348890040367
3555,3555,0.16304968807415565,0.0,0.16304968807415565
3556,3556,0.7751750423351874,1.0,0.7751750423351874
3557,3557,0.6637418649587548,1.0,0.6637418649587548
3558,3558,0.09908947172863602,0.0,0.09908947172863602
3559,3559,0.4054235073390675,1.0,0.4054235073390675
3560,3560,0.9790411953937355,1.0,0.9790411953937355
3561,3561,0.10499439718878723,0.0,0.10499439718878723
3562,3562,0.010510184375481346,0.0,0.010510184375481346
3563,3563,0.1023506906094841,0.0,0.1023506906094841
3564,3564,0.3781059886827085,1.0,0.3781059886827085
3565,3565,0.3524075573167661,0.0,0.3524075573167661
3566,3566,0.606914434614377,0.0,0.606914434614377
3567,3567,0.7869368078976984,1.0,0.7869368078976984
3568,3568,0.4517505385328653,1.0,0.4517505385328653
3569,3569,0.010377844010840187,0.0,0.010377844010840187
3570,3570,0.28466312879943423,0.0,0.28466312879943423
3571,3571,0.987979991573382,1.0,0.987979991573382
3572,3572,0.08445429673482607,0.0,0.08445429673482607
3573,3573,0.9797833145628736,1.0,0.9797833145628736
3574,3574,0.02142843668932848,0.0,0.02142843668932848
3575,3575,0.47110648688073553,0.0,0.47110648688073553
3576,3576,0.4398758742105,1.0,0.4398758742105
3577,3577,0.2593664379091186,0.0,0.2593664379091186
3578,3578,0.29093622278523334,1.0,0.29093622278523334
3579,3579,0.6114521300483123,0.0,0.6114521300483123
3580,3580,0.48842211141055325,0.0,0.48842211141055325
3581,3581,0.3454114998779434,0.0,0.3454114998779434
3582,3582,0.5062570067973771,1.0,0.5062570067973771
3583,3583,0.5274323125263517,1.0,0.5274323125263517
3584,3584,0.6498372408518869,1.0,0.6498372408518869
3585,3585,0.9425919693880056,1.0,0.9425919693880056
3586,3586,0.5421795443876554,0.0,0.5421795443876554
3587,3587,0.2769990576564588,1.0,0.2769990576564588
3588,3588,0.82339167643835,1.0,0.82339167643835
3589,3589,0.44243994427529854,0.0,0.44243994427529854
3590,3590,0.011218106882141421,0.0,0.011218106882141421
3591,3591,0.3017349604323104,0.0,0.3017349604323104
3592,3592,0.6475615502813465,1.0,0.6475615502813465
3593,3593,0.49257263001452345,1.0,0.49257263001452345
3594,3594,0.10639476714467333,1.0,0.10639476714467333
3595,3595,0.8910975378058162,1.0,0.8910975378058162
3596,3596,0.11778814896043066,0.0,0.11778814896043066
3597,3597,0.5802862446051549,1.0,0.5802862446051549
3598,3598,0.2228890608735129,0.0,0.2228890608735129
3599,3599,0.249196370387464,0.0,0.249196370387464
3600,3600,0.5553772873484875,0.0,0.5553772873484875
3601,3601,0.03001318411082965,0.0,0.03001318411082965
3602,3602,0.5026826179638829,0.0,0.5026826179638829
3603,3603,0.3951549321551324,1.0,0.3951549321551324
3604,3604,0.31302467327770944,0.0,0.31302467327770944
3605,3605,0.19639288484958728,1.0,0.19639288484958728
3606,3606,0.7466692677204272,1.0,0.7466692677204272
3607,3607,0.5236752087204345,0.0,0.5236752087204345
3608,3608,0.20142052826530477,1.0,0.20142052826530477
3609,3609,0.27837177427269777,0.0,0.27837177427269777
3610,3610,0.12022622030055119,0.0,0.12022622030055119
3611,3611,0.978082443031782,1.0,0.978082443031782
3612,3612,0.17475678936344963,0.0,0.17475678936344963
3613,3613,0.47412411801871235,0.0,0.47412411801871235
3614,3614,0.6013005494438144,0.0,0.6013005494438144
3615,3615,0.07357313020738498,1.0,0.07357313020738498
3616,3616,0.3183825139824389,0.0,0.3183825139824389
3617,3617,0.7682701887906095,1.0,0.7682701887906095
3618,3618,0.43972721352400435,0.0,0.43972721352400435
3619,3619,0.6892349370561005,1.0,0.6892349370561005
3620,3620,0.2416881165174829,0.0,0.2416881165174829
3621,3621,0.9898592410262987,1.0,0.9898592410262987
3622,3622,0.8164326990049694,0.0,0.8164326990049694
3623,3623,0.9406391702591821,1.0,0.9406391702591821
3624,3624,0.2948163633031634,0.0,0.2948163633031634
3625,3625,0.5724734137326356,1.0,0.5724734137326356
3626,3626,0.9571765516666026,1.0,0.9571765516666026
3627,3627,0.33822959755670146,0.0,0.33822959755670146
3628,3628,0.8402151682125589,1.0,0.8402151682125589
3629,3629,0.6159840346768145,1.0,0.6159840346768145
3630,3630,0.06938826936670706,0.0,0.06938826936670706
3631,3631,0.255111371679528,1.0,0.255111371679528
3632,3632,0.8588589033772207,1.0,0.8588589033772207
3633,3633,0.0633255623972998,0.0,0.0633255623972998
3634,3634,0.5019157494330376,0.0,0.5019157494330376
3635,3635,0.09897087757226442,0.0,0.09897087757226442
3636,3636,0.45812899921878025,1.0,0.45812899921878025
3637,3637,0.2642035123390156,0.0,0.2642035123390156
3638,3638,0.935796139132397,1.0,0.935796139132397
3639,3639,0.04407105672660172,0.0,0.04407105672660172
3640,3640,0.6183095700414409,1.0,0.6183095700414409
3641,3641,0.5265093077935992,1.0,0.5265093077935992
3642,3642,0.31444361677978494,0.0,0.31444361677978494
3643,3643,0.8790310461079672,1.0,0.8790310461079672
3644,3644,0.6113811464088701,1.0,0.6113811464088701
3645,3645,0.8041003990521097,1.0,0.8041003990521097
3646,3646,0.0447450001519597,0.0,0.0447450001519597
3647,3647,0.2223123172406437,1.0,0.2223123172406437
3648,3648,0.33849427150617917,1.0,0.33849427150617917
3649,3649,0.6095593110741708,0.0,0.6095593110741708
3650,3650,0.29771448052188065,0.0,0.29771448052188065
3651,3651,0.5861318801516725,0.0,0.5861318801516725
3652,3652,0.42810741306300537,1.0,0.42810741306300537
3653,3653,0.7948583941873862,1.0,0.7948583941873862
3654,3654,0.6978897842494659,1.0,0.6978897842494659
3655,3655,0.9036715739625185,0.0,0.9036715739625185
3656,3656,0.255122243251681,0.0,0.255122243251681
3657,3657,0.3716326331373514,0.0,0.3716326331373514
3658,3658,0.06509411189105319,0.0,0.06509411189105319
3659,3659,0.05824342268370697,0.0,0.05824342268370697
3660,3660,0.5097041540537509,1.0,0.5097041540537509
3661,3661,0.2875548869240123,0.0,0.2875548869240123
3662,3662,0.775479254717492,1.0,0.775479254717492
3663,3663,0.9204164367531557,1.0,0.9204164367531557
3664,3664,0.8261640796543348,1.0,0.8261640796543348
3665,3665,0.5908219090667998,1.0,0.5908219090667998
3666,3666,0.8766001479139061,1.0,0.8766001479139061
3667,3667,0.2823244291250018,0.0,0.2823244291250018
3668,3668,0.8520336420615158,1.0,0.8520336420615158
3669,3669,0.9250223405901252,1.0,0.9250223405901252
3670,3670,0.10976206172443781,0.0,0.10976206172443781
3671,3671,0.2991746226436678,0.0,0.2991746226436678
3672,3672,0.23540962160695644,0.0,0.23540962160695644
3673,3673,0.9938150145419071,1.0,0.9938150145419071
3674,3674,0.17558106031838916,0.0,0.17558106031838916
3675,3675,0.5157283497492484,1.0,0.5157283497492484
3676,3676,0.4506894394127502,0.0,0.4506894394127502
3677,3677,0.04165553360025587,1.0,0.04165553360025587
3678,3678,0.543697786282084,1.0,0.543697786282084
3679,3679,0.5943921004862049,1.0,0.5943921004862049
3680,3680,0.9114058376468969,1.0,0.9114058376468969
3681,3681,0.9107627147673019,1.0,0.9107627147673019
3682,3682,0.5338824281021733,1.0,0.5338824281021733
3683,3683,0.9797813046046555,1.0,0.9797813046046555
3684,3684,0.7420562562701712,1.0,0.7420562562701712
3685,3685,0.06438399807020478,0.0,0.06438399807020478
3686,3686,0.5408156742040255,0.0,0.5408156742040255
3687,3687,0.17222497960431127,0.0,0.17222497960431127
3688,3688,0.4179568110455525,1.0,0.4179568110455525
3689,3689,0.6072829375189341,0.0,0.6072829375189341
3690,3690,0.06578651543767278,0.0,0.06578651543767278
3691,3691,0.49457399175183114,0.0,0.49457399175183114
3692,3692,0.39040628017752543,1.0,0.39040628017752543
3693,3693,0.04224007697563659,0.0,0.04224007697563659
3694,3694,0.6052186225492641,0.0,0.6052186225492641
3695,3695,0.4226993919853831,0.0,0.4226993919853831
3696,3696,0.22977672480419598,0.0,0.22977672480419598
3697,3697,0.8505352072813555,1.0,0.8505352072813555
3698,3698,0.832509842575403,1.0,0.832509842575403
3699,3699,0.796456966481081,1.0,0.796456966481081
3700,3700,0.5247369045664637,1.0,0.5247369045664637
3701,3701,0.5266177384390991,0.0,0.5266177384390991
3702,3702,0.4800534721997397,1.0,0.4800534721997397
3703,3703,0.9505515710136664,1.0,0.9505515710136664
3704,3704,0.5691531523147574,1.0,0.5691531523147574
3705,3705,0.4068344825801531,0.0,0.4068344825801531
3706,3706,0.25451300844018887,1.0,0.25451300844018887
3707,3707,0.6172012075455369,1.0,0.6172012075455369
3708,3708,0.7108022462923459,1.0,0.7108022462923459
3709,3709,0.4306283209794909,0.0,0.4306283209794909
3710,3710,0.7853722617372804,1.0,0.7853722617372804
3711,3711,0.4944898905947567,0.0,0.4944898905947567
3712,3712,0.570245440038695,1.0,0.570245440038695
3713,3713,0.609001909538214,0.0,0.609001909538214
3714,3714,0.16428563017939757,0.0,0.16428563017939757
3715,3715,0.06224867707587001,0.0,0.06224867707587001
3716,3716,0.1760047711250442,0.0,0.1760047711250442
3717,3717,0.003249851683039484,0.0,0.003249851683039484
3718,3718,0.20209462669545886,0.0,0.20209462669545886
3719,3719,0.44023232158709724,1.0,0.44023232158709724
3720,3720,0.5982151496363212,0.0,0.5982151496363212
3721,3721,0.3158897478964571,1.0,0.3158897478964571
3722,3722,0.65240594169291,1.0,0.65240594169291
3723,3723,0.3464796388730854,0.0,0.3464796388730854
3724,3724,0.052110337617871205,0.0,0.052110337617871205
3725,3725,0.4271879964860589,1.0,0.4271879964860589
3726,3726,0.7098677303224437,1.0,0.7098677303224437
3727,3727,0.3158083100070507,0.0,0.3158083100070507
3728,3728,0.9691782576863253,1.0,0.9691782576863253
3729,3729,0.5810819530634519,1.0,0.5810819530634519
3730,3730,0.9667854213966298,1.0,0.9667854213966298
3731,3731,0.9300804187777546,1.0,0.9300804187777546
3732,3732,0.7329990270714425,0.0,0.7329990270714425
3733,3733,0.7920142945639719,1.0,0.7920142945639719
3734,3734,0.5429401530552675,0.0,0.5429401530552675
3735,3735,0.42494269187990896,1.0,0.42494269187990896
3736,3736,0.7098543293036835,0.0,0.7098543293036835
3737,3737,0.854428182869564,1.0,0.854428182869564
3738,3738,0.6142554385696287,1.0,0.6142554385696287
3739,3739,0.39396718484237003,0.0,0.39396718484237003
3740,3740,0.6103690348295187,1.0,0.6103690348295187
3741,3741,0.0821216249173109,1.0,0.0821216249173109
3742,3742,0.6953433434495196,1.0,0.6953433434495196
3743,3743,0.7227992823309584,0.0,0.7227992823309584
3744,3744,0.7229115206377589,1.0,0.7229115206377589
3745,3745,0.1832864308045149,0.0,0.1832864308045149
3746,3746,0.17277573862892492,0.0,0.17277573862892492
3747,3747,0.19369590622695554,0.0,0.19369590622695554
3748,3748,0.48386347072146885,0.0,0.48386347072146885
3749,3749,0.4493776715579684,1.0,0.4493776715579684
3750,3750,0.4766592028270893,0.0,0.4766592028270893
3751,3751,0.8540460605399319,1.0,0.8540460605399319
3752,3752,0.7033329641146148,1.0,0.7033329641146148
3753,3753,0.8418431940752824,1.0,0.8418431940752824
3754,3754,0.49473280401974684,0.0,0.49473280401974684
3755,3755,0.9095880718727495,1.0,0.9095880718727495
3756,3756,0.01888503200712821,0.0,0.01888503200712821
3757,3757,0.1975508144769107,1.0,0.1975508144769107
3758,3758,0.44795900143561196,1.0,0.44795900143561196
3759,3759,0.5535692288199547,0.0,0.5535692288199547
3760,3760,0.9404833402791166,1.0,0.9404833402791166
3761,3761,0.5853542074236912,0.0,0.5853542074236912
3762,3762,0.8342132302600682,1.0,0.8342132302600682
3763,3763,0.7649264527500621,1.0,0.7649264527500621
3764,3764,0.5926274254772794,1.0,0.5926274254772794
3765,3765,0.023994613565259892,0.0,0.023994613565259892
3766,3766,0.4705060923951583,1.0,0.4705060923951583
3767,3767,0.09053039351033954,0.0,0.09053039351033954
3768,3768,0.5711000272357848,1.0,0.5711000272357848
3769,3769,0.3349071630561421,0.0,0.3349071630561421
3770,3770,0.3461227132037141,0.0,0.3461227132037141
3771,3771,0.07378014591599136,0.0,0.07378014591599136
3772,3772,0.026069474816993066,0.0,0.026069474816993066
3773,3773,0.7515154522859175,1.0,0.7515154522859175
3774,3774,0.2915365798518016,0.0,0.2915365798518016
3775,3775,0.24773380708193582,0.0,0.24773380708193582
3776,3776,0.24950067879823956,0.0,0.24950067879823956
3777,3777,0.11440031944579332,0.0,0.11440031944579332
3778,3778,0.7235060938768013,0.0,0.7235060938768013
3779,3779,0.07331447327910556,0.0,0.07331447327910556
3780,3780,0.5539450484528997,1.0,0.5539450484528997
3781,3781,0.8310508227749758,1.0,0.8310508227749758
3782,3782,0.8875506838974703,1.0,0.8875506838974703
3783,3783,0.6327143288023127,1.0,0.6327143288023127
3784,3784,0.5188896938194753,0.0,0.5188896938194753
3785,3785,0.5099913669862648,1.0,0.5099913669862648
3786,3786,0.4071841213996755,0.0,0.4071841213996755
3787,3787,0.2353039426849688,0.0,0.2353039426849688
3788,3788,0.46560915182143436,1.0,0.46560915182143436
3789,3789,0.5494676095721409,1.0,0.5494676095721409
3790,3790,0.6949110500177682,1.0,0.6949110500177682
3791,3791,0.7953742539172283,1.0,0.7953742539172283
3792,3792,0.4386898514677092,0.0,0.4386898514677092
3793,3793,0.7692463519708487,1.0,0.7692463519708487
3794,3794,0.645965908890316,0.0,0.645965908890316
3795,3795,0.2950422850215565,0.0,0.2950422850215565
3796,3796,0.1329828370281083,0.0,0.1329828370281083
3797,3797,0.7117734433960593,1.0,0.7117734433960593
3798,3798,0.7330959936159442,1.0,0.7330959936159442
3799,3799,0.40085474595272486,1.0,0.40085474595272486
3800,3800,0.9017385642802379,1.0,0.9017385642802379
3801,3801,0.0053935782546763456,0.0,0.0053935782546763456
3802,3802,0.2132280676545908,0.0,0.2132280676545908
3803,3803,0.8148728141549659,1.0,0.8148728141549659
3804,3804,0.34498052905205046,0.0,0.34498052905205046
3805,3805,0.13053951519846274,0.0,0.13053951519846274
3806,3806,0.6317004519171776,1.0,0.6317004519171776
3807,3807,0.12315913459847128,1.0,0.12315913459847128
3808,3808,0.7359411647934813,1.0,0.7359411647934813
3809,3809,0.7704928175966144,1.0,0.7704928175966144
3810,3810,0.8874736532009857,1.0,0.8874736532009857
3811,3811,0.438978343802904,0.0,0.438978343802904
3812,3812,0.10302939478048023,0.0,0.10302939478048023
3813,3813,0.3816967393422045,0.0,0.3816967393422045
3814,3814,0.3165537444317723,0.0,0.3165537444317723
3815,3815,0.2616311044452817,0.0,0.2616311044452817
3816,3816,0.7299905066220782,1.0,0.7299905066220782
3817,3817,0.38620800932052435,0.0,0.38620800932052435
3818,3818,0.6380116860484513,0.0,0.6380116860484513
3819,3819,0.8042729582487833,1.0,0.8042729582487833
3820,3820,0.45021703882511865,0.0,0.45021703882511865
3821,3821,0.24359016874330464,1.0,0.24359016874330464
3822,3822,0.20945187880689253,0.0,0.20945187880689253
3823,3823,0.25323322075068166,0.0,0.25323322075068166
3824,3824,0.986975191650552,1.0,0.986975191650552
3825,3825,0.29175793246354054,0.0,0.29175793246354054
3826,3826,0.043495799046692096,0.0,0.043495799046692096
3827,3827,0.1806890583696672,0.0,0.1806890583696672
3828,3828,0.08877312362257384,0.0,0.08877312362257384
3829,3829,0.8777142057860949,1.0,0.8777142057860949
3830,3830,0.9825227456236705,1.0,0.9825227456236705
3831,3831,0.13473081945567034,0.0,0.13473081945567034
3832,3832,0.9991912528138187,1.0,0.9991912528138187
3833,3833,0.6580891408853995,1.0,0.6580891408853995
3834,3834,0.37321669527603274,0.0,0.37321669527603274
3835,3835,0.028906393694177135,0.0,0.028906393694177135
3836,3836,0.679648246593904,1.0,0.679648246593904
3837,3837,0.4144945217931696,0.0,0.4144945217931696
3838,3838,0.33774343049315125,1.0,0.33774343049315125
3839,3839,0.22490472955999807,0.0,0.22490472955999807
3840,3840,0.6831978734715388,0.0,0.6831978734715388
3841,3841,0.7144712761415458,1.0,0.7144712761415458
3842,3842,0.5850345004189644,1.0,0.5850345004189644
3843,3843,0.9695572301879266,1.0,0.9695572301879266
3844,3844,0.9831197084185869,1.0,0.9831197084185869
3845,3845,0.23583472738836764,0.0,0.23583472738836764
3846,3846,0.5293389922132369,1.0,0.5293389922132369
3847,3847,0.5505121268739077,0.0,0.5505121268739077
3848,3848,0.5073499483522249,1.0,0.5073499483522249
3849,3849,0.9680856415615544,1.0,0.9680856415615544
3850,3850,0.1044996263087804,0.0,0.1044996263087804
3851,3851,0.9794375198689595,1.0,0.9794375198689595
3852,3852,0.16790769430479735,0.0,0.16790769430479735
3853,3853,0.8848061926276978,1.0,0.8848061926276978
3854,3854,0.8959165101622736,1.0,0.8959165101622736
3855,3855,0.709994373387021,1.0,0.709994373387021
3856,3856,0.886815839761244,0.0,0.886815839761244
3857,3857,0.6635129972678764,1.0,0.6635129972678764
3858,3858,0.6819883532300024,1.0,0.6819883532300024
3859,3859,0.3557039694499097,0.0,0.3557039694499097
3860,3860,0.6963187009348901,0.0,0.6963187009348901
3861,3861,0.9624341016501262,1.0,0.9624341016501262
3862,3862,0.010264060254084995,0.0,0.010264060254084995
3863,3863,0.43564568894374966,0.0,0.43564568894374966
3864,3864,0.36310332150101576,1.0,0.36310332150101576
3865,3865,0.6677694500918686,1.0,0.6677694500918686
3866,3866,0.0848391008410091,0.0,0.0848391008410091
3867,3867,0.09925357557520842,0.0,0.09925357557520842
3868,3868,0.2025724224290587,0.0,0.2025724224290587
3869,3869,0.6370626041263189,1.0,0.6370626041263189
3870,3870,0.1916296298361122,0.0,0.1916296298361122
3871,3871,0.3155058225103802,0.0,0.3155058225103802
3872,3872,0.2624143782994548,0.0,0.2624143782994548
3873,3873,0.4907284112068814,0.0,0.4907284112068814
3874,3874,0.8830576096424023,1.0,0.8830576096424023
3875,3875,0.8156988168401905,1.0,0.8156988168401905
3876,3876,0.16582808282030104,1.0,0.16582808282030104
3877,3877,0.16902773193287024,0.0,0.16902773193287024
3878,3878,0.09371834980076987,1.0,0.09371834980076987
3879,3879,0.8336505587671014,0.0,0.8336505587671014
3880,3880,0.7752954561233983,0.0,0.7752954561233983
3881,3881,0.5467018591997822,0.0,0.5467018591997822
3882,3882,0.461162527819461,0.0,0.461162527819461
3883,3883,0.6404182078491318,1.0,0.6404182078491318
3884,3884,0.953440541263148,0.0,0.953440541263148
3885,3885,0.17215021435812194,0.0,0.17215021435812194
3886,3886,0.1112358205928734,0.0,0.1112358205928734
3887,3887,0.02311549347239339,0.0,0.02311549347239339
3888,3888,0.03669127613381562,0.0,0.03669127613381562
3889,3889,0.6023233631627333,0.0,0.6023233631627333
3890,3890,0.8878723178394752,1.0,0.8878723178394752
3891,3891,0.929498611147748,1.0,0.929498611147748
3892,3892,0.6160749639715162,0.0,0.6160749639715162
3893,3893,0.690455955400713,1.0,0.690455955400713
3894,3894,0.863473615851339,1.0,0.863473615851339
3895,3895,0.6444589786879693,1.0,0.6444589786879693
3896,3896,0.17240135090609665,0.0,0.17240135090609665
3897,3897,0.8639574440520015,1.0,0.8639574440520015
3898,3898,0.4900073833330477,0.0,0.4900073833330477
3899,3899,0.10775088405197009,0.0,0.10775088405197009
3900,3900,0.45983170649424754,1.0,0.45983170649424754
3901,3901,0.5203957997408457,0.0,0.5203957997408457
3902,3902,0.9957310591796489,1.0,0.9957310591796489
3903,3903,0.09919574121167929,0.0,0.09919574121167929
3904,3904,0.49738812893435713,0.0,0.49738812893435713
3905,3905,0.9135883934466508,1.0,0.9135883934466508
3906,3906,0.17323207569785315,1.0,0.17323207569785315
3907,3907,0.6789875969706404,0.0,0.6789875969706404
3908,3908,0.3581780995259898,0.0,0.3581780995259898
3909,3909,0.043505060315985555,0.0,0.043505060315985555
3910,3910,0.3207207773729688,0.0,0.3207207773729688
3911,3911,0.487584332021191,1.0,0.487584332021191
3912,3912,0.04024369410099338,0.0,0.04024369410099338
3913,3913,0.858421370324432,1.0,0.858421370324432
3914,3914,0.7302107058722551,1.0,0.7302107058722551
3915,3915,0.7724335916977032,1.0,0.7724335916977032
3916,3916,0.19235963505008236,0.0,0.19235963505008236
3917,3917,0.7888774626561317,1.0,0.7888774626561317
3918,3918,0.3118166982804813,0.0,0.3118166982804813
3919,3919,0.15749694056468933,0.0,0.15749694056468933
3920,3920,0.7086817285626335,0.0,0.7086817285626335
3921,3921,0.6892486553920104,1.0,0.6892486553920104
3922,3922,0.9670834593465099,1.0,0.9670834593465099
3923,3923,0.14835866873325643,0.0,0.14835866873325643
3924,3924,0.6889869117180392,1.0,0.6889869117180392
3925,3925,0.8974490223023767,1.0,0.8974490223023767
3926,3926,0.3198075802358863,0.0,0.3198075802358863
3927,3927,0.911391206921187,1.0,0.911391206921187
3928,3928,0.9604880414891038,1.0,0.9604880414891038
3929,3929,0.3397811969282891,1.0,0.3397811969282891
3930,3930,0.43979095993980244,0.0,0.43979095993980244
3931,3931,0.33673927967685635,0.0,0.33673927967685635
3932,3932,0.30750304895761704,0.0,0.30750304895761704
3933,3933,0.7755783528564626,1.0,0.7755783528564626
3934,3934,0.009268649588254796,0.0,0.009268649588254796
3935,3935,0.8663813683521557,1.0,0.8663813683521557
3936,3936,0.29941682964030836,0.0,0.29941682964030836
3937,3937,0.913083962406963,1.0,0.913083962406963
3938,3938,0.4189775414623742,0.0,0.4189775414623742
3939,3939,0.3847157292052955,1.0,0.3847157292052955
3940,3940,0.5908553157065821,0.0,0.5908553157065821
3941,3941,0.8226647998442971,1.0,0.8226647998442971
3942,3942,0.028483701847956344,0.0,0.028483701847956344
3943,3943,0.44952890591447525,1.0,0.44952890591447525
3944,3944,0.14975929049106507,0.0,0.14975929049106507
3945,3945,0.8964766272525491,0.0,0.8964766272525491
3946,3946,0.27069457367975236,0.0,0.27069457367975236
3947,3947,0.027422089778601166,0.0,0.027422089778601166
3948,3948,0.9940361455244153,1.0,0.9940361455244153
3949,3949,0.652110670328023,1.0,0.652110670328023
3950,3950,0.8633226743167359,1.0,0.8633226743167359
3951,3951,0.8294428865512016,1.0,0.8294428865512016
3952,3952,0.3819299005281117,0.0,0.3819299005281117
3953,3953,0.8990622898015822,1.0,0.8990622898015822
3954,3954,0.6272303629080613,0.0,0.6272303629080613
3955,3955,0.8825307514097982,1.0,0.8825307514097982
3956,3956,0.05371287064824437,0.0,0.05371287064824437
3957,3957,0.9336106239754975,1.0,0.9336106239754975
3958,3958,0.3292507824639568,1.0,0.3292507824639568
3959,3959,0.5453586148745388,1.0,0.5453586148745388
3960,3960,0.8294609717759469,1.0,0.8294609717759469
3961,3961,0.6513906761480713,1.0,0.6513906761480713
3962,3962,0.21733946341519195,1.0,0.21733946341519195
3963,3963,0.3373872112794243,0.0,0.3373872112794243
3964,3964,0.242266452929499,0.0,0.242266452929499
3965,3965,0.7991044408134562,1.0,0.7991044408134562
3966,3966,0.8191386854204655,1.0,0.8191386854204655
3967,3967,0.2069237986222341,0.0,0.2069237986222341
3968,3968,0.5286819441234839,0.0,0.5286819441234839
3969,3969,0.11185535576068173,0.0,0.11185535576068173
3970,3970,0.5218546025809576,1.0,0.5218546025809576
3971,3971,0.549465521445873,1.0,0.549465521445873
3972,3972,0.2920511697977801,0.0,0.2920511697977801
3973,3973,0.9764192509276873,1.0,0.9764192509276873
3974,3974,0.7284760996285223,1.0,0.7284760996285223
3975,3975,0.1085602101014922,0.0,0.1085602101014922
3976,3976,0.0017687198772483592,0.0,0.0017687198772483592
3977,3977,0.2139758454392927,0.0,0.2139758454392927
3978,3978,0.4101270174133781,0.0,0.4101270174133781
3979,3979,0.22506001639394424,0.0,0.22506001639394424
3980,3980,0.7149053145172409,1.0,0.7149053145172409
3981,3981,0.7787956364012171,1.0,0.7787956364012171
3982,3982,0.8108114978593489,1.0,0.8108114978593489
3983,3983,0.6753533081527566,0.0,0.6753533081527566
3984,3984,0.7845753047813694,0.0,0.7845753047813694
3985,3985,0.12825640928314164,1.0,0.12825640928314164
3986,3986,0.5838213302596239,1.0,0.5838213302596239
3987,3987,0.4356524397160759,0.0,0.4356524397160759
3988,3988,0.1841847363310597,0.0,0.1841847363310597
3989,3989,0.12987769077681344,1.0,0.12987769077681344
3990,3990,0.05801909780962533,0.0,0.05801909780962533
3991,3991,0.2060598348536169,1.0,0.2060598348536169
3992,3992,0.9737784593046019,1.0,0.9737784593046019
3993,3993,0.367135000098473,0.0,0.367135000098473
3994,3994,0.08469287877849796,0.0,0.08469287877849796
3995,3995,0.2778649746455255,1.0,0.2778649746455255
3996,3996,0.5851373757937806,1.0,0.5851373757937806
3997,3997,0.0029313317514738646,0.0,0.0029313317514738646
3998,3998,0.9946230495110284,1.0,0.9946230495110284
3999,3999,0.043136740917438354,0.0,0.043136740917438354
4000,4000,0.7040526432295462,1.0,0.7040526432295462
4001,4001,0.2916609704863553,0.0,0.2916609704863553
4002,4002,0.07472610598152307,0.0,0.07472610598152307
4003,4003,0.48873836327158626,0.0,0.48873836327158626
4004,4004,0.8310528304966567,1.0,0.8310528304966567
4005,4005,0.35733845161163214,0.0,0.35733845161163214
4006,4006,0.2300571448791171,0.0,0.2300571448791171
4007,4007,0.48818178713968974,1.0,0.48818178713968974
4008,4008,0.08599641595023255,0.0,0.08599641595023255
4009,4009,0.2807061294246882,0.0,0.2807061294246882
4010,4010,0.35465934961317125,1.0,0.35465934961317125
4011,4011,0.5409400354678822,1.0,0.5409400354678822
4012,4012,0.16560007797167797,0.0,0.16560007797167797
4013,4013,0.2555918146165945,1.0,0.2555918146165945
4014,4014,0.10673686780996794,0.0,0.10673686780996794
4015,4015,0.08402179715792968,0.0,0.08402179715792968
4016,4016,0.29731265194153234,0.0,0.29731265194153234
4017,4017,0.696535338221104,0.0,0.696535338221104
4018,4018,0.6280572850475035,1.0,0.6280572850475035
4019,4019,0.12337551996713492,0.0,0.12337551996713492
4020,4020,0.4393424869332362,0.0,0.4393424869332362
4021,4021,0.7771813518538734,1.0,0.7771813518538734
4022,4022,0.8367621106440605,1.0,0.8367621106440605
4023,4023,0.32629145727737385,0.0,0.32629145727737385
4024,4024,0.37137746490689294,0.0,0.37137746490689294
4025,4025,0.6367182484936822,1.0,0.6367182484936822
4026,4026,0.8650990919822089,1.0,0.8650990919822089
4027,4027,0.7425662618122445,1.0,0.7425662618122445
4028,4028,0.16917465589937397,0.0,0.16917465589937397
4029,4029,0.8460303277019263,1.0,0.8460303277019263
4030,4030,0.8569557947729394,1.0,0.8569557947729394
4031,4031,0.9443879598046458,1.0,0.9443879598046458
4032,4032,0.16602396098559735,0.0,0.16602396098559735
4033,4033,0.5502425335930701,1.0,0.5502425335930701
4034,4034,0.629763993572928,0.0,0.629763993572928
4035,4035,0.2825307085508939,0.0,0.2825307085508939
4036,4036,0.07581361045754698,0.0,0.07581361045754698
4037,4037,0.9469687396802419,1.0,0.9469687396802419
4038,4038,0.0531993767161032,0.0,0.0531993767161032
4039,4039,0.011361399508464931,0.0,0.011361399508464931
4040,4040,0.8651867555659958,1.0,0.8651867555659958
4041,4041,0.9181192549647659,1.0,0.9181192549647659
4042,4042,0.2943892700832329,0.0,0.2943892700832329
4043,4043,0.4157517873913381,0.0,0.4157517873913381
4044,4044,0.5812352975937758,0.0,0.5812352975937758
4045,4045,0.022694879581270477,0.0,0.022694879581270477
4046,4046,0.680762608771796,1.0,0.680762608771796
4047,4047,0.3258418282054071,1.0,0.3258418282054071
4048,4048,0.25892171391075924,0.0,0.25892171391075924
4049,4049,0.5745892937334768,0.0,0.5745892937334768
4050,4050,0.35614268843152885,1.0,0.35614268843152885
4051,4051,0.1578242610044578,0.0,0.1578242610044578
4052,4052,0.8471640455924254,1.0,0.8471640455924254
4053,4053,0.6972632945257135,0.0,0.6972632945257135
4054,4054,0.5077071754568769,1.0,0.5077071754568769
4055,4055,0.32636557982406567,0.0,0.32636557982406567
4056,4056,0.7747855527972644,0.0,0.7747855527972644
4057,4057,0.6498066474534737,1.0,0.6498066474534737
4058,4058,0.6911336835518518,1.0,0.6911336835518518
4059,4059,0.012068364133513976,0.0,0.012068364133513976
4060,4060,0.44685838970876923,0.0,0.44685838970876923
4061,4061,0.12428348759990016,0.0,0.12428348759990016
4062,4062,0.4208347903898094,0.0,0.4208347903898094
4063,4063,0.9297370418458636,1.0,0.9297370418458636
4064,4064,0.3615389600774682,0.0,0.3615389600774682
4065,4065,0.8550378168940008,1.0,0.8550378168940008
4066,4066,0.6734480638920147,1.0,0.6734480638920147
4067,4067,0.7392878721529412,1.0,0.7392878721529412
4068,4068,0.6012517197829234,1.0,0.6012517197829234
4069,4069,0.01973989034183654,0.0,0.01973989034183654
4070,4070,0.9775106524781013,1.0,0.9775106524781013
4071,4071,0.1301135707638542,0.0,0.1301135707638542
4072,4072,0.16884300005045916,1.0,0.16884300005045916
4073,4073,0.2813270992617568,0.0,0.2813270992617568
4074,4074,0.10485712861833008,0.0,0.10485712861833008
4075,4075,0.39322515940322744,0.0,0.39322515940322744
4076,4076,0.07035089849480125,0.0,0.07035089849480125
4077,4077,0.11154647385328453,1.0,0.11154647385328453
4078,4078,0.983071338193712,1.0,0.983071338193712
4079,4079,0.1319309544723033,0.0,0.1319309544723033
4080,4080,0.184096827897811,0.0,0.184096827897811
4081,4081,0.8560899795717045,1.0,0.8560899795717045
4082,4082,0.255459616995393,1.0,0.255459616995393
4083,4083,0.05236929504717436,0.0,0.05236929504717436
4084,4084,0.6279210420968043,0.0,0.6279210420968043
4085,4085,0.019643419383815086,0.0,0.019643419383815086
4086,4086,0.9031731986050915,1.0,0.9031731986050915
4087,4087,0.5782934494279004,0.0,0.5782934494279004
4088,4088,0.16932602586921597,0.0,0.16932602586921597
4089,4089,0.30313535772283473,0.0,0.30313535772283473
4090,4090,0.9052868530608384,1.0,0.9052868530608384
4091,4091,0.8756939307552595,1.0,0.8756939307552595
4092,4092,0.9889487990779161,1.0,0.9889487990779161
4093,4093,0.428914986163057,1.0,0.428914986163057
4094,4094,0.29987519469139645,1.0,0.29987519469139645
4095,4095,0.2985329739854127,1.0,0.2985329739854127
4096,4096,0.5938443147565051,1.0,0.5938443147565051
4097,4097,0.03968916530487665,0.0,0.03968916530487665
4098,4098,0.3409369470820688,0.0,0.3409369470820688
4099,4099,0.30093430217188877,0.0,0.30093430217188877
4100,4100,0.6769873658673309,1.0,0.6769873658673309
4101,4101,0.14344802584866923,0.0,0.14344802584866923
4102,4102,0.07538581301029024,0.0,0.07538581301029024
4103,4103,0.40302693346087803,0.0,0.40302693346087803
4104,4104,0.6511720473748194,1.0,0.6511720473748194
4105,4105,0.09923578271772326,0.0,0.09923578271772326
4106,4106,0.08163651403767813,0.0,0.08163651403767813
4107,4107,0.5038632435469264,0.0,0.5038632435469264
4108,4108,0.460314816327809,1.0,0.460314816327809
4109,4109,0.46551268776004795,0.0,0.46551268776004795
4110,4110,0.533644268775746,1.0,0.533644268775746
4111,4111,0.24359728242376022,0.0,0.24359728242376022
4112,4112,0.21975794980115637,1.0,0.21975794980115637
4113,4113,0.6284954763349403,1.0,0.6284954763349403
4114,4114,0.4927312553407335,1.0,0.4927312553407335
4115,4115,0.9696272712112532,1.0,0.9696272712112532
4116,4116,0.7114459334618138,1.0,0.7114459334618138
4117,4117,0.8870799526253028,1.0,0.8870799526253028
4118,4118,0.8949881752976295,1.0,0.8949881752976295
4119,4119,0.5107528546641432,0.0,0.5107528546641432
4120,4120,0.4994032453793811,0.0,0.4994032453793811
4121,4121,0.7748990303136095,1.0,0.7748990303136095
4122,4122,0.14119575692226516,0.0,0.14119575692226516
4123,4123,0.3938251863392088,0.0,0.3938251863392088
4124,4124,0.1738837351834549,0.0,0.1738837351834549
4125,4125,0.7248827762594174,1.0,0.7248827762594174
4126,4126,0.38854839021665855,0.0,0.38854839021665855
4127,4127,0.5845676531028303,0.0,0.5845676531028303
4128,4128,0.9277569301952261,0.0,0.9277569301952261
4129,4129,0.2599650686140311,1.0,0.2599650686140311
4130,4130,0.7797693405386142,1.0,0.7797693405386142
4131,4131,0.4076155441257847,0.0,0.4076155441257847
4132,4132,0.8220741533016804,1.0,0.8220741533016804
4133,4133,0.7810527433057152,1.0,0.7810527433057152
4134,4134,0.8849127359499812,1.0,0.8849127359499812
4135,4135,0.3507989735612784,1.0,0.3507989735612784
4136,4136,0.9631800145430364,1.0,0.9631800145430364
4137,4137,0.00984682411419735,0.0,0.00984682411419735
4138,4138,0.493466243498465,1.0,0.493466243498465
4139,4139,0.272797026470025,0.0,0.272797026470025
4140,4140,0.09611026832705993,0.0,0.09611026832705993
4141,4141,0.04116091756236506,0.0,0.04116091756236506
4142,4142,0.7539070134164254,1.0,0.7539070134164254
4143,4143,0.9819972128822446,1.0,0.9819972128822446
4144,4144,0.9471635155617423,1.0,0.9471635155617423
4145,4145,0.7682118871105694,1.0,0.7682118871105694
4146,4146,0.9730226594604368,1.0,0.9730226594604368
4147,4147,0.6818028690573212,1.0,0.6818028690573212
4148,4148,0.7123404276266484,1.0,0.7123404276266484
4149,4149,0.1222945994169099,0.0,0.1222945994169099
4150,4150,0.36856754769249944,0.0,0.36856754769249944
4151,4151,0.6538658521790954,0.0,0.6538658521790954
4152,4152,0.6640171568409604,1.0,0.6640171568409604
4153,4153,0.07634216214416356,0.0,0.07634216214416356
4154,4154,0.46581136127725975,1.0,0.46581136127725975
4155,4155,0.5757904872545366,0.0,0.5757904872545366
4156,4156,0.9880614951422669,1.0,0.9880614951422669
4157,4157,0.16100696700822825,0.0,0.16100696700822825
4158,4158,0.37832579578785297,0.0,0.37832579578785297
4159,4159,0.9412203195538302,1.0,0.9412203195538302
4160,4160,0.7374950196969264,1.0,0.7374950196969264
4161,4161,0.8527319585855976,1.0,0.8527319585855976
4162,4162,0.8988884951768512,1.0,0.8988884951768512
4163,4163,0.5648526652392597,1.0,0.5648526652392597
4164,4164,0.17107476789687903,0.0,0.17107476789687903
4165,4165,0.21264263254685745,0.0,0.21264263254685745
4166,4166,0.6453479440459907,0.0,0.6453479440459907
4167,4167,0.6082218010647076,0.0,0.6082218010647076
4168,4168,0.5329011259429238,1.0,0.5329011259429238
4169,4169,0.9013289352525378,1.0,0.9013289352525378
4170,4170,0.8858573387318782,1.0,0.8858573387318782
4171,4171,0.5202849593283205,1.0,0.5202849593283205
4172,4172,0.7588415878278653,1.0,0.7588415878278653
4173,4173,0.3572676417681494,0.0,0.3572676417681494
4174,4174,0.2761674130198034,0.0,0.2761674130198034
4175,4175,0.2328227192059954,0.0,0.2328227192059954
4176,4176,0.6078256754767285,0.0,0.6078256754767285
4177,4177,0.9119098774785375,0.0,0.9119098774785375
4178,4178,0.7082185262677457,1.0,0.7082185262677457
4179,4179,0.05006033792947606,0.0,0.05006033792947606
4180,4180,0.10858436233519864,0.0,0.10858436233519864
4181,4181,0.9172071849567821,1.0,0.9172071849567821
4182,4182,0.7895894328891502,1.0,0.7895894328891502
4183,4183,0.8999187935539819,1.0,0.8999187935539819
4184,4184,0.47661198697327456,1.0,0.47661198697327456
4185,4185,0.6911309189048518,1.0,0.6911309189048518
4186,4186,0.507853773668179,1.0,0.507853773668179
4187,4187,0.25691874755919486,0.0,0.25691874755919486
4188,4188,0.18478253337502493,0.0,0.18478253337502493
4189,4189,0.8753206846469141,0.0,0.8753206846469141
4190,4190,0.8117475610342774,1.0,0.8117475610342774
4191,4191,0.3709507942725906,0.0,0.3709507942725906
4192,4192,0.1723275087598678,0.0,0.1723275087598678
4193,4193,0.7887231484655765,1.0,0.7887231484655765
4194,4194,0.5107757836204949,0.0,0.5107757836204949
4195,4195,0.27380116522129805,1.0,0.27380116522129805
4196,4196,0.39961362296871394,1.0,0.39961362296871394
4197,4197,0.1284899144223125,0.0,0.1284899144223125
4198,4198,0.8921165683813235,0.0,0.8921165683813235
4199,4199,0.9371742047511183,1.0,0.9371742047511183
4200,4200,0.012313691952916761,0.0,0.012313691952916761
4201,4201,0.8618087625455939,1.0,0.8618087625455939
4202,4202,0.2465691358953439,0.0,0.2465691358953439
4203,4203,0.07406692014614757,0.0,0.07406692014614757
4204,4204,0.756104415192587,1.0,0.756104415192587
4205,4205,0.44118021689600584,1.0,0.44118021689600584
4206,4206,0.4839027798322323,1.0,0.4839027798322323
4207,4207,0.44412438796793574,1.0,0.44412438796793574
4208,4208,0.08981187760231346,0.0,0.08981187760231346
4209,4209,0.20618731278616376,0.0,0.20618731278616376
4210,4210,0.1811046459735579,0.0,0.1811046459735579
4211,4211,0.4048839615546931,1.0,0.4048839615546931
4212,4212,0.9930177082792144,1.0,0.9930177082792144
4213,4213,0.7505553552724203,1.0,0.7505553552724203
4214,4214,0.4093302976322871,0.0,0.4093302976322871
4215,4215,0.11619734699149331,0.0,0.11619734699149331
4216,4216,0.7812751561669886,0.0,0.7812751561669886
4217,4217,0.6583948903790282,1.0,0.6583948903790282
4218,4218,0.018161853411334916,0.0,0.018161853411334916
4219,4219,0.17303896746445124,0.0,0.17303896746445124
4220,4220,0.22170513625957367,0.0,0.22170513625957367
4221,4221,0.7290682075010173,1.0,0.7290682075010173
4222,4222,0.8382785009312164,1.0,0.8382785009312164
4223,4223,0.18910609174435788,0.0,0.18910609174435788
4224,4224,0.07298085235370266,0.0,0.07298085235370266
4225,4225,0.8528755334547237,1.0,0.8528755334547237
4226,4226,0.4851283405943786,1.0,0.4851283405943786
4227,4227,0.3127767809775235,0.0,0.3127767809775235
4228,4228,0.834456813846583,1.0,0.834456813846583
4229,4229,0.740405363034768,1.0,0.740405363034768
4230,4230,0.41710177633199097,0.0,0.41710177633199097
4231,4231,0.835558125081795,1.0,0.835558125081795
4232,4232,0.26522632376472366,0.0,0.26522632376472366
4233,4233,0.5639178905074391,1.0,0.5639178905074391
4234,4234,0.38181261475225514,1.0,0.38181261475225514
4235,4235,0.5997969191075118,0.0,0.5997969191075118
4236,4236,0.05667514906131366,1.0,0.05667514906131366
4237,4237,0.06391157109749468,0.0,0.06391157109749468
4238,4238,0.28739742317334327,1.0,0.28739742317334327
4239,4239,0.8508674284344984,1.0,0.8508674284344984
4240,4240,0.38051373508840236,0.0,0.38051373508840236
4241,4241,0.18273947194126672,1.0,0.18273947194126672
4242,4242,0.021524474290883,0.0,0.021524474290883
4243,4243,0.9241001234814177,1.0,0.9241001234814177
4244,4244,0.0058139632634196525,0.0,0.0058139632634196525
4245,4245,0.09676500015626754,1.0,0.09676500015626754
4246,4246,0.6105426886366366,1.0,0.6105426886366366
4247,4247,0.2331662276773857,1.0,0.2331662276773857
4248,4248,0.5339349465344002,0.0,0.5339349465344002
4249,4249,0.6654724743611191,1.0,0.6654724743611191
4250,4250,0.47071471483575855,0.0,0.47071471483575855
4251,4251,0.2563243782655099,0.0,0.2563243782655099
4252,4252,0.40315117632856934,1.0,0.40315117632856934
4253,4253,0.2888560892521329,1.0,0.2888560892521329
4254,4254,0.39185249185380244,0.0,0.39185249185380244
4255,4255,0.1075477590309184,0.0,0.1075477590309184
4256,4256,0.5534509779464938,0.0,0.5534509779464938
4257,4257,0.7761890062609444,1.0,0.7761890062609444
4258,4258,0.46979333867565265,0.0,0.46979333867565265
4259,4259,0.8244308232397234,1.0,0.8244308232397234
4260,4260,0.12327982064031784,0.0,0.12327982064031784
4261,4261,0.4473750959205496,0.0,0.4473750959205496
4262,4262,0.22249941586245436,1.0,0.22249941586245436
4263,4263,0.6767077452364605,1.0,0.6767077452364605
4264,4264,0.37083719953844774,1.0,0.37083719953844774
4265,4265,0.09113385276084784,0.0,0.09113385276084784
4266,4266,0.6518209127744287,0.0,0.6518209127744287
4267,4267,0.942769805420937,1.0,0.942769805420937
4268,4268,0.9875846531298936,1.0,0.9875846531298936
4269,4269,0.3509727633120673,0.0,0.3509727633120673
4270,4270,0.7202523519413826,1.0,0.7202523519413826
4271,4271,0.8275181564620371,1.0,0.8275181564620371
4272,4272,0.9402376115584171,1.0,0.9402376115584171
4273,4273,0.12815463319297937,0.0,0.12815463319297937
4274,4274,0.10758236721293102,0.0,0.10758236721293102
4275,4275,0.2267902810444964,0.0,0.2267902810444964
4276,4276,0.5257733248313821,1.0,0.5257733248313821
4277,4277,0.9406416615847376,1.0,0.9406416615847376
4278,4278,0.501111774178108,0.0,0.501111774178108
4279,4279,0.5811261481378175,1.0,0.5811261481378175
4280,4280,0.12581661104544195,0.0,0.12581661104544195
4281,4281,0.7060462918768786,1.0,0.7060462918768786
4282,4282,0.1896522329331769,0.0,0.1896522329331769
4283,4283,0.7472886079046734,0.0,0.7472886079046734
4284,4284,0.0708708755858859,0.0,0.0708708755858859
4285,4285,0.8986577304474723,1.0,0.8986577304474723
4286,4286,0.7267147877300255,1.0,0.7267147877300255
4287,4287,0.09025212314069764,0.0,0.09025212314069764
4288,4288,0.6861754114268694,1.0,0.6861754114268694
4289,4289,0.8070227373530054,1.0,0.8070227373530054
4290,4290,0.8365279107600889,1.0,0.8365279107600889
4291,4291,0.025261057673905074,0.0,0.025261057673905074
4292,4292,0.8541355128001199,1.0,0.8541355128001199
4293,4293,0.3277138918768293,1.0,0.3277138918768293
4294,4294,0.11497040752659626,0.0,0.11497040752659626
4295,4295,0.5805414694220468,0.0,0.5805414694220468
4296,4296,0.5538788611145781,1.0,0.5538788611145781
4297,4297,0.9369882799220275,1.0,0.9369882799220275
4298,4298,0.8386510905589136,1.0,0.8386510905589136
4299,4299,0.20697888969714406,0.0,0.20697888969714406
4300,4300,0.2349294979303681,0.0,0.2349294979303681
4301,4301,0.9307071030614288,0.0,0.9307071030614288
4302,4302,0.24753097172639837,0.0,0.24753097172639837
4303,4303,0.7470403324314591,1.0,0.7470403324314591
4304,4304,0.41767912057054646,0.0,0.41767912057054646
4305,4305,0.2848872400988367,0.0,0.2848872400988367
4306,4306,0.4589605132563962,0.0,0.4589605132563962
4307,4307,0.6631840978898108,1.0,0.6631840978898108
4308,4308,0.6135241301055332,0.0,0.6135241301055332
4309,4309,0.6158690419417324,1.0,0.6158690419417324
4310,4310,0.3114918177050069,0.0,0.3114918177050069
4311,4311,0.4195415262852804,1.0,0.4195415262852804
4312,4312,0.2338206573245516,0.0,0.2338206573245516
4313,4313,0.01291283518906694,0.0,0.01291283518906694
4314,4314,0.19521853745727147,1.0,0.19521853745727147
4315,4315,0.6400141288649929,1.0,0.6400141288649929
4316,4316,0.22547052110653676,1.0,0.22547052110653676
4317,4317,0.9348853487314709,1.0,0.9348853487314709
4318,4318,0.5631882138249612,1.0,0.5631882138249612
4319,4319,0.11089340639640521,0.0,0.11089340639640521
4320,4320,0.8683442720478237,1.0,0.8683442720478237
4321,4321,0.14788002616034668,0.0,0.14788002616034668
4322,4322,0.5376680282582628,0.0,0.5376680282582628
4323,4323,0.6879048149142212,1.0,0.6879048149142212
4324,4324,0.9833585204852665,1.0,0.9833585204852665
4325,4325,0.9139108153452076,1.0,0.9139108153452076
4326,4326,0.175157803856561,0.0,0.175157803856561
4327,4327,0.37433646768590423,1.0,0.37433646768590423
4328,4328,0.8301803722646324,1.0,0.8301803722646324
4329,4329,0.14878115621789667,0.0,0.14878115621789667
4330,4330,0.8217737457999839,1.0,0.8217737457999839
4331,4331,0.6241439872550997,0.0,0.6241439872550997
4332,4332,0.02958514965211778,0.0,0.02958514965211778
4333,4333,0.14790477772571808,1.0,0.14790477772571808
4334,4334,0.6897920762263531,1.0,0.6897920762263531
4335,4335,0.7481097642598387,1.0,0.7481097642598387
4336,4336,0.006914448244353721,0.0,0.006914448244353721
4337,4337,0.7226707411140781,0.0,0.7226707411140781
4338,4338,0.10593166364681061,0.0,0.10593166364681061
4339,4339,0.2229779751215506,0.0,0.2229779751215506
4340,4340,0.6586642091633772,1.0,0.6586642091633772
4341,4341,0.7638798815167585,1.0,0.7638798815167585
4342,4342,0.10610461438572305,0.0,0.10610461438572305
4343,4343,0.39310772429028573,0.0,0.39310772429028573
4344,4344,0.6454386430298715,0.0,0.6454386430298715
4345,4345,0.3571981742121212,1.0,0.3571981742121212
4346,4346,0.369979390195843,1.0,0.369979390195843
4347,4347,0.95485671123302,1.0,0.95485671123302
4348,4348,0.6395835996788595,0.0,0.6395835996788595
4349,4349,0.9449816573079372,1.0,0.9449816573079372
4350,4350,0.6147046549315401,0.0,0.6147046549315401
4351,4351,0.32811765781410807,1.0,0.32811765781410807
4352,4352,0.9687390451670254,1.0,0.9687390451670254
4353,4353,0.19837016372041083,0.0,0.19837016372041083
4354,4354,0.5393390507789562,1.0,0.5393390507789562
4355,4355,0.9991923915428855,1.0,0.9991923915428855
4356,4356,0.8558703710957943,1.0,0.8558703710957943
4357,4357,0.374172344109011,1.0,0.374172344109011
4358,4358,0.33509663767219944,0.0,0.33509663767219944
4359,4359,0.004879810280581265,0.0,0.004879810280581265
4360,4360,0.16093084126162005,0.0,0.16093084126162005
4361,4361,0.8733125609294566,1.0,0.8733125609294566
4362,4362,0.5696608654917439,1.0,0.5696608654917439
4363,4363,0.6861050512806603,1.0,0.6861050512806603
4364,4364,0.12055819185488093,0.0,0.12055819185488093
4365,4365,0.9001302657448402,1.0,0.9001302657448402
4366,4366,0.7189526992014548,1.0,0.7189526992014548
4367,4367,0.7518099064036552,1.0,0.7518099064036552
4368,4368,0.3196848067656134,0.0,0.3196848067656134
4369,4369,0.23596116758741237,1.0,0.23596116758741237
4370,4370,0.5791821314626808,1.0,0.5791821314626808
4371,4371,0.7218134508903733,1.0,0.7218134508903733
4372,4372,0.22161932432812093,0.0,0.22161932432812093
4373,4373,0.3744615118464637,0.0,0.3744615118464637
4374,4374,0.3560829643973531,1.0,0.3560829643973531
4375,4375,0.32990669761652847,1.0,0.32990669761652847
4376,4376,0.6514792564026245,1.0,0.6514792564026245
4377,4377,0.014401030246153135,0.0,0.014401030246153135
4378,4378,0.1397575627776333,0.0,0.1397575627776333
4379,4379,0.08696880508727067,1.0,0.08696880508727067
4380,4380,0.5324529253533987,0.0,0.5324529253533987
4381,4381,0.15996460687569747,0.0,0.15996460687569747
4382,4382,0.9981718237582803,1.0,0.9981718237582803
4383,4383,0.5026696941897869,0.0,0.5026696941897869
4384,4384,0.29120442236879107,0.0,0.29120442236879107
4385,4385,0.357975478220266,0.0,0.357975478220266
4386,4386,0.9912691191771127,1.0,0.9912691191771127
4387,4387,0.6021559455762405,1.0,0.6021559455762405
4388,4388,0.9561656851252743,1.0,0.9561656851252743
4389,4389,0.4299746666140638,1.0,0.4299746666140638
4390,4390,0.9387635794007321,1.0,0.9387635794007321
4391,4391,0.78936571740416,1.0,0.78936571740416
4392,4392,0.7873983755854401,0.0,0.7873983755854401
4393,4393,0.984020009842216,1.0,0.984020009842216
4394,4394,0.5603394469654296,1.0,0.5603394469654296
4395,4395,0.12012605227192763,0.0,0.12012605227192763
4396,4396,0.43627037904770305,0.0,0.43627037904770305
4397,4397,0.8445231635259854,1.0,0.8445231635259854
4398,4398,0.2386541048386991,1.0,0.2386541048386991
4399,4399,0.1255569590535186,0.0,0.1255569590535186
4400,4400,0.056196931098250635,0.0,0.056196931098250635
4401,4401,0.7026494302102829,1.0,0.7026494302102829
4402,4402,0.4762800024869157,1.0,0.4762800024869157
4403,4403,0.2906666911626562,0.0,0.2906666911626562
4404,4404,0.7511865144648979,0.0,0.7511865144648979
4405,4405,0.4229213886563804,0.0,0.4229213886563804
4406,4406,0.1549033083386715,0.0,0.1549033083386715
4407,4407,0.04173052720497039,0.0,0.04173052720497039
4408,4408,0.39623478306781346,0.0,0.39623478306781346
4409,4409,0.15426277088890128,0.0,0.15426277088890128
4410,4410,0.07557160973825894,0.0,0.07557160973825894
4411,4411,0.8645103486683399,1.0,0.8645103486683399
4412,4412,0.0645983822687809,0.0,0.0645983822687809
4413,4413,0.22011627722819782,0.0,0.22011627722819782
4414,4414,0.19552036850196242,1.0,0.19552036850196242
4415,4415,0.6645108285212199,1.0,0.6645108285212199
4416,4416,0.1626830572244461,0.0,0.1626830572244461
4417,4417,0.2613516429823003,0.0,0.2613516429823003
4418,4418,0.9746143094065326,1.0,0.9746143094065326
4419,4419,0.33928057623344776,0.0,0.33928057623344776
4420,4420,0.8865744162695457,1.0,0.8865744162695457
4421,4421,0.3232706463071401,0.0,0.3232706463071401
4422,4422,0.6803241582446433,1.0,0.6803241582446433
4423,4423,0.8964996590343471,1.0,0.8964996590343471
4424,4424,0.317355017402448,0.0,0.317355017402448
4425,4425,0.8242251496443974,1.0,0.8242251496443974
4426,4426,0.7157760385492327,1.0,0.7157760385492327
4427,4427,0.13141510885268393,0.0,0.13141510885268393
4428,4428,0.03650094777063018,0.0,0.03650094777063018
4429,4429,0.3203874189431498,0.0,0.3203874189431498
4430,4430,0.6512562313524963,1.0,0.6512562313524963
4431,4431,0.3641911789881336,0.0,0.3641911789881336
4432,4432,0.8241134145613849,1.0,0.8241134145613849
4433,4433,0.05837969383016983,0.0,0.05837969383016983
4434,4434,0.4663990482358482,0.0,0.4663990482358482
4435,4435,0.351479921634852,0.0,0.351479921634852
4436,4436,0.9513964304414109,1.0,0.9513964304414109
4437,4437,0.7949374802642261,1.0,0.7949374802642261
4438,4438,0.23043707278626324,0.0,0.23043707278626324
4439,4439,0.9950483830532835,1.0,0.9950483830532835
4440,4440,0.07713463807990073,0.0,0.07713463807990073
4441,4441,0.6434852718062605,0.0,0.6434852718062605
4442,4442,0.11964348872110564,0.0,0.11964348872110564
4443,4443,0.20582933901212153,0.0,0.20582933901212153
4444,4444,0.2526887389077729,0.0,0.2526887389077729
4445,4445,0.3504034169389668,1.0,0.3504034169389668
4446,4446,0.8451111739435576,1.0,0.8451111739435576
4447,4447,0.29296265836944657,0.0,0.29296265836944657
4448,4448,0.3700023372428042,0.0,0.3700023372428042
4449,4449,0.6996063621845565,1.0,0.6996063621845565
4450,4450,0.2805682437172162,0.0,0.2805682437172162
4451,4451,0.6305051370029089,1.0,0.6305051370029089
4452,4452,0.2681079215260527,0.0,0.2681079215260527
4453,4453,0.6489134522981809,0.0,0.6489134522981809
4454,4454,0.2482132844208631,1.0,0.2482132844208631
4455,4455,0.9318480846108905,1.0,0.9318480846108905
4456,4456,0.22842185642349622,0.0,0.22842185642349622
4457,4457,0.07324899861680156,0.0,0.07324899861680156
4458,4458,0.16156864264289006,0.0,0.16156864264289006
4459,4459,0.642936740863286,0.0,0.642936740863286
4460,4460,0.9921304563988078,1.0,0.9921304563988078
4461,4461,0.372670485037888,1.0,0.372670485037888
4462,4462,0.513314545712863,1.0,0.513314545712863
4463,4463,0.5157717578373756,0.0,0.5157717578373756
4464,4464,0.30707098848763004,0.0,0.30707098848763004
4465,4465,0.26411438003543497,0.0,0.26411438003543497
4466,4466,0.2977790472867323,0.0,0.2977790472867323
4467,4467,0.412102719243713,0.0,0.412102719243713
4468,4468,0.5216224604533868,1.0,0.5216224604533868
4469,4469,0.6569645550395352,1.0,0.6569645550395352
4470,4470,0.7233740341017897,0.0,0.7233740341017897
4471,4471,0.08115803985817938,0.0,0.08115803985817938
4472,4472,0.16354075428409687,0.0,0.16354075428409687
4473,4473,0.5104370146928073,1.0,0.5104370146928073
4474,4474,0.7132584008579987,0.0,0.7132584008579987
4475,4475,0.8385456238891161,1.0,0.8385456238891161
4476,4476,0.33779543891362984,0.0,0.33779543891362984
4477,4477,0.6160271820580826,1.0,0.6160271820580826
4478,4478,0.015615131428140638,0.0,0.015615131428140638
4479,4479,0.5743151562853452,1.0,0.5743151562853452
4480,4480,0.5667407603873551,0.0,0.5667407603873551
4481,4481,0.16646983343460664,0.0,0.16646983343460664
4482,4482,0.19198507280284283,0.0,0.19198507280284283
4483,4483,0.4599893490586435,1.0,0.4599893490586435
4484,4484,0.6132857034625837,0.0,0.6132857034625837
4485,4485,0.528127853922554,0.0,0.528127853922554
4486,4486,0.9458752324994141,1.0,0.9458752324994141
4487,4487,0.48543562767907056,0.0,0.48543562767907056
4488,4488,0.6789956910760981,1.0,0.6789956910760981
4489,4489,0.4495497467990569,1.0,0.4495497467990569
4490,4490,0.1020739934248166,0.0,0.1020739934248166
4491,4491,0.435005898663389,0.0,0.435005898663389
4492,4492,0.966815861751924,1.0,0.966815861751924
4493,4493,0.7985390368016292,1.0,0.7985390368016292
4494,4494,0.1176172341747811,0.0,0.1176172341747811
4495,4495,0.49247705802980035,0.0,0.49247705802980035
4496,4496,0.21022665281319808,0.0,0.21022665281319808
4497,4497,0.1409092827660049,0.0,0.1409092827660049
4498,4498,0.8333768352563985,1.0,0.8333768352563985
4499,4499,0.08812713119303717,0.0,0.08812713119303717
4500,4500,0.6271380779195216,1.0,0.6271380779195216
4501,4501,0.9435142913602913,1.0,0.9435142913602913
4502,4502,0.1592552435691844,0.0,0.1592552435691844
4503,4503,0.7262288156709302,0.0,0.7262288156709302
4504,4504,0.5115565810068817,0.0,0.5115565810068817
4505,4505,0.5472103506023117,0.0,0.5472103506023117
4506,4506,0.2904610200546063,0.0,0.2904610200546063
4507,4507,0.9681896912901622,0.0,0.9681896912901622
4508,4508,0.7496891870253918,1.0,0.7496891870253918
4509,4509,0.8103428017561997,1.0,0.8103428017561997
4510,4510,0.054993280107926035,0.0,0.054993280107926035
4511,4511,0.42207499671450477,0.0,0.42207499671450477
4512,4512,0.49154364684682095,1.0,0.49154364684682095
4513,4513,0.04052440874174135,0.0,0.04052440874174135
4514,4514,0.9412503448960222,1.0,0.9412503448960222
4515,4515,0.9945269136733315,1.0,0.9945269136733315
4516,4516,0.23919796422663886,0.0,0.23919796422663886
4517,4517,0.06410296235532387,0.0,0.06410296235532387
4518,4518,0.7056596866457858,1.0,0.7056596866457858
4519,4519,0.0795271739114044,0.0,0.0795271739114044
4520,4520,0.34784853738637234,0.0,0.34784853738637234
4521,4521,0.5293695135149477,1.0,0.5293695135149477
4522,4522,0.019398339279302568,0.0,0.019398339279302568
4523,4523,0.5131950716608339,0.0,0.5131950716608339
4524,4524,0.4080084470572539,0.0,0.4080084470572539
4525,4525,0.15944638546998569,0.0,0.15944638546998569
4526,4526,0.6030821036219708,1.0,0.6030821036219708
4527,4527,0.5763186915127705,1.0,0.5763186915127705
4528,4528,0.5396020416451793,0.0,0.5396020416451793
4529,4529,0.869932680644486,1.0,0.869932680644486
4530,4530,0.25219556449898417,0.0,0.25219556449898417
4531,4531,0.7678398410097513,1.0,0.7678398410097513
4532,4532,0.8600831707577051,1.0,0.8600831707577051
4533,4533,0.6907257909875415,0.0,0.6907257909875415
4534,4534,0.09020612096570901,0.0,0.09020612096570901
4535,4535,0.21202830525363914,1.0,0.21202830525363914
4536,4536,0.2293169887646852,1.0,0.2293169887646852
4537,4537,0.5889987429529311,1.0,0.5889987429529311
4538,4538,0.3528882397305293,1.0,0.3528882397305293
4539,4539,0.8752627100224338,1.0,0.8752627100224338
4540,4540,0.7974528626695052,1.0,0.7974528626695052
4541,4541,0.09157969590013681,0.0,0.09157969590013681
4542,4542,0.8109771985214561,1.0,0.8109771985214561
4543,4543,0.43334431679216723,0.0,0.43334431679216723
4544,4544,0.9420121736053777,1.0,0.9420121736053777
4545,4545,0.08591405230422755,0.0,0.08591405230422755
4546,4546,0.30093077333429286,0.0,0.30093077333429286
4547,4547,0.2966806564712672,1.0,0.2966806564712672
4548,4548,0.9857066506542359,1.0,0.9857066506542359
4549,4549,0.825907216605042,1.0,0.825907216605042
4550,4550,0.20583580271056412,0.0,0.20583580271056412
4551,4551,0.6235994123591351,1.0,0.6235994123591351
4552,4552,0.7887992441476257,1.0,0.7887992441476257
4553,4553,0.32219962368330546,1.0,0.32219962368330546
4554,4554,0.15124244277541898,0.0,0.15124244277541898
4555,4555,0.4936875145294284,1.0,0.4936875145294284
4556,4556,0.18903669490893404,0.0,0.18903669490893404
4557,4557,0.391958479406081,1.0,0.391958479406081
4558,4558,0.052752248687067516,0.0,0.052752248687067516
4559,4559,0.4800053929727819,1.0,0.4800053929727819
4560,4560,0.9128814774382609,1.0,0.9128814774382609
4561,4561,0.529100564516028,1.0,0.529100564516028
4562,4562,0.6106406643476164,1.0,0.6106406643476164
4563,4563,0.231353285131509,0.0,0.231353285131509
4564,4564,0.7237028488126264,1.0,0.7237028488126264
4565,4565,0.4624223543871706,1.0,0.4624223543871706
4566,4566,0.20163356628388684,0.0,0.20163356628388684
4567,4567,0.25291422850261325,0.0,0.25291422850261325
4568,4568,0.19219302415395112,0.0,0.19219302415395112
4569,4569,0.7724693216609257,1.0,0.7724693216609257
4570,4570,0.4542299078946175,0.0,0.4542299078946175
4571,4571,0.39344108785683307,0.0,0.39344108785683307
4572,4572,0.3259471263243865,1.0,0.3259471263243865
4573,4573,0.027060961647581427,0.0,0.027060961647581427
4574,4574,0.8029174070815298,1.0,0.8029174070815298
4575,4575,0.542370124207047,0.0,0.542370124207047
4576,4576,0.8601633559492929,1.0,0.8601633559492929
4577,4577,0.696593322141584,1.0,0.696593322141584
4578,4578,0.7254434942493936,0.0,0.7254434942493936
4579,4579,0.2737657161071626,0.0,0.2737657161071626
4580,4580,0.9487803161974386,1.0,0.9487803161974386
4581,4581,0.22961485156441708,0.0,0.22961485156441708
4582,4582,0.4187230845964899,0.0,0.4187230845964899
4583,4583,0.308667990649905,0.0,0.308667990649905
4584,4584,0.1964490066425929,0.0,0.1964490066425929
4585,4585,0.05670363266594447,0.0,0.05670363266594447
4586,4586,0.11488960235953383,0.0,0.11488960235953383
4587,4587,0.48812850671520136,0.0,0.48812850671520136
4588,4588,0.7577633951530528,1.0,0.7577633951530528
4589,4589,0.7670449031549805,0.0,0.7670449031549805
4590,4590,0.1809470452880706,0.0,0.1809470452880706
4591,4591,0.540170787252891,1.0,0.540170787252891
4592,4592,0.8129127958044582,0.0,0.8129127958044582
4593,4593,0.1636208649983658,0.0,0.1636208649983658
4594,4594,0.02904255110662024,0.0,0.02904255110662024
4595,4595,0.3919297041436779,0.0,0.3919297041436779
4596,4596,0.541647558369492,1.0,0.541647558369492
4597,4597,0.2739287527423393,0.0,0.2739287527423393
4598,4598,0.9695301319256592,1.0,0.9695301319256592
4599,4599,0.7056513517105915,1.0,0.7056513517105915
4600,4600,0.2873335557155684,0.0,0.2873335557155684
4601,4601,0.33071056433678736,1.0,0.33071056433678736
4602,4602,0.30337376506234026,1.0,0.30337376506234026
4603,4603,0.7819624219436545,1.0,0.7819624219436545
4604,4604,0.013251225879489237,0.0,0.013251225879489237
4605,4605,0.6915751668513103,0.0,0.6915751668513103
4606,4606,0.272507722669986,0.0,0.272507722669986
4607,4607,0.0926943564093855,0.0,0.0926943564093855
4608,4608,0.3675773918652382,0.0,0.3675773918652382
4609,4609,0.5585455306600784,0.0,0.5585455306600784
4610,4610,0.8257649447077059,1.0,0.8257649447077059
4611,4611,0.11864738092282912,0.0,0.11864738092282912
4612,4612,0.8886199514802391,1.0,0.8886199514802391
4613,4613,0.22464387899860871,0.0,0.22464387899860871
4614,4614,0.44316868916998287,0.0,0.44316868916998287
4615,4615,0.36875292581329955,1.0,0.36875292581329955
4616,4616,0.9069074872673569,1.0,0.9069074872673569
4617,4617,0.4361483580321772,0.0,0.4361483580321772
4618,4618,0.6996141558781486,0.0,0.6996141558781486
4619,4619,0.4450885819850473,1.0,0.4450885819850473
4620,4620,0.8512347856307771,1.0,0.8512347856307771
4621,4621,0.998826157662103,1.0,0.998826157662103
4622,4622,0.18183764779179368,1.0,0.18183764779179368
4623,4623,0.5973362572933338,0.0,0.5973362572933338
4624,4624,0.41770091520329833,0.0,0.41770091520329833
4625,4625,0.2609542063858953,0.0,0.2609542063858953
4626,4626,0.23235787629425075,0.0,0.23235787629425075
4627,4627,0.05372923817705666,1.0,0.05372923817705666
4628,4628,0.8051159922185582,0.0,0.8051159922185582
4629,4629,0.015773469029055076,0.0,0.015773469029055076
4630,4630,0.4331036083506865,1.0,0.4331036083506865
4631,4631,0.7647725022215424,1.0,0.7647725022215424
4632,4632,0.0954776990123295,0.0,0.0954776990123295
4633,4633,0.03458436532764042,0.0,0.03458436532764042
4634,4634,0.692361924508903,0.0,0.692361924508903
4635,4635,0.6712988127220438,0.0,0.6712988127220438
4636,4636,0.5649899088724615,0.0,0.5649899088724615
4637,4637,0.3376954007377946,0.0,0.3376954007377946
4638,4638,0.9130299799423934,1.0,0.9130299799423934
4639,4639,0.8536913269727321,1.0,0.8536913269727321
4640,4640,0.5383908675355106,0.0,0.5383908675355106
4641,4641,0.3174050167130902,1.0,0.3174050167130902
4642,4642,0.32926458400520386,1.0,0.32926458400520386
4643,4643,0.48520352892660057,0.0,0.48520352892660057
4644,4644,0.028497075453425835,0.0,0.028497075453425835
4645,4645,0.46693318385366733,0.0,0.46693318385366733
4646,4646,0.8149534870699653,1.0,0.8149534870699653
4647,4647,0.5769312308879847,1.0,0.5769312308879847
4648,4648,0.7911775370704971,1.0,0.7911775370704971
4649,4649,0.8055782443832389,1.0,0.8055782443832389
4650,4650,0.9112672530222424,1.0,0.9112672530222424
4651,4651,0.8929418469952383,1.0,0.8929418469952383
4652,4652,0.6601076044672594,1.0,0.6601076044672594
4653,4653,0.010383463156242612,0.0,0.010383463156242612
4654,4654,0.6000464389184298,0.0,0.6000464389184298
4655,4655,0.8504558860489784,1.0,0.8504558860489784
4656,4656,0.8673768677104003,0.0,0.8673768677104003
4657,4657,0.31725432966867195,1.0,0.31725432966867195
4658,4658,0.17026760886104297,1.0,0.17026760886104297
4659,4659,0.11116804614039599,0.0,0.11116804614039599
4660,4660,0.9761942784546124,0.0,0.9761942784546124
4661,4661,0.4886066360822078,1.0,0.4886066360822078
4662,4662,0.06103807851391185,1.0,0.06103807851391185
4663,4663,0.9362257284541097,1.0,0.9362257284541097
4664,4664,0.14427423589281485,0.0,0.14427423589281485
4665,4665,0.5553607929398061,0.0,0.5553607929398061
4666,4666,0.16508769201575357,0.0,0.16508769201575357
4667,4667,0.6162316786310036,1.0,0.6162316786310036
4668,4668,0.6816284289436241,0.0,0.6816284289436241
4669,4669,0.5489632829497495,1.0,0.5489632829497495
4670,4670,0.023445085183760872,0.0,0.023445085183760872
4671,4671,0.3038622608477578,0.0,0.3038622608477578
4672,4672,0.394553048048242,0.0,0.394553048048242
4673,4673,0.37144958919693594,1.0,0.37144958919693594
4674,4674,0.7057507652955943,0.0,0.7057507652955943
4675,4675,0.4042315059005307,0.0,0.4042315059005307
4676,4676,0.30515093225440637,0.0,0.30515093225440637
4677,4677,0.14747596542830377,0.0,0.14747596542830377
4678,4678,0.7874038012483048,1.0,0.7874038012483048
4679,4679,0.13139628622750776,0.0,0.13139628622750776
4680,4680,0.3851878347762575,0.0,0.3851878347762575
4681,4681,0.07185009501985284,0.0,0.07185009501985284
4682,4682,0.6221894353600297,1.0,0.6221894353600297
4683,4683,0.7080224634978007,1.0,0.7080224634978007
4684,4684,0.3643083772339546,1.0,0.3643083772339546
4685,4685,0.21288202644234788,0.0,0.21288202644234788
4686,4686,0.1938845882101513,0.0,0.1938845882101513
4687,4687,0.24920174822881103,1.0,0.24920174822881103
4688,4688,0.5958881394621538,1.0,0.5958881394621538
4689,4689,0.17984997349889298,0.0,0.17984997349889298
4690,4690,0.09642678971826224,0.0,0.09642678971826224
4691,4691,0.5489263071003663,1.0,0.5489263071003663
4692,4692,0.5708531853821697,1.0,0.5708531853821697
4693,4693,0.5829070515781544,0.0,0.5829070515781544
4694,4694,0.7260413873619637,0.0,0.7260413873619637
4695,4695,0.8688895279337839,1.0,0.8688895279337839
4696,4696,0.4749187831873628,1.0,0.4749187831873628
4697,4697,0.9417107353638575,1.0,0.9417107353638575
4698,4698,0.8176670137246523,1.0,0.8176670137246523
4699,4699,0.03439567923999853,0.0,0.03439567923999853
4700,4700,0.6208479443852956,1.0,0.6208479443852956
4701,4701,0.060101846791590585,0.0,0.060101846791590585
4702,4702,0.6628312242874697,0.0,0.6628312242874697
4703,4703,0.007137473414487783,0.0,0.007137473414487783
4704,4704,0.8359881767355509,1.0,0.8359881767355509
4705,4705,0.45159829899181636,0.0,0.45159829899181636
4706,4706,0.56244839175648,0.0,0.56244839175648
4707,4707,0.45380631602236,0.0,0.45380631602236
4708,4708,0.858581585893594,1.0,0.858581585893594
4709,4709,0.07951672739948668,0.0,0.07951672739948668
4710,4710,0.08348920208352806,1.0,0.08348920208352806
4711,4711,0.7913092573693279,1.0,0.7913092573693279
4712,4712,0.07619966790094479,1.0,0.07619966790094479
4713,4713,0.8383422638170654,1.0,0.8383422638170654
4714,4714,0.4661159483151278,1.0,0.4661159483151278
4715,4715,0.32146918985720985,1.0,0.32146918985720985
4716,4716,0.2828844979669045,0.0,0.2828844979669045
4717,4717,0.012509800237486712,0.0,0.012509800237486712
4718,4718,0.11221075931505542,0.0,0.11221075931505542
4719,4719,0.19380085709974282,0.0,0.19380085709974282
4720,4720,0.8519042476213156,1.0,0.8519042476213156
4721,4721,0.5701275044113072,0.0,0.5701275044113072
4722,4722,0.13263834696719723,1.0,0.13263834696719723
4723,4723,0.6996048807497373,1.0,0.6996048807497373
4724,4724,0.2106347053315718,0.0,0.2106347053315718
4725,4725,0.4182394830329398,0.0,0.4182394830329398
4726,4726,0.7271704199910206,1.0,0.7271704199910206
4727,4727,0.16628148982666824,0.0,0.16628148982666824
4728,4728,0.9531242804806165,1.0,0.9531242804806165
4729,4729,0.363339427502297,1.0,0.363339427502297
4730,4730,0.5233987981336816,0.0,0.5233987981336816
4731,4731,0.5806692740437087,1.0,0.5806692740437087
4732,4732,0.17289247042497446,0.0,0.17289247042497446
4733,4733,0.6588516444628933,1.0,0.6588516444628933
4734,4734,0.578824654974959,0.0,0.578824654974959
4735,4735,0.8654052714018856,1.0,0.8654052714018856
4736,4736,0.30772209037010534,1.0,0.30772209037010534
4737,4737,0.9038773355846343,0.0,0.9038773355846343
4738,4738,0.4488007756291691,0.0,0.4488007756291691
4739,4739,0.7054492095058497,1.0,0.7054492095058497
4740,4740,0.224175235901255,0.0,0.224175235901255
4741,4741,0.6290170348382623,1.0,0.6290170348382623
4742,4742,0.454576161123731,0.0,0.454576161123731
4743,4743,0.14160887544062373,0.0,0.14160887544062373
4744,4744,0.9029116277140528,1.0,0.9029116277140528
4745,4745,0.3653290304189801,0.0,0.3653290304189801
4746,4746,0.9543611690114322,1.0,0.9543611690114322
4747,4747,0.7352396579160425,1.0,0.7352396579160425
4748,4748,0.16823141996581004,0.0,0.16823141996581004
4749,4749,0.8382230576949325,1.0,0.8382230576949325
4750,4750,0.048656735328442835,0.0,0.048656735328442835
4751,4751,0.9465583283718747,1.0,0.9465583283718747
4752,4752,0.17552868351642947,0.0,0.17552868351642947
4753,4753,0.5740450626906914,0.0,0.5740450626906914
4754,4754,0.6823413057833512,0.0,0.6823413057833512
4755,4755,0.6989333198315217,0.0,0.6989333198315217
4756,4756,0.40070100897064387,1.0,0.40070100897064387
4757,4757,0.35773763609505793,1.0,0.35773763609505793
4758,4758,0.7179957473768225,1.0,0.7179957473768225
4759,4759,0.42356281794903883,1.0,0.42356281794903883
4760,4760,0.6688038231056848,1.0,0.6688038231056848
4761,4761,0.9978859049289954,1.0,0.9978859049289954
4762,4762,0.27386912612435765,0.0,0.27386912612435765
4763,4763,0.028852286164531282,0.0,0.028852286164531282
4764,4764,0.6899843459683151,1.0,0.6899843459683151
4765,4765,0.7419279614332337,1.0,0.7419279614332337
4766,4766,0.8077703455788877,1.0,0.8077703455788877
4767,4767,0.60609817339144,1.0,0.60609817339144
4768,4768,0.6024917027584874,1.0,0.6024917027584874
4769,4769,0.19350990096015042,0.0,0.19350990096015042
4770,4770,0.6940602899839012,1.0,0.6940602899839012
4771,4771,0.8592726962503854,1.0,0.8592726962503854
4772,4772,0.1662080867134983,1.0,0.1662080867134983
4773,4773,0.6126045030145763,0.0,0.6126045030145763
4774,4774,0.9382433120289494,1.0,0.9382433120289494
4775,4775,0.5185043723782442,0.0,0.5185043723782442
4776,4776,0.37825540241050304,1.0,0.37825540241050304
4777,4777,0.28518789850853243,0.0,0.28518789850853243
4778,4778,0.7440038910734856,1.0,0.7440038910734856
4779,4779,0.5403716479100074,1.0,0.5403716479100074
4780,4780,0.37128173297572853,1.0,0.37128173297572853
4781,4781,0.6821176673769704,1.0,0.6821176673769704
4782,4782,0.5024453584968454,1.0,0.5024453584968454
4783,4783,0.3712969781117754,0.0,0.3712969781117754
4784,4784,0.19173818221780903,0.0,0.19173818221780903
4785,4785,0.14058268972609778,1.0,0.14058268972609778
4786,4786,0.6625081076506623,0.0,0.6625081076506623
4787,4787,0.8326668791286499,1.0,0.8326668791286499
4788,4788,0.9337912425614531,1.0,0.9337912425614531
4789,4789,0.7501339989646408,1.0,0.7501339989646408
4790,4790,0.0979166180689861,0.0,0.0979166180689861
4791,4791,0.10814877671876755,0.0,0.10814877671876755
4792,4792,0.9257255547858344,1.0,0.9257255547858344
4793,4793,0.7071028645515025,1.0,0.7071028645515025
4794,4794,0.965811236858833,1.0,0.965811236858833
4795,4795,0.02870693846111294,0.0,0.02870693846111294
4796,4796,0.5263720177618242,1.0,0.5263720177618242
4797,4797,0.4245203154058318,0.0,0.4245203154058318
4798,4798,0.8274573480516347,1.0,0.8274573480516347
4799,4799,0.894301086846083,1.0,0.894301086846083
4800,4800,0.4228308895392221,1.0,0.4228308895392221
4801,4801,0.30953632392869557,0.0,0.30953632392869557
4802,4802,0.5293628545931166,1.0,0.5293628545931166
4803,4803,0.1982607639392443,0.0,0.1982607639392443
4804,4804,0.6201027556034677,1.0,0.6201027556034677
4805,4805,0.5452709801704488,1.0,0.5452709801704488
4806,4806,0.026371652264753465,0.0,0.026371652264753465
4807,4807,0.7152746198283114,1.0,0.7152746198283114
4808,4808,0.9057441319393518,1.0,0.9057441319393518
4809,4809,0.5023832469741772,0.0,0.5023832469741772
4810,4810,0.8095411858576541,1.0,0.8095411858576541
4811,4811,0.9797624094203475,1.0,0.9797624094203475
4812,4812,0.8860172853175281,1.0,0.8860172853175281
4813,4813,0.6483616247238686,1.0,0.6483616247238686
4814,4814,0.5319442095322126,1.0,0.5319442095322126
4815,4815,0.767471316503979,0.0,0.767471316503979
4816,4816,0.0823619292070078,0.0,0.0823619292070078
4817,4817,0.3550029707792606,0.0,0.3550029707792606
4818,4818,0.06617396289962185,0.0,0.06617396289962185
4819,4819,0.26465842571132203,0.0,0.26465842571132203
4820,4820,0.8935757206626357,1.0,0.8935757206626357
4821,4821,0.15713248696415427,0.0,0.15713248696415427
4822,4822,0.48020092057225494,0.0,0.48020092057225494
4823,4823,0.32952099102719157,1.0,0.32952099102719157
4824,4824,0.018754590241867874,0.0,0.018754590241867874
4825,4825,0.6234311293563672,1.0,0.6234311293563672
4826,4826,0.798522554094655,1.0,0.798522554094655
4827,4827,0.1447048705340115,0.0,0.1447048705340115
4828,4828,0.8987981301616047,1.0,0.8987981301616047
4829,4829,0.32371413214902167,0.0,0.32371413214902167
4830,4830,0.7811163633706008,1.0,0.7811163633706008
4831,4831,0.22872102153939888,0.0,0.22872102153939888
4832,4832,0.7584657139690785,1.0,0.7584657139690785
4833,4833,0.6612255361560005,0.0,0.6612255361560005
4834,4834,0.4439541188049857,0.0,0.4439541188049857
4835,4835,0.3550518015741466,0.0,0.3550518015741466
4836,4836,0.28831529845541637,0.0,0.28831529845541637
4837,4837,0.49180009642732847,1.0,0.49180009642732847
4838,4838,0.3168768655358559,0.0,0.3168768655358559
4839,4839,0.4521087344480458,1.0,0.4521087344480458
4840,4840,0.3061767434715331,0.0,0.3061767434715331
4841,4841,0.3925033989196569,0.0,0.3925033989196569
4842,4842,0.603295136473925,1.0,0.603295136473925
4843,4843,0.9768962861877319,1.0,0.9768962861877319
4844,4844,0.7945502483051121,1.0,0.7945502483051121
4845,4845,0.7416753884873168,1.0,0.7416753884873168
4846,4846,0.9291651695122605,1.0,0.9291651695122605
4847,4847,0.37050437349618837,0.0,0.37050437349618837
4848,4848,0.36242331512462433,0.0,0.36242331512462433
4849,4849,0.5277746505578955,1.0,0.5277746505578955
4850,4850,0.8144026370156543,1.0,0.8144026370156543
4851,4851,0.8330306011266242,1.0,0.8330306011266242
4852,4852,0.469176196004089,1.0,0.469176196004089
4853,4853,0.301513904978418,0.0,0.301513904978418
4854,4854,0.5372231835760088,1.0,0.5372231835760088
4855,4855,0.16127333435872804,0.0,0.16127333435872804
4856,4856,0.6597107420618148,1.0,0.6597107420618148
4857,4857,0.17718316692678526,0.0,0.17718316692678526
4858,4858,0.9409980016244702,1.0,0.9409980016244702
4859,4859,0.32571590973586273,0.0,0.32571590973586273
4860,4860,0.06449020563019559,0.0,0.06449020563019559
4861,4861,0.5480271078647936,0.0,0.5480271078647936
4862,4862,0.7902086899993925,1.0,0.7902086899993925
4863,4863,0.8174521007910273,1.0,0.8174521007910273
4864,4864,0.08327324333568886,0.0,0.08327324333568886
4865,4865,0.2152971350766164,0.0,0.2152971350766164
4866,4866,0.4761659612125295,1.0,0.4761659612125295
4867,4867,0.4314391167943544,1.0,0.4314391167943544
4868,4868,0.9250211202558295,1.0,0.9250211202558295
4869,4869,0.5622766368970169,0.0,0.5622766368970169
4870,4870,0.36405963533831665,0.0,0.36405963533831665
4871,4871,0.5296465426107918,0.0,0.5296465426107918
4872,4872,0.5661380420225733,1.0,0.5661380420225733
4873,4873,0.7860285493427996,1.0,0.7860285493427996
4874,4874,0.21830597368223348,0.0,0.21830597368223348
4875,4875,0.6781064275744034,1.0,0.6781064275744034
4876,4876,0.8072247433933466,1.0,0.8072247433933466
4877,4877,0.12952549993172668,1.0,0.12952549993172668
4878,4878,0.9810959099832753,1.0,0.9810959099832753
4879,4879,0.9889025843576382,1.0,0.9889025843576382
4880,4880,0.3258190733219172,0.0,0.3258190733219172
4881,4881,0.1446774770854744,0.0,0.1446774770854744
4882,4882,0.5898909948726194,1.0,0.5898909948726194
4883,4883,0.5347722281543819,1.0,0.5347722281543819
4884,4884,0.3932601449996258,0.0,0.3932601449996258
4885,4885,0.8624374755253806,1.0,0.8624374755253806
4886,4886,0.204835437056341,0.0,0.204835437056341
4887,4887,0.5607838693946152,0.0,0.5607838693946152
4888,4888,0.46765273028691823,0.0,0.46765273028691823
4889,4889,0.699251092416045,1.0,0.699251092416045
4890,4890,0.5869428923052148,1.0,0.5869428923052148
4891,4891,0.6459562126625552,1.0,0.6459562126625552
4892,4892,0.8570919781945993,1.0,0.8570919781945993
4893,4893,0.424209215659738,1.0,0.424209215659738
4894,4894,0.44963399604542365,0.0,0.44963399604542365
4895,4895,0.302119935761476,0.0,0.302119935761476
4896,4896,0.7997957130500775,1.0,0.7997957130500775
4897,4897,0.5566424477062151,0.0,0.5566424477062151
4898,4898,0.10139660924352678,0.0,0.10139660924352678
4899,4899,0.6521732584181562,0.0,0.6521732584181562
4900,4900,0.8392052034023804,0.0,0.8392052034023804
4901,4901,0.6213662949850272,1.0,0.6213662949850272
4902,4902,0.19983365152142252,0.0,0.19983365152142252
4903,4903,0.8767032291067274,1.0,0.8767032291067274
4904,4904,0.7508512674746377,1.0,0.7508512674746377
4905,4905,0.8664630368765357,1.0,0.8664630368765357
4906,4906,0.3484328518573768,1.0,0.3484328518573768
4907,4907,0.5512099092107312,0.0,0.5512099092107312
4908,4908,0.9632957635432009,1.0,0.9632957635432009
4909,4909,0.5588054183890104,1.0,0.5588054183890104
4910,4910,0.627446773752542,1.0,0.627446773752542
4911,4911,0.18264201612963094,0.0,0.18264201612963094
4912,4912,0.9940455873518893,1.0,0.9940455873518893
4913,4913,0.3148584452918268,1.0,0.3148584452918268
4914,4914,0.7963348051043158,1.0,0.7963348051043158
4915,4915,0.7240900358945169,0.0,0.7240900358945169
4916,4916,0.4293315654153136,0.0,0.4293315654153136
4917,4917,0.1296470308622567,0.0,0.1296470308622567
4918,4918,0.7948581506414729,1.0,0.7948581506414729
4919,4919,0.5549445944251881,1.0,0.5549445944251881
4920,4920,0.1469969243518081,0.0,0.1469969243518081
4921,4921,0.37670731268773894,0.0,0.37670731268773894
4922,4922,0.9725850088504985,1.0,0.9725850088504985
4923,4923,0.5100391706732531,0.0,0.5100391706732531
4924,4924,0.18173107839074276,0.0,0.18173107839074276
4925,4925,0.012739533335319075,0.0,0.012739533335319075
4926,4926,0.012492845111706785,0.0,0.012492845111706785
4927,4927,0.36312307562169077,0.0,0.36312307562169077
4928,4928,0.8962702739741817,1.0,0.8962702739741817
4929,4929,0.9263190369138653,1.0,0.9263190369138653
4930,4930,0.4684691644615697,0.0,0.4684691644615697
4931,4931,0.7537546186699331,1.0,0.7537546186699331
4932,4932,0.9513649457073028,0.0,0.9513649457073028
4933,4933,0.2716152599386831,0.0,0.2716152599386831
4934,4934,0.6660003596029669,1.0,0.6660003596029669
4935,4935,0.4624015662032357,1.0,0.4624015662032357
4936,4936,0.4909653832552583,1.0,0.4909653832552583
4937,4937,0.9120695684341233,1.0,0.9120695684341233
4938,4938,0.9275961890302694,1.0,0.9275961890302694
4939,4939,0.315259268995573,0.0,0.315259268995573
4940,4940,0.6106845976871493,0.0,0.6106845976871493
4941,4941,0.15118910918681927,0.0,0.15118910918681927
4942,4942,0.1365721115321923,0.0,0.1365721115321923
4943,4943,0.6681930765291969,1.0,0.6681930765291969
4944,4944,0.13987561881093002,0.0,0.13987561881093002
4945,4945,0.19985336736857584,0.0,0.19985336736857584
4946,4946,0.9934308814764037,1.0,0.9934308814764037
4947,4947,0.7753386486200443,0.0,0.7753386486200443
4948,4948,0.895780548255886,1.0,0.895780548255886
4949,4949,0.08756139363946058,0.0,0.08756139363946058
4950,4950,0.9503077595340297,1.0,0.9503077595340297
4951,4951,0.9272226003369675,1.0,0.9272226003369675
4952,4952,0.6176077600518391,0.0,0.6176077600518391
4953,4953,0.6120015309919827,0.0,0.6120015309919827
4954,4954,0.7186858355285562,0.0,0.7186858355285562
4955,4955,0.035978096761622,0.0,0.035978096761622
4956,4956,0.5329067264747821,0.0,0.5329067264747821
4957,4957,0.9413680812813864,0.0,0.9413680812813864
4958,4958,0.6848029692837315,0.0,0.6848029692837315
4959,4959,0.3304375490626552,0.0,0.3304375490626552
4960,4960,0.4868856360206193,0.0,0.4868856360206193
4961,4961,0.3584301837802847,0.0,0.3584301837802847
4962,4962,0.06291158187313861,0.0,0.06291158187313861
4963,4963,0.7647400387454395,0.0,0.7647400387454395
4964,4964,0.1533671088420131,0.0,0.1533671088420131
4965,4965,0.200005040630302,0.0,0.200005040630302
4966,4966,0.7277977777341003,1.0,0.7277977777341003
4967,4967,0.8777715302924376,1.0,0.8777715302924376
4968,4968,0.5893711851311322,0.0,0.5893711851311322
4969,4969,0.49380464531355106,0.0,0.49380464531355106
4970,4970,0.7565200857059518,1.0,0.7565200857059518
4971,4971,0.5749533798180105,0.0,0.5749533798180105
4972,4972,0.5544573015138976,1.0,0.5544573015138976
4973,4973,0.042023245747611515,0.0,0.042023245747611515
4974,4974,0.3418425288305186,1.0,0.3418425288305186
4975,4975,0.7711830477083254,1.0,0.7711830477083254
4976,4976,0.563899992365619,0.0,0.563899992365619
4977,4977,0.6554332231436617,1.0,0.6554332231436617
4978,4978,0.023516950157252747,0.0,0.023516950157252747
4979,4979,0.5142527176408525,1.0,0.5142527176408525
4980,4980,0.17810616701064186,0.0,0.17810616701064186
4981,4981,0.5292741365751029,0.0,0.5292741365751029
4982,4982,0.32400026415179184,0.0,0.32400026415179184
4983,4983,0.28478525926816034,0.0,0.28478525926816034
4984,4984,0.9372098056044741,0.0,0.9372098056044741
4985,4985,0.8294754364575424,1.0,0.8294754364575424
4986,4986,0.22626395293225177,0.0,0.22626395293225177
4987,4987,0.8245155671614861,1.0,0.8245155671614861
4988,4988,0.11064207449549956,0.0,0.11064207449549956
4989,4989,0.8821636331965155,1.0,0.8821636331965155
4990,4990,0.8895588632443375,1.0,0.8895588632443375
4991,4991,0.33018912068976414,1.0,0.33018912068976414
4992,4992,0.7171221601206713,1.0,0.7171221601206713
4993,4993,0.21638112830126044,0.0,0.21638112830126044
4994,4994,0.6016152372275719,0.0,0.6016152372275719
4995,4995,0.9354636732254102,1.0,0.9354636732254102
4996,4996,0.9406483023564999,1.0,0.9406483023564999
4997,4997,0.8717714748771588,1.0,0.8717714748771588
4998,4998,0.6307025257534584,1.0,0.6307025257534584
4999,4999,0.8198847345872117,1.0,0.8198847345872117
5000,5000,0.5518274335050457,1.0,0.5518274335050457
5001,5001,0.8799889194727497,1.0,0.8799889194727497
5002,5002,0.522625389261563,1.0,0.522625389261563
5003,5003,0.7588232549383818,1.0,0.7588232549383818
5004,5004,0.7471201256904529,1.0,0.7471201256904529
5005,5005,0.6173961060856501,1.0,0.6173961060856501
5006,5006,0.6923463527752137,1.0,0.6923463527752137
5007,5007,0.22971429963999257,0.0,0.22971429963999257
5008,5008,0.31932509625352246,1.0,0.31932509625352246
5009,5009,0.8607283977044082,1.0,0.8607283977044082
5010,5010,0.48984241908306214,0.0,0.48984241908306214
5011,5011,0.531167037758996,1.0,0.531167037758996
5012,5012,0.5951666014001535,1.0,0.5951666014001535
5013,5013,0.8199102356500435,1.0,0.8199102356500435
5014,5014,0.4856616876628653,0.0,0.4856616876628653
5015,5015,0.5167394220485485,1.0,0.5167394220485485
5016,5016,0.010476061510469314,0.0,0.010476061510469314
5017,5017,0.8184160628941047,1.0,0.8184160628941047
5018,5018,0.7094755418224415,1.0,0.7094755418224415
5019,5019,0.046719424901032536,1.0,0.046719424901032536
5020,5020,0.3561209472209428,0.0,0.3561209472209428
5021,5021,0.6946995200099702,1.0,0.6946995200099702
5022,5022,0.3454527072783784,1.0,0.3454527072783784
5023,5023,0.23149719251370482,0.0,0.23149719251370482
5024,5024,0.8664833563130279,1.0,0.8664833563130279
5025,5025,0.7566856273693927,1.0,0.7566856273693927
5026,5026,0.27635980591696996,0.0,0.27635980591696996
5027,5027,0.6862422737939442,1.0,0.6862422737939442
5028,5028,0.2411115462239557,0.0,0.2411115462239557
5029,5029,0.1275987259143787,0.0,0.1275987259143787
5030,5030,0.2977994283748072,1.0,0.2977994283748072
5031,5031,0.022330533114496065,0.0,0.022330533114496065
5032,5032,0.7453064882115082,1.0,0.7453064882115082
5033,5033,0.6573332259821371,1.0,0.6573332259821371
5034,5034,0.32315469845123057,0.0,0.32315469845123057
5035,5035,0.8857620109799101,1.0,0.8857620109799101
5036,5036,0.23864663597486602,0.0,0.23864663597486602
5037,5037,0.0793801493471008,0.0,0.0793801493471008
5038,5038,0.580402457858888,0.0,0.580402457858888
5039,5039,0.8090496976544166,1.0,0.8090496976544166
5040,5040,0.4195812863450359,1.0,0.4195812863450359
5041,5041,0.4576978484674691,0.0,0.4576978484674691
5042,5042,0.2810434644032157,1.0,0.2810434644032157
5043,5043,0.24724878485365553,0.0,0.24724878485365553
5044,5044,0.107935267505055,0.0,0.107935267505055
5045,5045,0.344775352971073,0.0,0.344775352971073
5046,5046,0.3534826701382283,0.0,0.3534826701382283
5047,5047,0.04961658431730742,0.0,0.04961658431730742
5048,5048,0.1333118554306566,0.0,0.1333118554306566
5049,5049,0.6582893660880074,0.0,0.6582893660880074
5050,5050,0.8848371259002759,1.0,0.8848371259002759
5051,5051,0.1940680925967707,0.0,0.1940680925967707
5052,5052,0.7317027739940435,1.0,0.7317027739940435
5053,5053,0.5840173927558279,1.0,0.5840173927558279
5054,5054,0.9029009524243142,1.0,0.9029009524243142
5055,5055,0.7741279077360198,1.0,0.7741279077360198
5056,5056,0.31100974353487654,0.0,0.31100974353487654
5057,5057,0.5512378316626385,1.0,0.5512378316626385
5058,5058,0.5132627661645035,0.0,0.5132627661645035
5059,5059,0.26130998900711766,0.0,0.26130998900711766
5060,5060,0.0794025709090832,0.0,0.0794025709090832
5061,5061,0.822319217814719,1.0,0.822319217814719
5062,5062,0.5195360802877822,0.0,0.5195360802877822
5063,5063,0.4097984902725861,0.0,0.4097984902725861
5064,5064,0.6534508401228659,1.0,0.6534508401228659
5065,5065,0.8060326866564435,1.0,0.8060326866564435
5066,5066,0.18675493572609603,1.0,0.18675493572609603
5067,5067,0.6594735862352352,1.0,0.6594735862352352
5068,5068,0.9773526550890649,1.0,0.9773526550890649
5069,5069,0.4212746522307631,0.0,0.4212746522307631
5070,5070,0.5596061986590632,0.0,0.5596061986590632
5071,5071,0.5704617328363136,1.0,0.5704617328363136
5072,5072,0.1841803049336297,1.0,0.1841803049336297
5073,5073,0.49402085571644916,0.0,0.49402085571644916
5074,5074,0.7981822146677073,1.0,0.7981822146677073
5075,5075,0.48971504696672696,1.0,0.48971504696672696
5076,5076,0.5054240482987737,1.0,0.5054240482987737
5077,5077,0.6202665033932799,0.0,0.6202665033932799
5078,5078,0.4010624530687049,0.0,0.4010624530687049
5079,5079,0.4587255365977304,0.0,0.4587255365977304
5080,5080,0.4778345407516289,0.0,0.4778345407516289
5081,5081,0.3429686587008055,0.0,0.3429686587008055
5082,5082,0.5948416594338429,1.0,0.5948416594338429
5083,5083,0.5836449982858163,1.0,0.5836449982858163
5084,5084,0.9296312057862444,0.0,0.9296312057862444
5085,5085,0.006143211241680047,0.0,0.006143211241680047
5086,5086,0.5384584558929488,0.0,0.5384584558929488
5087,5087,0.6102265296693559,1.0,0.6102265296693559
5088,5088,0.6075118608992546,1.0,0.6075118608992546
5089,5089,0.8515303110266919,1.0,0.8515303110266919
5090,5090,0.7931499993424646,1.0,0.7931499993424646
5091,5091,0.35978454394290993,0.0,0.35978454394290993
5092,5092,0.8073085498452879,1.0,0.8073085498452879
5093,5093,0.05682821871998678,0.0,0.05682821871998678
5094,5094,0.8108887191111499,1.0,0.8108887191111499
5095,5095,0.28109364811387416,0.0,0.28109364811387416
5096,5096,0.8455033114541075,1.0,0.8455033114541075
5097,5097,0.6528881685164573,1.0,0.6528881685164573
5098,5098,0.5585668637672179,1.0,0.5585668637672179
5099,5099,0.6826570894982128,0.0,0.6826570894982128
5100,5100,0.49122713187402656,0.0,0.49122713187402656
5101,5101,0.007935208993800291,0.0,0.007935208993800291
5102,5102,0.43739924442860023,0.0,0.43739924442860023
5103,5103,0.4075107779899816,0.0,0.4075107779899816
5104,5104,0.9216269555376919,0.0,0.9216269555376919
5105,5105,0.6536606066594925,0.0,0.6536606066594925
5106,5106,0.3708299526421134,1.0,0.3708299526421134
5107,5107,0.5098360590078511,0.0,0.5098360590078511
5108,5108,0.019455893203857433,0.0,0.019455893203857433
5109,5109,0.6777909887895985,0.0,0.6777909887895985
5110,5110,0.5667932485658523,1.0,0.5667932485658523
5111,5111,0.002765864530559159,0.0,0.002765864530559159
5112,5112,0.2739764653160669,0.0,0.2739764653160669
5113,5113,0.7744943312187503,0.0,0.7744943312187503
5114,5114,0.6519229051107751,0.0,0.6519229051107751
5115,5115,0.3026891359597601,0.0,0.3026891359597601
5116,5116,0.9926662438264575,1.0,0.9926662438264575
5117,5117,0.12829724680599175,0.0,0.12829724680599175
5118,5118,0.2502217113130659,0.0,0.2502217113130659
5119,5119,0.6642416781696863,1.0,0.6642416781696863
5120,5120,0.42961464396916804,1.0,0.42961464396916804
5121,5121,0.6291738598371404,1.0,0.6291738598371404
5122,5122,0.961789087773697,1.0,0.961789087773697
5123,5123,0.11960878563568189,0.0,0.11960878563568189
5124,5124,0.9689401285240055,1.0,0.9689401285240055
5125,5125,0.8741346311269338,1.0,0.8741346311269338
5126,5126,0.586644306642361,1.0,0.586644306642361
5127,5127,0.7091208514743615,0.0,0.7091208514743615
5128,5128,0.6086933409814529,1.0,0.6086933409814529
5129,5129,0.9117456831444417,1.0,0.9117456831444417
5130,5130,0.9517727550985056,1.0,0.9517727550985056
5131,5131,0.5931692650001116,1.0,0.5931692650001116
5132,5132,0.2901900859752915,0.0,0.2901900859752915
5133,5133,0.1477027927718545,0.0,0.1477027927718545
5134,5134,0.16253329647822123,0.0,0.16253329647822123
5135,5135,0.9438726461627394,1.0,0.9438726461627394
5136,5136,0.5021449280121018,0.0,0.5021449280121018
5137,5137,0.8641458953371846,1.0,0.8641458953371846
5138,5138,0.5358236238591652,1.0,0.5358236238591652
5139,5139,0.5316001372575377,1.0,0.5316001372575377
5140,5140,0.3389706115716623,0.0,0.3389706115716623
5141,5141,0.40679815067156777,0.0,0.40679815067156777
5142,5142,0.658299210062326,0.0,0.658299210062326
5143,5143,0.3949281408211349,0.0,0.3949281408211349
5144,5144,0.08199821768161197,1.0,0.08199821768161197
5145,5145,0.08926507099885117,1.0,0.08926507099885117
5146,5146,0.8921140569343681,1.0,0.8921140569343681
5147,5147,0.685924755036345,1.0,0.685924755036345
5148,5148,0.4573353537356123,1.0,0.4573353537356123
5149,5149,0.5142018343793477,1.0,0.5142018343793477
5150,5150,0.018224291241798807,0.0,0.018224291241798807
5151,5151,0.9178354719103111,1.0,0.9178354719103111
5152,5152,0.5160104254895093,1.0,0.5160104254895093
5153,5153,0.9133672343961309,1.0,0.9133672343961309
5154,5154,0.5735871959134543,1.0,0.5735871959134543
5155,5155,0.13041024851778127,0.0,0.13041024851778127
5156,5156,0.7236913064592738,1.0,0.7236913064592738
5157,5157,0.8598701128482313,1.0,0.8598701128482313
5158,5158,0.7516364934788354,0.0,0.7516364934788354
5159,5159,0.09321171359045322,0.0,0.09321171359045322
5160,5160,0.10450961185714713,0.0,0.10450961185714713
5161,5161,0.7046691777389636,1.0,0.7046691777389636
5162,5162,0.6511437302910781,1.0,0.6511437302910781
5163,5163,0.26633376061401626,0.0,0.26633376061401626
5164,5164,0.06055714720897587,0.0,0.06055714720897587
5165,5165,0.6686219765108217,1.0,0.6686219765108217
5166,5166,0.18755317408577576,0.0,0.18755317408577576
5167,5167,0.4947414480614736,1.0,0.4947414480614736
5168,5168,0.7296346072986043,1.0,0.7296346072986043
5169,5169,0.6461355728834115,1.0,0.6461355728834115
5170,5170,0.22128421279738586,0.0,0.22128421279738586
5171,5171,0.38520756000902934,0.0,0.38520756000902934
5172,5172,0.19626666759371347,0.0,0.19626666759371347
5173,5173,0.7166243369183287,1.0,0.7166243369183287
5174,5174,0.056846478866378836,0.0,0.056846478866378836
5175,5175,0.6873208102395609,1.0,0.6873208102395609
5176,5176,0.7574648115141192,0.0,0.7574648115141192
5177,5177,0.7480233577247922,1.0,0.7480233577247922
5178,5178,0.11110496162134931,1.0,0.11110496162134931
5179,5179,0.10604954803854405,1.0,0.10604954803854405
5180,5180,0.799367379219666,1.0,0.799367379219666
5181,5181,0.3543865255395745,0.0,0.3543865255395745
5182,5182,0.3988270112397174,0.0,0.3988270112397174
5183,5183,0.715508703952163,1.0,0.715508703952163
5184,5184,0.0915243860201792,0.0,0.0915243860201792
5185,5185,0.8878568002619012,1.0,0.8878568002619012
5186,5186,0.918821594427852,1.0,0.918821594427852
5187,5187,0.18353130705671405,0.0,0.18353130705671405
5188,5188,0.022651639644130972,0.0,0.022651639644130972
5189,5189,0.5254951951276611,0.0,0.5254951951276611
5190,5190,0.6275320719832359,0.0,0.6275320719832359
5191,5191,0.9389483536179795,1.0,0.9389483536179795
5192,5192,0.8684172168706431,1.0,0.8684172168706431
5193,5193,0.686059315893663,1.0,0.686059315893663
5194,5194,0.7750040131180517,0.0,0.7750040131180517
5195,5195,0.3801614084108317,1.0,0.3801614084108317
5196,5196,0.4319293161644212,0.0,0.4319293161644212
5197,5197,0.8343175868298901,1.0,0.8343175868298901
5198,5198,0.4912714639113518,1.0,0.4912714639113518
5199,5199,0.18266171061622405,0.0,0.18266171061622405
5200,5200,0.09964226731647574,0.0,0.09964226731647574
5201,5201,0.2025178629021609,1.0,0.2025178629021609
5202,5202,0.37481023965021665,0.0,0.37481023965021665
5203,5203,0.35054877810084983,1.0,0.35054877810084983
5204,5204,0.8878502203848979,1.0,0.8878502203848979
5205,5205,0.5275701082755864,1.0,0.5275701082755864
5206,5206,0.7873856734920296,1.0,0.7873856734920296
5207,5207,0.7674330562254109,1.0,0.7674330562254109
5208,5208,0.37881070499704483,1.0,0.37881070499704483
5209,5209,0.5375741841245925,0.0,0.5375741841245925
5210,5210,0.8170214016657963,1.0,0.8170214016657963
5211,5211,0.727003299111055,1.0,0.727003299111055
5212,5212,0.6344639671520396,0.0,0.6344639671520396
5213,5213,0.6118592235919876,0.0,0.6118592235919876
5214,5214,0.4916029552647654,1.0,0.4916029552647654
5215,5215,0.7341048111047527,1.0,0.7341048111047527
5216,5216,0.392928295325772,1.0,0.392928295325772
5217,5217,0.8715491503602883,1.0,0.8715491503602883
5218,5218,0.9704054408858744,1.0,0.9704054408858744
5219,5219,0.6404545134285018,1.0,0.6404545134285018
5220,5220,0.9165153176968737,0.0,0.9165153176968737
5221,5221,0.13951595458463273,0.0,0.13951595458463273
5222,5222,0.25861844660106836,1.0,0.25861844660106836
5223,5223,0.37245627411631255,0.0,0.37245627411631255
5224,5224,0.17270128458949263,0.0,0.17270128458949263
5225,5225,0.3689279261492123,1.0,0.3689279261492123
5226,5226,0.6458864151442577,1.0,0.6458864151442577
5227,5227,0.9924655476689417,1.0,0.9924655476689417
5228,5228,0.2264289531301229,0.0,0.2264289531301229
5229,5229,0.12320485075581122,0.0,0.12320485075581122
5230,5230,0.9543624033383896,1.0,0.9543624033383896
5231,5231,0.9294632457484828,1.0,0.9294632457484828
5232,5232,0.6595605032947015,1.0,0.6595605032947015
5233,5233,0.7034566064861837,1.0,0.7034566064861837
5234,5234,0.045953865327686194,0.0,0.045953865327686194
5235,5235,0.2584154843109602,1.0,0.2584154843109602
5236,5236,0.96266747728673,1.0,0.96266747728673
5237,5237,0.2893395681771216,0.0,0.2893395681771216
5238,5238,0.4425128507842774,1.0,0.4425128507842774
5239,5239,0.5056603934007493,1.0,0.5056603934007493
5240,5240,0.5263593085177817,1.0,0.5263593085177817
5241,5241,0.5592305326924222,1.0,0.5592305326924222
5242,5242,0.43190357574605887,1.0,0.43190357574605887
5243,5243,0.18095499070654697,0.0,0.18095499070654697
5244,5244,0.34304333362163764,0.0,0.34304333362163764
5245,5245,0.40928053868223946,0.0,0.40928053868223946
5246,5246,0.43277423850025754,1.0,0.43277423850025754
5247,5247,0.41749080726482923,0.0,0.41749080726482923
5248,5248,0.9356980989797868,1.0,0.9356980989797868
5249,5249,0.2643404043172114,1.0,0.2643404043172114
5250,5250,0.3072914770514945,0.0,0.3072914770514945
5251,5251,0.25290110097162843,0.0,0.25290110097162843
5252,5252,0.4869764803531226,0.0,0.4869764803531226
5253,5253,0.7427535997338893,0.0,0.7427535997338893
5254,5254,0.44517572438960207,1.0,0.44517572438960207
5255,5255,0.6428016739466123,0.0,0.6428016739466123
5256,5256,0.11897767345709953,0.0,0.11897767345709953
5257,5257,0.0872044310381912,0.0,0.0872044310381912
5258,5258,0.6860272639617275,1.0,0.6860272639617275
5259,5259,0.9071617780932945,1.0,0.9071617780932945
5260,5260,0.4878687578949821,0.0,0.4878687578949821
5261,5261,0.03698437277994859,0.0,0.03698437277994859
5262,5262,0.7516847831535289,1.0,0.7516847831535289
5263,5263,0.7635064917515763,1.0,0.7635064917515763
5264,5264,0.001368662788709174,0.0,0.001368662788709174
5265,5265,0.120470484141188,0.0,0.120470484141188
5266,5266,0.39654242357600655,0.0,0.39654242357600655
5267,5267,0.9141714592358989,1.0,0.9141714592358989
5268,5268,0.09434549525031877,0.0,0.09434549525031877
5269,5269,0.29129947392231015,0.0,0.29129947392231015
5270,5270,0.4418458234738002,0.0,0.4418458234738002
5271,5271,0.08497032328873289,0.0,0.08497032328873289
5272,5272,0.6943110797068602,1.0,0.6943110797068602
5273,5273,0.6983096352719548,1.0,0.6983096352719548
5274,5274,0.15840865264669657,0.0,0.15840865264669657
5275,5275,0.3665647008931966,0.0,0.3665647008931966
5276,5276,0.9733047756983845,1.0,0.9733047756983845
5277,5277,0.2041353984149148,0.0,0.2041353984149148
5278,5278,0.48343854644515993,0.0,0.48343854644515993
5279,5279,0.3995164581488757,0.0,0.3995164581488757
5280,5280,0.8242858009587564,1.0,0.8242858009587564
5281,5281,0.7552904581600618,1.0,0.7552904581600618
5282,5282,0.9218848290419165,1.0,0.9218848290419165
5283,5283,0.8519179994848611,0.0,0.8519179994848611
5284,5284,0.5705354087181009,1.0,0.5705354087181009
5285,5285,0.04674494308320942,0.0,0.04674494308320942
5286,5286,0.24336690177039544,1.0,0.24336690177039544
5287,5287,0.7172633118304409,1.0,0.7172633118304409
5288,5288,0.8812446801914058,1.0,0.8812446801914058
5289,5289,0.7799836127486415,1.0,0.7799836127486415
5290,5290,0.8306185720406647,1.0,0.8306185720406647
5291,5291,0.3657029699216491,1.0,0.3657029699216491
5292,5292,0.9688857078358434,1.0,0.9688857078358434
5293,5293,0.8332666819961771,1.0,0.8332666819961771
5294,5294,0.7751475947800114,1.0,0.7751475947800114
5295,5295,0.9937540531786747,1.0,0.9937540531786747
5296,5296,0.2985298701203307,0.0,0.2985298701203307
5297,5297,0.6699475339158009,1.0,0.6699475339158009
5298,5298,0.9933912607582909,1.0,0.9933912607582909
5299,5299,0.6802960852179472,1.0,0.6802960852179472
5300,5300,0.16824375431815508,0.0,0.16824375431815508
5301,5301,0.747489790301625,0.0,0.747489790301625
5302,5302,0.803453250195409,1.0,0.803453250195409
5303,5303,0.5069505651286312,0.0,0.5069505651286312
5304,5304,0.06864637552255581,0.0,0.06864637552255581
5305,5305,0.027496644912196944,0.0,0.027496644912196944
5306,5306,0.9499264479312699,1.0,0.9499264479312699
5307,5307,0.09186197755314585,0.0,0.09186197755314585
5308,5308,0.21405562148559332,1.0,0.21405562148559332
5309,5309,0.8227861456561703,0.0,0.8227861456561703
5310,5310,0.3767754642274652,0.0,0.3767754642274652
5311,5311,0.1395894659160366,0.0,0.1395894659160366
5312,5312,0.2575893604100077,1.0,0.2575893604100077
5313,5313,0.8655194857108689,1.0,0.8655194857108689
5314,5314,0.6108685973518392,1.0,0.6108685973518392
5315,5315,0.6107049374025054,1.0,0.6107049374025054
5316,5316,0.8834574689946241,1.0,0.8834574689946241
5317,5317,0.36690905312947053,1.0,0.36690905312947053
5318,5318,0.9635256433281776,1.0,0.9635256433281776
5319,5319,0.11122154895726999,0.0,0.11122154895726999
5320,5320,0.6129150850549141,1.0,0.6129150850549141
5321,5321,0.6769437385960493,0.0,0.6769437385960493
5322,5322,0.14371188871631946,0.0,0.14371188871631946
5323,5323,0.8052810599575625,0.0,0.8052810599575625
5324,5324,0.723737424617747,1.0,0.723737424617747
5325,5325,0.2397669474460814,1.0,0.2397669474460814
5326,5326,0.227953002974142,0.0,0.227953002974142
5327,5327,0.6653481024319421,1.0,0.6653481024319421
5328,5328,0.004473342629367272,0.0,0.004473342629367272
5329,5329,0.7416563793637128,1.0,0.7416563793637128
5330,5330,0.5228390564612287,1.0,0.5228390564612287
5331,5331,0.1714872744434739,0.0,0.1714872744434739
5332,5332,0.7346906441183549,1.0,0.7346906441183549
5333,5333,0.28548236627199197,0.0,0.28548236627199197
5334,5334,0.36094308969543576,1.0,0.36094308969543576
5335,5335,0.4710570903816834,0.0,0.4710570903816834
5336,5336,0.8912560396955638,1.0,0.8912560396955638
5337,5337,0.1379862543804966,0.0,0.1379862543804966
5338,5338,0.4237028124675434,1.0,0.4237028124675434
5339,5339,0.22458625187225034,0.0,0.22458625187225034
5340,5340,0.5638043655474092,1.0,0.5638043655474092
5341,5341,0.08265946011630732,0.0,0.08265946011630732
5342,5342,0.412412453547491,1.0,0.412412453547491
5343,5343,0.38693902771530575,0.0,0.38693902771530575
5344,5344,0.23926355018725431,0.0,0.23926355018725431
5345,5345,0.07879141846167359,0.0,0.07879141846167359
5346,5346,0.01001562041544013,0.0,0.01001562041544013
5347,5347,0.05662785680867144,0.0,0.05662785680867144
5348,5348,0.6432472874929493,1.0,0.6432472874929493
5349,5349,0.8549460009528042,0.0,0.8549460009528042
5350,5350,0.6327050473680434,1.0,0.6327050473680434
5351,5351,0.5335602926261116,0.0,0.5335602926261116
5352,5352,0.9563520087091668,1.0,0.9563520087091668
5353,5353,0.8658350890944178,1.0,0.8658350890944178
5354,5354,0.9266277240932626,1.0,0.9266277240932626
5355,5355,0.17647581218188824,0.0,0.17647581218188824
5356,5356,0.43132140018389986,0.0,0.43132140018389986
5357,5357,0.6614360348888411,1.0,0.6614360348888411
5358,5358,0.5892142454919753,0.0,0.5892142454919753
5359,5359,0.2044795633306158,0.0,0.2044795633306158
5360,5360,0.6588950581804465,1.0,0.6588950581804465
5361,5361,0.8900048140380731,1.0,0.8900048140380731
5362,5362,0.3494785317648659,0.0,0.3494785317648659
5363,5363,0.6248953918851783,1.0,0.6248953918851783
5364,5364,0.25523659255339526,0.0,0.25523659255339526
5365,5365,0.20344311510393032,0.0,0.20344311510393032
5366,5366,0.29595688177360213,0.0,0.29595688177360213
5367,5367,0.38327611947362905,1.0,0.38327611947362905
5368,5368,0.93887193709276,1.0,0.93887193709276
5369,5369,0.5967099151514661,1.0,0.5967099151514661
5370,5370,0.5175052737802254,1.0,0.5175052737802254
5371,5371,0.3813201241586769,0.0,0.3813201241586769
5372,5372,0.7684148924494152,1.0,0.7684148924494152
5373,5373,0.658334836044166,1.0,0.658334836044166
5374,5374,0.16187913076927662,0.0,0.16187913076927662
5375,5375,0.7091818037656117,0.0,0.7091818037656117
5376,5376,0.5380942120049164,0.0,0.5380942120049164
5377,5377,0.32916795190997505,1.0,0.32916795190997505
5378,5378,0.1337709247230675,0.0,0.1337709247230675
5379,5379,0.6314650055899708,0.0,0.6314650055899708
5380,5380,0.8048268723159345,1.0,0.8048268723159345
5381,5381,0.8259452870822255,0.0,0.8259452870822255
5382,5382,0.45920616406844295,0.0,0.45920616406844295
5383,5383,0.13655443893112518,0.0,0.13655443893112518
5384,5384,0.6703129598392803,1.0,0.6703129598392803
5385,5385,0.8898175272679993,0.0,0.8898175272679993
5386,5386,0.8638479225004885,1.0,0.8638479225004885
5387,5387,0.16546171150781808,1.0,0.16546171150781808
5388,5388,0.9504351298427851,1.0,0.9504351298427851
5389,5389,0.07370285880541982,0.0,0.07370285880541982
5390,5390,0.7378981811691864,1.0,0.7378981811691864
5391,5391,0.6553680842764329,0.0,0.6553680842764329
5392,5392,0.873910827717965,0.0,0.873910827717965
5393,5393,0.215089054819939,0.0,0.215089054819939
5394,5394,0.18960661500478704,0.0,0.18960661500478704
5395,5395,0.28574699141900084,0.0,0.28574699141900084
5396,5396,0.02075477699949002,0.0,0.02075477699949002
5397,5397,0.9228949823708856,1.0,0.9228949823708856
5398,5398,0.07518057319517513,0.0,0.07518057319517513
5399,5399,0.8276540424273297,1.0,0.8276540424273297
5400,5400,0.6091093925240498,1.0,0.6091093925240498
5401,5401,0.9884876210657678,1.0,0.9884876210657678
5402,5402,0.26731615605612247,0.0,0.26731615605612247
5403,5403,0.713884000897137,1.0,0.713884000897137
5404,5404,0.4297473594155512,1.0,0.4297473594155512
5405,5405,0.3833799448938612,0.0,0.3833799448938612
5406,5406,0.5636454485076184,0.0,0.5636454485076184
5407,5407,0.9481268570100836,1.0,0.9481268570100836
5408,5408,0.3162771642802016,1.0,0.3162771642802016
5409,5409,0.5822106294706726,0.0,0.5822106294706726
5410,5410,0.22012060943690825,0.0,0.22012060943690825
5411,5411,0.004550700106032757,0.0,0.004550700106032757
5412,5412,0.19356554690177696,0.0,0.19356554690177696
5413,5413,0.06868630169828471,0.0,0.06868630169828471
5414,5414,0.12765327421215533,0.0,0.12765327421215533
5415,5415,0.43227760460094633,1.0,0.43227760460094633
5416,5416,0.1506602586968514,0.0,0.1506602586968514
5417,5417,0.8736541683607372,1.0,0.8736541683607372
5418,5418,0.29550050896100954,0.0,0.29550050896100954
5419,5419,0.7557385683834035,1.0,0.7557385683834035
5420,5420,0.32984772007144036,1.0,0.32984772007144036
5421,5421,0.5142161068225118,0.0,0.5142161068225118
5422,5422,0.3585440017101593,1.0,0.3585440017101593
5423,5423,0.1893673295641477,1.0,0.1893673295641477
5424,5424,0.8334611511021294,1.0,0.8334611511021294
5425,5425,0.4989432023784547,1.0,0.4989432023784547
5426,5426,0.806005838381652,0.0,0.806005838381652
5427,5427,0.23152457385095493,0.0,0.23152457385095493
5428,5428,0.5724321737167894,0.0,0.5724321737167894
5429,5429,0.9648128886732651,1.0,0.9648128886732651
5430,5430,0.8888201367522071,1.0,0.8888201367522071
5431,5431,0.5285415742876549,0.0,0.5285415742876549
5432,5432,0.6917731878873925,1.0,0.6917731878873925
5433,5433,0.715117924663081,1.0,0.715117924663081
5434,5434,0.22880354113608226,0.0,0.22880354113608226
5435,5435,0.9054272860682867,1.0,0.9054272860682867
5436,5436,0.8416373760109316,1.0,0.8416373760109316
5437,5437,0.0589605885488822,0.0,0.0589605885488822
5438,5438,0.2799659838699944,0.0,0.2799659838699944
5439,5439,0.41453975196067594,0.0,0.41453975196067594
5440,5440,0.28869703842856587,0.0,0.28869703842856587
5441,5441,0.9873719886048027,1.0,0.9873719886048027
5442,5442,0.3692953407655254,1.0,0.3692953407655254
5443,5443,0.22962963902487177,0.0,0.22962963902487177
5444,5444,0.5705073005296605,1.0,0.5705073005296605
5445,5445,0.7423321640132035,1.0,0.7423321640132035
5446,5446,0.6503718330885163,1.0,0.6503718330885163
5447,5447,0.7415913138144437,1.0,0.7415913138144437
5448,5448,0.727478960722396,1.0,0.727478960722396
5449,5449,0.9428618296073039,1.0,0.9428618296073039
5450,5450,0.36397813596318995,0.0,0.36397813596318995
5451,5451,0.13591271359709567,0.0,0.13591271359709567
5452,5452,0.15875852392112932,0.0,0.15875852392112932
5453,5453,0.9821356043693129,1.0,0.9821356043693129
5454,5454,0.5585790011774648,1.0,0.5585790011774648
5455,5455,0.3367010595068137,1.0,0.3367010595068137
5456,5456,0.9003470920392033,1.0,0.9003470920392033
5457,5457,0.6867827480621311,1.0,0.6867827480621311
5458,5458,0.02029712678933948,0.0,0.02029712678933948
5459,5459,0.7302606466521367,0.0,0.7302606466521367
5460,5460,0.2241422687644522,1.0,0.2241422687644522
5461,5461,0.522280547199109,0.0,0.522280547199109
5462,5462,0.249228946593965,1.0,0.249228946593965
5463,5463,0.988165369167603,1.0,0.988165369167603
5464,5464,0.14505564507444235,0.0,0.14505564507444235
5465,5465,0.16004501141063998,1.0,0.16004501141063998
5466,5466,0.3364932350647051,1.0,0.3364932350647051
5467,5467,0.8063293393271395,1.0,0.8063293393271395
5468,5468,0.6770849627874443,1.0,0.6770849627874443
5469,5469,0.62664016173116,1.0,0.62664016173116
5470,5470,0.012197447085553148,0.0,0.012197447085553148
5471,5471,0.9691034163377235,1.0,0.9691034163377235
5472,5472,0.2911332063355233,0.0,0.2911332063355233
5473,5473,0.08297031344609884,0.0,0.08297031344609884
5474,5474,0.349005753358555,0.0,0.349005753358555
5475,5475,0.08454367099772886,0.0,0.08454367099772886
5476,5476,0.04001559979679492,0.0,0.04001559979679492
5477,5477,0.843547726614401,1.0,0.843547726614401
5478,5478,0.8798201169327879,1.0,0.8798201169327879
5479,5479,0.8056376297900153,1.0,0.8056376297900153
5480,5480,0.9789774078045587,1.0,0.9789774078045587
5481,5481,0.6999970383231475,1.0,0.6999970383231475
5482,5482,0.5127880419783435,0.0,0.5127880419783435
5483,5483,0.33173239600940074,1.0,0.33173239600940074
5484,5484,0.6987866936572111,1.0,0.6987866936572111
5485,5485,0.026857776698861358,0.0,0.026857776698861358
5486,5486,0.979709751937467,1.0,0.979709751937467
5487,5487,0.014918741279624781,0.0,0.014918741279624781
5488,5488,0.41701943328304225,1.0,0.41701943328304225
5489,5489,0.1551981705953236,0.0,0.1551981705953236
5490,5490,0.3683413460849351,0.0,0.3683413460849351
5491,5491,0.14798962355298428,0.0,0.14798962355298428
5492,5492,0.055997127903636756,0.0,0.055997127903636756
5493,5493,0.9351248115005827,1.0,0.9351248115005827
5494,5494,0.3455652892116545,0.0,0.3455652892116545
5495,5495,0.6876811132224416,1.0,0.6876811132224416
5496,5496,0.6977179027507803,1.0,0.6977179027507803
5497,5497,0.5725492621535303,0.0,0.5725492621535303
5498,5498,0.9542530271933655,1.0,0.9542530271933655
5499,5499,0.7252287522268662,1.0,0.7252287522268662
5500,5500,0.883616801196104,1.0,0.883616801196104
5501,5501,0.419423321242513,0.0,0.419423321242513
5502,5502,0.2068982382818636,0.0,0.2068982382818636
5503,5503,0.48986262546755155,0.0,0.48986262546755155
5504,5504,0.7098816057304344,1.0,0.7098816057304344
5505,5505,0.6317304249728883,1.0,0.6317304249728883
5506,5506,0.6022375464381798,1.0,0.6022375464381798
5507,5507,0.016404826639913384,0.0,0.016404826639913384
5508,5508,0.06933443393712657,0.0,0.06933443393712657
5509,5509,0.18549021169781688,1.0,0.18549021169781688
5510,5510,0.4500922584163888,0.0,0.4500922584163888
5511,5511,0.7542065450231458,1.0,0.7542065450231458
5512,5512,0.4496890815599117,0.0,0.4496890815599117
5513,5513,0.35107816271487713,0.0,0.35107816271487713
5514,5514,0.764856367006097,0.0,0.764856367006097
5515,5515,0.6897513550602763,0.0,0.6897513550602763
5516,5516,0.5500916092686134,1.0,0.5500916092686134
5517,5517,0.6206623395672977,1.0,0.6206623395672977
5518,5518,0.4782109549651915,1.0,0.4782109549651915
5519,5519,0.6143432948323817,0.0,0.6143432948323817
5520,5520,0.6260860422543547,1.0,0.6260860422543547
5521,5521,0.7771209372037452,1.0,0.7771209372037452
5522,5522,0.7035348280743957,1.0,0.7035348280743957
5523,5523,0.7732480426227587,1.0,0.7732480426227587
5524,5524,0.7881597284391584,1.0,0.7881597284391584
5525,5525,0.11957722290767214,0.0,0.11957722290767214
5526,5526,0.9575695891113803,1.0,0.9575695891113803
5527,5527,0.8169307060178204,1.0,0.8169307060178204
5528,5528,0.5647173635685311,1.0,0.5647173635685311
5529,5529,0.5323879480935654,0.0,0.5323879480935654
5530,5530,0.7268947928109524,1.0,0.7268947928109524
5531,5531,0.3364215205613402,0.0,0.3364215205613402
5532,5532,0.03473374497283799,0.0,0.03473374497283799
5533,5533,0.9842986064215424,1.0,0.9842986064215424
5534,5534,0.6545005029717813,1.0,0.6545005029717813
5535,5535,0.49395569376592996,1.0,0.49395569376592996
5536,5536,0.81282575943057,1.0,0.81282575943057
5537,5537,0.46082993662363403,0.0,0.46082993662363403
5538,5538,0.5397220350912919,0.0,0.5397220350912919
5539,5539,0.7307760499093279,1.0,0.7307760499093279
5540,5540,0.695097143305112,0.0,0.695097143305112
5541,5541,0.22674022390332838,1.0,0.22674022390332838
5542,5542,0.8335145472049831,1.0,0.8335145472049831
5543,5543,0.08273237736691275,0.0,0.08273237736691275
5544,5544,0.9224586455939353,1.0,0.9224586455939353
5545,5545,0.09117683390538667,0.0,0.09117683390538667
5546,5546,0.46475134685985886,0.0,0.46475134685985886
5547,5547,0.7209119475713873,1.0,0.7209119475713873
5548,5548,0.20188964235091067,0.0,0.20188964235091067
5549,5549,0.03812114424409985,0.0,0.03812114424409985
5550,5550,0.6034432058528243,0.0,0.6034432058528243
5551,5551,0.22555371137800906,1.0,0.22555371137800906
5552,5552,0.8802116707896948,1.0,0.8802116707896948
5553,5553,0.7052258731325627,1.0,0.7052258731325627
5554,5554,0.43700208132826657,0.0,0.43700208132826657
5555,5555,0.9715096286908901,1.0,0.9715096286908901
5556,5556,0.6033300901193436,1.0,0.6033300901193436
5557,5557,0.192545516397028,0.0,0.192545516397028
5558,5558,0.16252017781880668,0.0,0.16252017781880668
5559,5559,0.3429074109501936,0.0,0.3429074109501936
5560,5560,0.5342178816366069,1.0,0.5342178816366069
5561,5561,0.7940880729271871,1.0,0.7940880729271871
5562,5562,0.25498849601001417,0.0,0.25498849601001417
5563,5563,0.5097426877459879,1.0,0.5097426877459879
5564,5564,0.41977779650917324,1.0,0.41977779650917324
5565,5565,0.8163758537219756,1.0,0.8163758537219756
5566,5566,0.983623838367231,1.0,0.983623838367231
5567,5567,0.06746568303054878,0.0,0.06746568303054878
5568,5568,0.15589237564099723,0.0,0.15589237564099723
5569,5569,0.25092118344788705,0.0,0.25092118344788705
5570,5570,0.9797219223857906,1.0,0.9797219223857906
5571,5571,0.8428848933200195,1.0,0.8428848933200195
5572,5572,0.1232396578196635,0.0,0.1232396578196635
5573,5573,0.9763275792737927,1.0,0.9763275792737927
5574,5574,0.9345011908825915,1.0,0.9345011908825915
5575,5575,0.38312364967178003,0.0,0.38312364967178003
5576,5576,0.17157145883278013,1.0,0.17157145883278013
5577,5577,0.8092994984266354,1.0,0.8092994984266354
5578,5578,0.4848283984909252,1.0,0.4848283984909252
5579,5579,0.614459575611541,0.0,0.614459575611541
5580,5580,0.7556639214638154,1.0,0.7556639214638154
5581,5581,0.6042561274106133,0.0,0.6042561274106133
5582,5582,0.8387589618693241,1.0,0.8387589618693241
5583,5583,0.5604042233185679,1.0,0.5604042233185679
5584,5584,0.8443263106442217,1.0,0.8443263106442217
5585,5585,0.9655754787673112,1.0,0.9655754787673112
5586,5586,0.4231173991201034,0.0,0.4231173991201034
5587,5587,0.7737111114564521,1.0,0.7737111114564521
5588,5588,0.9636282836422763,1.0,0.9636282836422763
5589,5589,0.4031625374553668,0.0,0.4031625374553668
5590,5590,0.6220378647140778,1.0,0.6220378647140778
5591,5591,0.1387063441944416,0.0,0.1387063441944416
5592,5592,0.006818425023867647,0.0,0.006818425023867647
5593,5593,0.7495600393439231,1.0,0.7495600393439231
5594,5594,0.927292982371096,1.0,0.927292982371096
5595,5595,0.9013531890673543,1.0,0.9013531890673543
5596,5596,0.9438944219735452,1.0,0.9438944219735452
5597,5597,0.12719084285701254,0.0,0.12719084285701254
5598,5598,0.45363023765068267,1.0,0.45363023765068267
5599,5599,0.3762031232976558,1.0,0.3762031232976558
5600,5600,0.24119801380082773,0.0,0.24119801380082773
5601,5601,0.5492117809629089,0.0,0.5492117809629089
5602,5602,0.8839038601971164,1.0,0.8839038601971164
5603,5603,0.20807022769162264,0.0,0.20807022769162264
5604,5604,0.3340540626241142,0.0,0.3340540626241142
5605,5605,0.6461412152531446,1.0,0.6461412152531446
5606,5606,0.8107361948775702,1.0,0.8107361948775702
5607,5607,0.2940304260501213,0.0,0.2940304260501213
5608,5608,0.6234946329384832,1.0,0.6234946329384832
5609,5609,0.3521493869842627,1.0,0.3521493869842627
5610,5610,0.4703859559689968,1.0,0.4703859559689968
5611,5611,0.9406139331971092,1.0,0.9406139331971092
5612,5612,0.9090522072243902,0.0,0.9090522072243902
5613,5613,0.5205642637042815,0.0,0.5205642637042815
5614,5614,0.003530180242651171,0.0,0.003530180242651171
5615,5615,0.6165872527822233,1.0,0.6165872527822233
5616,5616,0.34206469157430985,0.0,0.34206469157430985
5617,5617,0.6988661373173579,0.0,0.6988661373173579
5618,5618,0.02444405694198004,0.0,0.02444405694198004
5619,5619,0.5885957279959492,1.0,0.5885957279959492
5620,5620,0.8575721598182309,0.0,0.8575721598182309
5621,5621,0.19825246577225908,0.0,0.19825246577225908
5622,5622,0.5816570957227623,0.0,0.5816570957227623
5623,5623,0.7945959657987134,1.0,0.7945959657987134
5624,5624,0.8020549414923913,1.0,0.8020549414923913
5625,5625,0.29888128127894575,0.0,0.29888128127894575
5626,5626,0.4936036270182296,0.0,0.4936036270182296
5627,5627,0.2850494700506824,1.0,0.2850494700506824
5628,5628,0.14438021705287507,0.0,0.14438021705287507
5629,5629,0.998346420422664,1.0,0.998346420422664
5630,5630,0.4378121551045909,1.0,0.4378121551045909
5631,5631,0.6496427341928624,1.0,0.6496427341928624
5632,5632,0.632457861794964,1.0,0.632457861794964
5633,5633,0.20904274926722266,0.0,0.20904274926722266
5634,5634,0.4089584668280922,0.0,0.4089584668280922
5635,5635,0.26236054747388526,1.0,0.26236054747388526
5636,5636,0.1656647603143634,0.0,0.1656647603143634
5637,5637,0.7441160895970934,1.0,0.7441160895970934
5638,5638,0.26575022285739935,1.0,0.26575022285739935
5639,5639,0.7123498162502111,0.0,0.7123498162502111
5640,5640,0.42701047591924535,1.0,0.42701047591924535
5641,5641,0.707057302657081,1.0,0.707057302657081
5642,5642,0.757731454769095,1.0,0.757731454769095
5643,5643,0.33926532333946957,1.0,0.33926532333946957
5644,5644,0.9169212061665917,1.0,0.9169212061665917
5645,5645,0.9184838680439701,1.0,0.9184838680439701
5646,5646,0.8375083184445086,1.0,0.8375083184445086
5647,5647,0.9245211195617998,1.0,0.9245211195617998
5648,5648,0.11309798249714764,0.0,0.11309798249714764
5649,5649,0.2955644974964514,0.0,0.2955644974964514
5650,5650,0.6257586249394449,0.0,0.6257586249394449
5651,5651,0.7676520029400297,1.0,0.7676520029400297
5652,5652,0.3710751820829412,0.0,0.3710751820829412
5653,5653,0.10251806242353456,0.0,0.10251806242353456
5654,5654,0.4707025222263457,1.0,0.4707025222263457
5655,5655,0.3785045574578503,0.0,0.3785045574578503
5656,5656,0.22397544376777878,0.0,0.22397544376777878
5657,5657,0.21913201158261164,0.0,0.21913201158261164
5658,5658,0.05662960527948169,0.0,0.05662960527948169
5659,5659,0.15906389078228256,0.0,0.15906389078228256
5660,5660,0.7748494540384411,1.0,0.7748494540384411
5661,5661,0.8733174407235513,1.0,0.8733174407235513
5662,5662,0.06894946989668327,0.0,0.06894946989668327
5663,5663,0.9028811755290178,1.0,0.9028811755290178
5664,5664,0.5179701123837569,0.0,0.5179701123837569
5665,5665,0.5951397353255857,1.0,0.5951397353255857
5666,5666,0.8578976854661848,1.0,0.8578976854661848
5667,5667,0.3032322440252724,0.0,0.3032322440252724
5668,5668,0.44335428253431997,0.0,0.44335428253431997
5669,5669,0.9242512559287079,1.0,0.9242512559287079
5670,5670,0.9715628210324769,1.0,0.9715628210324769
5671,5671,0.5771483588456752,1.0,0.5771483588456752
5672,5672,0.2730072266572168,0.0,0.2730072266572168
5673,5673,0.634407774912706,1.0,0.634407774912706
5674,5674,0.8379362723027224,1.0,0.8379362723027224
5675,5675,0.8327316156960033,1.0,0.8327316156960033
5676,5676,0.2228740694273993,0.0,0.2228740694273993
5677,5677,0.15809849892523853,0.0,0.15809849892523853
5678,5678,0.049040345481856096,0.0,0.049040345481856096
5679,5679,0.2106525557564869,0.0,0.2106525557564869
5680,5680,0.8948307099966202,1.0,0.8948307099966202
5681,5681,0.5906967779019244,0.0,0.5906967779019244
5682,5682,0.31272521402367615,0.0,0.31272521402367615
5683,5683,0.05494968294349334,0.0,0.05494968294349334
5684,5684,0.02005570893972941,0.0,0.02005570893972941
5685,5685,0.8740008583260275,0.0,0.8740008583260275
5686,5686,0.4927247022273229,1.0,0.4927247022273229
5687,5687,0.5735932713190139,1.0,0.5735932713190139
5688,5688,0.8532451154762459,1.0,0.8532451154762459
5689,5689,0.689689438386711,0.0,0.689689438386711
5690,5690,0.43408801723016777,0.0,0.43408801723016777
5691,5691,0.13619000548336513,0.0,0.13619000548336513
5692,5692,0.3371296128707095,0.0,0.3371296128707095
5693,5693,0.03167677539146574,0.0,0.03167677539146574
5694,5694,0.2514973178153703,0.0,0.2514973178153703
5695,5695,0.9604813338694622,1.0,0.9604813338694622
5696,5696,0.6329580938303068,1.0,0.6329580938303068
5697,5697,0.4171934101992689,0.0,0.4171934101992689
5698,5698,0.10911389941064764,0.0,0.10911389941064764
5699,5699,0.38170431151886053,0.0,0.38170431151886053
5700,5700,0.46434453785703345,0.0,0.46434453785703345
5701,5701,0.8563503834474125,1.0,0.8563503834474125
5702,5702,0.7899218131918947,1.0,0.7899218131918947
5703,5703,0.7701122648354697,1.0,0.7701122648354697
5704,5704,0.6922322982431915,1.0,0.6922322982431915
5705,5705,0.696752544622065,1.0,0.696752544622065
5706,5706,0.6594609630323357,1.0,0.6594609630323357
5707,5707,0.7234177390968942,1.0,0.7234177390968942
5708,5708,0.4304411132314512,0.0,0.4304411132314512
5709,5709,0.4575813382251481,1.0,0.4575813382251481
5710,5710,0.09915979456165536,1.0,0.09915979456165536
5711,5711,0.6897804966837432,1.0,0.6897804966837432
5712,5712,0.32016777959510667,1.0,0.32016777959510667
5713,5713,0.6730226030462688,1.0,0.6730226030462688
5714,5714,0.44695454728059225,1.0,0.44695454728059225
5715,5715,0.5730352528609591,0.0,0.5730352528609591
5716,5716,0.765907985785035,1.0,0.765907985785035
5717,5717,0.3599693170083882,0.0,0.3599693170083882
5718,5718,0.27270455409688243,0.0,0.27270455409688243
5719,5719,0.48689736468584444,0.0,0.48689736468584444
5720,5720,0.5367350402435307,1.0,0.5367350402435307
5721,5721,0.9484593652556502,1.0,0.9484593652556502
5722,5722,0.7469194523196198,1.0,0.7469194523196198
5723,5723,0.31793492963448855,0.0,0.31793492963448855
5724,5724,0.6285339948377139,1.0,0.6285339948377139
5725,5725,0.9870817663557631,1.0,0.9870817663557631
5726,5726,0.9778568864425187,1.0,0.9778568864425187
5727,5727,0.8585217598170105,1.0,0.8585217598170105
5728,5728,0.22419970629606145,0.0,0.22419970629606145
5729,5729,0.7442191446655877,0.0,0.7442191446655877
5730,5730,0.5308202308995101,0.0,0.5308202308995101
5731,5731,0.2542734507547215,0.0,0.2542734507547215
5732,5732,0.06957606769863489,0.0,0.06957606769863489
5733,5733,0.08487035248079045,0.0,0.08487035248079045
5734,5734,0.30809781994074037,1.0,0.30809781994074037
5735,5735,0.22596886342659017,0.0,0.22596886342659017
5736,5736,0.9202774904810429,1.0,0.9202774904810429
5737,5737,0.246743642469874,0.0,0.246743642469874
5738,5738,0.2807852942330985,1.0,0.2807852942330985
5739,5739,0.6382936777419634,0.0,0.6382936777419634
5740,5740,0.4307961146346059,0.0,0.4307961146346059
5741,5741,0.3037508988273978,0.0,0.3037508988273978
5742,5742,0.9301014616287404,1.0,0.9301014616287404
5743,5743,0.9155327623158551,1.0,0.9155327623158551
5744,5744,0.1799998728900586,1.0,0.1799998728900586
5745,5745,0.39117306364813076,1.0,0.39117306364813076
5746,5746,0.7846866545667347,0.0,0.7846866545667347
5747,5747,0.8942331362644761,1.0,0.8942331362644761
5748,5748,0.47665409841706874,1.0,0.47665409841706874
5749,5749,0.5013386195194317,1.0,0.5013386195194317
5750,5750,0.7142420210929437,1.0,0.7142420210929437
5751,5751,0.5061944585617344,0.0,0.5061944585617344
5752,5752,0.9180545709504686,1.0,0.9180545709504686
5753,5753,0.019967556984750723,0.0,0.019967556984750723
5754,5754,0.33929617874805995,0.0,0.33929617874805995
5755,5755,0.0416393267935633,0.0,0.0416393267935633
5756,5756,0.17082645303111255,0.0,0.17082645303111255
5757,5757,0.9859675855816442,1.0,0.9859675855816442
5758,5758,0.8739830053980436,0.0,0.8739830053980436
5759,5759,0.8616545822862399,1.0,0.8616545822862399
5760,5760,0.4427330547504055,1.0,0.4427330547504055
5761,5761,0.16702779915162747,0.0,0.16702779915162747
5762,5762,0.528011619053163,0.0,0.528011619053163
5763,5763,0.081719109874958,0.0,0.081719109874958
5764,5764,0.9975274273587739,1.0,0.9975274273587739
5765,5765,0.8838878791011431,1.0,0.8838878791011431
5766,5766,0.1206498833684132,0.0,0.1206498833684132
5767,5767,0.8552102557803227,1.0,0.8552102557803227
5768,5768,0.0685084952826982,0.0,0.0685084952826982
5769,5769,0.9282538357920699,1.0,0.9282538357920699
5770,5770,0.23351327782832687,0.0,0.23351327782832687
5771,5771,0.8233784150383011,1.0,0.8233784150383011
5772,5772,0.7994195033203766,1.0,0.7994195033203766
5773,5773,0.29742658851682846,0.0,0.29742658851682846
5774,5774,0.8812459173542828,1.0,0.8812459173542828
5775,5775,0.17771627337783935,1.0,0.17771627337783935
5776,5776,0.6882592648127349,1.0,0.6882592648127349
5777,5777,0.2636068583411231,0.0,0.2636068583411231
5778,5778,0.20466430212315667,0.0,0.20466430212315667
5779,5779,0.04876893571114915,0.0,0.04876893571114915
5780,5780,0.7731452168078552,1.0,0.7731452168078552
5781,5781,0.12793470781735228,0.0,0.12793470781735228
5782,5782,0.05866306731444215,0.0,0.05866306731444215
5783,5783,0.4932668815347606,0.0,0.4932668815347606
5784,5784,0.851795456918914,1.0,0.851795456918914
5785,5785,0.39398210251698873,1.0,0.39398210251698873
5786,5786,0.395363734856365,0.0,0.395363734856365
5787,5787,0.6751684518692307,1.0,0.6751684518692307
5788,5788,0.7589668215380355,1.0,0.7589668215380355
5789,5789,0.980309023543057,1.0,0.980309023543057
5790,5790,0.39712474886948523,0.0,0.39712474886948523
5791,5791,0.6499023273305506,0.0,0.6499023273305506
5792,5792,0.7037512187307801,0.0,0.7037512187307801
5793,5793,0.7704108327503741,0.0,0.7704108327503741
5794,5794,0.07882621183440308,0.0,0.07882621183440308
5795,5795,0.13919609241191444,0.0,0.13919609241191444
5796,5796,0.30112310148004706,0.0,0.30112310148004706
5797,5797,0.7491123878615973,1.0,0.7491123878615973
5798,5798,0.8880906025276255,1.0,0.8880906025276255
5799,5799,0.2846090444330618,0.0,0.2846090444330618
5800,5800,0.5483863646458971,1.0,0.5483863646458971
5801,5801,0.8122581648432027,1.0,0.8122581648432027
5802,5802,0.0013771899799949194,0.0,0.0013771899799949194
5803,5803,0.3346322275321202,1.0,0.3346322275321202
5804,5804,0.034478769100902085,0.0,0.034478769100902085
5805,5805,0.7837105261398069,0.0,0.7837105261398069
5806,5806,0.3005947626922766,0.0,0.3005947626922766
5807,5807,0.45565761117730785,1.0,0.45565761117730785
5808,5808,0.8955817600381671,1.0,0.8955817600381671
5809,5809,0.37555123764094644,0.0,0.37555123764094644
5810,5810,0.095431867849323,0.0,0.095431867849323
5811,5811,0.6050197018302815,1.0,0.6050197018302815
5812,5812,0.5941942543205982,0.0,0.5941942543205982
5813,5813,0.6881345497406928,1.0,0.6881345497406928
5814,5814,0.5570503678159284,1.0,0.5570503678159284
5815,5815,0.7130272539804254,1.0,0.7130272539804254
5816,5816,0.5079997912783082,0.0,0.5079997912783082
5817,5817,0.4541176927401156,1.0,0.4541176927401156
5818,5818,0.8608130798720252,0.0,0.8608130798720252
5819,5819,0.2913136035955046,0.0,0.2913136035955046
5820,5820,0.658537849440283,1.0,0.658537849440283
5821,5821,0.32608771145976456,0.0,0.32608771145976456
5822,5822,0.11283850592353306,0.0,0.11283850592353306
5823,5823,0.9662819536090388,1.0,0.9662819536090388
5824,5824,0.8168632237243398,0.0,0.8168632237243398
5825,5825,0.5936843250136921,0.0,0.5936843250136921
5826,5826,0.04113791347171758,0.0,0.04113791347171758
5827,5827,0.44630721920631733,0.0,0.44630721920631733
5828,5828,0.20293264854656057,1.0,0.20293264854656057
5829,5829,0.7130549950043974,0.0,0.7130549950043974
5830,5830,0.999076203475121,1.0,0.999076203475121
5831,5831,0.3478132636806379,0.0,0.3478132636806379
5832,5832,0.77042850104954,0.0,0.77042850104954
5833,5833,0.2846501412874224,0.0,0.2846501412874224
5834,5834,0.6897250685934102,1.0,0.6897250685934102
5835,5835,0.5135191439288697,1.0,0.5135191439288697
5836,5836,0.8797595612541256,1.0,0.8797595612541256
5837,5837,0.7803933104098498,1.0,0.7803933104098498
5838,5838,0.26967558496264843,1.0,0.26967558496264843
5839,5839,0.8369093249511491,1.0,0.8369093249511491
5840,5840,0.07421074767833213,0.0,0.07421074767833213
5841,5841,0.9505956110683259,1.0,0.9505956110683259
5842,5842,0.46663142440801597,1.0,0.46663142440801597
5843,5843,0.7347936074256269,1.0,0.7347936074256269
5844,5844,0.9920951762238461,1.0,0.9920951762238461
5845,5845,0.21334121706451092,0.0,0.21334121706451092
5846,5846,0.7520786591595987,0.0,0.7520786591595987
5847,5847,0.9650262434722436,1.0,0.9650262434722436
5848,5848,0.20625028664137568,1.0,0.20625028664137568
5849,5849,0.15229111966221875,1.0,0.15229111966221875
5850,5850,0.29117975292733844,1.0,0.29117975292733844
5851,5851,0.14842522344359566,0.0,0.14842522344359566
5852,5852,0.1471705944220838,1.0,0.1471705944220838
5853,5853,0.9651157091759307,1.0,0.9651157091759307
5854,5854,0.26960611286247405,0.0,0.26960611286247405
5855,5855,0.4104466526339694,0.0,0.4104466526339694
5856,5856,0.6965423517483684,1.0,0.6965423517483684
5857,5857,0.4141843684946953,1.0,0.4141843684946953
5858,5858,0.7885008052366791,0.0,0.7885008052366791
5859,5859,0.7340279908819128,1.0,0.7340279908819128
5860,5860,0.692799022601076,1.0,0.692799022601076
5861,5861,0.7079994001371377,0.0,0.7079994001371377
5862,5862,0.7824177986234189,1.0,0.7824177986234189
5863,5863,0.8027635404677945,1.0,0.8027635404677945
5864,5864,0.5021696673257863,0.0,0.5021696673257863
5865,5865,0.28280873368876036,0.0,0.28280873368876036
5866,5866,0.969247903123045,1.0,0.969247903123045
5867,5867,0.3207465253312076,0.0,0.3207465253312076
5868,5868,0.2132140826903579,0.0,0.2132140826903579
5869,5869,0.7209507499250349,0.0,0.7209507499250349
5870,5870,0.5632018466208223,1.0,0.5632018466208223
5871,5871,0.37606307892421464,0.0,0.37606307892421464
5872,5872,0.7997416166722345,1.0,0.7997416166722345
5873,5873,0.17517359512460184,1.0,0.17517359512460184
5874,5874,0.5454182240045647,1.0,0.5454182240045647
5875,5875,0.49631752089381465,0.0,0.49631752089381465
5876,5876,0.6219779273074473,1.0,0.6219779273074473
5877,5877,0.7366747439019747,1.0,0.7366747439019747
5878,5878,0.8091353412999914,1.0,0.8091353412999914
5879,5879,0.9669681973687863,1.0,0.9669681973687863
5880,5880,0.8117329401497897,0.0,0.8117329401497897
5881,5881,0.7680649733301043,0.0,0.7680649733301043
5882,5882,0.4307915276362071,1.0,0.4307915276362071
5883,5883,0.08760767762686161,0.0,0.08760767762686161
5884,5884,0.24263652605126018,0.0,0.24263652605126018
5885,5885,0.3159691940158542,0.0,0.3159691940158542
5886,5886,0.8169624125455004,1.0,0.8169624125455004
5887,5887,0.933132882448304,0.0,0.933132882448304
5888,5888,0.09205558850247131,0.0,0.09205558850247131
5889,5889,0.8359200596581686,1.0,0.8359200596581686
5890,5890,0.24959886949377863,0.0,0.24959886949377863
5891,5891,0.43805384371370104,1.0,0.43805384371370104
5892,5892,0.5531619809164892,0.0,0.5531619809164892
5893,5893,0.8426403438613108,1.0,0.8426403438613108
5894,5894,0.3864984282359557,0.0,0.3864984282359557
5895,5895,0.2759485555044706,0.0,0.2759485555044706
5896,5896,0.39581014425599714,0.0,0.39581014425599714
5897,5897,0.9313893087194353,1.0,0.9313893087194353
5898,5898,0.9388554259584947,1.0,0.9388554259584947
5899,5899,0.5916622565614443,0.0,0.5916622565614443
5900,5900,0.5575127894161878,1.0,0.5575127894161878
5901,5901,0.6774507128980896,1.0,0.6774507128980896
5902,5902,0.8598580715024453,1.0,0.8598580715024453
5903,5903,0.8605013918272839,1.0,0.8605013918272839
5904,5904,0.3746453047796524,0.0,0.3746453047796524
5905,5905,0.6371004496784444,1.0,0.6371004496784444
5906,5906,0.66090749186098,1.0,0.66090749186098
5907,5907,0.8306530288791087,1.0,0.8306530288791087
5908,5908,0.2578219272233294,0.0,0.2578219272233294
5909,5909,0.3426812556841736,0.0,0.3426812556841736
5910,5910,0.7995718828172894,1.0,0.7995718828172894
5911,5911,0.1332207401992821,0.0,0.1332207401992821
5912,5912,0.18500968610039448,0.0,0.18500968610039448
5913,5913,0.04979767411014324,0.0,0.04979767411014324
5914,5914,0.8135423368490563,1.0,0.8135423368490563
5915,5915,0.600054527503359,1.0,0.600054527503359
5916,5916,0.026915205877526382,0.0,0.026915205877526382
5917,5917,0.45861880852006354,1.0,0.45861880852006354
5918,5918,0.2918723850093471,1.0,0.2918723850093471
5919,5919,0.9416642533520361,1.0,0.9416642533520361
5920,5920,0.7443940628224822,1.0,0.7443940628224822
5921,5921,0.9369745579373387,1.0,0.9369745579373387
5922,5922,0.22906776086606717,0.0,0.22906776086606717
5923,5923,0.8854079883937401,1.0,0.8854079883937401
5924,5924,0.28421277296403746,1.0,0.28421277296403746
5925,5925,0.8235988229132323,0.0,0.8235988229132323
5926,5926,0.9400837167653463,1.0,0.9400837167653463
5927,5927,0.05747599277323645,0.0,0.05747599277323645
5928,5928,0.38953844970058504,1.0,0.38953844970058504
5929,5929,0.19570917480141092,0.0,0.19570917480141092
5930,5930,0.7701417982301632,1.0,0.7701417982301632
5931,5931,0.6782831639892593,0.0,0.6782831639892593
5932,5932,0.01724694944095151,0.0,0.01724694944095151
5933,5933,0.04078036900360793,0.0,0.04078036900360793
5934,5934,0.8960255800074868,1.0,0.8960255800074868
5935,5935,0.6582214576625878,0.0,0.6582214576625878
5936,5936,0.30362750587544873,0.0,0.30362750587544873
5937,5937,0.25636273140628185,0.0,0.25636273140628185
5938,5938,0.2597647229902622,0.0,0.2597647229902622
5939,5939,0.49831101344395534,0.0,0.49831101344395534
5940,5940,0.7075395852538242,1.0,0.7075395852538242
5941,5941,0.45852353121673095,1.0,0.45852353121673095
5942,5942,0.2858380398196745,0.0,0.2858380398196745
5943,5943,0.24112177493367126,1.0,0.24112177493367126
5944,5944,0.43513527104979,0.0,0.43513527104979
5945,5945,0.861299918554631,1.0,0.861299918554631
5946,5946,0.43078102552365705,0.0,0.43078102552365705
5947,5947,0.6882958324903813,1.0,0.6882958324903813
5948,5948,0.014573532024168001,0.0,0.014573532024168001
5949,5949,0.17072345033485015,0.0,0.17072345033485015
5950,5950,0.17012374747486259,0.0,0.17012374747486259
5951,5951,0.32678545688218585,0.0,0.32678545688218585
5952,5952,0.6023587918985233,0.0,0.6023587918985233
5953,5953,0.526560559492857,1.0,0.526560559492857
5954,5954,0.9676141660446618,1.0,0.9676141660446618
5955,5955,0.9911063812421808,1.0,0.9911063812421808
5956,5956,0.30961461346516794,0.0,0.30961461346516794
5957,5957,0.9651476802440341,1.0,0.9651476802440341
5958,5958,0.14648731523782854,0.0,0.14648731523782854
5959,5959,0.9468506603795502,1.0,0.9468506603795502
5960,5960,0.7473005353301063,1.0,0.7473005353301063
5961,5961,0.2829102028970796,0.0,0.2829102028970796
5962,5962,0.07314057496428461,0.0,0.07314057496428461
5963,5963,0.8461250145040707,1.0,0.8461250145040707
5964,5964,0.656006437538921,1.0,0.656006437538921
5965,5965,0.1898327485291612,0.0,0.1898327485291612
5966,5966,0.45474106985972074,1.0,0.45474106985972074
5967,5967,0.29380187303390093,0.0,0.29380187303390093
5968,5968,0.5406035065432703,1.0,0.5406035065432703
5969,5969,0.17610552770066934,1.0,0.17610552770066934
5970,5970,0.4833511364093478,1.0,0.4833511364093478
5971,5971,0.5171114974418654,1.0,0.5171114974418654
5972,5972,0.23355906334270027,1.0,0.23355906334270027
5973,5973,0.5144221946722318,0.0,0.5144221946722318
5974,5974,0.9549048761871611,1.0,0.9549048761871611
5975,5975,0.19996974388280753,0.0,0.19996974388280753
5976,5976,0.6468704075404818,0.0,0.6468704075404818
5977,5977,0.5721531674795785,1.0,0.5721531674795785
5978,5978,0.996843493295365,1.0,0.996843493295365
5979,5979,0.7388042318046897,1.0,0.7388042318046897
5980,5980,0.8640405844069386,0.0,0.8640405844069386
5981,5981,0.9452843871243304,1.0,0.9452843871243304
5982,5982,0.12851948718075457,0.0,0.12851948718075457
5983,5983,0.4253827593059931,1.0,0.4253827593059931
5984,5984,0.6817075476065289,0.0,0.6817075476065289
5985,5985,0.6297706947375749,1.0,0.6297706947375749
5986,5986,0.02238475548795249,0.0,0.02238475548795249
5987,5987,0.2824741792838946,0.0,0.2824741792838946
5988,5988,0.033632044958937346,0.0,0.033632044958937346
5989,5989,0.5684755815435677,0.0,0.5684755815435677
5990,5990,0.9663704057050867,1.0,0.9663704057050867
5991,5991,0.07612921211450596,0.0,0.07612921211450596
5992,5992,0.7581588428386501,1.0,0.7581588428386501
5993,5993,0.046170696838057856,0.0,0.046170696838057856
5994,5994,0.6804279299562217,1.0,0.6804279299562217
5995,5995,0.5934806596357515,0.0,0.5934806596357515
5996,5996,0.35980988086192045,0.0,0.35980988086192045
5997,5997,0.8073409652465288,1.0,0.8073409652465288
5998,5998,0.08527439358345867,0.0,0.08527439358345867
5999,5999,0.5268957165282663,1.0,0.5268957165282663
6000,6000,0.45542730981604684,0.0,0.45542730981604684
6001,6001,0.9365774126355814,1.0,0.9365774126355814
6002,6002,0.7665656741619763,1.0,0.7665656741619763
6003,6003,0.38480178878871496,0.0,0.38480178878871496
6004,6004,0.25067560501372965,0.0,0.25067560501372965
6005,6005,0.13061400461266404,0.0,0.13061400461266404
6006,6006,0.08415204525439612,0.0,0.08415204525439612
6007,6007,0.9698757911143082,1.0,0.9698757911143082
6008,6008,0.6904498601439433,1.0,0.6904498601439433
6009,6009,0.7137363052329313,1.0,0.7137363052329313
6010,6010,0.4224997136616516,1.0,0.4224997136616516
6011,6011,0.2238121005943734,0.0,0.2238121005943734
6012,6012,0.23539512667175144,0.0,0.23539512667175144
6013,6013,0.2546660942710143,0.0,0.2546660942710143
6014,6014,0.15079889196574248,0.0,0.15079889196574248
6015,6015,0.7764654916760855,1.0,0.7764654916760855
6016,6016,0.5422336210886103,1.0,0.5422336210886103
6017,6017,0.8279042687590228,1.0,0.8279042687590228
6018,6018,0.5491121482786603,0.0,0.5491121482786603
6019,6019,0.6843805561176469,0.0,0.6843805561176469
6020,6020,0.6500476070021374,0.0,0.6500476070021374
6021,6021,0.9832063320654469,1.0,0.9832063320654469
6022,6022,0.768438046430471,1.0,0.768438046430471
6023,6023,0.3583876759367175,0.0,0.3583876759367175
6024,6024,0.8173374382629467,0.0,0.8173374382629467
6025,6025,0.009538297684534403,0.0,0.009538297684534403
6026,6026,0.6501088666930445,1.0,0.6501088666930445
6027,6027,0.9087880486498502,1.0,0.9087880486498502
6028,6028,0.9783100942596521,1.0,0.9783100942596521
6029,6029,0.7949376362313314,1.0,0.7949376362313314
6030,6030,0.6202325966208023,1.0,0.6202325966208023
6031,6031,0.4691936869045473,0.0,0.4691936869045473
6032,6032,0.17230321379438696,0.0,0.17230321379438696
6033,6033,0.6649837299694932,1.0,0.6649837299694932
6034,6034,0.1902711987354293,0.0,0.1902711987354293
6035,6035,0.9250569164382049,0.0,0.9250569164382049
6036,6036,0.8537389958726003,1.0,0.8537389958726003
6037,6037,0.2739753168202128,0.0,0.2739753168202128
6038,6038,0.21516026201867433,0.0,0.21516026201867433
6039,6039,0.251924912136113,0.0,0.251924912136113
6040,6040,0.5515095819323926,1.0,0.5515095819323926
6041,6041,0.7369967242072368,0.0,0.7369967242072368
6042,6042,0.5572325711879345,1.0,0.5572325711879345
6043,6043,0.19640005797812154,0.0,0.19640005797812154
6044,6044,0.8939519305686981,1.0,0.8939519305686981
6045,6045,0.1015753289641127,0.0,0.1015753289641127
6046,6046,0.25629409666339475,1.0,0.25629409666339475
6047,6047,0.21152015543801217,0.0,0.21152015543801217
6048,6048,0.2565036789019457,0.0,0.2565036789019457
6049,6049,0.030830730824752184,0.0,0.030830730824752184
6050,6050,0.8617132135472323,1.0,0.8617132135472323
6051,6051,0.3033736817945041,0.0,0.3033736817945041
6052,6052,0.4792589386040764,0.0,0.4792589386040764
6053,6053,0.40422472093532935,1.0,0.40422472093532935
6054,6054,0.9453375149418256,1.0,0.9453375149418256
6055,6055,0.07532935707240251,0.0,0.07532935707240251
6056,6056,0.5776315359478785,0.0,0.5776315359478785
6057,6057,0.571731726952413,0.0,0.571731726952413
6058,6058,0.03119037897745036,0.0,0.03119037897745036
6059,6059,0.998208139114381,1.0,0.998208139114381
6060,6060,0.6303151002132619,0.0,0.6303151002132619
6061,6061,0.2975406787287497,1.0,0.2975406787287497
6062,6062,0.3714922646706119,1.0,0.3714922646706119
6063,6063,0.3281546813003774,0.0,0.3281546813003774
6064,6064,0.7387822092112669,0.0,0.7387822092112669
6065,6065,0.45300688067928263,1.0,0.45300688067928263
6066,6066,0.638651232379025,1.0,0.638651232379025
6067,6067,0.2147097030957753,0.0,0.2147097030957753
6068,6068,0.9725149899929113,1.0,0.9725149899929113
6069,6069,0.23214528470270923,0.0,0.23214528470270923
6070,6070,0.5275697578480337,1.0,0.5275697578480337
6071,6071,0.5370369510885613,1.0,0.5370369510885613
6072,6072,0.7380521835075197,1.0,0.7380521835075197
6073,6073,0.0057726946880025665,0.0,0.0057726946880025665
6074,6074,0.8784236238987686,1.0,0.8784236238987686
6075,6075,0.09181552715346064,1.0,0.09181552715346064
6076,6076,0.024740406822212124,0.0,0.024740406822212124
6077,6077,0.0451827479734811,0.0,0.0451827479734811
6078,6078,0.2565113966916872,0.0,0.2565113966916872
6079,6079,0.39048821986246496,0.0,0.39048821986246496
6080,6080,0.1731262303112342,0.0,0.1731262303112342
6081,6081,0.30755398948490087,1.0,0.30755398948490087
6082,6082,0.8190430319531522,1.0,0.8190430319531522
6083,6083,0.9083754475869655,1.0,0.9083754475869655
6084,6084,0.32216405648562474,0.0,0.32216405648562474
6085,6085,0.9691390499944375,1.0,0.9691390499944375
6086,6086,0.7077412506193823,1.0,0.7077412506193823
6087,6087,0.445801555616678,0.0,0.445801555616678
6088,6088,0.2713917727527213,0.0,0.2713917727527213
6089,6089,0.5996422983162024,1.0,0.5996422983162024
6090,6090,0.1798016896457839,1.0,0.1798016896457839
6091,6091,0.29822041024126233,0.0,0.29822041024126233
6092,6092,0.062128772638372354,0.0,0.062128772638372354
6093,6093,0.2215831900454862,0.0,0.2215831900454862
6094,6094,0.5016912320571867,0.0,0.5016912320571867
6095,6095,0.7632781951144595,0.0,0.7632781951144595
6096,6096,0.8023357004075001,1.0,0.8023357004075001
6097,6097,0.6294936160883189,0.0,0.6294936160883189
6098,6098,0.47250077431821513,0.0,0.47250077431821513
6099,6099,0.10107610251187549,0.0,0.10107610251187549
6100,6100,0.564012309435506,1.0,0.564012309435506
6101,6101,0.18253586214595274,0.0,0.18253586214595274
6102,6102,0.7736057664355112,0.0,0.7736057664355112
6103,6103,0.9151650490772847,1.0,0.9151650490772847
6104,6104,0.6734245007725876,0.0,0.6734245007725876
6105,6105,0.3729746564306272,0.0,0.3729746564306272
6106,6106,0.2275245935375313,1.0,0.2275245935375313
6107,6107,0.11379955989486834,0.0,0.11379955989486834
6108,6108,0.020125130795038415,0.0,0.020125130795038415
6109,6109,0.10181842522516782,0.0,0.10181842522516782
6110,6110,0.4078428661951288,1.0,0.4078428661951288
6111,6111,0.0362745752967043,0.0,0.0362745752967043
6112,6112,0.7689520714578323,1.0,0.7689520714578323
6113,6113,0.6420488300496997,1.0,0.6420488300496997
6114,6114,0.6302572804621871,1.0,0.6302572804621871
6115,6115,0.3083888852703305,0.0,0.3083888852703305
6116,6116,0.726543212943387,1.0,0.726543212943387
6117,6117,0.43374143530740095,1.0,0.43374143530740095
6118,6118,0.30768031519397077,0.0,0.30768031519397077
6119,6119,0.6320585117676265,1.0,0.6320585117676265
6120,6120,0.21755291794794374,0.0,0.21755291794794374
6121,6121,0.9556538286924054,1.0,0.9556538286924054
6122,6122,0.5321183757793033,1.0,0.5321183757793033
6123,6123,0.6612282579756764,1.0,0.6612282579756764
6124,6124,0.7689329727392956,1.0,0.7689329727392956
6125,6125,0.37501557756109116,1.0,0.37501557756109116
6126,6126,0.05494140021834326,0.0,0.05494140021834326
6127,6127,0.7387124245783303,1.0,0.7387124245783303
6128,6128,0.781460434051136,1.0,0.781460434051136
6129,6129,0.40178615629213954,1.0,0.40178615629213954
6130,6130,0.38745928056392676,0.0,0.38745928056392676
6131,6131,0.2320477561628277,1.0,0.2320477561628277
6132,6132,0.672642164255862,0.0,0.672642164255862
6133,6133,0.234603866303838,0.0,0.234603866303838
6134,6134,0.4768268176963345,0.0,0.4768268176963345
6135,6135,0.9372074617193098,1.0,0.9372074617193098
6136,6136,0.4321472683401444,0.0,0.4321472683401444
6137,6137,0.7950378617594432,1.0,0.7950378617594432
6138,6138,0.8729633846695645,0.0,0.8729633846695645
6139,6139,0.482480540037148,1.0,0.482480540037148
6140,6140,0.39199061611177743,0.0,0.39199061611177743
6141,6141,0.7337816881198884,1.0,0.7337816881198884
6142,6142,0.10502702323053392,0.0,0.10502702323053392
6143,6143,0.7193536615459281,1.0,0.7193536615459281
6144,6144,0.21925448009848003,0.0,0.21925448009848003
6145,6145,0.19996118958861686,0.0,0.19996118958861686
6146,6146,0.9853340237552309,1.0,0.9853340237552309
6147,6147,0.915963172394527,1.0,0.915963172394527
6148,6148,0.9634319447005286,1.0,0.9634319447005286
6149,6149,0.144543749713259,0.0,0.144543749713259
6150,6150,0.6488150982209622,1.0,0.6488150982209622
6151,6151,0.2840960485376237,0.0,0.2840960485376237
6152,6152,0.9688256738760452,0.0,0.9688256738760452
6153,6153,0.16566921802433254,0.0,0.16566921802433254
6154,6154,0.4560326441669037,1.0,0.4560326441669037
6155,6155,0.7149870627765172,1.0,0.7149870627765172
6156,6156,0.623757376965174,1.0,0.623757376965174
6157,6157,0.29882887953460013,0.0,0.29882887953460013
6158,6158,0.6136306283596947,1.0,0.6136306283596947
6159,6159,0.860052194940593,1.0,0.860052194940593
6160,6160,0.5194185362795116,1.0,0.5194185362795116
6161,6161,0.3778211673412085,1.0,0.3778211673412085
6162,6162,0.46146876852585716,1.0,0.46146876852585716
6163,6163,0.3196281459381237,0.0,0.3196281459381237
6164,6164,0.12638748244892262,0.0,0.12638748244892262
6165,6165,0.40704666059714445,1.0,0.40704666059714445
6166,6166,0.6234694346080525,1.0,0.6234694346080525
6167,6167,0.7287623085508161,0.0,0.7287623085508161
6168,6168,0.4221152376110213,0.0,0.4221152376110213
6169,6169,0.9686589984004329,1.0,0.9686589984004329
6170,6170,0.1830992855118707,1.0,0.1830992855118707
6171,6171,0.3698393024119442,0.0,0.3698393024119442
6172,6172,0.8826150579317822,1.0,0.8826150579317822
6173,6173,0.40715423515058335,1.0,0.40715423515058335
6174,6174,0.31590520627609664,0.0,0.31590520627609664
6175,6175,0.9306935269538402,1.0,0.9306935269538402
6176,6176,0.44426721871769326,0.0,0.44426721871769326
6177,6177,0.8059166357053645,1.0,0.8059166357053645
6178,6178,0.14983491504196544,0.0,0.14983491504196544
6179,6179,0.9279845431959157,1.0,0.9279845431959157
6180,6180,0.5908229719195786,0.0,0.5908229719195786
6181,6181,0.8128160804659962,0.0,0.8128160804659962
6182,6182,0.4107514450020959,1.0,0.4107514450020959
6183,6183,0.3856686193440825,0.0,0.3856686193440825
6184,6184,0.24416049743615909,0.0,0.24416049743615909
6185,6185,0.6904066666747934,0.0,0.6904066666747934
6186,6186,0.8515151619203084,1.0,0.8515151619203084
6187,6187,0.4604313372494181,0.0,0.4604313372494181
6188,6188,0.6579086679988949,1.0,0.6579086679988949
6189,6189,0.13472286974057446,0.0,0.13472286974057446
6190,6190,0.8922667446437766,1.0,0.8922667446437766
6191,6191,0.3872154843346699,0.0,0.3872154843346699
6192,6192,0.1924437860223015,0.0,0.1924437860223015
6193,6193,0.40486546833453996,0.0,0.40486546833453996
6194,6194,0.8932451140706692,1.0,0.8932451140706692
6195,6195,0.3452861031863388,0.0,0.3452861031863388
6196,6196,0.09769526574535758,0.0,0.09769526574535758
6197,6197,0.8904292553301751,1.0,0.8904292553301751
6198,6198,0.6334772251702563,0.0,0.6334772251702563
6199,6199,0.39207017647004583,0.0,0.39207017647004583
6200,6200,0.7643600057403769,1.0,0.7643600057403769
6201,6201,0.2975671425626405,0.0,0.2975671425626405
6202,6202,0.7667435696765407,1.0,0.7667435696765407
6203,6203,0.39622395294627566,0.0,0.39622395294627566
6204,6204,0.1551991261161505,0.0,0.1551991261161505
6205,6205,0.30348153792547694,1.0,0.30348153792547694
6206,6206,0.6306564809819858,1.0,0.6306564809819858
6207,6207,0.5201117678311474,1.0,0.5201117678311474
6208,6208,0.08107786258670302,0.0,0.08107786258670302
6209,6209,0.7656426194293,0.0,0.7656426194293
6210,6210,0.9625079076479005,1.0,0.9625079076479005
6211,6211,0.7818624179683524,1.0,0.7818624179683524
6212,6212,0.6965289378418834,0.0,0.6965289378418834
6213,6213,0.14891551556767846,0.0,0.14891551556767846
6214,6214,0.19062021782556104,0.0,0.19062021782556104
6215,6215,0.013272063516639676,0.0,0.013272063516639676
6216,6216,0.16240430441126685,0.0,0.16240430441126685
6217,6217,0.1761911270576637,0.0,0.1761911270576637
6218,6218,0.9545422687621711,1.0,0.9545422687621711
6219,6219,0.04077344537836303,0.0,0.04077344537836303
6220,6220,0.9128886797508337,1.0,0.9128886797508337
6221,6221,0.8237114762000092,1.0,0.8237114762000092
6222,6222,0.6308934771906679,0.0,0.6308934771906679
6223,6223,0.9029583969121813,0.0,0.9029583969121813
6224,6224,0.9689794751105351,1.0,0.9689794751105351
6225,6225,0.22067277813536745,1.0,0.22067277813536745
6226,6226,0.1954463487343545,0.0,0.1954463487343545
6227,6227,0.21715389028966026,0.0,0.21715389028966026
6228,6228,0.7269292447056371,1.0,0.7269292447056371
6229,6229,0.9154654568873752,0.0,0.9154654568873752
6230,6230,0.8427885155482954,1.0,0.8427885155482954
6231,6231,0.5130689600912897,0.0,0.5130689600912897
6232,6232,0.498235935422904,0.0,0.498235935422904
6233,6233,0.08496153592476352,0.0,0.08496153592476352
6234,6234,0.3557661684498019,0.0,0.3557661684498019
6235,6235,0.05642846721620509,0.0,0.05642846721620509
6236,6236,0.7974907733510042,1.0,0.7974907733510042
6237,6237,0.22290500833087712,0.0,0.22290500833087712
6238,6238,0.13499423876796968,0.0,0.13499423876796968
6239,6239,0.6520562760411492,1.0,0.6520562760411492
6240,6240,0.9187533001538708,1.0,0.9187533001538708
6241,6241,0.31071064680236693,0.0,0.31071064680236693
6242,6242,0.8751902602686943,1.0,0.8751902602686943
6243,6243,0.8480259323232228,1.0,0.8480259323232228
6244,6244,0.7539327191033495,0.0,0.7539327191033495
6245,6245,0.1948960733393853,0.0,0.1948960733393853
6246,6246,0.7243204580621548,0.0,0.7243204580621548
6247,6247,0.7227261429988704,1.0,0.7227261429988704
6248,6248,0.8742345035773423,1.0,0.8742345035773423
6249,6249,0.10873961816242128,0.0,0.10873961816242128
6250,6250,0.2693432256882854,0.0,0.2693432256882854
6251,6251,0.25949300775314055,1.0,0.25949300775314055
6252,6252,0.2225643460302732,0.0,0.2225643460302732
6253,6253,0.041096230747330154,0.0,0.041096230747330154
6254,6254,0.6120350999266263,1.0,0.6120350999266263
6255,6255,0.4346296409429079,1.0,0.4346296409429079
6256,6256,0.15380778276864793,0.0,0.15380778276864793
6257,6257,0.7502695175513587,1.0,0.7502695175513587
6258,6258,0.7855649368241563,1.0,0.7855649368241563
6259,6259,0.6021544289329711,1.0,0.6021544289329711
6260,6260,0.9821056292041422,1.0,0.9821056292041422
6261,6261,0.7877813090894347,1.0,0.7877813090894347
6262,6262,0.5028722338834054,0.0,0.5028722338834054
6263,6263,0.8619576008765526,0.0,0.8619576008765526
6264,6264,0.30336071549740495,0.0,0.30336071549740495
6265,6265,0.480989859396995,0.0,0.480989859396995
6266,6266,0.3752765372149891,0.0,0.3752765372149891
6267,6267,0.7161497676037545,1.0,0.7161497676037545
6268,6268,0.9711975699627524,1.0,0.9711975699627524
6269,6269,0.36934143121334606,1.0,0.36934143121334606
6270,6270,0.1787630054229581,0.0,0.1787630054229581
6271,6271,0.6007577792739774,0.0,0.6007577792739774
6272,6272,0.30801895794189027,0.0,0.30801895794189027
6273,6273,0.7246020797636357,0.0,0.7246020797636357
6274,6274,0.14915892493001992,1.0,0.14915892493001992
6275,6275,0.3719066820920731,1.0,0.3719066820920731
6276,6276,0.023249527284305294,0.0,0.023249527284305294
6277,6277,0.11357955049843149,0.0,0.11357955049843149
6278,6278,0.5645850172606856,0.0,0.5645850172606856
6279,6279,0.7752888434925197,1.0,0.7752888434925197
6280,6280,0.585746878052186,0.0,0.585746878052186
6281,6281,0.5969046935795723,0.0,0.5969046935795723
6282,6282,0.5295963944871218,0.0,0.5295963944871218
6283,6283,0.7784708079977293,1.0,0.7784708079977293
6284,6284,0.49247504527902963,0.0,0.49247504527902963
6285,6285,0.29882708308177874,1.0,0.29882708308177874
6286,6286,0.10092502105763446,0.0,0.10092502105763446
6287,6287,0.7083151642963871,1.0,0.7083151642963871
6288,6288,0.10210516475223097,0.0,0.10210516475223097
6289,6289,0.3862610245834093,1.0,0.3862610245834093
6290,6290,0.06571593822806099,0.0,0.06571593822806099
6291,6291,0.5530315800694013,1.0,0.5530315800694013
6292,6292,0.8775287986236296,1.0,0.8775287986236296
6293,6293,0.8012497200629051,0.0,0.8012497200629051
6294,6294,0.10347401247901689,0.0,0.10347401247901689
6295,6295,0.5746878741714556,1.0,0.5746878741714556
6296,6296,0.02592524331970325,0.0,0.02592524331970325
6297,6297,0.9082863810453804,1.0,0.9082863810453804
6298,6298,0.7567880300227686,1.0,0.7567880300227686
6299,6299,0.16489904090593532,0.0,0.16489904090593532
6300,6300,0.45858253162901164,0.0,0.45858253162901164
6301,6301,0.45879207476572637,1.0,0.45879207476572637
6302,6302,0.4932061602383594,0.0,0.4932061602383594
6303,6303,0.6449259637123522,0.0,0.6449259637123522
6304,6304,0.07989512678714872,0.0,0.07989512678714872
6305,6305,0.04749051060466958,0.0,0.04749051060466958
6306,6306,0.09775311972616119,0.0,0.09775311972616119
6307,6307,0.763776957844504,1.0,0.763776957844504
6308,6308,0.4850356452368022,1.0,0.4850356452368022
6309,6309,0.8780813659739517,1.0,0.8780813659739517
6310,6310,0.5938988754299553,1.0,0.5938988754299553
6311,6311,0.4741713972618252,0.0,0.4741713972618252
6312,6312,0.5024656833813219,1.0,0.5024656833813219
6313,6313,0.843130325298294,0.0,0.843130325298294
6314,6314,0.41870945172697394,0.0,0.41870945172697394
6315,6315,0.15260579995584922,0.0,0.15260579995584922
6316,6316,0.7085879402632245,1.0,0.7085879402632245
6317,6317,0.14684959155313737,0.0,0.14684959155313737
6318,6318,0.6405681390880494,1.0,0.6405681390880494
6319,6319,0.7913887706608252,1.0,0.7913887706608252
6320,6320,0.09144410129681901,0.0,0.09144410129681901
6321,6321,0.7154382903795691,0.0,0.7154382903795691
6322,6322,0.10189250673399153,0.0,0.10189250673399153
6323,6323,0.9210629901014058,1.0,0.9210629901014058
6324,6324,0.7801188096635036,1.0,0.7801188096635036
6325,6325,0.3508815062369891,0.0,0.3508815062369891
6326,6326,0.6290101841388185,1.0,0.6290101841388185
6327,6327,0.24721526486688805,0.0,0.24721526486688805
6328,6328,0.7330697233418285,1.0,0.7330697233418285
6329,6329,0.6851966017834281,0.0,0.6851966017834281
6330,6330,0.12130372824353541,0.0,0.12130372824353541
6331,6331,0.3382196224945677,1.0,0.3382196224945677
6332,6332,0.5448419397065145,0.0,0.5448419397065145
6333,6333,0.5213113780009124,1.0,0.5213113780009124
6334,6334,0.8991890345363486,0.0,0.8991890345363486
6335,6335,0.6431693280341524,1.0,0.6431693280341524
6336,6336,0.5829454516893903,1.0,0.5829454516893903
6337,6337,0.5806908822163265,0.0,0.5806908822163265
6338,6338,0.9569696629999966,1.0,0.9569696629999966
6339,6339,0.4188933958651979,1.0,0.4188933958651979
6340,6340,0.28016756491395123,0.0,0.28016756491395123
6341,6341,0.43465987254303884,1.0,0.43465987254303884
6342,6342,0.5736795692705117,1.0,0.5736795692705117
6343,6343,0.31961649545116966,1.0,0.31961649545116966
6344,6344,0.15646161329912078,1.0,0.15646161329912078
6345,6345,0.39845089979326065,1.0,0.39845089979326065
6346,6346,0.23839598978537702,0.0,0.23839598978537702
6347,6347,0.2286303557926721,0.0,0.2286303557926721
6348,6348,0.06819107810808178,0.0,0.06819107810808178
6349,6349,0.17095644349064176,0.0,0.17095644349064176
6350,6350,0.7830627390718864,1.0,0.7830627390718864
6351,6351,0.16399916186898844,1.0,0.16399916186898844
6352,6352,0.9720908318660272,1.0,0.9720908318660272
6353,6353,0.7673416988408502,1.0,0.7673416988408502
6354,6354,0.2656731029994077,0.0,0.2656731029994077
6355,6355,0.36452866443827125,0.0,0.36452866443827125
6356,6356,0.8484336432566332,1.0,0.8484336432566332
6357,6357,0.3859148570760349,1.0,0.3859148570760349
6358,6358,0.7501261465806485,1.0,0.7501261465806485
6359,6359,0.9248315334232186,1.0,0.9248315334232186
6360,6360,0.32250884476283215,0.0,0.32250884476283215
6361,6361,0.5030374412659988,0.0,0.5030374412659988
6362,6362,0.7673325605365945,1.0,0.7673325605365945
6363,6363,0.1771434947353977,0.0,0.1771434947353977
6364,6364,0.2927942030509272,1.0,0.2927942030509272
6365,6365,0.4292911822473102,0.0,0.4292911822473102
6366,6366,0.28354306439289445,0.0,0.28354306439289445
6367,6367,0.1638909243159664,0.0,0.1638909243159664
6368,6368,0.3163539146858648,1.0,0.3163539146858648
6369,6369,0.9181731562506784,1.0,0.9181731562506784
6370,6370,0.8048869792848585,0.0,0.8048869792848585
6371,6371,0.8641977697335591,1.0,0.8641977697335591
6372,6372,0.033336064200919835,0.0,0.033336064200919835
6373,6373,0.28900638611989327,0.0,0.28900638611989327
6374,6374,0.7329882036466185,0.0,0.7329882036466185
6375,6375,0.4092183505508643,1.0,0.4092183505508643
6376,6376,0.9569145850125883,1.0,0.9569145850125883
6377,6377,0.014741510801389524,0.0,0.014741510801389524
6378,6378,0.3853420048557562,1.0,0.3853420048557562
6379,6379,0.7299845261521624,1.0,0.7299845261521624
6380,6380,0.15157088529072227,0.0,0.15157088529072227
6381,6381,0.4860602006830478,1.0,0.4860602006830478
6382,6382,0.7612272382210772,1.0,0.7612272382210772
6383,6383,0.029294340298836707,0.0,0.029294340298836707
6384,6384,0.8519323173158408,1.0,0.8519323173158408
6385,6385,0.902714223774889,1.0,0.902714223774889
6386,6386,0.3821588756758483,0.0,0.3821588756758483
6387,6387,0.26400289191529414,1.0,0.26400289191529414
6388,6388,0.14245841321419606,0.0,0.14245841321419606
6389,6389,0.6311467779387242,1.0,0.6311467779387242
6390,6390,0.4408456887483956,0.0,0.4408456887483956
6391,6391,0.5305942899600368,0.0,0.5305942899600368
6392,6392,0.4096349831188709,1.0,0.4096349831188709
6393,6393,0.8820949818838562,0.0,0.8820949818838562
6394,6394,0.9210041029158476,1.0,0.9210041029158476
6395,6395,0.1166320767529504,0.0,0.1166320767529504
6396,6396,0.14438911761672069,0.0,0.14438911761672069
6397,6397,0.6324299644240833,1.0,0.6324299644240833
6398,6398,0.8707062611478917,1.0,0.8707062611478917
6399,6399,0.616207676163107,1.0,0.616207676163107
6400,6400,0.48331345344134624,1.0,0.48331345344134624
6401,6401,0.11964116723809626,0.0,0.11964116723809626
6402,6402,0.5902126259830055,0.0,0.5902126259830055
6403,6403,0.18163002774869808,1.0,0.18163002774869808
6404,6404,0.5804968224385015,1.0,0.5804968224385015
6405,6405,0.6466281863089485,1.0,0.6466281863089485
6406,6406,0.1699995111231286,0.0,0.1699995111231286
6407,6407,0.42245036046074913,0.0,0.42245036046074913
6408,6408,0.8701543688455892,1.0,0.8701543688455892
6409,6409,0.6709754571717272,1.0,0.6709754571717272
6410,6410,0.68334930267435,0.0,0.68334930267435
6411,6411,0.02512016730067468,0.0,0.02512016730067468
6412,6412,0.22709240119341412,0.0,0.22709240119341412
6413,6413,0.9409396705887343,0.0,0.9409396705887343
6414,6414,0.3065853102029984,1.0,0.3065853102029984
6415,6415,0.9478152385213257,1.0,0.9478152385213257
6416,6416,0.2898934275467594,0.0,0.2898934275467594
6417,6417,0.7506109843559496,1.0,0.7506109843559496
6418,6418,0.6771152808314645,1.0,0.6771152808314645
6419,6419,0.29080631049561,0.0,0.29080631049561
6420,6420,0.4843077337330258,0.0,0.4843077337330258
6421,6421,0.3857320646350101,0.0,0.3857320646350101
6422,6422,0.26298819149074537,0.0,0.26298819149074537
6423,6423,0.6265405007110417,0.0,0.6265405007110417
6424,6424,0.3537637390911047,0.0,0.3537637390911047
6425,6425,0.8956895634267819,1.0,0.8956895634267819
6426,6426,0.1288039573266031,1.0,0.1288039573266031
6427,6427,0.42663865836494874,1.0,0.42663865836494874
6428,6428,0.8113450409620635,1.0,0.8113450409620635
6429,6429,0.29286839130724873,0.0,0.29286839130724873
6430,6430,0.9408283467616269,1.0,0.9408283467616269
6431,6431,0.01033402267310346,0.0,0.01033402267310346
6432,6432,0.38813165567966634,0.0,0.38813165567966634
6433,6433,0.5245741219952695,0.0,0.5245741219952695
6434,6434,0.8949522017826292,0.0,0.8949522017826292
6435,6435,0.36617421629408553,0.0,0.36617421629408553
6436,6436,0.6489086011762379,0.0,0.6489086011762379
6437,6437,0.23601724486276043,1.0,0.23601724486276043
6438,6438,0.027537418050681994,0.0,0.027537418050681994
6439,6439,0.09558024316489366,0.0,0.09558024316489366
6440,6440,0.4467026345607451,0.0,0.4467026345607451
6441,6441,0.8635598614347645,1.0,0.8635598614347645
6442,6442,0.795844084352409,1.0,0.795844084352409
6443,6443,0.6486458494033635,0.0,0.6486458494033635
6444,6444,0.01955340475583911,0.0,0.01955340475583911
6445,6445,0.6321321325642395,0.0,0.6321321325642395
6446,6446,0.8876217984152375,1.0,0.8876217984152375
6447,6447,0.299689570489297,1.0,0.299689570489297
6448,6448,0.216323237616721,0.0,0.216323237616721
6449,6449,0.01707790743807569,0.0,0.01707790743807569
6450,6450,0.8101500140631881,1.0,0.8101500140631881
6451,6451,0.4641920521790983,1.0,0.4641920521790983
6452,6452,0.2556034274202128,0.0,0.2556034274202128
6453,6453,0.4033027271247328,0.0,0.4033027271247328
6454,6454,0.35831684723886825,0.0,0.35831684723886825
6455,6455,0.8801479480884896,1.0,0.8801479480884896
6456,6456,0.49670952047282546,1.0,0.49670952047282546
6457,6457,0.5672169264785739,0.0,0.5672169264785739
6458,6458,0.19799015366192974,0.0,0.19799015366192974
6459,6459,0.8779587998034867,1.0,0.8779587998034867
6460,6460,0.09120280582633267,0.0,0.09120280582633267
6461,6461,0.09772030958143896,0.0,0.09772030958143896
6462,6462,0.010811197305395703,0.0,0.010811197305395703
6463,6463,0.5720805712580243,1.0,0.5720805712580243
6464,6464,0.358065385781998,0.0,0.358065385781998
6465,6465,0.6655663360304108,1.0,0.6655663360304108
6466,6466,0.10248089230067048,0.0,0.10248089230067048
6467,6467,0.7328641614187397,1.0,0.7328641614187397
6468,6468,0.15344467863893207,0.0,0.15344467863893207
6469,6469,0.2559893747159926,1.0,0.2559893747159926
6470,6470,0.2973036526639975,0.0,0.2973036526639975
6471,6471,0.9615135804526211,1.0,0.9615135804526211
6472,6472,0.8029065250698173,1.0,0.8029065250698173
6473,6473,0.20516783304485264,1.0,0.20516783304485264
6474,6474,0.10773003111269919,0.0,0.10773003111269919
6475,6475,0.4168701880803244,1.0,0.4168701880803244
6476,6476,0.03185922416666642,0.0,0.03185922416666642
6477,6477,0.5523265266579396,1.0,0.5523265266579396
6478,6478,0.8897003685955756,0.0,0.8897003685955756
6479,6479,0.9797499608730542,1.0,0.9797499608730542
6480,6480,0.3480856756238908,0.0,0.3480856756238908
6481,6481,0.9614517373611999,1.0,0.9614517373611999
6482,6482,0.6969540754770684,1.0,0.6969540754770684
6483,6483,0.05742215921646654,0.0,0.05742215921646654
6484,6484,0.1709901230791585,0.0,0.1709901230791585
6485,6485,0.37172199253669,1.0,0.37172199253669
6486,6486,0.6276054293084262,1.0,0.6276054293084262
6487,6487,0.19950315306575583,0.0,0.19950315306575583
6488,6488,0.41546476768369467,0.0,0.41546476768369467
6489,6489,0.18137884093596002,1.0,0.18137884093596002
6490,6490,0.8769140776096606,1.0,0.8769140776096606
6491,6491,0.8189534599344052,0.0,0.8189534599344052
6492,6492,0.7867143016071232,1.0,0.7867143016071232
6493,6493,0.20923884291607397,1.0,0.20923884291607397
6494,6494,0.8460441469176815,1.0,0.8460441469176815
6495,6495,0.8416336810484436,1.0,0.8416336810484436
6496,6496,0.6450352875972047,1.0,0.6450352875972047
6497,6497,0.7274075759674339,1.0,0.7274075759674339
6498,6498,0.54465632564236,0.0,0.54465632564236
6499,6499,0.6210438949281448,0.0,0.6210438949281448
6500,6500,0.11502778004017367,0.0,0.11502778004017367
6501,6501,0.8130343205904823,1.0,0.8130343205904823
6502,6502,0.7941486412238025,1.0,0.7941486412238025
6503,6503,0.16392853983783762,0.0,0.16392853983783762
6504,6504,0.2100531633150592,0.0,0.2100531633150592
6505,6505,0.7022831929270841,1.0,0.7022831929270841
6506,6506,0.32077405314576957,1.0,0.32077405314576957
6507,6507,0.18137995879344404,0.0,0.18137995879344404
6508,6508,0.2801288587003925,0.0,0.2801288587003925
6509,6509,0.351364722872337,0.0,0.351364722872337
6510,6510,0.8468685444481544,1.0,0.8468685444481544
6511,6511,0.34479007126031125,0.0,0.34479007126031125
6512,6512,0.7167317692994198,1.0,0.7167317692994198
6513,6513,0.17862282391357842,0.0,0.17862282391357842
6514,6514,0.690171006116399,1.0,0.690171006116399
6515,6515,0.6797819591743862,1.0,0.6797819591743862
6516,6516,0.30312290488937255,1.0,0.30312290488937255
6517,6517,0.8278787581766124,1.0,0.8278787581766124
6518,6518,0.19567523976330115,1.0,0.19567523976330115
6519,6519,0.5555457751400839,0.0,0.5555457751400839
6520,6520,0.9971262436846126,1.0,0.9971262436846126
6521,6521,0.929504443318301,1.0,0.929504443318301
6522,6522,0.5044698868888966,1.0,0.5044698868888966
6523,6523,0.5458802380865436,0.0,0.5458802380865436
6524,6524,0.4321557540980073,1.0,0.4321557540980073
6525,6525,0.12203915461956405,0.0,0.12203915461956405
6526,6526,0.2937531203397066,1.0,0.2937531203397066
6527,6527,0.5024800421043298,0.0,0.5024800421043298
6528,6528,0.11808713533480919,0.0,0.11808713533480919
6529,6529,0.9812145242239435,1.0,0.9812145242239435
6530,6530,0.10847573473089822,0.0,0.10847573473089822
6531,6531,0.18505809139099516,0.0,0.18505809139099516
6532,6532,0.6344369969061183,1.0,0.6344369969061183
6533,6533,0.6455943880285514,1.0,0.6455943880285514
6534,6534,0.2170685054939504,0.0,0.2170685054939504
6535,6535,0.36495577793604517,0.0,0.36495577793604517
6536,6536,0.7994562674158133,0.0,0.7994562674158133
6537,6537,0.9381025432978879,1.0,0.9381025432978879
6538,6538,0.17604426727111355,0.0,0.17604426727111355
6539,6539,0.43097900970838465,1.0,0.43097900970838465
6540,6540,0.47957817889730103,0.0,0.47957817889730103
6541,6541,0.9959762043183752,1.0,0.9959762043183752
6542,6542,0.12249067891882948,1.0,0.12249067891882948
6543,6543,0.7572279693994038,1.0,0.7572279693994038
6544,6544,0.9340011296219105,1.0,0.9340011296219105
6545,6545,0.349723657015208,0.0,0.349723657015208
6546,6546,0.3707060663447489,1.0,0.3707060663447489
6547,6547,0.5838009321831645,1.0,0.5838009321831645
6548,6548,0.6753542677535278,1.0,0.6753542677535278
6549,6549,0.9466596056545791,1.0,0.9466596056545791
6550,6550,0.508556713678786,1.0,0.508556713678786
6551,6551,0.8247564025698321,1.0,0.8247564025698321
6552,6552,0.16863437204755238,0.0,0.16863437204755238
6553,6553,0.2312378432449822,0.0,0.2312378432449822
6554,6554,0.945604722750245,0.0,0.945604722750245
6555,6555,0.10311541550437364,1.0,0.10311541550437364
6556,6556,0.554772138884109,1.0,0.554772138884109
6557,6557,0.332033334471164,0.0,0.332033334471164
6558,6558,0.937705689070785,1.0,0.937705689070785
6559,6559,0.05025359107270755,0.0,0.05025359107270755
6560,6560,0.5584660997719134,1.0,0.5584660997719134
6561,6561,0.4892519209918703,1.0,0.4892519209918703
6562,6562,0.8952479053527564,1.0,0.8952479053527564
6563,6563,0.48892408204883353,0.0,0.48892408204883353
6564,6564,0.8708916541202639,1.0,0.8708916541202639
6565,6565,0.3542786495816076,0.0,0.3542786495816076
6566,6566,0.8731058431334221,1.0,0.8731058431334221
6567,6567,0.34943200046293177,1.0,0.34943200046293177
6568,6568,0.037690597801007364,0.0,0.037690597801007364
6569,6569,0.15942592695409974,0.0,0.15942592695409974
6570,6570,0.030236185591768994,0.0,0.030236185591768994
6571,6571,0.6321309151700232,0.0,0.6321309151700232
6572,6572,0.20876877244924508,0.0,0.20876877244924508
6573,6573,0.8425684805379582,1.0,0.8425684805379582
6574,6574,0.916293513239706,1.0,0.916293513239706
6575,6575,0.07106980795500373,0.0,0.07106980795500373
6576,6576,0.16942378858260299,0.0,0.16942378858260299
6577,6577,0.8243754270313074,1.0,0.8243754270313074
6578,6578,0.8082530718592411,0.0,0.8082530718592411
6579,6579,0.7678893881025906,0.0,0.7678893881025906
6580,6580,0.29769515727349494,0.0,0.29769515727349494
6581,6581,0.07040681985436148,0.0,0.07040681985436148
6582,6582,0.9625649199779741,1.0,0.9625649199779741
6583,6583,0.09147591655971032,0.0,0.09147591655971032
6584,6584,0.24669342566352237,0.0,0.24669342566352237
6585,6585,0.14884542100123754,0.0,0.14884542100123754
6586,6586,0.21456162804320322,0.0,0.21456162804320322
6587,6587,0.3879369458153452,0.0,0.3879369458153452
6588,6588,0.055562732788043356,0.0,0.055562732788043356
6589,6589,0.09479916106341135,0.0,0.09479916106341135
6590,6590,0.8984200802521537,1.0,0.8984200802521537
6591,6591,0.34295841170423746,0.0,0.34295841170423746
6592,6592,0.030128949677422523,0.0,0.030128949677422523
6593,6593,0.8345865348306549,1.0,0.8345865348306549
6594,6594,0.025768486180948735,0.0,0.025768486180948735
6595,6595,0.18495996448761753,1.0,0.18495996448761753
6596,6596,0.7334791995443002,1.0,0.7334791995443002
6597,6597,0.21469283308722165,0.0,0.21469283308722165
6598,6598,0.08765669988551028,0.0,0.08765669988551028
6599,6599,0.24374294845523026,0.0,0.24374294845523026
6600,6600,0.26133822237515514,0.0,0.26133822237515514
6601,6601,0.6609201702099977,1.0,0.6609201702099977
6602,6602,0.6248104849493409,0.0,0.6248104849493409
6603,6603,0.16239547999089565,0.0,0.16239547999089565
6604,6604,0.4507332031271476,0.0,0.4507332031271476
6605,6605,0.5220252186801863,1.0,0.5220252186801863
6606,6606,0.11645464313472143,0.0,0.11645464313472143
6607,6607,0.013422039966730082,0.0,0.013422039966730082
6608,6608,0.6521274745793064,1.0,0.6521274745793064
6609,6609,0.11291284953855207,0.0,0.11291284953855207
6610,6610,0.07982329216454909,0.0,0.07982329216454909
6611,6611,0.4029356872646789,1.0,0.4029356872646789
6612,6612,0.2832914016507927,0.0,0.2832914016507927
6613,6613,0.9910768888844895,1.0,0.9910768888844895
6614,6614,0.04630381638505843,0.0,0.04630381638505843
6615,6615,0.3855310962814694,0.0,0.3855310962814694
6616,6616,0.6542103955699606,1.0,0.6542103955699606
6617,6617,0.5247534718825033,1.0,0.5247534718825033
6618,6618,0.6564336281904642,0.0,0.6564336281904642
6619,6619,0.776697847028615,1.0,0.776697847028615
6620,6620,0.05217692698206333,0.0,0.05217692698206333
6621,6621,0.2433281872675468,0.0,0.2433281872675468
6622,6622,0.10664686920600008,0.0,0.10664686920600008
6623,6623,0.6403029334168632,1.0,0.6403029334168632
6624,6624,0.9859507535027424,1.0,0.9859507535027424
6625,6625,0.5139021171838292,0.0,0.5139021171838292
6626,6626,0.1462071126833644,0.0,0.1462071126833644
6627,6627,0.585285991144305,1.0,0.585285991144305
6628,6628,0.6264448281832732,1.0,0.6264448281832732
6629,6629,0.040870539294946884,0.0,0.040870539294946884
6630,6630,0.622326087917951,1.0,0.622326087917951
6631,6631,0.4909699050012376,0.0,0.4909699050012376
6632,6632,0.27046772642561756,0.0,0.27046772642561756
6633,6633,0.36313002594302446,0.0,0.36313002594302446
6634,6634,0.443283489670659,1.0,0.443283489670659
6635,6635,0.02185542422812181,0.0,0.02185542422812181
6636,6636,0.27495946407382676,1.0,0.27495946407382676
6637,6637,0.10337029049493973,0.0,0.10337029049493973
6638,6638,0.1985831682934197,0.0,0.1985831682934197
6639,6639,0.695512213622084,1.0,0.695512213622084
6640,6640,0.9575065497880342,1.0,0.9575065497880342
6641,6641,0.25008521337735823,0.0,0.25008521337735823
6642,6642,0.32986196288302705,0.0,0.32986196288302705
6643,6643,0.7414556267478488,1.0,0.7414556267478488
6644,6644,0.8879297040078646,1.0,0.8879297040078646
6645,6645,0.4419449556130236,1.0,0.4419449556130236
6646,6646,0.3895927612272285,1.0,0.3895927612272285
6647,6647,0.7555289785721856,1.0,0.7555289785721856
6648,6648,0.8981575737264894,1.0,0.8981575737264894
6649,6649,0.34133327151603376,0.0,0.34133327151603376
6650,6650,0.7750215990606082,1.0,0.7750215990606082
6651,6651,0.48380045375180414,0.0,0.48380045375180414
6652,6652,0.7810696326711315,0.0,0.7810696326711315
6653,6653,0.6330316938438992,0.0,0.6330316938438992
6654,6654,0.2757343517056775,1.0,0.2757343517056775
6655,6655,0.9634361387172861,1.0,0.9634361387172861
6656,6656,0.7265452525994346,1.0,0.7265452525994346
6657,6657,0.252129610369784,0.0,0.252129610369784
6658,6658,0.4543713352588088,0.0,0.4543713352588088
6659,6659,0.9883267135409095,1.0,0.9883267135409095
6660,6660,0.663635554142167,0.0,0.663635554142167
6661,6661,0.7366998151494981,0.0,0.7366998151494981
6662,6662,0.06620889254373996,0.0,0.06620889254373996
6663,6663,0.7602683306832766,1.0,0.7602683306832766
6664,6664,0.2243507634223033,0.0,0.2243507634223033
6665,6665,0.2839550454981149,1.0,0.2839550454981149
6666,6666,0.3940907365684454,1.0,0.3940907365684454
6667,6667,0.8362898451838827,0.0,0.8362898451838827
6668,6668,0.047479190704105334,0.0,0.047479190704105334
6669,6669,0.01760401729111749,0.0,0.01760401729111749
6670,6670,0.0513131390647108,0.0,0.0513131390647108
6671,6671,0.19697875759724892,0.0,0.19697875759724892
6672,6672,0.9374847996205081,1.0,0.9374847996205081
6673,6673,0.37711901309827134,0.0,0.37711901309827134
6674,6674,0.925921959747396,1.0,0.925921959747396
6675,6675,0.34834769560631496,0.0,0.34834769560631496
6676,6676,0.9140640866165207,1.0,0.9140640866165207
6677,6677,0.26108143156891284,0.0,0.26108143156891284
6678,6678,0.5829534847152935,0.0,0.5829534847152935
6679,6679,0.41064886102112486,0.0,0.41064886102112486
6680,6680,0.24481879133353301,1.0,0.24481879133353301
6681,6681,0.4939336721353126,0.0,0.4939336721353126
6682,6682,0.5422906766065704,1.0,0.5422906766065704
6683,6683,0.48414657779108117,1.0,0.48414657779108117
6684,6684,0.602673032058144,1.0,0.602673032058144
6685,6685,0.7329454653346865,1.0,0.7329454653346865
6686,6686,0.7558284895350232,0.0,0.7558284895350232
6687,6687,0.7984122807056141,1.0,0.7984122807056141
6688,6688,0.01854640153718279,0.0,0.01854640153718279
6689,6689,0.5424809270042297,0.0,0.5424809270042297
6690,6690,0.6640843195783122,1.0,0.6640843195783122
6691,6691,0.626905312731136,1.0,0.626905312731136
6692,6692,0.7832344654143435,1.0,0.7832344654143435
6693,6693,0.5628828980750374,1.0,0.5628828980750374
6694,6694,0.5891655717662129,1.0,0.5891655717662129
6695,6695,0.015175890916085288,0.0,0.015175890916085288
6696,6696,0.049130587634501954,0.0,0.049130587634501954
6697,6697,0.2387936335952734,0.0,0.2387936335952734
6698,6698,0.6542332674780396,1.0,0.6542332674780396
6699,6699,0.6619173842868409,1.0,0.6619173842868409
6700,6700,0.5552861184651947,1.0,0.5552861184651947
6701,6701,0.35684844134592064,0.0,0.35684844134592064
6702,6702,0.17245493140338475,0.0,0.17245493140338475
6703,6703,0.09112309571917887,0.0,0.09112309571917887
6704,6704,0.9009447632108906,1.0,0.9009447632108906
6705,6705,0.753781685052933,1.0,0.753781685052933
6706,6706,0.670214633430385,0.0,0.670214633430385
6707,6707,0.6697045755080415,0.0,0.6697045755080415
6708,6708,0.04804555752909678,0.0,0.04804555752909678
6709,6709,0.5927507365055764,1.0,0.5927507365055764
6710,6710,0.148027501395117,0.0,0.148027501395117
6711,6711,0.41745138689073247,0.0,0.41745138689073247
6712,6712,0.3002830876738628,1.0,0.3002830876738628
6713,6713,0.45725275503880136,0.0,0.45725275503880136
6714,6714,0.008373351301434018,0.0,0.008373351301434018
6715,6715,0.2619144696353439,1.0,0.2619144696353439
6716,6716,0.045089496125327866,0.0,0.045089496125327866
6717,6717,0.4829353720212324,0.0,0.4829353720212324
6718,6718,0.2023291300436234,1.0,0.2023291300436234
6719,6719,0.9663524095001759,1.0,0.9663524095001759
6720,6720,0.17965800184592828,0.0,0.17965800184592828
6721,6721,0.8408024312213378,1.0,0.8408024312213378
6722,6722,0.694970501758599,1.0,0.694970501758599
6723,6723,0.8194757022692178,1.0,0.8194757022692178
6724,6724,0.9669191573554389,1.0,0.9669191573554389
6725,6725,0.2944526397064876,1.0,0.2944526397064876
6726,6726,0.3263859341628793,0.0,0.3263859341628793
6727,6727,0.653831307812928,1.0,0.653831307812928
6728,6728,0.47885943414901533,1.0,0.47885943414901533
6729,6729,0.4910631567902135,0.0,0.4910631567902135
6730,6730,0.8029127598107528,0.0,0.8029127598107528
6731,6731,0.8707358632397213,0.0,0.8707358632397213
6732,6732,0.08874098207190406,0.0,0.08874098207190406
6733,6733,0.11552220795524626,0.0,0.11552220795524626
6734,6734,0.7531531750470437,1.0,0.7531531750470437
6735,6735,0.6495033205514459,1.0,0.6495033205514459
6736,6736,0.17253721669782995,1.0,0.17253721669782995
6737,6737,0.26066053144500845,0.0,0.26066053144500845
6738,6738,0.015057974689991038,0.0,0.015057974689991038
6739,6739,0.692322215447104,1.0,0.692322215447104
6740,6740,0.45282186855874684,1.0,0.45282186855874684
6741,6741,0.5706238497461043,1.0,0.5706238497461043
6742,6742,0.9720249376345312,1.0,0.9720249376345312
6743,6743,0.5753213287564852,0.0,0.5753213287564852
6744,6744,0.5936799387720341,1.0,0.5936799387720341
6745,6745,0.8113052288516558,1.0,0.8113052288516558
6746,6746,0.09345846003362102,0.0,0.09345846003362102
6747,6747,0.060634863956434026,0.0,0.060634863956434026
6748,6748,0.7271399655108625,1.0,0.7271399655108625
6749,6749,0.5451091934853706,1.0,0.5451091934853706
6750,6750,0.9413622557821234,1.0,0.9413622557821234
6751,6751,0.6052651085847496,0.0,0.6052651085847496
6752,6752,0.05799846008740561,0.0,0.05799846008740561
6753,6753,0.5992623847283792,1.0,0.5992623847283792
6754,6754,0.04426643576350753,0.0,0.04426643576350753
6755,6755,0.26362995248300647,0.0,0.26362995248300647
6756,6756,0.6840583303392228,1.0,0.6840583303392228
6757,6757,0.6497409905159975,0.0,0.6497409905159975
6758,6758,0.06005273251622112,0.0,0.06005273251622112
6759,6759,0.5547221420072042,1.0,0.5547221420072042
6760,6760,0.48787034258997564,0.0,0.48787034258997564
6761,6761,0.7479827787255527,0.0,0.7479827787255527
6762,6762,0.08714551345805877,1.0,0.08714551345805877
6763,6763,0.05726241937188581,0.0,0.05726241937188581
6764,6764,0.0005224251470027363,0.0,0.0005224251470027363
6765,6765,0.9504539950517263,1.0,0.9504539950517263
6766,6766,0.9263195836258203,1.0,0.9263195836258203
6767,6767,0.6802461222253514,0.0,0.6802461222253514
6768,6768,0.475278792959861,0.0,0.475278792959861
6769,6769,0.06143726753396617,0.0,0.06143726753396617
6770,6770,0.9293987184386451,1.0,0.9293987184386451
6771,6771,0.8514678493416665,1.0,0.8514678493416665
6772,6772,0.38097467448763667,1.0,0.38097467448763667
6773,6773,0.8694981204769895,1.0,0.8694981204769895
6774,6774,0.030515660984876236,0.0,0.030515660984876236
6775,6775,0.4022886145569088,1.0,0.4022886145569088
6776,6776,0.9001317243127399,0.0,0.9001317243127399
6777,6777,0.4135669543283633,1.0,0.4135669543283633
6778,6778,0.1622162907513135,0.0,0.1622162907513135
6779,6779,0.9326204006038843,1.0,0.9326204006038843
6780,6780,0.7569384511916346,1.0,0.7569384511916346
6781,6781,0.7327148108942313,1.0,0.7327148108942313
6782,6782,0.17206298074241433,0.0,0.17206298074241433
6783,6783,0.7177217898189625,1.0,0.7177217898189625
6784,6784,0.025896436908015907,0.0,0.025896436908015907
6785,6785,0.7968662928028115,1.0,0.7968662928028115
6786,6786,0.9632406913946527,1.0,0.9632406913946527
6787,6787,0.8300044745028504,1.0,0.8300044745028504
6788,6788,0.5078857879752233,1.0,0.5078857879752233
6789,6789,0.4694252510343718,1.0,0.4694252510343718
6790,6790,0.5741313349852324,0.0,0.5741313349852324
6791,6791,0.4562977522180883,1.0,0.4562977522180883
6792,6792,0.8128073451244602,0.0,0.8128073451244602
6793,6793,0.003380541192933628,0.0,0.003380541192933628
6794,6794,0.23273121451380951,0.0,0.23273121451380951
6795,6795,0.7775530338405604,1.0,0.7775530338405604
6796,6796,0.12831661462279653,0.0,0.12831661462279653
6797,6797,0.5473237012223815,0.0,0.5473237012223815
6798,6798,0.824339374251768,1.0,0.824339374251768
6799,6799,0.3766283861655284,1.0,0.3766283861655284
6800,6800,0.053310885785390005,0.0,0.053310885785390005
6801,6801,0.7894386910726823,1.0,0.7894386910726823
6802,6802,0.5657182938811578,1.0,0.5657182938811578
6803,6803,0.3113543159877067,0.0,0.3113543159877067
6804,6804,0.059127701525764964,0.0,0.059127701525764964
6805,6805,0.8241571607156185,1.0,0.8241571607156185
6806,6806,0.7119336899230966,1.0,0.7119336899230966
6807,6807,0.9702533047054638,1.0,0.9702533047054638
6808,6808,0.03097038864929691,1.0,0.03097038864929691
6809,6809,0.9980876072783004,1.0,0.9980876072783004
6810,6810,0.35898621427739663,1.0,0.35898621427739663
6811,6811,0.5526680518577688,1.0,0.5526680518577688
6812,6812,0.6437476637498585,0.0,0.6437476637498585
6813,6813,0.8811524313789666,0.0,0.8811524313789666
6814,6814,0.2799781973276261,1.0,0.2799781973276261
6815,6815,0.19739364350562894,0.0,0.19739364350562894
6816,6816,0.3430334764904349,1.0,0.3430334764904349
6817,6817,0.6215954637778008,1.0,0.6215954637778008
6818,6818,0.6128142799365309,0.0,0.6128142799365309
6819,6819,0.11560526576822427,0.0,0.11560526576822427
6820,6820,0.8861667437904016,1.0,0.8861667437904016
6821,6821,0.4228879977571175,0.0,0.4228879977571175
6822,6822,0.6721921922528695,1.0,0.6721921922528695
6823,6823,0.39894018901536843,0.0,0.39894018901536843
6824,6824,0.3666580242687899,0.0,0.3666580242687899
6825,6825,0.06255410200427791,0.0,0.06255410200427791
6826,6826,0.8720692612012745,1.0,0.8720692612012745
6827,6827,0.2171849139299774,0.0,0.2171849139299774
6828,6828,0.7467792652572786,1.0,0.7467792652572786
6829,6829,0.996044280918309,1.0,0.996044280918309
6830,6830,0.17347148235951704,0.0,0.17347148235951704
6831,6831,0.801680778747922,1.0,0.801680778747922
6832,6832,0.4538625925253822,1.0,0.4538625925253822
6833,6833,0.7813504344275105,0.0,0.7813504344275105
6834,6834,0.6385074116662116,0.0,0.6385074116662116
6835,6835,0.2702641154422881,1.0,0.2702641154422881
6836,6836,0.06649630606231938,0.0,0.06649630606231938
6837,6837,0.7544782670138555,1.0,0.7544782670138555
6838,6838,0.9391698478986084,1.0,0.9391698478986084
6839,6839,0.5718401085869876,1.0,0.5718401085869876
6840,6840,0.8235249053453613,1.0,0.8235249053453613
6841,6841,0.8181748866123789,1.0,0.8181748866123789
6842,6842,0.65908520204091,0.0,0.65908520204091
6843,6843,0.12791738574805278,0.0,0.12791738574805278
6844,6844,0.19166319325662862,1.0,0.19166319325662862
6845,6845,0.1629237048785671,0.0,0.1629237048785671
6846,6846,0.9659093475095866,1.0,0.9659093475095866
6847,6847,0.9966344669695452,1.0,0.9966344669695452
6848,6848,0.8835416861096509,1.0,0.8835416861096509
6849,6849,0.31885289880086354,0.0,0.31885289880086354
6850,6850,0.7140668955307823,1.0,0.7140668955307823
6851,6851,0.7343180353688669,0.0,0.7343180353688669
6852,6852,0.4583724087515617,0.0,0.4583724087515617
6853,6853,0.08477570596802775,0.0,0.08477570596802775
6854,6854,0.5095301093845093,1.0,0.5095301093845093
6855,6855,0.14833063277133807,0.0,0.14833063277133807
6856,6856,0.13783502957920346,0.0,0.13783502957920346
6857,6857,0.6179745885268952,0.0,0.6179745885268952
6858,6858,0.2929536784754706,1.0,0.2929536784754706
6859,6859,0.060272656374508404,0.0,0.060272656374508404
6860,6860,0.385807077678439,0.0,0.385807077678439
6861,6861,0.944360219126701,1.0,0.944360219126701
6862,6862,0.5014834316459695,0.0,0.5014834316459695
6863,6863,0.7094531957504193,1.0,0.7094531957504193
6864,6864,0.6972370805539317,1.0,0.6972370805539317
6865,6865,0.06484725757513277,0.0,0.06484725757513277
6866,6866,0.4200844467409226,0.0,0.4200844467409226
6867,6867,0.7353558549930231,1.0,0.7353558549930231
6868,6868,0.1371380030500814,0.0,0.1371380030500814
6869,6869,0.9571971683214414,1.0,0.9571971683214414
6870,6870,0.8135389416308764,1.0,0.8135389416308764
6871,6871,0.581310233567433,1.0,0.581310233567433
6872,6872,0.08324866573855605,0.0,0.08324866573855605
6873,6873,0.8036212297331845,1.0,0.8036212297331845
6874,6874,0.4358080009164943,0.0,0.4358080009164943
6875,6875,0.04447877901761066,0.0,0.04447877901761066
6876,6876,0.3480742861730488,0.0,0.3480742861730488
6877,6877,0.44911879733661675,0.0,0.44911879733661675
6878,6878,0.05714474921227497,0.0,0.05714474921227497
6879,6879,0.470194940077021,1.0,0.470194940077021
6880,6880,0.26383580807430407,0.0,0.26383580807430407
6881,6881,0.026163507915799133,0.0,0.026163507915799133
6882,6882,0.13364626737530394,0.0,0.13364626737530394
6883,6883,0.8146945448538369,1.0,0.8146945448538369
6884,6884,0.054947798247666935,0.0,0.054947798247666935
6885,6885,0.918101462230277,1.0,0.918101462230277
6886,6886,0.24112129487100442,0.0,0.24112129487100442
6887,6887,0.31333975248730694,1.0,0.31333975248730694
6888,6888,0.242376138005841,0.0,0.242376138005841
6889,6889,0.8582189152146251,0.0,0.8582189152146251
6890,6890,0.03303237698237316,0.0,0.03303237698237316
6891,6891,0.9681783736569654,1.0,0.9681783736569654
6892,6892,0.524084841107815,1.0,0.524084841107815
6893,6893,0.7874559548455339,0.0,0.7874559548455339
6894,6894,0.15181483547428232,0.0,0.15181483547428232
6895,6895,0.278408570620704,0.0,0.278408570620704
6896,6896,0.5131039124288859,1.0,0.5131039124288859
6897,6897,0.9063232868364194,1.0,0.9063232868364194
6898,6898,0.7635729226735537,1.0,0.7635729226735537
6899,6899,0.49098520293973,1.0,0.49098520293973
6900,6900,0.7499046673728919,1.0,0.7499046673728919
6901,6901,0.9159951159178742,1.0,0.9159951159178742
6902,6902,0.1913513651930212,0.0,0.1913513651930212
6903,6903,0.9810970255591569,1.0,0.9810970255591569
6904,6904,0.2776036237998154,0.0,0.2776036237998154
6905,6905,0.18571760908358304,0.0,0.18571760908358304
6906,6906,0.38811782101964976,1.0,0.38811782101964976
6907,6907,0.3323768589298406,0.0,0.3323768589298406
6908,6908,0.22790823125974613,0.0,0.22790823125974613
6909,6909,0.09862599438354192,0.0,0.09862599438354192
6910,6910,0.0898457192200014,0.0,0.0898457192200014
6911,6911,0.06902647641351045,0.0,0.06902647641351045
6912,6912,0.7519832816210809,0.0,0.7519832816210809
6913,6913,0.3181732528798823,0.0,0.3181732528798823
6914,6914,0.35503228124388797,1.0,0.35503228124388797
6915,6915,0.03390889572266487,0.0,0.03390889572266487
6916,6916,0.5863144807288898,1.0,0.5863144807288898
6917,6917,0.5572486717170557,0.0,0.5572486717170557
6918,6918,0.9076316899435585,1.0,0.9076316899435585
6919,6919,0.9564260516113253,1.0,0.9564260516113253
6920,6920,0.9317555287491028,1.0,0.9317555287491028
6921,6921,0.7215669211661541,0.0,0.7215669211661541
6922,6922,0.9192212714734329,1.0,0.9192212714734329
6923,6923,0.2940500906615193,1.0,0.2940500906615193
6924,6924,0.19080747742153858,0.0,0.19080747742153858
6925,6925,0.99351576903512,1.0,0.99351576903512
6926,6926,0.4213111413396877,1.0,0.4213111413396877
6927,6927,0.6280933287235984,1.0,0.6280933287235984
6928,6928,0.43732744988193495,0.0,0.43732744988193495
6929,6929,0.5597582087856633,0.0,0.5597582087856633
6930,6930,0.8720958714636845,0.0,0.8720958714636845
6931,6931,0.32321984667109327,0.0,0.32321984667109327
6932,6932,0.563637457457033,1.0,0.563637457457033
6933,6933,0.8450848582164319,0.0,0.8450848582164319
6934,6934,0.20236238747986124,0.0,0.20236238747986124
6935,6935,0.39589457599441646,0.0,0.39589457599441646
6936,6936,0.33615205101747847,1.0,0.33615205101747847
6937,6937,0.07101740904388609,0.0,0.07101740904388609
6938,6938,0.9010526822350686,1.0,0.9010526822350686
6939,6939,0.28289745092661966,0.0,0.28289745092661966
6940,6940,0.32620137003526384,1.0,0.32620137003526384
6941,6941,0.9864789930131554,1.0,0.9864789930131554
6942,6942,0.8102512111787883,0.0,0.8102512111787883
6943,6943,0.08279799995758363,0.0,0.08279799995758363
6944,6944,0.4588620955768654,1.0,0.4588620955768654
6945,6945,0.021889314784737546,0.0,0.021889314784737546
6946,6946,0.3860061601506757,1.0,0.3860061601506757
6947,6947,0.7455149602583095,0.0,0.7455149602583095
6948,6948,0.7246410836814522,0.0,0.7246410836814522
6949,6949,0.25014762251172173,0.0,0.25014762251172173
6950,6950,0.25349624676685223,0.0,0.25349624676685223
6951,6951,0.3108466266699861,0.0,0.3108466266699861
6952,6952,0.8579195533225071,0.0,0.8579195533225071
6953,6953,0.8159375266451412,1.0,0.8159375266451412
6954,6954,0.3566342397023555,0.0,0.3566342397023555
6955,6955,0.4411919676344376,1.0,0.4411919676344376
6956,6956,0.6837236639000911,1.0,0.6837236639000911
6957,6957,0.9710763926539622,1.0,0.9710763926539622
6958,6958,0.03244648684506346,0.0,0.03244648684506346
6959,6959,0.2392171523923382,0.0,0.2392171523923382
6960,6960,0.49667262672563284,1.0,0.49667262672563284
6961,6961,0.3527287947265497,1.0,0.3527287947265497
6962,6962,0.7733494478737305,1.0,0.7733494478737305
6963,6963,0.4192397774714368,0.0,0.4192397774714368
6964,6964,0.9928509250109754,1.0,0.9928509250109754
6965,6965,0.5337039432013917,1.0,0.5337039432013917
6966,6966,0.5944759967791167,0.0,0.5944759967791167
6967,6967,0.002887718985328469,0.0,0.002887718985328469
6968,6968,0.7747917681462559,1.0,0.7747917681462559
6969,6969,0.005205749587056996,0.0,0.005205749587056996
6970,6970,0.3825375562960155,1.0,0.3825375562960155
6971,6971,0.5118759539796346,1.0,0.5118759539796346
6972,6972,0.054700019701821034,0.0,0.054700019701821034
6973,6973,0.03030801269607175,0.0,0.03030801269607175
6974,6974,0.10401337811552647,0.0,0.10401337811552647
6975,6975,0.2435380008017335,0.0,0.2435380008017335
6976,6976,0.6072417688952859,0.0,0.6072417688952859
6977,6977,0.09948912384751762,0.0,0.09948912384751762
6978,6978,0.16233075014573606,0.0,0.16233075014573606
6979,6979,0.0812036370021817,0.0,0.0812036370021817
6980,6980,0.1751675962614666,0.0,0.1751675962614666
6981,6981,0.49478281533714263,0.0,0.49478281533714263
6982,6982,0.6701818915326097,1.0,0.6701818915326097
6983,6983,0.9485583351613065,1.0,0.9485583351613065
6984,6984,0.855771700354479,1.0,0.855771700354479
6985,6985,0.4012986787090428,1.0,0.4012986787090428
6986,6986,0.48757984700983126,0.0,0.48757984700983126
6987,6987,0.841301662475832,1.0,0.841301662475832
6988,6988,0.31615298306882056,0.0,0.31615298306882056
6989,6989,0.8880505108385478,1.0,0.8880505108385478
6990,6990,0.5676256940702891,1.0,0.5676256940702891
6991,6991,0.8410447192304173,1.0,0.8410447192304173
6992,6992,0.11668963175569591,1.0,0.11668963175569591
6993,6993,0.2945252884724999,1.0,0.2945252884724999
6994,6994,0.6014421745225985,0.0,0.6014421745225985
6995,6995,0.7408535380739103,1.0,0.7408535380739103
6996,6996,0.40538116850982964,0.0,0.40538116850982964
6997,6997,0.8639814411898734,1.0,0.8639814411898734
6998,6998,0.3794231913037063,1.0,0.3794231913037063
6999,6999,0.14739873354332622,0.0,0.14739873354332622
7000,7000,0.28220293200330815,0.0,0.28220293200330815
7001,7001,0.3927109218533308,1.0,0.3927109218533308
7002,7002,0.10994752749027781,1.0,0.10994752749027781
7003,7003,0.6595355642539893,1.0,0.6595355642539893
7004,7004,0.13458607427375902,0.0,0.13458607427375902
7005,7005,0.35385387204616603,0.0,0.35385387204616603
7006,7006,0.6318628375776708,1.0,0.6318628375776708
7007,7007,0.42222622312269165,1.0,0.42222622312269165
7008,7008,0.48688021834367146,1.0,0.48688021834367146
7009,7009,0.44396244230648574,1.0,0.44396244230648574
7010,7010,0.5617376684100235,0.0,0.5617376684100235
7011,7011,0.3531614567544342,0.0,0.3531614567544342
7012,7012,0.19809819407542306,0.0,0.19809819407542306
7013,7013,0.6872946156392087,1.0,0.6872946156392087
7014,7014,0.49541120423202134,1.0,0.49541120423202134
7015,7015,0.07441351688332687,0.0,0.07441351688332687
7016,7016,0.7753563097607423,1.0,0.7753563097607423
7017,7017,0.7257436452615993,1.0,0.7257436452615993
7018,7018,0.5558722170309784,0.0,0.5558722170309784
7019,7019,0.9225531915621042,1.0,0.9225531915621042
7020,7020,0.9801611376425424,1.0,0.9801611376425424
7021,7021,0.0524113497588925,0.0,0.0524113497588925
7022,7022,0.4556016593139004,1.0,0.4556016593139004
7023,7023,0.7239930629364145,1.0,0.7239930629364145
7024,7024,0.10551246069076115,0.0,0.10551246069076115
7025,7025,0.4120591723671977,0.0,0.4120591723671977
7026,7026,0.49547788630318146,0.0,0.49547788630318146
7027,7027,0.800112401575465,1.0,0.800112401575465
7028,7028,0.5287399810962301,1.0,0.5287399810962301
7029,7029,0.5479115335306654,0.0,0.5479115335306654
7030,7030,0.46366636453549104,0.0,0.46366636453549104
7031,7031,0.1538775392431485,1.0,0.1538775392431485
7032,7032,0.6047509333161293,1.0,0.6047509333161293
7033,7033,0.7295049188320584,0.0,0.7295049188320584
7034,7034,0.6549252500227896,0.0,0.6549252500227896
7035,7035,0.2932596055311635,0.0,0.2932596055311635
7036,7036,0.05553392989181438,0.0,0.05553392989181438
7037,7037,0.5025492402694569,1.0,0.5025492402694569
7038,7038,0.7315511303457845,1.0,0.7315511303457845
7039,7039,0.013513945085786072,0.0,0.013513945085786072
7040,7040,0.8678863943790414,1.0,0.8678863943790414
7041,7041,0.8051987771954431,0.0,0.8051987771954431
7042,7042,0.4588060703033603,1.0,0.4588060703033603
7043,7043,0.2960671432408294,1.0,0.2960671432408294
7044,7044,0.9595611709912538,1.0,0.9595611709912538
7045,7045,0.26030898405494485,1.0,0.26030898405494485
7046,7046,0.32795064229293225,0.0,0.32795064229293225
7047,7047,0.9059623583031606,1.0,0.9059623583031606
7048,7048,0.21588563985202824,0.0,0.21588563985202824
7049,7049,0.9139403666427988,0.0,0.9139403666427988
7050,7050,0.5341462757240764,1.0,0.5341462757240764
7051,7051,0.35226540334987666,0.0,0.35226540334987666
7052,7052,0.359390391823894,0.0,0.359390391823894
7053,7053,0.5123954936363507,0.0,0.5123954936363507
7054,7054,0.904300573210496,1.0,0.904300573210496
7055,7055,0.7474348546805506,1.0,0.7474348546805506
7056,7056,0.6738556647017321,1.0,0.6738556647017321
7057,7057,0.4399295741299155,0.0,0.4399295741299155
7058,7058,0.9564531979375591,1.0,0.9564531979375591
7059,7059,0.11149966961845814,0.0,0.11149966961845814
7060,7060,0.390154956830961,1.0,0.390154956830961
7061,7061,0.9827817708894122,1.0,0.9827817708894122
7062,7062,0.02708248504209021,0.0,0.02708248504209021
7063,7063,0.6742248674112592,1.0,0.6742248674112592
7064,7064,0.5419498843536775,0.0,0.5419498843536775
7065,7065,0.3566039290011964,0.0,0.3566039290011964
7066,7066,0.43426846634722394,0.0,0.43426846634722394
7067,7067,0.12278215318267138,0.0,0.12278215318267138
7068,7068,0.806173961525805,1.0,0.806173961525805
7069,7069,0.2587240045621614,1.0,0.2587240045621614
7070,7070,0.7789140490273084,1.0,0.7789140490273084
7071,7071,0.1481183046029575,1.0,0.1481183046029575
7072,7072,0.40992419264433066,0.0,0.40992419264433066
7073,7073,0.9000808709280748,1.0,0.9000808709280748
7074,7074,0.774358274172384,1.0,0.774358274172384
7075,7075,0.14562385667303968,0.0,0.14562385667303968
7076,7076,0.031109678983720634,0.0,0.031109678983720634
7077,7077,0.5643515458048642,0.0,0.5643515458048642
7078,7078,0.06809818923318,0.0,0.06809818923318
7079,7079,0.9692248765906596,1.0,0.9692248765906596
7080,7080,0.6069411908419385,0.0,0.6069411908419385
7081,7081,0.8950770656308985,1.0,0.8950770656308985
7082,7082,0.5541584308860111,1.0,0.5541584308860111
7083,7083,0.2052897723158955,0.0,0.2052897723158955
7084,7084,0.9769963331248541,1.0,0.9769963331248541
7085,7085,0.22818697558553602,0.0,0.22818697558553602
7086,7086,0.13212945496133977,0.0,0.13212945496133977
7087,7087,0.40455829127053156,0.0,0.40455829127053156
7088,7088,0.7104133555168142,1.0,0.7104133555168142
7089,7089,0.4759552645178057,1.0,0.4759552645178057
7090,7090,0.04213075533234367,0.0,0.04213075533234367
7091,7091,0.8507424019585056,0.0,0.8507424019585056
7092,7092,0.3534785143074304,0.0,0.3534785143074304
7093,7093,0.43890991669868207,0.0,0.43890991669868207
7094,7094,0.12249619294799052,0.0,0.12249619294799052
7095,7095,0.7071969759585407,1.0,0.7071969759585407
7096,7096,0.7886534086260049,0.0,0.7886534086260049
7097,7097,0.3007270051860873,1.0,0.3007270051860873
7098,7098,0.446308938879855,1.0,0.446308938879855
7099,7099,0.21847935087683545,0.0,0.21847935087683545
7100,7100,0.08643126508628218,0.0,0.08643126508628218
7101,7101,0.3476982862376693,0.0,0.3476982862376693
7102,7102,0.030558294930383978,0.0,0.030558294930383978
7103,7103,0.40574601213513717,1.0,0.40574601213513717
7104,7104,0.27879303551516077,0.0,0.27879303551516077
7105,7105,0.6894645185739204,1.0,0.6894645185739204
7106,7106,0.5783220696247247,1.0,0.5783220696247247
7107,7107,0.4686281750045188,1.0,0.4686281750045188
7108,7108,0.8645936025880032,0.0,0.8645936025880032
7109,7109,0.4753918704257112,0.0,0.4753918704257112
7110,7110,0.8674263354730728,1.0,0.8674263354730728
7111,7111,0.7570353090281451,1.0,0.7570353090281451
7112,7112,0.6349333147036149,1.0,0.6349333147036149
7113,7113,0.9953597321744837,1.0,0.9953597321744837
7114,7114,0.9785787889227628,1.0,0.9785787889227628
7115,7115,0.8006687070301617,1.0,0.8006687070301617
7116,7116,0.7099244992642915,1.0,0.7099244992642915
7117,7117,0.6231231221216433,1.0,0.6231231221216433
7118,7118,0.6264519075006629,0.0,0.6264519075006629
7119,7119,0.5909015989371443,0.0,0.5909015989371443
7120,7120,0.6693449175560369,1.0,0.6693449175560369
7121,7121,0.9013854950271467,1.0,0.9013854950271467
7122,7122,0.5558832118666351,1.0,0.5558832118666351
7123,7123,0.7417329289673957,0.0,0.7417329289673957
7124,7124,0.4165825030169652,1.0,0.4165825030169652
7125,7125,0.7234743839006021,1.0,0.7234743839006021
7126,7126,0.954571591976221,1.0,0.954571591976221
7127,7127,0.3306886556976484,0.0,0.3306886556976484
7128,7128,0.7335532102659519,0.0,0.7335532102659519
7129,7129,0.06552834039699673,0.0,0.06552834039699673
7130,7130,0.19256328091464636,1.0,0.19256328091464636
7131,7131,0.2468703717987517,0.0,0.2468703717987517
7132,7132,0.09605864327120162,0.0,0.09605864327120162
7133,7133,0.4625345649848164,0.0,0.4625345649848164
7134,7134,0.16054763367405933,0.0,0.16054763367405933
7135,7135,0.7694833581827818,1.0,0.7694833581827818
7136,7136,0.41210968299527195,0.0,0.41210968299527195
7137,7137,0.8674891848471867,1.0,0.8674891848471867
7138,7138,0.8454494768963646,0.0,0.8454494768963646
7139,7139,0.4467346766744704,0.0,0.4467346766744704
7140,7140,0.17907946817589082,0.0,0.17907946817589082
7141,7141,0.5369241128961187,0.0,0.5369241128961187
7142,7142,0.025575928942903947,0.0,0.025575928942903947
7143,7143,0.0027424458527187667,0.0,0.0027424458527187667
7144,7144,0.3530141949121096,1.0,0.3530141949121096
7145,7145,0.2570059252755874,0.0,0.2570059252755874
7146,7146,0.0020753858881678022,0.0,0.0020753858881678022
7147,7147,0.4761620357003409,0.0,0.4761620357003409
7148,7148,0.9294681741290806,0.0,0.9294681741290806
7149,7149,0.3452053668481083,0.0,0.3452053668481083
7150,7150,0.14514953880694292,0.0,0.14514953880694292
7151,7151,0.3676620922334958,0.0,0.3676620922334958
7152,7152,0.536708724010725,0.0,0.536708724010725
7153,7153,0.8080466635218899,1.0,0.8080466635218899
7154,7154,0.29380074834136916,1.0,0.29380074834136916
7155,7155,0.24814103221491146,0.0,0.24814103221491146
7156,7156,0.4856375012886689,1.0,0.4856375012886689
7157,7157,0.05896412327600031,0.0,0.05896412327600031
7158,7158,0.05615614075494124,0.0,0.05615614075494124
7159,7159,0.6044761645271529,0.0,0.6044761645271529
7160,7160,0.4171956156689486,0.0,0.4171956156689486
7161,7161,0.18741437745741807,0.0,0.18741437745741807
7162,7162,0.19670569243426084,1.0,0.19670569243426084
7163,7163,0.9634142761888765,1.0,0.9634142761888765
7164,7164,0.7888781876253148,1.0,0.7888781876253148
7165,7165,0.09535632248978887,0.0,0.09535632248978887
7166,7166,0.21267911421902697,0.0,0.21267911421902697
7167,7167,0.5167104146333662,0.0,0.5167104146333662
7168,7168,0.1825558629680053,1.0,0.1825558629680053
7169,7169,0.5240457817603407,1.0,0.5240457817603407
7170,7170,0.1800802631866617,0.0,0.1800802631866617
7171,7171,0.6573408925735934,0.0,0.6573408925735934
7172,7172,0.506596629845495,0.0,0.506596629845495
7173,7173,0.8240377947048466,1.0,0.8240377947048466
7174,7174,0.4632580030620316,0.0,0.4632580030620316
7175,7175,0.8244001025873502,0.0,0.8244001025873502
7176,7176,0.0332635836771058,0.0,0.0332635836771058
7177,7177,0.3846640537788306,0.0,0.3846640537788306
7178,7178,0.9844205044741723,1.0,0.9844205044741723
7179,7179,0.15973274708330676,0.0,0.15973274708330676
7180,7180,0.9975031830263899,1.0,0.9975031830263899
7181,7181,0.44278174173126694,1.0,0.44278174173126694
7182,7182,0.8784149309195958,1.0,0.8784149309195958
7183,7183,0.7462841009598699,1.0,0.7462841009598699
7184,7184,0.8055767113107593,0.0,0.8055767113107593
7185,7185,0.8315581109672038,0.0,0.8315581109672038
7186,7186,0.031164475139739856,0.0,0.031164475139739856
7187,7187,0.3011438650179904,0.0,0.3011438650179904
7188,7188,0.06689484336991514,0.0,0.06689484336991514
7189,7189,0.7532026881870206,1.0,0.7532026881870206
7190,7190,0.5903404921004708,1.0,0.5903404921004708
7191,7191,0.34450309891471764,0.0,0.34450309891471764
7192,7192,0.8961186494676261,1.0,0.8961186494676261
7193,7193,0.6697907952322758,1.0,0.6697907952322758
7194,7194,0.3230984540244731,0.0,0.3230984540244731
7195,7195,0.9664433425949175,1.0,0.9664433425949175
7196,7196,0.375169956564524,0.0,0.375169956564524
7197,7197,0.03955720644178862,0.0,0.03955720644178862
7198,7198,0.4652606670983731,0.0,0.4652606670983731
7199,7199,0.9809235671391782,1.0,0.9809235671391782
7200,7200,0.4673581856412894,1.0,0.4673581856412894
7201,7201,0.44426642871362076,1.0,0.44426642871362076
7202,7202,0.49087388086855355,0.0,0.49087388086855355
7203,7203,0.3287959982967513,0.0,0.3287959982967513
7204,7204,0.9999921082336048,1.0,0.9999921082336048
7205,7205,0.15945435924073537,0.0,0.15945435924073537
7206,7206,0.7054210073355006,1.0,0.7054210073355006
7207,7207,0.9613515782861304,1.0,0.9613515782861304
7208,7208,0.4816705999331924,1.0,0.4816705999331924
7209,7209,0.5595372722304449,1.0,0.5595372722304449
7210,7210,0.05246501045586294,0.0,0.05246501045586294
7211,7211,0.4125964318407347,0.0,0.4125964318407347
7212,7212,0.4382411244924568,1.0,0.4382411244924568
7213,7213,0.9634462771953828,1.0,0.9634462771953828
7214,7214,0.4329178710956827,1.0,0.4329178710956827
7215,7215,0.9194564707881246,1.0,0.9194564707881246
7216,7216,0.2611330890159741,1.0,0.2611330890159741
7217,7217,0.939337024769303,1.0,0.939337024769303
7218,7218,0.9826880054873296,1.0,0.9826880054873296
7219,7219,0.006873714638476636,0.0,0.006873714638476636
7220,7220,0.3547586805945584,1.0,0.3547586805945584
7221,7221,0.7374019320516367,1.0,0.7374019320516367
7222,7222,0.38319355586267667,0.0,0.38319355586267667
7223,7223,0.2875986808982547,1.0,0.2875986808982547
7224,7224,0.08652015597390428,0.0,0.08652015597390428
7225,7225,0.03138273999609087,0.0,0.03138273999609087
7226,7226,0.9577660716362602,1.0,0.9577660716362602
7227,7227,0.839553774351645,1.0,0.839553774351645
7228,7228,0.601401617358798,1.0,0.601401617358798
7229,7229,0.9847220516371402,1.0,0.9847220516371402
7230,7230,0.4125787849645337,1.0,0.4125787849645337
7231,7231,0.9081911527220901,1.0,0.9081911527220901
7232,7232,0.3221959315710724,0.0,0.3221959315710724
7233,7233,0.9870332655524474,1.0,0.9870332655524474
7234,7234,0.6020242365834888,1.0,0.6020242365834888
7235,7235,0.4457769448496909,1.0,0.4457769448496909
7236,7236,0.21708176359647346,1.0,0.21708176359647346
7237,7237,0.8990642690451119,1.0,0.8990642690451119
7238,7238,0.8130609888505939,1.0,0.8130609888505939
7239,7239,0.9587927431875344,1.0,0.9587927431875344
7240,7240,0.9811761536327117,1.0,0.9811761536327117
7241,7241,0.7600430791968382,1.0,0.7600430791968382
7242,7242,0.20054086362770573,0.0,0.20054086362770573
7243,7243,0.862662340185506,1.0,0.862662340185506
7244,7244,0.6533277267346026,0.0,0.6533277267346026
7245,7245,0.3390611067365521,1.0,0.3390611067365521
7246,7246,0.3366917092080518,1.0,0.3366917092080518
7247,7247,0.09411325095720113,0.0,0.09411325095720113
7248,7248,0.4194398218729376,0.0,0.4194398218729376
7249,7249,0.9037158764110141,1.0,0.9037158764110141
7250,7250,0.6443696281203003,1.0,0.6443696281203003
7251,7251,0.00843326059811711,0.0,0.00843326059811711
7252,7252,0.47272217538076233,0.0,0.47272217538076233
7253,7253,0.6881994228430874,0.0,0.6881994228430874
7254,7254,0.07452805002090479,0.0,0.07452805002090479
7255,7255,0.5790191065145059,0.0,0.5790191065145059
7256,7256,0.16749706155658606,0.0,0.16749706155658606
7257,7257,0.6821748070992265,0.0,0.6821748070992265
7258,7258,0.697608985874505,1.0,0.697608985874505
7259,7259,0.2198307748229138,0.0,0.2198307748229138
7260,7260,0.7897888201085406,1.0,0.7897888201085406
7261,7261,0.7496478868067091,1.0,0.7496478868067091
7262,7262,0.21394501991264991,0.0,0.21394501991264991
7263,7263,0.44088732639542116,0.0,0.44088732639542116
7264,7264,0.682207470893426,1.0,0.682207470893426
7265,7265,0.6627504679272361,1.0,0.6627504679272361
7266,7266,0.49395506392966004,1.0,0.49395506392966004
7267,7267,0.7700121714799707,1.0,0.7700121714799707
7268,7268,0.24888911432545968,0.0,0.24888911432545968
7269,7269,0.9405790856643291,1.0,0.9405790856643291
7270,7270,0.68686718502353,1.0,0.68686718502353
7271,7271,0.6605326572812799,1.0,0.6605326572812799
7272,7272,0.8758609191503621,1.0,0.8758609191503621
7273,7273,0.14245536293895888,0.0,0.14245536293895888
7274,7274,0.013944047133060966,0.0,0.013944047133060966
7275,7275,0.09945034047636092,0.0,0.09945034047636092
7276,7276,0.29470160272882784,0.0,0.29470160272882784
7277,7277,0.706200254673341,1.0,0.706200254673341
7278,7278,0.10642471901808137,0.0,0.10642471901808137
7279,7279,0.8706448822382742,1.0,0.8706448822382742
7280,7280,0.7947429099980853,1.0,0.7947429099980853
7281,7281,0.41108729550976286,1.0,0.41108729550976286
7282,7282,0.40901170137819787,1.0,0.40901170137819787
7283,7283,0.5632058087962682,1.0,0.5632058087962682
7284,7284,0.48448361222924785,0.0,0.48448361222924785
7285,7285,0.2370676215792753,1.0,0.2370676215792753
7286,7286,0.056058438318488224,0.0,0.056058438318488224
7287,7287,0.061710752587682216,0.0,0.061710752587682216
7288,7288,0.06245307648898235,0.0,0.06245307648898235
7289,7289,0.36874115480336955,1.0,0.36874115480336955
7290,7290,0.5809501706113269,1.0,0.5809501706113269
7291,7291,0.5931867316859868,0.0,0.5931867316859868
7292,7292,0.3621613252349811,0.0,0.3621613252349811
7293,7293,0.22225308446884573,1.0,0.22225308446884573
7294,7294,0.10486877091126601,0.0,0.10486877091126601
7295,7295,0.22698592486288205,0.0,0.22698592486288205
7296,7296,0.49793648972964843,1.0,0.49793648972964843
7297,7297,0.4761302295646178,0.0,0.4761302295646178
7298,7298,0.7139206748538955,0.0,0.7139206748538955
7299,7299,0.693562331386491,1.0,0.693562331386491
7300,7300,0.29675409986460266,0.0,0.29675409986460266
7301,7301,0.24854404345433712,0.0,0.24854404345433712
7302,7302,0.4967198439070829,1.0,0.4967198439070829
7303,7303,0.8842703609515381,1.0,0.8842703609515381
7304,7304,0.3689659030786768,0.0,0.3689659030786768
7305,7305,0.7936396748705993,1.0,0.7936396748705993
7306,7306,0.2092723007556434,0.0,0.2092723007556434
7307,7307,0.5805015791789881,0.0,0.5805015791789881
7308,7308,0.17038840468654626,0.0,0.17038840468654626
7309,7309,0.7105882054925537,1.0,0.7105882054925537
7310,7310,0.5249206623718292,1.0,0.5249206623718292
7311,7311,0.2181974655808291,0.0,0.2181974655808291
7312,7312,0.39212335202591864,0.0,0.39212335202591864
7313,7313,0.5032027423472211,1.0,0.5032027423472211
7314,7314,0.5391165077793564,1.0,0.5391165077793564
7315,7315,0.5695826421231145,0.0,0.5695826421231145
7316,7316,0.6812586034748036,1.0,0.6812586034748036
7317,7317,0.5582232539360369,1.0,0.5582232539360369
7318,7318,0.9213274485148542,0.0,0.9213274485148542
7319,7319,0.5706946073183957,0.0,0.5706946073183957
7320,7320,0.9310134952947127,1.0,0.9310134952947127
7321,7321,0.2999547112853139,0.0,0.2999547112853139
7322,7322,0.08188486739858247,0.0,0.08188486739858247
7323,7323,0.9134214053949242,1.0,0.9134214053949242
7324,7324,0.07880922396552936,0.0,0.07880922396552936
7325,7325,0.6222541611586203,1.0,0.6222541611586203
7326,7326,0.19453981545750365,0.0,0.19453981545750365
7327,7327,0.5901320974643883,0.0,0.5901320974643883
7328,7328,0.5423626103967752,1.0,0.5423626103967752
7329,7329,0.618682427276147,1.0,0.618682427276147
7330,7330,0.6898985555874824,1.0,0.6898985555874824
7331,7331,0.17754409901844526,0.0,0.17754409901844526
7332,7332,0.05904302199046085,0.0,0.05904302199046085
7333,7333,0.14521029742954372,0.0,0.14521029742954372
7334,7334,0.053634985062321006,0.0,0.053634985062321006
7335,7335,0.40146402750425836,1.0,0.40146402750425836
7336,7336,0.4300416486310975,0.0,0.4300416486310975
7337,7337,0.8740465955115102,1.0,0.8740465955115102
7338,7338,0.9375040083574521,1.0,0.9375040083574521
7339,7339,0.8820870971324243,0.0,0.8820870971324243
7340,7340,0.7561790315480065,1.0,0.7561790315480065
7341,7341,0.4019095718653516,0.0,0.4019095718653516
7342,7342,0.9280100151205781,1.0,0.9280100151205781
7343,7343,0.1812437057755104,1.0,0.1812437057755104
7344,7344,0.2637050449966549,0.0,0.2637050449966549
7345,7345,0.3260902858038257,1.0,0.3260902858038257
7346,7346,0.6564407125607145,1.0,0.6564407125607145
7347,7347,0.2200793056525061,0.0,0.2200793056525061
7348,7348,0.9864912563828905,1.0,0.9864912563828905
7349,7349,0.15589238624649437,1.0,0.15589238624649437
7350,7350,0.6676321665811479,1.0,0.6676321665811479
7351,7351,0.9697460828611196,1.0,0.9697460828611196
7352,7352,0.11160960456621305,0.0,0.11160960456621305
7353,7353,0.04461126004945204,0.0,0.04461126004945204
7354,7354,0.7116289104383073,0.0,0.7116289104383073
7355,7355,0.12623377573970218,0.0,0.12623377573970218
7356,7356,0.44826713790356865,0.0,0.44826713790356865
7357,7357,0.984150479930589,1.0,0.984150479930589
7358,7358,0.5249192224818472,1.0,0.5249192224818472
7359,7359,0.40301960626018607,0.0,0.40301960626018607
7360,7360,0.014358872217671625,0.0,0.014358872217671625
7361,7361,0.7403998476378989,0.0,0.7403998476378989
7362,7362,0.9432972684246658,1.0,0.9432972684246658
7363,7363,0.8400161488165322,1.0,0.8400161488165322
7364,7364,0.8795374356045963,1.0,0.8795374356045963
7365,7365,0.813644284425068,1.0,0.813644284425068
7366,7366,0.1957126553734433,0.0,0.1957126553734433
7367,7367,0.10930283932840013,0.0,0.10930283932840013
7368,7368,0.24238945837026893,0.0,0.24238945837026893
7369,7369,0.21002774926499002,0.0,0.21002774926499002
7370,7370,0.4818783961523653,1.0,0.4818783961523653
7371,7371,0.46018169325012437,0.0,0.46018169325012437
7372,7372,0.48654393061170453,1.0,0.48654393061170453
7373,7373,0.5401004201949631,0.0,0.5401004201949631
7374,7374,0.7970760268977096,1.0,0.7970760268977096
7375,7375,0.4598070270135235,1.0,0.4598070270135235
7376,7376,0.9602747712287703,1.0,0.9602747712287703
7377,7377,0.5320286796922714,0.0,0.5320286796922714
7378,7378,0.7865479251089582,1.0,0.7865479251089582
7379,7379,0.09052636962447946,0.0,0.09052636962447946
7380,7380,0.9971987766649199,1.0,0.9971987766649199
7381,7381,0.11633338773658686,0.0,0.11633338773658686
7382,7382,0.18770005614192975,0.0,0.18770005614192975
7383,7383,0.6285302916972759,1.0,0.6285302916972759
7384,7384,0.20334785799919253,0.0,0.20334785799919253
7385,7385,0.7687404695189627,1.0,0.7687404695189627
7386,7386,0.42595067373987283,1.0,0.42595067373987283
7387,7387,0.5506413579963172,0.0,0.5506413579963172
7388,7388,0.8169105826075512,1.0,0.8169105826075512
7389,7389,0.7732398933550303,1.0,0.7732398933550303
7390,7390,0.3123204987454067,1.0,0.3123204987454067
7391,7391,0.7481129604897768,1.0,0.7481129604897768
7392,7392,0.8510380420438837,1.0,0.8510380420438837
7393,7393,0.9299430497301481,1.0,0.9299430497301481
7394,7394,0.6959373277644237,1.0,0.6959373277644237
7395,7395,0.8340765519369504,1.0,0.8340765519369504
7396,7396,0.08962915479830313,0.0,0.08962915479830313
7397,7397,0.600943777676011,0.0,0.600943777676011
7398,7398,0.906306178078984,1.0,0.906306178078984
7399,7399,0.7191835298728839,1.0,0.7191835298728839
7400,7400,0.607647619314122,0.0,0.607647619314122
7401,7401,0.2193186808874208,0.0,0.2193186808874208
7402,7402,0.5150648208114712,0.0,0.5150648208114712
7403,7403,0.04548274524782958,0.0,0.04548274524782958
7404,7404,0.8755859309118614,1.0,0.8755859309118614
7405,7405,0.42360837824184494,1.0,0.42360837824184494
7406,7406,0.7977566148781725,1.0,0.7977566148781725
7407,7407,0.4621363860587938,1.0,0.4621363860587938
7408,7408,0.6214822224216228,0.0,0.6214822224216228
7409,7409,0.896274422107508,1.0,0.896274422107508
7410,7410,0.44893166317463873,1.0,0.44893166317463873
7411,7411,0.1365648028336811,0.0,0.1365648028336811
7412,7412,0.4635188360375859,1.0,0.4635188360375859
7413,7413,0.029860492020852725,0.0,0.029860492020852725
7414,7414,0.6308765490084517,1.0,0.6308765490084517
7415,7415,0.6416079355441209,0.0,0.6416079355441209
7416,7416,0.761645705841679,1.0,0.761645705841679
7417,7417,0.19565801489156198,0.0,0.19565801489156198
7418,7418,0.6959292914908131,1.0,0.6959292914908131
7419,7419,0.5537169929233074,1.0,0.5537169929233074
7420,7420,0.5175905158267381,0.0,0.5175905158267381
7421,7421,0.2520483274535916,0.0,0.2520483274535916
7422,7422,0.6697639327337063,1.0,0.6697639327337063
7423,7423,0.4677211730083509,1.0,0.4677211730083509
7424,7424,0.6209586923391452,0.0,0.6209586923391452
7425,7425,0.7490282855219795,1.0,0.7490282855219795
7426,7426,0.14448631563262293,0.0,0.14448631563262293
7427,7427,0.6285170111176612,0.0,0.6285170111176612
7428,7428,0.13997149795165076,1.0,0.13997149795165076
7429,7429,0.23419811956641268,0.0,0.23419811956641268
7430,7430,0.08926134807809416,0.0,0.08926134807809416
7431,7431,0.0345719767538849,0.0,0.0345719767538849
7432,7432,0.7536455078405603,1.0,0.7536455078405603
7433,7433,0.2815861172224857,0.0,0.2815861172224857
7434,7434,0.38352289623691505,0.0,0.38352289623691505
7435,7435,0.2714857512666229,1.0,0.2714857512666229
7436,7436,0.4981861585547579,1.0,0.4981861585547579
7437,7437,0.9584157252085769,1.0,0.9584157252085769
7438,7438,0.04248859609107192,0.0,0.04248859609107192
7439,7439,0.3607094878717172,0.0,0.3607094878717172
7440,7440,0.4284470718517247,1.0,0.4284470718517247
7441,7441,0.2588073029900534,0.0,0.2588073029900534
7442,7442,0.5401358627867869,1.0,0.5401358627867869
7443,7443,0.8210405440872129,1.0,0.8210405440872129
7444,7444,0.9927661687171088,1.0,0.9927661687171088
7445,7445,0.7164130579536286,1.0,0.7164130579536286
7446,7446,0.5405723323510825,0.0,0.5405723323510825
7447,7447,0.11144208559855051,0.0,0.11144208559855051
7448,7448,0.31384260163623146,0.0,0.31384260163623146
7449,7449,0.7576490073997673,1.0,0.7576490073997673
7450,7450,0.06534784423539852,0.0,0.06534784423539852
7451,7451,0.3758450067111434,0.0,0.3758450067111434
7452,7452,0.9058028615375159,1.0,0.9058028615375159
7453,7453,0.475561753178971,1.0,0.475561753178971
7454,7454,0.0359402735513632,0.0,0.0359402735513632
7455,7455,0.508025150334681,0.0,0.508025150334681
7456,7456,0.04307999392436279,0.0,0.04307999392436279
7457,7457,0.9922106071184493,1.0,0.9922106071184493
7458,7458,0.36031020012206627,1.0,0.36031020012206627
7459,7459,0.8842796863589879,0.0,0.8842796863589879
7460,7460,0.20560114603005086,0.0,0.20560114603005086
7461,7461,0.698558901147041,1.0,0.698558901147041
7462,7462,0.25266828019806575,0.0,0.25266828019806575
7463,7463,0.9814341675075644,1.0,0.9814341675075644
7464,7464,0.3958402816698334,1.0,0.3958402816698334
7465,7465,0.24246010214013092,0.0,0.24246010214013092
7466,7466,0.7113630057645258,0.0,0.7113630057645258
7467,7467,0.6060437444060702,1.0,0.6060437444060702
7468,7468,0.18789655141685635,0.0,0.18789655141685635
7469,7469,0.6630480254393655,1.0,0.6630480254393655
7470,7470,0.8583721920002837,0.0,0.8583721920002837
7471,7471,0.0747257728935129,0.0,0.0747257728935129
7472,7472,0.5085836711569054,1.0,0.5085836711569054
7473,7473,0.2983479472992373,0.0,0.2983479472992373
7474,7474,0.9248950166103802,1.0,0.9248950166103802
7475,7475,0.22562555519541216,1.0,0.22562555519541216
7476,7476,0.12375467559577957,0.0,0.12375467559577957
7477,7477,0.6089162846961954,1.0,0.6089162846961954
7478,7478,0.6921391640829264,0.0,0.6921391640829264
7479,7479,0.568639610934547,0.0,0.568639610934547
7480,7480,0.020393128119083004,0.0,0.020393128119083004
7481,7481,0.3599296176908138,0.0,0.3599296176908138
7482,7482,0.38057493603469783,1.0,0.38057493603469783
7483,7483,0.4145920555503153,0.0,0.4145920555503153
7484,7484,0.596685624955639,0.0,0.596685624955639
7485,7485,0.8282295432750842,1.0,0.8282295432750842
7486,7486,0.5571736893742691,1.0,0.5571736893742691
7487,7487,0.2840003658441259,0.0,0.2840003658441259
7488,7488,0.4824713669936318,0.0,0.4824713669936318
7489,7489,0.08685363973523685,0.0,0.08685363973523685
7490,7490,0.36319287580046755,0.0,0.36319287580046755
7491,7491,0.5426467688100879,1.0,0.5426467688100879
7492,7492,0.5109583657838107,1.0,0.5109583657838107
7493,7493,0.32213098231139425,0.0,0.32213098231139425
7494,7494,0.8483123490693854,1.0,0.8483123490693854
7495,7495,0.4163491663856692,0.0,0.4163491663856692
7496,7496,0.5458056499230105,0.0,0.5458056499230105
7497,7497,0.6762120672488193,1.0,0.6762120672488193
7498,7498,0.5601499614565635,1.0,0.5601499614565635
7499,7499,0.2385105128369095,0.0,0.2385105128369095
7500,7500,0.18949519423559003,0.0,0.18949519423559003
7501,7501,0.43304125923809933,0.0,0.43304125923809933
7502,7502,0.9428095987957986,0.0,0.9428095987957986
7503,7503,0.8314192991069413,0.0,0.8314192991069413
7504,7504,0.317747127842658,0.0,0.317747127842658
7505,7505,0.5894730170764495,1.0,0.5894730170764495
7506,7506,0.3727682839674611,0.0,0.3727682839674611
7507,7507,0.8115154680836527,1.0,0.8115154680836527
7508,7508,0.5656099138074013,0.0,0.5656099138074013
7509,7509,0.21648953772573476,0.0,0.21648953772573476
7510,7510,0.07083695813984547,0.0,0.07083695813984547
7511,7511,0.49191026664822013,1.0,0.49191026664822013
7512,7512,0.6428870881202164,1.0,0.6428870881202164
7513,7513,0.30407625969307805,0.0,0.30407625969307805
7514,7514,0.6338754806566701,0.0,0.6338754806566701
7515,7515,0.19033592454576165,1.0,0.19033592454576165
7516,7516,0.6953241593992178,1.0,0.6953241593992178
7517,7517,0.6523507907838189,1.0,0.6523507907838189
7518,7518,0.9636006986410032,1.0,0.9636006986410032
7519,7519,0.30265795791608674,0.0,0.30265795791608674
7520,7520,0.06656504370129357,0.0,0.06656504370129357
7521,7521,0.19970961098243223,0.0,0.19970961098243223
7522,7522,0.044652069034014086,0.0,0.044652069034014086
7523,7523,0.6691072927566555,1.0,0.6691072927566555
7524,7524,0.06485892285323758,0.0,0.06485892285323758
7525,7525,0.8286475629777088,0.0,0.8286475629777088
7526,7526,0.3392109008441824,0.0,0.3392109008441824
7527,7527,0.6436435634460784,0.0,0.6436435634460784
7528,7528,0.6598938603832512,1.0,0.6598938603832512
7529,7529,0.29894414906769506,1.0,0.29894414906769506
7530,7530,0.8082653750061864,1.0,0.8082653750061864
7531,7531,0.10717148847581215,0.0,0.10717148847581215
7532,7532,0.1296074987337158,0.0,0.1296074987337158
7533,7533,0.35625472053769325,0.0,0.35625472053769325
7534,7534,0.6583650845547134,0.0,0.6583650845547134
7535,7535,0.3789678901307638,1.0,0.3789678901307638
7536,7536,0.3735268159580577,1.0,0.3735268159580577
7537,7537,0.8366083505988621,1.0,0.8366083505988621
7538,7538,0.41939296555238104,1.0,0.41939296555238104
7539,7539,0.5506686505859416,1.0,0.5506686505859416
7540,7540,0.7292895564722639,1.0,0.7292895564722639
7541,7541,0.9036384839341683,1.0,0.9036384839341683
7542,7542,0.4079443345855388,0.0,0.4079443345855388
7543,7543,0.11427034567719097,0.0,0.11427034567719097
7544,7544,0.1285174550840461,0.0,0.1285174550840461
7545,7545,0.4451586802034432,1.0,0.4451586802034432
7546,7546,0.2561254718036666,1.0,0.2561254718036666
7547,7547,0.9739176466301774,1.0,0.9739176466301774
7548,7548,0.16393367614475263,1.0,0.16393367614475263
7549,7549,0.029347708222106084,0.0,0.029347708222106084
7550,7550,0.23964714407121235,0.0,0.23964714407121235
7551,7551,0.9061301203331791,1.0,0.9061301203331791
7552,7552,0.5324126696224666,1.0,0.5324126696224666
7553,7553,0.1693177433646812,0.0,0.1693177433646812
7554,7554,0.5625283949644319,0.0,0.5625283949644319
7555,7555,0.01878083731186242,0.0,0.01878083731186242
7556,7556,0.5237704096339384,1.0,0.5237704096339384
7557,7557,0.4933469786849364,0.0,0.4933469786849364
7558,7558,0.4687424654271449,1.0,0.4687424654271449
7559,7559,0.7788515453363578,1.0,0.7788515453363578
7560,7560,0.2725045946007143,0.0,0.2725045946007143
7561,7561,0.04309450134231607,0.0,0.04309450134231607
7562,7562,0.8298080275852621,1.0,0.8298080275852621
7563,7563,0.7016873769480992,0.0,0.7016873769480992
7564,7564,0.06801180181484667,0.0,0.06801180181484667
7565,7565,0.056288927286382684,0.0,0.056288927286382684
7566,7566,0.2558621856065296,0.0,0.2558621856065296
7567,7567,0.12921088115679114,0.0,0.12921088115679114
7568,7568,0.5646023043379875,1.0,0.5646023043379875
7569,7569,0.29345203030009825,0.0,0.29345203030009825
7570,7570,0.9508625535092728,1.0,0.9508625535092728
7571,7571,0.04154006028137747,0.0,0.04154006028137747
7572,7572,0.7450924335290093,1.0,0.7450924335290093
7573,7573,0.5365684755644645,0.0,0.5365684755644645
7574,7574,0.7530654528722455,1.0,0.7530654528722455
7575,7575,0.5333776137725588,1.0,0.5333776137725588
7576,7576,0.45817580028249594,1.0,0.45817580028249594
7577,7577,0.7040530414915461,1.0,0.7040530414915461
7578,7578,0.22646170327173687,0.0,0.22646170327173687
7579,7579,0.7724357693990226,1.0,0.7724357693990226
7580,7580,0.4385106790980542,0.0,0.4385106790980542
7581,7581,0.3944968637644589,0.0,0.3944968637644589
7582,7582,0.9619996411584679,1.0,0.9619996411584679
7583,7583,0.8754179622977086,1.0,0.8754179622977086
7584,7584,0.8025399157411328,1.0,0.8025399157411328
7585,7585,0.31304071460095095,0.0,0.31304071460095095
7586,7586,0.3871500228910877,1.0,0.3871500228910877
7587,7587,0.5299653275385895,0.0,0.5299653275385895
7588,7588,0.03802391319145182,0.0,0.03802391319145182
7589,7589,0.6216050410859096,0.0,0.6216050410859096
7590,7590,0.03223704812710482,0.0,0.03223704812710482
7591,7591,0.5633423631831127,0.0,0.5633423631831127
7592,7592,0.8895619589875544,1.0,0.8895619589875544
7593,7593,0.9639010045436041,1.0,0.9639010045436041
7594,7594,0.9006733587811853,1.0,0.9006733587811853
7595,7595,0.48749416274945145,0.0,0.48749416274945145
7596,7596,0.5229401329744372,1.0,0.5229401329744372
7597,7597,0.3536654842796497,0.0,0.3536654842796497
7598,7598,0.5794522303780885,0.0,0.5794522303780885
7599,7599,0.7364313039318418,1.0,0.7364313039318418
7600,7600,0.04820778455282293,0.0,0.04820778455282293
7601,7601,0.9447068579992057,1.0,0.9447068579992057
7602,7602,0.8651718668732062,1.0,0.8651718668732062
7603,7603,0.7158011662502188,1.0,0.7158011662502188
7604,7604,0.35344910763401527,0.0,0.35344910763401527
7605,7605,0.3349137930341186,0.0,0.3349137930341186
7606,7606,0.27105915510754963,0.0,0.27105915510754963
7607,7607,0.46728897588183105,0.0,0.46728897588183105
7608,7608,0.2997829455289679,0.0,0.2997829455289679
7609,7609,0.8039984353665399,1.0,0.8039984353665399
7610,7610,0.8453819767509121,1.0,0.8453819767509121
7611,7611,0.6244804906896557,1.0,0.6244804906896557
7612,7612,0.2561369326055074,1.0,0.2561369326055074
7613,7613,0.7142676688615288,1.0,0.7142676688615288
7614,7614,0.4910573284091283,1.0,0.4910573284091283
7615,7615,0.8323523489035214,1.0,0.8323523489035214
7616,7616,0.8110270264102557,1.0,0.8110270264102557
7617,7617,0.004731237527222598,0.0,0.004731237527222598
7618,7618,0.5364903969483544,0.0,0.5364903969483544
7619,7619,0.9087010272410658,1.0,0.9087010272410658
7620,7620,0.6011887054180923,0.0,0.6011887054180923
7621,7621,0.0014431065634216145,0.0,0.0014431065634216145
7622,7622,0.9460149659905609,1.0,0.9460149659905609
7623,7623,0.9707142017012268,1.0,0.9707142017012268
7624,7624,0.18297410380377255,0.0,0.18297410380377255
7625,7625,0.05323355367412419,0.0,0.05323355367412419
7626,7626,0.5783855419203784,1.0,0.5783855419203784
7627,7627,0.5465454154842184,1.0,0.5465454154842184
7628,7628,0.8102233543202342,1.0,0.8102233543202342
7629,7629,0.47021284258510876,1.0,0.47021284258510876
7630,7630,0.17147654508385668,0.0,0.17147654508385668
7631,7631,0.30901405416183125,0.0,0.30901405416183125
7632,7632,0.33728141326795136,1.0,0.33728141326795136
7633,7633,0.6570380280022081,1.0,0.6570380280022081
7634,7634,0.27209145661994505,0.0,0.27209145661994505
7635,7635,0.7939582115064945,1.0,0.7939582115064945
7636,7636,0.2690599448890155,0.0,0.2690599448890155
7637,7637,0.5319246903530711,0.0,0.5319246903530711
7638,7638,0.374837240401522,0.0,0.374837240401522
7639,7639,0.5477185225180152,0.0,0.5477185225180152
7640,7640,0.6638955503969879,0.0,0.6638955503969879
7641,7641,0.3426411510501288,0.0,0.3426411510501288
7642,7642,0.07654357822099944,0.0,0.07654357822099944
7643,7643,0.4392343477557187,0.0,0.4392343477557187
7644,7644,0.7556270666047562,1.0,0.7556270666047562
7645,7645,0.4655514687427731,0.0,0.4655514687427731
7646,7646,0.7397525878624283,1.0,0.7397525878624283
7647,7647,0.5389896622982127,0.0,0.5389896622982127
7648,7648,0.05430834120900441,0.0,0.05430834120900441
7649,7649,0.9693672762858005,1.0,0.9693672762858005
7650,7650,0.7469360573749684,0.0,0.7469360573749684
7651,7651,0.5762123651523228,0.0,0.5762123651523228
7652,7652,0.5797894804297442,0.0,0.5797894804297442
7653,7653,0.7484269148962122,1.0,0.7484269148962122
7654,7654,0.2853098631934129,0.0,0.2853098631934129
7655,7655,0.05253448816471662,0.0,0.05253448816471662
7656,7656,0.12342099896689651,0.0,0.12342099896689651
7657,7657,0.4520649302008186,1.0,0.4520649302008186
7658,7658,0.8948667631935917,1.0,0.8948667631935917
7659,7659,0.2713427787326642,0.0,0.2713427787326642
7660,7660,0.4320283080202526,1.0,0.4320283080202526
7661,7661,0.8104676240543924,0.0,0.8104676240543924
7662,7662,0.2584007296597688,0.0,0.2584007296597688
7663,7663,0.9641783221707964,1.0,0.9641783221707964
7664,7664,0.4301778797340077,0.0,0.4301778797340077
7665,7665,0.5145902510703546,0.0,0.5145902510703546
7666,7666,0.3130766521244559,0.0,0.3130766521244559
7667,7667,0.33041096762279454,0.0,0.33041096762279454
7668,7668,0.29848072792621316,1.0,0.29848072792621316
7669,7669,0.22454970817014341,1.0,0.22454970817014341
7670,7670,0.7983543258383377,1.0,0.7983543258383377
7671,7671,0.4426870206899385,1.0,0.4426870206899385
7672,7672,0.8728488116100004,1.0,0.8728488116100004
7673,7673,0.38340573774187403,1.0,0.38340573774187403
7674,7674,0.6653214179496181,0.0,0.6653214179496181
7675,7675,0.8613740260716443,1.0,0.8613740260716443
7676,7676,0.3033664983925368,0.0,0.3033664983925368
7677,7677,0.540879704558076,1.0,0.540879704558076
7678,7678,0.8585964836134383,0.0,0.8585964836134383
7679,7679,0.01462609414723004,0.0,0.01462609414723004
7680,7680,0.16604045601466622,0.0,0.16604045601466622
7681,7681,0.43908551650752925,0.0,0.43908551650752925
7682,7682,0.05329090617615162,0.0,0.05329090617615162
7683,7683,0.18296362554956536,0.0,0.18296362554956536
7684,7684,0.08491163009294123,0.0,0.08491163009294123
7685,7685,0.1521719654469187,0.0,0.1521719654469187
7686,7686,0.4642336148078121,0.0,0.4642336148078121
7687,7687,0.7541748049359434,1.0,0.7541748049359434
7688,7688,0.2087156261384122,0.0,0.2087156261384122
7689,7689,0.05875390928972701,0.0,0.05875390928972701
7690,7690,0.5718746339147988,0.0,0.5718746339147988
7691,7691,0.7103627781919747,1.0,0.7103627781919747
7692,7692,0.7738126293924208,0.0,0.7738126293924208
7693,7693,0.5866066461315786,1.0,0.5866066461315786
7694,7694,0.8071948302889697,0.0,0.8071948302889697
7695,7695,0.8915032288128569,0.0,0.8915032288128569
7696,7696,0.301287182683869,0.0,0.301287182683869
7697,7697,0.31656637338595206,0.0,0.31656637338595206
7698,7698,0.23246032523398763,0.0,0.23246032523398763
7699,7699,0.056752805983036114,0.0,0.056752805983036114
7700,7700,0.23697938748357106,0.0,0.23697938748357106
7701,7701,0.36423916759892006,0.0,0.36423916759892006
7702,7702,0.6457657959540625,0.0,0.6457657959540625
7703,7703,0.35213181783871317,0.0,0.35213181783871317
7704,7704,0.4518324156624356,0.0,0.4518324156624356
7705,7705,0.37645791380681803,1.0,0.37645791380681803
7706,7706,0.8925553040861117,0.0,0.8925553040861117
7707,7707,0.6864849806907906,1.0,0.6864849806907906
7708,7708,0.3437080719371255,1.0,0.3437080719371255
7709,7709,0.806060522294098,1.0,0.806060522294098
7710,7710,0.6598526501390894,0.0,0.6598526501390894
7711,7711,0.5054528360407331,0.0,0.5054528360407331
7712,7712,0.287543333978702,0.0,0.287543333978702
7713,7713,0.844573697512853,1.0,0.844573697512853
7714,7714,0.6176516693077342,0.0,0.6176516693077342
7715,7715,0.9449342966132854,1.0,0.9449342966132854
7716,7716,0.4481010770458096,0.0,0.4481010770458096
7717,7717,0.6264882256100914,0.0,0.6264882256100914
7718,7718,0.9122740119716042,1.0,0.9122740119716042
7719,7719,0.36743069287369157,1.0,0.36743069287369157
7720,7720,0.8944637218518244,1.0,0.8944637218518244
7721,7721,0.1384397390192934,0.0,0.1384397390192934
7722,7722,0.24319976144482736,0.0,0.24319976144482736
7723,7723,0.7942095226335669,1.0,0.7942095226335669
7724,7724,0.9244710696288964,1.0,0.9244710696288964
7725,7725,0.206767969435681,1.0,0.206767969435681
7726,7726,0.8689065509898314,1.0,0.8689065509898314
7727,7727,0.07457084209379627,0.0,0.07457084209379627
7728,7728,0.4438295811855556,0.0,0.4438295811855556
7729,7729,0.5620838609927904,0.0,0.5620838609927904
7730,7730,0.46372291183548686,0.0,0.46372291183548686
7731,7731,0.1719644113610458,0.0,0.1719644113610458
7732,7732,0.7542450194973674,1.0,0.7542450194973674
7733,7733,0.9503398757326788,1.0,0.9503398757326788
7734,7734,0.2553031532718073,1.0,0.2553031532718073
7735,7735,0.2634499052715781,0.0,0.2634499052715781
7736,7736,0.3635856001200266,0.0,0.3635856001200266
7737,7737,0.5030694789611257,1.0,0.5030694789611257
7738,7738,0.7239556583535117,0.0,0.7239556583535117
7739,7739,0.42226694364787476,0.0,0.42226694364787476
7740,7740,0.20511974361584284,0.0,0.20511974361584284
7741,7741,0.35224424588637504,0.0,0.35224424588637504
7742,7742,0.032259681717554,0.0,0.032259681717554
7743,7743,0.02220854662812144,0.0,0.02220854662812144
7744,7744,0.4868761658288727,1.0,0.4868761658288727
7745,7745,0.7848710804937581,1.0,0.7848710804937581
7746,7746,0.0771608833689007,0.0,0.0771608833689007
7747,7747,0.4116022729589992,1.0,0.4116022729589992
7748,7748,0.5262982023083387,0.0,0.5262982023083387
7749,7749,0.2809117033370341,0.0,0.2809117033370341
7750,7750,0.9383025701797679,1.0,0.9383025701797679
7751,7751,0.1548422421147576,0.0,0.1548422421147576
7752,7752,0.1406324936391422,1.0,0.1406324936391422
7753,7753,0.5738814697104053,0.0,0.5738814697104053
7754,7754,0.09684237348749813,0.0,0.09684237348749813
7755,7755,0.9317567818646837,1.0,0.9317567818646837
7756,7756,0.10528592448030571,1.0,0.10528592448030571
7757,7757,0.8870485336074487,1.0,0.8870485336074487
7758,7758,0.6985793168441946,1.0,0.6985793168441946
7759,7759,0.22382771032427995,0.0,0.22382771032427995
7760,7760,0.7805212620191625,1.0,0.7805212620191625
7761,7761,0.8272741375978175,1.0,0.8272741375978175
7762,7762,0.18569662657914265,0.0,0.18569662657914265
7763,7763,0.995524842424934,1.0,0.995524842424934
7764,7764,0.5157987929960749,0.0,0.5157987929960749
7765,7765,0.592354843890458,0.0,0.592354843890458
7766,7766,0.686894492396208,0.0,0.686894492396208
7767,7767,0.05639599770647341,0.0,0.05639599770647341
7768,7768,0.20191684182734326,0.0,0.20191684182734326
7769,7769,0.48048421444486844,0.0,0.48048421444486844
7770,7770,0.5508214875363385,0.0,0.5508214875363385
7771,7771,0.35579597319248124,1.0,0.35579597319248124
7772,7772,0.2980676346874528,0.0,0.2980676346874528
7773,7773,0.011006579827327667,0.0,0.011006579827327667
7774,7774,0.9015816623230619,1.0,0.9015816623230619
7775,7775,0.7131011730770057,1.0,0.7131011730770057
7776,7776,0.22622724237866998,0.0,0.22622724237866998
7777,7777,0.5212643568197058,1.0,0.5212643568197058
7778,7778,0.6510232339103187,1.0,0.6510232339103187
7779,7779,0.7064879027394351,1.0,0.7064879027394351
7780,7780,0.691810802073083,1.0,0.691810802073083
7781,7781,0.9681732909541967,1.0,0.9681732909541967
7782,7782,0.26611179991438394,0.0,0.26611179991438394
7783,7783,0.836003478888637,0.0,0.836003478888637
7784,7784,0.943366145532471,1.0,0.943366145532471
7785,7785,0.8703253042317934,1.0,0.8703253042317934
7786,7786,0.5491719351581037,0.0,0.5491719351581037
7787,7787,0.5371274482848534,0.0,0.5371274482848534
7788,7788,0.8785674678045955,1.0,0.8785674678045955
7789,7789,0.36382211075288295,1.0,0.36382211075288295
7790,7790,0.662386469132461,1.0,0.662386469132461
7791,7791,0.7889751640944704,0.0,0.7889751640944704
7792,7792,0.340423276979132,0.0,0.340423276979132
7793,7793,0.9068853963798778,1.0,0.9068853963798778
7794,7794,0.8001104645899448,1.0,0.8001104645899448
7795,7795,0.4871021249721166,1.0,0.4871021249721166
7796,7796,0.6158083824919339,0.0,0.6158083824919339
7797,7797,0.10193610788037744,0.0,0.10193610788037744
7798,7798,0.9598303711347789,1.0,0.9598303711347789
7799,7799,0.36032317841029515,0.0,0.36032317841029515
7800,7800,0.6553159707692319,1.0,0.6553159707692319
7801,7801,0.7358133931685121,1.0,0.7358133931685121
7802,7802,0.8272026663286991,1.0,0.8272026663286991
7803,7803,0.42188523879524953,1.0,0.42188523879524953
7804,7804,0.8024893113884928,1.0,0.8024893113884928
7805,7805,0.28906151327916696,0.0,0.28906151327916696
7806,7806,0.810191070711044,1.0,0.810191070711044
7807,7807,0.8803930309846022,1.0,0.8803930309846022
7808,7808,0.4091574823619557,1.0,0.4091574823619557
7809,7809,0.13576877579790125,0.0,0.13576877579790125
7810,7810,0.4977299120751191,0.0,0.4977299120751191
7811,7811,0.07013912453090887,0.0,0.07013912453090887
7812,7812,0.12844062511217635,0.0,0.12844062511217635
7813,7813,0.35579828898939436,0.0,0.35579828898939436
7814,7814,0.7591128417914002,1.0,0.7591128417914002
7815,7815,0.3649893548943318,0.0,0.3649893548943318
7816,7816,0.8353384127837963,1.0,0.8353384127837963
7817,7817,0.19009685585638592,1.0,0.19009685585638592
7818,7818,0.994945562581224,1.0,0.994945562581224
7819,7819,0.7423896503869029,1.0,0.7423896503869029
7820,7820,0.0010206486813706395,0.0,0.0010206486813706395
7821,7821,0.008916538434399768,0.0,0.008916538434399768
7822,7822,0.8096250947468986,1.0,0.8096250947468986
7823,7823,0.9549077347697424,1.0,0.9549077347697424
7824,7824,0.020378755932243475,0.0,0.020378755932243475
7825,7825,0.008680069090210796,0.0,0.008680069090210796
7826,7826,0.9806904145601428,1.0,0.9806904145601428
7827,7827,0.34151314771452024,1.0,0.34151314771452024
7828,7828,0.06376936925416854,0.0,0.06376936925416854
7829,7829,0.3230635483600719,0.0,0.3230635483600719
7830,7830,0.03869252788012323,0.0,0.03869252788012323
7831,7831,0.5937811243025674,1.0,0.5937811243025674
7832,7832,0.6102583339708287,0.0,0.6102583339708287
7833,7833,0.7290251759434062,0.0,0.7290251759434062
7834,7834,0.4779260766875657,1.0,0.4779260766875657
7835,7835,0.21288704264630287,0.0,0.21288704264630287
7836,7836,0.9152478053317429,1.0,0.9152478053317429
7837,7837,0.26504135538329354,0.0,0.26504135538329354
7838,7838,0.18977552776344653,1.0,0.18977552776344653
7839,7839,0.4779688718358086,0.0,0.4779688718358086
7840,7840,0.5840006086646293,0.0,0.5840006086646293
7841,7841,0.3502622953740322,0.0,0.3502622953740322
7842,7842,0.2677783732256651,0.0,0.2677783732256651
7843,7843,0.2140724958546084,0.0,0.2140724958546084
7844,7844,0.6084595541669657,1.0,0.6084595541669657
7845,7845,0.3624463708885606,0.0,0.3624463708885606
7846,7846,0.808001476226684,1.0,0.808001476226684
7847,7847,0.4843038214524874,1.0,0.4843038214524874
7848,7848,0.17146096145017264,0.0,0.17146096145017264
7849,7849,0.08300740150518937,0.0,0.08300740150518937
7850,7850,0.3898755956772866,1.0,0.3898755956772866
7851,7851,0.795844517831048,1.0,0.795844517831048
7852,7852,0.6201857645835157,1.0,0.6201857645835157
7853,7853,0.4734857578604921,1.0,0.4734857578604921
7854,7854,0.010869268754870376,0.0,0.010869268754870376
7855,7855,0.8677220897947445,0.0,0.8677220897947445
7856,7856,0.4663787372904409,0.0,0.4663787372904409
7857,7857,0.9424264259238373,1.0,0.9424264259238373
7858,7858,0.6108373207514062,0.0,0.6108373207514062
7859,7859,0.2302825007594288,1.0,0.2302825007594288
7860,7860,0.8490169053318415,1.0,0.8490169053318415
7861,7861,0.02378279405173578,0.0,0.02378279405173578
7862,7862,0.9685358760136946,1.0,0.9685358760136946
7863,7863,0.6206895282677201,1.0,0.6206895282677201
7864,7864,0.5820305255990341,0.0,0.5820305255990341
7865,7865,0.6140911628928031,1.0,0.6140911628928031
7866,7866,0.7019363083532905,1.0,0.7019363083532905
7867,7867,0.8737658557928623,1.0,0.8737658557928623
7868,7868,0.6408435865551765,0.0,0.6408435865551765
7869,7869,0.9518333654926819,1.0,0.9518333654926819
7870,7870,0.5881822777941709,0.0,0.5881822777941709
7871,7871,0.27246493100283375,1.0,0.27246493100283375
7872,7872,0.09648028491932392,0.0,0.09648028491932392
7873,7873,0.9743555081654657,1.0,0.9743555081654657
7874,7874,0.5587106261807718,0.0,0.5587106261807718
7875,7875,0.03326417086518885,0.0,0.03326417086518885
7876,7876,0.004943657228813847,0.0,0.004943657228813847
7877,7877,0.7467280737638854,0.0,0.7467280737638854
7878,7878,0.9182673783901483,1.0,0.9182673783901483
7879,7879,0.3043134080025497,1.0,0.3043134080025497
7880,7880,0.1594188367775321,0.0,0.1594188367775321
7881,7881,0.8531380449629014,1.0,0.8531380449629014
7882,7882,0.4357088861214401,0.0,0.4357088861214401
7883,7883,0.8680575564652815,1.0,0.8680575564652815
7884,7884,0.09522425221684883,0.0,0.09522425221684883
7885,7885,0.7400750715351776,0.0,0.7400750715351776
7886,7886,0.9181589715626178,1.0,0.9181589715626178
7887,7887,0.2793736747781478,0.0,0.2793736747781478
7888,7888,0.29049610738536313,0.0,0.29049610738536313
7889,7889,0.08833914619194305,0.0,0.08833914619194305
7890,7890,0.12072053250744619,0.0,0.12072053250744619
7891,7891,0.3967175707764864,0.0,0.3967175707764864
7892,7892,0.27381554644871686,1.0,0.27381554644871686
7893,7893,0.6239087092584072,1.0,0.6239087092584072
7894,7894,0.2524891322907462,0.0,0.2524891322907462
7895,7895,0.8025568175552523,0.0,0.8025568175552523
7896,7896,0.9632115020532787,1.0,0.9632115020532787
7897,7897,0.42184460993422657,0.0,0.42184460993422657
7898,7898,0.5271602124455224,1.0,0.5271602124455224
7899,7899,0.11836066002795953,0.0,0.11836066002795953
7900,7900,0.35944111362493547,0.0,0.35944111362493547
7901,7901,0.05531942827195624,0.0,0.05531942827195624
7902,7902,0.9006188633712883,1.0,0.9006188633712883
7903,7903,0.8159174273066679,1.0,0.8159174273066679
7904,7904,0.8626403782313863,1.0,0.8626403782313863
7905,7905,0.6871987737200793,1.0,0.6871987737200793
7906,7906,0.8956623897682441,1.0,0.8956623897682441
7907,7907,0.33365573980178487,0.0,0.33365573980178487
7908,7908,0.8141207724980624,1.0,0.8141207724980624
7909,7909,0.8050893108074559,1.0,0.8050893108074559
7910,7910,0.7743090828928263,1.0,0.7743090828928263
7911,7911,0.2511382131571064,1.0,0.2511382131571064
7912,7912,0.5018588134561641,0.0,0.5018588134561641
7913,7913,0.932673405774527,1.0,0.932673405774527
7914,7914,0.41626247640918945,1.0,0.41626247640918945
7915,7915,0.2936967796723873,0.0,0.2936967796723873
7916,7916,0.06257182176310994,0.0,0.06257182176310994
7917,7917,0.44843230026874703,0.0,0.44843230026874703
7918,7918,0.2067590046821437,1.0,0.2067590046821437
7919,7919,0.9323285617359379,1.0,0.9323285617359379
7920,7920,0.9956668686029564,1.0,0.9956668686029564
7921,7921,0.18781783651671846,1.0,0.18781783651671846
7922,7922,0.5000176055030607,1.0,0.5000176055030607
7923,7923,0.6740213803509846,1.0,0.6740213803509846
7924,7924,0.516148102932559,0.0,0.516148102932559
7925,7925,0.4759946032134065,1.0,0.4759946032134065
7926,7926,0.44355718853737425,1.0,0.44355718853737425
7927,7927,0.10187915401698266,0.0,0.10187915401698266
7928,7928,0.5482811375135626,1.0,0.5482811375135626
7929,7929,0.1354282798829768,0.0,0.1354282798829768
7930,7930,0.4053618934310884,1.0,0.4053618934310884
7931,7931,0.6401655217633454,0.0,0.6401655217633454
7932,7932,0.07932901260726288,0.0,0.07932901260726288
7933,7933,0.4667268973390194,1.0,0.4667268973390194
7934,7934,0.958808633900971,1.0,0.958808633900971
7935,7935,0.15860308831910064,0.0,0.15860308831910064
7936,7936,0.5723485925358537,0.0,0.5723485925358537
7937,7937,0.1157913843435896,0.0,0.1157913843435896
7938,7938,0.17299861093745073,0.0,0.17299861093745073
7939,7939,0.20191613226424843,0.0,0.20191613226424843
7940,7940,0.3942480530924829,0.0,0.3942480530924829
7941,7941,0.9418599385127271,1.0,0.9418599385127271
7942,7942,0.3512029227900263,0.0,0.3512029227900263
7943,7943,0.043635395835971535,0.0,0.043635395835971535
7944,7944,0.30490665709397735,1.0,0.30490665709397735
7945,7945,0.5172334158165091,1.0,0.5172334158165091
7946,7946,0.454729476201326,1.0,0.454729476201326
7947,7947,0.6067257068290121,0.0,0.6067257068290121
7948,7948,0.33312277159893877,0.0,0.33312277159893877
7949,7949,0.5503384384130846,1.0,0.5503384384130846
7950,7950,0.3799161140581917,1.0,0.3799161140581917
7951,7951,0.5430678708627842,1.0,0.5430678708627842
7952,7952,0.9381558854119582,1.0,0.9381558854119582
7953,7953,0.7743333322844763,1.0,0.7743333322844763
7954,7954,0.657099306282072,0.0,0.657099306282072
7955,7955,0.11809724823195789,0.0,0.11809724823195789
7956,7956,0.005053263000590724,0.0,0.005053263000590724
7957,7957,0.25835304491077793,0.0,0.25835304491077793
7958,7958,0.006881714457113497,0.0,0.006881714457113497
7959,7959,0.21344240429098404,0.0,0.21344240429098404
7960,7960,0.1938278032543026,0.0,0.1938278032543026
7961,7961,0.802976611081001,1.0,0.802976611081001
7962,7962,0.16504296352139836,0.0,0.16504296352139836
7963,7963,0.2964593421101377,1.0,0.2964593421101377
7964,7964,0.36911367630666414,0.0,0.36911367630666414
7965,7965,0.24343261100359703,1.0,0.24343261100359703
7966,7966,0.6602472479497156,1.0,0.6602472479497156
7967,7967,0.8093334430013459,0.0,0.8093334430013459
7968,7968,0.46239926773169926,0.0,0.46239926773169926
7969,7969,0.9078081121140746,0.0,0.9078081121140746
7970,7970,0.04641063599961981,0.0,0.04641063599961981
7971,7971,0.4841297409340598,1.0,0.4841297409340598
7972,7972,0.9433304715102768,1.0,0.9433304715102768
7973,7973,0.21170938137131023,0.0,0.21170938137131023
7974,7974,0.45799115187747286,0.0,0.45799115187747286
7975,7975,0.45487159466038174,1.0,0.45487159466038174
7976,7976,0.7988011064774332,1.0,0.7988011064774332
7977,7977,0.19470346827925178,0.0,0.19470346827925178
7978,7978,0.3621094479982979,0.0,0.3621094479982979
7979,7979,0.4830828062772633,0.0,0.4830828062772633
7980,7980,0.03943488475465873,0.0,0.03943488475465873
7981,7981,0.4137827109863862,1.0,0.4137827109863862
7982,7982,0.5749739768426121,1.0,0.5749739768426121
7983,7983,0.07562151983212229,0.0,0.07562151983212229
7984,7984,0.6075051229502938,0.0,0.6075051229502938
7985,7985,0.6416400785618864,0.0,0.6416400785618864
7986,7986,0.4892571601067981,1.0,0.4892571601067981
7987,7987,0.21230810388290222,0.0,0.21230810388290222
7988,7988,0.6975489727247137,1.0,0.6975489727247137
7989,7989,0.4084579894317859,1.0,0.4084579894317859
7990,7990,0.6913177137083735,1.0,0.6913177137083735
7991,7991,0.5770676947747123,1.0,0.5770676947747123
7992,7992,0.381101302443278,0.0,0.381101302443278
7993,7993,0.1390679774082938,1.0,0.1390679774082938
7994,7994,0.2910095215072992,0.0,0.2910095215072992
7995,7995,0.5792151328363284,1.0,0.5792151328363284
7996,7996,0.48529581678674505,1.0,0.48529581678674505
7997,7997,0.5248382222117529,0.0,0.5248382222117529
7998,7998,0.8717616507684078,1.0,0.8717616507684078
7999,7999,0.60478173136608,1.0,0.60478173136608
8000,8000,0.2592770548796143,0.0,0.2592770548796143
8001,8001,0.41571859219203755,0.0,0.41571859219203755
8002,8002,0.7769206066809474,1.0,0.7769206066809474
8003,8003,0.22014900934786752,0.0,0.22014900934786752
8004,8004,0.748796969144927,1.0,0.748796969144927
8005,8005,0.9092412576426792,1.0,0.9092412576426792
8006,8006,0.36258030961239407,0.0,0.36258030961239407
8007,8007,0.25336922177181953,1.0,0.25336922177181953
8008,8008,0.6233062441507585,0.0,0.6233062441507585
8009,8009,0.538733501726764,1.0,0.538733501726764
8010,8010,0.8800268481435131,1.0,0.8800268481435131
8011,8011,0.669907675703069,0.0,0.669907675703069
8012,8012,0.8937473057115035,1.0,0.8937473057115035
8013,8013,0.8368387197861118,1.0,0.8368387197861118
8014,8014,0.8823301389855289,1.0,0.8823301389855289
8015,8015,0.02003370175584207,0.0,0.02003370175584207
8016,8016,0.9960461399181807,1.0,0.9960461399181807
8017,8017,0.8074107730516112,1.0,0.8074107730516112
8018,8018,0.03271266888941382,0.0,0.03271266888941382
8019,8019,0.03324568905110448,0.0,0.03324568905110448
8020,8020,0.5552213204318367,1.0,0.5552213204318367
8021,8021,0.9380876521648002,1.0,0.9380876521648002
8022,8022,0.25210779826195295,1.0,0.25210779826195295
8023,8023,0.807774074476965,1.0,0.807774074476965
8024,8024,0.5166802772859833,1.0,0.5166802772859833
8025,8025,0.27199154532181236,1.0,0.27199154532181236
8026,8026,0.185799908716198,0.0,0.185799908716198
8027,8027,0.8157578585810826,1.0,0.8157578585810826
8028,8028,0.1008580060226888,0.0,0.1008580060226888
8029,8029,0.18448764946559915,0.0,0.18448764946559915
8030,8030,0.782992008048675,0.0,0.782992008048675
8031,8031,0.022742672405273168,0.0,0.022742672405273168
8032,8032,0.9919475082101912,1.0,0.9919475082101912
8033,8033,0.32727903538253533,0.0,0.32727903538253533
8034,8034,0.6638519363106073,0.0,0.6638519363106073
8035,8035,0.09683797896486512,0.0,0.09683797896486512
8036,8036,0.5078697484266168,0.0,0.5078697484266168
8037,8037,0.4732398965804301,1.0,0.4732398965804301
8038,8038,0.23468690090500988,0.0,0.23468690090500988
8039,8039,0.4594607861063743,1.0,0.4594607861063743
8040,8040,0.5019012005238538,1.0,0.5019012005238538
8041,8041,0.049680780437712846,0.0,0.049680780437712846
8042,8042,0.3778632782613416,1.0,0.3778632782613416
8043,8043,0.3608931725084098,0.0,0.3608931725084098
8044,8044,0.3746548002225911,1.0,0.3746548002225911
8045,8045,0.16425048629696315,0.0,0.16425048629696315
8046,8046,0.12340491160588463,0.0,0.12340491160588463
8047,8047,0.8596523714087017,1.0,0.8596523714087017
8048,8048,0.2928504400522528,0.0,0.2928504400522528
8049,8049,0.3425729458663006,0.0,0.3425729458663006
8050,8050,0.8652223161671804,1.0,0.8652223161671804
8051,8051,0.3699390324448316,0.0,0.3699390324448316
8052,8052,0.007025209411841593,0.0,0.007025209411841593
8053,8053,0.42023927966006325,0.0,0.42023927966006325
8054,8054,0.8998030077489649,1.0,0.8998030077489649
8055,8055,0.8627951280983389,1.0,0.8627951280983389
8056,8056,0.6747632830084092,1.0,0.6747632830084092
8057,8057,0.5513459778564751,1.0,0.5513459778564751
8058,8058,0.010435497928632631,0.0,0.010435497928632631
8059,8059,0.8749682381347075,1.0,0.8749682381347075
8060,8060,0.23423495324433963,0.0,0.23423495324433963
8061,8061,0.011387016302538355,0.0,0.011387016302538355
8062,8062,0.2929993624118705,0.0,0.2929993624118705
8063,8063,0.5078719194335342,1.0,0.5078719194335342
8064,8064,0.671618145812646,0.0,0.671618145812646
8065,8065,0.2260883145465361,0.0,0.2260883145465361
8066,8066,0.9947995214075952,1.0,0.9947995214075952
8067,8067,0.6066344564376944,1.0,0.6066344564376944
8068,8068,0.7003445310801834,1.0,0.7003445310801834
8069,8069,0.4519080233977385,1.0,0.4519080233977385
8070,8070,0.7069486928363073,0.0,0.7069486928363073
8071,8071,0.634626591801617,1.0,0.634626591801617
8072,8072,0.9669856136245134,1.0,0.9669856136245134
8073,8073,0.9735941350133521,1.0,0.9735941350133521
8074,8074,0.6967683568084982,1.0,0.6967683568084982
8075,8075,0.10906763722293156,0.0,0.10906763722293156
8076,8076,0.9134120607123205,1.0,0.9134120607123205
8077,8077,0.5852249136677992,1.0,0.5852249136677992
8078,8078,0.027342040505761056,0.0,0.027342040505761056
8079,8079,0.47143307128613954,0.0,0.47143307128613954
8080,8080,0.9937354029786734,1.0,0.9937354029786734
8081,8081,0.16189649418474383,0.0,0.16189649418474383
8082,8082,0.10732777614664057,0.0,0.10732777614664057
8083,8083,0.2970933694004275,1.0,0.2970933694004275
8084,8084,0.15495927565977174,0.0,0.15495927565977174
8085,8085,0.2882269526694531,0.0,0.2882269526694531
8086,8086,0.13142743519172884,0.0,0.13142743519172884
8087,8087,0.5482966292829786,1.0,0.5482966292829786
8088,8088,0.466994486675139,0.0,0.466994486675139
8089,8089,0.8324938629770156,0.0,0.8324938629770156
8090,8090,0.7335039984069996,0.0,0.7335039984069996
8091,8091,0.27222501335347127,0.0,0.27222501335347127
8092,8092,0.8236551930586339,1.0,0.8236551930586339
8093,8093,0.22742487763148123,1.0,0.22742487763148123
8094,8094,0.8176279582690651,1.0,0.8176279582690651
8095,8095,0.1467865110500436,0.0,0.1467865110500436
8096,8096,0.41424726163974035,1.0,0.41424726163974035
8097,8097,0.22334062270415733,0.0,0.22334062270415733
8098,8098,0.8903794318603769,1.0,0.8903794318603769
8099,8099,0.9924935239664416,1.0,0.9924935239664416
8100,8100,0.44556200499111387,1.0,0.44556200499111387
8101,8101,0.3384851030554933,0.0,0.3384851030554933
8102,8102,0.7275511979573256,1.0,0.7275511979573256
8103,8103,0.0577494204471225,0.0,0.0577494204471225
8104,8104,0.23096657003741927,0.0,0.23096657003741927
8105,8105,0.21938228022297934,0.0,0.21938228022297934
8106,8106,0.26973362691613434,1.0,0.26973362691613434
8107,8107,0.819508999601269,1.0,0.819508999601269
8108,8108,0.8653071340622628,1.0,0.8653071340622628
8109,8109,0.47808636163776264,0.0,0.47808636163776264
8110,8110,0.5982328389288912,0.0,0.5982328389288912
8111,8111,0.8632832087174005,1.0,0.8632832087174005
8112,8112,0.02168783495428317,0.0,0.02168783495428317
8113,8113,0.9032888174152417,1.0,0.9032888174152417
8114,8114,0.09202132745065139,1.0,0.09202132745065139
8115,8115,0.21599590651279799,0.0,0.21599590651279799
8116,8116,0.09312983598209701,0.0,0.09312983598209701
8117,8117,0.8096933389044151,0.0,0.8096933389044151
8118,8118,0.2774114816852541,1.0,0.2774114816852541
8119,8119,0.17787434127814694,1.0,0.17787434127814694
8120,8120,0.4335854567335352,1.0,0.4335854567335352
8121,8121,0.06860222082908862,0.0,0.06860222082908862
8122,8122,0.45051978712525487,0.0,0.45051978712525487
8123,8123,0.6112768859764195,1.0,0.6112768859764195
8124,8124,0.5568118799159084,1.0,0.5568118799159084
8125,8125,0.12059827933268319,0.0,0.12059827933268319
8126,8126,0.3698946145376488,1.0,0.3698946145376488
8127,8127,0.24422755847067978,0.0,0.24422755847067978
8128,8128,0.6410182363756244,1.0,0.6410182363756244
8129,8129,0.6497877390635798,1.0,0.6497877390635798
8130,8130,0.15382419873771436,0.0,0.15382419873771436
8131,8131,0.5012978366539944,1.0,0.5012978366539944
8132,8132,0.06005448468150565,1.0,0.06005448468150565
8133,8133,0.6010834114712739,1.0,0.6010834114712739
8134,8134,0.9449485312337716,0.0,0.9449485312337716
8135,8135,0.19636953651856137,0.0,0.19636953651856137
8136,8136,0.5583263837238339,0.0,0.5583263837238339
8137,8137,0.8675286499425334,1.0,0.8675286499425334
8138,8138,0.27614038796198825,0.0,0.27614038796198825
8139,8139,0.985122310875138,1.0,0.985122310875138
8140,8140,0.6110121599674194,1.0,0.6110121599674194
8141,8141,0.6982624833953296,1.0,0.6982624833953296
8142,8142,0.11638495831885765,0.0,0.11638495831885765
8143,8143,0.27862310539141166,1.0,0.27862310539141166
8144,8144,0.659259276609203,1.0,0.659259276609203
8145,8145,0.1356995118357407,0.0,0.1356995118357407
8146,8146,0.9736411186972806,1.0,0.9736411186972806
8147,8147,0.933364030637486,1.0,0.933364030637486
8148,8148,0.06206997830648675,0.0,0.06206997830648675
8149,8149,0.12097545368352536,1.0,0.12097545368352536
8150,8150,0.7137725436479084,1.0,0.7137725436479084
8151,8151,0.966909487436769,1.0,0.966909487436769
8152,8152,0.03683040050017494,0.0,0.03683040050017494
8153,8153,0.2173517920444351,1.0,0.2173517920444351
8154,8154,0.6068131183925749,1.0,0.6068131183925749
8155,8155,0.4485528174546579,1.0,0.4485528174546579
8156,8156,0.07406362875543726,0.0,0.07406362875543726
8157,8157,0.15401983884357717,0.0,0.15401983884357717
8158,8158,0.9064886252494972,1.0,0.9064886252494972
8159,8159,0.9001737505830878,1.0,0.9001737505830878
8160,8160,0.15039617546056006,0.0,0.15039617546056006
8161,8161,0.47415740014820207,0.0,0.47415740014820207
8162,8162,0.5336914871400833,1.0,0.5336914871400833
8163,8163,0.7613379434898817,1.0,0.7613379434898817
8164,8164,0.5223633204319841,1.0,0.5223633204319841
8165,8165,0.6037734043996009,1.0,0.6037734043996009
8166,8166,0.26896998161693797,0.0,0.26896998161693797
8167,8167,0.2587034822159099,0.0,0.2587034822159099
8168,8168,0.6769904912074279,1.0,0.6769904912074279
8169,8169,0.0645947986061648,0.0,0.0645947986061648
8170,8170,0.24300866938414134,0.0,0.24300866938414134
8171,8171,0.7383389939788556,0.0,0.7383389939788556
8172,8172,0.7807630258062057,1.0,0.7807630258062057
8173,8173,0.9851626279551051,1.0,0.9851626279551051
8174,8174,0.49912692690036176,0.0,0.49912692690036176
8175,8175,0.35804092362560835,0.0,0.35804092362560835
8176,8176,0.29820619278344207,0.0,0.29820619278344207
8177,8177,0.9496291302520378,1.0,0.9496291302520378
8178,8178,0.44820234892119937,0.0,0.44820234892119937
8179,8179,0.5754669676380533,0.0,0.5754669676380533
8180,8180,0.149539998940463,0.0,0.149539998940463
8181,8181,0.5244041475876696,0.0,0.5244041475876696
8182,8182,0.7660175747526904,1.0,0.7660175747526904
8183,8183,0.903316821252385,1.0,0.903316821252385
8184,8184,0.825771427307435,1.0,0.825771427307435
8185,8185,0.14545553218780105,0.0,0.14545553218780105
8186,8186,0.9415603929422326,1.0,0.9415603929422326
8187,8187,0.8481985502351342,1.0,0.8481985502351342
8188,8188,0.3836357947191409,0.0,0.3836357947191409
8189,8189,0.8412586034321291,0.0,0.8412586034321291
8190,8190,0.7770582188004467,1.0,0.7770582188004467
8191,8191,0.5789949323928445,1.0,0.5789949323928445
8192,8192,0.11338243868923925,0.0,0.11338243868923925
8193,8193,0.3678174194277143,0.0,0.3678174194277143
8194,8194,0.40042877035353575,0.0,0.40042877035353575
8195,8195,0.23872630394609484,1.0,0.23872630394609484
8196,8196,0.49239941774712825,1.0,0.49239941774712825
8197,8197,0.5621347606908443,0.0,0.5621347606908443
8198,8198,0.7691769481888852,0.0,0.7691769481888852
8199,8199,0.761992611470936,1.0,0.761992611470936
8200,8200,0.8779167876503562,1.0,0.8779167876503562
8201,8201,0.6410632006896635,1.0,0.6410632006896635
8202,8202,0.8392042680822783,1.0,0.8392042680822783
8203,8203,0.0007581374586326239,0.0,0.0007581374586326239
8204,8204,0.6120814720849393,0.0,0.6120814720849393
8205,8205,0.7614152352356781,0.0,0.7614152352356781
8206,8206,0.724095256541744,1.0,0.724095256541744
8207,8207,0.7733214355716254,0.0,0.7733214355716254
8208,8208,0.15941761276456934,1.0,0.15941761276456934
8209,8209,0.7444101359471176,1.0,0.7444101359471176
8210,8210,0.21014427887356157,0.0,0.21014427887356157
8211,8211,0.8892051328765985,1.0,0.8892051328765985
8212,8212,0.24999434969877676,1.0,0.24999434969877676
8213,8213,0.13920653080932555,0.0,0.13920653080932555
8214,8214,0.6987413707680735,1.0,0.6987413707680735
8215,8215,0.5870915395985631,1.0,0.5870915395985631
8216,8216,0.4800278337885534,0.0,0.4800278337885534
8217,8217,0.5903866452551895,0.0,0.5903866452551895
8218,8218,0.0749512281866126,0.0,0.0749512281866126
8219,8219,0.5715761520175576,0.0,0.5715761520175576
8220,8220,0.40132931915445935,1.0,0.40132931915445935
8221,8221,0.6214296068218647,1.0,0.6214296068218647
8222,8222,0.8556241411973105,1.0,0.8556241411973105
8223,8223,0.40837548714447447,0.0,0.40837548714447447
8224,8224,0.6870823971726074,1.0,0.6870823971726074
8225,8225,0.3122941273618415,0.0,0.3122941273618415
8226,8226,0.141164526772124,0.0,0.141164526772124
8227,8227,0.5923013686139187,1.0,0.5923013686139187
8228,8228,0.7218268942981323,1.0,0.7218268942981323
8229,8229,0.8120743608677887,1.0,0.8120743608677887
8230,8230,0.7854416586970793,1.0,0.7854416586970793
8231,8231,0.6839750313684241,0.0,0.6839750313684241
8232,8232,0.8460119346454467,1.0,0.8460119346454467
8233,8233,0.752378791739582,1.0,0.752378791739582
8234,8234,0.3253135229458457,0.0,0.3253135229458457
8235,8235,0.9779120829233944,1.0,0.9779120829233944
8236,8236,0.5394356074603025,0.0,0.5394356074603025
8237,8237,0.2984895775982086,0.0,0.2984895775982086
8238,8238,0.9329419370655506,1.0,0.9329419370655506
8239,8239,0.7872791182403752,1.0,0.7872791182403752
8240,8240,0.5306104142235005,0.0,0.5306104142235005
8241,8241,0.8680962297927594,1.0,0.8680962297927594
8242,8242,0.19580099264750161,0.0,0.19580099264750161
8243,8243,0.8257711971529115,1.0,0.8257711971529115
8244,8244,0.07373301032043889,0.0,0.07373301032043889
8245,8245,0.8166271566447582,1.0,0.8166271566447582
8246,8246,0.2590214626434061,0.0,0.2590214626434061
8247,8247,0.9217815358473367,1.0,0.9217815358473367
8248,8248,0.48279743881222137,1.0,0.48279743881222137
8249,8249,0.8281980376138686,0.0,0.8281980376138686
8250,8250,0.3399672826460288,1.0,0.3399672826460288
8251,8251,0.6708016917219929,1.0,0.6708016917219929
8252,8252,0.2754285141468942,1.0,0.2754285141468942
8253,8253,0.8756879170300376,1.0,0.8756879170300376
8254,8254,0.7323126546170541,0.0,0.7323126546170541
8255,8255,0.11601625118356718,0.0,0.11601625118356718
8256,8256,0.2223517335490116,0.0,0.2223517335490116
8257,8257,0.5773852446828928,0.0,0.5773852446828928
8258,8258,0.3699875351148735,0.0,0.3699875351148735
8259,8259,0.22312401108392155,1.0,0.22312401108392155
8260,8260,0.4980093596975971,1.0,0.4980093596975971
8261,8261,0.5396208357474958,1.0,0.5396208357474958
8262,8262,0.4481519349265648,1.0,0.4481519349265648
8263,8263,0.6220608535249801,1.0,0.6220608535249801
8264,8264,0.6900676795592604,1.0,0.6900676795592604
8265,8265,0.8857497721063694,1.0,0.8857497721063694
8266,8266,0.9511598672878798,1.0,0.9511598672878798
8267,8267,0.0703212213645732,0.0,0.0703212213645732
8268,8268,0.329305765498899,1.0,0.329305765498899
8269,8269,0.9727221196950405,1.0,0.9727221196950405
8270,8270,0.51778434145439,0.0,0.51778434145439
8271,8271,0.49138204905332417,1.0,0.49138204905332417
8272,8272,0.7821518753689369,1.0,0.7821518753689369
8273,8273,0.37689818304114797,1.0,0.37689818304114797
8274,8274,0.2416493026904768,1.0,0.2416493026904768
8275,8275,0.3311417667275305,0.0,0.3311417667275305
8276,8276,0.8883260413299559,1.0,0.8883260413299559
8277,8277,0.5462829246773263,0.0,0.5462829246773263
8278,8278,0.006981550567085826,0.0,0.006981550567085826
8279,8279,0.8426608219631015,1.0,0.8426608219631015
8280,8280,0.637520403654297,1.0,0.637520403654297
8281,8281,0.33440713624793317,1.0,0.33440713624793317
8282,8282,0.9016655703172104,1.0,0.9016655703172104
8283,8283,0.178613016053344,0.0,0.178613016053344
8284,8284,0.006809932247644146,0.0,0.006809932247644146
8285,8285,0.856479880704945,1.0,0.856479880704945
8286,8286,0.23571886433824318,0.0,0.23571886433824318
8287,8287,0.009774299338526915,0.0,0.009774299338526915
8288,8288,0.0815782178394584,0.0,0.0815782178394584
8289,8289,0.9409381112033978,1.0,0.9409381112033978
8290,8290,0.37234519900723595,0.0,0.37234519900723595
8291,8291,0.6681348756118702,1.0,0.6681348756118702
8292,8292,0.35739630263199484,1.0,0.35739630263199484
8293,8293,0.8625564870089246,0.0,0.8625564870089246
8294,8294,0.6988713166102987,1.0,0.6988713166102987
8295,8295,0.6623957961575053,1.0,0.6623957961575053
8296,8296,0.6471601318970867,1.0,0.6471601318970867
8297,8297,0.6611142132173583,0.0,0.6611142132173583
8298,8298,0.7403442653069362,0.0,0.7403442653069362
8299,8299,0.2688928719288025,0.0,0.2688928719288025
8300,8300,0.8576921363873397,1.0,0.8576921363873397
8301,8301,0.359111515529944,0.0,0.359111515529944
8302,8302,0.5807909454352898,1.0,0.5807909454352898
8303,8303,0.4213526783563649,0.0,0.4213526783563649
8304,8304,0.40754006199017967,1.0,0.40754006199017967
8305,8305,0.5456094876704294,1.0,0.5456094876704294
8306,8306,0.9532490222077742,1.0,0.9532490222077742
8307,8307,0.7081443797929499,1.0,0.7081443797929499
8308,8308,0.8947081144510446,1.0,0.8947081144510446
8309,8309,0.15479591787987634,0.0,0.15479591787987634
8310,8310,0.1698223123415732,1.0,0.1698223123415732
8311,8311,0.2928868968106294,1.0,0.2928868968106294
8312,8312,0.34942008542882885,0.0,0.34942008542882885
8313,8313,0.04372534183323018,0.0,0.04372534183323018
8314,8314,0.06732597429879372,0.0,0.06732597429879372
8315,8315,0.35743079981360704,1.0,0.35743079981360704
8316,8316,0.5616858379832028,1.0,0.5616858379832028
8317,8317,0.1444639251469061,0.0,0.1444639251469061
8318,8318,0.27900966190683585,0.0,0.27900966190683585
8319,8319,0.22128512152119495,0.0,0.22128512152119495
8320,8320,0.6587884968821746,1.0,0.6587884968821746
8321,8321,0.19960161698204504,1.0,0.19960161698204504
8322,8322,0.7157743167736013,1.0,0.7157743167736013
8323,8323,0.14561103234078088,0.0,0.14561103234078088
8324,8324,0.6014165296492212,1.0,0.6014165296492212
8325,8325,0.7710497801768428,0.0,0.7710497801768428
8326,8326,0.37649511908249844,1.0,0.37649511908249844
8327,8327,0.6689497565851519,1.0,0.6689497565851519
8328,8328,0.9990346559506789,1.0,0.9990346559506789
8329,8329,0.5313890712601146,0.0,0.5313890712601146
8330,8330,0.7428865148395722,1.0,0.7428865148395722
8331,8331,0.5835429684330726,1.0,0.5835429684330726
8332,8332,0.5424722288310606,0.0,0.5424722288310606
8333,8333,0.3272877375738874,0.0,0.3272877375738874
8334,8334,0.5588662601071486,1.0,0.5588662601071486
8335,8335,0.4810842260118974,1.0,0.4810842260118974
8336,8336,0.5804250265691792,1.0,0.5804250265691792
8337,8337,0.11006769539647177,0.0,0.11006769539647177
8338,8338,0.8981372671128988,1.0,0.8981372671128988
8339,8339,0.18669734730138,1.0,0.18669734730138
8340,8340,0.26574871585373305,1.0,0.26574871585373305
8341,8341,0.5091353795230882,1.0,0.5091353795230882
8342,8342,0.9450180485416783,1.0,0.9450180485416783
8343,8343,0.17090131746421633,0.0,0.17090131746421633
8344,8344,0.03553074480071139,0.0,0.03553074480071139
8345,8345,0.274398541801677,1.0,0.274398541801677
8346,8346,0.6455181418893461,1.0,0.6455181418893461
8347,8347,0.7132711189939075,0.0,0.7132711189939075
8348,8348,0.6618335610186259,0.0,0.6618335610186259
8349,8349,0.9601749851906459,1.0,0.9601749851906459
8350,8350,0.41849544118608006,1.0,0.41849544118608006
8351,8351,0.4759994600914359,0.0,0.4759994600914359
8352,8352,0.5341372255561417,1.0,0.5341372255561417
8353,8353,0.3993762577190516,1.0,0.3993762577190516
8354,8354,0.5960624427292408,1.0,0.5960624427292408
8355,8355,0.03293731452467896,0.0,0.03293731452467896
8356,8356,0.31115820513603143,0.0,0.31115820513603143
8357,8357,0.22459434018499058,1.0,0.22459434018499058
8358,8358,0.5585763312109469,1.0,0.5585763312109469
8359,8359,0.702061643483818,0.0,0.702061643483818
8360,8360,0.0353316969762435,0.0,0.0353316969762435
8361,8361,0.8053623188779864,0.0,0.8053623188779864
8362,8362,0.16847764909217489,0.0,0.16847764909217489
8363,8363,0.5036500856269571,0.0,0.5036500856269571
8364,8364,0.35063033911474295,1.0,0.35063033911474295
8365,8365,0.4899592531006943,0.0,0.4899592531006943
8366,8366,0.13313553230587094,0.0,0.13313553230587094
8367,8367,0.7352660659981288,1.0,0.7352660659981288
8368,8368,0.8249433942419714,0.0,0.8249433942419714
8369,8369,0.514247891670638,1.0,0.514247891670638
8370,8370,0.6692998865341315,1.0,0.6692998865341315
8371,8371,0.949290424393692,1.0,0.949290424393692
8372,8372,0.24304919985467333,1.0,0.24304919985467333
8373,8373,0.9958836820119201,1.0,0.9958836820119201
8374,8374,0.7922036687258135,1.0,0.7922036687258135
8375,8375,0.26880165769530107,0.0,0.26880165769530107
8376,8376,0.5114435331913965,0.0,0.5114435331913965
8377,8377,0.6821018890255176,1.0,0.6821018890255176
8378,8378,0.3971571922545619,0.0,0.3971571922545619
8379,8379,0.3169320605796466,0.0,0.3169320605796466
8380,8380,0.06297092541415195,1.0,0.06297092541415195
8381,8381,0.3677941999418676,0.0,0.3677941999418676
8382,8382,0.7648875795293764,0.0,0.7648875795293764
8383,8383,0.17663055092505153,0.0,0.17663055092505153
8384,8384,0.06637597844785992,0.0,0.06637597844785992
8385,8385,0.44800055217303725,0.0,0.44800055217303725
8386,8386,0.5710543400263016,1.0,0.5710543400263016
8387,8387,0.9436410169987255,1.0,0.9436410169987255
8388,8388,0.9551366040999675,1.0,0.9551366040999675
8389,8389,0.4937151968456046,0.0,0.4937151968456046
8390,8390,0.679323834879894,1.0,0.679323834879894
8391,8391,0.13067958905124033,0.0,0.13067958905124033
8392,8392,0.9840213975612799,1.0,0.9840213975612799
8393,8393,0.1875486665225482,0.0,0.1875486665225482
8394,8394,0.709156261468007,1.0,0.709156261468007
8395,8395,0.23115030647831014,0.0,0.23115030647831014
8396,8396,0.2146525700767985,0.0,0.2146525700767985
8397,8397,0.446543709277779,0.0,0.446543709277779
8398,8398,0.6867537651999378,1.0,0.6867537651999378
8399,8399,0.3929137359269447,1.0,0.3929137359269447
8400,8400,0.6135195894810733,1.0,0.6135195894810733
8401,8401,0.4144487312973365,1.0,0.4144487312973365
8402,8402,0.35632681973885316,1.0,0.35632681973885316
8403,8403,0.9641204662604018,1.0,0.9641204662604018
8404,8404,0.2629201582504229,0.0,0.2629201582504229
8405,8405,0.07920393148481275,0.0,0.07920393148481275
8406,8406,0.33634789528578846,0.0,0.33634789528578846
8407,8407,0.4643238145456152,0.0,0.4643238145456152
8408,8408,0.6873697830428916,1.0,0.6873697830428916
8409,8409,0.4096871378045752,0.0,0.4096871378045752
8410,8410,0.7062748874838317,0.0,0.7062748874838317
8411,8411,0.95700821153573,1.0,0.95700821153573
8412,8412,0.2668998095864439,1.0,0.2668998095864439
8413,8413,0.7263501030348665,1.0,0.7263501030348665
8414,8414,0.316981043596957,0.0,0.316981043596957
8415,8415,0.18507657581804626,0.0,0.18507657581804626
8416,8416,0.8386069984775373,1.0,0.8386069984775373
8417,8417,0.9858336788879922,1.0,0.9858336788879922
8418,8418,0.17148597570155577,0.0,0.17148597570155577
8419,8419,0.7359055321432011,0.0,0.7359055321432011
8420,8420,0.6067197894300307,0.0,0.6067197894300307
8421,8421,0.8700429484912761,1.0,0.8700429484912761
8422,8422,0.17476377076164262,0.0,0.17476377076164262
8423,8423,0.6625480266894883,1.0,0.6625480266894883
8424,8424,0.3646177671145391,0.0,0.3646177671145391
8425,8425,0.6559708312792046,1.0,0.6559708312792046
8426,8426,0.014160437923769531,0.0,0.014160437923769531
8427,8427,0.8110477872239107,1.0,0.8110477872239107
8428,8428,0.0956040443824192,0.0,0.0956040443824192
8429,8429,0.5612154556121082,1.0,0.5612154556121082
8430,8430,0.27703667747926175,0.0,0.27703667747926175
8431,8431,0.12550417530278102,0.0,0.12550417530278102
8432,8432,0.5419906559413218,1.0,0.5419906559413218
8433,8433,0.8267992576154103,0.0,0.8267992576154103
8434,8434,0.7418485101321479,0.0,0.7418485101321479
8435,8435,0.7628725413555133,1.0,0.7628725413555133
8436,8436,0.7429372504086155,1.0,0.7429372504086155
8437,8437,0.8562595561207109,0.0,0.8562595561207109
8438,8438,0.33352217679497265,0.0,0.33352217679497265
8439,8439,0.48145367060891187,0.0,0.48145367060891187
8440,8440,0.14001547967666494,0.0,0.14001547967666494
8441,8441,0.3587565373722791,0.0,0.3587565373722791
8442,8442,0.23284451127272554,0.0,0.23284451127272554
8443,8443,0.07399493693702297,0.0,0.07399493693702297
8444,8444,0.6805241128627952,1.0,0.6805241128627952
8445,8445,0.6856385049081389,0.0,0.6856385049081389
8446,8446,0.9548816360960348,1.0,0.9548816360960348
8447,8447,0.9089144961626077,1.0,0.9089144961626077
8448,8448,0.13932772230883095,1.0,0.13932772230883095
8449,8449,0.11929166183656403,0.0,0.11929166183656403
8450,8450,0.9071735196794875,1.0,0.9071735196794875
8451,8451,0.6421635700424912,0.0,0.6421635700424912
8452,8452,0.21533476832006215,1.0,0.21533476832006215
8453,8453,0.3440696489430026,1.0,0.3440696489430026
8454,8454,0.7937779138757242,1.0,0.7937779138757242
8455,8455,0.5460930487568769,0.0,0.5460930487568769
8456,8456,0.5757480589706508,1.0,0.5757480589706508
8457,8457,0.008974358942172578,0.0,0.008974358942172578
8458,8458,0.9118034148091718,1.0,0.9118034148091718
8459,8459,0.6598433844933923,1.0,0.6598433844933923
8460,8460,0.6633551734300769,1.0,0.6633551734300769
8461,8461,0.9454179548016685,1.0,0.9454179548016685
8462,8462,0.8752281492741826,1.0,0.8752281492741826
8463,8463,0.40971104783083456,0.0,0.40971104783083456
8464,8464,0.7319969776703856,0.0,0.7319969776703856
8465,8465,0.9563626188458029,1.0,0.9563626188458029
8466,8466,0.7957327242932075,1.0,0.7957327242932075
8467,8467,0.3068525167400141,0.0,0.3068525167400141
8468,8468,0.2881201463700087,1.0,0.2881201463700087
8469,8469,0.7361138965780706,1.0,0.7361138965780706
8470,8470,0.6338572200720795,0.0,0.6338572200720795
8471,8471,0.016710278993582017,0.0,0.016710278993582017
8472,8472,0.8845629865478499,1.0,0.8845629865478499
8473,8473,0.842193359373752,1.0,0.842193359373752
8474,8474,0.9687699417958425,1.0,0.9687699417958425
8475,8475,0.899070009446048,1.0,0.899070009446048
8476,8476,0.05884548174975868,0.0,0.05884548174975868
8477,8477,0.5957017267971738,1.0,0.5957017267971738
8478,8478,0.3697759870214624,0.0,0.3697759870214624
8479,8479,0.1382643848551215,0.0,0.1382643848551215
8480,8480,0.23775901845643654,0.0,0.23775901845643654
8481,8481,0.7077299093714547,1.0,0.7077299093714547
8482,8482,0.2148390199162582,0.0,0.2148390199162582
8483,8483,0.23433121793007727,0.0,0.23433121793007727
8484,8484,0.48771490671963635,1.0,0.48771490671963635
8485,8485,0.7932366808178558,1.0,0.7932366808178558
8486,8486,0.35533471819957485,0.0,0.35533471819957485
8487,8487,0.7387732115244743,1.0,0.7387732115244743
8488,8488,0.7612103731357414,1.0,0.7612103731357414
8489,8489,0.7022033316245344,1.0,0.7022033316245344
8490,8490,0.6516748437764481,1.0,0.6516748437764481
8491,8491,0.7705829923048182,0.0,0.7705829923048182
8492,8492,0.5424355283170514,0.0,0.5424355283170514
8493,8493,0.06858214875011948,0.0,0.06858214875011948
8494,8494,0.777453550231747,1.0,0.777453550231747
8495,8495,0.13143749149562511,1.0,0.13143749149562511
8496,8496,0.03976188986905416,0.0,0.03976188986905416
8497,8497,0.24196048972041018,0.0,0.24196048972041018
8498,8498,0.8798669571481216,1.0,0.8798669571481216
8499,8499,0.7371931168469542,0.0,0.7371931168469542
8500,8500,0.24309224368818538,1.0,0.24309224368818538
8501,8501,0.3839913886156715,1.0,0.3839913886156715
8502,8502,0.564151448870015,1.0,0.564151448870015
8503,8503,0.6129604242331141,0.0,0.6129604242331141
8504,8504,0.3334701876885279,0.0,0.3334701876885279
8505,8505,0.3857638514086772,0.0,0.3857638514086772
8506,8506,0.4355355755925139,1.0,0.4355355755925139
8507,8507,0.7588319995351034,1.0,0.7588319995351034
8508,8508,0.9014788153854868,1.0,0.9014788153854868
8509,8509,0.9551922962231397,1.0,0.9551922962231397
8510,8510,0.43989321305960716,0.0,0.43989321305960716
8511,8511,0.7200897144807473,0.0,0.7200897144807473
8512,8512,0.2673579176719011,1.0,0.2673579176719011
8513,8513,0.24162179117415317,0.0,0.24162179117415317
8514,8514,0.2809703763674273,0.0,0.2809703763674273
8515,8515,0.12828203417523776,0.0,0.12828203417523776
8516,8516,0.7816057638498605,1.0,0.7816057638498605
8517,8517,0.6266569339627637,1.0,0.6266569339627637
8518,8518,0.6989827833499166,1.0,0.6989827833499166
8519,8519,0.20814360681625033,1.0,0.20814360681625033
8520,8520,0.9888599368110699,1.0,0.9888599368110699
8521,8521,0.7333328354920783,1.0,0.7333328354920783
8522,8522,0.14837850271143294,0.0,0.14837850271143294
8523,8523,0.04112877145931537,0.0,0.04112877145931537
8524,8524,0.45715946117874817,1.0,0.45715946117874817
8525,8525,0.6257902104962916,1.0,0.6257902104962916
8526,8526,0.6967497740155624,1.0,0.6967497740155624
8527,8527,0.5647527877221586,1.0,0.5647527877221586
8528,8528,0.18451824340520984,1.0,0.18451824340520984
8529,8529,0.370597545409326,0.0,0.370597545409326
8530,8530,0.37789479574666396,1.0,0.37789479574666396
8531,8531,0.677628331024077,0.0,0.677628331024077
8532,8532,0.8600799408769512,1.0,0.8600799408769512
8533,8533,0.07388017349168285,0.0,0.07388017349168285
8534,8534,0.3995533454733352,0.0,0.3995533454733352
8535,8535,0.256283458932413,0.0,0.256283458932413
8536,8536,0.7237385652985132,1.0,0.7237385652985132
8537,8537,0.7162507151348942,1.0,0.7162507151348942
8538,8538,0.6498236583062167,1.0,0.6498236583062167
8539,8539,0.6573032367650279,1.0,0.6573032367650279
8540,8540,0.8260826773052815,1.0,0.8260826773052815
8541,8541,0.2476119837733558,0.0,0.2476119837733558
8542,8542,0.38254211749759903,0.0,0.38254211749759903
8543,8543,0.6650140411766519,1.0,0.6650140411766519
8544,8544,0.12372136823813196,0.0,0.12372136823813196
8545,8545,0.39492481203346663,0.0,0.39492481203346663
8546,8546,0.09088195125221876,0.0,0.09088195125221876
8547,8547,0.4718058009755708,0.0,0.4718058009755708
8548,8548,0.16138967051723374,0.0,0.16138967051723374
8549,8549,0.8475016729332604,1.0,0.8475016729332604
8550,8550,0.22210710231503605,1.0,0.22210710231503605
8551,8551,0.1660562818496334,0.0,0.1660562818496334
8552,8552,0.010848192115707977,0.0,0.010848192115707977
8553,8553,0.6785008513959988,1.0,0.6785008513959988
8554,8554,0.9335643560262166,1.0,0.9335643560262166
8555,8555,0.9833979931072171,1.0,0.9833979931072171
8556,8556,0.6546568883537256,1.0,0.6546568883537256
8557,8557,0.15841949559220003,0.0,0.15841949559220003
8558,8558,0.7456136300925967,0.0,0.7456136300925967
8559,8559,0.9495290116215639,1.0,0.9495290116215639
8560,8560,0.45903733671262026,1.0,0.45903733671262026
8561,8561,0.3265386420521722,0.0,0.3265386420521722
8562,8562,0.3793095782809608,0.0,0.3793095782809608
8563,8563,0.5022936340024683,0.0,0.5022936340024683
8564,8564,0.20661551713180026,0.0,0.20661551713180026
8565,8565,0.3859299962399655,1.0,0.3859299962399655
8566,8566,0.5450987164871718,0.0,0.5450987164871718
8567,8567,0.16785998788778778,0.0,0.16785998788778778
8568,8568,0.5918094338860528,1.0,0.5918094338860528
8569,8569,0.748483554044625,1.0,0.748483554044625
8570,8570,0.5234399330827632,1.0,0.5234399330827632
8571,8571,0.5168170386877122,1.0,0.5168170386877122
8572,8572,0.6106452012177905,0.0,0.6106452012177905
8573,8573,0.09489381108737804,0.0,0.09489381108737804
8574,8574,0.7455804032564458,0.0,0.7455804032564458
8575,8575,0.04210147386033569,0.0,0.04210147386033569
8576,8576,0.4848162837058567,1.0,0.4848162837058567
8577,8577,0.3929345657819998,1.0,0.3929345657819998
8578,8578,0.9269874912606774,0.0,0.9269874912606774
8579,8579,0.6935370222921873,1.0,0.6935370222921873
8580,8580,0.2554035513839523,1.0,0.2554035513839523
8581,8581,0.5672987676745153,0.0,0.5672987676745153
8582,8582,0.9327673990894296,1.0,0.9327673990894296
8583,8583,0.6968946427301339,0.0,0.6968946427301339
8584,8584,0.3877577021449775,0.0,0.3877577021449775
8585,8585,0.8244854605825093,1.0,0.8244854605825093
8586,8586,0.1481775371651164,0.0,0.1481775371651164
8587,8587,0.2842291636876142,0.0,0.2842291636876142
8588,8588,0.34517741793953693,1.0,0.34517741793953693
8589,8589,0.49425704275274573,1.0,0.49425704275274573
8590,8590,0.6493235257979149,1.0,0.6493235257979149
8591,8591,0.68058311450163,1.0,0.68058311450163
8592,8592,0.9301828252333314,1.0,0.9301828252333314
8593,8593,0.6022786529044296,1.0,0.6022786529044296
8594,8594,0.07259103555081092,0.0,0.07259103555081092
8595,8595,0.27864157088133534,0.0,0.27864157088133534
8596,8596,0.8558078675801672,1.0,0.8558078675801672
8597,8597,0.41767989607581335,1.0,0.41767989607581335
8598,8598,0.06043849728355699,0.0,0.06043849728355699
8599,8599,0.8852582538904933,0.0,0.8852582538904933
8600,8600,0.27423283922781483,1.0,0.27423283922781483
8601,8601,0.42759638931129984,0.0,0.42759638931129984
8602,8602,0.8388314278577836,1.0,0.8388314278577836
8603,8603,0.3816723388603048,0.0,0.3816723388603048
8604,8604,0.3701036176343915,0.0,0.3701036176343915
8605,8605,0.7816938557317384,1.0,0.7816938557317384
8606,8606,0.7950900040215927,0.0,0.7950900040215927
8607,8607,0.9800267441277173,1.0,0.9800267441277173
8608,8608,0.26878888077774143,0.0,0.26878888077774143
8609,8609,0.045598686890808815,0.0,0.045598686890808815
8610,8610,0.35644527422028827,0.0,0.35644527422028827
8611,8611,0.34589237399857964,0.0,0.34589237399857964
8612,8612,0.04418271896944004,0.0,0.04418271896944004
8613,8613,0.6217386959670199,0.0,0.6217386959670199
8614,8614,0.4030931868479959,0.0,0.4030931868479959
8615,8615,0.30455146410677936,1.0,0.30455146410677936
8616,8616,0.08951107026919358,0.0,0.08951107026919358
8617,8617,0.8890338400535975,1.0,0.8890338400535975
8618,8618,0.830297167242207,1.0,0.830297167242207
8619,8619,0.417242121717174,0.0,0.417242121717174
8620,8620,0.40668558930888066,0.0,0.40668558930888066
8621,8621,0.6431716722704564,1.0,0.6431716722704564
8622,8622,0.06775598073383804,0.0,0.06775598073383804
8623,8623,0.6059449008889851,0.0,0.6059449008889851
8624,8624,0.5270000550225229,0.0,0.5270000550225229
8625,8625,0.7498580534253402,1.0,0.7498580534253402
8626,8626,0.3530812810849925,0.0,0.3530812810849925
8627,8627,0.527398633953826,0.0,0.527398633953826
8628,8628,0.7450219519641554,1.0,0.7450219519641554
8629,8629,0.5065869910025593,0.0,0.5065869910025593
8630,8630,0.26870985277470083,1.0,0.26870985277470083
8631,8631,0.8833445225365225,1.0,0.8833445225365225
8632,8632,0.20745454628657523,0.0,0.20745454628657523
8633,8633,0.18789184602373654,0.0,0.18789184602373654
8634,8634,0.9009696685317459,1.0,0.9009696685317459
8635,8635,0.25564513663898336,0.0,0.25564513663898336
8636,8636,0.8964104872561575,1.0,0.8964104872561575
8637,8637,0.04408391264622136,0.0,0.04408391264622136
8638,8638,0.06953282032591479,0.0,0.06953282032591479
8639,8639,0.20414673937414562,0.0,0.20414673937414562
8640,8640,0.78359488697842,1.0,0.78359488697842
8641,8641,0.02158222282933564,0.0,0.02158222282933564
8642,8642,0.011192523109744168,0.0,0.011192523109744168
8643,8643,0.14157915124403153,0.0,0.14157915124403153
8644,8644,0.9573813169228449,1.0,0.9573813169228449
8645,8645,0.646909493601414,1.0,0.646909493601414
8646,8646,0.39411900397578514,0.0,0.39411900397578514
8647,8647,0.9142657850362493,1.0,0.9142657850362493
8648,8648,0.6721759763503613,0.0,0.6721759763503613
8649,8649,0.5823822870983891,1.0,0.5823822870983891
8650,8650,0.9050050477495484,1.0,0.9050050477495484
8651,8651,0.3186737636520872,0.0,0.3186737636520872
8652,8652,0.2589145147695371,0.0,0.2589145147695371
8653,8653,0.9669511399417111,1.0,0.9669511399417111
8654,8654,0.8820882375271901,1.0,0.8820882375271901
8655,8655,0.6988751833495107,1.0,0.6988751833495107
8656,8656,0.9546211813763904,1.0,0.9546211813763904
8657,8657,0.9223485139653275,1.0,0.9223485139653275
8658,8658,0.655334544745144,1.0,0.655334544745144
8659,8659,0.013912530711961857,0.0,0.013912530711961857
8660,8660,0.07828947375519424,0.0,0.07828947375519424
8661,8661,0.9976207664549688,1.0,0.9976207664549688
8662,8662,0.022022604726716022,0.0,0.022022604726716022
8663,8663,0.9178176357623562,1.0,0.9178176357623562
8664,8664,0.9866213568403703,1.0,0.9866213568403703
8665,8665,0.04490818828281862,1.0,0.04490818828281862
8666,8666,0.6774705582303321,1.0,0.6774705582303321
8667,8667,0.19205466108004188,0.0,0.19205466108004188
8668,8668,0.275959721122618,0.0,0.275959721122618
8669,8669,0.30596050384608886,0.0,0.30596050384608886
8670,8670,0.12202615265398109,1.0,0.12202615265398109
8671,8671,0.5045164652682549,0.0,0.5045164652682549
8672,8672,0.9603702751636567,1.0,0.9603702751636567
8673,8673,0.18371259278025986,0.0,0.18371259278025986
8674,8674,0.5772953469065927,1.0,0.5772953469065927
8675,8675,0.1234878561690288,1.0,0.1234878561690288
8676,8676,0.7431501127160278,1.0,0.7431501127160278
8677,8677,0.6210661526687029,0.0,0.6210661526687029
8678,8678,0.43708293382888685,0.0,0.43708293382888685
8679,8679,0.6011840738719114,0.0,0.6011840738719114
8680,8680,0.5930590757770893,0.0,0.5930590757770893
8681,8681,0.014998355163973298,0.0,0.014998355163973298
8682,8682,0.7899041971741552,1.0,0.7899041971741552
8683,8683,0.289830792517742,0.0,0.289830792517742
8684,8684,0.007653552161460131,0.0,0.007653552161460131
8685,8685,0.5705850399098635,1.0,0.5705850399098635
8686,8686,0.6419508698393016,1.0,0.6419508698393016
8687,8687,0.07017306849059668,0.0,0.07017306849059668
8688,8688,0.9617923021485171,1.0,0.9617923021485171
8689,8689,0.8256276846765651,1.0,0.8256276846765651
8690,8690,0.18704144453895688,0.0,0.18704144453895688
8691,8691,0.7245904388174703,1.0,0.7245904388174703
8692,8692,0.41618897627555096,1.0,0.41618897627555096
8693,8693,0.39789160057926254,1.0,0.39789160057926254
8694,8694,0.4745118924062349,0.0,0.4745118924062349
8695,8695,0.47031841888166104,1.0,0.47031841888166104
8696,8696,0.5748231547926309,0.0,0.5748231547926309
8697,8697,0.2950561003154968,0.0,0.2950561003154968
8698,8698,0.7020803103567904,0.0,0.7020803103567904
8699,8699,0.7934988586788279,1.0,0.7934988586788279
8700,8700,0.7609430515191413,1.0,0.7609430515191413
8701,8701,0.4495828188488975,1.0,0.4495828188488975
8702,8702,0.564048451898996,1.0,0.564048451898996
8703,8703,0.10997719046345455,0.0,0.10997719046345455
8704,8704,0.4785771021246087,1.0,0.4785771021246087
8705,8705,0.739447811625347,1.0,0.739447811625347
8706,8706,0.7146311246015603,1.0,0.7146311246015603
8707,8707,0.6034318160961908,0.0,0.6034318160961908
8708,8708,0.7906680670322475,1.0,0.7906680670322475
8709,8709,0.6363494186028461,0.0,0.6363494186028461
8710,8710,0.9223383804184312,1.0,0.9223383804184312
8711,8711,0.9523109452109344,1.0,0.9523109452109344
8712,8712,0.2269648073437358,0.0,0.2269648073437358
8713,8713,0.4867678592241802,1.0,0.4867678592241802
8714,8714,0.2733393583461705,0.0,0.2733393583461705
8715,8715,0.7593747351903453,0.0,0.7593747351903453
8716,8716,0.04561912968807669,0.0,0.04561912968807669
8717,8717,0.33779843755333316,0.0,0.33779843755333316
8718,8718,0.907245665251264,1.0,0.907245665251264
8719,8719,0.8670038929083785,1.0,0.8670038929083785
8720,8720,0.9851507291210801,1.0,0.9851507291210801
8721,8721,0.968088702432393,1.0,0.968088702432393
8722,8722,0.012734413009075185,0.0,0.012734413009075185
8723,8723,0.11471496356355282,1.0,0.11471496356355282
8724,8724,0.2460941306597565,0.0,0.2460941306597565
8725,8725,0.4719915853140345,0.0,0.4719915853140345
8726,8726,0.35307607048898404,0.0,0.35307607048898404
8727,8727,0.44931228522154276,1.0,0.44931228522154276
8728,8728,0.12564665328606228,0.0,0.12564665328606228
8729,8729,0.748188234510255,1.0,0.748188234510255
8730,8730,0.09944136155653338,0.0,0.09944136155653338
8731,8731,0.08311418655989355,0.0,0.08311418655989355
8732,8732,0.471147776400233,1.0,0.471147776400233
8733,8733,0.9554457447276095,1.0,0.9554457447276095
8734,8734,0.6470615690741992,0.0,0.6470615690741992
8735,8735,0.8044835506231393,1.0,0.8044835506231393
8736,8736,0.9275442186691442,1.0,0.9275442186691442
8737,8737,0.4788409275282799,1.0,0.4788409275282799
8738,8738,0.16124857778446933,1.0,0.16124857778446933
8739,8739,0.26802629427236924,0.0,0.26802629427236924
8740,8740,0.7626960441111872,1.0,0.7626960441111872
8741,8741,0.26599594556892836,0.0,0.26599594556892836
8742,8742,0.16189063835723838,0.0,0.16189063835723838
8743,8743,0.2937067725902692,1.0,0.2937067725902692
8744,8744,0.27099683697120835,0.0,0.27099683697120835
8745,8745,0.002159043784511261,0.0,0.002159043784511261
8746,8746,0.9689041330690619,1.0,0.9689041330690619
8747,8747,0.09090154311672627,0.0,0.09090154311672627
8748,8748,0.25837213892732735,0.0,0.25837213892732735
8749,8749,0.3760818080959828,1.0,0.3760818080959828
8750,8750,0.2482881914507965,1.0,0.2482881914507965
8751,8751,0.6095837224573833,1.0,0.6095837224573833
8752,8752,0.7101117764038023,0.0,0.7101117764038023
8753,8753,0.709716468942064,1.0,0.709716468942064
8754,8754,0.3837387899112563,0.0,0.3837387899112563
8755,8755,0.9085901835147118,1.0,0.9085901835147118
8756,8756,0.08348905340379242,0.0,0.08348905340379242
8757,8757,0.07333294526030187,0.0,0.07333294526030187
8758,8758,0.8286602539070911,1.0,0.8286602539070911
8759,8759,0.3892369658978512,0.0,0.3892369658978512
8760,8760,0.5887685072577863,0.0,0.5887685072577863
8761,8761,0.2664535382931019,0.0,0.2664535382931019
8762,8762,0.43610257982414025,0.0,0.43610257982414025
8763,8763,0.9415461638859898,1.0,0.9415461638859898
8764,8764,0.942752558082341,1.0,0.942752558082341
8765,8765,0.13175693441922642,0.0,0.13175693441922642
8766,8766,0.628247791633108,0.0,0.628247791633108
8767,8767,0.35494046443362504,1.0,0.35494046443362504
8768,8768,0.44286585763817077,0.0,0.44286585763817077
8769,8769,0.5256898214745175,1.0,0.5256898214745175
8770,8770,0.7158341625855865,1.0,0.7158341625855865
8771,8771,0.8605140565765848,1.0,0.8605140565765848
8772,8772,0.7505613224679054,1.0,0.7505613224679054
8773,8773,0.8898137862168636,1.0,0.8898137862168636
8774,8774,0.38328561575612763,0.0,0.38328561575612763
8775,8775,0.6542954495778172,0.0,0.6542954495778172
8776,8776,0.20458719957412042,0.0,0.20458719957412042
8777,8777,0.5752038272349818,0.0,0.5752038272349818
8778,8778,0.10268404843574586,0.0,0.10268404843574586
8779,8779,0.8395265423171321,1.0,0.8395265423171321
8780,8780,0.7371786502710874,1.0,0.7371786502710874
8781,8781,0.8647355103570848,1.0,0.8647355103570848
8782,8782,0.13692783463725,0.0,0.13692783463725
8783,8783,0.25761947157255305,0.0,0.25761947157255305
8784,8784,0.40040617233400067,1.0,0.40040617233400067
8785,8785,0.6405504949369002,1.0,0.6405504949369002
8786,8786,0.7295388439198169,1.0,0.7295388439198169
8787,8787,0.9220322515121094,1.0,0.9220322515121094
8788,8788,0.5540363058997229,0.0,0.5540363058997229
8789,8789,0.24843826641932887,0.0,0.24843826641932887
8790,8790,0.429839745811172,1.0,0.429839745811172
8791,8791,0.067771766375601,0.0,0.067771766375601
8792,8792,0.24580940349036384,0.0,0.24580940349036384
8793,8793,0.04718481353771997,0.0,0.04718481353771997
8794,8794,0.15192172270360915,1.0,0.15192172270360915
8795,8795,0.62100603481098,1.0,0.62100603481098
8796,8796,0.15330758657992016,0.0,0.15330758657992016
8797,8797,0.9466737928232224,1.0,0.9466737928232224
8798,8798,0.8256972757013329,1.0,0.8256972757013329
8799,8799,0.09812010649973735,0.0,0.09812010649973735
8800,8800,0.8250754065000341,1.0,0.8250754065000341
8801,8801,0.7708567007383175,1.0,0.7708567007383175
8802,8802,0.2755351169237156,1.0,0.2755351169237156
8803,8803,0.5292976669074515,0.0,0.5292976669074515
8804,8804,0.6541642944847231,1.0,0.6541642944847231
8805,8805,0.7768908085933272,1.0,0.7768908085933272
8806,8806,0.5560062714562356,0.0,0.5560062714562356
8807,8807,0.15747389800897182,0.0,0.15747389800897182
8808,8808,0.9170631055358555,1.0,0.9170631055358555
8809,8809,0.9616151872667915,1.0,0.9616151872667915
8810,8810,0.17388332549506924,0.0,0.17388332549506924
8811,8811,0.6896377884958469,0.0,0.6896377884958469
8812,8812,0.6763676927054522,1.0,0.6763676927054522
8813,8813,0.4958337458139531,1.0,0.4958337458139531
8814,8814,0.6226025144601227,0.0,0.6226025144601227
8815,8815,0.2905088785351504,1.0,0.2905088785351504
8816,8816,0.7495191404029468,1.0,0.7495191404029468
8817,8817,0.05197298221971791,0.0,0.05197298221971791
8818,8818,0.313630872688646,0.0,0.313630872688646
8819,8819,0.22971432401361835,0.0,0.22971432401361835
8820,8820,0.005388524678557105,0.0,0.005388524678557105
8821,8821,0.5898999069649268,1.0,0.5898999069649268
8822,8822,0.707358703516047,0.0,0.707358703516047
8823,8823,0.5076972968134155,0.0,0.5076972968134155
8824,8824,0.5060315421597434,0.0,0.5060315421597434
8825,8825,0.7744026464696064,1.0,0.7744026464696064
8826,8826,0.991529463660315,1.0,0.991529463660315
8827,8827,0.9419406642418593,1.0,0.9419406642418593
8828,8828,0.8201748204060302,1.0,0.8201748204060302
8829,8829,0.04173593188501856,0.0,0.04173593188501856
8830,8830,0.5235545166678471,0.0,0.5235545166678471
8831,8831,0.7338399377767895,1.0,0.7338399377767895
8832,8832,0.6069085664639196,1.0,0.6069085664639196
8833,8833,0.5250692567015551,0.0,0.5250692567015551
8834,8834,0.7983186644399264,1.0,0.7983186644399264
8835,8835,0.06799143618999082,0.0,0.06799143618999082
8836,8836,0.9057094397700564,1.0,0.9057094397700564
8837,8837,0.5160002383738275,1.0,0.5160002383738275
8838,8838,0.7924768945335886,1.0,0.7924768945335886
8839,8839,0.24915216015579678,0.0,0.24915216015579678
8840,8840,0.04289917975486457,0.0,0.04289917975486457
8841,8841,0.02898991212852564,0.0,0.02898991212852564
8842,8842,0.683071446791906,0.0,0.683071446791906
8843,8843,0.38435346029363193,1.0,0.38435346029363193
8844,8844,0.4374942860438161,0.0,0.4374942860438161
8845,8845,0.8505871376025195,1.0,0.8505871376025195
8846,8846,0.6976460426636348,1.0,0.6976460426636348
8847,8847,0.8337854397818223,1.0,0.8337854397818223
8848,8848,0.6191241539430783,1.0,0.6191241539430783
8849,8849,0.8194868851986147,1.0,0.8194868851986147
8850,8850,0.4129606428343401,0.0,0.4129606428343401
8851,8851,0.8187293180082725,1.0,0.8187293180082725
8852,8852,0.8625982461479799,1.0,0.8625982461479799
8853,8853,0.39037741004967774,1.0,0.39037741004967774
8854,8854,0.38170534352512664,0.0,0.38170534352512664
8855,8855,0.6639294719473748,1.0,0.6639294719473748
8856,8856,0.5399170511337466,1.0,0.5399170511337466
8857,8857,0.22838620939956444,1.0,0.22838620939956444
8858,8858,0.34523071552231754,1.0,0.34523071552231754
8859,8859,0.20245559488664533,0.0,0.20245559488664533
8860,8860,0.31861488613414346,0.0,0.31861488613414346
8861,8861,0.16584594902464567,1.0,0.16584594902464567
8862,8862,0.3774741062925572,0.0,0.3774741062925572
8863,8863,0.048634808107381966,0.0,0.048634808107381966
8864,8864,0.024424916921294892,0.0,0.024424916921294892
8865,8865,0.7746634667901193,1.0,0.7746634667901193
8866,8866,0.34040104485630907,1.0,0.34040104485630907
8867,8867,0.9595853998264919,1.0,0.9595853998264919
8868,8868,0.1362528123285781,0.0,0.1362528123285781
8869,8869,0.14117211626226955,1.0,0.14117211626226955
8870,8870,0.33216975267865934,1.0,0.33216975267865934
8871,8871,0.8418807908026607,1.0,0.8418807908026607
8872,8872,0.50013272167074,1.0,0.50013272167074
8873,8873,0.10764669113873027,0.0,0.10764669113873027
8874,8874,0.07833048665606956,0.0,0.07833048665606956
8875,8875,0.792070741752751,1.0,0.792070741752751
8876,8876,0.18989430508308847,0.0,0.18989430508308847
8877,8877,0.6361045110742106,0.0,0.6361045110742106
8878,8878,0.09144770629542653,0.0,0.09144770629542653
8879,8879,0.1549238988851941,0.0,0.1549238988851941
8880,8880,0.7565988625821296,1.0,0.7565988625821296
8881,8881,0.1085706693690861,0.0,0.1085706693690861
8882,8882,0.17695245103139012,0.0,0.17695245103139012
8883,8883,0.8864619391914612,1.0,0.8864619391914612
8884,8884,0.30491794660265903,1.0,0.30491794660265903
8885,8885,0.4970096062723782,0.0,0.4970096062723782
8886,8886,0.7265501426840604,1.0,0.7265501426840604
8887,8887,0.5490398387475106,0.0,0.5490398387475106
8888,8888,0.09225456716544622,0.0,0.09225456716544622
8889,8889,0.06746942527970068,1.0,0.06746942527970068
8890,8890,0.45716414688791285,0.0,0.45716414688791285
8891,8891,0.6745976009493829,0.0,0.6745976009493829
8892,8892,0.22663790183069676,0.0,0.22663790183069676
8893,8893,0.5820961849166197,0.0,0.5820961849166197
8894,8894,0.17138109536380663,1.0,0.17138109536380663
8895,8895,0.16655729026221078,0.0,0.16655729026221078
8896,8896,0.5181412485013763,0.0,0.5181412485013763
8897,8897,0.38995206333812127,0.0,0.38995206333812127
8898,8898,0.6244669827960074,1.0,0.6244669827960074
8899,8899,0.9256739803639019,1.0,0.9256739803639019
8900,8900,0.4843288856585132,1.0,0.4843288856585132
8901,8901,0.6476628897246641,1.0,0.6476628897246641
8902,8902,0.03319127146769907,0.0,0.03319127146769907
8903,8903,0.12822023954887884,0.0,0.12822023954887884
8904,8904,0.7190514415899519,1.0,0.7190514415899519
8905,8905,0.23394265547847726,0.0,0.23394265547847726
8906,8906,0.271761357191738,0.0,0.271761357191738
8907,8907,0.057683997885779936,0.0,0.057683997885779936
8908,8908,0.3013787841069071,0.0,0.3013787841069071
8909,8909,0.35958099107316166,0.0,0.35958099107316166
8910,8910,0.08857560733227421,1.0,0.08857560733227421
8911,8911,0.23374870795384062,0.0,0.23374870795384062
8912,8912,0.6416408862164408,1.0,0.6416408862164408
8913,8913,0.3060783638979079,0.0,0.3060783638979079
8914,8914,0.7172180695929463,0.0,0.7172180695929463
8915,8915,0.6100912028874655,0.0,0.6100912028874655
8916,8916,0.8598159048785068,1.0,0.8598159048785068
8917,8917,0.28739840810062334,0.0,0.28739840810062334
8918,8918,0.9660072614201811,1.0,0.9660072614201811
8919,8919,0.11244345469620065,0.0,0.11244345469620065
8920,8920,0.8830014316661827,1.0,0.8830014316661827
8921,8921,0.5163902735355291,0.0,0.5163902735355291
8922,8922,0.8574383722085165,1.0,0.8574383722085165
8923,8923,0.3404484616873692,1.0,0.3404484616873692
8924,8924,0.9410064813967046,1.0,0.9410064813967046
8925,8925,0.4474812904736223,1.0,0.4474812904736223
8926,8926,0.31378870521148294,1.0,0.31378870521148294
8927,8927,0.36525586137716637,1.0,0.36525586137716637
8928,8928,0.7153599813791017,1.0,0.7153599813791017
8929,8929,0.7510620256833429,1.0,0.7510620256833429
8930,8930,0.5948295475487122,0.0,0.5948295475487122
8931,8931,0.8945744547897001,1.0,0.8945744547897001
8932,8932,0.9117799483078071,1.0,0.9117799483078071
8933,8933,0.13154531109015088,0.0,0.13154531109015088
8934,8934,0.0026547543476281854,0.0,0.0026547543476281854
8935,8935,0.17634267484607835,0.0,0.17634267484607835
8936,8936,0.48946872682563747,1.0,0.48946872682563747
8937,8937,0.6878259358681057,1.0,0.6878259358681057
8938,8938,0.3754894647831485,1.0,0.3754894647831485
8939,8939,0.23955284120933795,0.0,0.23955284120933795
8940,8940,0.2248819062041142,0.0,0.2248819062041142
8941,8941,0.9763467956143725,0.0,0.9763467956143725
8942,8942,0.2501566540020753,0.0,0.2501566540020753
8943,8943,0.8242625994554236,1.0,0.8242625994554236
8944,8944,0.2059481015439013,0.0,0.2059481015439013
8945,8945,0.10469670966959588,0.0,0.10469670966959588
8946,8946,0.6118207655241281,0.0,0.6118207655241281
8947,8947,0.06351891101432616,0.0,0.06351891101432616
8948,8948,0.5196649204457184,1.0,0.5196649204457184
8949,8949,0.20175107577302132,1.0,0.20175107577302132
8950,8950,0.9246923995565308,1.0,0.9246923995565308
8951,8951,0.8141370422603564,1.0,0.8141370422603564
8952,8952,0.3736143296368811,0.0,0.3736143296368811
8953,8953,0.4160508126205307,0.0,0.4160508126205307
8954,8954,0.11623973237724983,0.0,0.11623973237724983
8955,8955,0.35633651231020014,0.0,0.35633651231020014
8956,8956,0.9220502648617547,1.0,0.9220502648617547
8957,8957,0.745629533307817,1.0,0.745629533307817
8958,8958,0.7188003775333687,0.0,0.7188003775333687
8959,8959,0.1122065700433752,1.0,0.1122065700433752
8960,8960,0.551108181971191,1.0,0.551108181971191
8961,8961,0.21292160159268625,0.0,0.21292160159268625
8962,8962,0.03342927017931263,0.0,0.03342927017931263
8963,8963,0.9900214242783391,1.0,0.9900214242783391
8964,8964,0.31336248617154294,1.0,0.31336248617154294
8965,8965,0.06896156603550396,0.0,0.06896156603550396
8966,8966,0.7448781316443552,1.0,0.7448781316443552
8967,8967,0.7867035056393996,1.0,0.7867035056393996
8968,8968,0.7716420542604348,1.0,0.7716420542604348
8969,8969,0.337018670326637,0.0,0.337018670326637
8970,8970,0.8771266663613642,1.0,0.8771266663613642
8971,8971,0.7077662559162092,1.0,0.7077662559162092
8972,8972,0.7987311222091114,1.0,0.7987311222091114
8973,8973,0.4286121849992064,0.0,0.4286121849992064
8974,8974,0.8443675324125106,1.0,0.8443675324125106
8975,8975,0.8512392319404275,0.0,0.8512392319404275
8976,8976,0.9683821715719415,1.0,0.9683821715719415
8977,8977,0.04271972904340238,1.0,0.04271972904340238
8978,8978,0.6604525027286048,1.0,0.6604525027286048
8979,8979,0.5791459178943056,0.0,0.5791459178943056
8980,8980,0.07569690751665026,0.0,0.07569690751665026
8981,8981,0.31718073822287296,0.0,0.31718073822287296
8982,8982,0.016068837464407126,0.0,0.016068837464407126
8983,8983,0.9908838747413926,1.0,0.9908838747413926
8984,8984,0.12095890648202579,0.0,0.12095890648202579
8985,8985,0.35571311850916676,0.0,0.35571311850916676
8986,8986,0.0004430545548717024,0.0,0.0004430545548717024
8987,8987,0.09339102109187569,1.0,0.09339102109187569
8988,8988,0.043030081574102264,0.0,0.043030081574102264
8989,8989,0.9111582490095907,1.0,0.9111582490095907
8990,8990,0.7448712901815705,0.0,0.7448712901815705
8991,8991,0.7200974113046135,1.0,0.7200974113046135
8992,8992,0.7705983001615327,0.0,0.7705983001615327
8993,8993,0.6027783067613611,1.0,0.6027783067613611
8994,8994,0.8667987928798068,1.0,0.8667987928798068
8995,8995,0.8486625636601716,1.0,0.8486625636601716
8996,8996,0.36940482873062075,1.0,0.36940482873062075
8997,8997,0.47717610692728574,1.0,0.47717610692728574
8998,8998,0.8337123055865748,1.0,0.8337123055865748
8999,8999,0.8433448281700142,1.0,0.8433448281700142
9000,9000,0.3022951111963079,0.0,0.3022951111963079
9001,9001,0.5475989065278081,1.0,0.5475989065278081
9002,9002,0.1569070319716772,0.0,0.1569070319716772
9003,9003,0.5185721358568858,0.0,0.5185721358568858
9004,9004,0.5787351217916975,1.0,0.5787351217916975
9005,9005,0.026574257906089693,0.0,0.026574257906089693
9006,9006,0.6186965788901726,0.0,0.6186965788901726
9007,9007,0.09733942544379148,0.0,0.09733942544379148
9008,9008,0.5200730073288797,0.0,0.5200730073288797
9009,9009,0.18167279386979562,0.0,0.18167279386979562
9010,9010,0.8756358899681526,1.0,0.8756358899681526
9011,9011,0.28189577661038046,1.0,0.28189577661038046
9012,9012,0.5994985839875328,0.0,0.5994985839875328
9013,9013,0.7225202451197846,1.0,0.7225202451197846
9014,9014,0.7592745448304676,1.0,0.7592745448304676
9015,9015,0.056020802399698866,0.0,0.056020802399698866
9016,9016,0.22564657023130996,0.0,0.22564657023130996
9017,9017,0.4501962469334566,0.0,0.4501962469334566
9018,9018,0.6146852530512441,0.0,0.6146852530512441
9019,9019,0.6212161043535763,0.0,0.6212161043535763
9020,9020,0.4331947347482046,0.0,0.4331947347482046
9021,9021,0.1380778512295997,0.0,0.1380778512295997
9022,9022,0.24635127048839944,0.0,0.24635127048839944
9023,9023,0.9443163029642307,1.0,0.9443163029642307
9024,9024,0.7089585019784423,1.0,0.7089585019784423
9025,9025,0.15653743464411152,1.0,0.15653743464411152
9026,9026,0.08026969307181653,0.0,0.08026969307181653
9027,9027,0.4147551538182188,0.0,0.4147551538182188
9028,9028,0.38930926339734884,0.0,0.38930926339734884
9029,9029,0.8459781166870862,1.0,0.8459781166870862
9030,9030,0.9452805243334095,1.0,0.9452805243334095
9031,9031,0.5957224901209607,1.0,0.5957224901209607
9032,9032,0.25819612984679763,0.0,0.25819612984679763
9033,9033,0.550310755412918,0.0,0.550310755412918
9034,9034,0.28245318428812116,0.0,0.28245318428812116
9035,9035,0.670541924614719,1.0,0.670541924614719
9036,9036,0.6980333989573291,1.0,0.6980333989573291
9037,9037,0.6012564654164207,1.0,0.6012564654164207
9038,9038,0.8137341788836125,0.0,0.8137341788836125
9039,9039,0.1515871287303746,0.0,0.1515871287303746
9040,9040,0.8815516715489125,1.0,0.8815516715489125
9041,9041,0.36416718428358863,0.0,0.36416718428358863
9042,9042,0.2920542442385615,0.0,0.2920542442385615
9043,9043,0.5419027406820768,0.0,0.5419027406820768
9044,9044,0.4188632190859922,1.0,0.4188632190859922
9045,9045,0.02571832257481621,0.0,0.02571832257481621
9046,9046,0.7353096754596006,1.0,0.7353096754596006
9047,9047,0.7353031549035834,0.0,0.7353031549035834
9048,9048,0.7220475521055529,1.0,0.7220475521055529
9049,9049,0.464406397805622,0.0,0.464406397805622
9050,9050,0.6467433003403157,0.0,0.6467433003403157
9051,9051,0.8538249904812903,1.0,0.8538249904812903
9052,9052,0.43170582803121305,1.0,0.43170582803121305
9053,9053,0.0003063616900760291,0.0,0.0003063616900760291
9054,9054,0.652839412390062,0.0,0.652839412390062
9055,9055,0.35055345998896636,1.0,0.35055345998896636
9056,9056,0.1668776358138475,0.0,0.1668776358138475
9057,9057,0.23203347836777477,0.0,0.23203347836777477
9058,9058,0.9287444521915056,1.0,0.9287444521915056
9059,9059,0.3579189860183484,1.0,0.3579189860183484
9060,9060,0.5234866400760116,1.0,0.5234866400760116
9061,9061,0.3972273020334517,0.0,0.3972273020334517
9062,9062,0.6444179930339445,1.0,0.6444179930339445
9063,9063,0.4910934497290642,1.0,0.4910934497290642
9064,9064,0.41836878263754795,0.0,0.41836878263754795
9065,9065,0.376225297325267,0.0,0.376225297325267
9066,9066,0.5930958926546334,0.0,0.5930958926546334
9067,9067,0.33494557503989875,0.0,0.33494557503989875
9068,9068,0.09351638796116224,0.0,0.09351638796116224
9069,9069,0.5148116767735765,1.0,0.5148116767735765
9070,9070,0.42793818205718703,0.0,0.42793818205718703
9071,9071,0.31352337803187214,0.0,0.31352337803187214
9072,9072,0.655437469675595,0.0,0.655437469675595
9073,9073,0.8206279424204689,1.0,0.8206279424204689
9074,9074,0.7736925336288107,1.0,0.7736925336288107
9075,9075,0.4922699810305321,0.0,0.4922699810305321
9076,9076,0.8053550002292497,1.0,0.8053550002292497
9077,9077,0.312629272675091,0.0,0.312629272675091
9078,9078,0.7524511315817503,0.0,0.7524511315817503
9079,9079,0.10322370467325381,0.0,0.10322370467325381
9080,9080,0.6491945568890156,1.0,0.6491945568890156
9081,9081,0.5840475982392347,1.0,0.5840475982392347
9082,9082,0.5768572747603167,1.0,0.5768572747603167
9083,9083,0.8772097464657359,1.0,0.8772097464657359
9084,9084,0.12347304952694438,0.0,0.12347304952694438
9085,9085,0.03362422106031948,0.0,0.03362422106031948
9086,9086,0.7697614954826923,1.0,0.7697614954826923
9087,9087,0.40353739737821737,1.0,0.40353739737821737
9088,9088,0.8486274714901004,1.0,0.8486274714901004
9089,9089,0.31868268338626005,0.0,0.31868268338626005
9090,9090,0.8232642221695889,1.0,0.8232642221695889
9091,9091,0.3085760238040447,0.0,0.3085760238040447
9092,9092,0.16343050229822487,0.0,0.16343050229822487
9093,9093,0.7406740161091115,0.0,0.7406740161091115
9094,9094,0.6185856088454893,0.0,0.6185856088454893
9095,9095,0.72187139790266,1.0,0.72187139790266
9096,9096,0.06559042834083217,0.0,0.06559042834083217
9097,9097,0.10546118450548103,0.0,0.10546118450548103
9098,9098,0.4919600516818503,0.0,0.4919600516818503
9099,9099,0.8971015614933537,1.0,0.8971015614933537
9100,9100,0.22203773062441257,0.0,0.22203773062441257
9101,9101,0.9222159210003698,1.0,0.9222159210003698
9102,9102,0.6068468058644011,0.0,0.6068468058644011
9103,9103,0.07096788543072208,0.0,0.07096788543072208
9104,9104,0.9760526981591474,1.0,0.9760526981591474
9105,9105,0.3381566663602885,0.0,0.3381566663602885
9106,9106,0.4024509746546837,0.0,0.4024509746546837
9107,9107,0.31866036598892167,0.0,0.31866036598892167
9108,9108,0.10566634261037144,0.0,0.10566634261037144
9109,9109,0.5564336498406336,0.0,0.5564336498406336
9110,9110,0.19837608767368087,0.0,0.19837608767368087
9111,9111,0.9089410644804298,1.0,0.9089410644804298
9112,9112,0.681636203946167,1.0,0.681636203946167
9113,9113,0.21263962697803962,0.0,0.21263962697803962
9114,9114,0.13902705900080492,0.0,0.13902705900080492
9115,9115,0.5201534387963426,0.0,0.5201534387963426
9116,9116,0.9858512915488529,1.0,0.9858512915488529
9117,9117,0.7338768820436107,1.0,0.7338768820436107
9118,9118,0.2812945294159477,0.0,0.2812945294159477
9119,9119,0.7443776788886413,0.0,0.7443776788886413
9120,9120,0.4510621488584162,0.0,0.4510621488584162
9121,9121,0.6972025597216084,1.0,0.6972025597216084
9122,9122,0.6102534151563137,0.0,0.6102534151563137
9123,9123,0.5099070217625694,1.0,0.5099070217625694
9124,9124,0.3370134377494002,1.0,0.3370134377494002
9125,9125,0.012148052146357613,0.0,0.012148052146357613
9126,9126,0.7733069306046214,1.0,0.7733069306046214
9127,9127,0.2681670073323438,0.0,0.2681670073323438
9128,9128,0.8033614667471611,1.0,0.8033614667471611
9129,9129,0.8172358444809033,1.0,0.8172358444809033
9130,9130,0.5426686566705745,1.0,0.5426686566705745
9131,9131,0.8955128581011854,1.0,0.8955128581011854
9132,9132,0.735118112721055,1.0,0.735118112721055
9133,9133,0.7910462147524434,1.0,0.7910462147524434
9134,9134,0.43282057728339085,0.0,0.43282057728339085
9135,9135,0.16771905988941926,0.0,0.16771905988941926
9136,9136,0.923509049937603,0.0,0.923509049937603
9137,9137,0.419877926858663,0.0,0.419877926858663
9138,9138,0.7073281155311326,1.0,0.7073281155311326
9139,9139,0.5854405289009327,1.0,0.5854405289009327
9140,9140,0.9784701408145053,1.0,0.9784701408145053
9141,9141,0.7598712800788029,0.0,0.7598712800788029
9142,9142,0.021909967149878806,0.0,0.021909967149878806
9143,9143,0.6065850045438789,1.0,0.6065850045438789
9144,9144,0.3058017466429249,1.0,0.3058017466429249
9145,9145,0.35630196094859634,1.0,0.35630196094859634
9146,9146,0.8324300996407465,1.0,0.8324300996407465
9147,9147,0.027649104586435103,0.0,0.027649104586435103
9148,9148,0.8637834803724929,0.0,0.8637834803724929
9149,9149,0.678991268999916,0.0,0.678991268999916
9150,9150,0.9543101297540105,1.0,0.9543101297540105
9151,9151,0.467019034264599,0.0,0.467019034264599
9152,9152,0.8780130631626478,1.0,0.8780130631626478
9153,9153,0.8781035247232069,1.0,0.8781035247232069
9154,9154,0.6254392462013071,1.0,0.6254392462013071
9155,9155,0.49841496148800246,0.0,0.49841496148800246
9156,9156,0.8835508191811497,1.0,0.8835508191811497
9157,9157,0.9417836336809958,1.0,0.9417836336809958
9158,9158,0.8535830507211185,1.0,0.8535830507211185
9159,9159,0.33491411880050215,0.0,0.33491411880050215
9160,9160,0.49971329126251973,0.0,0.49971329126251973
9161,9161,0.15622770871476677,1.0,0.15622770871476677
9162,9162,0.35507678806358345,0.0,0.35507678806358345
9163,9163,0.9605954614833586,1.0,0.9605954614833586
9164,9164,0.5213857145118137,1.0,0.5213857145118137
9165,9165,0.6693097813912502,0.0,0.6693097813912502
9166,9166,0.523109580732801,0.0,0.523109580732801
9167,9167,0.8153192272033117,1.0,0.8153192272033117
9168,9168,0.5557299987335279,1.0,0.5557299987335279
9169,9169,0.9230472331241526,1.0,0.9230472331241526
9170,9170,0.4978539607108152,1.0,0.4978539607108152
9171,9171,0.7865450678814565,1.0,0.7865450678814565
9172,9172,0.4541389736566499,1.0,0.4541389736566499
9173,9173,0.7210543273563234,1.0,0.7210543273563234
9174,9174,0.07157896361121541,1.0,0.07157896361121541
9175,9175,0.48696298355175194,1.0,0.48696298355175194
9176,9176,0.7505986447925032,1.0,0.7505986447925032
9177,9177,0.33301353761647,0.0,0.33301353761647
9178,9178,0.14461483244945506,0.0,0.14461483244945506
9179,9179,0.2072720571185911,0.0,0.2072720571185911
9180,9180,0.5828541963563361,1.0,0.5828541963563361
9181,9181,0.4362513760046173,1.0,0.4362513760046173
9182,9182,0.6213483151329425,0.0,0.6213483151329425
9183,9183,0.24149134127292893,1.0,0.24149134127292893
9184,9184,0.26456980647914774,1.0,0.26456980647914774
9185,9185,0.6446231030428171,0.0,0.6446231030428171
9186,9186,0.19092929637123368,1.0,0.19092929637123368
9187,9187,0.2246337781373391,0.0,0.2246337781373391
9188,9188,0.7565800558365462,1.0,0.7565800558365462
9189,9189,0.3364640461607651,1.0,0.3364640461607651
9190,9190,0.835315943649982,1.0,0.835315943649982
9191,9191,0.21579348455058134,0.0,0.21579348455058134
9192,9192,0.2974969849959117,1.0,0.2974969849959117
9193,9193,0.8218852489153166,1.0,0.8218852489153166
9194,9194,0.2994764327364774,1.0,0.2994764327364774
9195,9195,0.26810724939659636,1.0,0.26810724939659636
9196,9196,0.20866396888431438,0.0,0.20866396888431438
9197,9197,0.28010675634227933,0.0,0.28010675634227933
9198,9198,0.8744249980420921,1.0,0.8744249980420921
9199,9199,0.41559725037162176,0.0,0.41559725037162176
9200,9200,0.5979832999674033,1.0,0.5979832999674033
9201,9201,0.4783105603787571,0.0,0.4783105603787571
9202,9202,0.8093968116792241,1.0,0.8093968116792241
9203,9203,0.7423676171376985,1.0,0.7423676171376985
9204,9204,0.8649079115093731,1.0,0.8649079115093731
9205,9205,0.8641231173548136,0.0,0.8641231173548136
9206,9206,0.8981174700129309,1.0,0.8981174700129309
9207,9207,0.5797358677439791,1.0,0.5797358677439791
9208,9208,0.949128713661097,1.0,0.949128713661097
9209,9209,0.4371634021423507,1.0,0.4371634021423507
9210,9210,0.212449439509507,1.0,0.212449439509507
9211,9211,0.24162229513425582,0.0,0.24162229513425582
9212,9212,0.5254060427330586,1.0,0.5254060427330586
9213,9213,0.29037022906110654,0.0,0.29037022906110654
9214,9214,0.5727152355063029,0.0,0.5727152355063029
9215,9215,0.987257147625747,1.0,0.987257147625747
9216,9216,0.6406161284959979,1.0,0.6406161284959979
9217,9217,0.26141942409592234,0.0,0.26141942409592234
9218,9218,0.23854859421068997,1.0,0.23854859421068997
9219,9219,0.16193760897891418,0.0,0.16193760897891418
9220,9220,0.9479153871385717,1.0,0.9479153871385717
9221,9221,0.6892675199021954,1.0,0.6892675199021954
9222,9222,0.24982402399112347,0.0,0.24982402399112347
9223,9223,0.5540822334131041,1.0,0.5540822334131041
9224,9224,0.12472790701644221,0.0,0.12472790701644221
9225,9225,0.4500485287659419,0.0,0.4500485287659419
9226,9226,0.360288181632889,1.0,0.360288181632889
9227,9227,0.5002932645984596,0.0,0.5002932645984596
9228,9228,0.341495868285114,1.0,0.341495868285114
9229,9229,0.4923322389724408,1.0,0.4923322389724408
9230,9230,0.8853288434661444,1.0,0.8853288434661444
9231,9231,0.4232177326504244,0.0,0.4232177326504244
9232,9232,0.014108728981371166,0.0,0.014108728981371166
9233,9233,0.04800137642622204,0.0,0.04800137642622204
9234,9234,0.7389618812631621,0.0,0.7389618812631621
9235,9235,0.9047484552908451,1.0,0.9047484552908451
9236,9236,0.0010634763467226582,0.0,0.0010634763467226582
9237,9237,0.674805591552884,0.0,0.674805591552884
9238,9238,0.7005530524970321,0.0,0.7005530524970321
9239,9239,0.6804734027508261,0.0,0.6804734027508261
9240,9240,0.48340887081938755,0.0,0.48340887081938755
9241,9241,0.9467172382002595,1.0,0.9467172382002595
9242,9242,0.11972840073762081,1.0,0.11972840073762081
9243,9243,0.3874381531093669,0.0,0.3874381531093669
9244,9244,0.34397914059646684,0.0,0.34397914059646684
9245,9245,0.48581788993121555,0.0,0.48581788993121555
9246,9246,0.5601088242238467,1.0,0.5601088242238467
9247,9247,0.6771319087533308,0.0,0.6771319087533308
9248,9248,0.8135696522832176,1.0,0.8135696522832176
9249,9249,0.10611159738447995,0.0,0.10611159738447995
9250,9250,0.36103516599466634,0.0,0.36103516599466634
9251,9251,0.6139921258413393,0.0,0.6139921258413393
9252,9252,0.0034485869542266734,0.0,0.0034485869542266734
9253,9253,0.9126572433682542,1.0,0.9126572433682542
9254,9254,0.15938692104630492,0.0,0.15938692104630492
9255,9255,0.6055194240489242,0.0,0.6055194240489242
9256,9256,0.903343216274533,1.0,0.903343216274533
9257,9257,0.43230692244075064,1.0,0.43230692244075064
9258,9258,0.567567328527984,1.0,0.567567328527984
9259,9259,0.8786410982277111,1.0,0.8786410982277111
9260,9260,0.0325570554048612,0.0,0.0325570554048612
9261,9261,0.17565855697103172,0.0,0.17565855697103172
9262,9262,0.10380980764353986,0.0,0.10380980764353986
9263,9263,0.26600017848775803,0.0,0.26600017848775803
9264,9264,0.00565172506878453,0.0,0.00565172506878453
9265,9265,0.4487380429699791,1.0,0.4487380429699791
9266,9266,0.8309996264106244,1.0,0.8309996264106244
9267,9267,0.07485115343239346,0.0,0.07485115343239346
9268,9268,0.04537467678060936,0.0,0.04537467678060936
9269,9269,0.841805683668026,1.0,0.841805683668026
9270,9270,0.0532759932639536,0.0,0.0532759932639536
9271,9271,0.21934139673661235,0.0,0.21934139673661235
9272,9272,0.6364701566029811,1.0,0.6364701566029811
9273,9273,0.9648366530221101,1.0,0.9648366530221101
9274,9274,0.14403641256124455,0.0,0.14403641256124455
9275,9275,0.7077779261467059,0.0,0.7077779261467059
9276,9276,0.13770105375873964,0.0,0.13770105375873964
9277,9277,0.06485516447154915,0.0,0.06485516447154915
9278,9278,0.9580118012760909,1.0,0.9580118012760909
9279,9279,0.8144057454282215,1.0,0.8144057454282215
9280,9280,0.5259632138729773,0.0,0.5259632138729773
9281,9281,0.7235821816379212,1.0,0.7235821816379212
9282,9282,0.11097346338785685,1.0,0.11097346338785685
9283,9283,0.5212890816395023,1.0,0.5212890816395023
9284,9284,0.3557504527889237,0.0,0.3557504527889237
9285,9285,0.4357593792501536,1.0,0.4357593792501536
9286,9286,0.32983490786746483,0.0,0.32983490786746483
9287,9287,0.1549481723062317,0.0,0.1549481723062317
9288,9288,0.7959643265074884,1.0,0.7959643265074884
9289,9289,0.3836080314551963,1.0,0.3836080314551963
9290,9290,0.7674303612964696,1.0,0.7674303612964696
9291,9291,0.2484989608827456,0.0,0.2484989608827456
9292,9292,0.6236350464399826,1.0,0.6236350464399826
9293,9293,0.44790265251327177,1.0,0.44790265251327177
9294,9294,0.7949314636337355,0.0,0.7949314636337355
9295,9295,0.697561236157771,1.0,0.697561236157771
9296,9296,0.47175361670198157,0.0,0.47175361670198157
9297,9297,0.3941930005226454,0.0,0.3941930005226454
9298,9298,0.05928347397893374,0.0,0.05928347397893374
9299,9299,0.5870590986396844,0.0,0.5870590986396844
9300,9300,0.32026340460380365,0.0,0.32026340460380365
9301,9301,0.442716672219158,0.0,0.442716672219158
9302,9302,0.6913711814816627,1.0,0.6913711814816627
9303,9303,0.4382266782320622,1.0,0.4382266782320622
9304,9304,0.1641206690346353,0.0,0.1641206690346353
9305,9305,0.7966677743655606,1.0,0.7966677743655606
9306,9306,0.7950584236938901,1.0,0.7950584236938901
9307,9307,0.28971243913413747,0.0,0.28971243913413747
9308,9308,0.5412140323176338,1.0,0.5412140323176338
9309,9309,0.6621301388837915,0.0,0.6621301388837915
9310,9310,0.27777570479907054,0.0,0.27777570479907054
9311,9311,0.4749566126560397,0.0,0.4749566126560397
9312,9312,0.1298580455491536,0.0,0.1298580455491536
9313,9313,0.5075588980347945,1.0,0.5075588980347945
9314,9314,0.12425288356036546,0.0,0.12425288356036546
9315,9315,0.6711789015828894,1.0,0.6711789015828894
9316,9316,0.27844764578130177,1.0,0.27844764578130177
9317,9317,0.9126953845406443,1.0,0.9126953845406443
9318,9318,0.44168626343705053,1.0,0.44168626343705053
9319,9319,0.019347170670296898,0.0,0.019347170670296898
9320,9320,0.47527668299330006,1.0,0.47527668299330006
9321,9321,0.4875561940452906,1.0,0.4875561940452906
9322,9322,0.30723722550132637,0.0,0.30723722550132637
9323,9323,0.37476550331287095,0.0,0.37476550331287095
9324,9324,0.7075533166336105,1.0,0.7075533166336105
9325,9325,0.5779613720948245,1.0,0.5779613720948245
9326,9326,0.8446211832468878,1.0,0.8446211832468878
9327,9327,0.7041080799189515,1.0,0.7041080799189515
9328,9328,0.2198339373805882,0.0,0.2198339373805882
9329,9329,0.7665476426081174,0.0,0.7665476426081174
9330,9330,0.08351569910831091,0.0,0.08351569910831091
9331,9331,0.9880276308229077,1.0,0.9880276308229077
9332,9332,0.9347733456138753,1.0,0.9347733456138753
9333,9333,0.7217010548655347,1.0,0.7217010548655347
9334,9334,0.10340754961028109,0.0,0.10340754961028109
9335,9335,0.47977598416523826,0.0,0.47977598416523826
9336,9336,0.802450823744985,1.0,0.802450823744985
9337,9337,0.5538293571341832,1.0,0.5538293571341832
9338,9338,0.31284811794306544,0.0,0.31284811794306544
9339,9339,0.9921086595368194,1.0,0.9921086595368194
9340,9340,0.22087362443334746,1.0,0.22087362443334746
9341,9341,0.4397606239703499,1.0,0.4397606239703499
9342,9342,0.5210585320713674,0.0,0.5210585320713674
9343,9343,0.835702167410583,0.0,0.835702167410583
9344,9344,0.9066084935138097,1.0,0.9066084935138097
9345,9345,0.896387314497653,1.0,0.896387314497653
9346,9346,0.6031336926534758,0.0,0.6031336926534758
9347,9347,0.3051156091124858,0.0,0.3051156091124858
9348,9348,0.9687177168988507,1.0,0.9687177168988507
9349,9349,0.8147693861184131,1.0,0.8147693861184131
9350,9350,0.4007044439975791,1.0,0.4007044439975791
9351,9351,0.838082349082087,1.0,0.838082349082087
9352,9352,0.3537218856860914,1.0,0.3537218856860914
9353,9353,0.858378028156781,1.0,0.858378028156781
9354,9354,0.879934714277122,1.0,0.879934714277122
9355,9355,0.8108513773295298,1.0,0.8108513773295298
9356,9356,0.10830009844430932,0.0,0.10830009844430932
9357,9357,0.9106679084925375,1.0,0.9106679084925375
9358,9358,0.41359134200835834,1.0,0.41359134200835834
9359,9359,0.7407342719635702,1.0,0.7407342719635702
9360,9360,0.19681327234714996,0.0,0.19681327234714996
9361,9361,0.4039579346696438,1.0,0.4039579346696438
9362,9362,0.9159897466279401,1.0,0.9159897466279401
9363,9363,0.5629172650709717,0.0,0.5629172650709717
9364,9364,0.06444236198391462,0.0,0.06444236198391462
9365,9365,0.4010664937183761,1.0,0.4010664937183761
9366,9366,0.780735670366735,1.0,0.780735670366735
9367,9367,0.3667460737709737,0.0,0.3667460737709737
9368,9368,0.042204472095860535,1.0,0.042204472095860535
9369,9369,0.5743642018562051,0.0,0.5743642018562051
9370,9370,0.06136008237549451,0.0,0.06136008237549451
9371,9371,0.48542895645682493,1.0,0.48542895645682493
9372,9372,0.6429162856132437,1.0,0.6429162856132437
9373,9373,0.47532605285317064,1.0,0.47532605285317064
9374,9374,0.6302081433445479,1.0,0.6302081433445479
9375,9375,0.8396334769140172,1.0,0.8396334769140172
9376,9376,0.4827959095865534,0.0,0.4827959095865534
9377,9377,0.47494971182194534,0.0,0.47494971182194534
9378,9378,0.9119338963835693,0.0,0.9119338963835693
9379,9379,0.10543124513675262,0.0,0.10543124513675262
9380,9380,0.13997665117331815,1.0,0.13997665117331815
9381,9381,0.3907439004623301,0.0,0.3907439004623301
9382,9382,0.7462871679608245,1.0,0.7462871679608245
9383,9383,0.2054892041126043,1.0,0.2054892041126043
9384,9384,0.47398128389348027,0.0,0.47398128389348027
9385,9385,0.9461736463094585,1.0,0.9461736463094585
9386,9386,0.9821172148759657,1.0,0.9821172148759657
9387,9387,0.9929884822735429,1.0,0.9929884822735429
9388,9388,0.4011447301563439,0.0,0.4011447301563439
9389,9389,0.6383524903078179,1.0,0.6383524903078179
9390,9390,0.31283057141827075,1.0,0.31283057141827075
9391,9391,0.7476803077158126,0.0,0.7476803077158126
9392,9392,0.5947010929366097,0.0,0.5947010929366097
9393,9393,0.6162686057055735,0.0,0.6162686057055735
9394,9394,0.5571985550052758,1.0,0.5571985550052758
9395,9395,0.5339003838807767,0.0,0.5339003838807767
9396,9396,0.14954777507476003,0.0,0.14954777507476003
9397,9397,0.26441532072444907,0.0,0.26441532072444907
9398,9398,0.29567873657385424,0.0,0.29567873657385424
9399,9399,0.7531703582020893,0.0,0.7531703582020893
9400,9400,0.3273006225447207,0.0,0.3273006225447207
9401,9401,0.020876702569034844,0.0,0.020876702569034844
9402,9402,0.078134369512468,0.0,0.078134369512468
9403,9403,0.023440577194379753,0.0,0.023440577194379753
9404,9404,0.8742301156668001,1.0,0.8742301156668001
9405,9405,0.664971752959885,1.0,0.664971752959885
9406,9406,0.7854139198841974,1.0,0.7854139198841974
9407,9407,0.9093375667091542,1.0,0.9093375667091542
9408,9408,0.7854518022441859,0.0,0.7854518022441859
9409,9409,0.06923967497254746,0.0,0.06923967497254746
9410,9410,0.8457168796142677,1.0,0.8457168796142677
9411,9411,0.4152892897404963,0.0,0.4152892897404963
9412,9412,0.26118630088526307,1.0,0.26118630088526307
9413,9413,0.4640385594248092,1.0,0.4640385594248092
9414,9414,0.30648475694345745,0.0,0.30648475694345745
9415,9415,0.9430770548010827,1.0,0.9430770548010827
9416,9416,0.7043133334955485,1.0,0.7043133334955485
9417,9417,0.19910454585744042,0.0,0.19910454585744042
9418,9418,0.6510251426754864,1.0,0.6510251426754864
9419,9419,0.6495089809508885,1.0,0.6495089809508885
9420,9420,0.08743280372236639,0.0,0.08743280372236639
9421,9421,0.43567123632373483,0.0,0.43567123632373483
9422,9422,0.2805887180617548,0.0,0.2805887180617548
9423,9423,0.20366629573732986,1.0,0.20366629573732986
9424,9424,0.3025638099185042,0.0,0.3025638099185042
9425,9425,0.07396221519580315,0.0,0.07396221519580315
9426,9426,0.12822808451498546,0.0,0.12822808451498546
9427,9427,0.6127136883378381,1.0,0.6127136883378381
9428,9428,0.2925955012055448,0.0,0.2925955012055448
9429,9429,0.8724300590088937,1.0,0.8724300590088937
9430,9430,0.4174249694661495,0.0,0.4174249694661495
9431,9431,0.759561644587369,1.0,0.759561644587369
9432,9432,0.5864699056909544,0.0,0.5864699056909544
9433,9433,0.9082927800746122,1.0,0.9082927800746122
9434,9434,0.13246504461383202,0.0,0.13246504461383202
9435,9435,0.49440121711591956,1.0,0.49440121711591956
9436,9436,0.9914110796841258,1.0,0.9914110796841258
9437,9437,0.39088722045080493,1.0,0.39088722045080493
9438,9438,0.9742173221321229,1.0,0.9742173221321229
9439,9439,0.35727144043221304,1.0,0.35727144043221304
9440,9440,0.7647512485554118,0.0,0.7647512485554118
9441,9441,0.7571518299966727,1.0,0.7571518299966727
9442,9442,0.5824691453752318,1.0,0.5824691453752318
9443,9443,0.22445903774244225,0.0,0.22445903774244225
9444,9444,0.2199492481561972,0.0,0.2199492481561972
9445,9445,0.7893909853003238,1.0,0.7893909853003238
9446,9446,0.33726620214888403,0.0,0.33726620214888403
9447,9447,0.5117220833375528,0.0,0.5117220833375528
9448,9448,0.7640635628468508,0.0,0.7640635628468508
9449,9449,0.059162263828735906,0.0,0.059162263828735906
9450,9450,0.5046297968754782,1.0,0.5046297968754782
9451,9451,0.6483206396734552,0.0,0.6483206396734552
9452,9452,0.16637338894254827,0.0,0.16637338894254827
9453,9453,0.2843020280941969,0.0,0.2843020280941969
9454,9454,0.39462189367814493,0.0,0.39462189367814493
9455,9455,0.9109776583306329,1.0,0.9109776583306329
9456,9456,0.7369538913302641,1.0,0.7369538913302641
9457,9457,0.08502190384388375,0.0,0.08502190384388375
9458,9458,0.11919274243964784,0.0,0.11919274243964784
9459,9459,0.3710058661107274,0.0,0.3710058661107274
9460,9460,0.45351823283222703,1.0,0.45351823283222703
9461,9461,0.6947471407812519,1.0,0.6947471407812519
9462,9462,0.7760437089939453,1.0,0.7760437089939453
9463,9463,0.36777212193162445,1.0,0.36777212193162445
9464,9464,0.14685172053489615,0.0,0.14685172053489615
9465,9465,0.8556546206646137,0.0,0.8556546206646137
9466,9466,0.15594174044643605,0.0,0.15594174044643605
9467,9467,0.03997690963965905,0.0,0.03997690963965905
9468,9468,0.5480758708205982,1.0,0.5480758708205982
9469,9469,0.9168554843870913,1.0,0.9168554843870913
9470,9470,0.36775323705133633,0.0,0.36775323705133633
9471,9471,0.7712986897322657,1.0,0.7712986897322657
9472,9472,0.40224308966767064,1.0,0.40224308966767064
9473,9473,0.8491739207255303,1.0,0.8491739207255303
9474,9474,0.7917896149944128,1.0,0.7917896149944128
9475,9475,0.6867282506782386,1.0,0.6867282506782386
9476,9476,0.5152746142481015,1.0,0.5152746142481015
9477,9477,0.26601122534856936,1.0,0.26601122534856936
9478,9478,0.006386882583370501,0.0,0.006386882583370501
9479,9479,0.5558553264451563,1.0,0.5558553264451563
9480,9480,0.6236544114189243,0.0,0.6236544114189243
9481,9481,0.03585229385428723,0.0,0.03585229385428723
9482,9482,0.3413346055594846,0.0,0.3413346055594846
9483,9483,0.14950640591034714,0.0,0.14950640591034714
9484,9484,0.3809370612376968,0.0,0.3809370612376968
9485,9485,0.5901570544422412,1.0,0.5901570544422412
9486,9486,0.20261434199768769,0.0,0.20261434199768769
9487,9487,0.932697174478823,1.0,0.932697174478823
9488,9488,0.2821739921832417,1.0,0.2821739921832417
9489,9489,0.6117649303484572,1.0,0.6117649303484572
9490,9490,0.5057010776763827,0.0,0.5057010776763827
9491,9491,0.17322914750714968,0.0,0.17322914750714968
9492,9492,0.2613606009899886,1.0,0.2613606009899886
9493,9493,0.548568786240834,0.0,0.548568786240834
9494,9494,0.5382858253508824,0.0,0.5382858253508824
9495,9495,0.4550737526722505,0.0,0.4550737526722505
9496,9496,0.9800160047358183,1.0,0.9800160047358183
9497,9497,0.350271436245039,1.0,0.350271436245039
9498,9498,0.3862177993086273,0.0,0.3862177993086273
9499,9499,0.6508391049001855,1.0,0.6508391049001855
9500,9500,0.49013114952579406,0.0,0.49013114952579406
9501,9501,0.023578047592599516,0.0,0.023578047592599516
9502,9502,0.5997649540060377,1.0,0.5997649540060377
9503,9503,0.24164912780025527,1.0,0.24164912780025527
9504,9504,0.48014123564752986,0.0,0.48014123564752986
9505,9505,0.4552007170396357,1.0,0.4552007170396357
9506,9506,0.10070728198157397,1.0,0.10070728198157397
9507,9507,0.10024452231064218,0.0,0.10024452231064218
9508,9508,0.7423980413944242,0.0,0.7423980413944242
9509,9509,0.10327668569771764,0.0,0.10327668569771764
9510,9510,0.6903880428196896,1.0,0.6903880428196896
9511,9511,0.786874996919547,1.0,0.786874996919547
9512,9512,0.16303617131657377,1.0,0.16303617131657377
9513,9513,0.20091080625640467,0.0,0.20091080625640467
9514,9514,0.0996488078524056,0.0,0.0996488078524056
9515,9515,0.4178897135445089,0.0,0.4178897135445089
9516,9516,0.7429408218881602,1.0,0.7429408218881602
9517,9517,0.7833946102892474,1.0,0.7833946102892474
9518,9518,0.8556284426095874,1.0,0.8556284426095874
9519,9519,0.34249419396919567,0.0,0.34249419396919567
9520,9520,0.5091229452559385,0.0,0.5091229452559385
9521,9521,0.9537161061160879,1.0,0.9537161061160879
9522,9522,0.5259759861406205,1.0,0.5259759861406205
9523,9523,0.7832211567222146,1.0,0.7832211567222146
9524,9524,0.4892979288438548,1.0,0.4892979288438548
9525,9525,0.03119418985929734,0.0,0.03119418985929734
9526,9526,0.9174017369558547,1.0,0.9174017369558547
9527,9527,0.337938377041183,0.0,0.337938377041183
9528,9528,0.38861498822675833,1.0,0.38861498822675833
9529,9529,0.6479670591016731,1.0,0.6479670591016731
9530,9530,0.9747359525863255,1.0,0.9747359525863255
9531,9531,0.3174596017036222,0.0,0.3174596017036222
9532,9532,0.642873410260791,1.0,0.642873410260791
9533,9533,0.3192811461853057,1.0,0.3192811461853057
9534,9534,0.5023653887080058,1.0,0.5023653887080058
9535,9535,0.17533550713549084,1.0,0.17533550713549084
9536,9536,0.45226861944277974,1.0,0.45226861944277974
9537,9537,0.911195788625949,0.0,0.911195788625949
9538,9538,0.8259806436414192,1.0,0.8259806436414192
9539,9539,0.6067192347164732,0.0,0.6067192347164732
9540,9540,0.7705764903690083,1.0,0.7705764903690083
9541,9541,0.923650838007274,1.0,0.923650838007274
9542,9542,0.027143541408192196,0.0,0.027143541408192196
9543,9543,0.03131791073143131,0.0,0.03131791073143131
9544,9544,0.10168549117006653,0.0,0.10168549117006653
9545,9545,0.964762377966712,1.0,0.964762377966712
9546,9546,0.2596433083077442,0.0,0.2596433083077442
9547,9547,0.1085066929524845,0.0,0.1085066929524845
9548,9548,0.8211902757753302,1.0,0.8211902757753302
9549,9549,0.8475859437918185,1.0,0.8475859437918185
9550,9550,0.22167564428671116,0.0,0.22167564428671116
9551,9551,0.6923235782941334,0.0,0.6923235782941334
9552,9552,0.7521861327200304,1.0,0.7521861327200304
9553,9553,0.21104499990764936,0.0,0.21104499990764936
9554,9554,0.7342058846806071,1.0,0.7342058846806071
9555,9555,0.18405235649987917,0.0,0.18405235649987917
9556,9556,0.797171374313942,1.0,0.797171374313942
9557,9557,0.22626213737354606,1.0,0.22626213737354606
9558,9558,0.25025663244569574,0.0,0.25025663244569574
9559,9559,0.20261911795370413,0.0,0.20261911795370413
9560,9560,0.8117831031828207,1.0,0.8117831031828207
9561,9561,0.20599895788752542,1.0,0.20599895788752542
9562,9562,0.48777733244608223,1.0,0.48777733244608223
9563,9563,0.9380729381291956,1.0,0.9380729381291956
9564,9564,0.3778126897965477,1.0,0.3778126897965477
9565,9565,0.8013082653791178,1.0,0.8013082653791178
9566,9566,0.2082667745290172,0.0,0.2082667745290172
9567,9567,0.569050467886721,0.0,0.569050467886721
9568,9568,0.7106373604329115,1.0,0.7106373604329115
9569,9569,0.3340953132660275,0.0,0.3340953132660275
9570,9570,0.13815361210951604,0.0,0.13815361210951604
9571,9571,0.4837583959284667,1.0,0.4837583959284667
9572,9572,0.42703579735751585,1.0,0.42703579735751585
9573,9573,0.9882019637763708,1.0,0.9882019637763708
9574,9574,0.17284933593180674,1.0,0.17284933593180674
9575,9575,0.08579564303425902,0.0,0.08579564303425902
9576,9576,0.013653936269422462,0.0,0.013653936269422462
9577,9577,0.0764676000542075,0.0,0.0764676000542075
9578,9578,0.5455465639651422,1.0,0.5455465639651422
9579,9579,0.6473311730952551,1.0,0.6473311730952551
9580,9580,0.4517704246884853,0.0,0.4517704246884853
9581,9581,0.6357065316998963,1.0,0.6357065316998963
9582,9582,0.16813201298496583,0.0,0.16813201298496583
9583,9583,0.04259853842872863,0.0,0.04259853842872863
9584,9584,0.7653482377240154,1.0,0.7653482377240154
9585,9585,0.027746898481881166,0.0,0.027746898481881166
9586,9586,0.8979954824258664,1.0,0.8979954824258664
9587,9587,0.11337906784419016,0.0,0.11337906784419016
9588,9588,0.5904779354528135,1.0,0.5904779354528135
9589,9589,0.10073803917844537,0.0,0.10073803917844537
9590,9590,0.26405881570354417,0.0,0.26405881570354417
9591,9591,0.30908821987435176,0.0,0.30908821987435176
9592,9592,0.1025394339532103,0.0,0.1025394339532103
9593,9593,0.1371303635074207,0.0,0.1371303635074207
9594,9594,0.551061572255247,1.0,0.551061572255247
9595,9595,0.9333276418339976,1.0,0.9333276418339976
9596,9596,0.8009185842278412,1.0,0.8009185842278412
9597,9597,0.2627232936269127,0.0,0.2627232936269127
9598,9598,0.1049966211222576,0.0,0.1049966211222576
9599,9599,0.5059678334598137,0.0,0.5059678334598137
9600,9600,0.09728183805989399,0.0,0.09728183805989399
9601,9601,0.16960458525600608,0.0,0.16960458525600608
9602,9602,0.843763939045232,1.0,0.843763939045232
9603,9603,0.5202134172497062,0.0,0.5202134172497062
9604,9604,0.44573950026612263,0.0,0.44573950026612263
9605,9605,0.9601564288594454,1.0,0.9601564288594454
9606,9606,0.4367127044856094,1.0,0.4367127044856094
9607,9607,0.6508248751949826,1.0,0.6508248751949826
9608,9608,0.16864156122424812,0.0,0.16864156122424812
9609,9609,0.4699185321342477,0.0,0.4699185321342477
9610,9610,0.5261591246352327,1.0,0.5261591246352327
9611,9611,0.8641660555780375,1.0,0.8641660555780375
9612,9612,0.8197007201004164,1.0,0.8197007201004164
9613,9613,0.783184862480823,0.0,0.783184862480823
9614,9614,0.6972893747323589,1.0,0.6972893747323589
9615,9615,0.8712144780196085,1.0,0.8712144780196085
9616,9616,0.44987794374754564,1.0,0.44987794374754564
9617,9617,0.4021041969508403,1.0,0.4021041969508403
9618,9618,0.6446646532942801,1.0,0.6446646532942801
9619,9619,0.900245526655374,1.0,0.900245526655374
9620,9620,0.3840196300061488,0.0,0.3840196300061488
9621,9621,0.9371768791412485,1.0,0.9371768791412485
9622,9622,0.1675869402692307,0.0,0.1675869402692307
9623,9623,0.837523980655319,1.0,0.837523980655319
9624,9624,0.657339185318814,1.0,0.657339185318814
9625,9625,0.8622633384017997,1.0,0.8622633384017997
9626,9626,0.5641248954290078,1.0,0.5641248954290078
9627,9627,0.4161282726547716,0.0,0.4161282726547716
9628,9628,0.05087178773389667,0.0,0.05087178773389667
9629,9629,0.43552802010076197,0.0,0.43552802010076197
9630,9630,0.50014966742466,0.0,0.50014966742466
9631,9631,0.6922363317074421,0.0,0.6922363317074421
9632,9632,0.7254328475621713,0.0,0.7254328475621713
9633,9633,0.8173462922621035,0.0,0.8173462922621035
9634,9634,0.764748897546242,0.0,0.764748897546242
9635,9635,0.8289108201883835,1.0,0.8289108201883835
9636,9636,0.7569340676965699,1.0,0.7569340676965699
9637,9637,0.38183273792118777,0.0,0.38183273792118777
9638,9638,0.37061245806627585,0.0,0.37061245806627585
9639,9639,0.9221047735028123,1.0,0.9221047735028123
9640,9640,0.8188542576704823,0.0,0.8188542576704823
9641,9641,0.9572762220692204,1.0,0.9572762220692204
9642,9642,0.8206866365799863,1.0,0.8206866365799863
9643,9643,0.1694938726032711,0.0,0.1694938726032711
9644,9644,0.039621236861170694,0.0,0.039621236861170694
9645,9645,0.007198921249797818,0.0,0.007198921249797818
9646,9646,0.13169817664838368,0.0,0.13169817664838368
9647,9647,0.4062787093479602,0.0,0.4062787093479602
9648,9648,0.8915282318670177,1.0,0.8915282318670177
9649,9649,0.29352559395458555,0.0,0.29352559395458555
9650,9650,0.7632988668139199,1.0,0.7632988668139199
9651,9651,0.4056969895018012,0.0,0.4056969895018012
9652,9652,0.9020369687367188,1.0,0.9020369687367188
9653,9653,0.2907145127979014,0.0,0.2907145127979014
9654,9654,0.25248730608917425,1.0,0.25248730608917425
9655,9655,0.18218067508880254,0.0,0.18218067508880254
9656,9656,0.8883180716011653,1.0,0.8883180716011653
9657,9657,0.40847498337662846,1.0,0.40847498337662846
9658,9658,0.43294237658679924,1.0,0.43294237658679924
9659,9659,0.551802927858852,0.0,0.551802927858852
9660,9660,0.3230952691649235,0.0,0.3230952691649235
9661,9661,0.5983780123250978,1.0,0.5983780123250978
9662,9662,0.464231633411062,0.0,0.464231633411062
9663,9663,0.4910943231070064,1.0,0.4910943231070064
9664,9664,0.5822688921244987,0.0,0.5822688921244987
9665,9665,0.6870034282286132,1.0,0.6870034282286132
9666,9666,0.6730410575115211,0.0,0.6730410575115211
9667,9667,0.09876448397258897,0.0,0.09876448397258897
9668,9668,0.4302596931856367,0.0,0.4302596931856367
9669,9669,0.663828650892433,1.0,0.663828650892433
9670,9670,0.8892510476998908,1.0,0.8892510476998908
9671,9671,0.32395227644018065,0.0,0.32395227644018065
9672,9672,0.8021946177780205,0.0,0.8021946177780205
9673,9673,0.4007330015662026,0.0,0.4007330015662026
9674,9674,0.32533740167194414,1.0,0.32533740167194414
9675,9675,0.23420245776353898,0.0,0.23420245776353898
9676,9676,0.017266261721681997,0.0,0.017266261721681997
9677,9677,0.9262875666559707,1.0,0.9262875666559707
9678,9678,0.46313474385938624,0.0,0.46313474385938624
9679,9679,0.9954604999549694,1.0,0.9954604999549694
9680,9680,0.8086375880530559,1.0,0.8086375880530559
9681,9681,0.12712430525706386,0.0,0.12712430525706386
9682,9682,0.7120951579459313,1.0,0.7120951579459313
9683,9683,0.12554283337636496,0.0,0.12554283337636496
9684,9684,0.006760963611554094,0.0,0.006760963611554094
9685,9685,0.11314313373948504,0.0,0.11314313373948504
9686,9686,0.2670261161687161,0.0,0.2670261161687161
9687,9687,0.6710065102668049,1.0,0.6710065102668049
9688,9688,0.24196919249093773,0.0,0.24196919249093773
9689,9689,0.7562274144965015,0.0,0.7562274144965015
9690,9690,0.3909945990101049,1.0,0.3909945990101049
9691,9691,0.08556237887501883,0.0,0.08556237887501883
9692,9692,0.47921787018186657,1.0,0.47921787018186657
9693,9693,0.5496716130111914,1.0,0.5496716130111914
9694,9694,0.16546228082146996,0.0,0.16546228082146996
9695,9695,0.9868650108749245,1.0,0.9868650108749245
9696,9696,0.7058962686591513,1.0,0.7058962686591513
9697,9697,0.37734482830964333,1.0,0.37734482830964333
9698,9698,0.8155219071948948,1.0,0.8155219071948948
9699,9699,0.2899333575692794,0.0,0.2899333575692794
9700,9700,0.3450483448515246,1.0,0.3450483448515246
9701,9701,0.31775135034781243,0.0,0.31775135034781243
9702,9702,0.9675095500672954,1.0,0.9675095500672954
9703,9703,0.10015478553486146,0.0,0.10015478553486146
9704,9704,0.758199923999975,1.0,0.758199923999975
9705,9705,0.2757306808898282,0.0,0.2757306808898282
9706,9706,0.7316680372978378,1.0,0.7316680372978378
9707,9707,0.3921698613137483,1.0,0.3921698613137483
9708,9708,0.3670731040983083,0.0,0.3670731040983083
9709,9709,0.9264372772201026,1.0,0.9264372772201026
9710,9710,0.8946866699659627,1.0,0.8946866699659627
9711,9711,0.9243565833515928,1.0,0.9243565833515928
9712,9712,0.3301192359847479,0.0,0.3301192359847479
9713,9713,0.9253312371000099,1.0,0.9253312371000099
9714,9714,0.4460441498969835,0.0,0.4460441498969835
9715,9715,0.7367109165030524,1.0,0.7367109165030524
9716,9716,0.9606350569913064,1.0,0.9606350569913064
9717,9717,0.3156854171674449,0.0,0.3156854171674449
9718,9718,0.38176647550280374,1.0,0.38176647550280374
9719,9719,0.4299223403797967,1.0,0.4299223403797967
9720,9720,0.8555647607809875,1.0,0.8555647607809875
9721,9721,0.09599561272154222,0.0,0.09599561272154222
9722,9722,0.7920733152123434,1.0,0.7920733152123434
9723,9723,0.1250512277822713,0.0,0.1250512277822713
9724,9724,0.31587814899270095,1.0,0.31587814899270095
9725,9725,0.5075497032596669,0.0,0.5075497032596669
9726,9726,0.8709471012231513,1.0,0.8709471012231513
9727,9727,0.19266857193193254,0.0,0.19266857193193254
9728,9728,0.6877332043415221,1.0,0.6877332043415221
9729,9729,0.10073967042245713,1.0,0.10073967042245713
9730,9730,0.97576482980343,1.0,0.97576482980343
9731,9731,0.35819831315067285,1.0,0.35819831315067285
9732,9732,0.43524617032961943,0.0,0.43524617032961943
9733,9733,0.8245624287486069,0.0,0.8245624287486069
9734,9734,0.232656584645906,0.0,0.232656584645906
9735,9735,0.7450390212726117,1.0,0.7450390212726117
9736,9736,0.9725123004334254,1.0,0.9725123004334254
9737,9737,0.16034655325308145,0.0,0.16034655325308145
9738,9738,0.03972248831798897,0.0,0.03972248831798897
9739,9739,0.10833182121547968,0.0,0.10833182121547968
9740,9740,0.38552018785818665,0.0,0.38552018785818665
9741,9741,0.07464796755121583,0.0,0.07464796755121583
9742,9742,0.5923277672459679,1.0,0.5923277672459679
9743,9743,0.35300620706137065,1.0,0.35300620706137065
9744,9744,0.03923215479022624,0.0,0.03923215479022624
9745,9745,0.6361787546490452,1.0,0.6361787546490452
9746,9746,0.06418943285389733,0.0,0.06418943285389733
9747,9747,0.659881265656687,0.0,0.659881265656687
9748,9748,0.24285721440303432,0.0,0.24285721440303432
9749,9749,0.5100931851277247,1.0,0.5100931851277247
9750,9750,0.5504183894581031,1.0,0.5504183894581031
9751,9751,0.9912276508362344,1.0,0.9912276508362344
9752,9752,0.7823645931060493,1.0,0.7823645931060493
9753,9753,0.7028774755259067,1.0,0.7028774755259067
9754,9754,0.9739282796098047,1.0,0.9739282796098047
9755,9755,0.18463065201918905,0.0,0.18463065201918905
9756,9756,0.672385155201573,0.0,0.672385155201573
9757,9757,0.6117244010901316,1.0,0.6117244010901316
9758,9758,0.7451997549207741,1.0,0.7451997549207741
9759,9759,0.765168177698125,1.0,0.765168177698125
9760,9760,0.8625713415103978,0.0,0.8625713415103978
9761,9761,0.2926490915491189,1.0,0.2926490915491189
9762,9762,0.04156923155994019,0.0,0.04156923155994019
9763,9763,0.2446778070203265,0.0,0.2446778070203265
9764,9764,0.9361878854555737,1.0,0.9361878854555737
9765,9765,0.01811770848082339,0.0,0.01811770848082339
9766,9766,0.04196442890947394,0.0,0.04196442890947394
9767,9767,0.07636014363405141,0.0,0.07636014363405141
9768,9768,0.4102892832210743,0.0,0.4102892832210743
9769,9769,0.9278674998642252,1.0,0.9278674998642252
9770,9770,0.6294724340808531,1.0,0.6294724340808531
9771,9771,0.7815536228460752,1.0,0.7815536228460752
9772,9772,0.27464689557346267,0.0,0.27464689557346267
9773,9773,0.4320014513059752,1.0,0.4320014513059752
9774,9774,0.12055001282108901,0.0,0.12055001282108901
9775,9775,0.4216785478052597,1.0,0.4216785478052597
9776,9776,0.7643745128055911,1.0,0.7643745128055911
9777,9777,0.6345769406446428,1.0,0.6345769406446428
9778,9778,0.7127004341428372,0.0,0.7127004341428372
9779,9779,0.5666517114315401,0.0,0.5666517114315401
9780,9780,0.4977500326730553,1.0,0.4977500326730553
9781,9781,0.7813889089469399,0.0,0.7813889089469399
9782,9782,0.6921592124637714,1.0,0.6921592124637714
9783,9783,0.5578864296984679,0.0,0.5578864296984679
9784,9784,0.28018679267304625,0.0,0.28018679267304625
9785,9785,0.049738002660405845,0.0,0.049738002660405845
9786,9786,0.5247358895829706,1.0,0.5247358895829706
9787,9787,0.8066205198907176,1.0,0.8066205198907176
9788,9788,0.9515392979132924,1.0,0.9515392979132924
9789,9789,0.9632726206346053,1.0,0.9632726206346053
9790,9790,0.21919457321514946,0.0,0.21919457321514946
9791,9791,0.3728122558659749,0.0,0.3728122558659749
9792,9792,0.7556328298497874,1.0,0.7556328298497874
9793,9793,0.14149356142846725,0.0,0.14149356142846725
9794,9794,0.9050045594832191,1.0,0.9050045594832191
9795,9795,0.004908664540814067,0.0,0.004908664540814067
9796,9796,0.8688754795111094,1.0,0.8688754795111094
9797,9797,0.320285528396561,1.0,0.320285528396561
9798,9798,0.3194852911766729,0.0,0.3194852911766729
9799,9799,0.12112630267125113,0.0,0.12112630267125113
9800,9800,0.5630139968294614,1.0,0.5630139968294614
9801,9801,0.7562507226649334,1.0,0.7562507226649334
9802,9802,0.8939779787325901,0.0,0.8939779787325901
9803,9803,0.04371337182124113,0.0,0.04371337182124113
9804,9804,0.47617147448833197,1.0,0.47617147448833197
9805,9805,0.9113891534063774,1.0,0.9113891534063774
9806,9806,0.31356828265595715,0.0,0.31356828265595715
9807,9807,0.6690223255348413,1.0,0.6690223255348413
9808,9808,0.295677947447217,0.0,0.295677947447217
9809,9809,0.6128257906248931,1.0,0.6128257906248931
9810,9810,0.1941065320461095,0.0,0.1941065320461095
9811,9811,0.8943161435762279,1.0,0.8943161435762279
9812,9812,0.6484368442900368,0.0,0.6484368442900368
9813,9813,0.14995371320794837,0.0,0.14995371320794837
9814,9814,0.4104400521365924,1.0,0.4104400521365924
9815,9815,0.5819982824322064,1.0,0.5819982824322064
9816,9816,0.22379824203312437,1.0,0.22379824203312437
9817,9817,0.8646712462251409,0.0,0.8646712462251409
9818,9818,0.35077453796808933,0.0,0.35077453796808933
9819,9819,0.3472962111505571,1.0,0.3472962111505571
9820,9820,0.5145100897233242,1.0,0.5145100897233242
9821,9821,0.674947862209503,1.0,0.674947862209503
9822,9822,0.1555932975177744,0.0,0.1555932975177744
9823,9823,0.9531690948840824,1.0,0.9531690948840824
9824,9824,0.6039662966399126,0.0,0.6039662966399126
9825,9825,0.5494884658955563,1.0,0.5494884658955563
9826,9826,0.7330533959147592,0.0,0.7330533959147592
9827,9827,0.9866121945076501,1.0,0.9866121945076501
9828,9828,0.09466620670705772,1.0,0.09466620670705772
9829,9829,0.658506207616812,1.0,0.658506207616812
9830,9830,0.4626905884941577,0.0,0.4626905884941577
9831,9831,0.9047206403283814,1.0,0.9047206403283814
9832,9832,0.3890640697827107,0.0,0.3890640697827107
9833,9833,0.6911886256142268,1.0,0.6911886256142268
9834,9834,0.20733083662568985,0.0,0.20733083662568985
9835,9835,0.2143992634406886,0.0,0.2143992634406886
9836,9836,0.08534586173173186,0.0,0.08534586173173186
9837,9837,0.9092827103902846,0.0,0.9092827103902846
9838,9838,0.5854380202139488,1.0,0.5854380202139488
9839,9839,0.8489077078539532,1.0,0.8489077078539532
9840,9840,0.8681635216849639,1.0,0.8681635216849639
9841,9841,0.9589999532182113,1.0,0.9589999532182113
9842,9842,0.427986953616982,0.0,0.427986953616982
9843,9843,0.057955005321639885,0.0,0.057955005321639885
9844,9844,0.8272199269810785,1.0,0.8272199269810785
9845,9845,0.9570566219991957,1.0,0.9570566219991957
9846,9846,0.7635875325832133,0.0,0.7635875325832133
9847,9847,0.007563052903728051,0.0,0.007563052903728051
9848,9848,0.4612075930783722,0.0,0.4612075930783722
9849,9849,0.4880385333559405,0.0,0.4880385333559405
9850,9850,0.10740754481727077,0.0,0.10740754481727077
9851,9851,0.7598783163755153,1.0,0.7598783163755153
9852,9852,0.4366206063777547,0.0,0.4366206063777547
9853,9853,0.3720352515661085,1.0,0.3720352515661085
9854,9854,0.6101082777220111,1.0,0.6101082777220111
9855,9855,0.6965369501108796,1.0,0.6965369501108796
9856,9856,0.9447829464899816,1.0,0.9447829464899816
9857,9857,0.9324502744342859,1.0,0.9324502744342859
9858,9858,0.22051182162238547,0.0,0.22051182162238547
9859,9859,0.4265437649960502,1.0,0.4265437649960502
9860,9860,0.36937326139096693,1.0,0.36937326139096693
9861,9861,0.6286121133677575,0.0,0.6286121133677575
9862,9862,0.5030165486729682,1.0,0.5030165486729682
9863,9863,0.0739652292950157,0.0,0.0739652292950157
9864,9864,0.4406314208182919,1.0,0.4406314208182919
9865,9865,0.5192850851401118,1.0,0.5192850851401118
9866,9866,0.5468985426601761,1.0,0.5468985426601761
9867,9867,0.9233379801255822,1.0,0.9233379801255822
9868,9868,0.914315872528665,1.0,0.914315872528665
9869,9869,0.44509661217923124,1.0,0.44509661217923124
9870,9870,0.6850684580848867,1.0,0.6850684580848867
9871,9871,0.9838875719892225,1.0,0.9838875719892225
9872,9872,0.7126503181023568,1.0,0.7126503181023568
9873,9873,0.5491959747659744,1.0,0.5491959747659744
9874,9874,0.14156554272928212,1.0,0.14156554272928212
9875,9875,0.39560073935540574,0.0,0.39560073935540574
9876,9876,0.9332991545410706,1.0,0.9332991545410706
9877,9877,0.20764808937655377,1.0,0.20764808937655377
9878,9878,0.1990218110784232,1.0,0.1990218110784232
9879,9879,0.6157093371854347,0.0,0.6157093371854347
9880,9880,0.36592430870279913,1.0,0.36592430870279913
9881,9881,0.30053102093658346,1.0,0.30053102093658346
9882,9882,0.5317449511273448,0.0,0.5317449511273448
9883,9883,0.21028185350336948,1.0,0.21028185350336948
9884,9884,0.44814594559855636,1.0,0.44814594559855636
9885,9885,0.143755665066304,0.0,0.143755665066304
9886,9886,0.5448915567333024,0.0,0.5448915567333024
9887,9887,0.7531435005570141,1.0,0.7531435005570141
9888,9888,0.6751916747835136,1.0,0.6751916747835136
9889,9889,0.5765592122040506,1.0,0.5765592122040506
9890,9890,0.31844953045539026,1.0,0.31844953045539026
9891,9891,0.835666493205958,1.0,0.835666493205958
9892,9892,0.07448804938411746,0.0,0.07448804938411746
9893,9893,0.3988753915162804,1.0,0.3988753915162804
9894,9894,0.8086544054641973,1.0,0.8086544054641973
9895,9895,0.21107019061718635,0.0,0.21107019061718635
9896,9896,0.49862838628174466,1.0,0.49862838628174466
9897,9897,0.8035272006076873,1.0,0.8035272006076873
9898,9898,0.59684313808149,0.0,0.59684313808149
9899,9899,0.4037846824335518,1.0,0.4037846824335518
9900,9900,0.10085703647040001,1.0,0.10085703647040001
9901,9901,0.04885831314332556,0.0,0.04885831314332556
9902,9902,0.4339128447452564,0.0,0.4339128447452564
9903,9903,0.941881685243825,1.0,0.941881685243825
9904,9904,0.5806127384230197,1.0,0.5806127384230197
9905,9905,0.1526996999622494,0.0,0.1526996999622494
9906,9906,0.9580109026130761,1.0,0.9580109026130761
9907,9907,0.9509982740290538,1.0,0.9509982740290538
9908,9908,0.1865569146092244,0.0,0.1865569146092244
9909,9909,0.4280230705603908,0.0,0.4280230705603908
9910,9910,0.5312800912161927,0.0,0.5312800912161927
9911,9911,0.6409348880502397,0.0,0.6409348880502397
9912,9912,0.9137483290511648,1.0,0.9137483290511648
9913,9913,0.12775625737529217,0.0,0.12775625737529217
9914,9914,0.9409473833030311,1.0,0.9409473833030311
9915,9915,0.4845713101740199,0.0,0.4845713101740199
9916,9916,0.007616212368902864,0.0,0.007616212368902864
9917,9917,0.14896462506491204,0.0,0.14896462506491204
9918,9918,0.06536583684736974,0.0,0.06536583684736974
9919,9919,0.6634842704709465,1.0,0.6634842704709465
9920,9920,0.5014277843387743,0.0,0.5014277843387743
9921,9921,0.4633869850653717,0.0,0.4633869850653717
9922,9922,0.05304891935030698,0.0,0.05304891935030698
9923,9923,0.12810917267926825,0.0,0.12810917267926825
9924,9924,0.8624077924170206,1.0,0.8624077924170206
9925,9925,0.9715591430354131,1.0,0.9715591430354131
9926,9926,0.08135593509808814,0.0,0.08135593509808814
9927,9927,0.18528097471775806,1.0,0.18528097471775806
9928,9928,0.9302889918102284,1.0,0.9302889918102284
9929,9929,0.7328787473963437,0.0,0.7328787473963437
9930,9930,0.01024595154344854,0.0,0.01024595154344854
9931,9931,0.9526862790814012,1.0,0.9526862790814012
9932,9932,0.647963737342666,1.0,0.647963737342666
9933,9933,0.8840747305353189,1.0,0.8840747305353189
9934,9934,0.11067010646619568,0.0,0.11067010646619568
9935,9935,0.7882747639888592,1.0,0.7882747639888592
9936,9936,0.606228906490784,1.0,0.606228906490784
9937,9937,0.527246954549494,1.0,0.527246954549494
9938,9938,0.8846986992234976,1.0,0.8846986992234976
9939,9939,0.449724046650125,0.0,0.449724046650125
9940,9940,0.344924812540391,0.0,0.344924812540391
9941,9941,0.05392123360553602,0.0,0.05392123360553602
9942,9942,0.5290171804988387,0.0,0.5290171804988387
9943,9943,0.9905822229601806,1.0,0.9905822229601806
9944,9944,0.1028082062574962,0.0,0.1028082062574962
9945,9945,0.8977109269807937,1.0,0.8977109269807937
9946,9946,0.1427662894196654,0.0,0.1427662894196654
9947,9947,0.5334725047469889,1.0,0.5334725047469889
9948,9948,0.4872589972324971,1.0,0.4872589972324971
9949,9949,0.2949793076492342,0.0,0.2949793076492342
9950,9950,0.22229271805158712,1.0,0.22229271805158712
9951,9951,0.13401893052189529,0.0,0.13401893052189529
9952,9952,0.07351629414585381,0.0,0.07351629414585381
9953,9953,0.8855755275245024,1.0,0.8855755275245024
9954,9954,0.2393432718566486,0.0,0.2393432718566486
9955,9955,0.78831724667763,1.0,0.78831724667763
9956,9956,0.5544914874609249,1.0,0.5544914874609249
9957,9957,0.1592277974987848,0.0,0.1592277974987848
9958,9958,0.1032554300764299,0.0,0.1032554300764299
9959,9959,0.2013672228359885,0.0,0.2013672228359885
9960,9960,0.9530129700417042,1.0,0.9530129700417042
9961,9961,0.29036384048544106,0.0,0.29036384048544106
9962,9962,0.8409059156874245,1.0,0.8409059156874245
9963,9963,0.32846614493126913,1.0,0.32846614493126913
9964,9964,0.24890509664439953,1.0,0.24890509664439953
9965,9965,0.467335992706037,1.0,0.467335992706037
9966,9966,0.16407581140567873,1.0,0.16407581140567873
9967,9967,0.36697950283880576,1.0,0.36697950283880576
9968,9968,0.8612742418753504,1.0,0.8612742418753504
9969,9969,0.47892744795682807,0.0,0.47892744795682807
9970,9970,0.37490534952845267,1.0,0.37490534952845267
9971,9971,0.13590731856399807,0.0,0.13590731856399807
9972,9972,0.4363609217110693,1.0,0.4363609217110693
9973,9973,0.14824226999872459,0.0,0.14824226999872459
9974,9974,0.7726812454776824,0.0,0.7726812454776824
9975,9975,0.9243709499222216,1.0,0.9243709499222216
9976,9976,0.3352638054921989,0.0,0.3352638054921989
9977,9977,0.0375177620690208,0.0,0.0375177620690208
9978,9978,0.37754863505566205,0.0,0.37754863505566205
9979,9979,0.8663405626132025,1.0,0.8663405626132025
9980,9980,0.75920026700153,1.0,0.75920026700153
9981,9981,0.5639587447729407,0.0,0.5639587447729407
9982,9982,0.26753405154764953,0.0,0.26753405154764953
9983,9983,0.7719653208945324,1.0,0.7719653208945324
9984,9984,0.9852389190038862,1.0,0.9852389190038862
9985,9985,0.2242417272135876,1.0,0.2242417272135876
9986,9986,0.023721405775375293,0.0,0.023721405775375293
9987,9987,0.6533597510076327,0.0,0.6533597510076327
9988,9988,0.35164628699066325,1.0,0.35164628699066325
9989,9989,0.3013588571057666,0.0,0.3013588571057666
9990,9990,0.8140532763680088,1.0,0.8140532763680088
9991,9991,0.3912807726490036,0.0,0.3912807726490036
9992,9992,0.9033229238193774,1.0,0.9033229238193774
9993,9993,0.38035943069336076,0.0,0.38035943069336076
9994,9994,0.3074643194459947,0.0,0.3074643194459947
9995,9995,0.10501560641296315,0.0,0.10501560641296315
9996,9996,0.8797935775880915,1.0,0.8797935775880915
9997,9997,0.2856679884245352,1.0,0.2856679884245352
9998,9998,0.030461984764622807,0.0,0.030461984764622807
9999,9999,0.6862029742560065,1.0,4.550676040488308
