,time,p,input,discounted_p
0,0,0.9517487814837644,1.0,5.784345590245435
1,1,0.9715949698078199,1.0,0.9715949698078199
2,2,0.16260794980654047,0.0,0.16260794980654047
3,3,0.44630348023191024,0.0,0.44630348023191024
4,4,0.013255798596179758,0.0,0.013255798596179758
5,5,0.9871496497722596,1.0,0.9871496497722596
6,6,0.6787928587159029,1.0,0.6787928587159029
7,7,0.5680100919025562,0.0,0.5680100919025562
8,8,0.8984939584923736,1.0,0.8984939584923736
9,9,0.7101195414218681,1.0,0.7101195414218681
10,10,0.4118762604164409,0.0,0.4118762604164409
11,11,0.37912870165336365,0.0,0.37912870165336365
12,12,0.12410870001691887,1.0,0.12410870001691887
13,13,0.4832644672046851,1.0,0.4832644672046851
14,14,0.7973941552300849,1.0,0.7973941552300849
15,15,0.516663625039743,0.0,0.516663625039743
16,16,0.47376993513721233,0.0,0.47376993513721233
17,17,0.20509387599175843,0.0,0.20509387599175843
18,18,0.8982787020573163,1.0,0.8982787020573163
19,19,0.7854539688859028,1.0,0.7854539688859028
20,20,0.13822610238763489,1.0,0.13822610238763489
21,21,0.37080854385201634,1.0,0.37080854385201634
22,22,0.4970772013021778,0.0,0.4970772013021778
23,23,0.6454680593146875,1.0,0.6454680593146875
24,24,0.4167952633137548,0.0,0.4167952633137548
25,25,0.7055572308743399,0.0,0.7055572308743399
26,26,0.6678177716611601,1.0,0.6678177716611601
27,27,0.2812303196964897,1.0,0.2812303196964897
28,28,0.09741073719752669,0.0,0.09741073719752669
29,29,0.09931509568221975,1.0,0.09931509568221975
30,30,0.29253469894180795,0.0,0.29253469894180795
31,31,0.508214623145171,1.0,0.508214623145171
32,32,0.22726442807303515,0.0,0.22726442807303515
33,33,0.31356580989199867,1.0,0.31356580989199867
34,34,0.0956094509075931,0.0,0.0956094509075931
35,35,0.8073078875235321,1.0,0.8073078875235321
36,36,0.6210483854085216,1.0,0.6210483854085216
37,37,0.42477091993918825,0.0,0.42477091993918825
38,38,0.9728397430032913,0.0,0.9728397430032913
39,39,0.6830722747922089,1.0,0.6830722747922089
40,40,0.42210397198039895,0.0,0.42210397198039895
41,41,0.9788350753267757,1.0,0.9788350753267757
42,42,0.48345402612576294,1.0,0.48345402612576294
43,43,0.9525657286865027,1.0,0.9525657286865027
44,44,0.7413838474186116,1.0,0.7413838474186116
45,45,0.9967219270850992,1.0,0.9967219270850992
46,46,0.6755789231617951,1.0,0.6755789231617951
47,47,0.9149697858659772,1.0,0.9149697858659772
48,48,0.9376713484633693,1.0,0.9376713484633693
49,49,0.9817180472505148,1.0,0.9817180472505148
50,50,0.9148073227503299,1.0,0.9148073227503299
51,51,0.9670953388582247,1.0,0.9670953388582247
52,52,0.4943949959266074,0.0,0.4943949959266074
53,53,0.32601647273258816,1.0,0.32601647273258816
54,54,0.3305544069508035,0.0,0.3305544069508035
55,55,0.6054567567959905,0.0,0.6054567567959905
56,56,0.6160727863963807,0.0,0.6160727863963807
57,57,0.19641206974802417,1.0,0.19641206974802417
58,58,0.09027470463917853,0.0,0.09027470463917853
59,59,0.9483443791885806,1.0,0.9483443791885806
60,60,0.23835590900784476,0.0,0.23835590900784476
61,61,0.8482312254651971,1.0,0.8482312254651971
62,62,0.5558904766514134,1.0,0.5558904766514134
63,63,0.24629097633146835,0.0,0.24629097633146835
64,64,0.6842743553023128,1.0,0.6842743553023128
65,65,0.39098751578328395,1.0,0.39098751578328395
66,66,0.2835205007564092,0.0,0.2835205007564092
67,67,0.18976240318013549,1.0,0.18976240318013549
68,68,0.39500627864529936,0.0,0.39500627864529936
69,69,0.5917304781127508,1.0,0.5917304781127508
70,70,0.6332001722296834,1.0,0.6332001722296834
71,71,0.19379386454776504,0.0,0.19379386454776504
72,72,0.6126821154557991,1.0,0.6126821154557991
73,73,0.4225123730115906,0.0,0.4225123730115906
74,74,0.3627558156790138,1.0,0.3627558156790138
75,75,0.6180850515156844,0.0,0.6180850515156844
76,76,0.024138442363779378,0.0,0.024138442363779378
77,77,0.7739978939236236,1.0,0.7739978939236236
78,78,0.5802290899889585,1.0,0.5802290899889585
79,79,0.479667282752404,1.0,0.479667282752404
80,80,0.688726286647416,0.0,0.688726286647416
81,81,0.1821627733304887,0.0,0.1821627733304887
82,82,0.9783426201779485,1.0,0.9783426201779485
83,83,0.6877921317930068,1.0,0.6877921317930068
84,84,0.38974497718077905,0.0,0.38974497718077905
85,85,0.2861172835838536,0.0,0.2861172835838536
86,86,0.22486286533258237,0.0,0.22486286533258237
87,87,0.1771860437510605,0.0,0.1771860437510605
88,88,0.09307630267941458,0.0,0.09307630267941458
89,89,0.5310149617191715,1.0,0.5310149617191715
90,90,0.4549158092676361,1.0,0.4549158092676361
91,91,0.8718738207835184,1.0,0.8718738207835184
92,92,0.4203440886847176,0.0,0.4203440886847176
93,93,0.3665514321463025,0.0,0.3665514321463025
94,94,0.9954867047407637,1.0,0.9954867047407637
95,95,0.031071511269716412,0.0,0.031071511269716412
96,96,0.12403893072323025,0.0,0.12403893072323025
97,97,0.9026403783570032,1.0,0.9026403783570032
98,98,0.2169450868467666,0.0,0.2169450868467666
99,99,0.8428736014740124,1.0,0.8428736014740124
100,100,0.5542738502078035,1.0,0.5542738502078035
101,101,0.7643638232942944,1.0,0.7643638232942944
102,102,0.5926488808573462,1.0,0.5926488808573462
103,103,0.6541741535093053,1.0,0.6541741535093053
104,104,0.8207106176708329,1.0,0.8207106176708329
105,105,0.8342084208362393,0.0,0.8342084208362393
106,106,0.20632137759656166,1.0,0.20632137759656166
107,107,0.21463017092109615,0.0,0.21463017092109615
108,108,0.5468472175027372,1.0,0.5468472175027372
109,109,0.9168912984387841,1.0,0.9168912984387841
110,110,0.08477168515676603,0.0,0.08477168515676603
111,111,0.021824282585031995,0.0,0.021824282585031995
112,112,0.6402295701074558,0.0,0.6402295701074558
113,113,0.6637725158634203,0.0,0.6637725158634203
114,114,0.8598680793829144,0.0,0.8598680793829144
115,115,0.5015777199983872,0.0,0.5015777199983872
116,116,0.9746207708698796,1.0,0.9746207708698796
117,117,0.08186915510614556,0.0,0.08186915510614556
118,118,0.5163859799129619,0.0,0.5163859799129619
119,119,0.2090726918034198,1.0,0.2090726918034198
120,120,0.7599689219718683,1.0,0.7599689219718683
121,121,0.8875480867131992,1.0,0.8875480867131992
122,122,0.4180454487950338,0.0,0.4180454487950338
123,123,0.156662661756784,0.0,0.156662661756784
124,124,0.1842178924728063,0.0,0.1842178924728063
125,125,0.5910591886550225,0.0,0.5910591886550225
126,126,0.15484844165226685,0.0,0.15484844165226685
127,127,0.5600933933031268,0.0,0.5600933933031268
128,128,0.7416479620257569,0.0,0.7416479620257569
129,129,0.6535921331645337,0.0,0.6535921331645337
130,130,0.035004459234493246,0.0,0.035004459234493246
131,131,0.35370370863628275,0.0,0.35370370863628275
132,132,0.6749932983775496,1.0,0.6749932983775496
133,133,0.45114664205403954,0.0,0.45114664205403954
134,134,0.15515027012489313,0.0,0.15515027012489313
135,135,0.960301955184755,1.0,0.960301955184755
136,136,0.6655524735587091,0.0,0.6655524735587091
137,137,0.3546494244991959,1.0,0.3546494244991959
138,138,0.019965345941384105,0.0,0.019965345941384105
139,139,0.31688625635093726,0.0,0.31688625635093726
140,140,0.07196342133202271,0.0,0.07196342133202271
141,141,0.33244918282869473,0.0,0.33244918282869473
142,142,0.3084700732685627,0.0,0.3084700732685627
143,143,0.964136453443977,1.0,0.964136453443977
144,144,0.5991143201303237,1.0,0.5991143201303237
145,145,0.5401508651511315,1.0,0.5401508651511315
146,146,0.7454666313011823,1.0,0.7454666313011823
147,147,0.3787188491408102,1.0,0.3787188491408102
148,148,0.21126281869658103,0.0,0.21126281869658103
149,149,0.3499202024359922,0.0,0.3499202024359922
150,150,0.5381993447873291,0.0,0.5381993447873291
151,151,0.9975976698819221,1.0,0.9975976698819221
152,152,0.8888541543713948,1.0,0.8888541543713948
153,153,0.22782152239192677,0.0,0.22782152239192677
154,154,0.22275341004482485,0.0,0.22275341004482485
155,155,0.4988870698682032,1.0,0.4988870698682032
156,156,0.011762807929054375,0.0,0.011762807929054375
157,157,0.34347755327201546,0.0,0.34347755327201546
158,158,0.3535085117792627,1.0,0.3535085117792627
159,159,0.32959226295931154,0.0,0.32959226295931154
160,160,0.013700180515450078,0.0,0.013700180515450078
161,161,0.4693155116219828,0.0,0.4693155116219828
162,162,0.578445643889429,1.0,0.578445643889429
163,163,0.38351183416587564,1.0,0.38351183416587564
164,164,0.7794402559336762,0.0,0.7794402559336762
165,165,0.3002752670063411,0.0,0.3002752670063411
166,166,0.4160978223990158,1.0,0.4160978223990158
167,167,0.7458584152514868,1.0,0.7458584152514868
168,168,0.8090104021992809,0.0,0.8090104021992809
169,169,0.23933141955248838,0.0,0.23933141955248838
170,170,0.9087861472290092,1.0,0.9087861472290092
171,171,0.9399477860672578,1.0,0.9399477860672578
172,172,0.054059846350439256,0.0,0.054059846350439256
173,173,0.2322264044527912,1.0,0.2322264044527912
174,174,0.4815780065499674,1.0,0.4815780065499674
175,175,0.1807176325723966,0.0,0.1807176325723966
176,176,0.5173357293733949,1.0,0.5173357293733949
177,177,0.2608816082104265,0.0,0.2608816082104265
178,178,0.07048917749358852,0.0,0.07048917749358852
179,179,0.8567672562204212,1.0,0.8567672562204212
180,180,0.21303456866617143,1.0,0.21303456866617143
181,181,0.6715233429478135,1.0,0.6715233429478135
182,182,0.21511592278957503,0.0,0.21511592278957503
183,183,0.4834408884148732,0.0,0.4834408884148732
184,184,0.14735602208561205,0.0,0.14735602208561205
185,185,0.7587369567489136,1.0,0.7587369567489136
186,186,0.26366626353220035,0.0,0.26366626353220035
187,187,0.6876919422632671,1.0,0.6876919422632671
188,188,0.8434202391037418,1.0,0.8434202391037418
189,189,0.067621031243281,0.0,0.067621031243281
190,190,0.6187174269208527,0.0,0.6187174269208527
191,191,0.7696321790174783,1.0,0.7696321790174783
192,192,0.15424758581946296,0.0,0.15424758581946296
193,193,0.921835834187608,1.0,0.921835834187608
194,194,0.25969356125828047,1.0,0.25969356125828047
195,195,0.6764286161078461,0.0,0.6764286161078461
196,196,0.7263309642977099,1.0,0.7263309642977099
197,197,0.277401672171939,1.0,0.277401672171939
198,198,0.8125087395320375,1.0,0.8125087395320375
199,199,0.6832965003153856,1.0,0.6832965003153856
200,200,0.899009233551398,1.0,0.899009233551398
201,201,0.39297490652530254,1.0,0.39297490652530254
202,202,0.8892364216629468,1.0,0.8892364216629468
203,203,0.7928115759493378,1.0,0.7928115759493378
204,204,0.8963886771977303,1.0,0.8963886771977303
205,205,0.8845296644722067,1.0,0.8845296644722067
206,206,0.8328396114585459,1.0,0.8328396114585459
207,207,0.5510005876985942,1.0,0.5510005876985942
208,208,0.6793853071592129,1.0,0.6793853071592129
209,209,0.8093627590523269,0.0,0.8093627590523269
210,210,0.8967565745114331,1.0,0.8967565745114331
211,211,0.2641426777308743,0.0,0.2641426777308743
212,212,0.593487502113024,0.0,0.593487502113024
213,213,0.7626136002073389,0.0,0.7626136002073389
214,214,0.6213231037698559,0.0,0.6213231037698559
215,215,0.5843909087161602,1.0,0.5843909087161602
216,216,0.8358720421603145,1.0,0.8358720421603145
217,217,0.9083830952020977,1.0,0.9083830952020977
218,218,0.5779673370312475,1.0,0.5779673370312475
219,219,0.3689761904978618,0.0,0.3689761904978618
220,220,0.6076357393094277,0.0,0.6076357393094277
221,221,0.47603091995732827,0.0,0.47603091995732827
222,222,0.42192196703833784,0.0,0.42192196703833784
223,223,0.08949994059089317,0.0,0.08949994059089317
224,224,0.5908306959652868,1.0,0.5908306959652868
225,225,0.43842306105406514,1.0,0.43842306105406514
226,226,0.4429684128727407,0.0,0.4429684128727407
227,227,0.7904164170105178,1.0,0.7904164170105178
228,228,0.3847545044962102,0.0,0.3847545044962102
229,229,0.8767848302467398,0.0,0.8767848302467398
230,230,0.9182393774625771,0.0,0.9182393774625771
231,231,0.06969505943636778,0.0,0.06969505943636778
232,232,0.5156835531534605,1.0,0.5156835531534605
233,233,0.9175563969616072,1.0,0.9175563969616072
234,234,0.8933222337198424,1.0,0.8933222337198424
235,235,0.4338429663833492,0.0,0.4338429663833492
236,236,0.43557387516169965,1.0,0.43557387516169965
237,237,0.9633100914106064,1.0,0.9633100914106064
238,238,0.09399643465271612,0.0,0.09399643465271612
239,239,0.7949387377814604,1.0,0.7949387377814604
240,240,0.8674807517894305,1.0,0.8674807517894305
241,241,0.7355441930328572,0.0,0.7355441930328572
242,242,0.6286919729857867,1.0,0.6286919729857867
243,243,0.3520769590485566,0.0,0.3520769590485566
244,244,0.7624104590360474,1.0,0.7624104590360474
245,245,0.46763418584628136,1.0,0.46763418584628136
246,246,0.05426189611594501,0.0,0.05426189611594501
247,247,0.9328369898880373,1.0,0.9328369898880373
248,248,0.5847942804012471,1.0,0.5847942804012471
249,249,0.21208277966080102,0.0,0.21208277966080102
250,250,0.6253500849831863,1.0,0.6253500849831863
251,251,0.21248999318445516,0.0,0.21248999318445516
252,252,0.3900949244951759,1.0,0.3900949244951759
253,253,0.11214311469848648,0.0,0.11214311469848648
254,254,0.5429772373328552,1.0,0.5429772373328552
255,255,0.5057724089569716,1.0,0.5057724089569716
256,256,0.8698753398981011,0.0,0.8698753398981011
257,257,0.39600347550593085,0.0,0.39600347550593085
258,258,0.06640738961831782,0.0,0.06640738961831782
259,259,0.3031657590044895,0.0,0.3031657590044895
260,260,0.27649758949290726,0.0,0.27649758949290726
261,261,0.8610046114559727,1.0,0.8610046114559727
262,262,0.05577115512264241,0.0,0.05577115512264241
263,263,0.23190653190450639,1.0,0.23190653190450639
264,264,0.5293720971156002,1.0,0.5293720971156002
265,265,0.17281709356618147,0.0,0.17281709356618147
266,266,0.5331148151583771,1.0,0.5331148151583771
267,267,0.5390114484653767,1.0,0.5390114484653767
268,268,0.3378863863838647,0.0,0.3378863863838647
269,269,0.097721640499705,0.0,0.097721640499705
270,270,0.9688505961478787,1.0,0.9688505961478787
271,271,0.670972244481117,1.0,0.670972244481117
272,272,0.27839345584776576,0.0,0.27839345584776576
273,273,0.7851191013599321,1.0,0.7851191013599321
274,274,0.4115615404492369,1.0,0.4115615404492369
275,275,0.26921368872093976,1.0,0.26921368872093976
276,276,0.815599005556996,1.0,0.815599005556996
277,277,0.33621250259300584,0.0,0.33621250259300584
278,278,0.891696928889243,1.0,0.891696928889243
279,279,0.9408917473962657,1.0,0.9408917473962657
280,280,0.5863773561399828,1.0,0.5863773561399828
281,281,0.8796232253249099,1.0,0.8796232253249099
282,282,0.21002292431798664,0.0,0.21002292431798664
283,283,0.8336741393587277,1.0,0.8336741393587277
284,284,0.31879621407686964,0.0,0.31879621407686964
285,285,0.022996223166223073,0.0,0.022996223166223073
286,286,0.17522825321657487,0.0,0.17522825321657487
287,287,0.992471440354949,1.0,0.992471440354949
288,288,0.22290671897480185,1.0,0.22290671897480185
289,289,0.8451228865450703,1.0,0.8451228865450703
290,290,0.31439005700555733,1.0,0.31439005700555733
291,291,0.9710166167368638,1.0,0.9710166167368638
292,292,0.42167978571943554,0.0,0.42167978571943554
293,293,0.9742211337936681,1.0,0.9742211337936681
294,294,0.556477963204031,1.0,0.556477963204031
295,295,0.9011583766909994,1.0,0.9011583766909994
296,296,0.6856619926311224,1.0,0.6856619926311224
297,297,0.15359427894697386,1.0,0.15359427894697386
298,298,0.6134520866934992,0.0,0.6134520866934992
299,299,0.09843037704208568,0.0,0.09843037704208568
300,300,0.43661007831397036,1.0,0.43661007831397036
301,301,0.7853556847570323,0.0,0.7853556847570323
302,302,0.8872189811247736,0.0,0.8872189811247736
303,303,0.2768416618263906,0.0,0.2768416618263906
304,304,0.6229807640414159,1.0,0.6229807640414159
305,305,0.46876437352725464,1.0,0.46876437352725464
306,306,0.08842152010919024,0.0,0.08842152010919024
307,307,0.5364280749117148,0.0,0.5364280749117148
308,308,0.21222320540249162,1.0,0.21222320540249162
309,309,0.2884475798989762,0.0,0.2884475798989762
310,310,0.7454670823242757,1.0,0.7454670823242757
311,311,0.12243264874894666,0.0,0.12243264874894666
312,312,0.8656667492036809,1.0,0.8656667492036809
313,313,0.017238616390819028,0.0,0.017238616390819028
314,314,0.7020194183272985,1.0,0.7020194183272985
315,315,0.7680959599679528,1.0,0.7680959599679528
316,316,0.7536694733392701,1.0,0.7536694733392701
317,317,0.958938864042999,1.0,0.958938864042999
318,318,0.3953601819067818,1.0,0.3953601819067818
319,319,0.34755671787227815,0.0,0.34755671787227815
320,320,0.9427594487076815,1.0,0.9427594487076815
321,321,0.15814296955374807,0.0,0.15814296955374807
322,322,0.7424829212578836,1.0,0.7424829212578836
323,323,0.494990897067611,0.0,0.494990897067611
324,324,0.2051750870527529,0.0,0.2051750870527529
325,325,0.9437624353178107,1.0,0.9437624353178107
326,326,0.93139170048367,1.0,0.93139170048367
327,327,0.6739859466730594,0.0,0.6739859466730594
328,328,0.7842100376830371,1.0,0.7842100376830371
329,329,0.051820681141928726,0.0,0.051820681141928726
330,330,0.9589259606667311,1.0,0.9589259606667311
331,331,0.4563837811242304,1.0,0.4563837811242304
332,332,0.6949114403386311,1.0,0.6949114403386311
333,333,0.4541857581059825,1.0,0.4541857581059825
334,334,0.83097359199969,1.0,0.83097359199969
335,335,0.8441862574327753,1.0,0.8441862574327753
336,336,0.6225679090864965,1.0,0.6225679090864965
337,337,0.77973489265414,1.0,0.77973489265414
338,338,0.7274736528304788,1.0,0.7274736528304788
339,339,0.8164810235437692,0.0,0.8164810235437692
340,340,0.7144180381579501,0.0,0.7144180381579501
341,341,0.5390638646662842,1.0,0.5390638646662842
342,342,0.5944262978279117,0.0,0.5944262978279117
343,343,0.6872978017358611,1.0,0.6872978017358611
344,344,0.45113736393385573,0.0,0.45113736393385573
345,345,0.2887132014132099,1.0,0.2887132014132099
346,346,0.6745000930881707,1.0,0.6745000930881707
347,347,0.8703157529940125,1.0,0.8703157529940125
348,348,0.30019973581259374,0.0,0.30019973581259374
349,349,0.4824474215746194,0.0,0.4824474215746194
350,350,0.18166122467205337,0.0,0.18166122467205337
351,351,0.9375659721807068,1.0,0.9375659721807068
352,352,0.7717226384990089,1.0,0.7717226384990089
353,353,0.7624408168644972,1.0,0.7624408168644972
354,354,0.04360532196998401,1.0,0.04360532196998401
355,355,0.6415966398439935,0.0,0.6415966398439935
356,356,0.3025816693902199,1.0,0.3025816693902199
357,357,0.9375230955820565,1.0,0.9375230955820565
358,358,0.3701805944014085,0.0,0.3701805944014085
359,359,0.17514805399666622,0.0,0.17514805399666622
360,360,0.17149756622882606,1.0,0.17149756622882606
361,361,0.7794707519722035,1.0,0.7794707519722035
362,362,0.45049277050080605,0.0,0.45049277050080605
363,363,0.5305543940350935,1.0,0.5305543940350935
364,364,0.9452491543881767,1.0,0.9452491543881767
365,365,0.6428287462954033,0.0,0.6428287462954033
366,366,0.7058435386376195,0.0,0.7058435386376195
367,367,0.223952399502233,1.0,0.223952399502233
368,368,0.5965412360110326,0.0,0.5965412360110326
369,369,0.4463902185377441,1.0,0.4463902185377441
370,370,0.22136313053729584,0.0,0.22136313053729584
371,371,0.6208254136561628,0.0,0.6208254136561628
372,372,0.3261028773015512,1.0,0.3261028773015512
373,373,0.7359652632428428,1.0,0.7359652632428428
374,374,0.10092938657138062,0.0,0.10092938657138062
375,375,0.1700770222232345,0.0,0.1700770222232345
376,376,0.9992179594209611,1.0,0.9992179594209611
377,377,0.6342752710756602,1.0,0.6342752710756602
378,378,0.11239090173750521,0.0,0.11239090173750521
379,379,0.1674895311463348,0.0,0.1674895311463348
380,380,0.8368086587397642,0.0,0.8368086587397642
381,381,0.9504564760636527,1.0,0.9504564760636527
382,382,0.3274454430961329,1.0,0.3274454430961329
383,383,0.44276488730280994,0.0,0.44276488730280994
384,384,0.8143106509283381,1.0,0.8143106509283381
385,385,0.23074541563358753,0.0,0.23074541563358753
386,386,0.8981517422655376,1.0,0.8981517422655376
387,387,0.21533476082843384,0.0,0.21533476082843384
388,388,0.2972245319665344,1.0,0.2972245319665344
389,389,0.06013553476428979,0.0,0.06013553476428979
390,390,0.7889521321180237,1.0,0.7889521321180237
391,391,0.014534338806954539,0.0,0.014534338806954539
392,392,0.8656778713944595,1.0,0.8656778713944595
393,393,0.03994276012416553,0.0,0.03994276012416553
394,394,0.4693067729053305,0.0,0.4693067729053305
395,395,0.8831674434229118,1.0,0.8831674434229118
396,396,0.9420851090053158,1.0,0.9420851090053158
397,397,0.30056402966486895,1.0,0.30056402966486895
398,398,0.009856847162804772,0.0,0.009856847162804772
399,399,0.39163404468276275,0.0,0.39163404468276275
400,400,0.09506786814047707,1.0,0.09506786814047707
401,401,0.1407467799262213,0.0,0.1407467799262213
402,402,0.8948653846083976,1.0,0.8948653846083976
403,403,0.49734928798562805,1.0,0.49734928798562805
404,404,0.46724385324054507,0.0,0.46724385324054507
405,405,0.5470536753980215,0.0,0.5470536753980215
406,406,0.5530878546753596,0.0,0.5530878546753596
407,407,0.6646812214138287,1.0,0.6646812214138287
408,408,0.405361496689601,1.0,0.405361496689601
409,409,0.3515847258516045,1.0,0.3515847258516045
410,410,0.869896508789961,1.0,0.869896508789961
411,411,0.10069771987501686,0.0,0.10069771987501686
412,412,0.8887375278162916,1.0,0.8887375278162916
413,413,0.33833375340445804,0.0,0.33833375340445804
414,414,0.11634244585992082,1.0,0.11634244585992082
415,415,0.7821989962222298,1.0,0.7821989962222298
416,416,0.7733664071023227,1.0,0.7733664071023227
417,417,0.25610610888186236,0.0,0.25610610888186236
418,418,0.04466508270149905,0.0,0.04466508270149905
419,419,0.17735132870318782,0.0,0.17735132870318782
420,420,0.8200369262012809,0.0,0.8200369262012809
421,421,0.5496132889691233,0.0,0.5496132889691233
422,422,0.410202390722744,1.0,0.410202390722744
423,423,0.32940475192244734,1.0,0.32940475192244734
424,424,0.21521740550813206,1.0,0.21521740550813206
425,425,0.5726738357897474,0.0,0.5726738357897474
426,426,0.6081539212047454,1.0,0.6081539212047454
427,427,0.9480808969937399,1.0,0.9480808969937399
428,428,0.40565876266968115,0.0,0.40565876266968115
429,429,0.6260925010485044,1.0,0.6260925010485044
430,430,0.9848440240739432,1.0,0.9848440240739432
431,431,0.3800259132702929,1.0,0.3800259132702929
432,432,0.2726553316291135,0.0,0.2726553316291135
433,433,0.1910606064270013,0.0,0.1910606064270013
434,434,0.4913292571433995,0.0,0.4913292571433995
435,435,0.3588640005924645,0.0,0.3588640005924645
436,436,0.6639554523864426,1.0,0.6639554523864426
437,437,0.3930625029395627,0.0,0.3930625029395627
438,438,0.29450627296328513,1.0,0.29450627296328513
439,439,0.7392892383451305,0.0,0.7392892383451305
440,440,0.8719174126090224,1.0,0.8719174126090224
441,441,0.6833933768372561,1.0,0.6833933768372561
442,442,0.19855821259526663,0.0,0.19855821259526663
443,443,0.44738436712186647,0.0,0.44738436712186647
444,444,0.8613121973224304,1.0,0.8613121973224304
445,445,0.008410470179522234,0.0,0.008410470179522234
446,446,0.17637959849219653,0.0,0.17637959849219653
447,447,0.2417444618321538,0.0,0.2417444618321538
448,448,0.22800974900626014,0.0,0.22800974900626014
449,449,0.20921759775154103,0.0,0.20921759775154103
450,450,0.04844014398698493,0.0,0.04844014398698493
451,451,0.3285845290119104,0.0,0.3285845290119104
452,452,0.4393336602982826,0.0,0.4393336602982826
453,453,0.8155538371709598,0.0,0.8155538371709598
454,454,0.04666188783490788,0.0,0.04666188783490788
455,455,0.5688081909477289,0.0,0.5688081909477289
456,456,0.41558342951636373,0.0,0.41558342951636373
457,457,0.860320108294805,1.0,0.860320108294805
458,458,0.30617776187526813,0.0,0.30617776187526813
459,459,0.616941818114846,1.0,0.616941818114846
460,460,0.8148512657729817,1.0,0.8148512657729817
461,461,0.06896221211960218,0.0,0.06896221211960218
462,462,0.11787463514566232,0.0,0.11787463514566232
463,463,0.4735131626863859,0.0,0.4735131626863859
464,464,0.532332147129236,0.0,0.532332147129236
465,465,0.9437338035543508,0.0,0.9437338035543508
466,466,0.48979140875146754,0.0,0.48979140875146754
467,467,0.07741776759138985,0.0,0.07741776759138985
468,468,0.20908326610210626,0.0,0.20908326610210626
469,469,0.49034984838402307,0.0,0.49034984838402307
470,470,0.20434910614941537,1.0,0.20434910614941537
471,471,0.8450430065711656,1.0,0.8450430065711656
472,472,0.6179487573642126,0.0,0.6179487573642126
473,473,0.3960718294020187,0.0,0.3960718294020187
474,474,0.2417373875340233,0.0,0.2417373875340233
475,475,0.9701937401508224,1.0,0.9701937401508224
476,476,0.16404035265477335,0.0,0.16404035265477335
477,477,0.35331899060666805,1.0,0.35331899060666805
478,478,0.2903251260069948,0.0,0.2903251260069948
479,479,0.5385933569933576,0.0,0.5385933569933576
480,480,0.9714337509848119,1.0,0.9714337509848119
481,481,0.6663692923398168,0.0,0.6663692923398168
482,482,0.4531271025296465,0.0,0.4531271025296465
483,483,0.8151359252944459,1.0,0.8151359252944459
484,484,0.8379245024010751,0.0,0.8379245024010751
485,485,0.48790036486528343,1.0,0.48790036486528343
486,486,0.5593271614226153,1.0,0.5593271614226153
487,487,0.8252319039901361,1.0,0.8252319039901361
488,488,0.9773133534446796,1.0,0.9773133534446796
489,489,0.8330744711601402,0.0,0.8330744711601402
490,490,0.4188068071301927,1.0,0.4188068071301927
491,491,0.7565532548265179,1.0,0.7565532548265179
492,492,0.03827550365844712,0.0,0.03827550365844712
493,493,0.43461197992668177,1.0,0.43461197992668177
494,494,0.983053498991113,1.0,0.983053498991113
495,495,0.7614740472194451,1.0,0.7614740472194451
496,496,0.21757570339274057,1.0,0.21757570339274057
497,497,0.17643637600284579,0.0,0.17643637600284579
498,498,0.5554697125362352,0.0,0.5554697125362352
499,499,0.49423646102179375,0.0,0.49423646102179375
500,500,0.03900536931436305,0.0,0.03900536931436305
501,501,0.3567107816550996,0.0,0.3567107816550996
502,502,0.1560416378925834,0.0,0.1560416378925834
503,503,0.07749050037103755,1.0,0.07749050037103755
504,504,0.9552948408254384,1.0,0.9552948408254384
505,505,0.14073894779896556,0.0,0.14073894779896556
506,506,0.9120378271919808,1.0,0.9120378271919808
507,507,0.0683524586254578,0.0,0.0683524586254578
508,508,0.028363768304761616,0.0,0.028363768304761616
509,509,0.9894092402260153,1.0,0.9894092402260153
510,510,0.1648423129853418,1.0,0.1648423129853418
511,511,0.9046470939090046,1.0,0.9046470939090046
512,512,0.5343405616281814,0.0,0.5343405616281814
513,513,0.8244027048365339,1.0,0.8244027048365339
514,514,0.2555963747110106,0.0,0.2555963747110106
515,515,0.8294754479723704,1.0,0.8294754479723704
516,516,0.5337708248912032,0.0,0.5337708248912032
517,517,0.9324391086518558,1.0,0.9324391086518558
518,518,0.23460331822153602,0.0,0.23460331822153602
519,519,0.11301365061082791,0.0,0.11301365061082791
520,520,0.12153438660486027,1.0,0.12153438660486027
521,521,0.7814711914680393,1.0,0.7814711914680393
522,522,0.8349994325327285,1.0,0.8349994325327285
523,523,0.5537966973365256,1.0,0.5537966973365256
524,524,0.6575508738094411,1.0,0.6575508738094411
525,525,0.6592748498521597,1.0,0.6592748498521597
526,526,0.6817775715360685,1.0,0.6817775715360685
527,527,0.8193452685274586,1.0,0.8193452685274586
528,528,0.5522977712038528,1.0,0.5522977712038528
529,529,0.16539363620625935,0.0,0.16539363620625935
530,530,0.01128709434979347,0.0,0.01128709434979347
531,531,0.8678206467818744,0.0,0.8678206467818744
532,532,0.15680440847012322,0.0,0.15680440847012322
533,533,0.15448328497708474,1.0,0.15448328497708474
534,534,0.5604259437216513,0.0,0.5604259437216513
535,535,0.8031951422501594,1.0,0.8031951422501594
536,536,0.4261421352540574,0.0,0.4261421352540574
537,537,0.9328068162470087,1.0,0.9328068162470087
538,538,0.3065599577796324,0.0,0.3065599577796324
539,539,0.9918213251242401,1.0,0.9918213251242401
540,540,0.2561832730301996,0.0,0.2561832730301996
541,541,0.9074600113887282,0.0,0.9074600113887282
542,542,0.3430931031175902,0.0,0.3430931031175902
543,543,0.6812772320489765,1.0,0.6812772320489765
544,544,0.28304275825289804,1.0,0.28304275825289804
545,545,0.5474061146831389,1.0,0.5474061146831389
546,546,0.06596256413539003,0.0,0.06596256413539003
547,547,0.4903949008321854,1.0,0.4903949008321854
548,548,0.8816307953400376,1.0,0.8816307953400376
549,549,0.7505900377031436,1.0,0.7505900377031436
550,550,0.8165304321054688,1.0,0.8165304321054688
551,551,0.365958554636861,0.0,0.365958554636861
552,552,0.7343994438634891,1.0,0.7343994438634891
553,553,0.9457240570082475,1.0,0.9457240570082475
554,554,0.8565223828497216,1.0,0.8565223828497216
555,555,0.6302140670908485,0.0,0.6302140670908485
556,556,0.581259318904634,1.0,0.581259318904634
557,557,0.0054952288251324255,0.0,0.0054952288251324255
558,558,0.10005058391354715,0.0,0.10005058391354715
559,559,0.22615098248145427,0.0,0.22615098248145427
560,560,0.3175196695543382,1.0,0.3175196695543382
561,561,0.2856738543220857,0.0,0.2856738543220857
562,562,0.9585547938226731,1.0,0.9585547938226731
563,563,0.9236948924651481,1.0,0.9236948924651481
564,564,0.7519264457956556,1.0,0.7519264457956556
565,565,0.5375395680001126,0.0,0.5375395680001126
566,566,0.044831992260037756,0.0,0.044831992260037756
567,567,0.9222873034027944,1.0,0.9222873034027944
568,568,0.16411048339291545,0.0,0.16411048339291545
569,569,0.7175575779671386,1.0,0.7175575779671386
570,570,0.9854125994478576,1.0,0.9854125994478576
571,571,0.2463997446090802,0.0,0.2463997446090802
572,572,0.7423885778332232,0.0,0.7423885778332232
573,573,0.4102766878363453,0.0,0.4102766878363453
574,574,0.7348087451645604,1.0,0.7348087451645604
575,575,0.7617659261366442,1.0,0.7617659261366442
576,576,0.2910036426009238,1.0,0.2910036426009238
577,577,0.9286218993798311,1.0,0.9286218993798311
578,578,0.7024920347496176,1.0,0.7024920347496176
579,579,0.4073343211610657,0.0,0.4073343211610657
580,580,0.36466370546023497,0.0,0.36466370546023497
581,581,0.41936825192094995,0.0,0.41936825192094995
582,582,0.874545980924132,1.0,0.874545980924132
583,583,0.25508836489381426,0.0,0.25508836489381426
584,584,0.4694576452956064,1.0,0.4694576452956064
585,585,0.4944259488257713,1.0,0.4944259488257713
586,586,0.727401253692503,1.0,0.727401253692503
587,587,0.7477756469983752,0.0,0.7477756469983752
588,588,0.49892031938231296,1.0,0.49892031938231296
589,589,0.9866057993711204,1.0,0.9866057993711204
590,590,0.8325647728305489,0.0,0.8325647728305489
591,591,0.6162378005083976,0.0,0.6162378005083976
592,592,0.8599739412185402,1.0,0.8599739412185402
593,593,0.2817206008387516,0.0,0.2817206008387516
594,594,0.18280812194559715,0.0,0.18280812194559715
595,595,0.5832139149712383,0.0,0.5832139149712383
596,596,0.5453833813593356,1.0,0.5453833813593356
597,597,0.07067872300957234,0.0,0.07067872300957234
598,598,0.9496779702235625,1.0,0.9496779702235625
599,599,0.7418142404001575,1.0,0.7418142404001575
600,600,0.7607699647858035,1.0,0.7607699647858035
601,601,0.6273149637799453,1.0,0.6273149637799453
602,602,0.11060441899875639,0.0,0.11060441899875639
603,603,0.35844843919803737,1.0,0.35844843919803737
604,604,0.4255982692761253,1.0,0.4255982692761253
605,605,0.8841829239863453,1.0,0.8841829239863453
606,606,0.45335867625608905,1.0,0.45335867625608905
607,607,0.9357784195504114,1.0,0.9357784195504114
608,608,0.1447898952411606,1.0,0.1447898952411606
609,609,0.6423253421916977,1.0,0.6423253421916977
610,610,0.13592644861432357,0.0,0.13592644861432357
611,611,0.14411065912598775,0.0,0.14411065912598775
612,612,0.6295404344559438,1.0,0.6295404344559438
613,613,0.27842420151774927,0.0,0.27842420151774927
614,614,0.15882145336050124,0.0,0.15882145336050124
615,615,0.03425250630972976,0.0,0.03425250630972976
616,616,0.66953049801843,1.0,0.66953049801843
617,617,0.708564569581999,0.0,0.708564569581999
618,618,0.7864859872000105,1.0,0.7864859872000105
619,619,0.577491130295878,1.0,0.577491130295878
620,620,0.7657799773589941,1.0,0.7657799773589941
621,621,0.7376197257337603,1.0,0.7376197257337603
622,622,0.126557099357975,0.0,0.126557099357975
623,623,0.8447536925607931,0.0,0.8447536925607931
624,624,0.016567599332978467,0.0,0.016567599332978467
625,625,0.3093413149433203,1.0,0.3093413149433203
626,626,0.2544273836670681,1.0,0.2544273836670681
627,627,0.11907233861241162,0.0,0.11907233861241162
628,628,0.7599271647702155,0.0,0.7599271647702155
629,629,0.5126022954451073,0.0,0.5126022954451073
630,630,0.4902799702979477,1.0,0.4902799702979477
631,631,0.5241568905957199,0.0,0.5241568905957199
632,632,0.24415217552941482,1.0,0.24415217552941482
633,633,0.7230425607438984,0.0,0.7230425607438984
634,634,0.5840428974135925,0.0,0.5840428974135925
635,635,0.7563794156170618,1.0,0.7563794156170618
636,636,0.6994158515679442,0.0,0.6994158515679442
637,637,0.9354581709046028,1.0,0.9354581709046028
638,638,0.04920568405248438,0.0,0.04920568405248438
639,639,0.9553717431467562,1.0,0.9553717431467562
640,640,0.941863096551834,1.0,0.941863096551834
641,641,0.47790372526031044,0.0,0.47790372526031044
642,642,0.309690112520451,0.0,0.309690112520451
643,643,0.19456580549324465,0.0,0.19456580549324465
644,644,0.1451373454942675,1.0,0.1451373454942675
645,645,0.49437494993783393,0.0,0.49437494993783393
646,646,0.5780777982954014,0.0,0.5780777982954014
647,647,0.355397265403135,0.0,0.355397265403135
648,648,0.778817159407847,1.0,0.778817159407847
649,649,0.9485208054373391,1.0,0.9485208054373391
650,650,0.14793702702959466,1.0,0.14793702702959466
651,651,0.40291491189635464,1.0,0.40291491189635464
652,652,0.061925890041759746,1.0,0.061925890041759746
653,653,0.6680051977216579,1.0,0.6680051977216579
654,654,0.8150207514697578,1.0,0.8150207514697578
655,655,0.6629268247142737,0.0,0.6629268247142737
656,656,0.4850484695846137,1.0,0.4850484695846137
657,657,0.5288313251392089,0.0,0.5288313251392089
658,658,0.8706105714317967,1.0,0.8706105714317967
659,659,0.5727562426223243,0.0,0.5727562426223243
660,660,0.964752277336652,1.0,0.964752277336652
661,661,0.6572702309651072,1.0,0.6572702309651072
662,662,0.4696331348158572,1.0,0.4696331348158572
663,663,0.5733546914702076,1.0,0.5733546914702076
664,664,0.5017231411946428,1.0,0.5017231411946428
665,665,0.8624086959656654,1.0,0.8624086959656654
666,666,0.2943838195538795,1.0,0.2943838195538795
667,667,0.6694302370224725,1.0,0.6694302370224725
668,668,0.18083573349685478,1.0,0.18083573349685478
669,669,0.5303529903079421,0.0,0.5303529903079421
670,670,0.556934823068686,1.0,0.556934823068686
671,671,0.4528562525646581,0.0,0.4528562525646581
672,672,0.11709931081867009,0.0,0.11709931081867009
673,673,0.08793512963505057,0.0,0.08793512963505057
674,674,0.906721245020311,1.0,0.906721245020311
675,675,0.6872305424372862,0.0,0.6872305424372862
676,676,0.4640372639935285,1.0,0.4640372639935285
677,677,0.9996673521505524,1.0,0.9996673521505524
678,678,0.11067340268632786,0.0,0.11067340268632786
679,679,0.9577773332841516,1.0,0.9577773332841516
680,680,0.952090453947062,1.0,0.952090453947062
681,681,0.9502543574086468,0.0,0.9502543574086468
682,682,0.0231598021820133,0.0,0.0231598021820133
683,683,0.32266830508786803,1.0,0.32266830508786803
684,684,0.593689549285984,1.0,0.593689549285984
685,685,0.7129942867809586,0.0,0.7129942867809586
686,686,0.6475387881569199,0.0,0.6475387881569199
687,687,0.5573946692062995,1.0,0.5573946692062995
688,688,0.4998471378034408,1.0,0.4998471378034408
689,689,0.08315804413935368,1.0,0.08315804413935368
690,690,0.7568744813802581,1.0,0.7568744813802581
691,691,0.03442920434151653,0.0,0.03442920434151653
692,692,0.7784014810269991,1.0,0.7784014810269991
693,693,0.7776307404368399,1.0,0.7776307404368399
694,694,0.8397622476733385,1.0,0.8397622476733385
695,695,0.10363699582855379,0.0,0.10363699582855379
696,696,0.028238706658440083,0.0,0.028238706658440083
697,697,0.8925952874995597,1.0,0.8925952874995597
698,698,0.8881697868865094,1.0,0.8881697868865094
699,699,0.6281512462773174,1.0,0.6281512462773174
700,700,0.9280253729107115,1.0,0.9280253729107115
701,701,0.15610686115999128,1.0,0.15610686115999128
702,702,0.7005174713709851,1.0,0.7005174713709851
703,703,0.5097451331887936,0.0,0.5097451331887936
704,704,0.10188194637151238,0.0,0.10188194637151238
705,705,0.8157781283418417,1.0,0.8157781283418417
706,706,0.06775411318163038,0.0,0.06775411318163038
707,707,0.6351761684104965,1.0,0.6351761684104965
708,708,0.008909948716615546,0.0,0.008909948716615546
709,709,0.18168913324579417,0.0,0.18168913324579417
710,710,0.004966593785476037,0.0,0.004966593785476037
711,711,0.5700447359542318,0.0,0.5700447359542318
712,712,0.8490892326183131,1.0,0.8490892326183131
713,713,0.702860964307655,0.0,0.702860964307655
714,714,0.7746129701595297,1.0,0.7746129701595297
715,715,0.13489847894424134,0.0,0.13489847894424134
716,716,0.08817518470955954,0.0,0.08817518470955954
717,717,0.5326856842776395,0.0,0.5326856842776395
718,718,0.5468062639816073,1.0,0.5468062639816073
719,719,0.6342122288559568,1.0,0.6342122288559568
720,720,0.43112707600050804,0.0,0.43112707600050804
721,721,0.6076940289459701,1.0,0.6076940289459701
722,722,0.2973029655886742,1.0,0.2973029655886742
723,723,0.3153118990164029,0.0,0.3153118990164029
724,724,0.14702069295588127,1.0,0.14702069295588127
725,725,0.0595082708689455,0.0,0.0595082708689455
726,726,0.6546532570520112,1.0,0.6546532570520112
727,727,0.3088539735573895,0.0,0.3088539735573895
728,728,0.610689155448691,1.0,0.610689155448691
729,729,0.829629661333577,1.0,0.829629661333577
730,730,0.3116854774113669,0.0,0.3116854774113669
731,731,0.6250188786478866,0.0,0.6250188786478866
732,732,0.844816796395922,1.0,0.844816796395922
733,733,0.18297109774089193,1.0,0.18297109774089193
734,734,0.057808276936143654,0.0,0.057808276936143654
735,735,0.345719814868204,0.0,0.345719814868204
736,736,0.04094289995868472,0.0,0.04094289995868472
737,737,0.7324689632942141,0.0,0.7324689632942141
738,738,0.030893595335472424,0.0,0.030893595335472424
739,739,0.8785359077661962,1.0,0.8785359077661962
740,740,0.23970034106038063,0.0,0.23970034106038063
741,741,0.5059336504239281,1.0,0.5059336504239281
742,742,0.09822957542119615,0.0,0.09822957542119615
743,743,0.44951382569834497,0.0,0.44951382569834497
744,744,0.7763999084447323,1.0,0.7763999084447323
745,745,0.05189960845333974,0.0,0.05189960845333974
746,746,0.961699873138379,0.0,0.961699873138379
747,747,0.5753208619617838,1.0,0.5753208619617838
748,748,0.6927004879468075,1.0,0.6927004879468075
749,749,0.7644108394606772,0.0,0.7644108394606772
750,750,0.5793158294506878,0.0,0.5793158294506878
751,751,0.14870484104814508,0.0,0.14870484104814508
752,752,0.09736567879869251,0.0,0.09736567879869251
753,753,0.6455032731765411,1.0,0.6455032731765411
754,754,0.4305593908627825,0.0,0.4305593908627825
755,755,0.7180093344429113,1.0,0.7180093344429113
756,756,0.030453080651677622,0.0,0.030453080651677622
757,757,0.9879226814773864,1.0,0.9879226814773864
758,758,0.9527704127712329,1.0,0.9527704127712329
759,759,0.7639286391213886,1.0,0.7639286391213886
760,760,0.3622795109577511,1.0,0.3622795109577511
761,761,0.8196336835511905,1.0,0.8196336835511905
762,762,0.5086493357551799,0.0,0.5086493357551799
763,763,0.7750818031352911,1.0,0.7750818031352911
764,764,0.7478744967761592,1.0,0.7478744967761592
765,765,0.1349377312142097,1.0,0.1349377312142097
766,766,0.8013602049259073,1.0,0.8013602049259073
767,767,0.6197772573764094,1.0,0.6197772573764094
768,768,0.7121519371644163,1.0,0.7121519371644163
769,769,0.3319413283545024,0.0,0.3319413283545024
770,770,0.061097150261802735,0.0,0.061097150261802735
771,771,0.12284734118592222,0.0,0.12284734118592222
772,772,0.4070573195811972,0.0,0.4070573195811972
773,773,0.361722457501935,1.0,0.361722457501935
774,774,0.08944584674720724,0.0,0.08944584674720724
775,775,0.9981080003359077,1.0,0.9981080003359077
776,776,0.6388749232492096,0.0,0.6388749232492096
777,777,0.024901348274916413,0.0,0.024901348274916413
778,778,0.4484259386740216,1.0,0.4484259386740216
779,779,0.2932395560966884,0.0,0.2932395560966884
780,780,0.10782268766517489,0.0,0.10782268766517489
781,781,0.26474104897800343,0.0,0.26474104897800343
782,782,0.07428104439394245,0.0,0.07428104439394245
783,783,0.0015401779240545865,0.0,0.0015401779240545865
784,784,0.07984235251966754,0.0,0.07984235251966754
785,785,0.7900404475889113,1.0,0.7900404475889113
786,786,0.03125464640737041,0.0,0.03125464640737041
787,787,0.6011748709267029,1.0,0.6011748709267029
788,788,0.5418172836089755,1.0,0.5418172836089755
789,789,0.6178237426467713,1.0,0.6178237426467713
790,790,0.36673070296038,1.0,0.36673070296038
791,791,0.7260543931196474,1.0,0.7260543931196474
792,792,0.37169267207790546,1.0,0.37169267207790546
793,793,0.8564147529441467,0.0,0.8564147529441467
794,794,0.29995084428047136,0.0,0.29995084428047136
795,795,0.5135740102553443,1.0,0.5135740102553443
796,796,0.3277337374215099,1.0,0.3277337374215099
797,797,0.8461527693893242,1.0,0.8461527693893242
798,798,0.07877582859382604,0.0,0.07877582859382604
799,799,0.3334650962285237,0.0,0.3334650962285237
800,800,0.37320343067844286,0.0,0.37320343067844286
801,801,0.2511693808068327,0.0,0.2511693808068327
802,802,0.6221765676275584,0.0,0.6221765676275584
803,803,0.4896783326931854,0.0,0.4896783326931854
804,804,0.4710869450383125,0.0,0.4710869450383125
805,805,0.670975265078502,1.0,0.670975265078502
806,806,0.1709921649628693,0.0,0.1709921649628693
807,807,0.636907031594218,1.0,0.636907031594218
808,808,0.7570359107879517,1.0,0.7570359107879517
809,809,0.8750442952961575,1.0,0.8750442952961575
810,810,0.2622236852959984,0.0,0.2622236852959984
811,811,0.9246716345312938,1.0,0.9246716345312938
812,812,0.3216135059845817,0.0,0.3216135059845817
813,813,0.5733337713730113,0.0,0.5733337713730113
814,814,0.5888902884507886,1.0,0.5888902884507886
815,815,0.19694597186071272,0.0,0.19694597186071272
816,816,0.42578614941937387,1.0,0.42578614941937387
817,817,0.2471714214050631,0.0,0.2471714214050631
818,818,0.22740036251948337,0.0,0.22740036251948337
819,819,0.30088901686412584,0.0,0.30088901686412584
820,820,0.4620757250512534,0.0,0.4620757250512534
821,821,0.9887785387887998,1.0,0.9887785387887998
822,822,0.7580272438180149,1.0,0.7580272438180149
823,823,0.22717017967948516,0.0,0.22717017967948516
824,824,0.20637872054951834,0.0,0.20637872054951834
825,825,0.7199217774420471,1.0,0.7199217774420471
826,826,0.3131519133228645,1.0,0.3131519133228645
827,827,0.4057050442250968,0.0,0.4057050442250968
828,828,0.8187111261529051,1.0,0.8187111261529051
829,829,0.6925837629880054,1.0,0.6925837629880054
830,830,0.6743871120224143,1.0,0.6743871120224143
831,831,0.509655219463655,1.0,0.509655219463655
832,832,0.45709804094077156,1.0,0.45709804094077156
833,833,0.3486912554365479,1.0,0.3486912554365479
834,834,0.5139987698755467,0.0,0.5139987698755467
835,835,0.923435600220531,1.0,0.923435600220531
836,836,0.24730045860666572,0.0,0.24730045860666572
837,837,0.1790378260921207,0.0,0.1790378260921207
838,838,0.9045465816452867,1.0,0.9045465816452867
839,839,0.6918755916495835,1.0,0.6918755916495835
840,840,0.8830708166846454,1.0,0.8830708166846454
841,841,0.32740268077320267,0.0,0.32740268077320267
842,842,0.8708994614980095,1.0,0.8708994614980095
843,843,0.9902250820582654,1.0,0.9902250820582654
844,844,0.9601566252330616,1.0,0.9601566252330616
845,845,0.1933541086360877,0.0,0.1933541086360877
846,846,0.45594962078077717,1.0,0.45594962078077717
847,847,0.03888146156201455,0.0,0.03888146156201455
848,848,0.9136571231551256,1.0,0.9136571231551256
849,849,0.5607443328072831,0.0,0.5607443328072831
850,850,0.5973756832662643,0.0,0.5973756832662643
851,851,0.6508285133981875,1.0,0.6508285133981875
852,852,0.40844275612649295,0.0,0.40844275612649295
853,853,0.03348202974557368,0.0,0.03348202974557368
854,854,0.14578501312027903,0.0,0.14578501312027903
855,855,0.3301193341345239,0.0,0.3301193341345239
856,856,0.7801556649595487,1.0,0.7801556649595487
857,857,0.5613104665952944,1.0,0.5613104665952944
858,858,0.9510380261677449,1.0,0.9510380261677449
859,859,0.5744274224195423,0.0,0.5744274224195423
860,860,0.14457426634546466,0.0,0.14457426634546466
861,861,0.05013421403549523,1.0,0.05013421403549523
862,862,0.5387465047855509,1.0,0.5387465047855509
863,863,0.4859320811287724,0.0,0.4859320811287724
864,864,0.5745388578593085,1.0,0.5745388578593085
865,865,0.654561696536128,1.0,0.654561696536128
866,866,0.8596986451362965,0.0,0.8596986451362965
867,867,0.6509081880301193,0.0,0.6509081880301193
868,868,0.1469428161189782,1.0,0.1469428161189782
869,869,0.6265553856293725,0.0,0.6265553856293725
870,870,0.3679242652103899,0.0,0.3679242652103899
871,871,0.2191137649522894,0.0,0.2191137649522894
872,872,0.6066973834149421,1.0,0.6066973834149421
873,873,0.4457901321707832,0.0,0.4457901321707832
874,874,0.21104380567894443,0.0,0.21104380567894443
875,875,0.5833395499480524,1.0,0.5833395499480524
876,876,0.4457248318263528,0.0,0.4457248318263528
877,877,0.9216901652757895,1.0,0.9216901652757895
878,878,0.9305761515968851,0.0,0.9305761515968851
879,879,0.7544531775335117,1.0,0.7544531775335117
880,880,0.9841252815737569,1.0,0.9841252815737569
881,881,0.6432951449601524,1.0,0.6432951449601524
882,882,0.11516596467596263,0.0,0.11516596467596263
883,883,0.4434307476069699,0.0,0.4434307476069699
884,884,0.10310648445036352,0.0,0.10310648445036352
885,885,0.780178208891184,1.0,0.780178208891184
886,886,0.5763855452846534,1.0,0.5763855452846534
887,887,0.6676066889506413,1.0,0.6676066889506413
888,888,0.5086346009871473,1.0,0.5086346009871473
889,889,0.06221200089266443,0.0,0.06221200089266443
890,890,0.516502613408955,0.0,0.516502613408955
891,891,0.14891939316542324,0.0,0.14891939316542324
892,892,0.6272205975828129,0.0,0.6272205975828129
893,893,0.2879731496807789,0.0,0.2879731496807789
894,894,0.7388323991324357,1.0,0.7388323991324357
895,895,0.2157939897600547,0.0,0.2157939897600547
896,896,0.6882595150450013,1.0,0.6882595150450013
897,897,0.9082183013374496,1.0,0.9082183013374496
898,898,0.9213775357684834,1.0,0.9213775357684834
899,899,0.7187315176799477,1.0,0.7187315176799477
900,900,0.0284353269866936,0.0,0.0284353269866936
901,901,0.34083093205004744,0.0,0.34083093205004744
902,902,0.03455877648832639,0.0,0.03455877648832639
903,903,0.4789965909402072,0.0,0.4789965909402072
904,904,0.7047216711457348,1.0,0.7047216711457348
905,905,0.786836337622615,1.0,0.786836337622615
906,906,0.7789762634651297,1.0,0.7789762634651297
907,907,0.5858109094288081,1.0,0.5858109094288081
908,908,0.4385487512150842,0.0,0.4385487512150842
909,909,0.7668018061610049,1.0,0.7668018061610049
910,910,0.06487314287038815,0.0,0.06487314287038815
911,911,0.29826881644420256,0.0,0.29826881644420256
912,912,0.32909130454821545,1.0,0.32909130454821545
913,913,0.6576908895569615,1.0,0.6576908895569615
914,914,0.12545775066731368,0.0,0.12545775066731368
915,915,0.8438971040963565,0.0,0.8438971040963565
916,916,0.29602430236228605,1.0,0.29602430236228605
917,917,0.046276167832596915,0.0,0.046276167832596915
918,918,0.9013449735134348,1.0,0.9013449735134348
919,919,0.3519335344732668,1.0,0.3519335344732668
920,920,0.3353106035215948,0.0,0.3353106035215948
921,921,0.3432708066661736,0.0,0.3432708066661736
922,922,0.9008461877929134,1.0,0.9008461877929134
923,923,0.07079816132082728,0.0,0.07079816132082728
924,924,0.1547385248597949,0.0,0.1547385248597949
925,925,0.19093228472380885,0.0,0.19093228472380885
926,926,0.5043138347698342,1.0,0.5043138347698342
927,927,0.4742433654096736,0.0,0.4742433654096736
928,928,0.6024805230806539,0.0,0.6024805230806539
929,929,0.7345433719527205,0.0,0.7345433719527205
930,930,0.2551017521232286,0.0,0.2551017521232286
931,931,0.3815661096946398,1.0,0.3815661096946398
932,932,0.900204553169277,1.0,0.900204553169277
933,933,0.8715935649407178,1.0,0.8715935649407178
934,934,0.9984704498618105,1.0,0.9984704498618105
935,935,0.04305118940321484,1.0,0.04305118940321484
936,936,0.9066132233859338,1.0,0.9066132233859338
937,937,0.5324746403812006,1.0,0.5324746403812006
938,938,0.3735684854934054,0.0,0.3735684854934054
939,939,0.483917548687839,0.0,0.483917548687839
940,940,0.2841422829071123,0.0,0.2841422829071123
941,941,0.7833571171596246,0.0,0.7833571171596246
942,942,0.8577056203206755,1.0,0.8577056203206755
943,943,0.797410426572695,1.0,0.797410426572695
944,944,0.22035238455750694,1.0,0.22035238455750694
945,945,0.7645476404292622,0.0,0.7645476404292622
946,946,0.6130956664684516,0.0,0.6130956664684516
947,947,0.8269820355913322,1.0,0.8269820355913322
948,948,0.04504427814101575,0.0,0.04504427814101575
949,949,0.2443637914780371,1.0,0.2443637914780371
950,950,0.5067404538545419,1.0,0.5067404538545419
951,951,0.43193011522305147,0.0,0.43193011522305147
952,952,0.7500961343967602,0.0,0.7500961343967602
953,953,0.23293336565437506,0.0,0.23293336565437506
954,954,0.620999640850628,1.0,0.620999640850628
955,955,0.16393576077403638,1.0,0.16393576077403638
956,956,0.3748919578386285,0.0,0.3748919578386285
957,957,0.013108518190682816,0.0,0.013108518190682816
958,958,0.8456774726828015,1.0,0.8456774726828015
959,959,0.7711476874849276,1.0,0.7711476874849276
960,960,0.03633687423243381,0.0,0.03633687423243381
961,961,0.43236120371236353,0.0,0.43236120371236353
962,962,0.9231993834433172,1.0,0.9231993834433172
963,963,0.27136418473008384,0.0,0.27136418473008384
964,964,0.5854750144516919,1.0,0.5854750144516919
965,965,0.04261810960173795,0.0,0.04261810960173795
966,966,0.34851413195871195,0.0,0.34851413195871195
967,967,0.23728853555699492,0.0,0.23728853555699492
968,968,0.6087575689137593,1.0,0.6087575689137593
969,969,0.48630926188431567,0.0,0.48630926188431567
970,970,0.5653076704541268,1.0,0.5653076704541268
971,971,0.5982362085923604,0.0,0.5982362085923604
972,972,0.7889262471707185,0.0,0.7889262471707185
973,973,0.1107070639974832,0.0,0.1107070639974832
974,974,0.9205878556768586,1.0,0.9205878556768586
975,975,0.9881773391644928,1.0,0.9881773391644928
976,976,0.9028967826771419,1.0,0.9028967826771419
977,977,0.20731224158320616,1.0,0.20731224158320616
978,978,0.008193523239954814,0.0,0.008193523239954814
979,979,0.4238332737223395,0.0,0.4238332737223395
980,980,0.1730964755747103,0.0,0.1730964755747103
981,981,0.9592975698129725,1.0,0.9592975698129725
982,982,0.7811571427620979,1.0,0.7811571427620979
983,983,0.12322630480610375,0.0,0.12322630480610375
984,984,0.6408909111399267,0.0,0.6408909111399267
985,985,0.014740854261573677,0.0,0.014740854261573677
986,986,0.4080318569841681,0.0,0.4080318569841681
987,987,0.02634782777568334,0.0,0.02634782777568334
988,988,0.37068417338235515,0.0,0.37068417338235515
989,989,0.6483892019960112,0.0,0.6483892019960112
990,990,0.6429738758653081,1.0,0.6429738758653081
991,991,0.7230533323878154,1.0,0.7230533323878154
992,992,0.4185939908061471,0.0,0.4185939908061471
993,993,0.7079382813894147,1.0,0.7079382813894147
994,994,0.16921104032271972,1.0,0.16921104032271972
995,995,0.7507958269677449,1.0,0.7507958269677449
996,996,0.27551132952723734,0.0,0.27551132952723734
997,997,0.9022415394504504,1.0,0.9022415394504504
998,998,0.8842334995882373,1.0,0.8842334995882373
999,999,0.6805994877260128,1.0,0.6805994877260128
1000,1000,0.8949977383286354,1.0,0.8949977383286354
1001,1001,0.05025980794870233,0.0,0.05025980794870233
1002,1002,0.9367419504297605,1.0,0.9367419504297605
1003,1003,0.9172841436842052,1.0,0.9172841436842052
1004,1004,0.19857569820451904,0.0,0.19857569820451904
1005,1005,0.7592201568405633,1.0,0.7592201568405633
1006,1006,0.7637991936303697,1.0,0.7637991936303697
1007,1007,0.28390549669415743,1.0,0.28390549669415743
1008,1008,0.7645781826222933,1.0,0.7645781826222933
1009,1009,0.28402754843090394,1.0,0.28402754843090394
1010,1010,0.6548134641317207,0.0,0.6548134641317207
1011,1011,0.2574873708727291,1.0,0.2574873708727291
1012,1012,0.9808809209477687,1.0,0.9808809209477687
1013,1013,0.042540339027805185,0.0,0.042540339027805185
1014,1014,0.6019504711226917,1.0,0.6019504711226917
1015,1015,0.19224383067755202,0.0,0.19224383067755202
1016,1016,0.07671396594766633,1.0,0.07671396594766633
1017,1017,0.18337178967559575,0.0,0.18337178967559575
1018,1018,0.8629876357113341,1.0,0.8629876357113341
1019,1019,0.12057632363789417,0.0,0.12057632363789417
1020,1020,0.8581855852767658,1.0,0.8581855852767658
1021,1021,0.487352688428509,0.0,0.487352688428509
1022,1022,0.5751336218194781,0.0,0.5751336218194781
1023,1023,0.5761942497311859,1.0,0.5761942497311859
1024,1024,0.5139202629673951,0.0,0.5139202629673951
1025,1025,0.003360760847321842,0.0,0.003360760847321842
1026,1026,0.25668877676816326,1.0,0.25668877676816326
1027,1027,0.515457669840312,0.0,0.515457669840312
1028,1028,0.09400060512727659,0.0,0.09400060512727659
1029,1029,0.31461347414604945,0.0,0.31461347414604945
1030,1030,0.8315902363698487,1.0,0.8315902363698487
1031,1031,0.7479202164771135,0.0,0.7479202164771135
1032,1032,0.9061477694937068,1.0,0.9061477694937068
1033,1033,0.5035132468713288,1.0,0.5035132468713288
1034,1034,0.6934383101103637,0.0,0.6934383101103637
1035,1035,0.8056651758961925,1.0,0.8056651758961925
1036,1036,0.3587861031159921,1.0,0.3587861031159921
1037,1037,0.7398366843870398,0.0,0.7398366843870398
1038,1038,0.17403740757678365,0.0,0.17403740757678365
1039,1039,0.9766214428143434,0.0,0.9766214428143434
1040,1040,0.6462934095599594,0.0,0.6462934095599594
1041,1041,0.7231823291987683,1.0,0.7231823291987683
1042,1042,0.08224416242371535,0.0,0.08224416242371535
1043,1043,0.13153395762958198,0.0,0.13153395762958198
1044,1044,0.37284469820192145,0.0,0.37284469820192145
1045,1045,0.15056842231399303,0.0,0.15056842231399303
1046,1046,0.7826270199627138,1.0,0.7826270199627138
1047,1047,0.4577177027336764,1.0,0.4577177027336764
1048,1048,0.795568300908928,1.0,0.795568300908928
1049,1049,0.21325616366119837,0.0,0.21325616366119837
1050,1050,0.7637625583315599,1.0,0.7637625583315599
1051,1051,0.9106962474936583,1.0,0.9106962474936583
1052,1052,0.17655390956376205,0.0,0.17655390956376205
1053,1053,0.39449920078716605,1.0,0.39449920078716605
1054,1054,0.5187705855888489,0.0,0.5187705855888489
1055,1055,0.5710603069432053,1.0,0.5710603069432053
1056,1056,0.5744521596942314,0.0,0.5744521596942314
1057,1057,0.8408541788223742,1.0,0.8408541788223742
1058,1058,0.08977678749950935,0.0,0.08977678749950935
1059,1059,0.758129916099429,1.0,0.758129916099429
1060,1060,0.5712372910739965,1.0,0.5712372910739965
1061,1061,0.15657562010436077,0.0,0.15657562010436077
1062,1062,0.04140406712794342,0.0,0.04140406712794342
1063,1063,0.8599585324367112,1.0,0.8599585324367112
1064,1064,0.22327209251194857,1.0,0.22327209251194857
1065,1065,0.5153393237340942,0.0,0.5153393237340942
1066,1066,0.08181222841164604,0.0,0.08181222841164604
1067,1067,0.3580228790677905,0.0,0.3580228790677905
1068,1068,0.26586022834197054,0.0,0.26586022834197054
1069,1069,0.05313657639894409,0.0,0.05313657639894409
1070,1070,0.07796069223176383,0.0,0.07796069223176383
1071,1071,0.3248325152254721,1.0,0.3248325152254721
1072,1072,0.3847576789576056,1.0,0.3847576789576056
1073,1073,0.7581790723645047,0.0,0.7581790723645047
1074,1074,0.9321818443876748,1.0,0.9321818443876748
1075,1075,0.6799118387414927,0.0,0.6799118387414927
1076,1076,0.6686831774620844,1.0,0.6686831774620844
1077,1077,0.9636645098755603,1.0,0.9636645098755603
1078,1078,0.9732560178851417,1.0,0.9732560178851417
1079,1079,0.17528550469298587,1.0,0.17528550469298587
1080,1080,0.5865544060023864,0.0,0.5865544060023864
1081,1081,0.597542270969237,0.0,0.597542270969237
1082,1082,0.8852409921907356,1.0,0.8852409921907356
1083,1083,0.26167034102645437,0.0,0.26167034102645437
1084,1084,0.01711028875995635,0.0,0.01711028875995635
1085,1085,0.456907843283347,1.0,0.456907843283347
1086,1086,0.3031761003617509,0.0,0.3031761003617509
1087,1087,0.19955199794847933,0.0,0.19955199794847933
1088,1088,0.136915532528175,0.0,0.136915532528175
1089,1089,0.7357654886656466,1.0,0.7357654886656466
1090,1090,0.6918214280484343,0.0,0.6918214280484343
1091,1091,0.29461379509938246,0.0,0.29461379509938246
1092,1092,0.6856859086452801,0.0,0.6856859086452801
1093,1093,0.8093476579093674,0.0,0.8093476579093674
1094,1094,0.1821560843799439,0.0,0.1821560843799439
1095,1095,0.9549875096839764,1.0,0.9549875096839764
1096,1096,0.4110432601376538,0.0,0.4110432601376538
1097,1097,0.7447448284622357,1.0,0.7447448284622357
1098,1098,0.626631301179434,1.0,0.626631301179434
1099,1099,0.266903799101184,0.0,0.266903799101184
1100,1100,0.8186714022055577,1.0,0.8186714022055577
1101,1101,0.36444464477942473,0.0,0.36444464477942473
1102,1102,0.9325393070767052,0.0,0.9325393070767052
1103,1103,0.3354156020792618,0.0,0.3354156020792618
1104,1104,0.5363460232221987,1.0,0.5363460232221987
1105,1105,0.15340171009086845,1.0,0.15340171009086845
1106,1106,0.5122795532538745,1.0,0.5122795532538745
1107,1107,0.45713802788838964,0.0,0.45713802788838964
1108,1108,0.36868461080938375,1.0,0.36868461080938375
1109,1109,0.12772097554303663,0.0,0.12772097554303663
1110,1110,0.6200318311744749,1.0,0.6200318311744749
1111,1111,0.8326639911905128,1.0,0.8326639911905128
1112,1112,0.1786844267780061,0.0,0.1786844267780061
1113,1113,0.8054207099014391,0.0,0.8054207099014391
1114,1114,0.21256563971006381,0.0,0.21256563971006381
1115,1115,0.0005782434727202856,0.0,0.0005782434727202856
1116,1116,0.6126263731878512,1.0,0.6126263731878512
1117,1117,0.965144416696076,1.0,0.965144416696076
1118,1118,0.38532785818649995,0.0,0.38532785818649995
1119,1119,0.8681927333245412,1.0,0.8681927333245412
1120,1120,0.6544652878042327,0.0,0.6544652878042327
1121,1121,0.968997685035964,1.0,0.968997685035964
1122,1122,0.713933071498013,0.0,0.713933071498013
1123,1123,0.20829846863256418,0.0,0.20829846863256418
1124,1124,0.5622777407846934,1.0,0.5622777407846934
1125,1125,0.49594019658113075,1.0,0.49594019658113075
1126,1126,0.8319444093853466,1.0,0.8319444093853466
1127,1127,0.8503133510265388,1.0,0.8503133510265388
1128,1128,0.34501167254392384,0.0,0.34501167254392384
1129,1129,0.315337723524464,1.0,0.315337723524464
1130,1130,0.07637036050154178,0.0,0.07637036050154178
1131,1131,0.3824515236806393,1.0,0.3824515236806393
1132,1132,0.8486894211903544,1.0,0.8486894211903544
1133,1133,0.8951923106826718,1.0,0.8951923106826718
1134,1134,0.2982017439175043,0.0,0.2982017439175043
1135,1135,0.141337698047584,0.0,0.141337698047584
1136,1136,0.7517869016239467,1.0,0.7517869016239467
1137,1137,0.6817242801797345,1.0,0.6817242801797345
1138,1138,0.8584019750293187,1.0,0.8584019750293187
1139,1139,0.516861844726342,0.0,0.516861844726342
1140,1140,0.9138689088299066,1.0,0.9138689088299066
1141,1141,0.007451267740945955,0.0,0.007451267740945955
1142,1142,0.5496799517867195,1.0,0.5496799517867195
1143,1143,0.31003806762476194,0.0,0.31003806762476194
1144,1144,0.13406411931399798,1.0,0.13406411931399798
1145,1145,0.49257582700258773,0.0,0.49257582700258773
1146,1146,0.5726799065747321,1.0,0.5726799065747321
1147,1147,0.4904354646672823,1.0,0.4904354646672823
1148,1148,0.16167599832454138,0.0,0.16167599832454138
1149,1149,0.6680644664957197,1.0,0.6680644664957197
1150,1150,0.10940797479975117,0.0,0.10940797479975117
1151,1151,0.8023502880145672,1.0,0.8023502880145672
1152,1152,0.05080127177113958,0.0,0.05080127177113958
1153,1153,0.7475396734400306,0.0,0.7475396734400306
1154,1154,0.20322084121248707,0.0,0.20322084121248707
1155,1155,0.2994204161254038,0.0,0.2994204161254038
1156,1156,0.22585733198828872,0.0,0.22585733198828872
1157,1157,0.3896907039634079,1.0,0.3896907039634079
1158,1158,0.4405274017250468,0.0,0.4405274017250468
1159,1159,0.6862216716639429,1.0,0.6862216716639429
1160,1160,0.22505351699990916,0.0,0.22505351699990916
1161,1161,0.7651639556471925,1.0,0.7651639556471925
1162,1162,0.6752970790662489,1.0,0.6752970790662489
1163,1163,0.8464752751430402,1.0,0.8464752751430402
1164,1164,0.06981255771487482,0.0,0.06981255771487482
1165,1165,0.3794849216273106,0.0,0.3794849216273106
1166,1166,0.32832028158671367,0.0,0.32832028158671367
1167,1167,0.432584136915683,1.0,0.432584136915683
1168,1168,0.7796308395169271,1.0,0.7796308395169271
1169,1169,0.9015193872712595,1.0,0.9015193872712595
1170,1170,0.09793528016170716,0.0,0.09793528016170716
1171,1171,0.22480656696764856,1.0,0.22480656696764856
1172,1172,0.5984421431634547,0.0,0.5984421431634547
1173,1173,0.8290218671255924,0.0,0.8290218671255924
1174,1174,0.08321501966940781,0.0,0.08321501966940781
1175,1175,0.5053507527626501,0.0,0.5053507527626501
1176,1176,0.10278655204421805,1.0,0.10278655204421805
1177,1177,0.7818066548527883,1.0,0.7818066548527883
1178,1178,0.6804779958079508,0.0,0.6804779958079508
1179,1179,0.8360036755608797,1.0,0.8360036755608797
1180,1180,0.8896623945643765,1.0,0.8896623945643765
1181,1181,0.9560912377767515,1.0,0.9560912377767515
1182,1182,0.34770679677082994,0.0,0.34770679677082994
1183,1183,0.8423704571365982,1.0,0.8423704571365982
1184,1184,0.5758359704899172,1.0,0.5758359704899172
1185,1185,0.9783059065138748,1.0,0.9783059065138748
1186,1186,0.7159670052311982,1.0,0.7159670052311982
1187,1187,0.8151828848808789,0.0,0.8151828848808789
1188,1188,0.2765150311528273,0.0,0.2765150311528273
1189,1189,0.9442609239519172,1.0,0.9442609239519172
1190,1190,0.31869461028530943,0.0,0.31869461028530943
1191,1191,0.18974355548290034,1.0,0.18974355548290034
1192,1192,0.48773560537019633,1.0,0.48773560537019633
1193,1193,0.1254444237531661,0.0,0.1254444237531661
1194,1194,0.303556147540477,1.0,0.303556147540477
1195,1195,0.4566636485566502,1.0,0.4566636485566502
1196,1196,0.42585464392506744,1.0,0.42585464392506744
1197,1197,0.9029008048877211,1.0,0.9029008048877211
1198,1198,0.30131678981041166,0.0,0.30131678981041166
1199,1199,0.7336365387070825,1.0,0.7336365387070825
1200,1200,0.8263826703132566,0.0,0.8263826703132566
1201,1201,0.9183806790641967,1.0,0.9183806790641967
1202,1202,0.5635773400004024,0.0,0.5635773400004024
1203,1203,0.9515044355946495,1.0,0.9515044355946495
1204,1204,0.4591807159928607,1.0,0.4591807159928607
1205,1205,0.6511439661637547,1.0,0.6511439661637547
1206,1206,0.47994792802214503,1.0,0.47994792802214503
1207,1207,0.8692218931727874,0.0,0.8692218931727874
1208,1208,0.6274748085694364,0.0,0.6274748085694364
1209,1209,0.9559804518366116,1.0,0.9559804518366116
1210,1210,0.9389571036690779,1.0,0.9389571036690779
1211,1211,0.6774884890855563,1.0,0.6774884890855563
1212,1212,0.03251334645274229,0.0,0.03251334645274229
1213,1213,0.746706050683571,1.0,0.746706050683571
1214,1214,0.8596216791167653,1.0,0.8596216791167653
1215,1215,0.09894668307427179,0.0,0.09894668307427179
1216,1216,0.20758196632951276,0.0,0.20758196632951276
1217,1217,0.18936755227644975,0.0,0.18936755227644975
1218,1218,0.46653980317893007,0.0,0.46653980317893007
1219,1219,0.979655245344146,1.0,0.979655245344146
1220,1220,0.21711964611942658,0.0,0.21711964611942658
1221,1221,0.800351772350122,1.0,0.800351772350122
1222,1222,0.27095007620979117,0.0,0.27095007620979117
1223,1223,0.8462918042829304,1.0,0.8462918042829304
1224,1224,0.8018283020846395,1.0,0.8018283020846395
1225,1225,0.021518280796971156,0.0,0.021518280796971156
1226,1226,0.29097594710959196,0.0,0.29097594710959196
1227,1227,0.9080756969134249,1.0,0.9080756969134249
1228,1228,0.3825901195018522,0.0,0.3825901195018522
1229,1229,0.16029076158222122,0.0,0.16029076158222122
1230,1230,0.9467140611472504,1.0,0.9467140611472504
1231,1231,0.9837144368671785,1.0,0.9837144368671785
1232,1232,0.8026612980480907,0.0,0.8026612980480907
1233,1233,0.6153693741852263,0.0,0.6153693741852263
1234,1234,0.37438623509643554,0.0,0.37438623509643554
1235,1235,0.7627923775828475,0.0,0.7627923775828475
1236,1236,0.8405210594305355,1.0,0.8405210594305355
1237,1237,0.05957177679738812,0.0,0.05957177679738812
1238,1238,0.12482709008999093,0.0,0.12482709008999093
1239,1239,0.9056183306507635,1.0,0.9056183306507635
1240,1240,0.29912643365268765,0.0,0.29912643365268765
1241,1241,0.49425410674486114,0.0,0.49425410674486114
1242,1242,0.597883683934905,1.0,0.597883683934905
1243,1243,0.04993724770429586,0.0,0.04993724770429586
1244,1244,0.5066148007655117,1.0,0.5066148007655117
1245,1245,0.6448771337165621,0.0,0.6448771337165621
1246,1246,0.5579010049885226,0.0,0.5579010049885226
1247,1247,0.5777009517439485,1.0,0.5777009517439485
1248,1248,0.7358898883050069,0.0,0.7358898883050069
1249,1249,0.25197845653416984,0.0,0.25197845653416984
1250,1250,0.940775524243186,1.0,0.940775524243186
1251,1251,0.9348897125369687,1.0,0.9348897125369687
1252,1252,0.3116591777438257,0.0,0.3116591777438257
1253,1253,0.7818877833359515,1.0,0.7818877833359515
1254,1254,0.36755308510050466,0.0,0.36755308510050466
1255,1255,0.8442133752259394,0.0,0.8442133752259394
1256,1256,0.7584841589819898,0.0,0.7584841589819898
1257,1257,0.7249692729680567,1.0,0.7249692729680567
1258,1258,0.5325668357532808,1.0,0.5325668357532808
1259,1259,0.9640683969581009,1.0,0.9640683969581009
1260,1260,0.5742630586477737,1.0,0.5742630586477737
1261,1261,0.9217633440417534,1.0,0.9217633440417534
1262,1262,0.41473875841211305,1.0,0.41473875841211305
1263,1263,0.435522638329657,0.0,0.435522638329657
1264,1264,0.9767638294233774,1.0,0.9767638294233774
1265,1265,0.8879649018768756,0.0,0.8879649018768756
1266,1266,0.3187507779312767,0.0,0.3187507779312767
1267,1267,0.1474517925242118,0.0,0.1474517925242118
1268,1268,0.6008961534940609,1.0,0.6008961534940609
1269,1269,0.6786355701301174,1.0,0.6786355701301174
1270,1270,0.6267690159131977,0.0,0.6267690159131977
1271,1271,0.570620631003212,0.0,0.570620631003212
1272,1272,0.8698825216268438,1.0,0.8698825216268438
1273,1273,0.851328030830184,1.0,0.851328030830184
1274,1274,0.05939015153079086,1.0,0.05939015153079086
1275,1275,0.43331224865731033,1.0,0.43331224865731033
1276,1276,0.7665140536757806,1.0,0.7665140536757806
1277,1277,0.954558236226862,1.0,0.954558236226862
1278,1278,0.9954756553453272,1.0,0.9954756553453272
1279,1279,0.7006674096218991,0.0,0.7006674096218991
1280,1280,0.9548673328121595,1.0,0.9548673328121595
1281,1281,0.02718788270481909,0.0,0.02718788270481909
1282,1282,0.3403753945968846,0.0,0.3403753945968846
1283,1283,0.02119434005095988,0.0,0.02119434005095988
1284,1284,0.4986494327070793,0.0,0.4986494327070793
1285,1285,0.40407337845634195,1.0,0.40407337845634195
1286,1286,0.3416675648704348,1.0,0.3416675648704348
1287,1287,0.8993055915663053,1.0,0.8993055915663053
1288,1288,0.16700695998345416,0.0,0.16700695998345416
1289,1289,0.3256462412492208,1.0,0.3256462412492208
1290,1290,0.5401171584008365,1.0,0.5401171584008365
1291,1291,0.7843456846298148,1.0,0.7843456846298148
1292,1292,0.4688957849439399,1.0,0.4688957849439399
1293,1293,0.7043406236345182,1.0,0.7043406236345182
1294,1294,0.9980140979133152,1.0,0.9980140979133152
1295,1295,0.5359034867894252,1.0,0.5359034867894252
1296,1296,0.10490608064491924,0.0,0.10490608064491924
1297,1297,0.09002172790493901,0.0,0.09002172790493901
1298,1298,0.6033506828794106,1.0,0.6033506828794106
1299,1299,0.22467727105545854,0.0,0.22467727105545854
1300,1300,0.47991459270646475,0.0,0.47991459270646475
1301,1301,0.19620519137196968,0.0,0.19620519137196968
1302,1302,0.12225140067165474,0.0,0.12225140067165474
1303,1303,0.19052733731906668,0.0,0.19052733731906668
1304,1304,0.7704091978504594,1.0,0.7704091978504594
1305,1305,0.9315036472558667,1.0,0.9315036472558667
1306,1306,0.8517214624181444,1.0,0.8517214624181444
1307,1307,0.7965501245058497,0.0,0.7965501245058497
1308,1308,0.5059042509835735,0.0,0.5059042509835735
1309,1309,0.8038647438577067,1.0,0.8038647438577067
1310,1310,0.6776573866130217,1.0,0.6776573866130217
1311,1311,0.8741513204735024,1.0,0.8741513204735024
1312,1312,0.5496894866551347,0.0,0.5496894866551347
1313,1313,0.728890258206955,1.0,0.728890258206955
1314,1314,0.9964896536762411,1.0,0.9964896536762411
1315,1315,0.09777871549493922,0.0,0.09777871549493922
1316,1316,0.6957382213843483,1.0,0.6957382213843483
1317,1317,0.6259736428343129,1.0,0.6259736428343129
1318,1318,0.8999364678134978,1.0,0.8999364678134978
1319,1319,0.7710034149725581,1.0,0.7710034149725581
1320,1320,0.6982966692522288,0.0,0.6982966692522288
1321,1321,0.30506425540692506,0.0,0.30506425540692506
1322,1322,0.104396830250023,0.0,0.104396830250023
1323,1323,0.5095528141349126,1.0,0.5095528141349126
1324,1324,0.6298446435906733,0.0,0.6298446435906733
1325,1325,0.5896736132179974,1.0,0.5896736132179974
1326,1326,0.0010415788403248527,0.0,0.0010415788403248527
1327,1327,0.899221406126836,1.0,0.899221406126836
1328,1328,0.1673541871832448,0.0,0.1673541871832448
1329,1329,0.3820638196066801,0.0,0.3820638196066801
1330,1330,0.6714810586508239,0.0,0.6714810586508239
1331,1331,0.5599195202651152,0.0,0.5599195202651152
1332,1332,0.2458067898300471,1.0,0.2458067898300471
1333,1333,0.3036882573416798,0.0,0.3036882573416798
1334,1334,0.14408708418157012,0.0,0.14408708418157012
1335,1335,0.513052600866453,0.0,0.513052600866453
1336,1336,0.9426564158278607,1.0,0.9426564158278607
1337,1337,0.5104697742750086,1.0,0.5104697742750086
1338,1338,0.6189981047980689,0.0,0.6189981047980689
1339,1339,0.008139654779055316,0.0,0.008139654779055316
1340,1340,0.9039215229533297,1.0,0.9039215229533297
1341,1341,0.06132006047125649,0.0,0.06132006047125649
1342,1342,0.3657541709232892,0.0,0.3657541709232892
1343,1343,0.3250761006018378,0.0,0.3250761006018378
1344,1344,0.06296823719200073,0.0,0.06296823719200073
1345,1345,0.5743797505367019,1.0,0.5743797505367019
1346,1346,0.2726927232862676,0.0,0.2726927232862676
1347,1347,0.6143682991448234,1.0,0.6143682991448234
1348,1348,0.05057827535841097,0.0,0.05057827535841097
1349,1349,0.4799833252103476,0.0,0.4799833252103476
1350,1350,0.8177970817190667,1.0,0.8177970817190667
1351,1351,0.23314580730753198,0.0,0.23314580730753198
1352,1352,0.4761819620969824,1.0,0.4761819620969824
1353,1353,0.528933955995316,1.0,0.528933955995316
1354,1354,0.9773955650717535,1.0,0.9773955650717535
1355,1355,0.9692927903307469,1.0,0.9692927903307469
1356,1356,0.6656274059318336,1.0,0.6656274059318336
1357,1357,0.5266679116269205,1.0,0.5266679116269205
1358,1358,0.6867624578653706,0.0,0.6867624578653706
1359,1359,0.17824715137066383,0.0,0.17824715137066383
1360,1360,0.3809891032860414,1.0,0.3809891032860414
1361,1361,0.3767431815992024,1.0,0.3767431815992024
1362,1362,0.8082243075613693,1.0,0.8082243075613693
1363,1363,0.6815908889669501,1.0,0.6815908889669501
1364,1364,0.09314423622041346,0.0,0.09314423622041346
1365,1365,0.8378414868267281,1.0,0.8378414868267281
1366,1366,0.40126073628604264,1.0,0.40126073628604264
1367,1367,0.25709709952135906,0.0,0.25709709952135906
1368,1368,0.3639703967016289,0.0,0.3639703967016289
1369,1369,0.20701120022277697,0.0,0.20701120022277697
1370,1370,0.4840987809578585,0.0,0.4840987809578585
1371,1371,0.2266010820698401,0.0,0.2266010820698401
1372,1372,0.27622341518139537,0.0,0.27622341518139537
1373,1373,0.13585274442645034,0.0,0.13585274442645034
1374,1374,0.026703403814465232,0.0,0.026703403814465232
1375,1375,0.51969234315596,1.0,0.51969234315596
1376,1376,0.8371946161728673,1.0,0.8371946161728673
1377,1377,0.5484217541612886,1.0,0.5484217541612886
1378,1378,0.24629673559129261,1.0,0.24629673559129261
1379,1379,0.579224108283148,1.0,0.579224108283148
1380,1380,0.09304204859650167,0.0,0.09304204859650167
1381,1381,0.2693143100512184,0.0,0.2693143100512184
1382,1382,0.8730208006837128,1.0,0.8730208006837128
1383,1383,0.9950367779483876,1.0,0.9950367779483876
1384,1384,0.8808883669100804,1.0,0.8808883669100804
1385,1385,0.3481190515361676,0.0,0.3481190515361676
1386,1386,0.15481668446218044,0.0,0.15481668446218044
1387,1387,0.13384830648220247,1.0,0.13384830648220247
1388,1388,0.7393970309391198,1.0,0.7393970309391198
1389,1389,0.01826549246997411,0.0,0.01826549246997411
1390,1390,0.817161909002802,1.0,0.817161909002802
1391,1391,0.029548052136698977,0.0,0.029548052136698977
1392,1392,0.24476895181940794,0.0,0.24476895181940794
1393,1393,0.8079288937364959,1.0,0.8079288937364959
1394,1394,0.8350708336295728,1.0,0.8350708336295728
1395,1395,0.7147766571223241,0.0,0.7147766571223241
1396,1396,0.27405631773804706,0.0,0.27405631773804706
1397,1397,0.9994632548992832,1.0,0.9994632548992832
1398,1398,0.11142791178906974,0.0,0.11142791178906974
1399,1399,0.8542499835396417,1.0,0.8542499835396417
1400,1400,0.6918588364787023,1.0,0.6918588364787023
1401,1401,0.5983404128163256,1.0,0.5983404128163256
1402,1402,0.5841871204827941,0.0,0.5841871204827941
1403,1403,0.7386631893562426,1.0,0.7386631893562426
1404,1404,0.5545564806442379,1.0,0.5545564806442379
1405,1405,0.6881538661119649,1.0,0.6881538661119649
1406,1406,0.21578774243714882,0.0,0.21578774243714882
1407,1407,0.04481537424449489,0.0,0.04481537424449489
1408,1408,0.25806678345177636,0.0,0.25806678345177636
1409,1409,0.021023194028099046,0.0,0.021023194028099046
1410,1410,0.6624645034797647,0.0,0.6624645034797647
1411,1411,0.9649917434502174,1.0,0.9649917434502174
1412,1412,0.819405953325189,1.0,0.819405953325189
1413,1413,0.5418103127120542,0.0,0.5418103127120542
1414,1414,0.7825429413485696,1.0,0.7825429413485696
1415,1415,0.3877357961265192,1.0,0.3877357961265192
1416,1416,0.6773313372052862,1.0,0.6773313372052862
1417,1417,0.10028871996798971,0.0,0.10028871996798971
1418,1418,0.4890111906315039,0.0,0.4890111906315039
1419,1419,0.8191294008951214,1.0,0.8191294008951214
1420,1420,0.3634561630930384,1.0,0.3634561630930384
1421,1421,0.9769647875951885,1.0,0.9769647875951885
1422,1422,0.10501199978003695,0.0,0.10501199978003695
1423,1423,0.6295133127060597,0.0,0.6295133127060597
1424,1424,0.9886078860195594,1.0,0.9886078860195594
1425,1425,0.543596191848855,0.0,0.543596191848855
1426,1426,0.4184064774063465,0.0,0.4184064774063465
1427,1427,0.34879263417128126,0.0,0.34879263417128126
1428,1428,0.934228754970813,1.0,0.934228754970813
1429,1429,0.5579976765327366,0.0,0.5579976765327366
1430,1430,0.06674946041997254,0.0,0.06674946041997254
1431,1431,0.24030161187230215,0.0,0.24030161187230215
1432,1432,0.7498676257090183,1.0,0.7498676257090183
1433,1433,0.8899702516793753,1.0,0.8899702516793753
1434,1434,0.8822665902750815,0.0,0.8822665902750815
1435,1435,0.9564806662657074,0.0,0.9564806662657074
1436,1436,0.7160573212975982,0.0,0.7160573212975982
1437,1437,0.14744096248543093,0.0,0.14744096248543093
1438,1438,0.20662438687258033,0.0,0.20662438687258033
1439,1439,0.9711505109666313,1.0,0.9711505109666313
1440,1440,0.4798346790974065,1.0,0.4798346790974065
1441,1441,0.6483121719940558,1.0,0.6483121719940558
1442,1442,0.9200650920323191,1.0,0.9200650920323191
1443,1443,0.9881573653797183,1.0,0.9881573653797183
1444,1444,0.38033293462678375,0.0,0.38033293462678375
1445,1445,0.7913895013699427,1.0,0.7913895013699427
1446,1446,0.8801889261009944,1.0,0.8801889261009944
1447,1447,0.850042958706503,1.0,0.850042958706503
1448,1448,0.021056557360402683,0.0,0.021056557360402683
1449,1449,0.051838019729266493,0.0,0.051838019729266493
1450,1450,0.9014047788735825,1.0,0.9014047788735825
1451,1451,0.8942348424573895,1.0,0.8942348424573895
1452,1452,0.2774769965498979,1.0,0.2774769965498979
1453,1453,0.5282923247980692,0.0,0.5282923247980692
1454,1454,0.2286591766607471,0.0,0.2286591766607471
1455,1455,0.9220541040524914,1.0,0.9220541040524914
1456,1456,0.3209801885087106,1.0,0.3209801885087106
1457,1457,0.6086417910635871,1.0,0.6086417910635871
1458,1458,0.5596392616300006,1.0,0.5596392616300006
1459,1459,0.4470509744429051,0.0,0.4470509744429051
1460,1460,0.2955533852008263,0.0,0.2955533852008263
1461,1461,0.20564204420461463,0.0,0.20564204420461463
1462,1462,0.6449504354035726,0.0,0.6449504354035726
1463,1463,0.5527558861280293,1.0,0.5527558861280293
1464,1464,0.2689757362874069,1.0,0.2689757362874069
1465,1465,0.6031726049334591,1.0,0.6031726049334591
1466,1466,0.9069731508970629,0.0,0.9069731508970629
1467,1467,0.7393560945779766,1.0,0.7393560945779766
1468,1468,0.7799198385285021,0.0,0.7799198385285021
1469,1469,0.3446339043497879,0.0,0.3446339043497879
1470,1470,0.24607432336589607,1.0,0.24607432336589607
1471,1471,0.36382382090111876,1.0,0.36382382090111876
1472,1472,0.5177299122173344,1.0,0.5177299122173344
1473,1473,0.2829554692889007,1.0,0.2829554692889007
1474,1474,0.8696852854979049,0.0,0.8696852854979049
1475,1475,0.08449980985612027,0.0,0.08449980985612027
1476,1476,0.56719496172773,1.0,0.56719496172773
1477,1477,0.641711816598457,1.0,0.641711816598457
1478,1478,0.5745087116698847,0.0,0.5745087116698847
1479,1479,0.23757880534071152,0.0,0.23757880534071152
1480,1480,0.021428673597502446,0.0,0.021428673597502446
1481,1481,0.43958316424483757,0.0,0.43958316424483757
1482,1482,0.29784826818342724,0.0,0.29784826818342724
1483,1483,0.9847485864443088,1.0,0.9847485864443088
1484,1484,0.6126088789264812,1.0,0.6126088789264812
1485,1485,0.4593993347892973,0.0,0.4593993347892973
1486,1486,0.08129795872735202,0.0,0.08129795872735202
1487,1487,0.8713601626380846,1.0,0.8713601626380846
1488,1488,0.6529183092205313,1.0,0.6529183092205313
1489,1489,0.8657349247746687,1.0,0.8657349247746687
1490,1490,0.159491731853747,0.0,0.159491731853747
1491,1491,0.9463356537587249,1.0,0.9463356537587249
1492,1492,0.023638875490989197,0.0,0.023638875490989197
1493,1493,0.4568699902152862,0.0,0.4568699902152862
1494,1494,0.4721525242148754,0.0,0.4721525242148754
1495,1495,0.6470150761776013,1.0,0.6470150761776013
1496,1496,0.6428134019584822,0.0,0.6428134019584822
1497,1497,0.9544511003487625,1.0,0.9544511003487625
1498,1498,0.11124927771087256,0.0,0.11124927771087256
1499,1499,0.9678099571075242,1.0,0.9678099571075242
1500,1500,0.9635156777897399,1.0,0.9635156777897399
1501,1501,0.09211934201610172,1.0,0.09211934201610172
1502,1502,0.7766221045154251,0.0,0.7766221045154251
1503,1503,0.3770432850572596,1.0,0.3770432850572596
1504,1504,0.2939903790983134,0.0,0.2939903790983134
1505,1505,0.4363081869265115,1.0,0.4363081869265115
1506,1506,0.5734800474613267,0.0,0.5734800474613267
1507,1507,0.5181649347770193,1.0,0.5181649347770193
1508,1508,0.22636735757880821,1.0,0.22636735757880821
1509,1509,0.5128866409530835,0.0,0.5128866409530835
1510,1510,0.6354655269450858,1.0,0.6354655269450858
1511,1511,0.6947102030905243,1.0,0.6947102030905243
1512,1512,0.7247449410876228,0.0,0.7247449410876228
1513,1513,0.2741172289454945,1.0,0.2741172289454945
1514,1514,0.5593855863475059,1.0,0.5593855863475059
1515,1515,0.5805423371217008,0.0,0.5805423371217008
1516,1516,0.5231429174317849,0.0,0.5231429174317849
1517,1517,0.5078987905231295,0.0,0.5078987905231295
1518,1518,0.08596576564998093,0.0,0.08596576564998093
1519,1519,0.5169082795172794,0.0,0.5169082795172794
1520,1520,0.6998436917792468,0.0,0.6998436917792468
1521,1521,0.7487334352819637,1.0,0.7487334352819637
1522,1522,0.9139807213941555,1.0,0.9139807213941555
1523,1523,0.05889298497716067,0.0,0.05889298497716067
1524,1524,0.04274184767364242,0.0,0.04274184767364242
1525,1525,0.3433795915348803,0.0,0.3433795915348803
1526,1526,0.3164411003372024,0.0,0.3164411003372024
1527,1527,0.45953345376806365,1.0,0.45953345376806365
1528,1528,0.5195360852821713,0.0,0.5195360852821713
1529,1529,0.7422499901792606,1.0,0.7422499901792606
1530,1530,0.690464083648078,1.0,0.690464083648078
1531,1531,0.7310477469808091,1.0,0.7310477469808091
1532,1532,0.46985983812084364,0.0,0.46985983812084364
1533,1533,0.3274537375883759,1.0,0.3274537375883759
1534,1534,0.6302041244740566,1.0,0.6302041244740566
1535,1535,0.47825424957150875,1.0,0.47825424957150875
1536,1536,0.5444427632540246,0.0,0.5444427632540246
1537,1537,0.45429949603148934,0.0,0.45429949603148934
1538,1538,0.3005116228323452,0.0,0.3005116228323452
1539,1539,0.031177774351645482,0.0,0.031177774351645482
1540,1540,0.6326695556094487,0.0,0.6326695556094487
1541,1541,0.973237861738616,1.0,0.973237861738616
1542,1542,0.03574258711673384,0.0,0.03574258711673384
1543,1543,0.1492720033992475,0.0,0.1492720033992475
1544,1544,0.7813985029935381,0.0,0.7813985029935381
1545,1545,0.09851529927455027,0.0,0.09851529927455027
1546,1546,0.47343641312583373,1.0,0.47343641312583373
1547,1547,0.5444903501944024,0.0,0.5444903501944024
1548,1548,0.9436460971147096,1.0,0.9436460971147096
1549,1549,0.7863177914419783,1.0,0.7863177914419783
1550,1550,0.03957463702076136,0.0,0.03957463702076136
1551,1551,0.7980386562612557,1.0,0.7980386562612557
1552,1552,0.6277760629242712,1.0,0.6277760629242712
1553,1553,0.3806326318379011,0.0,0.3806326318379011
1554,1554,0.3462700741112398,1.0,0.3462700741112398
1555,1555,0.8489324978665566,1.0,0.8489324978665566
1556,1556,0.9648853946501703,1.0,0.9648853946501703
1557,1557,0.07312982548179359,0.0,0.07312982548179359
1558,1558,0.44577439389374196,0.0,0.44577439389374196
1559,1559,0.591940325695289,0.0,0.591940325695289
1560,1560,0.6341199605002212,0.0,0.6341199605002212
1561,1561,0.5423372415341745,1.0,0.5423372415341745
1562,1562,0.19943944617641074,0.0,0.19943944617641074
1563,1563,0.09314627816176779,0.0,0.09314627816176779
1564,1564,0.5260413356060536,1.0,0.5260413356060536
1565,1565,0.670781351017884,1.0,0.670781351017884
1566,1566,0.32038245638389584,0.0,0.32038245638389584
1567,1567,0.05084518872395327,1.0,0.05084518872395327
1568,1568,0.4319285243530322,0.0,0.4319285243530322
1569,1569,0.5634328589177032,1.0,0.5634328589177032
1570,1570,0.6425517644917729,0.0,0.6425517644917729
1571,1571,0.5014586650352567,0.0,0.5014586650352567
1572,1572,0.43197112434244656,1.0,0.43197112434244656
1573,1573,0.48427288394192025,1.0,0.48427288394192025
1574,1574,0.34154368525585754,0.0,0.34154368525585754
1575,1575,0.5549535778143093,0.0,0.5549535778143093
1576,1576,0.4569622529769545,0.0,0.4569622529769545
1577,1577,0.8844539732842112,1.0,0.8844539732842112
1578,1578,0.04944832857669201,0.0,0.04944832857669201
1579,1579,0.8192065468056954,1.0,0.8192065468056954
1580,1580,0.8004400105267638,0.0,0.8004400105267638
1581,1581,0.3346420518583407,1.0,0.3346420518583407
1582,1582,0.9463094621973046,1.0,0.9463094621973046
1583,1583,0.5890704809551303,0.0,0.5890704809551303
1584,1584,0.15786025514003588,0.0,0.15786025514003588
1585,1585,0.9852268054152479,1.0,0.9852268054152479
1586,1586,0.3590413861988846,1.0,0.3590413861988846
1587,1587,0.19485024465718315,0.0,0.19485024465718315
1588,1588,0.4001779395057633,0.0,0.4001779395057633
1589,1589,0.09386715717561889,0.0,0.09386715717561889
1590,1590,0.22439556415594797,0.0,0.22439556415594797
1591,1591,0.9338173095304905,1.0,0.9338173095304905
1592,1592,0.6583517362379371,0.0,0.6583517362379371
1593,1593,0.3168900295777499,0.0,0.3168900295777499
1594,1594,0.4934329968932575,1.0,0.4934329968932575
1595,1595,0.9319482712906897,0.0,0.9319482712906897
1596,1596,0.15186256158296219,1.0,0.15186256158296219
1597,1597,0.13579595395844435,0.0,0.13579595395844435
1598,1598,0.8914759674359128,1.0,0.8914759674359128
1599,1599,0.5895698111911725,1.0,0.5895698111911725
1600,1600,0.56610834764123,1.0,0.56610834764123
1601,1601,0.6539493494004985,1.0,0.6539493494004985
1602,1602,0.7115580414980217,1.0,0.7115580414980217
1603,1603,0.6938989333205197,1.0,0.6938989333205197
1604,1604,0.20392083460944876,0.0,0.20392083460944876
1605,1605,0.5101730158769889,0.0,0.5101730158769889
1606,1606,0.27742800560569003,0.0,0.27742800560569003
1607,1607,0.41709775287492135,0.0,0.41709775287492135
1608,1608,0.7158550776095958,1.0,0.7158550776095958
1609,1609,0.8811066690574574,1.0,0.8811066690574574
1610,1610,0.9725161355657097,1.0,0.9725161355657097
1611,1611,0.4804147764473893,1.0,0.4804147764473893
1612,1612,0.8910437279124048,1.0,0.8910437279124048
1613,1613,0.538279687164536,1.0,0.538279687164536
1614,1614,0.017725649605334404,0.0,0.017725649605334404
1615,1615,0.8645540582893025,1.0,0.8645540582893025
1616,1616,0.7580656740957046,1.0,0.7580656740957046
1617,1617,0.06668326833525495,0.0,0.06668326833525495
1618,1618,0.5399819784427572,1.0,0.5399819784427572
1619,1619,0.01787441324403416,0.0,0.01787441324403416
1620,1620,0.4575024000981577,1.0,0.4575024000981577
1621,1621,0.7465804275615094,0.0,0.7465804275615094
1622,1622,0.3085274212978618,1.0,0.3085274212978618
1623,1623,0.6117695134153912,1.0,0.6117695134153912
1624,1624,0.48330205595228315,1.0,0.48330205595228315
1625,1625,0.863650106213338,1.0,0.863650106213338
1626,1626,0.46550329455768547,0.0,0.46550329455768547
1627,1627,0.18709038435890424,1.0,0.18709038435890424
1628,1628,0.5801193932180421,1.0,0.5801193932180421
1629,1629,0.5932260408820571,1.0,0.5932260408820571
1630,1630,0.4881542380857091,1.0,0.4881542380857091
1631,1631,0.9135058132567886,1.0,0.9135058132567886
1632,1632,0.2188549368133903,0.0,0.2188549368133903
1633,1633,0.9269439396224994,1.0,0.9269439396224994
1634,1634,0.34563482752183616,0.0,0.34563482752183616
1635,1635,0.6698550211445986,1.0,0.6698550211445986
1636,1636,0.8100085946163711,1.0,0.8100085946163711
1637,1637,0.5340279728368276,1.0,0.5340279728368276
1638,1638,0.7185900205404396,1.0,0.7185900205404396
1639,1639,0.5648606818476638,1.0,0.5648606818476638
1640,1640,0.6884524842704657,1.0,0.6884524842704657
1641,1641,0.6186363916531981,1.0,0.6186363916531981
1642,1642,0.5742990451904353,0.0,0.5742990451904353
1643,1643,0.9576418232304456,1.0,0.9576418232304456
1644,1644,0.4849777115162929,0.0,0.4849777115162929
1645,1645,0.25607615558332186,0.0,0.25607615558332186
1646,1646,0.9602685141917031,1.0,0.9602685141917031
1647,1647,0.1411567484629772,0.0,0.1411567484629772
1648,1648,0.24498992717535317,0.0,0.24498992717535317
1649,1649,0.2832860649917385,0.0,0.2832860649917385
1650,1650,0.19845327058729845,0.0,0.19845327058729845
1651,1651,0.1473260942267317,0.0,0.1473260942267317
1652,1652,0.2448895184143548,1.0,0.2448895184143548
1653,1653,0.04285362498107259,0.0,0.04285362498107259
1654,1654,0.7359868812931116,1.0,0.7359868812931116
1655,1655,0.7985565495854073,1.0,0.7985565495854073
1656,1656,0.2129591460022353,0.0,0.2129591460022353
1657,1657,0.08128380600053031,0.0,0.08128380600053031
1658,1658,0.7556598331241848,1.0,0.7556598331241848
1659,1659,0.7128348773033297,1.0,0.7128348773033297
1660,1660,0.6640274029177777,1.0,0.6640274029177777
1661,1661,0.5273048326433043,0.0,0.5273048326433043
1662,1662,0.2761363819674403,0.0,0.2761363819674403
1663,1663,0.2802356429266055,0.0,0.2802356429266055
1664,1664,0.7222075611813228,1.0,0.7222075611813228
1665,1665,0.39449398107667133,0.0,0.39449398107667133
1666,1666,0.21841614967527245,0.0,0.21841614967527245
1667,1667,0.2894435725541239,0.0,0.2894435725541239
1668,1668,0.9544824680755788,1.0,0.9544824680755788
1669,1669,0.2074378078808483,0.0,0.2074378078808483
1670,1670,0.19445176020418253,0.0,0.19445176020418253
1671,1671,0.14853938506756137,0.0,0.14853938506756137
1672,1672,0.719786757255788,1.0,0.719786757255788
1673,1673,0.31552835760719,0.0,0.31552835760719
1674,1674,0.8554284872778302,1.0,0.8554284872778302
1675,1675,0.48229739973708674,0.0,0.48229739973708674
1676,1676,0.18047091779688196,0.0,0.18047091779688196
1677,1677,0.2817512931610088,0.0,0.2817512931610088
1678,1678,0.0018536356347954586,0.0,0.0018536356347954586
1679,1679,0.07042834293752209,1.0,0.07042834293752209
1680,1680,0.8505757861556338,0.0,0.8505757861556338
1681,1681,0.34048004822168965,1.0,0.34048004822168965
1682,1682,0.8737336624001447,1.0,0.8737336624001447
1683,1683,0.8013843056824546,1.0,0.8013843056824546
1684,1684,0.7414761740276894,1.0,0.7414761740276894
1685,1685,0.2790232523509153,0.0,0.2790232523509153
1686,1686,0.7783801234337755,1.0,0.7783801234337755
1687,1687,0.5654514633182397,1.0,0.5654514633182397
1688,1688,0.1694511736546348,0.0,0.1694511736546348
1689,1689,0.15059836597112375,1.0,0.15059836597112375
1690,1690,0.7322177525266526,1.0,0.7322177525266526
1691,1691,0.46636855070468697,1.0,0.46636855070468697
1692,1692,0.45862957463945875,1.0,0.45862957463945875
1693,1693,0.5082923862959416,1.0,0.5082923862959416
1694,1694,0.8188031514527926,1.0,0.8188031514527926
1695,1695,0.26328687554682584,0.0,0.26328687554682584
1696,1696,0.7951805559753962,1.0,0.7951805559753962
1697,1697,0.46466312336374116,0.0,0.46466312336374116
1698,1698,0.13892071482441315,0.0,0.13892071482441315
1699,1699,0.6481030346256805,0.0,0.6481030346256805
1700,1700,0.36170683008192417,0.0,0.36170683008192417
1701,1701,0.12590515678774705,0.0,0.12590515678774705
1702,1702,0.9498902340877571,1.0,0.9498902340877571
1703,1703,0.9519647739332858,1.0,0.9519647739332858
1704,1704,0.8016776893746443,1.0,0.8016776893746443
1705,1705,0.555156521574572,0.0,0.555156521574572
1706,1706,0.3685609143192593,0.0,0.3685609143192593
1707,1707,0.8730836798554552,1.0,0.8730836798554552
1708,1708,0.5070722326740735,1.0,0.5070722326740735
1709,1709,0.8611957041530283,1.0,0.8611957041530283
1710,1710,0.37595042096257325,1.0,0.37595042096257325
1711,1711,0.8446898513819637,1.0,0.8446898513819637
1712,1712,0.053985853806853834,0.0,0.053985853806853834
1713,1713,0.3759367800103013,0.0,0.3759367800103013
1714,1714,0.6674665100588918,1.0,0.6674665100588918
1715,1715,0.03308917171489334,0.0,0.03308917171489334
1716,1716,0.16156522840821785,0.0,0.16156522840821785
1717,1717,0.9446257422338915,1.0,0.9446257422338915
1718,1718,0.3755406997898837,0.0,0.3755406997898837
1719,1719,0.27791561080795035,0.0,0.27791561080795035
1720,1720,0.19847985824842052,0.0,0.19847985824842052
1721,1721,0.9006364912045091,1.0,0.9006364912045091
1722,1722,0.6525514636572294,1.0,0.6525514636572294
1723,1723,0.10218591376040764,0.0,0.10218591376040764
1724,1724,0.5004535600526471,0.0,0.5004535600526471
1725,1725,0.9991511409925222,1.0,0.9991511409925222
1726,1726,0.5455075191509999,1.0,0.5455075191509999
1727,1727,0.7067202902459366,0.0,0.7067202902459366
1728,1728,0.6415959586550997,1.0,0.6415959586550997
1729,1729,0.5321131899813054,1.0,0.5321131899813054
1730,1730,0.34727661889705386,0.0,0.34727661889705386
1731,1731,0.3422901226361722,0.0,0.3422901226361722
1732,1732,0.47751791794364096,0.0,0.47751791794364096
1733,1733,0.7971938013873408,1.0,0.7971938013873408
1734,1734,0.9219967290378703,1.0,0.9219967290378703
1735,1735,0.03235304044920284,1.0,0.03235304044920284
1736,1736,0.734933084337818,1.0,0.734933084337818
1737,1737,0.9280900879300722,1.0,0.9280900879300722
1738,1738,0.08660624819864282,1.0,0.08660624819864282
1739,1739,0.5239283723019528,0.0,0.5239283723019528
1740,1740,0.8172775512425303,1.0,0.8172775512425303
1741,1741,0.4025075317660498,0.0,0.4025075317660498
1742,1742,0.9386184393870245,1.0,0.9386184393870245
1743,1743,0.8413475394676359,1.0,0.8413475394676359
1744,1744,0.347097530950779,0.0,0.347097530950779
1745,1745,0.39871046562563117,0.0,0.39871046562563117
1746,1746,0.9048536338351306,1.0,0.9048536338351306
1747,1747,0.1803777552744441,0.0,0.1803777552744441
1748,1748,0.31267926103642185,1.0,0.31267926103642185
1749,1749,0.5128133632059333,0.0,0.5128133632059333
1750,1750,0.37507713256062614,0.0,0.37507713256062614
1751,1751,0.3088221110007171,0.0,0.3088221110007171
1752,1752,0.6332533022460496,0.0,0.6332533022460496
1753,1753,0.1866435596571303,0.0,0.1866435596571303
1754,1754,0.6392879753915194,1.0,0.6392879753915194
1755,1755,0.6430746369656692,0.0,0.6430746369656692
1756,1756,0.5194557288042022,1.0,0.5194557288042022
1757,1757,0.7841215776461966,1.0,0.7841215776461966
1758,1758,0.5602634347692247,1.0,0.5602634347692247
1759,1759,0.018695435561916662,0.0,0.018695435561916662
1760,1760,0.05190736414137298,0.0,0.05190736414137298
1761,1761,0.5551162427010626,0.0,0.5551162427010626
1762,1762,0.6884618864598548,0.0,0.6884618864598548
1763,1763,0.6799928459197161,1.0,0.6799928459197161
1764,1764,0.40523165632710534,0.0,0.40523165632710534
1765,1765,0.15893743202691923,0.0,0.15893743202691923
1766,1766,0.5417475112833104,0.0,0.5417475112833104
1767,1767,0.8096059353190115,1.0,0.8096059353190115
1768,1768,0.5328965653926311,1.0,0.5328965653926311
1769,1769,0.6369764150225146,1.0,0.6369764150225146
1770,1770,0.9459365434700492,1.0,0.9459365434700492
1771,1771,0.2487309248326216,0.0,0.2487309248326216
1772,1772,0.8352348057020238,0.0,0.8352348057020238
1773,1773,0.14421742851296337,0.0,0.14421742851296337
1774,1774,0.16070432150985026,1.0,0.16070432150985026
1775,1775,0.29494180796993585,0.0,0.29494180796993585
1776,1776,0.8699730701815972,0.0,0.8699730701815972
1777,1777,0.8325385330773808,1.0,0.8325385330773808
1778,1778,0.49889334637080196,0.0,0.49889334637080196
1779,1779,0.2634757019373454,0.0,0.2634757019373454
1780,1780,0.17880960046534555,0.0,0.17880960046534555
1781,1781,0.5475852208051941,1.0,0.5475852208051941
1782,1782,0.0564762220065258,0.0,0.0564762220065258
1783,1783,0.45393260303745775,0.0,0.45393260303745775
1784,1784,0.9902514884733977,1.0,0.9902514884733977
1785,1785,0.8394375857210135,0.0,0.8394375857210135
1786,1786,0.7647450124082052,1.0,0.7647450124082052
1787,1787,0.9213299361438714,1.0,0.9213299361438714
1788,1788,0.8938344081811367,1.0,0.8938344081811367
1789,1789,0.16308081734205726,0.0,0.16308081734205726
1790,1790,0.36277819213697227,0.0,0.36277819213697227
1791,1791,0.045626039241236094,0.0,0.045626039241236094
1792,1792,0.46813118178131274,0.0,0.46813118178131274
1793,1793,0.3580300775949049,0.0,0.3580300775949049
1794,1794,0.03900240935367272,0.0,0.03900240935367272
1795,1795,0.46592512694315913,0.0,0.46592512694315913
1796,1796,0.3267488460501037,1.0,0.3267488460501037
1797,1797,0.8118394452105533,1.0,0.8118394452105533
1798,1798,0.9470472518611792,1.0,0.9470472518611792
1799,1799,0.3969573664420115,0.0,0.3969573664420115
1800,1800,0.010476631678630555,0.0,0.010476631678630555
1801,1801,0.724953864764461,0.0,0.724953864764461
1802,1802,0.42344525791518683,0.0,0.42344525791518683
1803,1803,0.3655656853566347,1.0,0.3655656853566347
1804,1804,0.2621785024693519,1.0,0.2621785024693519
1805,1805,0.71242050392821,0.0,0.71242050392821
1806,1806,0.7695827167122096,0.0,0.7695827167122096
1807,1807,0.2730581848274015,0.0,0.2730581848274015
1808,1808,0.3665868879630271,0.0,0.3665868879630271
1809,1809,0.2734202236716614,0.0,0.2734202236716614
1810,1810,0.2171811818800905,0.0,0.2171811818800905
1811,1811,0.9232431715093298,1.0,0.9232431715093298
1812,1812,0.6804646299646279,1.0,0.6804646299646279
1813,1813,0.17089280415109998,0.0,0.17089280415109998
1814,1814,0.08643569487961822,0.0,0.08643569487961822
1815,1815,0.29591158339947143,0.0,0.29591158339947143
1816,1816,0.5832090438710495,1.0,0.5832090438710495
1817,1817,0.4951266770918453,1.0,0.4951266770918453
1818,1818,0.4954726029154938,0.0,0.4954726029154938
1819,1819,0.5920147496784737,1.0,0.5920147496784737
1820,1820,0.5041914280721745,1.0,0.5041914280721745
1821,1821,0.3465182232739483,1.0,0.3465182232739483
1822,1822,0.4074052461540655,0.0,0.4074052461540655
1823,1823,0.11799191373689932,0.0,0.11799191373689932
1824,1824,0.3827862972635211,0.0,0.3827862972635211
1825,1825,0.26122425974137853,1.0,0.26122425974137853
1826,1826,0.6690819158262262,1.0,0.6690819158262262
1827,1827,0.8907528789006007,1.0,0.8907528789006007
1828,1828,0.02000014913642867,0.0,0.02000014913642867
1829,1829,0.6290749608815117,1.0,0.6290749608815117
1830,1830,0.08588477005301443,0.0,0.08588477005301443
1831,1831,0.32188007947024333,1.0,0.32188007947024333
1832,1832,0.9912404993076805,1.0,0.9912404993076805
1833,1833,0.20849884869399382,0.0,0.20849884869399382
1834,1834,0.773580239035464,1.0,0.773580239035464
1835,1835,0.9512518135055468,1.0,0.9512518135055468
1836,1836,0.08564196986816774,0.0,0.08564196986816774
1837,1837,0.7719793010932999,0.0,0.7719793010932999
1838,1838,0.4238634744717965,0.0,0.4238634744717965
1839,1839,0.5876885290985278,1.0,0.5876885290985278
1840,1840,0.023115204992864014,0.0,0.023115204992864014
1841,1841,0.9546957767688639,1.0,0.9546957767688639
1842,1842,0.08841081788873328,0.0,0.08841081788873328
1843,1843,0.5201262811276542,1.0,0.5201262811276542
1844,1844,0.32575710913418865,0.0,0.32575710913418865
1845,1845,0.3950650316281531,0.0,0.3950650316281531
1846,1846,0.15478283610158639,0.0,0.15478283610158639
1847,1847,0.7000625164585551,1.0,0.7000625164585551
1848,1848,0.13311247435300744,0.0,0.13311247435300744
1849,1849,0.9732054910332795,1.0,0.9732054910332795
1850,1850,0.3347317950301917,1.0,0.3347317950301917
1851,1851,0.2913826206154335,0.0,0.2913826206154335
1852,1852,0.21023555751225764,0.0,0.21023555751225764
1853,1853,0.7402237452686942,1.0,0.7402237452686942
1854,1854,0.5119846169421816,0.0,0.5119846169421816
1855,1855,0.11312482274793978,0.0,0.11312482274793978
1856,1856,0.2189827313013608,0.0,0.2189827313013608
1857,1857,0.5437246583694697,1.0,0.5437246583694697
1858,1858,0.05685288920527032,0.0,0.05685288920527032
1859,1859,0.7460671092608678,0.0,0.7460671092608678
1860,1860,0.11086088618770196,1.0,0.11086088618770196
1861,1861,0.9053447056450357,0.0,0.9053447056450357
1862,1862,0.09121238066290138,0.0,0.09121238066290138
1863,1863,0.5035043767061915,0.0,0.5035043767061915
1864,1864,0.14772447419410262,0.0,0.14772447419410262
1865,1865,0.49958315648126606,0.0,0.49958315648126606
1866,1866,0.23388030871378063,0.0,0.23388030871378063
1867,1867,0.4421230769167812,0.0,0.4421230769167812
1868,1868,0.7636848414968977,1.0,0.7636848414968977
1869,1869,0.8000449073610417,1.0,0.8000449073610417
1870,1870,0.6957959527342238,1.0,0.6957959527342238
1871,1871,0.3219689577783458,1.0,0.3219689577783458
1872,1872,0.5997075512759092,0.0,0.5997075512759092
1873,1873,0.8024008322859536,1.0,0.8024008322859536
1874,1874,0.13177844789697402,0.0,0.13177844789697402
1875,1875,0.2623255217832947,0.0,0.2623255217832947
1876,1876,0.17447436195860044,0.0,0.17447436195860044
1877,1877,0.060684244041762425,0.0,0.060684244041762425
1878,1878,0.9990518753918594,1.0,0.9990518753918594
1879,1879,0.4641439717606075,0.0,0.4641439717606075
1880,1880,0.6696650456885143,1.0,0.6696650456885143
1881,1881,0.8041706380300297,1.0,0.8041706380300297
1882,1882,0.22851533533962054,0.0,0.22851533533962054
1883,1883,0.5771362388560635,0.0,0.5771362388560635
1884,1884,0.9205037133200762,1.0,0.9205037133200762
1885,1885,0.3384525820722003,0.0,0.3384525820722003
1886,1886,0.4331780545939137,1.0,0.4331780545939137
1887,1887,0.9183899245195692,1.0,0.9183899245195692
1888,1888,0.6448792976403486,1.0,0.6448792976403486
1889,1889,0.9377493090052835,1.0,0.9377493090052835
1890,1890,0.6690558400790281,0.0,0.6690558400790281
1891,1891,0.6061006508420587,0.0,0.6061006508420587
1892,1892,0.7872795964482595,1.0,0.7872795964482595
1893,1893,0.29005867266364804,0.0,0.29005867266364804
1894,1894,0.8375588492380593,0.0,0.8375588492380593
1895,1895,0.7143724593756955,1.0,0.7143724593756955
1896,1896,0.2582636382215291,0.0,0.2582636382215291
1897,1897,0.6794353126475196,1.0,0.6794353126475196
1898,1898,0.12192888179445827,0.0,0.12192888179445827
1899,1899,0.10361976375736648,0.0,0.10361976375736648
1900,1900,0.10609466072240925,0.0,0.10609466072240925
1901,1901,0.239677797332719,0.0,0.239677797332719
1902,1902,0.7053673779053206,0.0,0.7053673779053206
1903,1903,0.017645924867054852,0.0,0.017645924867054852
1904,1904,0.33317453367447125,0.0,0.33317453367447125
1905,1905,0.7654652394006625,1.0,0.7654652394006625
1906,1906,0.3322994731013541,1.0,0.3322994731013541
1907,1907,0.8250857023253328,1.0,0.8250857023253328
1908,1908,0.0789295292397808,0.0,0.0789295292397808
1909,1909,0.32823971239707483,0.0,0.32823971239707483
1910,1910,0.9192533777416291,1.0,0.9192533777416291
1911,1911,0.16909615724023297,1.0,0.16909615724023297
1912,1912,0.3843371746678812,0.0,0.3843371746678812
1913,1913,0.3682582002875139,1.0,0.3682582002875139
1914,1914,0.8886017571833104,0.0,0.8886017571833104
1915,1915,0.21292716438558845,0.0,0.21292716438558845
1916,1916,0.8248022764918076,0.0,0.8248022764918076
1917,1917,0.8277615724959678,1.0,0.8277615724959678
1918,1918,0.9226941519936849,1.0,0.9226941519936849
1919,1919,0.7632550063997793,0.0,0.7632550063997793
1920,1920,0.4775522200571013,1.0,0.4775522200571013
1921,1921,0.837500277460992,1.0,0.837500277460992
1922,1922,0.8033255194173988,1.0,0.8033255194173988
1923,1923,0.9327225408323102,1.0,0.9327225408323102
1924,1924,0.5161535796299215,1.0,0.5161535796299215
1925,1925,0.3951790892764777,0.0,0.3951790892764777
1926,1926,0.5137119450119626,1.0,0.5137119450119626
1927,1927,0.05091265935021938,0.0,0.05091265935021938
1928,1928,0.778103922454664,1.0,0.778103922454664
1929,1929,0.5319818310698642,0.0,0.5319818310698642
1930,1930,0.08615597243725448,0.0,0.08615597243725448
1931,1931,0.25837005991104467,0.0,0.25837005991104467
1932,1932,0.008582307135286404,0.0,0.008582307135286404
1933,1933,0.8302167613007999,1.0,0.8302167613007999
1934,1934,0.05258739914661925,0.0,0.05258739914661925
1935,1935,0.08484003318751854,0.0,0.08484003318751854
1936,1936,0.10539308975233741,0.0,0.10539308975233741
1937,1937,0.22701518208929572,1.0,0.22701518208929572
1938,1938,0.186580175406854,0.0,0.186580175406854
1939,1939,0.4279714050433926,0.0,0.4279714050433926
1940,1940,0.6729827130217263,1.0,0.6729827130217263
1941,1941,0.7732425066735373,1.0,0.7732425066735373
1942,1942,0.5327624604285064,1.0,0.5327624604285064
1943,1943,0.5059935656894924,1.0,0.5059935656894924
1944,1944,0.24990581850413696,1.0,0.24990581850413696
1945,1945,0.9482004884405848,1.0,0.9482004884405848
1946,1946,0.7870771452827711,1.0,0.7870771452827711
1947,1947,0.4526575198393301,0.0,0.4526575198393301
1948,1948,0.5136080499327649,0.0,0.5136080499327649
1949,1949,0.6187373523532645,0.0,0.6187373523532645
1950,1950,0.9895590764702603,0.0,0.9895590764702603
1951,1951,0.6479838523876718,1.0,0.6479838523876718
1952,1952,0.5245396057042844,0.0,0.5245396057042844
1953,1953,0.05132387597170174,0.0,0.05132387597170174
1954,1954,0.19981166405120498,0.0,0.19981166405120498
1955,1955,0.07675364267158313,0.0,0.07675364267158313
1956,1956,0.7658059167450579,1.0,0.7658059167450579
1957,1957,0.24501285634528447,0.0,0.24501285634528447
1958,1958,0.07533933573234297,0.0,0.07533933573234297
1959,1959,0.05061422580009067,0.0,0.05061422580009067
1960,1960,0.27326659174897294,0.0,0.27326659174897294
1961,1961,0.8092601462604669,1.0,0.8092601462604669
1962,1962,0.6218942116793799,1.0,0.6218942116793799
1963,1963,0.029527621823013717,0.0,0.029527621823013717
1964,1964,0.5851925216714702,1.0,0.5851925216714702
1965,1965,0.6392217237824532,1.0,0.6392217237824532
1966,1966,0.6094933076052316,0.0,0.6094933076052316
1967,1967,0.1363667683947597,0.0,0.1363667683947597
1968,1968,0.8265569173612698,1.0,0.8265569173612698
1969,1969,0.19582185882509617,1.0,0.19582185882509617
1970,1970,0.6197981627661535,1.0,0.6197981627661535
1971,1971,0.8943827618471653,1.0,0.8943827618471653
1972,1972,0.0800546849079955,0.0,0.0800546849079955
1973,1973,0.6159984267469026,1.0,0.6159984267469026
1974,1974,0.971501427926061,1.0,0.971501427926061
1975,1975,0.08362917546063853,0.0,0.08362917546063853
1976,1976,0.8592420004338621,1.0,0.8592420004338621
1977,1977,0.20742777357011988,0.0,0.20742777357011988
1978,1978,0.5152410949458548,1.0,0.5152410949458548
1979,1979,0.8544156771013284,1.0,0.8544156771013284
1980,1980,0.8111129877832908,1.0,0.8111129877832908
1981,1981,0.3983273719130731,0.0,0.3983273719130731
1982,1982,0.8927602877962686,0.0,0.8927602877962686
1983,1983,0.030169694188234675,0.0,0.030169694188234675
1984,1984,0.48167435632328326,1.0,0.48167435632328326
1985,1985,0.9224762835587066,1.0,0.9224762835587066
1986,1986,0.5475607761981295,0.0,0.5475607761981295
1987,1987,0.3678205242034208,0.0,0.3678205242034208
1988,1988,0.4370917152870445,0.0,0.4370917152870445
1989,1989,0.7211596348728104,1.0,0.7211596348728104
1990,1990,0.6565598178833268,1.0,0.6565598178833268
1991,1991,0.7287273803094007,0.0,0.7287273803094007
1992,1992,0.22572992274780412,0.0,0.22572992274780412
1993,1993,0.2256718786724612,1.0,0.2256718786724612
1994,1994,0.6788770621524495,1.0,0.6788770621524495
1995,1995,0.2284198481579921,0.0,0.2284198481579921
1996,1996,0.7092219267692244,0.0,0.7092219267692244
1997,1997,0.29289820100220576,1.0,0.29289820100220576
1998,1998,0.7084478180224986,0.0,0.7084478180224986
1999,1999,0.04366150125931245,0.0,0.04366150125931245
2000,2000,0.9304348011173237,1.0,0.9304348011173237
2001,2001,0.8856657386798601,1.0,0.8856657386798601
2002,2002,0.8011620972942388,1.0,0.8011620972942388
2003,2003,0.4194149384801935,0.0,0.4194149384801935
2004,2004,0.19003626092380366,0.0,0.19003626092380366
2005,2005,0.1663969463474555,1.0,0.1663969463474555
2006,2006,0.948707775449098,1.0,0.948707775449098
2007,2007,0.3426296895764058,0.0,0.3426296895764058
2008,2008,0.5264098885386252,0.0,0.5264098885386252
2009,2009,0.6077285150346466,1.0,0.6077285150346466
2010,2010,0.8957654001087237,1.0,0.8957654001087237
2011,2011,0.26524069562994523,0.0,0.26524069562994523
2012,2012,0.4705230169439104,1.0,0.4705230169439104
2013,2013,0.7505325502322419,0.0,0.7505325502322419
2014,2014,0.2925223845526528,1.0,0.2925223845526528
2015,2015,0.4473247877280362,0.0,0.4473247877280362
2016,2016,0.8773101796168057,1.0,0.8773101796168057
2017,2017,0.36870219292889383,1.0,0.36870219292889383
2018,2018,0.17800249303969495,0.0,0.17800249303969495
2019,2019,0.7287092016794092,0.0,0.7287092016794092
2020,2020,0.5488358781882975,1.0,0.5488358781882975
2021,2021,0.7844170328657928,1.0,0.7844170328657928
2022,2022,0.22956401066764287,0.0,0.22956401066764287
2023,2023,0.6198068035959967,1.0,0.6198068035959967
2024,2024,0.2951979225779543,0.0,0.2951979225779543
2025,2025,0.6162514439255649,1.0,0.6162514439255649
2026,2026,0.34827769812434517,0.0,0.34827769812434517
2027,2027,0.7646774994289177,1.0,0.7646774994289177
2028,2028,0.30816776731516105,0.0,0.30816776731516105
2029,2029,0.43218810292720333,0.0,0.43218810292720333
2030,2030,0.6644106867720939,0.0,0.6644106867720939
2031,2031,0.9907332347964837,1.0,0.9907332347964837
2032,2032,0.5448377720063367,1.0,0.5448377720063367
2033,2033,0.9190251390546808,1.0,0.9190251390546808
2034,2034,0.45170680358937876,1.0,0.45170680358937876
2035,2035,0.29895373084305776,0.0,0.29895373084305776
2036,2036,0.23955234056513575,1.0,0.23955234056513575
2037,2037,0.1681976980353801,1.0,0.1681976980353801
2038,2038,0.5948054109393772,0.0,0.5948054109393772
2039,2039,0.1661777858963558,0.0,0.1661777858963558
2040,2040,0.7231841941358422,1.0,0.7231841941358422
2041,2041,0.3931668398206395,1.0,0.3931668398206395
2042,2042,0.6717879032149567,1.0,0.6717879032149567
2043,2043,0.5879121803758354,1.0,0.5879121803758354
2044,2044,0.72447412594686,1.0,0.72447412594686
2045,2045,0.6465323877556303,1.0,0.6465323877556303
2046,2046,0.5877463115883077,1.0,0.5877463115883077
2047,2047,0.6472908900415688,1.0,0.6472908900415688
2048,2048,0.5963188121176647,0.0,0.5963188121176647
2049,2049,0.29727066813034553,0.0,0.29727066813034553
2050,2050,0.02491349919273511,0.0,0.02491349919273511
2051,2051,0.03545326815809002,0.0,0.03545326815809002
2052,2052,0.8632712623012911,1.0,0.8632712623012911
2053,2053,0.3443372992154564,0.0,0.3443372992154564
2054,2054,0.9770235421633674,1.0,0.9770235421633674
2055,2055,0.7980720203875119,0.0,0.7980720203875119
2056,2056,0.09323440227605773,0.0,0.09323440227605773
2057,2057,0.4845493131830947,1.0,0.4845493131830947
2058,2058,0.5570389056760326,1.0,0.5570389056760326
2059,2059,0.44535053537059477,1.0,0.44535053537059477
2060,2060,0.9119137691280365,0.0,0.9119137691280365
2061,2061,0.4754552144932195,1.0,0.4754552144932195
2062,2062,0.6918653097730791,1.0,0.6918653097730791
2063,2063,0.7910375126538429,0.0,0.7910375126538429
2064,2064,0.31903224729744706,0.0,0.31903224729744706
2065,2065,0.1835042233182872,0.0,0.1835042233182872
2066,2066,0.6788265592488915,1.0,0.6788265592488915
2067,2067,0.2037166987847867,0.0,0.2037166987847867
2068,2068,0.5361077185814523,0.0,0.5361077185814523
2069,2069,0.13494727696976927,1.0,0.13494727696976927
2070,2070,0.3660609077447876,0.0,0.3660609077447876
2071,2071,0.1790424144286703,1.0,0.1790424144286703
2072,2072,0.0833856028682527,0.0,0.0833856028682527
2073,2073,0.2743540040073259,0.0,0.2743540040073259
2074,2074,0.9282962150791835,1.0,0.9282962150791835
2075,2075,0.12338589300249658,1.0,0.12338589300249658
2076,2076,0.33957704152874313,0.0,0.33957704152874313
2077,2077,0.5829155821672826,1.0,0.5829155821672826
2078,2078,0.08515146104347027,0.0,0.08515146104347027
2079,2079,0.6215166004119287,1.0,0.6215166004119287
2080,2080,0.7000834549347617,1.0,0.7000834549347617
2081,2081,0.6590578419438984,0.0,0.6590578419438984
2082,2082,0.9883194645070822,1.0,0.9883194645070822
2083,2083,0.6764678317294799,0.0,0.6764678317294799
2084,2084,0.2361152754160849,0.0,0.2361152754160849
2085,2085,0.2839786870522889,1.0,0.2839786870522889
2086,2086,0.05070674564738653,0.0,0.05070674564738653
2087,2087,0.8508073926991683,1.0,0.8508073926991683
2088,2088,0.04056038277852314,0.0,0.04056038277852314
2089,2089,0.17321927520266656,0.0,0.17321927520266656
2090,2090,0.4595106659327973,1.0,0.4595106659327973
2091,2091,0.4286691475714912,0.0,0.4286691475714912
2092,2092,0.21091124982012988,0.0,0.21091124982012988
2093,2093,0.38916861203523534,0.0,0.38916861203523534
2094,2094,0.9871531000167927,1.0,0.9871531000167927
2095,2095,0.8799030141648442,0.0,0.8799030141648442
2096,2096,0.2712004149188346,0.0,0.2712004149188346
2097,2097,0.6528005517288598,1.0,0.6528005517288598
2098,2098,0.9199637013861712,1.0,0.9199637013861712
2099,2099,0.778940504733917,1.0,0.778940504733917
2100,2100,0.7291518858176168,1.0,0.7291518858176168
2101,2101,0.5765998153728448,0.0,0.5765998153728448
2102,2102,0.1798321294164773,0.0,0.1798321294164773
2103,2103,0.6622873249310542,0.0,0.6622873249310542
2104,2104,0.4489381933663483,0.0,0.4489381933663483
2105,2105,0.5097694960079915,0.0,0.5097694960079915
2106,2106,0.8630629151211109,1.0,0.8630629151211109
2107,2107,0.2026412481253187,0.0,0.2026412481253187
2108,2108,0.2296701896207226,0.0,0.2296701896207226
2109,2109,0.4234633798249411,0.0,0.4234633798249411
2110,2110,0.5444289960474484,0.0,0.5444289960474484
2111,2111,0.5489330783513106,0.0,0.5489330783513106
2112,2112,0.5367420237030555,0.0,0.5367420237030555
2113,2113,0.5457182223426296,0.0,0.5457182223426296
2114,2114,0.1176578397941167,0.0,0.1176578397941167
2115,2115,0.36126341517086547,1.0,0.36126341517086547
2116,2116,0.1586209349805593,0.0,0.1586209349805593
2117,2117,0.3852511442992038,0.0,0.3852511442992038
2118,2118,0.30413225901738916,0.0,0.30413225901738916
2119,2119,0.00810259018183912,0.0,0.00810259018183912
2120,2120,0.5715200441044443,0.0,0.5715200441044443
2121,2121,0.0069429726651308865,0.0,0.0069429726651308865
2122,2122,0.9464577741142405,1.0,0.9464577741142405
2123,2123,0.12346890291147428,0.0,0.12346890291147428
2124,2124,0.27419190628054424,0.0,0.27419190628054424
2125,2125,0.9225829812627234,1.0,0.9225829812627234
2126,2126,0.7761672901673627,1.0,0.7761672901673627
2127,2127,0.2865834404434452,0.0,0.2865834404434452
2128,2128,0.6851421207340965,1.0,0.6851421207340965
2129,2129,0.5396177418680398,0.0,0.5396177418680398
2130,2130,0.4447451991976151,1.0,0.4447451991976151
2131,2131,0.886527356780962,1.0,0.886527356780962
2132,2132,0.5310633058318285,1.0,0.5310633058318285
2133,2133,0.34642407149739185,1.0,0.34642407149739185
2134,2134,0.5136611545454625,1.0,0.5136611545454625
2135,2135,0.7858631041394754,1.0,0.7858631041394754
2136,2136,0.83637137109425,1.0,0.83637137109425
2137,2137,0.9280499669938455,1.0,0.9280499669938455
2138,2138,0.5349351856068123,0.0,0.5349351856068123
2139,2139,0.7852835606834707,1.0,0.7852835606834707
2140,2140,0.3282585744864769,0.0,0.3282585744864769
2141,2141,0.35030986922339924,0.0,0.35030986922339924
2142,2142,0.8982191936455922,0.0,0.8982191936455922
2143,2143,0.2752375899451469,0.0,0.2752375899451469
2144,2144,0.5161914691085969,0.0,0.5161914691085969
2145,2145,0.2578325073402954,0.0,0.2578325073402954
2146,2146,0.8836541944287158,0.0,0.8836541944287158
2147,2147,0.7520354764130617,0.0,0.7520354764130617
2148,2148,0.421741077444176,0.0,0.421741077444176
2149,2149,0.8688930341486981,1.0,0.8688930341486981
2150,2150,0.5493322851899712,1.0,0.5493322851899712
2151,2151,0.6927707502109992,1.0,0.6927707502109992
2152,2152,0.9815198033797724,1.0,0.9815198033797724
2153,2153,0.4593098216964894,1.0,0.4593098216964894
2154,2154,0.6773358547451208,1.0,0.6773358547451208
2155,2155,0.586726401718547,1.0,0.586726401718547
2156,2156,0.6039651349689352,0.0,0.6039651349689352
2157,2157,0.7200459084175048,1.0,0.7200459084175048
2158,2158,0.02911596316281817,0.0,0.02911596316281817
2159,2159,0.2095324164559722,0.0,0.2095324164559722
2160,2160,0.7323719306489246,1.0,0.7323719306489246
2161,2161,0.3737644933377331,0.0,0.3737644933377331
2162,2162,0.33898625133386695,1.0,0.33898625133386695
2163,2163,0.3473826368842422,0.0,0.3473826368842422
2164,2164,0.3629924730087467,1.0,0.3629924730087467
2165,2165,0.6775727443057978,1.0,0.6775727443057978
2166,2166,0.8364650559283978,0.0,0.8364650559283978
2167,2167,0.8583877032799443,1.0,0.8583877032799443
2168,2168,0.9229701726291082,1.0,0.9229701726291082
2169,2169,0.4728588635887705,0.0,0.4728588635887705
2170,2170,0.4923515270511578,1.0,0.4923515270511578
2171,2171,0.6888836207591099,1.0,0.6888836207591099
2172,2172,0.2652041450580491,1.0,0.2652041450580491
2173,2173,0.5092005047986711,1.0,0.5092005047986711
2174,2174,0.9764122850737114,1.0,0.9764122850737114
2175,2175,0.03674843855909571,0.0,0.03674843855909571
2176,2176,0.6997206428699472,1.0,0.6997206428699472
2177,2177,0.9474761799402069,1.0,0.9474761799402069
2178,2178,0.8616979864131399,1.0,0.8616979864131399
2179,2179,0.12376266457442442,0.0,0.12376266457442442
2180,2180,0.015134792397850871,0.0,0.015134792397850871
2181,2181,0.1957893301426621,0.0,0.1957893301426621
2182,2182,0.060795064087762585,0.0,0.060795064087762585
2183,2183,0.9619782835049188,1.0,0.9619782835049188
2184,2184,0.7230537841529686,1.0,0.7230537841529686
2185,2185,0.457469203627208,1.0,0.457469203627208
2186,2186,0.6910485603733574,1.0,0.6910485603733574
2187,2187,0.6600983282516547,1.0,0.6600983282516547
2188,2188,0.7522998722344885,0.0,0.7522998722344885
2189,2189,0.4402778193463326,0.0,0.4402778193463326
2190,2190,0.5354355523458812,1.0,0.5354355523458812
2191,2191,0.3907402804132585,1.0,0.3907402804132585
2192,2192,0.32034112316115204,1.0,0.32034112316115204
2193,2193,0.0676067623711013,0.0,0.0676067623711013
2194,2194,0.9518125822914741,1.0,0.9518125822914741
2195,2195,0.3829959787134063,0.0,0.3829959787134063
2196,2196,0.6441052500088934,1.0,0.6441052500088934
2197,2197,0.4798222902085578,0.0,0.4798222902085578
2198,2198,0.8544846637816647,1.0,0.8544846637816647
2199,2199,0.6656421154449006,1.0,0.6656421154449006
2200,2200,0.2206231786611612,0.0,0.2206231786611612
2201,2201,0.8896956148598727,1.0,0.8896956148598727
2202,2202,0.09766066223132619,0.0,0.09766066223132619
2203,2203,0.6727461339797657,0.0,0.6727461339797657
2204,2204,0.02826758610786062,0.0,0.02826758610786062
2205,2205,0.679416342368272,0.0,0.679416342368272
2206,2206,0.46060724658769725,0.0,0.46060724658769725
2207,2207,0.2622857862845912,0.0,0.2622857862845912
2208,2208,0.5602663708356741,1.0,0.5602663708356741
2209,2209,0.9266980810544212,1.0,0.9266980810544212
2210,2210,0.7294414191700876,1.0,0.7294414191700876
2211,2211,0.7525665123954018,1.0,0.7525665123954018
2212,2212,0.43317798032064025,0.0,0.43317798032064025
2213,2213,0.9073302057882964,1.0,0.9073302057882964
2214,2214,0.04693704616610339,0.0,0.04693704616610339
2215,2215,0.5679161275853499,1.0,0.5679161275853499
2216,2216,0.22359807746096394,0.0,0.22359807746096394
2217,2217,0.8184234570273594,1.0,0.8184234570273594
2218,2218,0.4088251514366752,1.0,0.4088251514366752
2219,2219,0.8442702254344465,0.0,0.8442702254344465
2220,2220,0.8855087026720626,0.0,0.8855087026720626
2221,2221,0.31330062901407774,1.0,0.31330062901407774
2222,2222,0.5917699948095707,1.0,0.5917699948095707
2223,2223,0.10665819145712963,0.0,0.10665819145712963
2224,2224,0.09880844993478466,0.0,0.09880844993478466
2225,2225,0.5873136022495461,1.0,0.5873136022495461
2226,2226,0.37070705246269897,0.0,0.37070705246269897
2227,2227,0.2918094932154538,1.0,0.2918094932154538
2228,2228,0.36181438938025423,1.0,0.36181438938025423
2229,2229,0.510052562970595,0.0,0.510052562970595
2230,2230,0.148603657460064,0.0,0.148603657460064
2231,2231,0.7909747357364277,0.0,0.7909747357364277
2232,2232,0.37722535951630154,1.0,0.37722535951630154
2233,2233,0.6867566565948909,0.0,0.6867566565948909
2234,2234,0.22008154119720647,0.0,0.22008154119720647
2235,2235,0.6911410935637884,1.0,0.6911410935637884
2236,2236,0.2565438621833356,0.0,0.2565438621833356
2237,2237,0.2302917565287177,0.0,0.2302917565287177
2238,2238,0.5781181200649078,1.0,0.5781181200649078
2239,2239,0.10469026439944462,0.0,0.10469026439944462
2240,2240,0.03767137262906439,0.0,0.03767137262906439
2241,2241,0.4408909099746978,0.0,0.4408909099746978
2242,2242,0.4847951042280949,0.0,0.4847951042280949
2243,2243,0.6983704561370445,1.0,0.6983704561370445
2244,2244,0.8308095961527698,1.0,0.8308095961527698
2245,2245,0.7418030117266833,0.0,0.7418030117266833
2246,2246,0.25888506324901617,1.0,0.25888506324901617
2247,2247,0.016533665156538646,0.0,0.016533665156538646
2248,2248,0.7341292470919301,1.0,0.7341292470919301
2249,2249,0.12067321859599789,0.0,0.12067321859599789
2250,2250,0.6753887812539314,1.0,0.6753887812539314
2251,2251,0.5045263105618084,1.0,0.5045263105618084
2252,2252,0.4428244119753352,1.0,0.4428244119753352
2253,2253,0.3165819242534422,0.0,0.3165819242534422
2254,2254,0.04239814565582478,0.0,0.04239814565582478
2255,2255,0.388022411239173,0.0,0.388022411239173
2256,2256,0.08367185436072722,0.0,0.08367185436072722
2257,2257,0.6679000811711865,0.0,0.6679000811711865
2258,2258,0.7337094838570088,1.0,0.7337094838570088
2259,2259,0.7790848064381656,1.0,0.7790848064381656
2260,2260,0.012461752719785557,0.0,0.012461752719785557
2261,2261,0.8817221210141205,1.0,0.8817221210141205
2262,2262,0.8884042518597364,1.0,0.8884042518597364
2263,2263,0.9136572562600515,1.0,0.9136572562600515
2264,2264,0.3010872858588731,0.0,0.3010872858588731
2265,2265,0.4978698220479002,1.0,0.4978698220479002
2266,2266,0.9261221645261882,1.0,0.9261221645261882
2267,2267,0.31681633521447083,0.0,0.31681633521447083
2268,2268,0.09143421416929098,0.0,0.09143421416929098
2269,2269,0.09913909986101033,0.0,0.09913909986101033
2270,2270,0.23190963706428913,1.0,0.23190963706428913
2271,2271,0.8044674502042323,0.0,0.8044674502042323
2272,2272,0.01358387607263678,0.0,0.01358387607263678
2273,2273,0.35414814368267733,0.0,0.35414814368267733
2274,2274,0.9963967230203146,1.0,0.9963967230203146
2275,2275,0.2248899013053044,0.0,0.2248899013053044
2276,2276,0.7603341551337106,1.0,0.7603341551337106
2277,2277,0.7772105400517849,1.0,0.7772105400517849
2278,2278,0.4603216208434373,1.0,0.4603216208434373
2279,2279,0.7666525789994442,1.0,0.7666525789994442
2280,2280,0.40717231707005774,1.0,0.40717231707005774
2281,2281,0.7252854490210757,0.0,0.7252854490210757
2282,2282,0.14074620393015747,1.0,0.14074620393015747
2283,2283,0.9219137686446877,1.0,0.9219137686446877
2284,2284,0.4403105412165832,0.0,0.4403105412165832
2285,2285,0.8780983055930417,1.0,0.8780983055930417
2286,2286,0.5522286681394412,0.0,0.5522286681394412
2287,2287,0.4381359408978581,0.0,0.4381359408978581
2288,2288,0.007096769859408103,0.0,0.007096769859408103
2289,2289,0.4602798538623254,1.0,0.4602798538623254
2290,2290,0.7093414753676205,1.0,0.7093414753676205
2291,2291,0.005904298088808213,0.0,0.005904298088808213
2292,2292,0.04007543236171485,0.0,0.04007543236171485
2293,2293,0.04150230427612511,0.0,0.04150230427612511
2294,2294,0.028665758049123857,0.0,0.028665758049123857
2295,2295,0.6788059618714087,1.0,0.6788059618714087
2296,2296,0.8415138957913074,1.0,0.8415138957913074
2297,2297,0.09136046600615289,1.0,0.09136046600615289
2298,2298,0.4278879965051263,0.0,0.4278879965051263
2299,2299,0.5298238704452407,0.0,0.5298238704452407
2300,2300,0.19542487575253975,0.0,0.19542487575253975
2301,2301,0.5421872831268673,1.0,0.5421872831268673
2302,2302,0.26031072919342724,0.0,0.26031072919342724
2303,2303,0.8573672962751332,1.0,0.8573672962751332
2304,2304,0.2746919118530873,0.0,0.2746919118530873
2305,2305,0.4440675107769073,0.0,0.4440675107769073
2306,2306,0.8763821834222637,1.0,0.8763821834222637
2307,2307,0.9476944476037418,1.0,0.9476944476037418
2308,2308,0.39854845120718807,1.0,0.39854845120718807
2309,2309,0.08743885113244232,0.0,0.08743885113244232
2310,2310,0.14540607280772033,1.0,0.14540607280772033
2311,2311,0.22143421524759643,0.0,0.22143421524759643
2312,2312,0.3338435765049659,1.0,0.3338435765049659
2313,2313,0.006606386724094859,0.0,0.006606386724094859
2314,2314,0.721389109133991,1.0,0.721389109133991
2315,2315,0.9398009237933701,1.0,0.9398009237933701
2316,2316,0.5508559613694207,1.0,0.5508559613694207
2317,2317,0.21284922516145188,0.0,0.21284922516145188
2318,2318,0.7495681170073123,1.0,0.7495681170073123
2319,2319,0.7246225288756791,1.0,0.7246225288756791
2320,2320,0.2099578868194888,1.0,0.2099578868194888
2321,2321,0.283906218912253,1.0,0.283906218912253
2322,2322,0.04983461124366617,0.0,0.04983461124366617
2323,2323,0.6133794832259037,1.0,0.6133794832259037
2324,2324,0.523055220710325,0.0,0.523055220710325
2325,2325,0.5182444014773824,0.0,0.5182444014773824
2326,2326,0.7345924191832949,1.0,0.7345924191832949
2327,2327,0.4121432068106945,0.0,0.4121432068106945
2328,2328,0.25037555464601646,0.0,0.25037555464601646
2329,2329,0.9542600400733192,1.0,0.9542600400733192
2330,2330,0.952404583058687,1.0,0.952404583058687
2331,2331,0.9861991980108957,1.0,0.9861991980108957
2332,2332,0.1789496325197545,0.0,0.1789496325197545
2333,2333,0.15939832516355534,0.0,0.15939832516355534
2334,2334,0.014028521251639336,0.0,0.014028521251639336
2335,2335,0.9461564754073971,1.0,0.9461564754073971
2336,2336,0.1730020062265062,0.0,0.1730020062265062
2337,2337,0.14386173812988678,0.0,0.14386173812988678
2338,2338,0.24836374090777724,0.0,0.24836374090777724
2339,2339,0.4659728469508524,0.0,0.4659728469508524
2340,2340,0.5596207043011987,0.0,0.5596207043011987
2341,2341,0.563248583521297,1.0,0.563248583521297
2342,2342,0.16644510712039096,1.0,0.16644510712039096
2343,2343,0.6221233374985234,0.0,0.6221233374985234
2344,2344,0.8017958774658782,0.0,0.8017958774658782
2345,2345,0.38017805790079995,0.0,0.38017805790079995
2346,2346,0.6593458105281912,1.0,0.6593458105281912
2347,2347,0.540564416778969,1.0,0.540564416778969
2348,2348,0.28306491967224146,0.0,0.28306491967224146
2349,2349,0.3756512166017325,0.0,0.3756512166017325
2350,2350,0.6158708986588034,1.0,0.6158708986588034
2351,2351,0.11802784842288094,0.0,0.11802784842288094
2352,2352,0.1413975830932721,1.0,0.1413975830932721
2353,2353,0.7272768177295875,1.0,0.7272768177295875
2354,2354,0.23910799555372597,0.0,0.23910799555372597
2355,2355,0.03155566782722985,0.0,0.03155566782722985
2356,2356,0.857055476755501,1.0,0.857055476755501
2357,2357,0.8014333347768903,1.0,0.8014333347768903
2358,2358,0.4409070402686155,0.0,0.4409070402686155
2359,2359,0.3562556635448655,1.0,0.3562556635448655
2360,2360,0.4125731207583645,0.0,0.4125731207583645
2361,2361,0.10998158492977395,0.0,0.10998158492977395
2362,2362,0.2949751414626226,0.0,0.2949751414626226
2363,2363,0.20261204513429676,0.0,0.20261204513429676
2364,2364,0.6569243925867249,1.0,0.6569243925867249
2365,2365,0.5395917005804508,0.0,0.5395917005804508
2366,2366,0.29220106039783555,0.0,0.29220106039783555
2367,2367,0.7657843065928223,0.0,0.7657843065928223
2368,2368,0.1214278072577909,1.0,0.1214278072577909
2369,2369,0.6825122017138987,1.0,0.6825122017138987
2370,2370,0.3011307375305706,0.0,0.3011307375305706
2371,2371,0.2475017526303419,0.0,0.2475017526303419
2372,2372,0.20763683379327902,0.0,0.20763683379327902
2373,2373,0.5481447848868388,0.0,0.5481447848868388
2374,2374,0.5821643452458815,1.0,0.5821643452458815
2375,2375,0.5120687106927553,0.0,0.5120687106927553
2376,2376,0.35792425614065093,0.0,0.35792425614065093
2377,2377,0.07888755623287158,0.0,0.07888755623287158
2378,2378,0.6151234638902151,1.0,0.6151234638902151
2379,2379,0.8884837108907411,1.0,0.8884837108907411
2380,2380,0.8795712422936152,1.0,0.8795712422936152
2381,2381,0.8498425116911592,1.0,0.8498425116911592
2382,2382,0.7914325020199415,0.0,0.7914325020199415
2383,2383,0.8213936071694194,1.0,0.8213936071694194
2384,2384,0.4494700031195453,0.0,0.4494700031195453
2385,2385,0.20523516349639648,0.0,0.20523516349639648
2386,2386,0.576443976971493,0.0,0.576443976971493
2387,2387,0.8099246489979145,1.0,0.8099246489979145
2388,2388,0.4819084705168314,0.0,0.4819084705168314
2389,2389,0.8060691978521068,0.0,0.8060691978521068
2390,2390,0.2471337354324762,1.0,0.2471337354324762
2391,2391,0.5349211065486845,1.0,0.5349211065486845
2392,2392,0.0376717503664914,0.0,0.0376717503664914
2393,2393,0.3846924737497217,1.0,0.3846924737497217
2394,2394,0.43460573211612386,0.0,0.43460573211612386
2395,2395,0.5528347297182474,1.0,0.5528347297182474
2396,2396,0.4963830076229607,0.0,0.4963830076229607
2397,2397,0.11707387932638869,0.0,0.11707387932638869
2398,2398,0.21124137320262404,0.0,0.21124137320262404
2399,2399,0.8265167269361138,1.0,0.8265167269361138
2400,2400,0.6859284260178464,1.0,0.6859284260178464
2401,2401,0.0520120446062885,0.0,0.0520120446062885
2402,2402,0.8800292785912374,1.0,0.8800292785912374
2403,2403,0.026098989017417806,0.0,0.026098989017417806
2404,2404,0.3865688046445953,0.0,0.3865688046445953
2405,2405,0.6042389200495466,0.0,0.6042389200495466
2406,2406,0.01724001235359751,0.0,0.01724001235359751
2407,2407,0.0282903032109173,0.0,0.0282903032109173
2408,2408,0.4543638240986705,1.0,0.4543638240986705
2409,2409,0.30002724212683696,1.0,0.30002724212683696
2410,2410,0.9072118049483651,0.0,0.9072118049483651
2411,2411,0.1599753029743992,0.0,0.1599753029743992
2412,2412,0.2073532175272116,1.0,0.2073532175272116
2413,2413,0.9808514846663077,1.0,0.9808514846663077
2414,2414,0.39661079709284364,1.0,0.39661079709284364
2415,2415,0.8388109667945961,1.0,0.8388109667945961
2416,2416,0.7977531809169167,1.0,0.7977531809169167
2417,2417,0.6310291577131776,0.0,0.6310291577131776
2418,2418,0.15833652013188426,0.0,0.15833652013188426
2419,2419,0.9463286006542023,1.0,0.9463286006542023
2420,2420,0.021531001928370652,0.0,0.021531001928370652
2421,2421,0.31961463092736575,0.0,0.31961463092736575
2422,2422,0.2791065130535202,0.0,0.2791065130535202
2423,2423,0.317803987208899,1.0,0.317803987208899
2424,2424,0.29518158555612295,0.0,0.29518158555612295
2425,2425,0.34606196002044043,0.0,0.34606196002044043
2426,2426,0.8817506034041785,1.0,0.8817506034041785
2427,2427,0.29660610314877334,1.0,0.29660610314877334
2428,2428,0.2931854882491942,0.0,0.2931854882491942
2429,2429,0.5609323826101161,1.0,0.5609323826101161
2430,2430,0.12027320011333442,0.0,0.12027320011333442
2431,2431,0.47150950479145537,1.0,0.47150950479145537
2432,2432,0.6033739225452623,0.0,0.6033739225452623
2433,2433,0.033256201517149475,0.0,0.033256201517149475
2434,2434,0.43060796304698856,1.0,0.43060796304698856
2435,2435,0.4051948956913791,1.0,0.4051948956913791
2436,2436,0.18385588292131572,1.0,0.18385588292131572
2437,2437,0.002152559494770112,0.0,0.002152559494770112
2438,2438,0.09193045803336897,0.0,0.09193045803336897
2439,2439,0.9385922764496142,1.0,0.9385922764496142
2440,2440,0.5207288397333291,0.0,0.5207288397333291
2441,2441,0.783400961884693,1.0,0.783400961884693
2442,2442,0.6348335601824824,1.0,0.6348335601824824
2443,2443,0.33260691226216843,0.0,0.33260691226216843
2444,2444,0.9885325849003737,1.0,0.9885325849003737
2445,2445,0.7722645475836328,1.0,0.7722645475836328
2446,2446,0.8186411140872484,1.0,0.8186411140872484
2447,2447,0.9039181312003898,0.0,0.9039181312003898
2448,2448,0.5672408149651718,0.0,0.5672408149651718
2449,2449,0.3891077371219751,0.0,0.3891077371219751
2450,2450,0.3971773521157711,1.0,0.3971773521157711
2451,2451,0.790086274008208,1.0,0.790086274008208
2452,2452,0.939674835325386,1.0,0.939674835325386
2453,2453,0.7989100719711837,1.0,0.7989100719711837
2454,2454,0.19598928942369476,0.0,0.19598928942369476
2455,2455,0.697559368786234,1.0,0.697559368786234
2456,2456,0.9090556964037273,1.0,0.9090556964037273
2457,2457,0.030099108149538534,0.0,0.030099108149538534
2458,2458,0.1979941183920524,0.0,0.1979941183920524
2459,2459,0.7366021391746634,1.0,0.7366021391746634
2460,2460,0.1667440313390558,0.0,0.1667440313390558
2461,2461,0.6528454634120588,1.0,0.6528454634120588
2462,2462,0.8202234747236913,1.0,0.8202234747236913
2463,2463,0.6058128989796907,1.0,0.6058128989796907
2464,2464,0.23299631823600575,0.0,0.23299631823600575
2465,2465,0.31113387713285334,1.0,0.31113387713285334
2466,2466,0.3339458385189886,0.0,0.3339458385189886
2467,2467,0.5375654195073082,1.0,0.5375654195073082
2468,2468,0.3281285102623319,1.0,0.3281285102623319
2469,2469,0.673698969075491,1.0,0.673698969075491
2470,2470,0.24295803819630934,0.0,0.24295803819630934
2471,2471,0.5998212742229871,1.0,0.5998212742229871
2472,2472,0.12433112656819678,1.0,0.12433112656819678
2473,2473,0.9418302765138158,1.0,0.9418302765138158
2474,2474,0.7764280310474231,1.0,0.7764280310474231
2475,2475,0.9329023441382128,1.0,0.9329023441382128
2476,2476,0.9627974396309653,1.0,0.9627974396309653
2477,2477,0.39379177683015454,1.0,0.39379177683015454
2478,2478,0.5277839207821001,1.0,0.5277839207821001
2479,2479,0.5235018161796742,0.0,0.5235018161796742
2480,2480,0.43880090255126825,0.0,0.43880090255126825
2481,2481,0.8804812378853382,1.0,0.8804812378853382
2482,2482,0.4070206043141773,0.0,0.4070206043141773
2483,2483,0.09123848425312997,0.0,0.09123848425312997
2484,2484,0.39217816404610106,0.0,0.39217816404610106
2485,2485,0.1770509105875665,0.0,0.1770509105875665
2486,2486,0.588652275508131,1.0,0.588652275508131
2487,2487,0.8025616602611001,1.0,0.8025616602611001
2488,2488,0.9362652301205879,1.0,0.9362652301205879
2489,2489,0.8119395588229025,1.0,0.8119395588229025
2490,2490,0.2606757624212952,0.0,0.2606757624212952
2491,2491,0.6195533442872443,1.0,0.6195533442872443
2492,2492,0.8258666227309707,1.0,0.8258666227309707
2493,2493,0.5648464383045113,1.0,0.5648464383045113
2494,2494,0.6602372415569754,1.0,0.6602372415569754
2495,2495,0.5395657569325001,1.0,0.5395657569325001
2496,2496,0.3615318574513825,0.0,0.3615318574513825
2497,2497,0.5347027648843382,0.0,0.5347027648843382
2498,2498,0.13514536313656755,0.0,0.13514536313656755
2499,2499,0.9414572415716255,1.0,0.9414572415716255
2500,2500,0.7270589891623066,0.0,0.7270589891623066
2501,2501,0.07949212645930992,0.0,0.07949212645930992
2502,2502,0.21160152114910602,1.0,0.21160152114910602
2503,2503,0.4071146428239395,0.0,0.4071146428239395
2504,2504,0.5473111798134738,0.0,0.5473111798134738
2505,2505,0.07833187324246771,0.0,0.07833187324246771
2506,2506,0.7994621526066659,1.0,0.7994621526066659
2507,2507,0.9347788807045163,1.0,0.9347788807045163
2508,2508,0.14432003071677946,1.0,0.14432003071677946
2509,2509,0.7439717902760763,0.0,0.7439717902760763
2510,2510,0.9299331702322682,0.0,0.9299331702322682
2511,2511,0.47567606261314743,1.0,0.47567606261314743
2512,2512,0.02079817688179464,0.0,0.02079817688179464
2513,2513,0.7932904785418811,1.0,0.7932904785418811
2514,2514,0.4404903111880899,1.0,0.4404903111880899
2515,2515,0.7382904029917842,0.0,0.7382904029917842
2516,2516,0.9491682871640623,1.0,0.9491682871640623
2517,2517,0.13843997042940026,0.0,0.13843997042940026
2518,2518,0.018633001797947468,0.0,0.018633001797947468
2519,2519,0.9157666245361797,1.0,0.9157666245361797
2520,2520,0.8474330134067639,0.0,0.8474330134067639
2521,2521,0.06145081035945399,0.0,0.06145081035945399
2522,2522,0.05300471445000876,0.0,0.05300471445000876
2523,2523,0.09866525113889102,0.0,0.09866525113889102
2524,2524,0.6946348112134112,1.0,0.6946348112134112
2525,2525,0.9857183785457051,1.0,0.9857183785457051
2526,2526,0.35794922193815837,1.0,0.35794922193815837
2527,2527,0.2526540565045883,1.0,0.2526540565045883
2528,2528,0.5173176954629296,0.0,0.5173176954629296
2529,2529,0.9186687266126005,1.0,0.9186687266126005
2530,2530,0.02863749513173386,0.0,0.02863749513173386
2531,2531,0.22746621858867866,1.0,0.22746621858867866
2532,2532,0.24502547511183037,1.0,0.24502547511183037
2533,2533,0.0024884865991310345,0.0,0.0024884865991310345
2534,2534,0.9019034356373034,1.0,0.9019034356373034
2535,2535,0.6695540152799837,1.0,0.6695540152799837
2536,2536,0.8136006088259895,0.0,0.8136006088259895
2537,2537,0.6280582155427664,0.0,0.6280582155427664
2538,2538,0.24921140693308363,1.0,0.24921140693308363
2539,2539,0.6040790220634505,1.0,0.6040790220634505
2540,2540,0.796596300681037,1.0,0.796596300681037
2541,2541,0.2152719898163068,0.0,0.2152719898163068
2542,2542,0.6992156428058071,1.0,0.6992156428058071
2543,2543,0.9496651416639308,1.0,0.9496651416639308
2544,2544,0.5764680584656315,1.0,0.5764680584656315
2545,2545,0.5805947925607517,1.0,0.5805947925607517
2546,2546,0.9362441983863187,1.0,0.9362441983863187
2547,2547,0.3172049200370002,0.0,0.3172049200370002
2548,2548,0.8695131530472172,1.0,0.8695131530472172
2549,2549,0.3451725710152951,0.0,0.3451725710152951
2550,2550,0.46018101730079,0.0,0.46018101730079
2551,2551,0.8123862607302565,1.0,0.8123862607302565
2552,2552,0.6589033946968855,1.0,0.6589033946968855
2553,2553,0.7246419083588709,1.0,0.7246419083588709
2554,2554,0.6533687512936625,1.0,0.6533687512936625
2555,2555,0.28904155729884573,1.0,0.28904155729884573
2556,2556,0.49658948598947916,1.0,0.49658948598947916
2557,2557,0.8583694526954678,1.0,0.8583694526954678
2558,2558,0.2795241870570858,0.0,0.2795241870570858
2559,2559,0.12953470731308692,0.0,0.12953470731308692
2560,2560,0.1591967901460365,0.0,0.1591967901460365
2561,2561,0.20559412762004525,0.0,0.20559412762004525
2562,2562,0.5655723924618403,1.0,0.5655723924618403
2563,2563,0.05616496928079706,0.0,0.05616496928079706
2564,2564,0.5818530583393505,0.0,0.5818530583393505
2565,2565,0.3367483004529165,0.0,0.3367483004529165
2566,2566,0.3597991087077541,0.0,0.3597991087077541
2567,2567,0.9020229066208549,1.0,0.9020229066208549
2568,2568,0.011635445797786859,0.0,0.011635445797786859
2569,2569,0.3708040209787745,0.0,0.3708040209787745
2570,2570,0.98735128081748,1.0,0.98735128081748
2571,2571,0.06266520638398732,0.0,0.06266520638398732
2572,2572,0.46460753957275647,0.0,0.46460753957275647
2573,2573,0.9085760624861978,0.0,0.9085760624861978
2574,2574,0.40279878737336117,0.0,0.40279878737336117
2575,2575,0.6125381695849778,0.0,0.6125381695849778
2576,2576,0.7011981042264318,0.0,0.7011981042264318
2577,2577,0.3978521935151249,1.0,0.3978521935151249
2578,2578,0.5204312607332626,0.0,0.5204312607332626
2579,2579,0.6312430320022627,1.0,0.6312430320022627
2580,2580,0.022417955044305438,0.0,0.022417955044305438
2581,2581,0.44775008275554384,1.0,0.44775008275554384
2582,2582,0.5383756815167258,1.0,0.5383756815167258
2583,2583,0.26926206311550527,0.0,0.26926206311550527
2584,2584,0.8224534577486191,1.0,0.8224534577486191
2585,2585,0.5021602657207812,1.0,0.5021602657207812
2586,2586,0.9921772821074736,1.0,0.9921772821074736
2587,2587,0.031583769590525,0.0,0.031583769590525
2588,2588,0.003764302265910069,0.0,0.003764302265910069
2589,2589,0.2213715613617896,0.0,0.2213715613617896
2590,2590,0.21852150431355,1.0,0.21852150431355
2591,2591,0.42921550212415505,1.0,0.42921550212415505
2592,2592,0.9104761243147136,1.0,0.9104761243147136
2593,2593,0.823370558098807,1.0,0.823370558098807
2594,2594,0.12542571534526026,0.0,0.12542571534526026
2595,2595,0.5595475501069302,1.0,0.5595475501069302
2596,2596,0.39106539298370846,0.0,0.39106539298370846
2597,2597,0.11688993894750155,0.0,0.11688993894750155
2598,2598,0.15225852118658567,0.0,0.15225852118658567
2599,2599,0.0903656881397914,0.0,0.0903656881397914
2600,2600,0.5874177634182536,0.0,0.5874177634182536
2601,2601,0.5014897832896921,1.0,0.5014897832896921
2602,2602,0.7479269002524643,1.0,0.7479269002524643
2603,2603,0.6570721211852811,1.0,0.6570721211852811
2604,2604,0.6878826402289256,1.0,0.6878826402289256
2605,2605,0.2099284048820902,0.0,0.2099284048820902
2606,2606,0.7695427177701077,1.0,0.7695427177701077
2607,2607,0.5665342712174961,0.0,0.5665342712174961
2608,2608,0.5872882393190474,1.0,0.5872882393190474
2609,2609,0.41525643797289924,1.0,0.41525643797289924
2610,2610,0.1574971168682313,1.0,0.1574971168682313
2611,2611,0.403260758152755,1.0,0.403260758152755
2612,2612,0.736327246896495,1.0,0.736327246896495
2613,2613,0.8012536746404995,1.0,0.8012536746404995
2614,2614,0.5258880430357763,1.0,0.5258880430357763
2615,2615,0.1646984476273593,0.0,0.1646984476273593
2616,2616,0.062084524425093046,0.0,0.062084524425093046
2617,2617,0.4011223649326674,1.0,0.4011223649326674
2618,2618,0.8807638698606672,1.0,0.8807638698606672
2619,2619,0.8684643323499037,1.0,0.8684643323499037
2620,2620,0.4510223653301334,1.0,0.4510223653301334
2621,2621,0.8824316721203905,1.0,0.8824316721203905
2622,2622,0.6437796544608115,1.0,0.6437796544608115
2623,2623,0.19534940252145594,1.0,0.19534940252145594
2624,2624,0.5558033907884834,0.0,0.5558033907884834
2625,2625,0.7971144502944614,1.0,0.7971144502944614
2626,2626,0.5047271317377645,0.0,0.5047271317377645
2627,2627,0.5078473353741314,1.0,0.5078473353741314
2628,2628,0.5116686075811288,1.0,0.5116686075811288
2629,2629,0.7807359732971032,1.0,0.7807359732971032
2630,2630,0.06512516906778398,0.0,0.06512516906778398
2631,2631,0.9552716561506427,1.0,0.9552716561506427
2632,2632,0.28382121745525246,0.0,0.28382121745525246
2633,2633,0.6321915863687355,1.0,0.6321915863687355
2634,2634,0.38395769193458296,1.0,0.38395769193458296
2635,2635,0.06410829162855758,0.0,0.06410829162855758
2636,2636,0.9286354381065863,1.0,0.9286354381065863
2637,2637,0.21748426432995083,1.0,0.21748426432995083
2638,2638,0.540042060823244,1.0,0.540042060823244
2639,2639,0.23281461983692675,0.0,0.23281461983692675
2640,2640,0.8525946257845944,1.0,0.8525946257845944
2641,2641,0.21685694587951576,0.0,0.21685694587951576
2642,2642,0.058146061923820436,1.0,0.058146061923820436
2643,2643,0.19553591978563778,0.0,0.19553591978563778
2644,2644,0.9528483656077593,1.0,0.9528483656077593
2645,2645,0.4300522624874077,0.0,0.4300522624874077
2646,2646,0.2713467284568669,0.0,0.2713467284568669
2647,2647,0.34050954026828717,0.0,0.34050954026828717
2648,2648,0.6184986075848488,1.0,0.6184986075848488
2649,2649,0.5013060159109997,0.0,0.5013060159109997
2650,2650,0.2919822691897517,0.0,0.2919822691897517
2651,2651,0.0912373212395261,0.0,0.0912373212395261
2652,2652,0.23559648485788576,0.0,0.23559648485788576
2653,2653,0.15108781803168636,0.0,0.15108781803168636
2654,2654,0.8453118880759827,1.0,0.8453118880759827
2655,2655,0.5946639285718626,1.0,0.5946639285718626
2656,2656,0.007199920886948541,0.0,0.007199920886948541
2657,2657,0.6094970526733905,0.0,0.6094970526733905
2658,2658,0.8501725056359176,1.0,0.8501725056359176
2659,2659,0.8742925433404415,1.0,0.8742925433404415
2660,2660,0.4032320399300515,0.0,0.4032320399300515
2661,2661,0.0667721433017856,0.0,0.0667721433017856
2662,2662,0.767559122373693,1.0,0.767559122373693
2663,2663,0.3497003514165885,0.0,0.3497003514165885
2664,2664,0.5611398797833831,1.0,0.5611398797833831
2665,2665,0.004085897518175008,0.0,0.004085897518175008
2666,2666,0.4193322868274124,0.0,0.4193322868274124
2667,2667,0.9183125853309357,0.0,0.9183125853309357
2668,2668,0.10876739142725245,0.0,0.10876739142725245
2669,2669,0.577240930169437,0.0,0.577240930169437
2670,2670,0.7945084440155029,1.0,0.7945084440155029
2671,2671,0.5394635695441663,0.0,0.5394635695441663
2672,2672,0.15600613389636708,0.0,0.15600613389636708
2673,2673,0.9027992829924639,1.0,0.9027992829924639
2674,2674,0.03035402095769424,0.0,0.03035402095769424
2675,2675,0.3156852472312299,0.0,0.3156852472312299
2676,2676,0.10758955685657645,0.0,0.10758955685657645
2677,2677,0.021293825843321512,0.0,0.021293825843321512
2678,2678,0.00010408313284793191,0.0,0.00010408313284793191
2679,2679,0.7239476895311953,1.0,0.7239476895311953
2680,2680,0.49683358172883685,0.0,0.49683358172883685
2681,2681,0.1873779219558689,1.0,0.1873779219558689
2682,2682,0.8243323742201897,1.0,0.8243323742201897
2683,2683,0.5701509649263466,0.0,0.5701509649263466
2684,2684,0.17283792565581457,1.0,0.17283792565581457
2685,2685,0.45174318571813155,1.0,0.45174318571813155
2686,2686,0.7048551361836403,1.0,0.7048551361836403
2687,2687,0.32343905733568823,0.0,0.32343905733568823
2688,2688,0.2613559835875332,1.0,0.2613559835875332
2689,2689,0.5635434175621996,0.0,0.5635434175621996
2690,2690,0.7188230192858761,1.0,0.7188230192858761
2691,2691,0.9534901287903995,1.0,0.9534901287903995
2692,2692,0.13626953343026704,0.0,0.13626953343026704
2693,2693,0.8643987317345552,1.0,0.8643987317345552
2694,2694,0.8328019355970983,1.0,0.8328019355970983
2695,2695,0.18244957850224308,0.0,0.18244957850224308
2696,2696,0.061295003207570975,0.0,0.061295003207570975
2697,2697,0.1627479496341876,0.0,0.1627479496341876
2698,2698,0.04430644510713344,0.0,0.04430644510713344
2699,2699,0.07967277325241262,0.0,0.07967277325241262
2700,2700,0.4974286328207216,1.0,0.4974286328207216
2701,2701,0.02405676888454711,0.0,0.02405676888454711
2702,2702,0.4293632650806968,0.0,0.4293632650806968
2703,2703,0.19416234354392425,1.0,0.19416234354392425
2704,2704,0.6941659488247683,1.0,0.6941659488247683
2705,2705,0.18050980068045064,1.0,0.18050980068045064
2706,2706,0.42408918376605576,1.0,0.42408918376605576
2707,2707,0.4418043535475482,1.0,0.4418043535475482
2708,2708,0.2201370475741592,0.0,0.2201370475741592
2709,2709,0.6591942342449741,1.0,0.6591942342449741
2710,2710,0.25639858889442846,0.0,0.25639858889442846
2711,2711,0.3856917088222771,0.0,0.3856917088222771
2712,2712,0.3436355060543538,1.0,0.3436355060543538
2713,2713,0.7187566213986141,1.0,0.7187566213986141
2714,2714,0.6083044360343632,1.0,0.6083044360343632
2715,2715,0.9636896742600545,1.0,0.9636896742600545
2716,2716,0.9616536186789768,1.0,0.9616536186789768
2717,2717,0.41053641602649416,0.0,0.41053641602649416
2718,2718,0.8966511150675657,1.0,0.8966511150675657
2719,2719,0.3797791710891988,0.0,0.3797791710891988
2720,2720,0.38781096254871483,1.0,0.38781096254871483
2721,2721,0.39451472800388354,0.0,0.39451472800388354
2722,2722,0.8557244953176862,1.0,0.8557244953176862
2723,2723,0.8568279063092229,0.0,0.8568279063092229
2724,2724,0.5124003064608489,0.0,0.5124003064608489
2725,2725,0.46114450073823476,1.0,0.46114450073823476
2726,2726,0.5550998256501817,0.0,0.5550998256501817
2727,2727,0.7892671585796929,1.0,0.7892671585796929
2728,2728,0.9144448076861061,1.0,0.9144448076861061
2729,2729,0.8226279651083295,1.0,0.8226279651083295
2730,2730,0.3532182046778194,0.0,0.3532182046778194
2731,2731,0.9938068322672212,1.0,0.9938068322672212
2732,2732,0.8811052297601308,0.0,0.8811052297601308
2733,2733,0.038723349075471036,0.0,0.038723349075471036
2734,2734,0.9849858963303674,1.0,0.9849858963303674
2735,2735,0.07096696161723637,0.0,0.07096696161723637
2736,2736,0.882985665025522,1.0,0.882985665025522
2737,2737,0.8784194650888855,1.0,0.8784194650888855
2738,2738,0.8634418689703334,1.0,0.8634418689703334
2739,2739,0.7258957344893036,1.0,0.7258957344893036
2740,2740,0.05399792605737053,0.0,0.05399792605737053
2741,2741,0.5184701438505012,1.0,0.5184701438505012
2742,2742,0.2531611394706438,0.0,0.2531611394706438
2743,2743,0.3802441150107727,0.0,0.3802441150107727
2744,2744,0.3312662164769614,1.0,0.3312662164769614
2745,2745,0.7760060419199435,1.0,0.7760060419199435
2746,2746,0.8438321250487478,1.0,0.8438321250487478
2747,2747,0.2603195624154212,0.0,0.2603195624154212
2748,2748,0.9814932109015913,1.0,0.9814932109015913
2749,2749,0.8932505719927428,1.0,0.8932505719927428
2750,2750,0.7646346195797522,1.0,0.7646346195797522
2751,2751,0.4052673671526934,1.0,0.4052673671526934
2752,2752,0.0801034966089107,0.0,0.0801034966089107
2753,2753,0.6882277113035115,1.0,0.6882277113035115
2754,2754,0.8250432858330483,0.0,0.8250432858330483
2755,2755,0.5037496618047937,0.0,0.5037496618047937
2756,2756,0.28669741179947417,1.0,0.28669741179947417
2757,2757,0.23422491221712527,0.0,0.23422491221712527
2758,2758,0.5271428044943404,1.0,0.5271428044943404
2759,2759,0.1907801080081709,0.0,0.1907801080081709
2760,2760,0.6351766510652073,1.0,0.6351766510652073
2761,2761,0.7205701233028189,1.0,0.7205701233028189
2762,2762,0.8886793576810766,1.0,0.8886793576810766
2763,2763,0.30696560477923096,0.0,0.30696560477923096
2764,2764,0.8876774121506316,1.0,0.8876774121506316
2765,2765,0.8144238152548362,1.0,0.8144238152548362
2766,2766,0.30996598507147977,0.0,0.30996598507147977
2767,2767,0.8568385779385406,1.0,0.8568385779385406
2768,2768,0.8368495708577227,1.0,0.8368495708577227
2769,2769,0.603040678292648,0.0,0.603040678292648
2770,2770,0.9633508661639384,1.0,0.9633508661639384
2771,2771,0.6802893735515679,1.0,0.6802893735515679
2772,2772,0.12723734824240984,0.0,0.12723734824240984
2773,2773,0.4179531413477885,1.0,0.4179531413477885
2774,2774,0.9947898487500253,1.0,0.9947898487500253
2775,2775,0.7362061700398734,1.0,0.7362061700398734
2776,2776,0.44131590492844386,1.0,0.44131590492844386
2777,2777,0.6447087959404396,0.0,0.6447087959404396
2778,2778,0.315787480820117,0.0,0.315787480820117
2779,2779,0.6652135336595222,1.0,0.6652135336595222
2780,2780,0.8801215812690589,0.0,0.8801215812690589
2781,2781,0.10760794476050173,0.0,0.10760794476050173
2782,2782,0.3931829435687211,0.0,0.3931829435687211
2783,2783,0.806954944784193,0.0,0.806954944784193
2784,2784,0.3335437937208454,0.0,0.3335437937208454
2785,2785,0.020766648569840007,0.0,0.020766648569840007
2786,2786,0.7168434092056236,1.0,0.7168434092056236
2787,2787,0.06202225969701303,0.0,0.06202225969701303
2788,2788,0.09828051309692232,0.0,0.09828051309692232
2789,2789,0.23212267287571464,1.0,0.23212267287571464
2790,2790,0.9342828084711148,1.0,0.9342828084711148
2791,2791,0.501634272053465,1.0,0.501634272053465
2792,2792,0.23166639691855884,0.0,0.23166639691855884
2793,2793,0.5007255517672636,1.0,0.5007255517672636
2794,2794,0.18889730904426527,0.0,0.18889730904426527
2795,2795,0.06302611845473993,0.0,0.06302611845473993
2796,2796,0.6521996507360008,1.0,0.6521996507360008
2797,2797,0.5639914093366478,0.0,0.5639914093366478
2798,2798,0.30390159430612107,0.0,0.30390159430612107
2799,2799,0.8103297961868783,1.0,0.8103297961868783
2800,2800,0.3049165879371618,0.0,0.3049165879371618
2801,2801,0.3649208370849697,1.0,0.3649208370849697
2802,2802,0.8148667978949168,1.0,0.8148667978949168
2803,2803,0.06585207383800795,0.0,0.06585207383800795
2804,2804,0.32910401099837194,0.0,0.32910401099837194
2805,2805,0.07690677944019508,0.0,0.07690677944019508
2806,2806,0.7353015674492118,1.0,0.7353015674492118
2807,2807,0.9529659354690073,1.0,0.9529659354690073
2808,2808,0.7647784508271955,1.0,0.7647784508271955
2809,2809,0.6805030204496202,0.0,0.6805030204496202
2810,2810,0.39776513895157295,1.0,0.39776513895157295
2811,2811,0.6136327679850837,0.0,0.6136327679850837
2812,2812,0.7157462172737983,0.0,0.7157462172737983
2813,2813,0.9750241111457407,1.0,0.9750241111457407
2814,2814,0.7844059015653124,1.0,0.7844059015653124
2815,2815,0.8129843519912705,1.0,0.8129843519912705
2816,2816,0.5306895340170568,1.0,0.5306895340170568
2817,2817,0.8836318955239312,1.0,0.8836318955239312
2818,2818,0.9339777254483032,1.0,0.9339777254483032
2819,2819,0.8671786273582907,1.0,0.8671786273582907
2820,2820,0.15946736327612998,0.0,0.15946736327612998
2821,2821,0.4610477998407929,0.0,0.4610477998407929
2822,2822,0.983485847551223,1.0,0.983485847551223
2823,2823,0.7097555412585458,0.0,0.7097555412585458
2824,2824,0.7473110046527437,1.0,0.7473110046527437
2825,2825,0.16185777637602872,0.0,0.16185777637602872
2826,2826,0.4868474107622761,0.0,0.4868474107622761
2827,2827,0.9849783298122599,1.0,0.9849783298122599
2828,2828,0.8522029595966752,0.0,0.8522029595966752
2829,2829,0.8419934323195357,1.0,0.8419934323195357
2830,2830,0.17227380219465716,1.0,0.17227380219465716
2831,2831,0.5381811649446356,1.0,0.5381811649446356
2832,2832,0.6683370943849027,1.0,0.6683370943849027
2833,2833,0.5783511096494572,0.0,0.5783511096494572
2834,2834,0.9594604071447532,1.0,0.9594604071447532
2835,2835,0.99807741707011,1.0,0.99807741707011
2836,2836,0.29343676627495574,0.0,0.29343676627495574
2837,2837,0.8356455772008863,1.0,0.8356455772008863
2838,2838,0.17319348876646234,0.0,0.17319348876646234
2839,2839,0.9307484322057273,1.0,0.9307484322057273
2840,2840,0.08914619842785232,0.0,0.08914619842785232
2841,2841,0.9717259614323717,1.0,0.9717259614323717
2842,2842,0.44353575200939277,0.0,0.44353575200939277
2843,2843,0.4028066038498699,1.0,0.4028066038498699
2844,2844,0.9646643760950222,1.0,0.9646643760950222
2845,2845,0.37860656801839243,0.0,0.37860656801839243
2846,2846,0.8129333841821015,1.0,0.8129333841821015
2847,2847,0.7242900962102683,1.0,0.7242900962102683
2848,2848,0.09489698845383865,0.0,0.09489698845383865
2849,2849,0.6375870102983336,0.0,0.6375870102983336
2850,2850,0.38351039855808833,1.0,0.38351039855808833
2851,2851,0.13479317408682534,0.0,0.13479317408682534
2852,2852,0.9640360786084495,1.0,0.9640360786084495
2853,2853,0.9317015753910398,1.0,0.9317015753910398
2854,2854,0.7946140750296313,1.0,0.7946140750296313
2855,2855,0.8581562337737847,1.0,0.8581562337737847
2856,2856,0.7038272076712164,1.0,0.7038272076712164
2857,2857,0.5077078362068221,0.0,0.5077078362068221
2858,2858,0.7627803278871705,1.0,0.7627803278871705
2859,2859,0.014796826487414316,0.0,0.014796826487414316
2860,2860,0.26869605405461916,0.0,0.26869605405461916
2861,2861,0.5443168093737744,0.0,0.5443168093737744
2862,2862,0.782634090804717,1.0,0.782634090804717
2863,2863,0.241099814969577,1.0,0.241099814969577
2864,2864,0.44512811873117897,0.0,0.44512811873117897
2865,2865,0.9461871327048971,1.0,0.9461871327048971
2866,2866,0.3184714120505642,0.0,0.3184714120505642
2867,2867,0.8067404219952778,1.0,0.8067404219952778
2868,2868,0.8205650299686333,1.0,0.8205650299686333
2869,2869,0.8675666527851047,1.0,0.8675666527851047
2870,2870,0.20163683817794842,0.0,0.20163683817794842
2871,2871,0.9864812577334905,1.0,0.9864812577334905
2872,2872,0.09692229525230811,0.0,0.09692229525230811
2873,2873,0.827322588589107,1.0,0.827322588589107
2874,2874,0.7899332209204147,1.0,0.7899332209204147
2875,2875,0.5996045473068808,1.0,0.5996045473068808
2876,2876,0.25969429716412173,1.0,0.25969429716412173
2877,2877,0.21053216361537808,0.0,0.21053216361537808
2878,2878,0.2392160887886,0.0,0.2392160887886
2879,2879,0.22524512063178193,0.0,0.22524512063178193
2880,2880,0.24088808711996412,0.0,0.24088808711996412
2881,2881,0.14235071595958515,0.0,0.14235071595958515
2882,2882,0.83442247575895,1.0,0.83442247575895
2883,2883,0.779808482933583,1.0,0.779808482933583
2884,2884,0.22655501121138755,0.0,0.22655501121138755
2885,2885,0.5268393817394673,1.0,0.5268393817394673
2886,2886,0.05808877070867213,0.0,0.05808877070867213
2887,2887,0.16994957800772215,0.0,0.16994957800772215
2888,2888,0.01673456521727479,0.0,0.01673456521727479
2889,2889,0.23669111929242037,0.0,0.23669111929242037
2890,2890,0.20680491954580849,0.0,0.20680491954580849
2891,2891,0.17336967054634278,0.0,0.17336967054634278
2892,2892,0.119564752544155,0.0,0.119564752544155
2893,2893,0.2435646273123213,0.0,0.2435646273123213
2894,2894,0.01571586784907264,0.0,0.01571586784907264
2895,2895,0.780195493518908,1.0,0.780195493518908
2896,2896,0.00974519141570196,0.0,0.00974519141570196
2897,2897,0.5540877820029433,1.0,0.5540877820029433
2898,2898,0.9243754085619305,1.0,0.9243754085619305
2899,2899,0.449864685666825,0.0,0.449864685666825
2900,2900,0.761599158618272,1.0,0.761599158618272
2901,2901,0.8507906487008097,1.0,0.8507906487008097
2902,2902,0.7313507366804216,1.0,0.7313507366804216
2903,2903,0.9222501208132573,0.0,0.9222501208132573
2904,2904,0.8625655558450519,1.0,0.8625655558450519
2905,2905,0.5245820893628556,0.0,0.5245820893628556
2906,2906,0.8050026422649417,1.0,0.8050026422649417
2907,2907,0.5476527171631675,1.0,0.5476527171631675
2908,2908,0.3644216480057132,0.0,0.3644216480057132
2909,2909,0.779822291200474,1.0,0.779822291200474
2910,2910,0.17804148140692488,0.0,0.17804148140692488
2911,2911,0.28340293276322803,0.0,0.28340293276322803
2912,2912,0.46154007617721693,1.0,0.46154007617721693
2913,2913,0.401936915743335,0.0,0.401936915743335
2914,2914,0.7052097136696495,1.0,0.7052097136696495
2915,2915,0.7053829540225602,1.0,0.7053829540225602
2916,2916,0.7915337815027358,0.0,0.7915337815027358
2917,2917,0.29920271667875653,0.0,0.29920271667875653
2918,2918,0.3409716454265519,0.0,0.3409716454265519
2919,2919,0.7637524876112323,1.0,0.7637524876112323
2920,2920,0.4691563604356568,1.0,0.4691563604356568
2921,2921,0.603200403663286,0.0,0.603200403663286
2922,2922,0.20277832053645617,1.0,0.20277832053645617
2923,2923,0.054465562942601964,0.0,0.054465562942601964
2924,2924,0.22168822910278796,0.0,0.22168822910278796
2925,2925,0.8420252159835283,1.0,0.8420252159835283
2926,2926,0.3460791941851423,0.0,0.3460791941851423
2927,2927,0.8094135314456559,1.0,0.8094135314456559
2928,2928,0.451476187460917,0.0,0.451476187460917
2929,2929,0.9755748277565425,1.0,0.9755748277565425
2930,2930,0.7849458537097156,0.0,0.7849458537097156
2931,2931,0.1879744296371344,0.0,0.1879744296371344
2932,2932,0.41048150514514326,0.0,0.41048150514514326
2933,2933,0.9214385297298135,1.0,0.9214385297298135
2934,2934,0.5545413382204336,1.0,0.5545413382204336
2935,2935,0.45990134338853383,1.0,0.45990134338853383
2936,2936,0.2296137721399547,0.0,0.2296137721399547
2937,2937,0.7742661777875839,0.0,0.7742661777875839
2938,2938,0.8940692191986499,1.0,0.8940692191986499
2939,2939,0.3939470956702873,1.0,0.3939470956702873
2940,2940,0.12707112810202448,0.0,0.12707112810202448
2941,2941,0.4729054906518557,1.0,0.4729054906518557
2942,2942,0.9676295516937199,1.0,0.9676295516937199
2943,2943,0.39138922397082876,1.0,0.39138922397082876
2944,2944,0.9266367646553447,0.0,0.9266367646553447
2945,2945,0.5895081883656612,1.0,0.5895081883656612
2946,2946,0.2158779358621844,0.0,0.2158779358621844
2947,2947,0.9565362645944739,1.0,0.9565362645944739
2948,2948,0.9008334015466137,1.0,0.9008334015466137
2949,2949,0.24350478010027765,1.0,0.24350478010027765
2950,2950,0.5621388868228788,1.0,0.5621388868228788
2951,2951,0.08670864630255326,0.0,0.08670864630255326
2952,2952,0.42314548745693703,0.0,0.42314548745693703
2953,2953,0.03234516884757743,0.0,0.03234516884757743
2954,2954,0.7835200589595692,1.0,0.7835200589595692
2955,2955,0.5397306148513759,1.0,0.5397306148513759
2956,2956,0.5285055989415893,0.0,0.5285055989415893
2957,2957,0.17517437100397204,0.0,0.17517437100397204
2958,2958,0.11286394938917055,0.0,0.11286394938917055
2959,2959,0.3931485217246894,1.0,0.3931485217246894
2960,2960,0.7495271863056545,1.0,0.7495271863056545
2961,2961,0.13199648643783768,1.0,0.13199648643783768
2962,2962,0.28032183665690413,0.0,0.28032183665690413
2963,2963,0.12865884132804306,0.0,0.12865884132804306
2964,2964,0.21051106283027798,0.0,0.21051106283027798
2965,2965,0.014260442113560035,0.0,0.014260442113560035
2966,2966,0.0924005932217411,0.0,0.0924005932217411
2967,2967,0.30628990750745344,1.0,0.30628990750745344
2968,2968,0.9131794130255708,1.0,0.9131794130255708
2969,2969,0.4742494238982138,1.0,0.4742494238982138
2970,2970,0.0033568696957033684,0.0,0.0033568696957033684
2971,2971,0.6029617134572778,0.0,0.6029617134572778
2972,2972,0.9337683979209962,1.0,0.9337683979209962
2973,2973,0.16877317884493948,0.0,0.16877317884493948
2974,2974,0.7924055703081765,1.0,0.7924055703081765
2975,2975,0.17524222963006242,0.0,0.17524222963006242
2976,2976,0.23445350666286902,1.0,0.23445350666286902
2977,2977,0.3241700175425225,0.0,0.3241700175425225
2978,2978,0.7673246709028969,0.0,0.7673246709028969
2979,2979,0.10487124387519398,0.0,0.10487124387519398
2980,2980,0.4087271479850788,1.0,0.4087271479850788
2981,2981,0.4509614329496834,1.0,0.4509614329496834
2982,2982,0.8870700876499389,1.0,0.8870700876499389
2983,2983,0.28435216287088794,0.0,0.28435216287088794
2984,2984,0.5876578645928566,0.0,0.5876578645928566
2985,2985,0.9961583733764555,1.0,0.9961583733764555
2986,2986,0.8302899659449556,1.0,0.8302899659449556
2987,2987,0.8612992908664133,1.0,0.8612992908664133
2988,2988,0.6204178389293417,1.0,0.6204178389293417
2989,2989,0.5660248962154747,0.0,0.5660248962154747
2990,2990,0.68620451942076,1.0,0.68620451942076
2991,2991,0.3136289381689744,0.0,0.3136289381689744
2992,2992,0.08438348296543374,0.0,0.08438348296543374
2993,2993,0.43918588515837176,1.0,0.43918588515837176
2994,2994,0.040078680912841835,0.0,0.040078680912841835
2995,2995,0.65729468167899,1.0,0.65729468167899
2996,2996,0.6298209867756285,0.0,0.6298209867756285
2997,2997,0.8994456118782648,1.0,0.8994456118782648
2998,2998,0.3221470143118109,1.0,0.3221470143118109
2999,2999,0.4384593984259191,1.0,0.4384593984259191
3000,3000,0.6231861661680523,0.0,0.6231861661680523
3001,3001,0.35200557914604624,0.0,0.35200557914604624
3002,3002,0.9724241393457312,1.0,0.9724241393457312
3003,3003,0.268567303242882,0.0,0.268567303242882
3004,3004,0.19383089969832323,1.0,0.19383089969832323
3005,3005,0.11002101781878393,0.0,0.11002101781878393
3006,3006,0.8550298622938471,1.0,0.8550298622938471
3007,3007,0.1935945860341577,0.0,0.1935945860341577
3008,3008,0.21048523926369667,0.0,0.21048523926369667
3009,3009,0.2652530366292296,0.0,0.2652530366292296
3010,3010,0.3462706262432076,0.0,0.3462706262432076
3011,3011,0.4393142912278194,0.0,0.4393142912278194
3012,3012,0.18943253485347566,0.0,0.18943253485347566
3013,3013,0.9572405840096856,1.0,0.9572405840096856
3014,3014,0.9026677087780478,1.0,0.9026677087780478
3015,3015,0.7975275925229347,1.0,0.7975275925229347
3016,3016,0.5381922423527716,1.0,0.5381922423527716
3017,3017,0.6232332568837948,1.0,0.6232332568837948
3018,3018,0.007176841714669702,0.0,0.007176841714669702
3019,3019,0.8610967144232375,1.0,0.8610967144232375
3020,3020,0.34589297444730016,1.0,0.34589297444730016
3021,3021,0.8800480501157668,1.0,0.8800480501157668
3022,3022,0.6781184163285177,1.0,0.6781184163285177
3023,3023,0.023356269178054334,0.0,0.023356269178054334
3024,3024,0.5053704845235043,0.0,0.5053704845235043
3025,3025,0.1897192037316653,0.0,0.1897192037316653
3026,3026,0.060136006138216236,0.0,0.060136006138216236
3027,3027,0.864575724798147,1.0,0.864575724798147
3028,3028,0.4339385409300873,1.0,0.4339385409300873
3029,3029,0.5853421193402727,0.0,0.5853421193402727
3030,3030,0.6483163347911884,1.0,0.6483163347911884
3031,3031,0.5489837358929869,1.0,0.5489837358929869
3032,3032,0.07704930277269373,1.0,0.07704930277269373
3033,3033,0.23499361442148048,0.0,0.23499361442148048
3034,3034,0.3096595683788945,0.0,0.3096595683788945
3035,3035,0.3079650162557296,1.0,0.3079650162557296
3036,3036,0.1483492768602669,0.0,0.1483492768602669
3037,3037,0.9196433410485549,1.0,0.9196433410485549
3038,3038,0.5326299084397736,0.0,0.5326299084397736
3039,3039,0.9790610895843176,1.0,0.9790610895843176
3040,3040,0.4296140897832552,0.0,0.4296140897832552
3041,3041,0.12694523249876966,0.0,0.12694523249876966
3042,3042,0.2900288592704586,0.0,0.2900288592704586
3043,3043,0.9787312130688349,1.0,0.9787312130688349
3044,3044,0.22200379449438923,0.0,0.22200379449438923
3045,3045,0.7751324088621959,1.0,0.7751324088621959
3046,3046,0.8497422732844712,1.0,0.8497422732844712
3047,3047,0.7603651615716027,1.0,0.7603651615716027
3048,3048,0.5468376868127585,0.0,0.5468376868127585
3049,3049,0.9349534554006745,1.0,0.9349534554006745
3050,3050,0.45182760243877684,0.0,0.45182760243877684
3051,3051,0.4803595045211335,1.0,0.4803595045211335
3052,3052,0.9194802885037071,1.0,0.9194802885037071
3053,3053,0.6458823202363914,1.0,0.6458823202363914
3054,3054,0.7643870513728951,1.0,0.7643870513728951
3055,3055,0.5399254266283844,0.0,0.5399254266283844
3056,3056,0.6236693018432509,0.0,0.6236693018432509
3057,3057,0.47044813885194736,0.0,0.47044813885194736
3058,3058,0.9350605737603614,1.0,0.9350605737603614
3059,3059,0.3737782921091468,0.0,0.3737782921091468
3060,3060,0.5689429675231036,1.0,0.5689429675231036
3061,3061,0.2738668758552819,0.0,0.2738668758552819
3062,3062,0.15195785126624417,0.0,0.15195785126624417
3063,3063,0.207414802632362,0.0,0.207414802632362
3064,3064,0.9265620729132307,1.0,0.9265620729132307
3065,3065,0.5121983138077096,1.0,0.5121983138077096
3066,3066,0.33782524216768206,0.0,0.33782524216768206
3067,3067,0.6754101671940778,0.0,0.6754101671940778
3068,3068,0.5492366486068305,0.0,0.5492366486068305
3069,3069,0.6151777465886891,1.0,0.6151777465886891
3070,3070,0.41957005380696,1.0,0.41957005380696
3071,3071,0.955570075315652,1.0,0.955570075315652
3072,3072,0.9595441679965201,1.0,0.9595441679965201
3073,3073,0.9172138688107951,1.0,0.9172138688107951
3074,3074,0.30182782788401485,1.0,0.30182782788401485
3075,3075,0.15001637233595855,0.0,0.15001637233595855
3076,3076,0.20839174960025764,1.0,0.20839174960025764
3077,3077,0.7994923208521304,1.0,0.7994923208521304
3078,3078,0.65449981184203,1.0,0.65449981184203
3079,3079,0.4461368491830259,0.0,0.4461368491830259
3080,3080,0.18957467467810818,0.0,0.18957467467810818
3081,3081,0.003940803030935802,0.0,0.003940803030935802
3082,3082,0.9094843612282585,0.0,0.9094843612282585
3083,3083,0.5506772928040432,1.0,0.5506772928040432
3084,3084,0.7534489109560647,1.0,0.7534489109560647
3085,3085,0.2739586957051465,0.0,0.2739586957051465
3086,3086,0.09683113768224194,0.0,0.09683113768224194
3087,3087,0.12077297104028184,0.0,0.12077297104028184
3088,3088,0.2774789824238446,0.0,0.2774789824238446
3089,3089,0.34217086440469724,0.0,0.34217086440469724
3090,3090,0.44329553087562135,1.0,0.44329553087562135
3091,3091,0.19828963708154046,0.0,0.19828963708154046
3092,3092,0.8798080614014893,1.0,0.8798080614014893
3093,3093,0.011640277864545356,0.0,0.011640277864545356
3094,3094,0.18901211358765013,1.0,0.18901211358765013
3095,3095,0.3740894253998015,0.0,0.3740894253998015
3096,3096,0.35753483648076856,1.0,0.35753483648076856
3097,3097,0.3575634590165495,0.0,0.3575634590165495
3098,3098,0.05715366127329202,0.0,0.05715366127329202
3099,3099,0.3088386409120497,0.0,0.3088386409120497
3100,3100,0.8811784205985886,1.0,0.8811784205985886
3101,3101,0.21875802729492666,0.0,0.21875802729492666
3102,3102,0.3437829337036268,0.0,0.3437829337036268
3103,3103,0.1560566878546853,0.0,0.1560566878546853
3104,3104,0.0935990821127699,1.0,0.0935990821127699
3105,3105,0.023979449392064867,0.0,0.023979449392064867
3106,3106,0.5930338367513741,1.0,0.5930338367513741
3107,3107,0.5826191594692169,1.0,0.5826191594692169
3108,3108,0.9972046526016324,1.0,0.9972046526016324
3109,3109,0.374289110420046,0.0,0.374289110420046
3110,3110,0.4218684407943769,0.0,0.4218684407943769
3111,3111,0.32021580680453154,0.0,0.32021580680453154
3112,3112,0.620161914827421,1.0,0.620161914827421
3113,3113,0.15471967419450638,0.0,0.15471967419450638
3114,3114,0.2215732386780196,0.0,0.2215732386780196
3115,3115,0.8378057068632762,1.0,0.8378057068632762
3116,3116,0.008177805356598067,0.0,0.008177805356598067
3117,3117,0.9232741145971203,1.0,0.9232741145971203
3118,3118,0.2227220815925427,1.0,0.2227220815925427
3119,3119,0.1984990340798498,1.0,0.1984990340798498
3120,3120,0.7483220733572585,1.0,0.7483220733572585
3121,3121,0.9912146941339792,1.0,0.9912146941339792
3122,3122,0.037508862434209256,0.0,0.037508862434209256
3123,3123,0.4448939640861648,1.0,0.4448939640861648
3124,3124,0.8611935088138115,1.0,0.8611935088138115
3125,3125,0.6489659747809895,0.0,0.6489659747809895
3126,3126,0.7889189799899765,1.0,0.7889189799899765
3127,3127,0.8942689601719379,1.0,0.8942689601719379
3128,3128,0.5369260345000544,0.0,0.5369260345000544
3129,3129,0.0904924669379662,0.0,0.0904924669379662
3130,3130,0.16816390197648257,0.0,0.16816390197648257
3131,3131,0.7813651493115121,1.0,0.7813651493115121
3132,3132,0.5201093288981901,0.0,0.5201093288981901
3133,3133,0.4418921318068263,0.0,0.4418921318068263
3134,3134,0.11578634781413755,0.0,0.11578634781413755
3135,3135,0.6515035354702625,1.0,0.6515035354702625
3136,3136,0.12947432857700958,0.0,0.12947432857700958
3137,3137,0.02349597786798996,0.0,0.02349597786798996
3138,3138,0.2641321333840867,0.0,0.2641321333840867
3139,3139,0.7040743157545142,1.0,0.7040743157545142
3140,3140,0.13254472279816598,1.0,0.13254472279816598
3141,3141,0.012365435830208882,0.0,0.012365435830208882
3142,3142,0.25159338548062393,1.0,0.25159338548062393
3143,3143,0.7249898925105521,1.0,0.7249898925105521
3144,3144,0.7936604585679122,1.0,0.7936604585679122
3145,3145,0.47899502520956594,1.0,0.47899502520956594
3146,3146,0.7948803407230494,1.0,0.7948803407230494
3147,3147,0.4599914187591766,1.0,0.4599914187591766
3148,3148,0.07776691405539982,0.0,0.07776691405539982
3149,3149,0.8977249978144096,0.0,0.8977249978144096
3150,3150,0.3042408020373957,0.0,0.3042408020373957
3151,3151,0.9080679801340278,1.0,0.9080679801340278
3152,3152,0.9415395791978165,1.0,0.9415395791978165
3153,3153,0.9383950696599107,1.0,0.9383950696599107
3154,3154,0.610014413567941,0.0,0.610014413567941
3155,3155,0.5617555098502024,0.0,0.5617555098502024
3156,3156,0.7213249488710612,0.0,0.7213249488710612
3157,3157,0.03892177503715588,0.0,0.03892177503715588
3158,3158,0.7563214549933359,1.0,0.7563214549933359
3159,3159,0.41741618442937656,1.0,0.41741618442937656
3160,3160,0.7590916014538793,1.0,0.7590916014538793
3161,3161,0.36858305874938047,0.0,0.36858305874938047
3162,3162,0.19941287575088218,0.0,0.19941287575088218
3163,3163,0.9277031318152165,1.0,0.9277031318152165
3164,3164,0.8607529925828924,1.0,0.8607529925828924
3165,3165,0.2711829198080111,0.0,0.2711829198080111
3166,3166,0.7397756883706277,1.0,0.7397756883706277
3167,3167,0.5862328557815858,0.0,0.5862328557815858
3168,3168,0.6225211651795831,0.0,0.6225211651795831
3169,3169,0.019957738920365564,0.0,0.019957738920365564
3170,3170,0.37227569424564233,1.0,0.37227569424564233
3171,3171,0.5850793602283295,1.0,0.5850793602283295
3172,3172,0.24884393465783006,0.0,0.24884393465783006
3173,3173,0.23258298423338475,1.0,0.23258298423338475
3174,3174,0.5513082239135698,0.0,0.5513082239135698
3175,3175,0.9061978041425881,1.0,0.9061978041425881
3176,3176,0.2634690623598994,0.0,0.2634690623598994
3177,3177,0.8892180145635873,1.0,0.8892180145635873
3178,3178,0.9360942972546731,1.0,0.9360942972546731
3179,3179,0.12066824594906322,0.0,0.12066824594906322
3180,3180,0.8830216115332369,1.0,0.8830216115332369
3181,3181,0.0904082412844266,1.0,0.0904082412844266
3182,3182,0.471271498989825,1.0,0.471271498989825
3183,3183,0.12943940494038775,0.0,0.12943940494038775
3184,3184,0.9386210702217351,1.0,0.9386210702217351
3185,3185,0.26496409194194337,0.0,0.26496409194194337
3186,3186,0.600389334050808,1.0,0.600389334050808
3187,3187,0.8142008106440716,1.0,0.8142008106440716
3188,3188,0.5129639135585236,0.0,0.5129639135585236
3189,3189,0.9251865597128469,1.0,0.9251865597128469
3190,3190,0.23130757989616324,0.0,0.23130757989616324
3191,3191,0.5887541850598543,1.0,0.5887541850598543
3192,3192,0.20430408485288032,0.0,0.20430408485288032
3193,3193,0.8293299097910154,1.0,0.8293299097910154
3194,3194,0.10869755354435928,1.0,0.10869755354435928
3195,3195,0.6958017875963252,1.0,0.6958017875963252
3196,3196,0.3806264241356715,0.0,0.3806264241356715
3197,3197,0.8215097514724341,1.0,0.8215097514724341
3198,3198,0.6875293969144004,1.0,0.6875293969144004
3199,3199,0.14275921659267177,0.0,0.14275921659267177
3200,3200,0.11774610830693599,0.0,0.11774610830693599
3201,3201,0.09160546650544799,0.0,0.09160546650544799
3202,3202,0.09847537601175727,0.0,0.09847537601175727
3203,3203,0.5129121661327806,1.0,0.5129121661327806
3204,3204,0.1864522275365984,0.0,0.1864522275365984
3205,3205,0.3143225296592551,0.0,0.3143225296592551
3206,3206,0.7552461165406341,1.0,0.7552461165406341
3207,3207,0.601727868791468,0.0,0.601727868791468
3208,3208,0.47797576189902236,1.0,0.47797576189902236
3209,3209,0.7786369071291629,1.0,0.7786369071291629
3210,3210,0.314665538235373,1.0,0.314665538235373
3211,3211,0.5343389574348671,0.0,0.5343389574348671
3212,3212,0.0433779934852756,0.0,0.0433779934852756
3213,3213,0.628264930227872,1.0,0.628264930227872
3214,3214,0.32565804065932547,1.0,0.32565804065932547
3215,3215,0.24586282092352219,1.0,0.24586282092352219
3216,3216,0.71081063396504,1.0,0.71081063396504
3217,3217,0.2469528177446484,0.0,0.2469528177446484
3218,3218,0.6067072033247288,0.0,0.6067072033247288
3219,3219,0.7279674021207904,0.0,0.7279674021207904
3220,3220,0.9564622066636658,1.0,0.9564622066636658
3221,3221,0.7062497297891758,0.0,0.7062497297891758
3222,3222,0.06282043489472144,0.0,0.06282043489472144
3223,3223,0.5071542034586624,1.0,0.5071542034586624
3224,3224,0.5747097416398166,0.0,0.5747097416398166
3225,3225,0.8770390603357923,1.0,0.8770390603357923
3226,3226,0.5666945174039301,0.0,0.5666945174039301
3227,3227,0.09402844271397959,0.0,0.09402844271397959
3228,3228,0.25845765320916914,0.0,0.25845765320916914
3229,3229,0.6719856366443422,1.0,0.6719856366443422
3230,3230,0.40274099454560663,1.0,0.40274099454560663
3231,3231,0.15900499647589594,0.0,0.15900499647589594
3232,3232,0.33520416049697965,1.0,0.33520416049697965
3233,3233,0.3843367892395876,0.0,0.3843367892395876
3234,3234,0.4683848283460569,0.0,0.4683848283460569
3235,3235,0.12052975670645028,0.0,0.12052975670645028
3236,3236,0.21442838067217573,0.0,0.21442838067217573
3237,3237,0.05339270296921905,0.0,0.05339270296921905
3238,3238,0.9601550922017349,1.0,0.9601550922017349
3239,3239,0.8559621054569267,1.0,0.8559621054569267
3240,3240,0.5173415351672085,0.0,0.5173415351672085
3241,3241,0.08450439188300718,1.0,0.08450439188300718
3242,3242,0.25202274201048036,0.0,0.25202274201048036
3243,3243,0.6110575736536624,1.0,0.6110575736536624
3244,3244,0.8616396698150016,1.0,0.8616396698150016
3245,3245,0.3868307840159114,0.0,0.3868307840159114
3246,3246,0.9992743359216444,1.0,0.9992743359216444
3247,3247,0.9712860029469861,1.0,0.9712860029469861
3248,3248,0.423517303159483,0.0,0.423517303159483
3249,3249,0.32384486538774737,0.0,0.32384486538774737
3250,3250,0.2523931009992011,1.0,0.2523931009992011
3251,3251,0.9095069239954132,1.0,0.9095069239954132
3252,3252,0.8472125442867494,0.0,0.8472125442867494
3253,3253,0.29108943475270344,1.0,0.29108943475270344
3254,3254,0.5492159048772448,0.0,0.5492159048772448
3255,3255,0.19414067435869997,0.0,0.19414067435869997
3256,3256,0.6447289596797746,1.0,0.6447289596797746
3257,3257,0.16389447487786535,0.0,0.16389447487786535
3258,3258,0.2511781455530877,0.0,0.2511781455530877
3259,3259,0.7637501515863754,1.0,0.7637501515863754
3260,3260,0.774560954900095,1.0,0.774560954900095
3261,3261,0.39258251457091964,0.0,0.39258251457091964
3262,3262,0.23103977004866139,0.0,0.23103977004866139
3263,3263,0.4663790614400707,0.0,0.4663790614400707
3264,3264,0.07407975213805451,0.0,0.07407975213805451
3265,3265,0.7704040746040529,1.0,0.7704040746040529
3266,3266,0.7742308040226528,0.0,0.7742308040226528
3267,3267,0.3170699776175252,0.0,0.3170699776175252
3268,3268,0.5708050329650203,0.0,0.5708050329650203
3269,3269,0.7493339163004182,1.0,0.7493339163004182
3270,3270,0.1464735176153481,1.0,0.1464735176153481
3271,3271,0.6579637862042281,1.0,0.6579637862042281
3272,3272,0.5185987675992773,0.0,0.5185987675992773
3273,3273,0.3457954003469559,0.0,0.3457954003469559
3274,3274,0.3688043292172838,0.0,0.3688043292172838
3275,3275,0.8302867690826521,0.0,0.8302867690826521
3276,3276,0.8153573761642144,1.0,0.8153573761642144
3277,3277,0.8169349175822161,0.0,0.8169349175822161
3278,3278,0.8998460726658679,1.0,0.8998460726658679
3279,3279,0.29971256135778934,0.0,0.29971256135778934
3280,3280,0.2616614040739088,0.0,0.2616614040739088
3281,3281,0.25211236256212244,1.0,0.25211236256212244
3282,3282,0.8848340281546248,0.0,0.8848340281546248
3283,3283,0.38973335887684135,1.0,0.38973335887684135
3284,3284,0.520224170203134,1.0,0.520224170203134
3285,3285,0.4702158850402236,0.0,0.4702158850402236
3286,3286,0.7497019927123089,0.0,0.7497019927123089
3287,3287,0.7171591997594319,1.0,0.7171591997594319
3288,3288,0.6374909700308051,1.0,0.6374909700308051
3289,3289,0.6974162696318534,1.0,0.6974162696318534
3290,3290,0.6528385310675429,0.0,0.6528385310675429
3291,3291,0.9408622991008173,1.0,0.9408622991008173
3292,3292,0.6507096048155998,1.0,0.6507096048155998
3293,3293,0.9511902981962925,1.0,0.9511902981962925
3294,3294,0.268689425382161,1.0,0.268689425382161
3295,3295,0.06354728754552574,0.0,0.06354728754552574
3296,3296,0.2699376859376368,0.0,0.2699376859376368
3297,3297,0.043222256220173616,0.0,0.043222256220173616
3298,3298,0.7865155499644001,0.0,0.7865155499644001
3299,3299,0.8209400363169649,1.0,0.8209400363169649
3300,3300,0.3284825942495284,0.0,0.3284825942495284
3301,3301,0.9313072654012129,1.0,0.9313072654012129
3302,3302,0.7720282065344053,1.0,0.7720282065344053
3303,3303,0.4810280958235913,0.0,0.4810280958235913
3304,3304,0.5560672988747587,0.0,0.5560672988747587
3305,3305,0.8339495463586236,1.0,0.8339495463586236
3306,3306,0.5391954625076183,0.0,0.5391954625076183
3307,3307,0.6604212632433967,1.0,0.6604212632433967
3308,3308,0.6809235650839816,0.0,0.6809235650839816
3309,3309,0.20381806929180524,0.0,0.20381806929180524
3310,3310,0.19151997144502197,0.0,0.19151997144502197
3311,3311,0.47831665642253507,1.0,0.47831665642253507
3312,3312,0.5630635970630168,1.0,0.5630635970630168
3313,3313,0.7024862918859847,1.0,0.7024862918859847
3314,3314,0.9476278961677959,1.0,0.9476278961677959
3315,3315,0.03281722265033282,0.0,0.03281722265033282
3316,3316,0.30177418060665917,1.0,0.30177418060665917
3317,3317,0.03215123566462963,0.0,0.03215123566462963
3318,3318,0.5238974213288479,1.0,0.5238974213288479
3319,3319,0.8290519352857822,1.0,0.8290519352857822
3320,3320,0.6293259796269105,1.0,0.6293259796269105
3321,3321,0.9043401277320328,1.0,0.9043401277320328
3322,3322,0.24037780706002576,1.0,0.24037780706002576
3323,3323,0.9350555823119328,1.0,0.9350555823119328
3324,3324,0.8402587904318256,1.0,0.8402587904318256
3325,3325,0.9234398656983276,1.0,0.9234398656983276
3326,3326,0.08173829138069355,0.0,0.08173829138069355
3327,3327,0.042239905600755745,0.0,0.042239905600755745
3328,3328,0.5698640357209761,0.0,0.5698640357209761
3329,3329,0.12232901988283174,0.0,0.12232901988283174
3330,3330,0.5735269992191823,1.0,0.5735269992191823
3331,3331,0.5660554832690926,0.0,0.5660554832690926
3332,3332,0.04938413112016449,0.0,0.04938413112016449
3333,3333,0.06201619046756812,0.0,0.06201619046756812
3334,3334,0.6195825649322112,0.0,0.6195825649322112
3335,3335,0.7995904194976523,0.0,0.7995904194976523
3336,3336,0.3848174399364023,1.0,0.3848174399364023
3337,3337,0.4263331250249016,0.0,0.4263331250249016
3338,3338,0.3706088709606503,0.0,0.3706088709606503
3339,3339,0.3187635968237651,1.0,0.3187635968237651
3340,3340,0.4524684654174026,0.0,0.4524684654174026
3341,3341,0.06439997589125368,0.0,0.06439997589125368
3342,3342,0.9589322157400029,1.0,0.9589322157400029
3343,3343,0.9915291029959491,1.0,0.9915291029959491
3344,3344,0.9804115357334777,1.0,0.9804115357334777
3345,3345,0.9860783586050401,1.0,0.9860783586050401
3346,3346,0.2623695880523643,0.0,0.2623695880523643
3347,3347,0.1667140937302195,0.0,0.1667140937302195
3348,3348,0.9376361526436074,1.0,0.9376361526436074
3349,3349,0.6302986875184153,0.0,0.6302986875184153
3350,3350,0.8934590057037396,1.0,0.8934590057037396
3351,3351,0.03229656234388467,0.0,0.03229656234388467
3352,3352,0.48488940546876824,0.0,0.48488940546876824
3353,3353,0.5983185259346269,0.0,0.5983185259346269
3354,3354,0.07999643751462349,0.0,0.07999643751462349
3355,3355,0.5731110158693985,1.0,0.5731110158693985
3356,3356,0.9771439299380981,1.0,0.9771439299380981
3357,3357,0.48969839001755766,0.0,0.48969839001755766
3358,3358,0.7754879807821834,1.0,0.7754879807821834
3359,3359,0.7651075231025234,1.0,0.7651075231025234
3360,3360,0.813723393582345,1.0,0.813723393582345
3361,3361,0.030534695212595664,0.0,0.030534695212595664
3362,3362,0.1399571209906878,0.0,0.1399571209906878
3363,3363,0.48911849467569646,0.0,0.48911849467569646
3364,3364,0.881969158798411,1.0,0.881969158798411
3365,3365,0.5275218962001228,1.0,0.5275218962001228
3366,3366,0.3886431343607767,1.0,0.3886431343607767
3367,3367,0.3269179591758541,0.0,0.3269179591758541
3368,3368,0.8132008524521317,1.0,0.8132008524521317
3369,3369,0.10037286577270688,0.0,0.10037286577270688
3370,3370,0.973687425924266,1.0,0.973687425924266
3371,3371,0.027148233340224648,0.0,0.027148233340224648
3372,3372,0.6734139864455307,1.0,0.6734139864455307
3373,3373,0.8217121260322955,1.0,0.8217121260322955
3374,3374,0.4590523357647045,1.0,0.4590523357647045
3375,3375,0.19996084106037415,0.0,0.19996084106037415
3376,3376,0.5867336125189362,1.0,0.5867336125189362
3377,3377,0.3938764319444208,0.0,0.3938764319444208
3378,3378,0.4355681689140689,1.0,0.4355681689140689
3379,3379,0.6053295977537819,0.0,0.6053295977537819
3380,3380,0.40922236187038097,0.0,0.40922236187038097
3381,3381,0.8348469842196156,1.0,0.8348469842196156
3382,3382,0.585536555404606,1.0,0.585536555404606
3383,3383,0.9016661871867032,1.0,0.9016661871867032
3384,3384,0.887204392737936,1.0,0.887204392737936
3385,3385,0.3709802776318838,0.0,0.3709802776318838
3386,3386,0.7005041810388147,1.0,0.7005041810388147
3387,3387,0.5086673026576807,0.0,0.5086673026576807
3388,3388,0.07736329120836594,0.0,0.07736329120836594
3389,3389,0.49211609221690145,0.0,0.49211609221690145
3390,3390,0.5909548113368384,0.0,0.5909548113368384
3391,3391,0.3712264403201103,0.0,0.3712264403201103
3392,3392,0.4648935749920379,0.0,0.4648935749920379
3393,3393,0.2181992752894829,0.0,0.2181992752894829
3394,3394,0.5936721035225072,0.0,0.5936721035225072
3395,3395,0.9216433150907082,1.0,0.9216433150907082
3396,3396,0.6279879429114464,0.0,0.6279879429114464
3397,3397,0.43624102339089255,0.0,0.43624102339089255
3398,3398,0.6612809750663741,1.0,0.6612809750663741
3399,3399,0.4323771339467244,1.0,0.4323771339467244
3400,3400,0.5438292112060583,0.0,0.5438292112060583
3401,3401,0.6748531366564495,1.0,0.6748531366564495
3402,3402,0.4464611682479207,1.0,0.4464611682479207
3403,3403,0.20850544609759392,0.0,0.20850544609759392
3404,3404,0.94483270074033,1.0,0.94483270074033
3405,3405,0.8424363334916675,1.0,0.8424363334916675
3406,3406,0.7045922428315692,0.0,0.7045922428315692
3407,3407,0.1060112659198803,1.0,0.1060112659198803
3408,3408,0.931426488447525,1.0,0.931426488447525
3409,3409,0.6770836846125912,0.0,0.6770836846125912
3410,3410,0.3184050913911717,0.0,0.3184050913911717
3411,3411,0.7015851757022318,0.0,0.7015851757022318
3412,3412,0.07371924172882538,0.0,0.07371924172882538
3413,3413,0.31734993498856057,0.0,0.31734993498856057
3414,3414,0.5583268274508701,0.0,0.5583268274508701
3415,3415,0.2588780752492268,0.0,0.2588780752492268
3416,3416,0.8503598235005173,0.0,0.8503598235005173
3417,3417,0.6523172458283711,0.0,0.6523172458283711
3418,3418,0.07638220900194348,0.0,0.07638220900194348
3419,3419,0.8851336451109096,1.0,0.8851336451109096
3420,3420,0.11836959375312106,0.0,0.11836959375312106
3421,3421,0.7964327407373699,1.0,0.7964327407373699
3422,3422,0.4646301306665608,1.0,0.4646301306665608
3423,3423,0.8540834225669788,1.0,0.8540834225669788
3424,3424,0.7922066189238608,1.0,0.7922066189238608
3425,3425,0.9884299961958565,1.0,0.9884299961958565
3426,3426,0.6692368007412177,1.0,0.6692368007412177
3427,3427,0.5722752455516732,0.0,0.5722752455516732
3428,3428,0.29682550904624594,0.0,0.29682550904624594
3429,3429,0.503884185081464,1.0,0.503884185081464
3430,3430,0.24126972716407513,0.0,0.24126972716407513
3431,3431,0.09113238769057674,0.0,0.09113238769057674
3432,3432,0.6289539283117126,1.0,0.6289539283117126
3433,3433,0.16602772012048506,0.0,0.16602772012048506
3434,3434,0.5196022544006712,1.0,0.5196022544006712
3435,3435,0.5939982589025108,1.0,0.5939982589025108
3436,3436,0.04197629082005183,0.0,0.04197629082005183
3437,3437,0.18663879608108036,0.0,0.18663879608108036
3438,3438,0.23701917403169837,0.0,0.23701917403169837
3439,3439,0.3940869219965335,0.0,0.3940869219965335
3440,3440,0.39655301592725534,0.0,0.39655301592725534
3441,3441,0.952103233854817,1.0,0.952103233854817
3442,3442,0.956886369356293,1.0,0.956886369356293
3443,3443,0.7489826711377379,1.0,0.7489826711377379
3444,3444,0.24899178810919698,1.0,0.24899178810919698
3445,3445,0.23866193598064922,0.0,0.23866193598064922
3446,3446,0.664736053152577,1.0,0.664736053152577
3447,3447,0.20338795892713224,1.0,0.20338795892713224
3448,3448,0.8683027855549998,1.0,0.8683027855549998
3449,3449,0.9891423775484036,1.0,0.9891423775484036
3450,3450,0.09035445667139397,0.0,0.09035445667139397
3451,3451,0.28603717978756493,0.0,0.28603717978756493
3452,3452,0.8749674619270502,1.0,0.8749674619270502
3453,3453,0.05268624941034572,0.0,0.05268624941034572
3454,3454,0.10511704631160268,0.0,0.10511704631160268
3455,3455,0.18685612880697433,0.0,0.18685612880697433
3456,3456,0.5998117734420937,1.0,0.5998117734420937
3457,3457,0.6012221140610302,0.0,0.6012221140610302
3458,3458,0.6897448959600305,0.0,0.6897448959600305
3459,3459,0.0005236239270064447,0.0,0.0005236239270064447
3460,3460,0.8785318802136294,1.0,0.8785318802136294
3461,3461,0.5491189726428626,1.0,0.5491189726428626
3462,3462,0.9736986724303658,1.0,0.9736986724303658
3463,3463,0.5710327574386822,1.0,0.5710327574386822
3464,3464,0.8265490296278354,1.0,0.8265490296278354
3465,3465,0.2776877441080303,0.0,0.2776877441080303
3466,3466,0.19735235990670263,0.0,0.19735235990670263
3467,3467,0.7657127416505394,1.0,0.7657127416505394
3468,3468,0.3911310262654485,1.0,0.3911310262654485
3469,3469,0.3007833301802647,1.0,0.3007833301802647
3470,3470,0.33390957786162834,0.0,0.33390957786162834
3471,3471,0.7463318761407531,1.0,0.7463318761407531
3472,3472,0.27487818728597635,0.0,0.27487818728597635
3473,3473,0.9652058208740791,1.0,0.9652058208740791
3474,3474,0.4722405674635364,0.0,0.4722405674635364
3475,3475,0.18097297099319098,0.0,0.18097297099319098
3476,3476,0.8113255522827622,0.0,0.8113255522827622
3477,3477,0.6814956949835133,1.0,0.6814956949835133
3478,3478,0.1310253739368521,0.0,0.1310253739368521
3479,3479,0.12564373856426847,0.0,0.12564373856426847
3480,3480,0.8525377279439122,0.0,0.8525377279439122
3481,3481,0.9876457025045544,1.0,0.9876457025045544
3482,3482,0.6063574225065614,1.0,0.6063574225065614
3483,3483,0.20802787736053185,0.0,0.20802787736053185
3484,3484,0.5200923689429714,0.0,0.5200923689429714
3485,3485,0.4546268530499187,0.0,0.4546268530499187
3486,3486,0.3762072784667799,0.0,0.3762072784667799
3487,3487,0.19815863683698798,0.0,0.19815863683698798
3488,3488,0.7332448488949038,0.0,0.7332448488949038
3489,3489,0.28091048767871674,0.0,0.28091048767871674
3490,3490,0.19200305996921418,0.0,0.19200305996921418
3491,3491,0.7272518987978099,1.0,0.7272518987978099
3492,3492,0.5048878146813519,1.0,0.5048878146813519
3493,3493,0.8964828921296321,1.0,0.8964828921296321
3494,3494,0.8270489331241963,1.0,0.8270489331241963
3495,3495,0.8243881578678963,0.0,0.8243881578678963
3496,3496,0.241868578344823,1.0,0.241868578344823
3497,3497,0.6692705878774019,1.0,0.6692705878774019
3498,3498,0.6699256870041652,1.0,0.6699256870041652
3499,3499,0.586503534039166,1.0,0.586503534039166
3500,3500,0.9747792714443617,1.0,0.9747792714443617
3501,3501,0.6029063986328587,0.0,0.6029063986328587
3502,3502,0.4484290359141817,1.0,0.4484290359141817
3503,3503,0.9161060681221325,1.0,0.9161060681221325
3504,3504,0.6111573931790161,0.0,0.6111573931790161
3505,3505,0.2026443253446808,1.0,0.2026443253446808
3506,3506,0.2977081900352204,0.0,0.2977081900352204
3507,3507,0.5600278762488463,0.0,0.5600278762488463
3508,3508,0.7859419434143307,0.0,0.7859419434143307
3509,3509,0.7718311955909577,1.0,0.7718311955909577
3510,3510,0.42037915126549397,0.0,0.42037915126549397
3511,3511,0.15615464116719568,0.0,0.15615464116719568
3512,3512,0.9856118039393834,1.0,0.9856118039393834
3513,3513,0.2146006128664304,0.0,0.2146006128664304
3514,3514,0.623951147143958,0.0,0.623951147143958
3515,3515,0.322449905965973,1.0,0.322449905965973
3516,3516,0.3268742965008342,0.0,0.3268742965008342
3517,3517,0.8844264577881044,1.0,0.8844264577881044
3518,3518,0.8462608282849579,1.0,0.8462608282849579
3519,3519,0.35648520233022485,0.0,0.35648520233022485
3520,3520,0.18731688805738045,0.0,0.18731688805738045
3521,3521,0.20413648032156828,0.0,0.20413648032156828
3522,3522,0.7896949524529153,1.0,0.7896949524529153
3523,3523,0.9454711838078733,1.0,0.9454711838078733
3524,3524,0.6788272118181751,1.0,0.6788272118181751
3525,3525,0.40929035815650483,0.0,0.40929035815650483
3526,3526,0.2683104402433433,1.0,0.2683104402433433
3527,3527,0.40817373363151066,1.0,0.40817373363151066
3528,3528,0.11670655004941022,0.0,0.11670655004941022
3529,3529,0.16233436414159175,0.0,0.16233436414159175
3530,3530,0.043985520393371336,1.0,0.043985520393371336
3531,3531,0.436465402389676,0.0,0.436465402389676
3532,3532,0.5157259545576687,0.0,0.5157259545576687
3533,3533,0.15280259699428345,0.0,0.15280259699428345
3534,3534,0.3213064106616049,1.0,0.3213064106616049
3535,3535,0.269828634283265,0.0,0.269828634283265
3536,3536,0.6019431838447701,0.0,0.6019431838447701
3537,3537,0.9411181895565913,1.0,0.9411181895565913
3538,3538,0.6521524588322268,0.0,0.6521524588322268
3539,3539,0.7239143418155336,1.0,0.7239143418155336
3540,3540,0.7857645452043709,1.0,0.7857645452043709
3541,3541,0.5974650843449283,1.0,0.5974650843449283
3542,3542,0.9594965700230348,1.0,0.9594965700230348
3543,3543,0.4620247792945821,1.0,0.4620247792945821
3544,3544,0.8649111473922076,1.0,0.8649111473922076
3545,3545,0.9020261552277739,1.0,0.9020261552277739
3546,3546,0.16385558619487706,0.0,0.16385558619487706
3547,3547,0.2104002676886616,0.0,0.2104002676886616
3548,3548,0.9983307828916141,1.0,0.9983307828916141
3549,3549,0.5070754527216675,0.0,0.5070754527216675
3550,3550,0.3395400419215999,0.0,0.3395400419215999
3551,3551,0.046195671364758883,0.0,0.046195671364758883
3552,3552,0.42298970723780305,1.0,0.42298970723780305
3553,3553,0.3469634953008024,1.0,0.3469634953008024
3554,3554,0.8619940759488838,0.0,0.8619940759488838
3555,3555,0.5757804877928384,1.0,0.5757804877928384
3556,3556,0.2936110107889528,1.0,0.2936110107889528
3557,3557,0.686135079168974,1.0,0.686135079168974
3558,3558,0.5306632789422082,1.0,0.5306632789422082
3559,3559,0.18209863783508617,0.0,0.18209863783508617
3560,3560,0.23451438629691823,0.0,0.23451438629691823
3561,3561,0.9245349426852321,1.0,0.9245349426852321
3562,3562,0.30790222812235546,0.0,0.30790222812235546
3563,3563,0.6317572393451577,0.0,0.6317572393451577
3564,3564,0.31716589817632834,1.0,0.31716589817632834
3565,3565,0.42290458717952406,1.0,0.42290458717952406
3566,3566,0.416357739327995,0.0,0.416357739327995
3567,3567,0.20532817679028226,0.0,0.20532817679028226
3568,3568,0.8001447850060053,1.0,0.8001447850060053
3569,3569,0.69892320089744,0.0,0.69892320089744
3570,3570,0.9934182935677581,1.0,0.9934182935677581
3571,3571,0.2899816722185259,0.0,0.2899816722185259
3572,3572,0.7305844983359763,0.0,0.7305844983359763
3573,3573,0.2479473731502816,0.0,0.2479473731502816
3574,3574,0.34509482767837674,0.0,0.34509482767837674
3575,3575,0.7473955989814286,1.0,0.7473955989814286
3576,3576,0.8254992512642334,1.0,0.8254992512642334
3577,3577,0.2548827847099959,0.0,0.2548827847099959
3578,3578,0.39837503407028596,0.0,0.39837503407028596
3579,3579,0.14963912240763289,0.0,0.14963912240763289
3580,3580,0.3661353573738184,0.0,0.3661353573738184
3581,3581,0.8256330815974656,1.0,0.8256330815974656
3582,3582,0.9273723199238141,1.0,0.9273723199238141
3583,3583,0.641855001523039,1.0,0.641855001523039
3584,3584,0.02490465739672887,0.0,0.02490465739672887
3585,3585,0.24031819419651268,0.0,0.24031819419651268
3586,3586,0.29538768951744776,1.0,0.29538768951744776
3587,3587,0.7214217981556396,1.0,0.7214217981556396
3588,3588,0.9000497823919549,1.0,0.9000497823919549
3589,3589,0.35419070081277026,0.0,0.35419070081277026
3590,3590,0.3876419370575567,0.0,0.3876419370575567
3591,3591,0.17665452037641804,0.0,0.17665452037641804
3592,3592,0.3219126283899275,1.0,0.3219126283899275
3593,3593,4.636117837208964e-05,0.0,4.636117837208964e-05
3594,3594,0.7953769939992703,0.0,0.7953769939992703
3595,3595,0.8327291560366311,0.0,0.8327291560366311
3596,3596,0.6516730333602503,0.0,0.6516730333602503
3597,3597,0.9422104870460277,1.0,0.9422104870460277
3598,3598,0.726469657150893,1.0,0.726469657150893
3599,3599,0.665166147136231,1.0,0.665166147136231
3600,3600,0.8166821603681687,1.0,0.8166821603681687
3601,3601,0.910007232077305,1.0,0.910007232077305
3602,3602,0.11067307146783845,0.0,0.11067307146783845
3603,3603,0.6771495504677565,0.0,0.6771495504677565
3604,3604,0.5924168488691418,0.0,0.5924168488691418
3605,3605,0.6534606698780248,1.0,0.6534606698780248
3606,3606,0.7769679856059574,1.0,0.7769679856059574
3607,3607,0.5888958719349968,1.0,0.5888958719349968
3608,3608,0.5303028819674688,1.0,0.5303028819674688
3609,3609,0.39866381639637494,0.0,0.39866381639637494
3610,3610,0.6600328278576124,1.0,0.6600328278576124
3611,3611,0.5032220398558765,0.0,0.5032220398558765
3612,3612,0.12602775638481722,0.0,0.12602775638481722
3613,3613,0.5323370863032085,0.0,0.5323370863032085
3614,3614,0.7323359579516773,1.0,0.7323359579516773
3615,3615,0.49635980494216203,1.0,0.49635980494216203
3616,3616,0.44390215042925263,1.0,0.44390215042925263
3617,3617,0.03130472233574333,0.0,0.03130472233574333
3618,3618,0.6746898669335937,1.0,0.6746898669335937
3619,3619,0.1203130815030734,0.0,0.1203130815030734
3620,3620,0.05241743679260513,0.0,0.05241743679260513
3621,3621,0.04112614507862178,0.0,0.04112614507862178
3622,3622,0.4760956726976262,0.0,0.4760956726976262
3623,3623,0.5517659665986635,0.0,0.5517659665986635
3624,3624,0.7409501655750284,0.0,0.7409501655750284
3625,3625,0.3349427809664184,0.0,0.3349427809664184
3626,3626,0.9773448465147508,1.0,0.9773448465147508
3627,3627,0.15060850153594751,0.0,0.15060850153594751
3628,3628,0.5420310637809826,0.0,0.5420310637809826
3629,3629,0.017082066081380076,0.0,0.017082066081380076
3630,3630,0.6493737857565021,0.0,0.6493737857565021
3631,3631,0.45821492425098265,0.0,0.45821492425098265
3632,3632,0.06108392239231153,0.0,0.06108392239231153
3633,3633,0.9031471590910355,1.0,0.9031471590910355
3634,3634,0.7502297740890831,1.0,0.7502297740890831
3635,3635,0.807090458220891,0.0,0.807090458220891
3636,3636,0.9940234071842585,1.0,0.9940234071842585
3637,3637,0.34418061091866914,1.0,0.34418061091866914
3638,3638,0.9427438866995467,1.0,0.9427438866995467
3639,3639,0.23317780647756636,0.0,0.23317780647756636
3640,3640,0.24783620723653577,1.0,0.24783620723653577
3641,3641,0.05235836942856564,0.0,0.05235836942856564
3642,3642,0.038624535097463,0.0,0.038624535097463
3643,3643,0.2038719518465384,0.0,0.2038719518465384
3644,3644,0.3924593989207882,0.0,0.3924593989207882
3645,3645,0.5697754888039457,0.0,0.5697754888039457
3646,3646,0.2020583595076929,0.0,0.2020583595076929
3647,3647,0.9148582255576959,1.0,0.9148582255576959
3648,3648,0.19994635424425933,0.0,0.19994635424425933
3649,3649,0.6582331367313985,0.0,0.6582331367313985
3650,3650,0.04604860216891682,0.0,0.04604860216891682
3651,3651,0.6223763228134903,0.0,0.6223763228134903
3652,3652,0.679100298192638,1.0,0.679100298192638
3653,3653,0.8058986859678308,1.0,0.8058986859678308
3654,3654,0.1453705171078158,0.0,0.1453705171078158
3655,3655,0.7622852608473936,1.0,0.7622852608473936
3656,3656,0.5406279748184217,0.0,0.5406279748184217
3657,3657,0.3024706734908462,0.0,0.3024706734908462
3658,3658,0.5408450714585281,1.0,0.5408450714585281
3659,3659,0.5884158965450665,1.0,0.5884158965450665
3660,3660,0.9158497051384104,1.0,0.9158497051384104
3661,3661,0.7918980076569436,1.0,0.7918980076569436
3662,3662,0.9429153518564205,1.0,0.9429153518564205
3663,3663,0.20431356190580108,0.0,0.20431356190580108
3664,3664,0.9671935680772074,1.0,0.9671935680772074
3665,3665,0.4450854152562099,0.0,0.4450854152562099
3666,3666,0.1819503897525997,0.0,0.1819503897525997
3667,3667,0.49104111198846856,0.0,0.49104111198846856
3668,3668,0.7044664231646399,1.0,0.7044664231646399
3669,3669,0.3817491962377544,1.0,0.3817491962377544
3670,3670,0.17046257217135574,0.0,0.17046257217135574
3671,3671,0.8457567169750175,1.0,0.8457567169750175
3672,3672,0.5895404845338952,1.0,0.5895404845338952
3673,3673,0.27613722252204587,0.0,0.27613722252204587
3674,3674,0.761831806804174,1.0,0.761831806804174
3675,3675,0.5367701076445269,0.0,0.5367701076445269
3676,3676,0.6380856688709338,0.0,0.6380856688709338
3677,3677,0.45185493238378915,1.0,0.45185493238378915
3678,3678,0.19573241133258323,0.0,0.19573241133258323
3679,3679,0.9087795692396058,1.0,0.9087795692396058
3680,3680,0.5544633909946869,0.0,0.5544633909946869
3681,3681,0.27630040769414943,1.0,0.27630040769414943
3682,3682,0.4326758531003364,1.0,0.4326758531003364
3683,3683,0.9411365395922356,1.0,0.9411365395922356
3684,3684,0.24499626510597394,0.0,0.24499626510597394
3685,3685,0.0047854892008803995,0.0,0.0047854892008803995
3686,3686,0.3598151891923209,0.0,0.3598151891923209
3687,3687,0.7670344178411601,1.0,0.7670344178411601
3688,3688,0.22071409173709267,0.0,0.22071409173709267
3689,3689,0.728934712501183,1.0,0.728934712501183
3690,3690,0.6205906890618996,0.0,0.6205906890618996
3691,3691,0.07816750562285191,0.0,0.07816750562285191
3692,3692,0.37819628607248057,0.0,0.37819628607248057
3693,3693,0.20711394140560624,0.0,0.20711394140560624
3694,3694,0.6546895122491482,1.0,0.6546895122491482
3695,3695,0.3109633823462046,0.0,0.3109633823462046
3696,3696,0.09745165180982296,0.0,0.09745165180982296
3697,3697,0.48264747183709056,0.0,0.48264747183709056
3698,3698,0.8511462964308706,0.0,0.8511462964308706
3699,3699,0.35993191455718787,0.0,0.35993191455718787
3700,3700,0.850172762626534,1.0,0.850172762626534
3701,3701,0.7128730805532496,0.0,0.7128730805532496
3702,3702,0.9138333963304397,1.0,0.9138333963304397
3703,3703,0.5108111125306518,1.0,0.5108111125306518
3704,3704,0.6462605558541035,0.0,0.6462605558541035
3705,3705,0.5702011444443705,0.0,0.5702011444443705
3706,3706,0.028947851089961896,0.0,0.028947851089961896
3707,3707,0.7880497017396082,1.0,0.7880497017396082
3708,3708,0.4322076397931117,0.0,0.4322076397931117
3709,3709,0.014514301039949551,0.0,0.014514301039949551
3710,3710,0.3706797817800648,0.0,0.3706797817800648
3711,3711,0.6404773245846096,1.0,0.6404773245846096
3712,3712,0.4724012453359968,1.0,0.4724012453359968
3713,3713,0.038764196322359945,0.0,0.038764196322359945
3714,3714,0.5136265218527959,1.0,0.5136265218527959
3715,3715,0.769051879471228,1.0,0.769051879471228
3716,3716,0.4902645319921739,0.0,0.4902645319921739
3717,3717,0.9474738502975653,1.0,0.9474738502975653
3718,3718,0.16704033817451225,0.0,0.16704033817451225
3719,3719,0.0030700354769354066,0.0,0.0030700354769354066
3720,3720,0.9363059470798585,1.0,0.9363059470798585
3721,3721,0.31866605177246343,1.0,0.31866605177246343
3722,3722,0.8901105570526349,1.0,0.8901105570526349
3723,3723,0.5655763345227177,1.0,0.5655763345227177
3724,3724,0.016058071173898014,0.0,0.016058071173898014
3725,3725,0.14253535046810384,0.0,0.14253535046810384
3726,3726,0.1324613719736869,0.0,0.1324613719736869
3727,3727,0.3468652307392366,0.0,0.3468652307392366
3728,3728,0.9439867892223011,1.0,0.9439867892223011
3729,3729,0.9624291212011445,1.0,0.9624291212011445
3730,3730,0.3417803770884512,1.0,0.3417803770884512
3731,3731,0.6573446299230872,1.0,0.6573446299230872
3732,3732,0.5709479984161051,0.0,0.5709479984161051
3733,3733,0.9654946625723935,1.0,0.9654946625723935
3734,3734,0.4542667723703655,1.0,0.4542667723703655
3735,3735,0.5423869185791211,0.0,0.5423869185791211
3736,3736,0.9577895720268488,1.0,0.9577895720268488
3737,3737,0.263530105844062,0.0,0.263530105844062
3738,3738,0.2031560526827585,0.0,0.2031560526827585
3739,3739,0.8524893043198069,1.0,0.8524893043198069
3740,3740,0.7770577939320006,1.0,0.7770577939320006
3741,3741,0.33386002104252344,0.0,0.33386002104252344
3742,3742,0.0538362209076062,0.0,0.0538362209076062
3743,3743,0.2212217835317961,0.0,0.2212217835317961
3744,3744,0.9020684293326781,1.0,0.9020684293326781
3745,3745,0.9439342922553298,1.0,0.9439342922553298
3746,3746,0.7740131295129775,0.0,0.7740131295129775
3747,3747,0.09355260921791497,0.0,0.09355260921791497
3748,3748,0.9071567932031043,0.0,0.9071567932031043
3749,3749,0.08013396465060962,0.0,0.08013396465060962
3750,3750,0.5605684879193654,1.0,0.5605684879193654
3751,3751,0.8750272010737296,1.0,0.8750272010737296
3752,3752,0.39665604033954127,1.0,0.39665604033954127
3753,3753,0.8496889065621879,1.0,0.8496889065621879
3754,3754,0.8927978909281262,1.0,0.8927978909281262
3755,3755,0.06525549177578449,1.0,0.06525549177578449
3756,3756,0.44124942017147106,0.0,0.44124942017147106
3757,3757,0.6566242279125758,1.0,0.6566242279125758
3758,3758,0.3485481804313686,0.0,0.3485481804313686
3759,3759,0.15110281643243684,1.0,0.15110281643243684
3760,3760,0.2542682645969858,0.0,0.2542682645969858
3761,3761,0.9259882735284701,1.0,0.9259882735284701
3762,3762,0.9249487089244831,1.0,0.9249487089244831
3763,3763,0.6182077893347229,0.0,0.6182077893347229
3764,3764,0.4146812026053168,0.0,0.4146812026053168
3765,3765,0.9230844023208312,1.0,0.9230844023208312
3766,3766,0.5279233957254733,1.0,0.5279233957254733
3767,3767,0.2060251093515737,1.0,0.2060251093515737
3768,3768,0.2270645144993092,1.0,0.2270645144993092
3769,3769,0.512673613679095,1.0,0.512673613679095
3770,3770,0.41877492359553214,1.0,0.41877492359553214
3771,3771,0.9959181280693772,1.0,0.9959181280693772
3772,3772,0.48975624562597964,0.0,0.48975624562597964
3773,3773,0.05547680648947395,0.0,0.05547680648947395
3774,3774,0.17283864418726957,1.0,0.17283864418726957
3775,3775,0.6376510075732018,0.0,0.6376510075732018
3776,3776,0.5599020088789546,0.0,0.5599020088789546
3777,3777,0.5807543990550788,0.0,0.5807543990550788
3778,3778,0.9641010194995246,1.0,0.9641010194995246
3779,3779,0.5561583779296723,1.0,0.5561583779296723
3780,3780,0.874364880853672,1.0,0.874364880853672
3781,3781,0.42648861423544393,1.0,0.42648861423544393
3782,3782,0.6016082491897468,1.0,0.6016082491897468
3783,3783,0.7967384800651529,1.0,0.7967384800651529
3784,3784,0.368907746566172,0.0,0.368907746566172
3785,3785,0.24730892311226516,0.0,0.24730892311226516
3786,3786,0.5532811933333385,1.0,0.5532811933333385
3787,3787,0.6420067729200716,0.0,0.6420067729200716
3788,3788,0.6361637936774689,1.0,0.6361637936774689
3789,3789,0.6803418941773531,1.0,0.6803418941773531
3790,3790,0.9600124845868258,1.0,0.9600124845868258
3791,3791,0.6233426344329723,1.0,0.6233426344329723
3792,3792,0.3629298783013276,0.0,0.3629298783013276
3793,3793,0.3386997853919711,0.0,0.3386997853919711
3794,3794,0.42349021099205053,0.0,0.42349021099205053
3795,3795,0.340358997094908,1.0,0.340358997094908
3796,3796,0.7713578968584871,1.0,0.7713578968584871
3797,3797,0.2109632868809801,0.0,0.2109632868809801
3798,3798,0.34312760956161337,0.0,0.34312760956161337
3799,3799,0.8261698476621525,0.0,0.8261698476621525
3800,3800,0.6366686801959417,0.0,0.6366686801959417
3801,3801,0.39760490557629,0.0,0.39760490557629
3802,3802,0.36752428722125974,1.0,0.36752428722125974
3803,3803,0.4390169238777939,1.0,0.4390169238777939
3804,3804,0.2638437446505273,1.0,0.2638437446505273
3805,3805,0.8159289975484112,0.0,0.8159289975484112
3806,3806,0.06710297543369637,0.0,0.06710297543369637
3807,3807,0.20933364780556962,0.0,0.20933364780556962
3808,3808,0.33070708394745096,0.0,0.33070708394745096
3809,3809,0.5026528897314791,0.0,0.5026528897314791
3810,3810,0.10268379736390121,1.0,0.10268379736390121
3811,3811,0.26733705690693044,0.0,0.26733705690693044
3812,3812,0.6474959457655041,0.0,0.6474959457655041
3813,3813,0.5189337025994148,1.0,0.5189337025994148
3814,3814,0.31902126917441065,0.0,0.31902126917441065
3815,3815,0.9350885584817688,1.0,0.9350885584817688
3816,3816,0.7171751676296839,1.0,0.7171751676296839
3817,3817,0.7158204308644154,1.0,0.7158204308644154
3818,3818,0.1935150333098955,0.0,0.1935150333098955
3819,3819,0.6531290201750798,1.0,0.6531290201750798
3820,3820,0.9439077290042163,1.0,0.9439077290042163
3821,3821,0.21316949215183179,0.0,0.21316949215183179
3822,3822,0.4247737509110219,1.0,0.4247737509110219
3823,3823,0.03753967789532209,0.0,0.03753967789532209
3824,3824,0.28805390485716664,0.0,0.28805390485716664
3825,3825,0.703499931859279,1.0,0.703499931859279
3826,3826,0.34112572112653683,0.0,0.34112572112653683
3827,3827,0.6272870717954883,1.0,0.6272870717954883
3828,3828,0.3210120174151945,0.0,0.3210120174151945
3829,3829,0.9200317994784697,1.0,0.9200317994784697
3830,3830,0.678579260910214,1.0,0.678579260910214
3831,3831,0.24241948969139693,1.0,0.24241948969139693
3832,3832,0.7581662989662552,1.0,0.7581662989662552
3833,3833,0.6417368464816554,1.0,0.6417368464816554
3834,3834,0.8357199907298222,1.0,0.8357199907298222
3835,3835,0.47478660685378327,1.0,0.47478660685378327
3836,3836,0.020210095357735103,0.0,0.020210095357735103
3837,3837,0.17229331055272734,0.0,0.17229331055272734
3838,3838,0.8382219496151356,1.0,0.8382219496151356
3839,3839,0.01270576203391105,0.0,0.01270576203391105
3840,3840,0.9517827090072059,1.0,0.9517827090072059
3841,3841,0.018100176214991714,0.0,0.018100176214991714
3842,3842,0.17158179837264853,0.0,0.17158179837264853
3843,3843,0.2545817058845117,0.0,0.2545817058845117
3844,3844,0.14291459843393695,0.0,0.14291459843393695
3845,3845,0.03327635525718431,0.0,0.03327635525718431
3846,3846,0.5572286125396794,1.0,0.5572286125396794
3847,3847,0.46292450630288795,0.0,0.46292450630288795
3848,3848,0.13389432208979346,0.0,0.13389432208979346
3849,3849,0.19976533325786483,1.0,0.19976533325786483
3850,3850,0.994053959357918,1.0,0.994053959357918
3851,3851,0.9331398130680193,1.0,0.9331398130680193
3852,3852,0.3294512752816896,1.0,0.3294512752816896
3853,3853,0.9154621631409435,1.0,0.9154621631409435
3854,3854,0.24266486233895812,0.0,0.24266486233895812
3855,3855,0.7091626772835069,1.0,0.7091626772835069
3856,3856,0.813975134253216,1.0,0.813975134253216
3857,3857,0.8774407900987939,1.0,0.8774407900987939
3858,3858,0.04630321496297862,0.0,0.04630321496297862
3859,3859,0.6235539108696225,0.0,0.6235539108696225
3860,3860,0.7450208704702335,1.0,0.7450208704702335
3861,3861,0.7950437549375283,1.0,0.7950437549375283
3862,3862,0.8374453412573815,1.0,0.8374453412573815
3863,3863,0.5675679356978993,1.0,0.5675679356978993
3864,3864,0.2981660939401055,1.0,0.2981660939401055
3865,3865,0.700288607677306,1.0,0.700288607677306
3866,3866,0.42946755027057526,1.0,0.42946755027057526
3867,3867,0.031727636023511474,0.0,0.031727636023511474
3868,3868,0.45839478122884914,0.0,0.45839478122884914
3869,3869,0.8836133971269101,0.0,0.8836133971269101
3870,3870,0.12215688645685818,0.0,0.12215688645685818
3871,3871,0.5172429418940077,0.0,0.5172429418940077
3872,3872,0.23783743756099385,1.0,0.23783743756099385
3873,3873,0.7989588783261394,1.0,0.7989588783261394
3874,3874,0.6592599031840277,0.0,0.6592599031840277
3875,3875,0.5779029972334506,1.0,0.5779029972334506
3876,3876,0.3959515911430107,0.0,0.3959515911430107
3877,3877,0.794561672693182,1.0,0.794561672693182
3878,3878,0.5677964388148617,1.0,0.5677964388148617
3879,3879,0.23175459272111065,0.0,0.23175459272111065
3880,3880,0.6868617051761684,0.0,0.6868617051761684
3881,3881,0.3456562525649509,0.0,0.3456562525649509
3882,3882,0.5191610402687528,0.0,0.5191610402687528
3883,3883,0.7737978672909042,1.0,0.7737978672909042
3884,3884,0.2098567267390995,1.0,0.2098567267390995
3885,3885,0.9568328950033581,1.0,0.9568328950033581
3886,3886,0.149420687003603,0.0,0.149420687003603
3887,3887,0.17564354548442684,0.0,0.17564354548442684
3888,3888,0.4759498028922855,1.0,0.4759498028922855
3889,3889,0.49273998327508195,0.0,0.49273998327508195
3890,3890,0.9778552511889591,0.0,0.9778552511889591
3891,3891,0.058551262971096585,0.0,0.058551262971096585
3892,3892,0.8505189888928681,1.0,0.8505189888928681
3893,3893,0.5724489087783674,1.0,0.5724489087783674
3894,3894,0.0344066502591428,0.0,0.0344066502591428
3895,3895,0.5948334833200634,0.0,0.5948334833200634
3896,3896,0.6707045987907934,0.0,0.6707045987907934
3897,3897,0.7073764860406226,1.0,0.7073764860406226
3898,3898,0.24851001011217944,0.0,0.24851001011217944
3899,3899,0.48502631509463123,0.0,0.48502631509463123
3900,3900,0.6522777265868884,1.0,0.6522777265868884
3901,3901,0.2484459117299198,0.0,0.2484459117299198
3902,3902,0.5537645431307197,0.0,0.5537645431307197
3903,3903,0.932924274086779,0.0,0.932924274086779
3904,3904,0.6571548108569517,0.0,0.6571548108569517
3905,3905,0.009531910218683715,0.0,0.009531910218683715
3906,3906,0.1873526584149201,0.0,0.1873526584149201
3907,3907,0.6737121879605079,0.0,0.6737121879605079
3908,3908,0.8196754409743355,1.0,0.8196754409743355
3909,3909,0.5955313364096668,1.0,0.5955313364096668
3910,3910,0.5790321722761671,1.0,0.5790321722761671
3911,3911,0.11479269513620605,0.0,0.11479269513620605
3912,3912,0.49182093688186157,1.0,0.49182093688186157
3913,3913,0.2677388263131133,0.0,0.2677388263131133
3914,3914,0.83648107283805,1.0,0.83648107283805
3915,3915,0.9317299781478755,1.0,0.9317299781478755
3916,3916,0.12900762428062362,0.0,0.12900762428062362
3917,3917,0.6636331835067092,0.0,0.6636331835067092
3918,3918,0.1944391798586549,0.0,0.1944391798586549
3919,3919,0.9698851884427775,1.0,0.9698851884427775
3920,3920,0.8135330822476432,0.0,0.8135330822476432
3921,3921,0.25860374956942433,0.0,0.25860374956942433
3922,3922,0.22643069598476417,1.0,0.22643069598476417
3923,3923,0.21528978383284636,1.0,0.21528978383284636
3924,3924,0.896128000033659,0.0,0.896128000033659
3925,3925,0.09284095536105341,0.0,0.09284095536105341
3926,3926,0.10764809039196366,0.0,0.10764809039196366
3927,3927,0.17279937146707924,0.0,0.17279937146707924
3928,3928,0.6945736535579992,1.0,0.6945736535579992
3929,3929,0.0922443102077114,1.0,0.0922443102077114
3930,3930,0.5056095643527722,0.0,0.5056095643527722
3931,3931,0.9099655085572471,1.0,0.9099655085572471
3932,3932,0.5410032236236261,1.0,0.5410032236236261
3933,3933,0.6950242163558981,1.0,0.6950242163558981
3934,3934,0.18315324005552558,1.0,0.18315324005552558
3935,3935,0.7718525883522961,1.0,0.7718525883522961
3936,3936,0.7169686778646225,1.0,0.7169686778646225
3937,3937,0.006039342624502342,0.0,0.006039342624502342
3938,3938,0.18340682523946739,1.0,0.18340682523946739
3939,3939,0.3790069264582193,0.0,0.3790069264582193
3940,3940,0.773653695255413,1.0,0.773653695255413
3941,3941,0.04239932503006272,0.0,0.04239932503006272
3942,3942,0.9685239368171048,1.0,0.9685239368171048
3943,3943,0.5963606165632335,1.0,0.5963606165632335
3944,3944,0.9190261870783712,1.0,0.9190261870783712
3945,3945,0.7133770855094987,1.0,0.7133770855094987
3946,3946,0.9242593287985589,1.0,0.9242593287985589
3947,3947,0.9177672404001235,1.0,0.9177672404001235
3948,3948,0.8319591709167743,1.0,0.8319591709167743
3949,3949,0.5728946750944162,1.0,0.5728946750944162
3950,3950,0.2649859976675216,0.0,0.2649859976675216
3951,3951,0.7830420787814735,1.0,0.7830420787814735
3952,3952,0.8547227526314535,1.0,0.8547227526314535
3953,3953,0.03956960059288983,0.0,0.03956960059288983
3954,3954,0.29628816008572356,0.0,0.29628816008572356
3955,3955,0.8068505223259708,1.0,0.8068505223259708
3956,3956,0.7614662287113235,1.0,0.7614662287113235
3957,3957,0.4291716054182194,1.0,0.4291716054182194
3958,3958,0.15693322973767465,0.0,0.15693322973767465
3959,3959,0.16669110127404052,0.0,0.16669110127404052
3960,3960,0.3958146925928342,0.0,0.3958146925928342
3961,3961,0.6462929528383227,1.0,0.6462929528383227
3962,3962,0.05089990619115081,0.0,0.05089990619115081
3963,3963,0.6941036559830609,1.0,0.6941036559830609
3964,3964,0.4759518068212938,0.0,0.4759518068212938
3965,3965,0.7097637775959406,1.0,0.7097637775959406
3966,3966,0.2041032327928517,0.0,0.2041032327928517
3967,3967,0.750439969035104,1.0,0.750439969035104
3968,3968,0.7312693364965502,0.0,0.7312693364965502
3969,3969,0.5488604542138757,0.0,0.5488604542138757
3970,3970,0.45532673048197425,0.0,0.45532673048197425
3971,3971,0.9747532890464307,1.0,0.9747532890464307
3972,3972,0.23009292181561658,0.0,0.23009292181561658
3973,3973,0.5388529307977266,0.0,0.5388529307977266
3974,3974,0.7495662416443997,0.0,0.7495662416443997
3975,3975,0.05730486528783396,0.0,0.05730486528783396
3976,3976,0.8713603262127503,1.0,0.8713603262127503
3977,3977,0.6143569595355811,1.0,0.6143569595355811
3978,3978,0.954177439131283,1.0,0.954177439131283
3979,3979,0.6476214993213061,1.0,0.6476214993213061
3980,3980,0.7645335161296299,1.0,0.7645335161296299
3981,3981,0.2164990185485055,1.0,0.2164990185485055
3982,3982,0.8848073760878402,0.0,0.8848073760878402
3983,3983,0.6573458184659227,0.0,0.6573458184659227
3984,3984,0.260860731894901,1.0,0.260860731894901
3985,3985,0.7081348026884443,1.0,0.7081348026884443
3986,3986,0.17470359131547897,0.0,0.17470359131547897
3987,3987,0.7560916709281208,1.0,0.7560916709281208
3988,3988,0.6303191779339595,1.0,0.6303191779339595
3989,3989,0.6673221519667244,1.0,0.6673221519667244
3990,3990,0.6132979302887976,1.0,0.6132979302887976
3991,3991,0.30004939988050894,0.0,0.30004939988050894
3992,3992,0.6925688841198753,0.0,0.6925688841198753
3993,3993,0.7548919787536931,1.0,0.7548919787536931
3994,3994,0.3114183813305347,0.0,0.3114183813305347
3995,3995,0.06008674190678531,0.0,0.06008674190678531
3996,3996,0.8724216643078228,1.0,0.8724216643078228
3997,3997,0.48909979815138505,0.0,0.48909979815138505
3998,3998,0.4538629452718349,0.0,0.4538629452718349
3999,3999,0.8324374222876878,1.0,0.8324374222876878
4000,4000,0.2674716867931105,0.0,0.2674716867931105
4001,4001,0.8556304222442059,1.0,0.8556304222442059
4002,4002,0.9212002990584125,1.0,0.9212002990584125
4003,4003,0.4998275628733476,1.0,0.4998275628733476
4004,4004,0.5641438789129102,1.0,0.5641438789129102
4005,4005,0.3557255474225277,1.0,0.3557255474225277
4006,4006,0.41663056700221834,1.0,0.41663056700221834
4007,4007,0.4306328523129149,0.0,0.4306328523129149
4008,4008,0.036437755896772894,0.0,0.036437755896772894
4009,4009,0.8891650944243096,1.0,0.8891650944243096
4010,4010,0.40859288474430056,0.0,0.40859288474430056
4011,4011,0.3018207973028174,0.0,0.3018207973028174
4012,4012,0.5554401897658291,1.0,0.5554401897658291
4013,4013,0.19429244220227193,1.0,0.19429244220227193
4014,4014,0.2186415765539096,1.0,0.2186415765539096
4015,4015,0.6962917228908168,0.0,0.6962917228908168
4016,4016,0.08005474400049184,1.0,0.08005474400049184
4017,4017,0.8072066573200832,1.0,0.8072066573200832
4018,4018,0.3571862042622823,0.0,0.3571862042622823
4019,4019,0.6135940204976738,0.0,0.6135940204976738
4020,4020,0.5202055668417228,0.0,0.5202055668417228
4021,4021,0.048753624029039155,0.0,0.048753624029039155
4022,4022,0.5626197623356682,0.0,0.5626197623356682
4023,4023,0.3104309193944631,0.0,0.3104309193944631
4024,4024,0.374368438610016,1.0,0.374368438610016
4025,4025,0.30316118435628114,0.0,0.30316118435628114
4026,4026,0.36645225616998633,0.0,0.36645225616998633
4027,4027,0.6789221055167456,1.0,0.6789221055167456
4028,4028,0.02443911888417183,0.0,0.02443911888417183
4029,4029,0.8263336080447253,1.0,0.8263336080447253
4030,4030,0.7445050657893518,1.0,0.7445050657893518
4031,4031,0.9206564424374328,1.0,0.9206564424374328
4032,4032,0.7421619869122,1.0,0.7421619869122
4033,4033,0.05951744620691091,0.0,0.05951744620691091
4034,4034,0.5580347500452202,1.0,0.5580347500452202
4035,4035,0.16987482531052012,0.0,0.16987482531052012
4036,4036,0.3842606688938248,1.0,0.3842606688938248
4037,4037,0.21078474999057217,0.0,0.21078474999057217
4038,4038,0.9135297373279208,1.0,0.9135297373279208
4039,4039,0.9654493090040988,1.0,0.9654493090040988
4040,4040,0.23635496448178483,0.0,0.23635496448178483
4041,4041,0.11749753475235292,0.0,0.11749753475235292
4042,4042,0.5245822733897623,1.0,0.5245822733897623
4043,4043,0.4111793356632323,1.0,0.4111793356632323
4044,4044,0.21538457209342754,0.0,0.21538457209342754
4045,4045,0.8624176460202967,1.0,0.8624176460202967
4046,4046,0.2263244046018983,0.0,0.2263244046018983
4047,4047,0.6849238356018016,1.0,0.6849238356018016
4048,4048,0.5886662731251784,0.0,0.5886662731251784
4049,4049,0.6285079278601283,0.0,0.6285079278601283
4050,4050,0.4166847645620234,0.0,0.4166847645620234
4051,4051,0.8865828582872347,1.0,0.8865828582872347
4052,4052,0.015756117691070437,0.0,0.015756117691070437
4053,4053,0.015530555601072416,0.0,0.015530555601072416
4054,4054,0.36318685898176595,1.0,0.36318685898176595
4055,4055,0.48796933036150336,0.0,0.48796933036150336
4056,4056,0.8161092082552092,1.0,0.8161092082552092
4057,4057,0.947142848747006,1.0,0.947142848747006
4058,4058,0.5824328490923757,1.0,0.5824328490923757
4059,4059,0.2987462248066909,0.0,0.2987462248066909
4060,4060,0.8076351331761998,1.0,0.8076351331761998
4061,4061,0.4304657484075217,1.0,0.4304657484075217
4062,4062,0.14736167010172752,0.0,0.14736167010172752
4063,4063,0.7413784232459018,0.0,0.7413784232459018
4064,4064,0.10417243663581022,1.0,0.10417243663581022
4065,4065,0.00613843061626429,0.0,0.00613843061626429
4066,4066,0.9775070110592907,1.0,0.9775070110592907
4067,4067,0.2474094156379798,0.0,0.2474094156379798
4068,4068,0.04967323778678645,0.0,0.04967323778678645
4069,4069,0.0658959264813247,0.0,0.0658959264813247
4070,4070,0.6813487452624893,1.0,0.6813487452624893
4071,4071,0.6324069126341091,1.0,0.6324069126341091
4072,4072,0.929181070899913,1.0,0.929181070899913
4073,4073,0.24516655091646122,0.0,0.24516655091646122
4074,4074,0.8683102208183068,1.0,0.8683102208183068
4075,4075,0.9839236877912281,1.0,0.9839236877912281
4076,4076,0.05903821449211777,0.0,0.05903821449211777
4077,4077,0.7415600881911565,0.0,0.7415600881911565
4078,4078,0.16758959983236743,0.0,0.16758959983236743
4079,4079,0.4325376965862816,0.0,0.4325376965862816
4080,4080,0.722111798417001,1.0,0.722111798417001
4081,4081,0.22571572930328831,0.0,0.22571572930328831
4082,4082,0.22797058606244347,0.0,0.22797058606244347
4083,4083,0.24828259325702884,0.0,0.24828259325702884
4084,4084,0.43529789145966535,0.0,0.43529789145966535
4085,4085,0.7860017371424723,1.0,0.7860017371424723
4086,4086,0.3557441156221124,1.0,0.3557441156221124
4087,4087,0.31561240018159664,0.0,0.31561240018159664
4088,4088,0.07319996358269498,0.0,0.07319996358269498
4089,4089,0.615284279605727,0.0,0.615284279605727
4090,4090,0.9912337973931951,1.0,0.9912337973931951
4091,4091,0.5922373650020959,1.0,0.5922373650020959
4092,4092,0.07054181721745856,0.0,0.07054181721745856
4093,4093,0.0014569891048871186,0.0,0.0014569891048871186
4094,4094,0.10812988069667184,0.0,0.10812988069667184
4095,4095,0.21689769070625098,0.0,0.21689769070625098
4096,4096,0.5361788787185688,1.0,0.5361788787185688
4097,4097,0.8889108119102669,1.0,0.8889108119102669
4098,4098,0.11246387297055782,0.0,0.11246387297055782
4099,4099,0.2119885395306893,0.0,0.2119885395306893
4100,4100,0.4833992536594748,0.0,0.4833992536594748
4101,4101,0.3927048618878639,1.0,0.3927048618878639
4102,4102,0.4964983173706786,0.0,0.4964983173706786
4103,4103,0.9093936381628877,0.0,0.9093936381628877
4104,4104,0.19476960728976767,1.0,0.19476960728976767
4105,4105,0.39919613035033763,0.0,0.39919613035033763
4106,4106,0.9460393971965924,1.0,0.9460393971965924
4107,4107,0.5459133538516331,0.0,0.5459133538516331
4108,4108,0.039678637712912024,0.0,0.039678637712912024
4109,4109,0.3626644316985306,0.0,0.3626644316985306
4110,4110,0.26133840818072307,0.0,0.26133840818072307
4111,4111,0.6309385124771983,1.0,0.6309385124771983
4112,4112,0.20269705199284738,0.0,0.20269705199284738
4113,4113,0.8419164377120476,1.0,0.8419164377120476
4114,4114,0.8798750715495166,1.0,0.8798750715495166
4115,4115,0.9221885973623677,1.0,0.9221885973623677
4116,4116,0.42313140585246434,0.0,0.42313140585246434
4117,4117,0.6164553152872579,0.0,0.6164553152872579
4118,4118,0.7074968462462953,1.0,0.7074968462462953
4119,4119,0.6205791478907208,0.0,0.6205791478907208
4120,4120,0.0063539844536942836,0.0,0.0063539844536942836
4121,4121,0.05903504923562597,0.0,0.05903504923562597
4122,4122,0.861128495564565,1.0,0.861128495564565
4123,4123,0.8252200548073471,1.0,0.8252200548073471
4124,4124,0.817025395658616,1.0,0.817025395658616
4125,4125,0.34906209528730237,0.0,0.34906209528730237
4126,4126,0.566409709675193,1.0,0.566409709675193
4127,4127,0.21389484546353332,0.0,0.21389484546353332
4128,4128,0.0654335684087286,0.0,0.0654335684087286
4129,4129,0.8651995422478186,1.0,0.8651995422478186
4130,4130,0.43427648834812616,1.0,0.43427648834812616
4131,4131,0.25844303146427994,0.0,0.25844303146427994
4132,4132,0.2600375525769839,0.0,0.2600375525769839
4133,4133,0.7664650427257775,1.0,0.7664650427257775
4134,4134,0.9571255279331745,1.0,0.9571255279331745
4135,4135,0.5179860550551362,1.0,0.5179860550551362
4136,4136,0.7392042840319039,1.0,0.7392042840319039
4137,4137,0.39933912891007906,0.0,0.39933912891007906
4138,4138,0.8895256227706531,1.0,0.8895256227706531
4139,4139,0.7136222662414772,1.0,0.7136222662414772
4140,4140,0.895034872795419,1.0,0.895034872795419
4141,4141,0.2786805653286081,0.0,0.2786805653286081
4142,4142,0.8866008401739457,1.0,0.8866008401739457
4143,4143,0.3006279075436157,0.0,0.3006279075436157
4144,4144,0.9083387968090191,1.0,0.9083387968090191
4145,4145,0.8206110843821165,1.0,0.8206110843821165
4146,4146,0.27429280386847055,0.0,0.27429280386847055
4147,4147,0.5101652593834348,0.0,0.5101652593834348
4148,4148,0.3902061517623764,1.0,0.3902061517623764
4149,4149,0.2556288545421843,0.0,0.2556288545421843
4150,4150,0.687253210509143,1.0,0.687253210509143
4151,4151,0.5671341083440636,0.0,0.5671341083440636
4152,4152,0.8515908515339822,0.0,0.8515908515339822
4153,4153,0.4177236100743835,0.0,0.4177236100743835
4154,4154,0.9671480136777012,1.0,0.9671480136777012
4155,4155,0.184630445042821,0.0,0.184630445042821
4156,4156,0.14698473397062062,0.0,0.14698473397062062
4157,4157,0.46992108388255793,1.0,0.46992108388255793
4158,4158,0.09134934315854559,0.0,0.09134934315854559
4159,4159,0.8587613428612697,1.0,0.8587613428612697
4160,4160,0.967322001901623,1.0,0.967322001901623
4161,4161,0.560029461598748,1.0,0.560029461598748
4162,4162,0.9467606053421229,1.0,0.9467606053421229
4163,4163,0.500772993596733,1.0,0.500772993596733
4164,4164,0.6958594583534342,1.0,0.6958594583534342
4165,4165,0.0007773734352762851,0.0,0.0007773734352762851
4166,4166,0.1430385392801935,0.0,0.1430385392801935
4167,4167,0.842238365200267,0.0,0.842238365200267
4168,4168,0.9608022191097186,1.0,0.9608022191097186
4169,4169,0.5171093547819169,0.0,0.5171093547819169
4170,4170,0.36015715525710024,0.0,0.36015715525710024
4171,4171,0.4866282634342848,0.0,0.4866282634342848
4172,4172,0.36116034180830003,0.0,0.36116034180830003
4173,4173,0.8441170507201763,1.0,0.8441170507201763
4174,4174,0.1873591144670428,0.0,0.1873591144670428
4175,4175,0.9456199362183437,1.0,0.9456199362183437
4176,4176,0.23989789625305413,0.0,0.23989789625305413
4177,4177,0.6029346896248878,1.0,0.6029346896248878
4178,4178,0.1696415535631024,0.0,0.1696415535631024
4179,4179,0.613993926605671,1.0,0.613993926605671
4180,4180,0.026007376761955303,0.0,0.026007376761955303
4181,4181,0.1310682003901018,0.0,0.1310682003901018
4182,4182,0.6845721345170908,1.0,0.6845721345170908
4183,4183,0.6205419966365134,1.0,0.6205419966365134
4184,4184,0.15898614905472574,0.0,0.15898614905472574
4185,4185,0.9542757772257376,1.0,0.9542757772257376
4186,4186,0.24760566914508209,1.0,0.24760566914508209
4187,4187,0.9254382751133883,1.0,0.9254382751133883
4188,4188,0.5867846429385261,1.0,0.5867846429385261
4189,4189,0.027497507541431876,0.0,0.027497507541431876
4190,4190,0.0017483960628117412,0.0,0.0017483960628117412
4191,4191,0.9825001075097954,1.0,0.9825001075097954
4192,4192,0.974716750747447,1.0,0.974716750747447
4193,4193,0.9335933416255888,1.0,0.9335933416255888
4194,4194,0.5237818262585006,1.0,0.5237818262585006
4195,4195,0.8277349580815416,1.0,0.8277349580815416
4196,4196,0.05904342580031752,0.0,0.05904342580031752
4197,4197,0.26743234179332687,0.0,0.26743234179332687
4198,4198,0.09880050862504097,0.0,0.09880050862504097
4199,4199,0.10829999895501108,0.0,0.10829999895501108
4200,4200,0.7275876699910764,1.0,0.7275876699910764
4201,4201,0.512171468434206,1.0,0.512171468434206
4202,4202,0.16102202921524267,0.0,0.16102202921524267
4203,4203,0.19002088076160195,0.0,0.19002088076160195
4204,4204,0.5227398502752384,0.0,0.5227398502752384
4205,4205,0.043442090467044836,0.0,0.043442090467044836
4206,4206,0.21665470179081125,1.0,0.21665470179081125
4207,4207,0.21209184381832213,0.0,0.21209184381832213
4208,4208,0.300478716929916,1.0,0.300478716929916
4209,4209,0.19276880022112797,0.0,0.19276880022112797
4210,4210,0.812370511034277,1.0,0.812370511034277
4211,4211,0.06526445696129102,0.0,0.06526445696129102
4212,4212,0.7417250126366088,1.0,0.7417250126366088
4213,4213,0.5475550755979116,0.0,0.5475550755979116
4214,4214,0.42025475344305874,0.0,0.42025475344305874
4215,4215,0.7311986027955499,1.0,0.7311986027955499
4216,4216,0.6642794453232691,1.0,0.6642794453232691
4217,4217,0.05831111419874968,1.0,0.05831111419874968
4218,4218,0.8503149539467892,0.0,0.8503149539467892
4219,4219,0.506550243153139,0.0,0.506550243153139
4220,4220,0.11802190221618092,0.0,0.11802190221618092
4221,4221,0.3670300522627593,1.0,0.3670300522627593
4222,4222,0.4044239051264239,0.0,0.4044239051264239
4223,4223,0.31508781964533616,0.0,0.31508781964533616
4224,4224,0.9821587554198138,1.0,0.9821587554198138
4225,4225,0.5900819400386322,1.0,0.5900819400386322
4226,4226,0.876127259897421,1.0,0.876127259897421
4227,4227,0.8338163103751788,1.0,0.8338163103751788
4228,4228,0.43270130646752236,0.0,0.43270130646752236
4229,4229,0.39289391684632646,1.0,0.39289391684632646
4230,4230,0.43536022462933566,0.0,0.43536022462933566
4231,4231,0.9336047032213475,1.0,0.9336047032213475
4232,4232,0.9049869610152558,1.0,0.9049869610152558
4233,4233,0.829229296250548,0.0,0.829229296250548
4234,4234,0.24935024982004206,0.0,0.24935024982004206
4235,4235,0.7567769966786941,1.0,0.7567769966786941
4236,4236,0.6822019882447428,0.0,0.6822019882447428
4237,4237,0.24004996852452842,0.0,0.24004996852452842
4238,4238,0.8544275664061147,1.0,0.8544275664061147
4239,4239,0.8264563769721758,1.0,0.8264563769721758
4240,4240,0.8672834435679125,1.0,0.8672834435679125
4241,4241,0.285404456338348,0.0,0.285404456338348
4242,4242,0.8500059253779427,1.0,0.8500059253779427
4243,4243,0.061355726782687636,0.0,0.061355726782687636
4244,4244,0.5026397376441659,1.0,0.5026397376441659
4245,4245,0.5329104374369594,0.0,0.5329104374369594
4246,4246,0.1371056601224948,0.0,0.1371056601224948
4247,4247,0.6116287829687906,0.0,0.6116287829687906
4248,4248,0.31987109322183094,1.0,0.31987109322183094
4249,4249,0.2834802670515627,0.0,0.2834802670515627
4250,4250,0.5725593047104204,1.0,0.5725593047104204
4251,4251,0.5556328366512981,0.0,0.5556328366512981
4252,4252,0.1673281026856901,0.0,0.1673281026856901
4253,4253,0.5014732641016705,1.0,0.5014732641016705
4254,4254,0.74225167090164,0.0,0.74225167090164
4255,4255,0.5558727404503282,0.0,0.5558727404503282
4256,4256,0.7804964770940341,1.0,0.7804964770940341
4257,4257,0.29829794442843216,1.0,0.29829794442843216
4258,4258,0.1686074549978318,0.0,0.1686074549978318
4259,4259,0.12817990865374373,0.0,0.12817990865374373
4260,4260,0.8778548559750632,1.0,0.8778548559750632
4261,4261,0.8185920216002193,1.0,0.8185920216002193
4262,4262,0.623185891731691,0.0,0.623185891731691
4263,4263,0.23822121422094067,0.0,0.23822121422094067
4264,4264,0.8955174404122852,0.0,0.8955174404122852
4265,4265,0.015456851556199358,0.0,0.015456851556199358
4266,4266,0.5842501265791483,0.0,0.5842501265791483
4267,4267,0.08984184545142504,0.0,0.08984184545142504
4268,4268,0.3028606595141201,1.0,0.3028606595141201
4269,4269,0.687497419867652,0.0,0.687497419867652
4270,4270,0.31221343369780297,1.0,0.31221343369780297
4271,4271,0.1962155650499302,0.0,0.1962155650499302
4272,4272,0.11176971889650045,0.0,0.11176971889650045
4273,4273,0.09561322988254095,0.0,0.09561322988254095
4274,4274,0.3086407141228178,1.0,0.3086407141228178
4275,4275,0.3368823951826361,1.0,0.3368823951826361
4276,4276,0.4438272042873208,0.0,0.4438272042873208
4277,4277,0.8148848221197732,1.0,0.8148848221197732
4278,4278,0.8721725652471175,1.0,0.8721725652471175
4279,4279,0.5160859941359964,0.0,0.5160859941359964
4280,4280,0.22081058411423693,0.0,0.22081058411423693
4281,4281,0.5604473863470488,1.0,0.5604473863470488
4282,4282,0.23863397860704705,0.0,0.23863397860704705
4283,4283,0.8625072948018798,1.0,0.8625072948018798
4284,4284,0.4367469412289804,1.0,0.4367469412289804
4285,4285,0.2424040241363551,1.0,0.2424040241363551
4286,4286,0.43900281349145953,1.0,0.43900281349145953
4287,4287,0.22693953357201246,0.0,0.22693953357201246
4288,4288,0.33665237842674267,1.0,0.33665237842674267
4289,4289,0.23942074495190446,1.0,0.23942074495190446
4290,4290,0.8026393075856076,1.0,0.8026393075856076
4291,4291,0.6778736488023333,0.0,0.6778736488023333
4292,4292,0.35973939499302354,0.0,0.35973939499302354
4293,4293,0.7908561987015164,1.0,0.7908561987015164
4294,4294,0.44304332507430044,1.0,0.44304332507430044
4295,4295,0.1342565823436882,0.0,0.1342565823436882
4296,4296,0.9907263064906124,1.0,0.9907263064906124
4297,4297,0.8533109366766898,1.0,0.8533109366766898
4298,4298,0.5380033196258365,1.0,0.5380033196258365
4299,4299,0.7300823397187084,0.0,0.7300823397187084
4300,4300,0.16946387566326182,0.0,0.16946387566326182
4301,4301,0.7896303832782235,0.0,0.7896303832782235
4302,4302,0.25476902819504255,1.0,0.25476902819504255
4303,4303,0.6108571071497153,1.0,0.6108571071497153
4304,4304,0.47740344297865633,0.0,0.47740344297865633
4305,4305,0.7002633399305102,1.0,0.7002633399305102
4306,4306,0.6958125652202911,1.0,0.6958125652202911
4307,4307,0.534787684716918,0.0,0.534787684716918
4308,4308,0.668599631263667,0.0,0.668599631263667
4309,4309,0.4696003086597126,0.0,0.4696003086597126
4310,4310,0.3989611009314715,1.0,0.3989611009314715
4311,4311,0.807965412041082,0.0,0.807965412041082
4312,4312,0.12239478330925146,0.0,0.12239478330925146
4313,4313,0.9797509244505889,1.0,0.9797509244505889
4314,4314,0.9631652181330553,1.0,0.9631652181330553
4315,4315,0.8198258149638038,1.0,0.8198258149638038
4316,4316,0.6055761963256892,1.0,0.6055761963256892
4317,4317,0.8777663497453395,1.0,0.8777663497453395
4318,4318,0.4424424372639846,1.0,0.4424424372639846
4319,4319,0.5215135112037894,1.0,0.5215135112037894
4320,4320,0.5902460072372478,1.0,0.5902460072372478
4321,4321,0.24668269024465284,0.0,0.24668269024465284
4322,4322,0.8319088825516201,1.0,0.8319088825516201
4323,4323,0.8148155586685508,1.0,0.8148155586685508
4324,4324,0.32758255716404794,1.0,0.32758255716404794
4325,4325,0.7179407687920786,1.0,0.7179407687920786
4326,4326,0.13140493356912664,1.0,0.13140493356912664
4327,4327,0.7385170702523137,1.0,0.7385170702523137
4328,4328,0.22950804328990237,0.0,0.22950804328990237
4329,4329,0.8862815440766683,1.0,0.8862815440766683
4330,4330,0.4506034988063563,0.0,0.4506034988063563
4331,4331,0.6971459912146655,1.0,0.6971459912146655
4332,4332,0.6589950226520314,1.0,0.6589950226520314
4333,4333,0.8565429475339269,1.0,0.8565429475339269
4334,4334,0.7464720841458161,1.0,0.7464720841458161
4335,4335,0.849844979524384,1.0,0.849844979524384
4336,4336,0.05871908842828122,0.0,0.05871908842828122
4337,4337,0.9434919117405094,1.0,0.9434919117405094
4338,4338,0.3144246982857519,0.0,0.3144246982857519
4339,4339,0.15764574631001327,0.0,0.15764574631001327
4340,4340,0.18899601934275112,0.0,0.18899601934275112
4341,4341,0.7444050703037045,0.0,0.7444050703037045
4342,4342,0.36209763106028614,0.0,0.36209763106028614
4343,4343,0.02012756387021264,0.0,0.02012756387021264
4344,4344,0.22960924595103083,0.0,0.22960924595103083
4345,4345,0.32930471452336196,0.0,0.32930471452336196
4346,4346,0.5674983684738388,1.0,0.5674983684738388
4347,4347,0.1828790631287689,0.0,0.1828790631287689
4348,4348,0.3440734763658214,0.0,0.3440734763658214
4349,4349,0.10981010164961114,0.0,0.10981010164961114
4350,4350,0.7490943519969163,0.0,0.7490943519969163
4351,4351,0.09971708574908811,0.0,0.09971708574908811
4352,4352,0.45473836431754067,1.0,0.45473836431754067
4353,4353,0.9265380878075978,1.0,0.9265380878075978
4354,4354,0.3158062918760356,1.0,0.3158062918760356
4355,4355,0.3892584887262558,0.0,0.3892584887262558
4356,4356,0.23136089970430251,1.0,0.23136089970430251
4357,4357,0.55983072730167,1.0,0.55983072730167
4358,4358,0.5887910543407284,0.0,0.5887910543407284
4359,4359,0.791647869167796,1.0,0.791647869167796
4360,4360,0.10648929539619678,0.0,0.10648929539619678
4361,4361,0.3829651744605622,0.0,0.3829651744605622
4362,4362,0.7350669381548524,0.0,0.7350669381548524
4363,4363,0.720056258984536,1.0,0.720056258984536
4364,4364,0.7953719185178117,1.0,0.7953719185178117
4365,4365,0.07558792774248102,0.0,0.07558792774248102
4366,4366,0.277335539178585,1.0,0.277335539178585
4367,4367,0.6638457682052384,1.0,0.6638457682052384
4368,4368,0.3503917292967689,1.0,0.3503917292967689
4369,4369,0.023191453335134615,0.0,0.023191453335134615
4370,4370,0.9379846398527821,1.0,0.9379846398527821
4371,4371,0.5198460943780778,1.0,0.5198460943780778
4372,4372,0.12549421343587086,0.0,0.12549421343587086
4373,4373,0.19220785579253952,1.0,0.19220785579253952
4374,4374,0.5074421937238351,0.0,0.5074421937238351
4375,4375,0.0030868169784756816,0.0,0.0030868169784756816
4376,4376,0.005271137233038292,0.0,0.005271137233038292
4377,4377,0.4953454906038731,1.0,0.4953454906038731
4378,4378,0.7412968753316178,1.0,0.7412968753316178
4379,4379,0.5990030851097462,1.0,0.5990030851097462
4380,4380,0.35775986560795303,1.0,0.35775986560795303
4381,4381,0.4893408320927717,0.0,0.4893408320927717
4382,4382,0.24354415589766698,0.0,0.24354415589766698
4383,4383,0.3752701898856351,0.0,0.3752701898856351
4384,4384,0.29546437796737834,0.0,0.29546437796737834
4385,4385,0.3502973281531718,1.0,0.3502973281531718
4386,4386,0.6056806468787588,1.0,0.6056806468787588
4387,4387,0.008954231703823923,0.0,0.008954231703823923
4388,4388,0.5357000199258507,0.0,0.5357000199258507
4389,4389,0.2576735764151046,0.0,0.2576735764151046
4390,4390,0.23378920170030537,0.0,0.23378920170030537
4391,4391,0.22593482219959793,0.0,0.22593482219959793
4392,4392,0.7102494900373189,1.0,0.7102494900373189
4393,4393,0.5930870956114391,1.0,0.5930870956114391
4394,4394,0.5391247219821782,1.0,0.5391247219821782
4395,4395,0.7619670936082296,1.0,0.7619670936082296
4396,4396,0.5517270577139011,0.0,0.5517270577139011
4397,4397,0.042406781765877644,0.0,0.042406781765877644
4398,4398,0.861784466458025,1.0,0.861784466458025
4399,4399,0.4136879548114917,1.0,0.4136879548114917
4400,4400,0.3120516274328934,1.0,0.3120516274328934
4401,4401,0.6417479279447545,1.0,0.6417479279447545
4402,4402,0.7212784088299918,1.0,0.7212784088299918
4403,4403,0.08943166667902824,0.0,0.08943166667902824
4404,4404,0.19592516424795114,0.0,0.19592516424795114
4405,4405,0.933091814180168,1.0,0.933091814180168
4406,4406,0.6590430547782028,0.0,0.6590430547782028
4407,4407,0.827176689193378,1.0,0.827176689193378
4408,4408,0.12574714643818563,0.0,0.12574714643818563
4409,4409,0.833108028975917,1.0,0.833108028975917
4410,4410,0.41707538257211496,0.0,0.41707538257211496
4411,4411,0.7851315167546499,1.0,0.7851315167546499
4412,4412,0.6293401283717142,1.0,0.6293401283717142
4413,4413,0.867620399643608,0.0,0.867620399643608
4414,4414,0.24583264579373731,0.0,0.24583264579373731
4415,4415,0.6969708103450476,1.0,0.6969708103450476
4416,4416,0.5850522511962919,1.0,0.5850522511962919
4417,4417,0.235499302133517,0.0,0.235499302133517
4418,4418,0.6263508747741369,1.0,0.6263508747741369
4419,4419,0.26035194949867935,0.0,0.26035194949867935
4420,4420,0.13156857491232754,0.0,0.13156857491232754
4421,4421,0.8963356429692522,1.0,0.8963356429692522
4422,4422,0.22156765188619276,0.0,0.22156765188619276
4423,4423,0.5227865923787818,0.0,0.5227865923787818
4424,4424,0.15606914756058132,0.0,0.15606914756058132
4425,4425,0.3289476812409713,0.0,0.3289476812409713
4426,4426,0.4453022391862069,0.0,0.4453022391862069
4427,4427,0.046648896618059155,0.0,0.046648896618059155
4428,4428,0.2946175614897629,0.0,0.2946175614897629
4429,4429,0.5813106798218378,0.0,0.5813106798218378
4430,4430,0.8470380204047041,1.0,0.8470380204047041
4431,4431,0.4261201172195589,1.0,0.4261201172195589
4432,4432,0.09125640697945481,0.0,0.09125640697945481
4433,4433,0.030069829790124625,0.0,0.030069829790124625
4434,4434,0.1803844268459177,0.0,0.1803844268459177
4435,4435,0.6271347687703308,1.0,0.6271347687703308
4436,4436,0.8312083840530152,1.0,0.8312083840530152
4437,4437,0.011004516341995174,0.0,0.011004516341995174
4438,4438,0.22478221192108017,0.0,0.22478221192108017
4439,4439,0.12433603661845438,0.0,0.12433603661845438
4440,4440,0.022106883279290557,0.0,0.022106883279290557
4441,4441,0.45330368583717084,1.0,0.45330368583717084
4442,4442,0.1686340416726011,0.0,0.1686340416726011
4443,4443,0.9633057079867866,1.0,0.9633057079867866
4444,4444,0.7450156685366883,0.0,0.7450156685366883
4445,4445,0.008624743615809116,0.0,0.008624743615809116
4446,4446,0.01242911618616116,0.0,0.01242911618616116
4447,4447,0.7365944134856519,0.0,0.7365944134856519
4448,4448,0.0903544222697612,0.0,0.0903544222697612
4449,4449,0.20023978651184382,0.0,0.20023978651184382
4450,4450,0.3041238832915927,0.0,0.3041238832915927
4451,4451,0.07840674959157368,0.0,0.07840674959157368
4452,4452,0.12551378419065884,0.0,0.12551378419065884
4453,4453,0.13776376174029892,1.0,0.13776376174029892
4454,4454,0.8584006896650653,1.0,0.8584006896650653
4455,4455,0.8710223932767363,1.0,0.8710223932767363
4456,4456,0.7627412929035187,0.0,0.7627412929035187
4457,4457,0.755836458873502,1.0,0.755836458873502
4458,4458,0.1770653581641245,0.0,0.1770653581641245
4459,4459,0.688726656168557,1.0,0.688726656168557
4460,4460,0.22177168457267116,0.0,0.22177168457267116
4461,4461,0.8905246553762022,1.0,0.8905246553762022
4462,4462,0.038412897846390015,0.0,0.038412897846390015
4463,4463,0.3740827489291113,0.0,0.3740827489291113
4464,4464,0.8246975317494813,1.0,0.8246975317494813
4465,4465,0.5712665751725527,1.0,0.5712665751725527
4466,4466,0.7878796609436248,0.0,0.7878796609436248
4467,4467,0.23280446373995012,0.0,0.23280446373995012
4468,4468,0.7716236142183158,1.0,0.7716236142183158
4469,4469,0.6138305424213306,0.0,0.6138305424213306
4470,4470,0.1371267263966378,0.0,0.1371267263966378
4471,4471,0.4556909155384732,1.0,0.4556909155384732
4472,4472,0.17015573951103058,0.0,0.17015573951103058
4473,4473,0.36076230464888537,0.0,0.36076230464888537
4474,4474,0.5411059862397761,0.0,0.5411059862397761
4475,4475,0.4802423705015547,0.0,0.4802423705015547
4476,4476,0.3666567081140575,0.0,0.3666567081140575
4477,4477,0.6824273615022683,1.0,0.6824273615022683
4478,4478,0.47963619908731925,1.0,0.47963619908731925
4479,4479,0.9893355226363207,1.0,0.9893355226363207
4480,4480,0.07802507883132315,0.0,0.07802507883132315
4481,4481,0.5512050576673515,1.0,0.5512050576673515
4482,4482,0.7285788760697817,0.0,0.7285788760697817
4483,4483,0.6457383626461405,0.0,0.6457383626461405
4484,4484,0.7917555837973878,0.0,0.7917555837973878
4485,4485,0.3082817631848752,0.0,0.3082817631848752
4486,4486,0.36259363632328745,1.0,0.36259363632328745
4487,4487,0.3149513902303456,1.0,0.3149513902303456
4488,4488,0.6194404897474383,0.0,0.6194404897474383
4489,4489,0.09106340953904923,0.0,0.09106340953904923
4490,4490,0.4852135952331932,1.0,0.4852135952331932
4491,4491,0.6369599430334116,1.0,0.6369599430334116
4492,4492,0.9036539136833261,1.0,0.9036539136833261
4493,4493,0.5501453325577621,1.0,0.5501453325577621
4494,4494,0.6057108269501356,1.0,0.6057108269501356
4495,4495,0.6324068139611966,1.0,0.6324068139611966
4496,4496,0.7011333418157383,1.0,0.7011333418157383
4497,4497,0.5950501373945266,1.0,0.5950501373945266
4498,4498,0.7346218663879349,0.0,0.7346218663879349
4499,4499,0.5283805687777534,0.0,0.5283805687777534
4500,4500,0.07628094283830511,0.0,0.07628094283830511
4501,4501,0.38547459871687895,1.0,0.38547459871687895
4502,4502,0.05378927755810059,0.0,0.05378927755810059
4503,4503,0.5535010624741922,0.0,0.5535010624741922
4504,4504,0.17966238897775055,0.0,0.17966238897775055
4505,4505,0.26636227178681027,1.0,0.26636227178681027
4506,4506,0.768388014498598,1.0,0.768388014498598
4507,4507,0.1913438887739246,0.0,0.1913438887739246
4508,4508,0.15760792464126605,0.0,0.15760792464126605
4509,4509,0.3339083908425434,1.0,0.3339083908425434
4510,4510,0.0728950280838393,0.0,0.0728950280838393
4511,4511,0.5653381366493309,1.0,0.5653381366493309
4512,4512,0.23904250897735202,0.0,0.23904250897735202
4513,4513,0.2042880695494219,0.0,0.2042880695494219
4514,4514,0.617233961888303,1.0,0.617233961888303
4515,4515,0.24162885901474773,1.0,0.24162885901474773
4516,4516,0.9390333897476363,1.0,0.9390333897476363
4517,4517,0.46014209375998993,0.0,0.46014209375998993
4518,4518,0.43634521392593595,0.0,0.43634521392593595
4519,4519,0.9978729484687517,1.0,0.9978729484687517
4520,4520,0.15109486323995347,0.0,0.15109486323995347
4521,4521,0.13668509129442952,0.0,0.13668509129442952
4522,4522,0.9335214213089896,1.0,0.9335214213089896
4523,4523,0.7565006387670041,1.0,0.7565006387670041
4524,4524,0.2119637285175452,0.0,0.2119637285175452
4525,4525,0.7928925740526354,0.0,0.7928925740526354
4526,4526,0.7180860768350663,1.0,0.7180860768350663
4527,4527,0.9591757316551023,1.0,0.9591757316551023
4528,4528,0.8804710941468723,1.0,0.8804710941468723
4529,4529,0.5515241177565877,1.0,0.5515241177565877
4530,4530,0.11905731619193427,0.0,0.11905731619193427
4531,4531,0.724082824864058,0.0,0.724082824864058
4532,4532,0.5297038251527564,1.0,0.5297038251527564
4533,4533,0.7013426239491894,1.0,0.7013426239491894
4534,4534,0.14026077731180164,0.0,0.14026077731180164
4535,4535,0.3113554643280897,0.0,0.3113554643280897
4536,4536,0.7432776416533676,1.0,0.7432776416533676
4537,4537,0.815500796577914,0.0,0.815500796577914
4538,4538,0.5249621965188822,0.0,0.5249621965188822
4539,4539,0.35859366676904647,1.0,0.35859366676904647
4540,4540,0.4269839337877903,0.0,0.4269839337877903
4541,4541,0.5234587510117513,1.0,0.5234587510117513
4542,4542,0.8604502334233086,1.0,0.8604502334233086
4543,4543,0.14649319176405973,0.0,0.14649319176405973
4544,4544,0.7666466141142975,1.0,0.7666466141142975
4545,4545,0.9646752011434674,1.0,0.9646752011434674
4546,4546,0.9221030398363326,1.0,0.9221030398363326
4547,4547,0.6782694946935351,1.0,0.6782694946935351
4548,4548,0.5597713867583252,1.0,0.5597713867583252
4549,4549,0.9589415469708494,1.0,0.9589415469708494
4550,4550,0.04185145322761241,1.0,0.04185145322761241
4551,4551,0.503362189640642,0.0,0.503362189640642
4552,4552,0.5413581750084608,0.0,0.5413581750084608
4553,4553,0.09435714925889438,0.0,0.09435714925889438
4554,4554,0.6138041809067515,1.0,0.6138041809067515
4555,4555,0.4639664180482369,1.0,0.4639664180482369
4556,4556,0.4945622487035666,1.0,0.4945622487035666
4557,4557,0.44194473546128143,1.0,0.44194473546128143
4558,4558,0.2669043760267732,0.0,0.2669043760267732
4559,4559,0.4296783481596894,0.0,0.4296783481596894
4560,4560,0.9728452037940741,0.0,0.9728452037940741
4561,4561,0.002801044381304685,0.0,0.002801044381304685
4562,4562,0.15826795884725586,0.0,0.15826795884725586
4563,4563,0.9176967766090754,1.0,0.9176967766090754
4564,4564,0.6222007270041753,0.0,0.6222007270041753
4565,4565,0.352677409576593,0.0,0.352677409576593
4566,4566,0.5529281377713626,0.0,0.5529281377713626
4567,4567,0.3336500337439613,0.0,0.3336500337439613
4568,4568,0.49166013235760886,1.0,0.49166013235760886
4569,4569,0.23477378850410846,0.0,0.23477378850410846
4570,4570,0.8387089841706163,0.0,0.8387089841706163
4571,4571,0.34319287892829775,0.0,0.34319287892829775
4572,4572,0.3708260524291611,0.0,0.3708260524291611
4573,4573,0.8607447224236596,1.0,0.8607447224236596
4574,4574,0.38361848233282736,0.0,0.38361848233282736
4575,4575,0.302992947630054,0.0,0.302992947630054
4576,4576,0.4894416964904216,1.0,0.4894416964904216
4577,4577,0.24968781413083518,1.0,0.24968781413083518
4578,4578,0.4718020420956167,1.0,0.4718020420956167
4579,4579,0.29086659374990886,0.0,0.29086659374990886
4580,4580,0.8231997670786037,1.0,0.8231997670786037
4581,4581,0.007716099207966787,0.0,0.007716099207966787
4582,4582,0.7953588825122421,1.0,0.7953588825122421
4583,4583,0.9292099779979721,1.0,0.9292099779979721
4584,4584,0.6164750714953515,1.0,0.6164750714953515
4585,4585,0.42411856899245026,0.0,0.42411856899245026
4586,4586,0.9709419760066562,1.0,0.9709419760066562
4587,4587,0.8518770655278354,1.0,0.8518770655278354
4588,4588,0.6283659043485947,1.0,0.6283659043485947
4589,4589,0.8466046895619933,0.0,0.8466046895619933
4590,4590,0.5801222946469483,1.0,0.5801222946469483
4591,4591,0.4020489446608394,0.0,0.4020489446608394
4592,4592,0.9080106304214645,1.0,0.9080106304214645
4593,4593,0.2534033537243263,0.0,0.2534033537243263
4594,4594,0.0444164367033536,0.0,0.0444164367033536
4595,4595,0.2097441469462561,0.0,0.2097441469462561
4596,4596,0.26835211617725074,1.0,0.26835211617725074
4597,4597,0.3218142785603614,1.0,0.3218142785603614
4598,4598,0.6408493163949238,0.0,0.6408493163949238
4599,4599,0.5564017568380824,0.0,0.5564017568380824
4600,4600,0.6679075442005207,1.0,0.6679075442005207
4601,4601,0.12214779161033096,0.0,0.12214779161033096
4602,4602,0.049899443861092685,0.0,0.049899443861092685
4603,4603,0.7349676384038035,1.0,0.7349676384038035
4604,4604,0.8651639988228713,1.0,0.8651639988228713
4605,4605,0.10553411717018013,0.0,0.10553411717018013
4606,4606,0.07107646690437663,0.0,0.07107646690437663
4607,4607,0.18891710179788823,0.0,0.18891710179788823
4608,4608,0.8515079720587333,1.0,0.8515079720587333
4609,4609,0.4721784669415564,0.0,0.4721784669415564
4610,4610,0.06195870175621887,0.0,0.06195870175621887
4611,4611,0.8672088095560783,1.0,0.8672088095560783
4612,4612,0.29828883244006954,0.0,0.29828883244006954
4613,4613,0.3805700269589313,0.0,0.3805700269589313
4614,4614,0.740497698904046,1.0,0.740497698904046
4615,4615,0.7873602091191884,1.0,0.7873602091191884
4616,4616,0.46441899666074904,0.0,0.46441899666074904
4617,4617,0.7611449368116028,0.0,0.7611449368116028
4618,4618,0.9646907784058405,1.0,0.9646907784058405
4619,4619,0.16488277377558136,1.0,0.16488277377558136
4620,4620,0.007511837267805133,0.0,0.007511837267805133
4621,4621,0.773426648203061,1.0,0.773426648203061
4622,4622,0.2795048215306063,0.0,0.2795048215306063
4623,4623,0.36994195819096,0.0,0.36994195819096
4624,4624,0.7868159874136134,0.0,0.7868159874136134
4625,4625,0.4335979034707038,1.0,0.4335979034707038
4626,4626,0.6392858244806555,1.0,0.6392858244806555
4627,4627,0.4419661310994143,0.0,0.4419661310994143
4628,4628,0.08603549531954291,0.0,0.08603549531954291
4629,4629,0.5234340011299199,0.0,0.5234340011299199
4630,4630,0.39711210003211506,0.0,0.39711210003211506
4631,4631,0.828256321501203,1.0,0.828256321501203
4632,4632,0.9308549474496642,1.0,0.9308549474496642
4633,4633,0.5375659982166021,1.0,0.5375659982166021
4634,4634,0.6557389511403203,0.0,0.6557389511403203
4635,4635,0.4010366295099326,1.0,0.4010366295099326
4636,4636,0.7633535613703225,1.0,0.7633535613703225
4637,4637,0.8084631806194105,1.0,0.8084631806194105
4638,4638,0.9295748704713547,1.0,0.9295748704713547
4639,4639,0.04324036438639722,1.0,0.04324036438639722
4640,4640,0.6647098898961684,0.0,0.6647098898961684
4641,4641,0.002690803622377058,0.0,0.002690803622377058
4642,4642,0.7802668827485568,1.0,0.7802668827485568
4643,4643,0.2674823533598307,0.0,0.2674823533598307
4644,4644,0.13594017790013946,0.0,0.13594017790013946
4645,4645,0.9461034234907515,1.0,0.9461034234907515
4646,4646,0.5093511174593642,1.0,0.5093511174593642
4647,4647,0.004662637063451935,0.0,0.004662637063451935
4648,4648,0.16680293833616833,0.0,0.16680293833616833
4649,4649,0.5362032728953435,1.0,0.5362032728953435
4650,4650,0.7668464260488776,0.0,0.7668464260488776
4651,4651,0.2382495111067049,0.0,0.2382495111067049
4652,4652,0.3648303772331647,1.0,0.3648303772331647
4653,4653,0.637651243799582,1.0,0.637651243799582
4654,4654,0.6315918595352855,1.0,0.6315918595352855
4655,4655,0.5116372384861897,1.0,0.5116372384861897
4656,4656,0.3713032656971609,0.0,0.3713032656971609
4657,4657,0.7183632291183194,1.0,0.7183632291183194
4658,4658,0.9812967377071209,1.0,0.9812967377071209
4659,4659,0.5706969761958209,0.0,0.5706969761958209
4660,4660,0.5781468431554547,0.0,0.5781468431554547
4661,4661,0.24560330853565715,1.0,0.24560330853565715
4662,4662,0.9823227139299926,1.0,0.9823227139299926
4663,4663,0.07572284223889247,0.0,0.07572284223889247
4664,4664,0.2180480574447039,0.0,0.2180480574447039
4665,4665,0.13776625411305454,0.0,0.13776625411305454
4666,4666,0.6514110965099256,0.0,0.6514110965099256
4667,4667,0.4494737457275929,0.0,0.4494737457275929
4668,4668,0.2161904050514709,1.0,0.2161904050514709
4669,4669,0.4778225841971735,1.0,0.4778225841971735
4670,4670,0.16598405980495623,1.0,0.16598405980495623
4671,4671,0.06309651097407776,0.0,0.06309651097407776
4672,4672,0.937298221222621,1.0,0.937298221222621
4673,4673,0.11780024000663236,1.0,0.11780024000663236
4674,4674,0.7424305785018505,0.0,0.7424305785018505
4675,4675,0.9057946294048673,1.0,0.9057946294048673
4676,4676,0.09278855580924672,0.0,0.09278855580924672
4677,4677,0.07832449607676695,0.0,0.07832449607676695
4678,4678,0.8946657169599104,1.0,0.8946657169599104
4679,4679,0.6892824644818555,1.0,0.6892824644818555
4680,4680,0.26745596970963703,0.0,0.26745596970963703
4681,4681,0.17155511652780253,0.0,0.17155511652780253
4682,4682,0.48779970675304174,1.0,0.48779970675304174
4683,4683,0.8157819786207788,1.0,0.8157819786207788
4684,4684,0.571178936308331,0.0,0.571178936308331
4685,4685,0.1552502946318779,0.0,0.1552502946318779
4686,4686,0.39706925320597686,0.0,0.39706925320597686
4687,4687,0.6947944778675508,1.0,0.6947944778675508
4688,4688,0.6176363588626832,0.0,0.6176363588626832
4689,4689,0.6111595027232454,1.0,0.6111595027232454
4690,4690,0.35963447587019404,0.0,0.35963447587019404
4691,4691,0.9228154469645558,1.0,0.9228154469645558
4692,4692,0.28959302110801355,0.0,0.28959302110801355
4693,4693,0.7806995943138816,1.0,0.7806995943138816
4694,4694,0.40350695038824735,1.0,0.40350695038824735
4695,4695,0.4757186245014545,1.0,0.4757186245014545
4696,4696,0.6295052842262634,1.0,0.6295052842262634
4697,4697,0.20346997820777224,0.0,0.20346997820777224
4698,4698,0.19792116143502936,1.0,0.19792116143502936
4699,4699,0.4544224815802703,0.0,0.4544224815802703
4700,4700,0.5217809168272716,1.0,0.5217809168272716
4701,4701,0.4481053328513531,0.0,0.4481053328513531
4702,4702,0.2813300762189701,1.0,0.2813300762189701
4703,4703,0.2632431421356761,0.0,0.2632431421356761
4704,4704,0.9134944602571828,1.0,0.9134944602571828
4705,4705,0.4941938026319751,0.0,0.4941938026319751
4706,4706,0.4004079616813696,0.0,0.4004079616813696
4707,4707,0.4017892927853799,0.0,0.4017892927853799
4708,4708,0.7280997181666334,1.0,0.7280997181666334
4709,4709,0.9383021064351028,1.0,0.9383021064351028
4710,4710,0.20432590569825948,0.0,0.20432590569825948
4711,4711,0.4671050155578508,0.0,0.4671050155578508
4712,4712,0.28776947373837825,0.0,0.28776947373837825
4713,4713,0.007646604234116006,0.0,0.007646604234116006
4714,4714,0.6957214701882659,1.0,0.6957214701882659
4715,4715,0.8979189060976853,1.0,0.8979189060976853
4716,4716,0.6104699014149143,1.0,0.6104699014149143
4717,4717,0.5402956181689728,1.0,0.5402956181689728
4718,4718,0.036671399876033406,0.0,0.036671399876033406
4719,4719,0.8387461194733817,1.0,0.8387461194733817
4720,4720,0.5759888384558259,0.0,0.5759888384558259
4721,4721,0.38620026528060425,1.0,0.38620026528060425
4722,4722,0.8731048177745844,1.0,0.8731048177745844
4723,4723,0.16599630408862653,0.0,0.16599630408862653
4724,4724,0.38466863580987,0.0,0.38466863580987
4725,4725,0.8764720110999219,1.0,0.8764720110999219
4726,4726,0.49680973796074546,1.0,0.49680973796074546
4727,4727,0.7693987906010147,0.0,0.7693987906010147
4728,4728,0.3079603385388463,0.0,0.3079603385388463
4729,4729,0.6137347376592823,0.0,0.6137347376592823
4730,4730,0.05704588332431815,0.0,0.05704588332431815
4731,4731,0.2495231152764098,0.0,0.2495231152764098
4732,4732,0.5762205361695861,1.0,0.5762205361695861
4733,4733,0.4025592175897992,1.0,0.4025592175897992
4734,4734,0.5319261704266226,1.0,0.5319261704266226
4735,4735,0.2961628086482977,1.0,0.2961628086482977
4736,4736,0.8693309108876944,1.0,0.8693309108876944
4737,4737,0.7940721241000206,1.0,0.7940721241000206
4738,4738,0.1883844467049991,0.0,0.1883844467049991
4739,4739,0.978080629119908,1.0,0.978080629119908
4740,4740,0.9056345235107156,1.0,0.9056345235107156
4741,4741,0.4475133700461228,0.0,0.4475133700461228
4742,4742,0.029768037530230607,0.0,0.029768037530230607
4743,4743,0.8772482005884427,0.0,0.8772482005884427
4744,4744,0.43721759490839174,0.0,0.43721759490839174
4745,4745,0.2825472584012886,1.0,0.2825472584012886
4746,4746,0.6964000979033207,0.0,0.6964000979033207
4747,4747,0.8874371520713374,1.0,0.8874371520713374
4748,4748,0.41047959902605147,0.0,0.41047959902605147
4749,4749,0.29639867662331376,0.0,0.29639867662331376
4750,4750,0.5104392049123557,1.0,0.5104392049123557
4751,4751,0.47550575012191265,0.0,0.47550575012191265
4752,4752,0.7964200582924494,1.0,0.7964200582924494
4753,4753,0.02313389983284342,0.0,0.02313389983284342
4754,4754,0.2681496465855666,0.0,0.2681496465855666
4755,4755,0.5527514642979732,0.0,0.5527514642979732
4756,4756,0.40218066811616837,0.0,0.40218066811616837
4757,4757,0.9528042519642724,1.0,0.9528042519642724
4758,4758,0.09054139670345152,0.0,0.09054139670345152
4759,4759,0.833452890049251,1.0,0.833452890049251
4760,4760,0.5097525943101949,0.0,0.5097525943101949
4761,4761,0.6964164663513647,0.0,0.6964164663513647
4762,4762,0.9394074620728909,1.0,0.9394074620728909
4763,4763,0.5034179051288517,0.0,0.5034179051288517
4764,4764,0.08314804232678108,1.0,0.08314804232678108
4765,4765,0.3047240783740023,0.0,0.3047240783740023
4766,4766,0.1372335235055624,0.0,0.1372335235055624
4767,4767,0.5978021709854017,0.0,0.5978021709854017
4768,4768,0.534677144577679,1.0,0.534677144577679
4769,4769,0.5216513901548785,1.0,0.5216513901548785
4770,4770,0.14378294049062978,0.0,0.14378294049062978
4771,4771,0.37749676480624605,1.0,0.37749676480624605
4772,4772,0.45615745138205044,1.0,0.45615745138205044
4773,4773,0.28523796939943036,0.0,0.28523796939943036
4774,4774,0.7990051348050684,1.0,0.7990051348050684
4775,4775,0.8615477866868791,1.0,0.8615477866868791
4776,4776,0.9336570947874605,1.0,0.9336570947874605
4777,4777,0.3616790082655127,1.0,0.3616790082655127
4778,4778,0.9974951956712828,1.0,0.9974951956712828
4779,4779,0.28707045997199054,1.0,0.28707045997199054
4780,4780,0.09242470693318872,0.0,0.09242470693318872
4781,4781,0.27535151114392753,1.0,0.27535151114392753
4782,4782,0.14579211089419097,0.0,0.14579211089419097
4783,4783,0.5025309118601905,0.0,0.5025309118601905
4784,4784,0.3852330172824271,1.0,0.3852330172824271
4785,4785,0.011465756597354604,0.0,0.011465756597354604
4786,4786,0.616772953780608,0.0,0.616772953780608
4787,4787,0.9353860355936072,1.0,0.9353860355936072
4788,4788,0.2646102925892694,0.0,0.2646102925892694
4789,4789,0.3646943223362549,0.0,0.3646943223362549
4790,4790,0.5961872027795383,0.0,0.5961872027795383
4791,4791,0.7377696643217404,1.0,0.7377696643217404
4792,4792,0.45050891668510706,0.0,0.45050891668510706
4793,4793,0.23166206868268147,1.0,0.23166206868268147
4794,4794,0.9408675124626086,0.0,0.9408675124626086
4795,4795,0.09329261165435365,0.0,0.09329261165435365
4796,4796,0.5868209767955016,1.0,0.5868209767955016
4797,4797,0.2815922366307416,0.0,0.2815922366307416
4798,4798,0.8586152563892988,0.0,0.8586152563892988
4799,4799,0.6857309801302233,1.0,0.6857309801302233
4800,4800,0.2810457822444694,0.0,0.2810457822444694
4801,4801,0.10655752815882902,0.0,0.10655752815882902
4802,4802,0.628744468564716,0.0,0.628744468564716
4803,4803,0.9502259437537653,1.0,0.9502259437537653
4804,4804,0.9928912019790654,1.0,0.9928912019790654
4805,4805,0.15285015159812143,0.0,0.15285015159812143
4806,4806,0.45925733462535234,0.0,0.45925733462535234
4807,4807,0.13924468472470009,0.0,0.13924468472470009
4808,4808,0.4683669023352648,0.0,0.4683669023352648
4809,4809,0.22361997110552323,0.0,0.22361997110552323
4810,4810,0.487802741698105,1.0,0.487802741698105
4811,4811,0.24613450401183345,1.0,0.24613450401183345
4812,4812,0.5582311254259135,1.0,0.5582311254259135
4813,4813,0.18307635261533117,0.0,0.18307635261533117
4814,4814,0.20504213505636537,0.0,0.20504213505636537
4815,4815,0.4074523871324499,0.0,0.4074523871324499
4816,4816,0.5356890110937986,0.0,0.5356890110937986
4817,4817,0.08351981678965592,0.0,0.08351981678965592
4818,4818,0.554217981452321,1.0,0.554217981452321
4819,4819,0.6607229585161927,0.0,0.6607229585161927
4820,4820,0.6590824899387794,1.0,0.6590824899387794
4821,4821,0.8671836230912011,0.0,0.8671836230912011
4822,4822,0.5505303483945617,0.0,0.5505303483945617
4823,4823,0.5535807349125988,1.0,0.5535807349125988
4824,4824,0.6826523626141823,0.0,0.6826523626141823
4825,4825,0.9619385271075012,1.0,0.9619385271075012
4826,4826,0.7944560274210567,1.0,0.7944560274210567
4827,4827,0.11276549644584122,0.0,0.11276549644584122
4828,4828,0.9049706236978785,1.0,0.9049706236978785
4829,4829,0.6463709679852209,1.0,0.6463709679852209
4830,4830,0.59822797132463,1.0,0.59822797132463
4831,4831,0.27111565898489365,0.0,0.27111565898489365
4832,4832,0.23963983169683922,0.0,0.23963983169683922
4833,4833,0.48840831714574906,1.0,0.48840831714574906
4834,4834,0.10693088954680086,0.0,0.10693088954680086
4835,4835,0.034178134792567705,0.0,0.034178134792567705
4836,4836,0.23223688281112365,0.0,0.23223688281112365
4837,4837,0.8218244020536225,1.0,0.8218244020536225
4838,4838,0.20840663491502032,0.0,0.20840663491502032
4839,4839,0.8100679086891682,1.0,0.8100679086891682
4840,4840,0.5989157271644284,1.0,0.5989157271644284
4841,4841,0.844427013285857,0.0,0.844427013285857
4842,4842,0.2983313197333436,0.0,0.2983313197333436
4843,4843,0.20861778551427468,0.0,0.20861778551427468
4844,4844,0.3060571586918678,0.0,0.3060571586918678
4845,4845,0.16037408890366522,0.0,0.16037408890366522
4846,4846,0.2982259410445721,0.0,0.2982259410445721
4847,4847,0.9390623245442185,1.0,0.9390623245442185
4848,4848,0.888244148369717,1.0,0.888244148369717
4849,4849,0.515152283427945,1.0,0.515152283427945
4850,4850,0.2263394620689302,1.0,0.2263394620689302
4851,4851,0.6925177960779556,0.0,0.6925177960779556
4852,4852,0.48997836862030253,1.0,0.48997836862030253
4853,4853,0.38164552299609256,0.0,0.38164552299609256
4854,4854,0.283320928692094,0.0,0.283320928692094
4855,4855,0.37859892248521265,0.0,0.37859892248521265
4856,4856,0.5912676218485373,1.0,0.5912676218485373
4857,4857,0.056829499003653194,0.0,0.056829499003653194
4858,4858,0.1039249101444506,0.0,0.1039249101444506
4859,4859,0.27423063937976133,1.0,0.27423063937976133
4860,4860,0.45667822106658773,0.0,0.45667822106658773
4861,4861,0.25830503588520903,0.0,0.25830503588520903
4862,4862,0.6384055641113008,1.0,0.6384055641113008
4863,4863,0.21770490808927534,0.0,0.21770490808927534
4864,4864,0.6498822963532138,0.0,0.6498822963532138
4865,4865,0.23548254528051094,0.0,0.23548254528051094
4866,4866,0.8677883299232968,1.0,0.8677883299232968
4867,4867,0.012556801435813503,0.0,0.012556801435813503
4868,4868,0.163233864763643,0.0,0.163233864763643
4869,4869,0.6871657767444947,1.0,0.6871657767444947
4870,4870,0.5796978549027885,1.0,0.5796978549027885
4871,4871,0.40926387893123717,0.0,0.40926387893123717
4872,4872,0.7624606466865662,0.0,0.7624606466865662
4873,4873,0.9560948977378365,1.0,0.9560948977378365
4874,4874,0.993564445819089,1.0,0.993564445819089
4875,4875,0.9477043760929919,1.0,0.9477043760929919
4876,4876,0.5073831226497851,0.0,0.5073831226497851
4877,4877,0.2968938373990261,0.0,0.2968938373990261
4878,4878,0.5007405452676009,1.0,0.5007405452676009
4879,4879,0.764959977933206,0.0,0.764959977933206
4880,4880,0.21934237160767023,1.0,0.21934237160767023
4881,4881,0.7161656748818427,1.0,0.7161656748818427
4882,4882,0.11917124128418555,0.0,0.11917124128418555
4883,4883,0.13537612156520407,1.0,0.13537612156520407
4884,4884,0.4337135434062558,0.0,0.4337135434062558
4885,4885,0.7486405573648649,0.0,0.7486405573648649
4886,4886,0.20197722947596164,0.0,0.20197722947596164
4887,4887,0.35346045114046454,1.0,0.35346045114046454
4888,4888,0.34701338395260384,0.0,0.34701338395260384
4889,4889,0.5127321339907291,1.0,0.5127321339907291
4890,4890,0.8456386480916587,1.0,0.8456386480916587
4891,4891,0.6135500391230783,0.0,0.6135500391230783
4892,4892,0.7203874266718594,1.0,0.7203874266718594
4893,4893,0.401372485037492,0.0,0.401372485037492
4894,4894,0.3616154322244587,0.0,0.3616154322244587
4895,4895,0.027497439885975306,0.0,0.027497439885975306
4896,4896,0.7999740554119034,0.0,0.7999740554119034
4897,4897,0.1210888682679695,1.0,0.1210888682679695
4898,4898,0.774415111775528,1.0,0.774415111775528
4899,4899,0.6678926046104565,0.0,0.6678926046104565
4900,4900,0.8798917464825926,1.0,0.8798917464825926
4901,4901,0.4100347822400603,0.0,0.4100347822400603
4902,4902,0.2877756504894501,0.0,0.2877756504894501
4903,4903,0.7851074506752258,0.0,0.7851074506752258
4904,4904,0.16765078678816703,0.0,0.16765078678816703
4905,4905,0.45740448214854257,1.0,0.45740448214854257
4906,4906,0.960048689220805,1.0,0.960048689220805
4907,4907,0.9633831259720339,1.0,0.9633831259720339
4908,4908,0.19594841915374595,0.0,0.19594841915374595
4909,4909,0.09879847640343942,0.0,0.09879847640343942
4910,4910,0.6348840794508046,0.0,0.6348840794508046
4911,4911,0.35540398996133493,0.0,0.35540398996133493
4912,4912,0.014315601124655464,0.0,0.014315601124655464
4913,4913,0.7563860800952872,1.0,0.7563860800952872
4914,4914,0.26725552063806934,1.0,0.26725552063806934
4915,4915,0.35010189574594286,1.0,0.35010189574594286
4916,4916,0.6348811130028411,0.0,0.6348811130028411
4917,4917,0.7351126352503193,1.0,0.7351126352503193
4918,4918,0.6177216697148649,1.0,0.6177216697148649
4919,4919,0.4898790044621669,1.0,0.4898790044621669
4920,4920,0.8738457093378255,1.0,0.8738457093378255
4921,4921,0.8667447423292053,1.0,0.8667447423292053
4922,4922,0.7702141532473927,1.0,0.7702141532473927
4923,4923,0.8725714937522194,1.0,0.8725714937522194
4924,4924,0.25887400461015886,0.0,0.25887400461015886
4925,4925,0.03732336283090132,1.0,0.03732336283090132
4926,4926,0.4744881696349138,1.0,0.4744881696349138
4927,4927,0.28427744651606157,0.0,0.28427744651606157
4928,4928,0.25218932739788746,0.0,0.25218932739788746
4929,4929,0.6072415410472909,1.0,0.6072415410472909
4930,4930,0.8686281526032841,1.0,0.8686281526032841
4931,4931,0.27691532242360317,0.0,0.27691532242360317
4932,4932,0.18568797578605256,0.0,0.18568797578605256
4933,4933,0.9071006223154287,1.0,0.9071006223154287
4934,4934,0.7540107884310555,1.0,0.7540107884310555
4935,4935,0.5268527841543305,1.0,0.5268527841543305
4936,4936,0.17415307179340078,1.0,0.17415307179340078
4937,4937,0.501243708480665,1.0,0.501243708480665
4938,4938,0.6290526411796933,1.0,0.6290526411796933
4939,4939,0.45638527652620087,1.0,0.45638527652620087
4940,4940,0.675942766148272,0.0,0.675942766148272
4941,4941,0.1474942630451832,0.0,0.1474942630451832
4942,4942,0.5705584430459516,0.0,0.5705584430459516
4943,4943,0.4160444740675058,1.0,0.4160444740675058
4944,4944,0.08818445625163662,0.0,0.08818445625163662
4945,4945,0.13227763772136025,0.0,0.13227763772136025
4946,4946,0.27715427700508655,0.0,0.27715427700508655
4947,4947,0.6755921075960242,1.0,0.6755921075960242
4948,4948,0.3127577176001436,1.0,0.3127577176001436
4949,4949,0.24346255839207553,0.0,0.24346255839207553
4950,4950,0.4761545161416654,1.0,0.4761545161416654
4951,4951,0.3277881290423733,1.0,0.3277881290423733
4952,4952,0.9759778523393373,1.0,0.9759778523393373
4953,4953,0.9455553724087294,1.0,0.9455553724087294
4954,4954,0.4538188925114225,1.0,0.4538188925114225
4955,4955,0.10256469773258714,0.0,0.10256469773258714
4956,4956,0.706588256383813,0.0,0.706588256383813
4957,4957,0.6689626478040083,1.0,0.6689626478040083
4958,4958,0.047211954095024766,0.0,0.047211954095024766
4959,4959,0.2628005532618841,0.0,0.2628005532618841
4960,4960,0.34146114676704753,1.0,0.34146114676704753
4961,4961,0.7993396924391509,1.0,0.7993396924391509
4962,4962,0.733107145846017,1.0,0.733107145846017
4963,4963,0.3960396345831664,1.0,0.3960396345831664
4964,4964,0.12671471878919827,0.0,0.12671471878919827
4965,4965,0.9995740517810742,1.0,0.9995740517810742
4966,4966,0.6088622324224292,0.0,0.6088622324224292
4967,4967,0.1739320029277387,0.0,0.1739320029277387
4968,4968,0.5552383326175315,1.0,0.5552383326175315
4969,4969,0.26282650833870336,0.0,0.26282650833870336
4970,4970,0.3835015069821388,0.0,0.3835015069821388
4971,4971,0.9091340534531149,1.0,0.9091340534531149
4972,4972,0.8601014536201853,1.0,0.8601014536201853
4973,4973,0.3917210825275602,1.0,0.3917210825275602
4974,4974,0.6598168779534648,0.0,0.6598168779534648
4975,4975,0.8910732457057213,1.0,0.8910732457057213
4976,4976,0.9797408743504272,1.0,0.9797408743504272
4977,4977,0.8493641033101449,1.0,0.8493641033101449
4978,4978,0.09056734240158448,0.0,0.09056734240158448
4979,4979,0.46904843414528397,0.0,0.46904843414528397
4980,4980,0.48655994218658727,1.0,0.48655994218658727
4981,4981,0.6326117301898554,1.0,0.6326117301898554
4982,4982,0.37761504882056673,0.0,0.37761504882056673
4983,4983,0.777189740148156,1.0,0.777189740148156
4984,4984,0.6894101150426489,1.0,0.6894101150426489
4985,4985,0.04398250513233448,0.0,0.04398250513233448
4986,4986,0.49222384295371635,0.0,0.49222384295371635
4987,4987,0.45847342957904247,0.0,0.45847342957904247
4988,4988,0.5767060385382702,0.0,0.5767060385382702
4989,4989,0.591382978323081,1.0,0.591382978323081
4990,4990,0.18407682465517172,0.0,0.18407682465517172
4991,4991,0.5063749839555496,1.0,0.5063749839555496
4992,4992,0.7670102729028657,1.0,0.7670102729028657
4993,4993,0.4044915672175532,1.0,0.4044915672175532
4994,4994,0.758292483644845,1.0,0.758292483644845
4995,4995,0.4922016176598857,1.0,0.4922016176598857
4996,4996,0.03225191391738713,0.0,0.03225191391738713
4997,4997,0.46548119591359827,1.0,0.46548119591359827
4998,4998,0.126721264578864,0.0,0.126721264578864
4999,4999,0.8677356267970187,0.0,0.8677356267970187
5000,5000,0.6862536104029463,0.0,0.6862536104029463
5001,5001,0.7714589496465856,1.0,0.7714589496465856
5002,5002,0.4854163509194619,1.0,0.4854163509194619
5003,5003,0.7333616806079662,1.0,0.7333616806079662
5004,5004,0.8165134437601519,0.0,0.8165134437601519
5005,5005,0.7907475148278096,1.0,0.7907475148278096
5006,5006,0.09600843396856618,0.0,0.09600843396856618
5007,5007,0.5427581987923706,0.0,0.5427581987923706
5008,5008,0.9227009029078128,1.0,0.9227009029078128
5009,5009,0.8384931306846715,1.0,0.8384931306846715
5010,5010,0.23343799791218856,0.0,0.23343799791218856
5011,5011,0.9548735672228713,1.0,0.9548735672228713
5012,5012,0.19003355162940372,0.0,0.19003355162940372
5013,5013,0.20479630666359072,0.0,0.20479630666359072
5014,5014,0.3136471997335517,1.0,0.3136471997335517
5015,5015,0.9589717765629435,1.0,0.9589717765629435
5016,5016,0.7071036469603593,1.0,0.7071036469603593
5017,5017,0.8256745548387499,0.0,0.8256745548387499
5018,5018,0.3088207223905266,0.0,0.3088207223905266
5019,5019,0.42977462463970895,0.0,0.42977462463970895
5020,5020,0.3425656250062058,0.0,0.3425656250062058
5021,5021,0.09985364145206832,0.0,0.09985364145206832
5022,5022,0.4562524718319838,0.0,0.4562524718319838
5023,5023,0.6601353666070997,0.0,0.6601353666070997
5024,5024,0.7478511097594102,0.0,0.7478511097594102
5025,5025,0.6167232906610598,1.0,0.6167232906610598
5026,5026,0.9774736471056028,1.0,0.9774736471056028
5027,5027,0.3066572023497499,0.0,0.3066572023497499
5028,5028,0.3822636664064274,1.0,0.3822636664064274
5029,5029,0.994201711315824,1.0,0.994201711315824
5030,5030,0.5403530429089327,1.0,0.5403530429089327
5031,5031,0.9379832793710831,1.0,0.9379832793710831
5032,5032,0.04690537557366248,0.0,0.04690537557366248
5033,5033,0.6479139079196277,1.0,0.6479139079196277
5034,5034,0.7133154844187839,1.0,0.7133154844187839
5035,5035,0.30678723475990133,1.0,0.30678723475990133
5036,5036,0.07965297183929942,0.0,0.07965297183929942
5037,5037,0.03789359908718948,0.0,0.03789359908718948
5038,5038,0.6646814230510681,1.0,0.6646814230510681
5039,5039,0.6330664645615036,1.0,0.6330664645615036
5040,5040,0.7361355048805326,1.0,0.7361355048805326
5041,5041,0.4526271991992211,0.0,0.4526271991992211
5042,5042,0.25340731467486965,0.0,0.25340731467486965
5043,5043,0.7375558372528046,1.0,0.7375558372528046
5044,5044,0.33262773034709914,1.0,0.33262773034709914
5045,5045,0.6582641117151461,1.0,0.6582641117151461
5046,5046,0.2753650584502282,0.0,0.2753650584502282
5047,5047,0.43636619358814555,0.0,0.43636619358814555
5048,5048,0.6942694719587228,0.0,0.6942694719587228
5049,5049,0.6753947938477495,0.0,0.6753947938477495
5050,5050,0.7718302263740862,1.0,0.7718302263740862
5051,5051,0.8224042320144006,0.0,0.8224042320144006
5052,5052,0.12242490327389044,0.0,0.12242490327389044
5053,5053,0.9347751147104213,1.0,0.9347751147104213
5054,5054,0.5226174307547394,0.0,0.5226174307547394
5055,5055,0.1805699717460213,0.0,0.1805699717460213
5056,5056,0.41389484990725234,0.0,0.41389484990725234
5057,5057,0.9712021004698707,1.0,0.9712021004698707
5058,5058,0.9180613028899576,1.0,0.9180613028899576
5059,5059,0.28292546008078856,0.0,0.28292546008078856
5060,5060,0.9015594212323466,1.0,0.9015594212323466
5061,5061,0.078960950756373,0.0,0.078960950756373
5062,5062,0.34584521372947286,0.0,0.34584521372947286
5063,5063,0.8275753713889409,1.0,0.8275753713889409
5064,5064,0.3373112670486995,1.0,0.3373112670486995
5065,5065,0.2977797191320579,0.0,0.2977797191320579
5066,5066,0.4404202524780707,1.0,0.4404202524780707
5067,5067,0.6596286172153877,0.0,0.6596286172153877
5068,5068,0.5416612557094949,1.0,0.5416612557094949
5069,5069,0.2535311224544422,1.0,0.2535311224544422
5070,5070,0.2888276320420936,1.0,0.2888276320420936
5071,5071,0.00012442710374904742,0.0,0.00012442710374904742
5072,5072,0.8804711320971509,1.0,0.8804711320971509
5073,5073,0.7423824939311129,1.0,0.7423824939311129
5074,5074,0.5638510613041717,1.0,0.5638510613041717
5075,5075,0.756657361841642,0.0,0.756657361841642
5076,5076,0.7102527855875718,1.0,0.7102527855875718
5077,5077,0.9197828615391047,1.0,0.9197828615391047
5078,5078,0.3156417103277861,0.0,0.3156417103277861
5079,5079,0.8175925000092662,1.0,0.8175925000092662
5080,5080,0.7808272668245506,1.0,0.7808272668245506
5081,5081,0.23071242553856086,0.0,0.23071242553856086
5082,5082,0.057370369894210294,0.0,0.057370369894210294
5083,5083,0.16789736449094506,0.0,0.16789736449094506
5084,5084,0.16237869262398197,0.0,0.16237869262398197
5085,5085,0.41332669094673513,0.0,0.41332669094673513
5086,5086,0.8990741068777832,1.0,0.8990741068777832
5087,5087,0.8724962374164231,1.0,0.8724962374164231
5088,5088,0.42630057222299345,0.0,0.42630057222299345
5089,5089,0.24090713938687303,0.0,0.24090713938687303
5090,5090,0.22665385314671715,0.0,0.22665385314671715
5091,5091,0.09215208063886127,0.0,0.09215208063886127
5092,5092,0.2911832666666131,0.0,0.2911832666666131
5093,5093,0.4786825271851254,1.0,0.4786825271851254
5094,5094,0.3169393063039331,0.0,0.3169393063039331
5095,5095,0.9245146502129353,1.0,0.9245146502129353
5096,5096,0.42699541888805537,0.0,0.42699541888805537
5097,5097,0.5476337633537814,1.0,0.5476337633537814
5098,5098,0.15948945113792035,0.0,0.15948945113792035
5099,5099,0.11802997105110336,0.0,0.11802997105110336
5100,5100,0.09745373648013522,0.0,0.09745373648013522
5101,5101,0.2373221404193634,0.0,0.2373221404193634
5102,5102,0.3844708508507093,0.0,0.3844708508507093
5103,5103,0.971208581365465,1.0,0.971208581365465
5104,5104,0.7758381273674961,1.0,0.7758381273674961
5105,5105,0.12682830101150355,0.0,0.12682830101150355
5106,5106,0.8496952141555659,1.0,0.8496952141555659
5107,5107,0.7532104288199261,0.0,0.7532104288199261
5108,5108,0.5095402057725511,0.0,0.5095402057725511
5109,5109,0.8827994471070791,1.0,0.8827994471070791
5110,5110,0.8820760868806105,1.0,0.8820760868806105
5111,5111,0.12769517005179576,0.0,0.12769517005179576
5112,5112,0.714175801787544,1.0,0.714175801787544
5113,5113,0.13892750104700258,0.0,0.13892750104700258
5114,5114,0.6306163407546068,1.0,0.6306163407546068
5115,5115,0.5554567999024702,0.0,0.5554567999024702
5116,5116,0.7915191058788023,1.0,0.7915191058788023
5117,5117,0.5036126411756888,1.0,0.5036126411756888
5118,5118,0.21560234531122258,1.0,0.21560234531122258
5119,5119,0.911912793426504,1.0,0.911912793426504
5120,5120,0.19095496102840537,0.0,0.19095496102840537
5121,5121,0.8115651241411823,1.0,0.8115651241411823
5122,5122,0.5149523946271187,1.0,0.5149523946271187
5123,5123,0.9349402855188461,1.0,0.9349402855188461
5124,5124,0.8265988626808098,1.0,0.8265988626808098
5125,5125,0.7932941684946502,1.0,0.7932941684946502
5126,5126,0.22705144572618763,0.0,0.22705144572618763
5127,5127,0.4848173102871677,1.0,0.4848173102871677
5128,5128,0.9720615343293483,0.0,0.9720615343293483
5129,5129,0.3239837538026974,1.0,0.3239837538026974
5130,5130,0.13372545328815444,1.0,0.13372545328815444
5131,5131,0.27357970887309646,0.0,0.27357970887309646
5132,5132,0.7805794802479162,0.0,0.7805794802479162
5133,5133,0.5508776358351981,1.0,0.5508776358351981
5134,5134,0.2741598638599233,0.0,0.2741598638599233
5135,5135,0.4445103822072719,0.0,0.4445103822072719
5136,5136,0.557669127511987,1.0,0.557669127511987
5137,5137,0.2610200518711847,1.0,0.2610200518711847
5138,5138,0.6445124119086408,1.0,0.6445124119086408
5139,5139,0.7027755068508834,0.0,0.7027755068508834
5140,5140,0.6163882747356291,0.0,0.6163882747356291
5141,5141,0.9793204360869053,1.0,0.9793204360869053
5142,5142,0.4438471639430418,0.0,0.4438471639430418
5143,5143,0.1553419816992604,0.0,0.1553419816992604
5144,5144,0.3829961808289042,0.0,0.3829961808289042
5145,5145,0.5238506995173103,0.0,0.5238506995173103
5146,5146,0.6222367840322247,1.0,0.6222367840322247
5147,5147,0.4828124411951288,1.0,0.4828124411951288
5148,5148,0.6429530480305417,1.0,0.6429530480305417
5149,5149,0.8526255594466752,1.0,0.8526255594466752
5150,5150,0.782462280357347,1.0,0.782462280357347
5151,5151,0.2117781609816931,0.0,0.2117781609816931
5152,5152,0.14477621228077753,0.0,0.14477621228077753
5153,5153,0.6070128293207131,1.0,0.6070128293207131
5154,5154,0.7799713545207823,1.0,0.7799713545207823
5155,5155,0.764329049065405,0.0,0.764329049065405
5156,5156,0.16814488152422669,0.0,0.16814488152422669
5157,5157,0.2558031426213876,0.0,0.2558031426213876
5158,5158,0.3843746951740139,1.0,0.3843746951740139
5159,5159,0.6581809324297184,0.0,0.6581809324297184
5160,5160,0.7777725113730501,1.0,0.7777725113730501
5161,5161,0.6179952992976012,1.0,0.6179952992976012
5162,5162,0.996759871477829,1.0,0.996759871477829
5163,5163,0.1678915826662235,0.0,0.1678915826662235
5164,5164,0.19677548787948973,0.0,0.19677548787948973
5165,5165,0.405417415545012,0.0,0.405417415545012
5166,5166,0.7839272705417213,1.0,0.7839272705417213
5167,5167,0.4221445953188261,1.0,0.4221445953188261
5168,5168,0.4424657289984816,0.0,0.4424657289984816
5169,5169,0.9913146359244703,1.0,0.9913146359244703
5170,5170,0.18969158828764088,0.0,0.18969158828764088
5171,5171,0.10271249952619288,0.0,0.10271249952619288
5172,5172,0.507588756737346,1.0,0.507588756737346
5173,5173,0.7540038111305298,0.0,0.7540038111305298
5174,5174,0.5490816428445593,1.0,0.5490816428445593
5175,5175,0.7768686961022516,1.0,0.7768686961022516
5176,5176,0.7077409433619635,0.0,0.7077409433619635
5177,5177,0.07087446551981091,1.0,0.07087446551981091
5178,5178,0.1308134142489491,0.0,0.1308134142489491
5179,5179,0.36749597508563536,0.0,0.36749597508563536
5180,5180,0.4350142221001876,0.0,0.4350142221001876
5181,5181,0.5077752220982684,0.0,0.5077752220982684
5182,5182,0.7692597380068036,0.0,0.7692597380068036
5183,5183,0.8168833393624833,1.0,0.8168833393624833
5184,5184,0.8441164554055106,1.0,0.8441164554055106
5185,5185,0.47488631885846744,0.0,0.47488631885846744
5186,5186,0.3442183670222231,0.0,0.3442183670222231
5187,5187,0.8263450673082469,1.0,0.8263450673082469
5188,5188,0.9075619586998807,1.0,0.9075619586998807
5189,5189,0.6954361213962073,0.0,0.6954361213962073
5190,5190,0.06213355627768058,0.0,0.06213355627768058
5191,5191,0.6957276154605608,1.0,0.6957276154605608
5192,5192,0.8848968602243783,0.0,0.8848968602243783
5193,5193,0.14757117026148658,0.0,0.14757117026148658
5194,5194,0.5552942131642823,0.0,0.5552942131642823
5195,5195,0.1147712042404826,0.0,0.1147712042404826
5196,5196,0.9752817201401744,1.0,0.9752817201401744
5197,5197,0.9430099800319323,1.0,0.9430099800319323
5198,5198,0.08882666467287226,0.0,0.08882666467287226
5199,5199,0.7989086940449389,1.0,0.7989086940449389
5200,5200,0.7651647519402878,0.0,0.7651647519402878
5201,5201,0.31722531084073713,0.0,0.31722531084073713
5202,5202,0.8396133275431997,1.0,0.8396133275431997
5203,5203,0.2274295932589383,0.0,0.2274295932589383
5204,5204,0.2405333525346558,0.0,0.2405333525346558
5205,5205,0.8411565824268576,1.0,0.8411565824268576
5206,5206,0.8497196873857064,0.0,0.8497196873857064
5207,5207,0.9333549929163151,1.0,0.9333549929163151
5208,5208,0.2584104429408729,0.0,0.2584104429408729
5209,5209,0.6951333426881922,1.0,0.6951333426881922
5210,5210,0.8922089063539045,1.0,0.8922089063539045
5211,5211,0.5156803666066172,0.0,0.5156803666066172
5212,5212,0.6453473549623221,0.0,0.6453473549623221
5213,5213,0.863607835106349,1.0,0.863607835106349
5214,5214,0.49073003343865707,1.0,0.49073003343865707
5215,5215,0.7649756727983251,1.0,0.7649756727983251
5216,5216,0.1022204206996542,0.0,0.1022204206996542
5217,5217,0.6768304392311542,0.0,0.6768304392311542
5218,5218,0.5689778717547872,0.0,0.5689778717547872
5219,5219,0.012466729887342543,0.0,0.012466729887342543
5220,5220,0.3402288203188818,0.0,0.3402288203188818
5221,5221,0.5401093445200252,1.0,0.5401093445200252
5222,5222,0.411873465033183,0.0,0.411873465033183
5223,5223,0.754811136240932,1.0,0.754811136240932
5224,5224,0.6069752885768801,0.0,0.6069752885768801
5225,5225,0.22167002478998798,0.0,0.22167002478998798
5226,5226,0.8224665962017451,1.0,0.8224665962017451
5227,5227,0.44698321259468354,0.0,0.44698321259468354
5228,5228,0.3045365930521928,0.0,0.3045365930521928
5229,5229,0.2916594829313045,0.0,0.2916594829313045
5230,5230,0.8342424323976092,1.0,0.8342424323976092
5231,5231,0.8503818220662563,1.0,0.8503818220662563
5232,5232,0.02263192216797527,0.0,0.02263192216797527
5233,5233,0.07693435908756519,0.0,0.07693435908756519
5234,5234,0.04861212790789826,0.0,0.04861212790789826
5235,5235,0.25636309601714113,0.0,0.25636309601714113
5236,5236,0.17628073564402968,0.0,0.17628073564402968
5237,5237,0.9899724171269322,1.0,0.9899724171269322
5238,5238,0.8739249811047237,1.0,0.8739249811047237
5239,5239,0.1420481185746434,0.0,0.1420481185746434
5240,5240,0.22548152856568304,0.0,0.22548152856568304
5241,5241,0.20344648412277277,0.0,0.20344648412277277
5242,5242,0.878248787432281,1.0,0.878248787432281
5243,5243,0.5534100696010676,1.0,0.5534100696010676
5244,5244,0.6835320464146577,0.0,0.6835320464146577
5245,5245,0.5326815709784773,1.0,0.5326815709784773
5246,5246,0.04366133188120047,0.0,0.04366133188120047
5247,5247,0.9211814395359741,1.0,0.9211814395359741
5248,5248,0.6033558846615841,0.0,0.6033558846615841
5249,5249,0.9961061737034851,1.0,0.9961061737034851
5250,5250,0.004399970170107292,0.0,0.004399970170107292
5251,5251,0.6558947528611127,1.0,0.6558947528611127
5252,5252,0.5269292348394775,1.0,0.5269292348394775
5253,5253,0.7353440676374631,1.0,0.7353440676374631
5254,5254,0.7841268637602715,0.0,0.7841268637602715
5255,5255,0.10840066073041377,0.0,0.10840066073041377
5256,5256,0.4140801610328857,0.0,0.4140801610328857
5257,5257,0.20187303937034817,0.0,0.20187303937034817
5258,5258,0.8771416724034772,1.0,0.8771416724034772
5259,5259,0.49654754481346863,0.0,0.49654754481346863
5260,5260,0.4496627714349879,1.0,0.4496627714349879
5261,5261,0.93273166186254,1.0,0.93273166186254
5262,5262,0.16759796498637247,0.0,0.16759796498637247
5263,5263,0.6461087088715015,1.0,0.6461087088715015
5264,5264,0.7470372032353698,0.0,0.7470372032353698
5265,5265,0.5194554418240288,1.0,0.5194554418240288
5266,5266,0.1290407311840105,0.0,0.1290407311840105
5267,5267,0.5045164457444842,1.0,0.5045164457444842
5268,5268,0.034139746792729575,0.0,0.034139746792729575
5269,5269,0.7121526601409677,1.0,0.7121526601409677
5270,5270,0.31855173537927894,0.0,0.31855173537927894
5271,5271,0.49777437143079084,0.0,0.49777437143079084
5272,5272,0.14560764777445367,1.0,0.14560764777445367
5273,5273,0.22624193461240705,0.0,0.22624193461240705
5274,5274,0.8304829660492483,1.0,0.8304829660492483
5275,5275,0.9963123275451982,1.0,0.9963123275451982
5276,5276,0.258984270881214,0.0,0.258984270881214
5277,5277,0.5432151668206197,1.0,0.5432151668206197
5278,5278,0.400928028268993,1.0,0.400928028268993
5279,5279,0.9248706551705596,1.0,0.9248706551705596
5280,5280,0.2725292367330868,1.0,0.2725292367330868
5281,5281,0.8422072433820758,1.0,0.8422072433820758
5282,5282,0.8750779106562285,1.0,0.8750779106562285
5283,5283,0.9905898222929145,1.0,0.9905898222929145
5284,5284,0.9805772172922075,1.0,0.9805772172922075
5285,5285,0.6578788676184064,0.0,0.6578788676184064
5286,5286,0.2404201530875243,0.0,0.2404201530875243
5287,5287,0.724108350476765,0.0,0.724108350476765
5288,5288,0.5564259086756739,1.0,0.5564259086756739
5289,5289,0.017128428673224838,0.0,0.017128428673224838
5290,5290,0.46848933575852914,0.0,0.46848933575852914
5291,5291,0.22394089389021044,0.0,0.22394089389021044
5292,5292,0.16712348746155425,0.0,0.16712348746155425
5293,5293,0.4503283509762229,1.0,0.4503283509762229
5294,5294,0.4622311836584002,0.0,0.4622311836584002
5295,5295,0.36285312547734794,0.0,0.36285312547734794
5296,5296,0.7787372182196866,1.0,0.7787372182196866
5297,5297,0.1501582535770314,0.0,0.1501582535770314
5298,5298,0.7182782861501048,0.0,0.7182782861501048
5299,5299,0.2481300491481564,0.0,0.2481300491481564
5300,5300,0.26521290602565006,0.0,0.26521290602565006
5301,5301,0.7200173680638722,1.0,0.7200173680638722
5302,5302,0.19934454599150775,0.0,0.19934454599150775
5303,5303,0.9826581883968748,1.0,0.9826581883968748
5304,5304,0.08208681402137785,0.0,0.08208681402137785
5305,5305,0.46823853507896007,1.0,0.46823853507896007
5306,5306,0.028906528959168454,0.0,0.028906528959168454
5307,5307,0.07229275139371871,1.0,0.07229275139371871
5308,5308,0.08107592492578586,0.0,0.08107592492578586
5309,5309,0.15464534104077277,0.0,0.15464534104077277
5310,5310,0.6590302727972359,1.0,0.6590302727972359
5311,5311,0.5031342690661741,1.0,0.5031342690661741
5312,5312,0.6747811046261744,1.0,0.6747811046261744
5313,5313,0.2217014898605505,0.0,0.2217014898605505
5314,5314,0.24264549573826621,0.0,0.24264549573826621
5315,5315,0.8613466028347485,1.0,0.8613466028347485
5316,5316,0.21806606761301506,0.0,0.21806606761301506
5317,5317,0.1923872805153135,0.0,0.1923872805153135
5318,5318,0.22984305765347768,0.0,0.22984305765347768
5319,5319,0.5665100739243427,1.0,0.5665100739243427
5320,5320,0.9183438358467182,1.0,0.9183438358467182
5321,5321,0.8969966098935176,1.0,0.8969966098935176
5322,5322,0.2874374359295532,0.0,0.2874374359295532
5323,5323,0.31890101933813,1.0,0.31890101933813
5324,5324,0.6192129128058522,0.0,0.6192129128058522
5325,5325,0.63882650818884,1.0,0.63882650818884
5326,5326,0.031139611252847477,0.0,0.031139611252847477
5327,5327,0.7135964398658329,0.0,0.7135964398658329
5328,5328,0.9489169937983112,1.0,0.9489169937983112
5329,5329,0.14540123236052205,0.0,0.14540123236052205
5330,5330,0.022210025010341528,0.0,0.022210025010341528
5331,5331,0.6959316693564256,1.0,0.6959316693564256
5332,5332,0.595361035518326,1.0,0.595361035518326
5333,5333,0.8657669429713554,1.0,0.8657669429713554
5334,5334,0.36336579003826397,1.0,0.36336579003826397
5335,5335,0.33792813323566795,1.0,0.33792813323566795
5336,5336,0.7577116473385022,0.0,0.7577116473385022
5337,5337,0.2303536157418241,0.0,0.2303536157418241
5338,5338,0.6210272306383784,1.0,0.6210272306383784
5339,5339,0.6125671626294282,1.0,0.6125671626294282
5340,5340,0.35842918287964687,0.0,0.35842918287964687
5341,5341,0.3286929509464782,0.0,0.3286929509464782
5342,5342,0.8626821209151057,1.0,0.8626821209151057
5343,5343,0.5612697553616858,1.0,0.5612697553616858
5344,5344,0.6503620953485061,0.0,0.6503620953485061
5345,5345,0.6636863610236307,1.0,0.6636863610236307
5346,5346,0.5072809047782295,0.0,0.5072809047782295
5347,5347,0.4318804936537114,1.0,0.4318804936537114
5348,5348,0.9998116488936041,1.0,0.9998116488936041
5349,5349,0.01903115573855796,0.0,0.01903115573855796
5350,5350,0.28745431687171863,1.0,0.28745431687171863
5351,5351,0.10638108853292083,1.0,0.10638108853292083
5352,5352,0.01694015091837442,0.0,0.01694015091837442
5353,5353,0.009578145092185686,0.0,0.009578145092185686
5354,5354,0.7844640932750215,0.0,0.7844640932750215
5355,5355,0.43749010127965127,1.0,0.43749010127965127
5356,5356,0.9354482177383772,1.0,0.9354482177383772
5357,5357,0.20537183392624092,0.0,0.20537183392624092
5358,5358,0.8151990862357803,1.0,0.8151990862357803
5359,5359,0.2721287883404947,0.0,0.2721287883404947
5360,5360,0.38117964133409843,1.0,0.38117964133409843
5361,5361,0.016069822703936754,0.0,0.016069822703936754
5362,5362,0.5286899113951573,1.0,0.5286899113951573
5363,5363,0.16567753738036095,0.0,0.16567753738036095
5364,5364,0.631234642593358,0.0,0.631234642593358
5365,5365,0.9139991417104417,1.0,0.9139991417104417
5366,5366,0.3573744794007361,1.0,0.3573744794007361
5367,5367,0.9261265964570569,1.0,0.9261265964570569
5368,5368,0.5521191522585134,0.0,0.5521191522585134
5369,5369,0.08842553547381893,0.0,0.08842553547381893
5370,5370,0.7060507360170237,0.0,0.7060507360170237
5371,5371,0.0006653630900667062,0.0,0.0006653630900667062
5372,5372,0.4536456757892656,1.0,0.4536456757892656
5373,5373,0.4775207507752358,1.0,0.4775207507752358
5374,5374,0.2501071986334088,0.0,0.2501071986334088
5375,5375,0.4796217934438576,1.0,0.4796217934438576
5376,5376,0.9449543510575812,1.0,0.9449543510575812
5377,5377,0.12281331703747445,0.0,0.12281331703747445
5378,5378,0.7339396052175193,0.0,0.7339396052175193
5379,5379,0.4083198758341391,0.0,0.4083198758341391
5380,5380,0.38611795680579186,0.0,0.38611795680579186
5381,5381,0.34555782354128806,1.0,0.34555782354128806
5382,5382,0.16564603614996054,0.0,0.16564603614996054
5383,5383,0.19206444950317514,0.0,0.19206444950317514
5384,5384,0.03429195490056425,0.0,0.03429195490056425
5385,5385,0.8256721915799189,1.0,0.8256721915799189
5386,5386,0.4950070584494851,0.0,0.4950070584494851
5387,5387,0.4371282759893024,0.0,0.4371282759893024
5388,5388,0.016401270488934916,0.0,0.016401270488934916
5389,5389,0.7317330736862849,1.0,0.7317330736862849
5390,5390,0.7456450717290675,1.0,0.7456450717290675
5391,5391,0.6372864081627028,1.0,0.6372864081627028
5392,5392,0.3770552321302222,0.0,0.3770552321302222
5393,5393,0.9765452809983649,1.0,0.9765452809983649
5394,5394,0.8558112461940766,1.0,0.8558112461940766
5395,5395,0.7914157302644806,1.0,0.7914157302644806
5396,5396,0.8533359275172143,1.0,0.8533359275172143
5397,5397,0.7218837785046387,1.0,0.7218837785046387
5398,5398,0.8512953743381205,1.0,0.8512953743381205
5399,5399,0.10478430361225266,0.0,0.10478430361225266
5400,5400,0.7294549064719706,1.0,0.7294549064719706
5401,5401,0.6809009910505356,1.0,0.6809009910505356
5402,5402,0.68165801601266,1.0,0.68165801601266
5403,5403,0.7866555914786237,0.0,0.7866555914786237
5404,5404,0.8370322120911795,1.0,0.8370322120911795
5405,5405,0.216230652198673,0.0,0.216230652198673
5406,5406,0.37425629579730735,0.0,0.37425629579730735
5407,5407,0.46790385715366134,0.0,0.46790385715366134
5408,5408,0.5419173170346727,1.0,0.5419173170346727
5409,5409,0.6845142655069162,1.0,0.6845142655069162
5410,5410,0.06117210033232734,0.0,0.06117210033232734
5411,5411,0.11862482987752776,0.0,0.11862482987752776
5412,5412,0.5803859567796172,0.0,0.5803859567796172
5413,5413,0.9623398887908939,1.0,0.9623398887908939
5414,5414,0.7085717152031811,1.0,0.7085717152031811
5415,5415,0.3118048269564323,0.0,0.3118048269564323
5416,5416,0.45205704256307666,1.0,0.45205704256307666
5417,5417,0.43375617931072574,1.0,0.43375617931072574
5418,5418,0.7550407705784001,1.0,0.7550407705784001
5419,5419,0.576770021030151,0.0,0.576770021030151
5420,5420,0.8993882600137598,1.0,0.8993882600137598
5421,5421,0.6633859419412208,1.0,0.6633859419412208
5422,5422,0.31696760051831296,1.0,0.31696760051831296
5423,5423,0.7284429484202812,0.0,0.7284429484202812
5424,5424,0.34765661983114193,1.0,0.34765661983114193
5425,5425,0.5196556822074488,1.0,0.5196556822074488
5426,5426,0.9074413663280636,1.0,0.9074413663280636
5427,5427,0.8510734474359273,1.0,0.8510734474359273
5428,5428,0.40501971531354064,1.0,0.40501971531354064
5429,5429,0.9343522445990916,1.0,0.9343522445990916
5430,5430,0.051193613791661985,0.0,0.051193613791661985
5431,5431,0.12086161353969249,1.0,0.12086161353969249
5432,5432,0.7076780517483291,1.0,0.7076780517483291
5433,5433,0.43421043132463644,1.0,0.43421043132463644
5434,5434,0.7122185620614926,0.0,0.7122185620614926
5435,5435,0.24423930452812614,0.0,0.24423930452812614
5436,5436,0.5687034032363818,1.0,0.5687034032363818
5437,5437,0.15765715677707426,0.0,0.15765715677707426
5438,5438,0.45847863632914854,0.0,0.45847863632914854
5439,5439,0.36360505043626934,0.0,0.36360505043626934
5440,5440,0.6377770340716618,1.0,0.6377770340716618
5441,5441,0.6821603852945766,0.0,0.6821603852945766
5442,5442,0.25284818104066464,0.0,0.25284818104066464
5443,5443,0.4881159643170063,0.0,0.4881159643170063
5444,5444,0.8764358514027704,1.0,0.8764358514027704
5445,5445,0.9919325485753794,1.0,0.9919325485753794
5446,5446,0.8653019340562297,0.0,0.8653019340562297
5447,5447,0.1520355933238653,0.0,0.1520355933238653
5448,5448,0.14854801121903904,0.0,0.14854801121903904
5449,5449,0.7646721032412453,1.0,0.7646721032412453
5450,5450,0.33371297781269593,0.0,0.33371297781269593
5451,5451,0.9122139258945787,1.0,0.9122139258945787
5452,5452,0.3619723537812338,1.0,0.3619723537812338
5453,5453,0.0015436682784505384,0.0,0.0015436682784505384
5454,5454,0.31303020295358275,0.0,0.31303020295358275
5455,5455,0.6827007355484407,0.0,0.6827007355484407
5456,5456,0.8614536029721923,1.0,0.8614536029721923
5457,5457,0.6963066909401332,0.0,0.6963066909401332
5458,5458,0.04415442839884842,0.0,0.04415442839884842
5459,5459,0.0028467432169546614,0.0,0.0028467432169546614
5460,5460,0.4955884058704636,0.0,0.4955884058704636
5461,5461,0.44123755110826424,1.0,0.44123755110826424
5462,5462,0.606313763447877,1.0,0.606313763447877
5463,5463,0.5134337995000661,1.0,0.5134337995000661
5464,5464,0.1201693654403353,1.0,0.1201693654403353
5465,5465,0.7959263645647203,1.0,0.7959263645647203
5466,5466,0.5126093951011205,1.0,0.5126093951011205
5467,5467,0.6470136733772254,1.0,0.6470136733772254
5468,5468,0.5319043731402338,0.0,0.5319043731402338
5469,5469,0.14506694610739734,0.0,0.14506694610739734
5470,5470,0.2381643026756871,1.0,0.2381643026756871
5471,5471,0.24634746978581157,0.0,0.24634746978581157
5472,5472,0.6169716131216164,1.0,0.6169716131216164
5473,5473,0.1332785564531339,1.0,0.1332785564531339
5474,5474,0.5566019476341529,1.0,0.5566019476341529
5475,5475,0.01906792882621544,0.0,0.01906792882621544
5476,5476,0.24998933819423474,0.0,0.24998933819423474
5477,5477,0.04809059054684217,0.0,0.04809059054684217
5478,5478,0.5680462356703967,0.0,0.5680462356703967
5479,5479,0.4200881247292221,1.0,0.4200881247292221
5480,5480,0.6018519035853088,1.0,0.6018519035853088
5481,5481,0.4926916619374758,0.0,0.4926916619374758
5482,5482,0.9039945383428755,0.0,0.9039945383428755
5483,5483,0.12929273835193889,0.0,0.12929273835193889
5484,5484,0.605940442675344,0.0,0.605940442675344
5485,5485,0.6754501941291879,0.0,0.6754501941291879
5486,5486,0.6542614674863217,0.0,0.6542614674863217
5487,5487,0.8550357361390922,1.0,0.8550357361390922
5488,5488,0.046043476817838824,0.0,0.046043476817838824
5489,5489,0.11139576665731787,0.0,0.11139576665731787
5490,5490,0.12652274698414478,0.0,0.12652274698414478
5491,5491,0.0739215840760743,0.0,0.0739215840760743
5492,5492,0.3785804327257034,0.0,0.3785804327257034
5493,5493,0.912445203110287,1.0,0.912445203110287
5494,5494,0.8581526507054377,1.0,0.8581526507054377
5495,5495,0.2640966833791022,0.0,0.2640966833791022
5496,5496,0.5752357137658555,1.0,0.5752357137658555
5497,5497,0.10315746369665968,0.0,0.10315746369665968
5498,5498,0.8555668885758315,1.0,0.8555668885758315
5499,5499,0.3627741228111867,0.0,0.3627741228111867
5500,5500,0.17470675237821776,0.0,0.17470675237821776
5501,5501,0.6704863713035186,1.0,0.6704863713035186
5502,5502,0.0332382909278347,0.0,0.0332382909278347
5503,5503,0.49277175911862814,0.0,0.49277175911862814
5504,5504,0.14392261116257032,0.0,0.14392261116257032
5505,5505,0.6704334977266247,1.0,0.6704334977266247
5506,5506,0.9588321181040873,1.0,0.9588321181040873
5507,5507,0.9775503917853877,1.0,0.9775503917853877
5508,5508,0.17184694192484862,0.0,0.17184694192484862
5509,5509,0.13706234452087274,0.0,0.13706234452087274
5510,5510,0.2793691767145483,0.0,0.2793691767145483
5511,5511,0.608387207740202,1.0,0.608387207740202
5512,5512,0.1232109968244669,0.0,0.1232109968244669
5513,5513,0.6448875312371835,0.0,0.6448875312371835
5514,5514,0.962731305932133,1.0,0.962731305932133
5515,5515,0.010930937068377333,0.0,0.010930937068377333
5516,5516,0.27415189681336694,1.0,0.27415189681336694
5517,5517,0.6014608260024684,0.0,0.6014608260024684
5518,5518,0.0687302888236756,0.0,0.0687302888236756
5519,5519,0.720180328632145,1.0,0.720180328632145
5520,5520,0.2455530254741276,0.0,0.2455530254741276
5521,5521,0.9023269709754241,1.0,0.9023269709754241
5522,5522,0.9670377965286706,1.0,0.9670377965286706
5523,5523,0.8817664449074382,1.0,0.8817664449074382
5524,5524,0.8103882562773709,1.0,0.8103882562773709
5525,5525,0.5185797157478544,0.0,0.5185797157478544
5526,5526,0.17507725290153564,0.0,0.17507725290153564
5527,5527,0.49961200833542596,0.0,0.49961200833542596
5528,5528,0.21156450708164887,0.0,0.21156450708164887
5529,5529,0.7418765298887461,1.0,0.7418765298887461
5530,5530,0.6929297604146987,1.0,0.6929297604146987
5531,5531,0.2441645639047194,0.0,0.2441645639047194
5532,5532,0.08173981718480261,1.0,0.08173981718480261
5533,5533,0.21787579412355618,0.0,0.21787579412355618
5534,5534,0.5516722857336245,1.0,0.5516722857336245
5535,5535,0.36785529704105147,0.0,0.36785529704105147
5536,5536,0.027524822234417545,1.0,0.027524822234417545
5537,5537,0.9025362538253473,0.0,0.9025362538253473
5538,5538,0.4506824250444972,1.0,0.4506824250444972
5539,5539,0.32536144148914636,0.0,0.32536144148914636
5540,5540,0.7395146523587179,1.0,0.7395146523587179
5541,5541,0.6425778585222708,0.0,0.6425778585222708
5542,5542,0.7855408436651161,1.0,0.7855408436651161
5543,5543,0.9900529934803727,1.0,0.9900529934803727
5544,5544,0.8653621993403338,1.0,0.8653621993403338
5545,5545,0.9932795445294487,1.0,0.9932795445294487
5546,5546,0.07474704770828389,0.0,0.07474704770828389
5547,5547,0.17932753450998207,0.0,0.17932753450998207
5548,5548,0.3084165547804639,0.0,0.3084165547804639
5549,5549,0.34348386667810726,0.0,0.34348386667810726
5550,5550,0.4635352733522823,1.0,0.4635352733522823
5551,5551,0.4319314592853146,1.0,0.4319314592853146
5552,5552,0.6349531032693727,1.0,0.6349531032693727
5553,5553,0.15552553118534473,0.0,0.15552553118534473
5554,5554,0.5791952099693413,1.0,0.5791952099693413
5555,5555,0.09862026331369267,0.0,0.09862026331369267
5556,5556,0.9632857470459945,1.0,0.9632857470459945
5557,5557,0.34228105945446474,0.0,0.34228105945446474
5558,5558,0.2805332792675388,0.0,0.2805332792675388
5559,5559,0.5000400427709337,0.0,0.5000400427709337
5560,5560,0.7852154859927026,0.0,0.7852154859927026
5561,5561,0.8619102335993261,1.0,0.8619102335993261
5562,5562,0.8011726939778738,1.0,0.8011726939778738
5563,5563,0.19786133260738648,1.0,0.19786133260738648
5564,5564,0.6851650147026804,1.0,0.6851650147026804
5565,5565,0.6998875258893136,1.0,0.6998875258893136
5566,5566,0.7182802982151422,1.0,0.7182802982151422
5567,5567,0.20356379311386819,0.0,0.20356379311386819
5568,5568,0.6640534466740312,1.0,0.6640534466740312
5569,5569,0.7418339338483759,0.0,0.7418339338483759
5570,5570,0.638516946723416,1.0,0.638516946723416
5571,5571,0.7159856796627706,0.0,0.7159856796627706
5572,5572,0.1570242362441282,0.0,0.1570242362441282
5573,5573,0.8095460919562306,1.0,0.8095460919562306
5574,5574,0.6663402516840523,1.0,0.6663402516840523
5575,5575,0.8607147221038776,1.0,0.8607147221038776
5576,5576,0.3641858204687962,1.0,0.3641858204687962
5577,5577,0.01275189965896173,0.0,0.01275189965896173
5578,5578,0.8815185580787686,1.0,0.8815185580787686
5579,5579,0.9495561799793261,1.0,0.9495561799793261
5580,5580,0.582320902538127,0.0,0.582320902538127
5581,5581,0.6816424845316689,1.0,0.6816424845316689
5582,5582,0.830853994875406,1.0,0.830853994875406
5583,5583,0.6723378093942062,1.0,0.6723378093942062
5584,5584,0.8375484707243542,1.0,0.8375484707243542
5585,5585,0.41559905003172926,0.0,0.41559905003172926
5586,5586,0.4133250969691,0.0,0.4133250969691
5587,5587,0.08545546503721868,0.0,0.08545546503721868
5588,5588,0.690161410273839,1.0,0.690161410273839
5589,5589,0.817553887792713,1.0,0.817553887792713
5590,5590,0.4694868751348581,1.0,0.4694868751348581
5591,5591,0.7142062831366938,1.0,0.7142062831366938
5592,5592,0.376251798797268,0.0,0.376251798797268
5593,5593,0.6073177404048516,1.0,0.6073177404048516
5594,5594,0.5749937061816168,1.0,0.5749937061816168
5595,5595,0.6482303460215304,1.0,0.6482303460215304
5596,5596,0.8310724236006072,1.0,0.8310724236006072
5597,5597,0.5636563575431289,0.0,0.5636563575431289
5598,5598,0.729128945467716,0.0,0.729128945467716
5599,5599,0.7103940723060335,1.0,0.7103940723060335
5600,5600,0.8134598788048014,1.0,0.8134598788048014
5601,5601,0.6189897204597669,1.0,0.6189897204597669
5602,5602,0.6981873190950115,1.0,0.6981873190950115
5603,5603,0.30490103118854606,1.0,0.30490103118854606
5604,5604,0.23050610858075127,1.0,0.23050610858075127
5605,5605,0.20625800855315868,0.0,0.20625800855315868
5606,5606,0.9109302464084812,1.0,0.9109302464084812
5607,5607,0.035273663820886036,0.0,0.035273663820886036
5608,5608,0.89853188582417,0.0,0.89853188582417
5609,5609,0.6834403075297121,1.0,0.6834403075297121
5610,5610,0.34888854586731155,0.0,0.34888854586731155
5611,5611,0.7357217018469431,1.0,0.7357217018469431
5612,5612,0.6319015644925449,1.0,0.6319015644925449
5613,5613,0.27888431406994874,0.0,0.27888431406994874
5614,5614,0.35374109622446237,0.0,0.35374109622446237
5615,5615,0.841137124956534,1.0,0.841137124956534
5616,5616,0.18230380759274556,0.0,0.18230380759274556
5617,5617,0.36469131763971474,0.0,0.36469131763971474
5618,5618,0.4324087066544121,0.0,0.4324087066544121
5619,5619,0.7944266143851274,1.0,0.7944266143851274
5620,5620,0.2399475789242106,1.0,0.2399475789242106
5621,5621,0.2810146817275955,0.0,0.2810146817275955
5622,5622,0.21776330739185767,0.0,0.21776330739185767
5623,5623,0.21290217962208213,0.0,0.21290217962208213
5624,5624,0.40557753369460103,0.0,0.40557753369460103
5625,5625,0.7165362978925577,0.0,0.7165362978925577
5626,5626,0.7397921980413843,0.0,0.7397921980413843
5627,5627,0.04598214706232662,1.0,0.04598214706232662
5628,5628,0.9600486409551822,1.0,0.9600486409551822
5629,5629,0.4545517550301176,0.0,0.4545517550301176
5630,5630,0.846815242389154,1.0,0.846815242389154
5631,5631,0.7639110739156946,0.0,0.7639110739156946
5632,5632,0.7352525543377727,0.0,0.7352525543377727
5633,5633,0.6110427121081158,0.0,0.6110427121081158
5634,5634,0.2768106242163956,1.0,0.2768106242163956
5635,5635,0.12003406082321999,0.0,0.12003406082321999
5636,5636,0.3382190944956135,1.0,0.3382190944956135
5637,5637,0.32139718066551826,0.0,0.32139718066551826
5638,5638,0.343320241325368,0.0,0.343320241325368
5639,5639,0.03357094942698968,0.0,0.03357094942698968
5640,5640,0.7541136437523989,1.0,0.7541136437523989
5641,5641,0.15777198360189848,0.0,0.15777198360189848
5642,5642,0.1598386767673865,0.0,0.1598386767673865
5643,5643,0.8899045908804188,1.0,0.8899045908804188
5644,5644,0.11732878210190456,0.0,0.11732878210190456
5645,5645,0.18120015126162792,1.0,0.18120015126162792
5646,5646,0.9449158639834,1.0,0.9449158639834
5647,5647,0.9186061224580647,1.0,0.9186061224580647
5648,5648,0.26197986751264746,0.0,0.26197986751264746
5649,5649,0.5180134533191938,1.0,0.5180134533191938
5650,5650,0.3239772210333679,0.0,0.3239772210333679
5651,5651,0.6653449576814595,0.0,0.6653449576814595
5652,5652,0.8726511997100599,1.0,0.8726511997100599
5653,5653,0.16565661458996017,0.0,0.16565661458996017
5654,5654,0.11056163549480946,0.0,0.11056163549480946
5655,5655,0.9891127102687614,1.0,0.9891127102687614
5656,5656,0.5930571330895936,1.0,0.5930571330895936
5657,5657,0.35614431940943736,1.0,0.35614431940943736
5658,5658,0.8582162058948223,1.0,0.8582162058948223
5659,5659,0.663783728034401,0.0,0.663783728034401
5660,5660,0.8035457593114267,0.0,0.8035457593114267
5661,5661,0.3700138235387348,0.0,0.3700138235387348
5662,5662,0.6698133585260017,0.0,0.6698133585260017
5663,5663,0.9923893493020332,1.0,0.9923893493020332
5664,5664,0.9061234857609619,1.0,0.9061234857609619
5665,5665,0.7150955729683088,1.0,0.7150955729683088
5666,5666,0.8983287225084077,1.0,0.8983287225084077
5667,5667,0.3114143713173687,0.0,0.3114143713173687
5668,5668,0.7939315488207429,1.0,0.7939315488207429
5669,5669,0.7488483199347438,1.0,0.7488483199347438
5670,5670,0.7336562672638319,1.0,0.7336562672638319
5671,5671,0.8349602847145912,1.0,0.8349602847145912
5672,5672,0.3990199294655753,0.0,0.3990199294655753
5673,5673,0.6307906874354365,1.0,0.6307906874354365
5674,5674,0.6134511725830191,0.0,0.6134511725830191
5675,5675,0.06537195860154699,0.0,0.06537195860154699
5676,5676,0.23994382348431487,0.0,0.23994382348431487
5677,5677,0.05485191638398956,0.0,0.05485191638398956
5678,5678,0.9616244448192314,1.0,0.9616244448192314
5679,5679,0.3469492407733873,1.0,0.3469492407733873
5680,5680,0.7782182264466372,1.0,0.7782182264466372
5681,5681,0.476862545648164,0.0,0.476862545648164
5682,5682,0.4500536326713507,1.0,0.4500536326713507
5683,5683,0.28700205656965594,0.0,0.28700205656965594
5684,5684,0.5296867546366427,1.0,0.5296867546366427
5685,5685,0.9906851220571016,1.0,0.9906851220571016
5686,5686,0.1381657158863031,0.0,0.1381657158863031
5687,5687,0.13019107886408166,0.0,0.13019107886408166
5688,5688,0.8876675636827509,1.0,0.8876675636827509
5689,5689,0.440221646823339,0.0,0.440221646823339
5690,5690,0.16948782607397694,0.0,0.16948782607397694
5691,5691,0.9927533400161164,1.0,0.9927533400161164
5692,5692,0.9022090870447723,1.0,0.9022090870447723
5693,5693,0.9440520204701396,1.0,0.9440520204701396
5694,5694,0.46785733471685254,1.0,0.46785733471685254
5695,5695,0.34505014590100813,0.0,0.34505014590100813
5696,5696,0.06351309272361205,0.0,0.06351309272361205
5697,5697,0.376273769009249,0.0,0.376273769009249
5698,5698,0.6243625325298452,1.0,0.6243625325298452
5699,5699,0.22032886369448113,0.0,0.22032886369448113
5700,5700,0.2995423190133829,0.0,0.2995423190133829
5701,5701,0.492298275625515,0.0,0.492298275625515
5702,5702,0.8667778390636095,0.0,0.8667778390636095
5703,5703,0.04208015712872237,1.0,0.04208015712872237
5704,5704,0.1691578621565475,0.0,0.1691578621565475
5705,5705,0.7631520007633245,1.0,0.7631520007633245
5706,5706,0.6592641709028935,1.0,0.6592641709028935
5707,5707,0.6321935581311141,1.0,0.6321935581311141
5708,5708,0.09080475559873458,0.0,0.09080475559873458
5709,5709,0.9825350631460614,1.0,0.9825350631460614
5710,5710,0.038541419337480454,0.0,0.038541419337480454
5711,5711,0.02182252279748964,0.0,0.02182252279748964
5712,5712,0.810044156228262,1.0,0.810044156228262
5713,5713,0.6955441081880013,0.0,0.6955441081880013
5714,5714,0.3403683590601414,0.0,0.3403683590601414
5715,5715,0.5676990584175843,1.0,0.5676990584175843
5716,5716,0.07491620637173668,0.0,0.07491620637173668
5717,5717,0.027128652246137475,0.0,0.027128652246137475
5718,5718,0.4256685750165825,1.0,0.4256685750165825
5719,5719,0.95530790340649,1.0,0.95530790340649
5720,5720,0.8055734023782497,1.0,0.8055734023782497
5721,5721,0.26154286060473053,1.0,0.26154286060473053
5722,5722,0.23864632656409135,0.0,0.23864632656409135
5723,5723,0.606241036424281,1.0,0.606241036424281
5724,5724,0.031091984630521985,0.0,0.031091984630521985
5725,5725,0.8834915526718891,1.0,0.8834915526718891
5726,5726,0.8839423163263788,1.0,0.8839423163263788
5727,5727,0.8256451628609279,1.0,0.8256451628609279
5728,5728,0.7885485468084386,1.0,0.7885485468084386
5729,5729,0.7213824315942448,1.0,0.7213824315942448
5730,5730,0.551269134526151,0.0,0.551269134526151
5731,5731,0.369474556372404,0.0,0.369474556372404
5732,5732,0.45599180133393225,1.0,0.45599180133393225
5733,5733,0.9167371754625817,1.0,0.9167371754625817
5734,5734,0.33223007152789974,1.0,0.33223007152789974
5735,5735,0.4057434146020604,0.0,0.4057434146020604
5736,5736,0.6257907189083574,1.0,0.6257907189083574
5737,5737,0.3767644047387899,1.0,0.3767644047387899
5738,5738,0.6827155201800656,1.0,0.6827155201800656
5739,5739,0.9102604567978237,1.0,0.9102604567978237
5740,5740,0.244261448220781,1.0,0.244261448220781
5741,5741,0.495169379638411,1.0,0.495169379638411
5742,5742,0.8348915647776741,1.0,0.8348915647776741
5743,5743,0.3356981223813976,0.0,0.3356981223813976
5744,5744,0.5537676420492257,0.0,0.5537676420492257
5745,5745,0.7366379522450024,1.0,0.7366379522450024
5746,5746,0.9040870159170881,1.0,0.9040870159170881
5747,5747,0.9134059384569891,1.0,0.9134059384569891
5748,5748,0.14295160596357082,0.0,0.14295160596357082
5749,5749,0.5205979419742661,0.0,0.5205979419742661
5750,5750,0.38852974192263245,1.0,0.38852974192263245
5751,5751,0.2909733100766396,1.0,0.2909733100766396
5752,5752,0.5007826181626167,0.0,0.5007826181626167
5753,5753,0.8145618228900148,1.0,0.8145618228900148
5754,5754,0.4413755395568366,0.0,0.4413755395568366
5755,5755,0.17697029322967117,0.0,0.17697029322967117
5756,5756,0.8778735953183937,1.0,0.8778735953183937
5757,5757,0.9850425256045244,1.0,0.9850425256045244
5758,5758,0.44358202216114795,0.0,0.44358202216114795
5759,5759,0.16644455753697396,0.0,0.16644455753697396
5760,5760,0.7862700484615505,0.0,0.7862700484615505
5761,5761,0.6057132678324032,1.0,0.6057132678324032
5762,5762,0.5575534882824456,0.0,0.5575534882824456
5763,5763,0.3886226371528946,0.0,0.3886226371528946
5764,5764,0.6580871346728212,1.0,0.6580871346728212
5765,5765,0.2028329255225405,0.0,0.2028329255225405
5766,5766,0.9515329557765625,1.0,0.9515329557765625
5767,5767,0.8909438984044852,1.0,0.8909438984044852
5768,5768,0.5439665702406549,1.0,0.5439665702406549
5769,5769,0.005203204610603973,0.0,0.005203204610603973
5770,5770,0.2898945089936037,1.0,0.2898945089936037
5771,5771,0.502831076255541,1.0,0.502831076255541
5772,5772,0.2557543448913224,0.0,0.2557543448913224
5773,5773,0.489083221677752,0.0,0.489083221677752
5774,5774,0.7611515289125365,1.0,0.7611515289125365
5775,5775,0.3867239508076624,1.0,0.3867239508076624
5776,5776,0.4076409550911181,1.0,0.4076409550911181
5777,5777,0.30589471046217376,0.0,0.30589471046217376
5778,5778,0.24722652415312096,1.0,0.24722652415312096
5779,5779,0.07940012605130498,0.0,0.07940012605130498
5780,5780,0.24278469300493566,1.0,0.24278469300493566
5781,5781,0.6771852832845768,1.0,0.6771852832845768
5782,5782,0.7513193728755932,1.0,0.7513193728755932
5783,5783,0.1697558016498899,0.0,0.1697558016498899
5784,5784,0.4141255420051291,0.0,0.4141255420051291
5785,5785,0.043744679969290434,0.0,0.043744679969290434
5786,5786,0.8058001311443115,1.0,0.8058001311443115
5787,5787,0.005128442118891852,0.0,0.005128442118891852
5788,5788,0.10832938908782763,0.0,0.10832938908782763
5789,5789,0.2824238728841967,0.0,0.2824238728841967
5790,5790,0.3723035863074875,1.0,0.3723035863074875
5791,5791,0.21973691412558116,0.0,0.21973691412558116
5792,5792,0.35092116146283825,0.0,0.35092116146283825
5793,5793,0.15757340320964108,0.0,0.15757340320964108
5794,5794,0.822905938941851,1.0,0.822905938941851
5795,5795,0.43999695498492053,0.0,0.43999695498492053
5796,5796,0.7193202096583515,1.0,0.7193202096583515
5797,5797,0.04066983458400175,0.0,0.04066983458400175
5798,5798,0.3200637272608723,1.0,0.3200637272608723
5799,5799,0.982436181298972,1.0,0.982436181298972
5800,5800,0.7117207905603871,1.0,0.7117207905603871
5801,5801,0.10458358781619548,0.0,0.10458358781619548
5802,5802,0.23909380365526145,1.0,0.23909380365526145
5803,5803,0.10710521593801603,0.0,0.10710521593801603
5804,5804,0.4766657366176982,0.0,0.4766657366176982
5805,5805,0.9359933508963145,1.0,0.9359933508963145
5806,5806,0.4496450328735768,0.0,0.4496450328735768
5807,5807,0.6155960667630795,0.0,0.6155960667630795
5808,5808,0.22096830033229253,0.0,0.22096830033229253
5809,5809,0.2520474684911832,0.0,0.2520474684911832
5810,5810,0.8173415086276348,1.0,0.8173415086276348
5811,5811,0.41578349567170936,0.0,0.41578349567170936
5812,5812,0.2508188743438693,0.0,0.2508188743438693
5813,5813,0.25761942977316765,0.0,0.25761942977316765
5814,5814,0.6803454562181876,1.0,0.6803454562181876
5815,5815,0.2802728184722595,0.0,0.2802728184722595
5816,5816,0.790509566023142,1.0,0.790509566023142
5817,5817,0.11502533388863967,1.0,0.11502533388863967
5818,5818,0.7364702407625395,1.0,0.7364702407625395
5819,5819,0.13961136547458308,0.0,0.13961136547458308
5820,5820,0.5425827708722805,1.0,0.5425827708722805
5821,5821,0.332274125799946,1.0,0.332274125799946
5822,5822,0.489942310459044,0.0,0.489942310459044
5823,5823,0.6625443183714856,0.0,0.6625443183714856
5824,5824,0.8512364555154404,0.0,0.8512364555154404
5825,5825,0.4165221829374659,0.0,0.4165221829374659
5826,5826,0.41250114034247654,0.0,0.41250114034247654
5827,5827,0.2782688108632485,1.0,0.2782688108632485
5828,5828,0.9803428349082437,1.0,0.9803428349082437
5829,5829,0.009215088263530569,0.0,0.009215088263530569
5830,5830,0.27793851246730295,0.0,0.27793851246730295
5831,5831,0.7633262781180247,1.0,0.7633262781180247
5832,5832,0.43869649682572376,1.0,0.43869649682572376
5833,5833,0.046300892416887396,0.0,0.046300892416887396
5834,5834,0.0196104919091451,0.0,0.0196104919091451
5835,5835,0.24388151009739034,0.0,0.24388151009739034
5836,5836,0.941738081647207,0.0,0.941738081647207
5837,5837,0.6695629139741467,1.0,0.6695629139741467
5838,5838,0.8963624704644679,1.0,0.8963624704644679
5839,5839,0.9187785213258025,1.0,0.9187785213258025
5840,5840,0.2532209638336528,0.0,0.2532209638336528
5841,5841,0.4035614333819886,0.0,0.4035614333819886
5842,5842,0.4868215676010905,1.0,0.4868215676010905
5843,5843,0.6592472376628102,0.0,0.6592472376628102
5844,5844,0.5261147028287465,0.0,0.5261147028287465
5845,5845,0.5310246324218217,0.0,0.5310246324218217
5846,5846,0.7918800197310818,0.0,0.7918800197310818
5847,5847,0.1252005580410418,0.0,0.1252005580410418
5848,5848,0.286069801931087,0.0,0.286069801931087
5849,5849,0.8252365683214176,1.0,0.8252365683214176
5850,5850,0.5699639300737427,0.0,0.5699639300737427
5851,5851,0.987147727426933,1.0,0.987147727426933
5852,5852,0.02530853206977768,0.0,0.02530853206977768
5853,5853,0.4864423548587766,1.0,0.4864423548587766
5854,5854,0.047803606423355016,0.0,0.047803606423355016
5855,5855,0.9797077750826265,1.0,0.9797077750826265
5856,5856,0.862227097007629,1.0,0.862227097007629
5857,5857,0.3521892935934152,0.0,0.3521892935934152
5858,5858,0.19960994467323745,0.0,0.19960994467323745
5859,5859,0.8833969500474246,1.0,0.8833969500474246
5860,5860,0.3060558720500606,0.0,0.3060558720500606
5861,5861,0.10120192069995948,0.0,0.10120192069995948
5862,5862,0.3749851756487905,1.0,0.3749851756487905
5863,5863,0.9112966422743686,1.0,0.9112966422743686
5864,5864,0.9870613601717401,1.0,0.9870613601717401
5865,5865,0.7430147065062888,1.0,0.7430147065062888
5866,5866,0.13768802887948772,1.0,0.13768802887948772
5867,5867,0.541067792234358,0.0,0.541067792234358
5868,5868,0.5481877395616667,1.0,0.5481877395616667
5869,5869,0.16100909803867824,0.0,0.16100909803867824
5870,5870,0.5495175912555731,0.0,0.5495175912555731
5871,5871,0.15812853539280014,0.0,0.15812853539280014
5872,5872,0.9147206527135369,1.0,0.9147206527135369
5873,5873,0.48554842751174543,0.0,0.48554842751174543
5874,5874,0.14687178765839948,0.0,0.14687178765839948
5875,5875,0.8696891029218743,1.0,0.8696891029218743
5876,5876,0.35929061177608024,0.0,0.35929061177608024
5877,5877,0.6973861252121945,1.0,0.6973861252121945
5878,5878,0.6888564917742199,1.0,0.6888564917742199
5879,5879,0.9965590186723335,1.0,0.9965590186723335
5880,5880,0.5679512178916382,0.0,0.5679512178916382
5881,5881,0.6443360178659455,1.0,0.6443360178659455
5882,5882,0.755794224808994,1.0,0.755794224808994
5883,5883,0.3325652092907746,1.0,0.3325652092907746
5884,5884,0.6078108428553343,1.0,0.6078108428553343
5885,5885,0.7325625040367224,1.0,0.7325625040367224
5886,5886,0.7233762244838469,1.0,0.7233762244838469
5887,5887,0.13098654408967847,0.0,0.13098654408967847
5888,5888,0.3243462239978637,1.0,0.3243462239978637
5889,5889,0.4011222794401994,0.0,0.4011222794401994
5890,5890,0.15050034724332562,0.0,0.15050034724332562
5891,5891,0.4601267949463038,1.0,0.4601267949463038
5892,5892,0.3009140582650268,0.0,0.3009140582650268
5893,5893,0.5407517029661965,1.0,0.5407517029661965
5894,5894,0.706869403670746,1.0,0.706869403670746
5895,5895,0.9181934536573706,1.0,0.9181934536573706
5896,5896,0.213986501288552,0.0,0.213986501288552
5897,5897,0.7672752822152258,1.0,0.7672752822152258
5898,5898,0.5199990527757162,0.0,0.5199990527757162
5899,5899,0.4294361712313468,0.0,0.4294361712313468
5900,5900,0.9819198790989783,1.0,0.9819198790989783
5901,5901,0.7480777544277544,0.0,0.7480777544277544
5902,5902,0.8017315127550035,1.0,0.8017315127550035
5903,5903,0.634535816965539,1.0,0.634535816965539
5904,5904,0.9854631038435754,1.0,0.9854631038435754
5905,5905,0.9197318129924087,1.0,0.9197318129924087
5906,5906,0.41899737715283747,1.0,0.41899737715283747
5907,5907,0.6031318839139315,0.0,0.6031318839139315
5908,5908,0.17251012335573168,1.0,0.17251012335573168
5909,5909,0.9663778581282705,1.0,0.9663778581282705
5910,5910,0.32767297064860235,0.0,0.32767297064860235
5911,5911,0.8806623634183414,1.0,0.8806623634183414
5912,5912,0.6287178646913475,1.0,0.6287178646913475
5913,5913,0.803710219446913,1.0,0.803710219446913
5914,5914,0.1798674009047292,0.0,0.1798674009047292
5915,5915,0.46637966621016835,1.0,0.46637966621016835
5916,5916,0.0653452083017928,0.0,0.0653452083017928
5917,5917,0.25950243557400354,0.0,0.25950243557400354
5918,5918,0.6614934443775902,0.0,0.6614934443775902
5919,5919,0.8645619847406679,1.0,0.8645619847406679
5920,5920,0.6051588942275226,0.0,0.6051588942275226
5921,5921,0.10664573025228685,0.0,0.10664573025228685
5922,5922,0.1377602727710573,0.0,0.1377602727710573
5923,5923,0.3200130786495181,0.0,0.3200130786495181
5924,5924,0.8907602852962085,0.0,0.8907602852962085
5925,5925,0.8075838813280662,1.0,0.8075838813280662
5926,5926,0.1550472707565832,0.0,0.1550472707565832
5927,5927,0.7287374580666541,1.0,0.7287374580666541
5928,5928,0.8200265599545924,0.0,0.8200265599545924
5929,5929,0.5063108343509102,1.0,0.5063108343509102
5930,5930,0.10537054752344022,0.0,0.10537054752344022
5931,5931,0.42560041935349,0.0,0.42560041935349
5932,5932,0.24470138121620744,0.0,0.24470138121620744
5933,5933,0.9603771136430733,1.0,0.9603771136430733
5934,5934,0.7398470474115788,0.0,0.7398470474115788
5935,5935,0.46096426425093107,0.0,0.46096426425093107
5936,5936,0.7486395452826078,0.0,0.7486395452826078
5937,5937,0.9655218862359036,1.0,0.9655218862359036
5938,5938,0.9749836474467114,1.0,0.9749836474467114
5939,5939,0.2848276576525084,0.0,0.2848276576525084
5940,5940,0.9720769270725145,1.0,0.9720769270725145
5941,5941,0.2343643733702353,0.0,0.2343643733702353
5942,5942,0.8993459292040553,1.0,0.8993459292040553
5943,5943,0.9577617617495833,1.0,0.9577617617495833
5944,5944,0.701636031857783,0.0,0.701636031857783
5945,5945,0.9045057478684616,1.0,0.9045057478684616
5946,5946,0.3163794073128129,0.0,0.3163794073128129
5947,5947,0.8723453335575607,1.0,0.8723453335575607
5948,5948,0.573248697932657,1.0,0.573248697932657
5949,5949,0.3812889850332992,1.0,0.3812889850332992
5950,5950,0.5507020279151476,1.0,0.5507020279151476
5951,5951,0.08088380855814803,0.0,0.08088380855814803
5952,5952,0.8179749090343837,1.0,0.8179749090343837
5953,5953,0.29275139396693783,0.0,0.29275139396693783
5954,5954,0.8458653348276329,1.0,0.8458653348276329
5955,5955,0.4703498671569536,0.0,0.4703498671569536
5956,5956,0.8029655141669844,0.0,0.8029655141669844
5957,5957,0.6939893687868147,0.0,0.6939893687868147
5958,5958,0.1706527578241811,0.0,0.1706527578241811
5959,5959,0.051454132826350696,0.0,0.051454132826350696
5960,5960,0.5890277406844993,1.0,0.5890277406844993
5961,5961,0.8150820007774336,1.0,0.8150820007774336
5962,5962,0.7799907070496118,1.0,0.7799907070496118
5963,5963,0.0969257779022833,0.0,0.0969257779022833
5964,5964,0.8164933212558791,1.0,0.8164933212558791
5965,5965,0.6208122113486672,1.0,0.6208122113486672
5966,5966,0.18259989076064587,0.0,0.18259989076064587
5967,5967,9.253340353143624e-05,0.0,9.253340353143624e-05
5968,5968,0.9595022771312496,1.0,0.9595022771312496
5969,5969,0.5079643386565259,0.0,0.5079643386565259
5970,5970,0.2545815761115817,1.0,0.2545815761115817
5971,5971,0.40836697776698994,0.0,0.40836697776698994
5972,5972,0.8281875071908009,1.0,0.8281875071908009
5973,5973,0.7065929509810794,1.0,0.7065929509810794
5974,5974,0.3585749863976101,0.0,0.3585749863976101
5975,5975,0.5209161337916138,0.0,0.5209161337916138
5976,5976,0.0390417636670648,0.0,0.0390417636670648
5977,5977,0.3744705073855471,1.0,0.3744705073855471
5978,5978,0.04987379564797323,0.0,0.04987379564797323
5979,5979,0.42453545978863316,0.0,0.42453545978863316
5980,5980,0.02312420840239693,0.0,0.02312420840239693
5981,5981,0.9627664760570118,1.0,0.9627664760570118
5982,5982,0.25227995905331757,1.0,0.25227995905331757
5983,5983,0.6199272322203286,1.0,0.6199272322203286
5984,5984,0.3689660839863892,1.0,0.3689660839863892
5985,5985,0.13905067236228397,0.0,0.13905067236228397
5986,5986,0.49777980088000184,1.0,0.49777980088000184
5987,5987,0.10667190948224758,0.0,0.10667190948224758
5988,5988,0.19906857956656654,1.0,0.19906857956656654
5989,5989,0.2012437272418992,0.0,0.2012437272418992
5990,5990,0.7655377393969732,0.0,0.7655377393969732
5991,5991,0.6910831942292028,0.0,0.6910831942292028
5992,5992,0.8706511934919569,1.0,0.8706511934919569
5993,5993,0.24234938856692656,1.0,0.24234938856692656
5994,5994,0.7339202250761033,1.0,0.7339202250761033
5995,5995,0.009315632501867732,0.0,0.009315632501867732
5996,5996,0.913861153139337,1.0,0.913861153139337
5997,5997,0.8080981545190454,1.0,0.8080981545190454
5998,5998,0.7811329741392038,1.0,0.7811329741392038
5999,5999,0.8794030494938386,1.0,0.8794030494938386
6000,6000,0.12715864761462814,0.0,0.12715864761462814
6001,6001,0.7810029606695702,0.0,0.7810029606695702
6002,6002,0.9917376352856458,1.0,0.9917376352856458
6003,6003,0.3413349248482417,1.0,0.3413349248482417
6004,6004,0.7229261401113178,1.0,0.7229261401113178
6005,6005,0.5035321555744022,1.0,0.5035321555744022
6006,6006,0.4301470082015292,1.0,0.4301470082015292
6007,6007,0.12235519488055124,0.0,0.12235519488055124
6008,6008,0.5931992667924436,1.0,0.5931992667924436
6009,6009,0.4906327185912783,1.0,0.4906327185912783
6010,6010,0.756679864748088,1.0,0.756679864748088
6011,6011,0.36345839492162024,0.0,0.36345839492162024
6012,6012,0.4449387797950617,0.0,0.4449387797950617
6013,6013,0.8192330914724861,1.0,0.8192330914724861
6014,6014,0.4739209049362527,0.0,0.4739209049362527
6015,6015,0.9259222705902824,1.0,0.9259222705902824
6016,6016,0.8435661006830583,1.0,0.8435661006830583
6017,6017,0.733767847966207,1.0,0.733767847966207
6018,6018,0.34877048613856176,1.0,0.34877048613856176
6019,6019,0.685191713033491,1.0,0.685191713033491
6020,6020,0.28340100196395235,1.0,0.28340100196395235
6021,6021,0.7493300182031815,1.0,0.7493300182031815
6022,6022,0.35436668907264524,1.0,0.35436668907264524
6023,6023,0.04868480508635975,0.0,0.04868480508635975
6024,6024,0.2894866133140628,0.0,0.2894866133140628
6025,6025,0.7855415900676361,0.0,0.7855415900676361
6026,6026,0.7329024677540259,1.0,0.7329024677540259
6027,6027,0.9893872612608419,1.0,0.9893872612608419
6028,6028,0.1228913784964678,0.0,0.1228913784964678
6029,6029,0.6281730506441537,1.0,0.6281730506441537
6030,6030,0.19685817983058407,0.0,0.19685817983058407
6031,6031,0.028593693305968726,0.0,0.028593693305968726
6032,6032,0.28224550124029246,0.0,0.28224550124029246
6033,6033,0.6289868692068896,0.0,0.6289868692068896
6034,6034,0.0748929168907313,0.0,0.0748929168907313
6035,6035,0.4191238154536111,0.0,0.4191238154536111
6036,6036,0.563273860031526,0.0,0.563273860031526
6037,6037,0.0008775118036135066,0.0,0.0008775118036135066
6038,6038,0.7928434548629139,1.0,0.7928434548629139
6039,6039,0.14192020666232086,1.0,0.14192020666232086
6040,6040,0.26892705124282834,0.0,0.26892705124282834
6041,6041,0.3424307147349447,0.0,0.3424307147349447
6042,6042,0.4514969239825344,0.0,0.4514969239825344
6043,6043,0.2643060579241059,1.0,0.2643060579241059
6044,6044,0.8077408612141912,1.0,0.8077408612141912
6045,6045,0.6007297999572997,0.0,0.6007297999572997
6046,6046,0.27280075289215655,1.0,0.27280075289215655
6047,6047,0.768936649136405,1.0,0.768936649136405
6048,6048,0.854345388502848,1.0,0.854345388502848
6049,6049,0.3301817496022198,1.0,0.3301817496022198
6050,6050,0.5474141763316551,1.0,0.5474141763316551
6051,6051,0.6478333337254012,1.0,0.6478333337254012
6052,6052,0.619420234709211,1.0,0.619420234709211
6053,6053,0.014217235701053044,0.0,0.014217235701053044
6054,6054,0.6605332756612093,1.0,0.6605332756612093
6055,6055,0.00625810240029212,0.0,0.00625810240029212
6056,6056,0.4294734219901012,0.0,0.4294734219901012
6057,6057,0.9472823278206741,1.0,0.9472823278206741
6058,6058,0.7245895607513954,0.0,0.7245895607513954
6059,6059,0.391150816857756,0.0,0.391150816857756
6060,6060,0.2502318637579073,0.0,0.2502318637579073
6061,6061,0.46277291665377973,1.0,0.46277291665377973
6062,6062,0.8692413416527757,1.0,0.8692413416527757
6063,6063,0.01160982356341278,0.0,0.01160982356341278
6064,6064,0.5330834856497564,1.0,0.5330834856497564
6065,6065,0.3086526231475152,1.0,0.3086526231475152
6066,6066,0.12028588121591066,0.0,0.12028588121591066
6067,6067,0.6378410436117781,1.0,0.6378410436117781
6068,6068,0.419113476786497,0.0,0.419113476786497
6069,6069,0.2830771632424627,0.0,0.2830771632424627
6070,6070,0.43183446418154736,0.0,0.43183446418154736
6071,6071,0.2799383778892939,1.0,0.2799383778892939
6072,6072,0.1205830760958242,0.0,0.1205830760958242
6073,6073,0.5850824846244606,0.0,0.5850824846244606
6074,6074,0.9588490412537343,1.0,0.9588490412537343
6075,6075,0.6757182446530188,1.0,0.6757182446530188
6076,6076,0.09434236936403217,0.0,0.09434236936403217
6077,6077,0.19561030114218836,0.0,0.19561030114218836
6078,6078,0.061749798151173874,0.0,0.061749798151173874
6079,6079,0.9374037224483569,0.0,0.9374037224483569
6080,6080,0.3753201194748077,0.0,0.3753201194748077
6081,6081,0.4368216229201498,0.0,0.4368216229201498
6082,6082,0.2963284887765343,1.0,0.2963284887765343
6083,6083,0.449428944581871,1.0,0.449428944581871
6084,6084,0.6998236350772656,1.0,0.6998236350772656
6085,6085,0.6514781284116037,0.0,0.6514781284116037
6086,6086,0.8875313873549627,1.0,0.8875313873549627
6087,6087,0.7278858886460592,1.0,0.7278858886460592
6088,6088,0.9144456850837199,1.0,0.9144456850837199
6089,6089,0.49622968287795177,0.0,0.49622968287795177
6090,6090,0.14608287442163959,0.0,0.14608287442163959
6091,6091,0.7074072970302693,1.0,0.7074072970302693
6092,6092,0.13981037977336075,0.0,0.13981037977336075
6093,6093,0.335450512033296,1.0,0.335450512033296
6094,6094,0.08438868839165437,0.0,0.08438868839165437
6095,6095,0.8387934856591457,1.0,0.8387934856591457
6096,6096,0.6661474297725739,1.0,0.6661474297725739
6097,6097,0.3218876171277695,0.0,0.3218876171277695
6098,6098,0.2626271354434607,0.0,0.2626271354434607
6099,6099,0.9248247841336553,1.0,0.9248247841336553
6100,6100,0.2992401109735069,1.0,0.2992401109735069
6101,6101,0.8218310858466008,1.0,0.8218310858466008
6102,6102,0.15113101824591735,0.0,0.15113101824591735
6103,6103,0.7730056460632676,1.0,0.7730056460632676
6104,6104,0.09580790832474206,0.0,0.09580790832474206
6105,6105,0.5765149826279304,0.0,0.5765149826279304
6106,6106,0.9559107770507053,1.0,0.9559107770507053
6107,6107,0.9401342736228107,1.0,0.9401342736228107
6108,6108,0.7201312218252174,1.0,0.7201312218252174
6109,6109,0.7201710116255631,1.0,0.7201710116255631
6110,6110,0.4986337201404252,0.0,0.4986337201404252
6111,6111,0.9756206231383658,1.0,0.9756206231383658
6112,6112,0.9160232964038819,1.0,0.9160232964038819
6113,6113,0.31871421477677264,0.0,0.31871421477677264
6114,6114,0.35793868114016325,1.0,0.35793868114016325
6115,6115,0.3785917752557655,1.0,0.3785917752557655
6116,6116,0.43701267573591984,0.0,0.43701267573591984
6117,6117,0.9044117715912376,1.0,0.9044117715912376
6118,6118,0.32133932741667703,0.0,0.32133932741667703
6119,6119,0.7732219809930442,0.0,0.7732219809930442
6120,6120,0.2890162410778121,0.0,0.2890162410778121
6121,6121,0.4120040857940608,0.0,0.4120040857940608
6122,6122,0.740592796343406,0.0,0.740592796343406
6123,6123,0.1853025797201785,0.0,0.1853025797201785
6124,6124,0.9676218319555955,1.0,0.9676218319555955
6125,6125,0.757387987657289,1.0,0.757387987657289
6126,6126,0.014204917702389186,0.0,0.014204917702389186
6127,6127,0.8564837702118885,1.0,0.8564837702118885
6128,6128,0.5032167657629717,1.0,0.5032167657629717
6129,6129,0.5740484012850191,0.0,0.5740484012850191
6130,6130,0.4949621488956716,0.0,0.4949621488956716
6131,6131,0.2535844335888692,0.0,0.2535844335888692
6132,6132,0.9957332093104521,1.0,0.9957332093104521
6133,6133,0.7523651828851443,1.0,0.7523651828851443
6134,6134,0.1538512179348719,0.0,0.1538512179348719
6135,6135,0.5102983848914594,1.0,0.5102983848914594
6136,6136,0.17548385646678277,0.0,0.17548385646678277
6137,6137,0.12428457422769457,0.0,0.12428457422769457
6138,6138,0.35087714775846857,0.0,0.35087714775846857
6139,6139,0.29591155971584215,0.0,0.29591155971584215
6140,6140,0.3391557725968284,1.0,0.3391557725968284
6141,6141,0.6280119451901608,0.0,0.6280119451901608
6142,6142,0.3289815461544182,0.0,0.3289815461544182
6143,6143,0.9221525953105335,1.0,0.9221525953105335
6144,6144,0.43149875466775356,1.0,0.43149875466775356
6145,6145,0.16392018110340578,0.0,0.16392018110340578
6146,6146,0.4840886060476476,0.0,0.4840886060476476
6147,6147,0.2844194558244614,0.0,0.2844194558244614
6148,6148,0.9124693674409431,1.0,0.9124693674409431
6149,6149,0.013430325229909723,0.0,0.013430325229909723
6150,6150,0.2853723069007047,0.0,0.2853723069007047
6151,6151,0.6234612373324547,1.0,0.6234612373324547
6152,6152,0.27062815428116227,1.0,0.27062815428116227
6153,6153,0.4868355003451933,1.0,0.4868355003451933
6154,6154,0.9156510573312615,1.0,0.9156510573312615
6155,6155,0.26798277230457923,0.0,0.26798277230457923
6156,6156,0.03274259791969292,0.0,0.03274259791969292
6157,6157,0.13320557770266717,0.0,0.13320557770266717
6158,6158,0.29290217715661604,0.0,0.29290217715661604
6159,6159,0.2515261852237024,0.0,0.2515261852237024
6160,6160,0.257121538540915,0.0,0.257121538540915
6161,6161,0.8600352245651616,0.0,0.8600352245651616
6162,6162,0.92999124223425,1.0,0.92999124223425
6163,6163,0.33630013068910336,1.0,0.33630013068910336
6164,6164,0.9619070186001102,1.0,0.9619070186001102
6165,6165,0.6804625278411205,0.0,0.6804625278411205
6166,6166,0.7992079481585349,0.0,0.7992079481585349
6167,6167,0.7411584333605095,0.0,0.7411584333605095
6168,6168,0.4257205206518123,0.0,0.4257205206518123
6169,6169,0.7248539630383246,0.0,0.7248539630383246
6170,6170,0.21751611226001433,0.0,0.21751611226001433
6171,6171,0.5334423753993311,0.0,0.5334423753993311
6172,6172,0.5873967954256535,1.0,0.5873967954256535
6173,6173,0.8813369642465217,1.0,0.8813369642465217
6174,6174,0.2260650919566355,1.0,0.2260650919566355
6175,6175,0.9854024433738973,1.0,0.9854024433738973
6176,6176,0.6906104217320015,1.0,0.6906104217320015
6177,6177,0.8206312150713861,0.0,0.8206312150713861
6178,6178,0.6218083539342185,0.0,0.6218083539342185
6179,6179,0.5065528390741993,0.0,0.5065528390741993
6180,6180,0.3796275343916834,0.0,0.3796275343916834
6181,6181,0.6075109051289397,1.0,0.6075109051289397
6182,6182,0.21779455394989466,0.0,0.21779455394989466
6183,6183,0.8086323586819917,1.0,0.8086323586819917
6184,6184,0.3875762066180233,1.0,0.3875762066180233
6185,6185,0.264451090122808,1.0,0.264451090122808
6186,6186,0.7441991630465178,1.0,0.7441991630465178
6187,6187,0.6882540181322139,1.0,0.6882540181322139
6188,6188,0.30369260519099006,0.0,0.30369260519099006
6189,6189,0.37524597173116614,1.0,0.37524597173116614
6190,6190,0.5506907472292217,1.0,0.5506907472292217
6191,6191,0.269620376840058,1.0,0.269620376840058
6192,6192,0.1518104579590951,0.0,0.1518104579590951
6193,6193,0.3293058663004531,1.0,0.3293058663004531
6194,6194,0.5858345375764719,0.0,0.5858345375764719
6195,6195,0.2656843753899192,0.0,0.2656843753899192
6196,6196,0.8108244414421957,1.0,0.8108244414421957
6197,6197,0.5583668139135531,1.0,0.5583668139135531
6198,6198,0.3769251818272751,1.0,0.3769251818272751
6199,6199,0.4712115335646968,0.0,0.4712115335646968
6200,6200,0.46838300514971287,0.0,0.46838300514971287
6201,6201,0.10930079925337877,0.0,0.10930079925337877
6202,6202,0.3278264147968377,1.0,0.3278264147968377
6203,6203,0.6623025554563075,1.0,0.6623025554563075
6204,6204,0.31944503599864793,0.0,0.31944503599864793
6205,6205,0.33369142646131644,0.0,0.33369142646131644
6206,6206,0.7680648608428859,0.0,0.7680648608428859
6207,6207,0.04255051745292859,0.0,0.04255051745292859
6208,6208,0.5028179268410455,0.0,0.5028179268410455
6209,6209,0.7472828544646972,1.0,0.7472828544646972
6210,6210,0.6510378327775233,1.0,0.6510378327775233
6211,6211,0.6506784734825765,1.0,0.6506784734825765
6212,6212,0.7898843383665307,1.0,0.7898843383665307
6213,6213,0.6155186859239297,1.0,0.6155186859239297
6214,6214,0.12829863551277965,1.0,0.12829863551277965
6215,6215,0.8230732640912194,1.0,0.8230732640912194
6216,6216,0.42914796574866143,1.0,0.42914796574866143
6217,6217,0.16903462297034277,0.0,0.16903462297034277
6218,6218,0.0023225913058382286,0.0,0.0023225913058382286
6219,6219,0.10200015545530206,0.0,0.10200015545530206
6220,6220,0.39407804205932384,0.0,0.39407804205932384
6221,6221,0.8287821640155901,1.0,0.8287821640155901
6222,6222,0.1540035842100228,0.0,0.1540035842100228
6223,6223,0.31082015235273674,0.0,0.31082015235273674
6224,6224,0.6357968247909843,1.0,0.6357968247909843
6225,6225,0.9706769985444412,1.0,0.9706769985444412
6226,6226,0.5336925915828512,0.0,0.5336925915828512
6227,6227,0.9185416464620483,1.0,0.9185416464620483
6228,6228,0.34994659426881103,0.0,0.34994659426881103
6229,6229,0.7874926704250387,0.0,0.7874926704250387
6230,6230,0.3388908606934645,1.0,0.3388908606934645
6231,6231,0.9874537940947362,1.0,0.9874537940947362
6232,6232,0.38159390251148806,0.0,0.38159390251148806
6233,6233,0.693910219740766,0.0,0.693910219740766
6234,6234,0.7833792897493919,1.0,0.7833792897493919
6235,6235,0.5551644765990568,1.0,0.5551644765990568
6236,6236,0.6737711532013901,0.0,0.6737711532013901
6237,6237,0.748499466801739,1.0,0.748499466801739
6238,6238,0.16009813078689206,0.0,0.16009813078689206
6239,6239,0.45499530906127506,1.0,0.45499530906127506
6240,6240,0.49695097569677105,1.0,0.49695097569677105
6241,6241,0.81262957438258,1.0,0.81262957438258
6242,6242,0.5694884177074508,0.0,0.5694884177074508
6243,6243,0.9659418213743103,1.0,0.9659418213743103
6244,6244,0.07777977060365071,0.0,0.07777977060365071
6245,6245,0.16387453717474276,0.0,0.16387453717474276
6246,6246,0.12281129356231446,0.0,0.12281129356231446
6247,6247,0.8995517209471802,1.0,0.8995517209471802
6248,6248,0.13601268338225436,0.0,0.13601268338225436
6249,6249,0.10350116889657546,0.0,0.10350116889657546
6250,6250,0.8321647947909636,1.0,0.8321647947909636
6251,6251,0.2742286742223953,0.0,0.2742286742223953
6252,6252,0.20467833973512395,1.0,0.20467833973512395
6253,6253,0.28596636738582015,0.0,0.28596636738582015
6254,6254,0.22146717333892307,0.0,0.22146717333892307
6255,6255,0.07883061263370417,0.0,0.07883061263370417
6256,6256,0.013085453952327075,0.0,0.013085453952327075
6257,6257,0.8292355530009887,1.0,0.8292355530009887
6258,6258,0.1664739163062523,0.0,0.1664739163062523
6259,6259,0.9955603773007701,1.0,0.9955603773007701
6260,6260,0.8471537429075126,1.0,0.8471537429075126
6261,6261,0.6831662660636189,1.0,0.6831662660636189
6262,6262,0.7803275111297242,1.0,0.7803275111297242
6263,6263,0.03338314300516154,0.0,0.03338314300516154
6264,6264,0.32634071099014794,1.0,0.32634071099014794
6265,6265,0.8699961458308977,1.0,0.8699961458308977
6266,6266,0.491772436973691,0.0,0.491772436973691
6267,6267,0.5449794471535069,1.0,0.5449794471535069
6268,6268,0.7383109809491561,1.0,0.7383109809491561
6269,6269,0.300962854585446,0.0,0.300962854585446
6270,6270,0.8729435318660308,1.0,0.8729435318660308
6271,6271,0.05048151930634304,1.0,0.05048151930634304
6272,6272,0.06796328595878565,0.0,0.06796328595878565
6273,6273,0.8200874892870105,1.0,0.8200874892870105
6274,6274,0.9588090816142218,1.0,0.9588090816142218
6275,6275,0.4520384241379831,1.0,0.4520384241379831
6276,6276,0.21719227437379185,1.0,0.21719227437379185
6277,6277,0.5767048949552261,1.0,0.5767048949552261
6278,6278,0.0908272974205726,0.0,0.0908272974205726
6279,6279,0.6572275896274864,1.0,0.6572275896274864
6280,6280,0.014416671167381323,0.0,0.014416671167381323
6281,6281,0.623124032025431,0.0,0.623124032025431
6282,6282,0.9142717426064638,1.0,0.9142717426064638
6283,6283,0.8165383165169663,1.0,0.8165383165169663
6284,6284,0.08062681775826308,0.0,0.08062681775826308
6285,6285,0.5749013798853035,0.0,0.5749013798853035
6286,6286,0.17727655295914524,0.0,0.17727655295914524
6287,6287,0.87248538020393,1.0,0.87248538020393
6288,6288,0.2756772996508594,0.0,0.2756772996508594
6289,6289,0.46556091193153015,1.0,0.46556091193153015
6290,6290,0.25365730228067607,0.0,0.25365730228067607
6291,6291,0.037132655748341015,0.0,0.037132655748341015
6292,6292,0.16648488788433857,0.0,0.16648488788433857
6293,6293,0.9364016844188578,0.0,0.9364016844188578
6294,6294,0.7640221803938795,1.0,0.7640221803938795
6295,6295,0.425725808879455,0.0,0.425725808879455
6296,6296,0.6404679694293776,1.0,0.6404679694293776
6297,6297,0.9560263755011044,0.0,0.9560263755011044
6298,6298,0.4390640248866745,1.0,0.4390640248866745
6299,6299,0.07048089737393104,0.0,0.07048089737393104
6300,6300,0.1004617822473769,0.0,0.1004617822473769
6301,6301,0.9550304221196948,1.0,0.9550304221196948
6302,6302,0.058312377583764285,0.0,0.058312377583764285
6303,6303,0.25603708521304824,0.0,0.25603708521304824
6304,6304,0.5197360469210188,0.0,0.5197360469210188
6305,6305,0.3857718576525315,1.0,0.3857718576525315
6306,6306,0.9425793395938671,1.0,0.9425793395938671
6307,6307,0.5326028538639861,1.0,0.5326028538639861
6308,6308,0.6048541604138108,1.0,0.6048541604138108
6309,6309,0.04417763526324048,0.0,0.04417763526324048
6310,6310,0.2969017442052092,1.0,0.2969017442052092
6311,6311,0.14675397729271278,0.0,0.14675397729271278
6312,6312,0.252773415901122,0.0,0.252773415901122
6313,6313,0.33533479620717865,0.0,0.33533479620717865
6314,6314,0.09918699867502445,0.0,0.09918699867502445
6315,6315,0.8083474265758793,1.0,0.8083474265758793
6316,6316,0.6362558157268596,1.0,0.6362558157268596
6317,6317,0.0536260075581414,0.0,0.0536260075581414
6318,6318,0.7060667884881173,1.0,0.7060667884881173
6319,6319,0.9152055791786429,1.0,0.9152055791786429
6320,6320,0.11553971299905519,1.0,0.11553971299905519
6321,6321,0.27083760945384416,0.0,0.27083760945384416
6322,6322,0.7824583620475559,1.0,0.7824583620475559
6323,6323,0.612940007358282,1.0,0.612940007358282
6324,6324,0.9652579443425945,1.0,0.9652579443425945
6325,6325,0.6805720140941438,1.0,0.6805720140941438
6326,6326,0.8513057668551424,1.0,0.8513057668551424
6327,6327,0.7925991778059702,0.0,0.7925991778059702
6328,6328,0.10991510829287032,0.0,0.10991510829287032
6329,6329,0.2508463149533079,0.0,0.2508463149533079
6330,6330,0.11951416649162949,0.0,0.11951416649162949
6331,6331,0.5371993767242821,0.0,0.5371993767242821
6332,6332,0.8030454176180205,1.0,0.8030454176180205
6333,6333,0.25037943001948615,0.0,0.25037943001948615
6334,6334,0.711607768012238,1.0,0.711607768012238
6335,6335,0.8091459606485155,1.0,0.8091459606485155
6336,6336,0.2549933258333391,1.0,0.2549933258333391
6337,6337,0.8501430555967505,1.0,0.8501430555967505
6338,6338,0.2678654230188461,0.0,0.2678654230188461
6339,6339,0.9893220711639401,1.0,0.9893220711639401
6340,6340,0.5849790191410236,1.0,0.5849790191410236
6341,6341,0.01686627647679828,0.0,0.01686627647679828
6342,6342,0.28175285285572593,0.0,0.28175285285572593
6343,6343,0.08520955988953738,0.0,0.08520955988953738
6344,6344,0.7908268793281954,1.0,0.7908268793281954
6345,6345,0.5225049254621486,0.0,0.5225049254621486
6346,6346,0.4778930814661233,1.0,0.4778930814661233
6347,6347,0.10159603746937218,1.0,0.10159603746937218
6348,6348,0.20043564184702434,0.0,0.20043564184702434
6349,6349,0.24480961239037946,0.0,0.24480961239037946
6350,6350,0.17132027950789885,0.0,0.17132027950789885
6351,6351,0.9892013667558043,1.0,0.9892013667558043
6352,6352,0.9412529324886697,1.0,0.9412529324886697
6353,6353,0.40124786693502046,1.0,0.40124786693502046
6354,6354,0.44030388510036556,0.0,0.44030388510036556
6355,6355,0.34683114062921916,0.0,0.34683114062921916
6356,6356,0.10186487509504161,0.0,0.10186487509504161
6357,6357,0.7391347654734458,0.0,0.7391347654734458
6358,6358,0.3713121939916597,0.0,0.3713121939916597
6359,6359,0.46973258557829445,1.0,0.46973258557829445
6360,6360,0.7008154610937674,1.0,0.7008154610937674
6361,6361,0.7438115647861653,1.0,0.7438115647861653
6362,6362,0.35451731499793193,0.0,0.35451731499793193
6363,6363,0.4378412726867138,0.0,0.4378412726867138
6364,6364,0.5189361935653428,1.0,0.5189361935653428
6365,6365,0.727749800449836,1.0,0.727749800449836
6366,6366,0.5974526407893935,0.0,0.5974526407893935
6367,6367,0.7543718593385264,0.0,0.7543718593385264
6368,6368,0.2527185080193064,0.0,0.2527185080193064
6369,6369,0.034790395529395335,0.0,0.034790395529395335
6370,6370,0.25035651362177236,1.0,0.25035651362177236
6371,6371,0.998661950899232,1.0,0.998661950899232
6372,6372,0.02270312512686634,0.0,0.02270312512686634
6373,6373,0.4275423321825682,1.0,0.4275423321825682
6374,6374,0.9684700208394629,1.0,0.9684700208394629
6375,6375,0.9511790989639364,1.0,0.9511790989639364
6376,6376,0.17845067818650984,0.0,0.17845067818650984
6377,6377,0.46466459121364445,0.0,0.46466459121364445
6378,6378,0.20029911045527893,0.0,0.20029911045527893
6379,6379,0.642417482413412,1.0,0.642417482413412
6380,6380,0.9617664683158083,1.0,0.9617664683158083
6381,6381,0.7686807087569446,1.0,0.7686807087569446
6382,6382,0.9875447580253129,1.0,0.9875447580253129
6383,6383,0.11941684911757688,0.0,0.11941684911757688
6384,6384,0.6020144707750599,0.0,0.6020144707750599
6385,6385,0.18479957561201055,0.0,0.18479957561201055
6386,6386,0.7775753111512299,0.0,0.7775753111512299
6387,6387,0.7712664512659778,1.0,0.7712664512659778
6388,6388,0.6645055946080232,0.0,0.6645055946080232
6389,6389,0.879648325608376,1.0,0.879648325608376
6390,6390,0.20522784119351623,0.0,0.20522784119351623
6391,6391,0.2065168414201728,0.0,0.2065168414201728
6392,6392,0.7774337469243529,1.0,0.7774337469243529
6393,6393,0.69491033387992,1.0,0.69491033387992
6394,6394,0.7628512940226758,1.0,0.7628512940226758
6395,6395,0.4802244111906626,1.0,0.4802244111906626
6396,6396,0.3064238708398862,1.0,0.3064238708398862
6397,6397,0.17498722171110126,0.0,0.17498722171110126
6398,6398,0.8573295954176383,0.0,0.8573295954176383
6399,6399,0.46336700002629005,1.0,0.46336700002629005
6400,6400,0.8615895898230197,1.0,0.8615895898230197
6401,6401,0.4060057896172542,0.0,0.4060057896172542
6402,6402,0.48899773532869406,1.0,0.48899773532869406
6403,6403,0.7256251828146855,0.0,0.7256251828146855
6404,6404,0.7414610614960094,1.0,0.7414610614960094
6405,6405,0.7485077513417905,1.0,0.7485077513417905
6406,6406,0.43722690646532336,1.0,0.43722690646532336
6407,6407,0.44504288698507866,0.0,0.44504288698507866
6408,6408,0.8573311177370704,1.0,0.8573311177370704
6409,6409,0.5230592738224793,0.0,0.5230592738224793
6410,6410,0.8977144079697879,0.0,0.8977144079697879
6411,6411,0.6881994387257735,0.0,0.6881994387257735
6412,6412,0.5127140552108755,1.0,0.5127140552108755
6413,6413,0.7324138807275543,1.0,0.7324138807275543
6414,6414,0.5296308325625395,0.0,0.5296308325625395
6415,6415,0.29574686596957145,0.0,0.29574686596957145
6416,6416,0.0682297126790069,0.0,0.0682297126790069
6417,6417,0.8968173248331481,1.0,0.8968173248331481
6418,6418,0.8318430118240675,1.0,0.8318430118240675
6419,6419,0.2051461376949203,0.0,0.2051461376949203
6420,6420,0.11054759876599352,0.0,0.11054759876599352
6421,6421,0.10676773051262123,0.0,0.10676773051262123
6422,6422,0.18040009497988307,1.0,0.18040009497988307
6423,6423,0.052508000920068354,0.0,0.052508000920068354
6424,6424,0.12308438596166671,0.0,0.12308438596166671
6425,6425,0.07508637471604696,0.0,0.07508637471604696
6426,6426,0.9269515998301621,1.0,0.9269515998301621
6427,6427,0.5463442321159744,1.0,0.5463442321159744
6428,6428,0.8421946383902305,1.0,0.8421946383902305
6429,6429,0.006117447929753439,0.0,0.006117447929753439
6430,6430,0.976856665675609,1.0,0.976856665675609
6431,6431,0.2898383496430387,0.0,0.2898383496430387
6432,6432,0.854098509050737,1.0,0.854098509050737
6433,6433,0.40130664181313513,1.0,0.40130664181313513
6434,6434,0.01918216192584632,0.0,0.01918216192584632
6435,6435,0.11525745815112465,0.0,0.11525745815112465
6436,6436,0.8619303294095813,0.0,0.8619303294095813
6437,6437,0.1212522630720464,0.0,0.1212522630720464
6438,6438,0.21309282057353596,0.0,0.21309282057353596
6439,6439,0.4306746936204672,0.0,0.4306746936204672
6440,6440,0.3341446897017232,0.0,0.3341446897017232
6441,6441,0.5924085678401632,0.0,0.5924085678401632
6442,6442,0.03646359658011078,0.0,0.03646359658011078
6443,6443,0.9436908782479874,1.0,0.9436908782479874
6444,6444,0.25992876941137566,1.0,0.25992876941137566
6445,6445,0.6548073867652502,1.0,0.6548073867652502
6446,6446,0.20793972633267344,1.0,0.20793972633267344
6447,6447,0.04002483000991797,0.0,0.04002483000991797
6448,6448,0.9271849403804313,1.0,0.9271849403804313
6449,6449,0.9651970549796124,1.0,0.9651970549796124
6450,6450,0.8341826449804811,0.0,0.8341826449804811
6451,6451,0.26582703633815497,0.0,0.26582703633815497
6452,6452,0.08569957831197494,0.0,0.08569957831197494
6453,6453,0.49250081190333017,0.0,0.49250081190333017
6454,6454,0.8688346697668159,1.0,0.8688346697668159
6455,6455,0.803162401331236,1.0,0.803162401331236
6456,6456,0.598841546368859,1.0,0.598841546368859
6457,6457,0.6322110790139813,0.0,0.6322110790139813
6458,6458,0.3141255366051219,0.0,0.3141255366051219
6459,6459,0.47643991370268723,0.0,0.47643991370268723
6460,6460,0.04182157959350774,0.0,0.04182157959350774
6461,6461,0.7468873163112717,0.0,0.7468873163112717
6462,6462,0.5826940349046179,1.0,0.5826940349046179
6463,6463,0.2117926138575391,0.0,0.2117926138575391
6464,6464,0.9247398509359278,1.0,0.9247398509359278
6465,6465,0.6710151148490692,1.0,0.6710151148490692
6466,6466,0.16699374528762512,0.0,0.16699374528762512
6467,6467,0.002944571894886283,0.0,0.002944571894886283
6468,6468,0.2685010194487394,0.0,0.2685010194487394
6469,6469,0.22823585472747265,0.0,0.22823585472747265
6470,6470,0.8941980939592891,1.0,0.8941980939592891
6471,6471,0.7433936283636658,1.0,0.7433936283636658
6472,6472,0.5316799849182866,1.0,0.5316799849182866
6473,6473,0.08917147185631713,0.0,0.08917147185631713
6474,6474,0.39796946820963064,1.0,0.39796946820963064
6475,6475,0.7596943675776866,0.0,0.7596943675776866
6476,6476,0.7755205406059423,0.0,0.7755205406059423
6477,6477,0.3283758734454959,1.0,0.3283758734454959
6478,6478,0.4476078005459534,0.0,0.4476078005459534
6479,6479,0.6573487644280358,0.0,0.6573487644280358
6480,6480,0.039303905569800124,0.0,0.039303905569800124
6481,6481,0.6718986705294728,1.0,0.6718986705294728
6482,6482,0.8001283220207528,1.0,0.8001283220207528
6483,6483,0.743813205004689,1.0,0.743813205004689
6484,6484,0.2477203180789993,0.0,0.2477203180789993
6485,6485,0.43203015647286014,0.0,0.43203015647286014
6486,6486,0.11741857108410436,0.0,0.11741857108410436
6487,6487,0.6387879924982705,1.0,0.6387879924982705
6488,6488,0.68127450878634,1.0,0.68127450878634
6489,6489,0.7202757764301116,1.0,0.7202757764301116
6490,6490,0.35143497683356006,1.0,0.35143497683356006
6491,6491,0.0368559964049493,0.0,0.0368559964049493
6492,6492,0.17725089748626088,1.0,0.17725089748626088
6493,6493,0.11772066225752942,0.0,0.11772066225752942
6494,6494,0.6367736475717464,1.0,0.6367736475717464
6495,6495,0.9881871345636164,1.0,0.9881871345636164
6496,6496,0.07277836031727936,0.0,0.07277836031727936
6497,6497,0.34158894986385757,0.0,0.34158894986385757
6498,6498,0.5470089823062086,0.0,0.5470089823062086
6499,6499,0.5789497952548525,0.0,0.5789497952548525
6500,6500,0.9617661144196906,0.0,0.9617661144196906
6501,6501,0.969824805659248,1.0,0.969824805659248
6502,6502,0.7464563785736656,0.0,0.7464563785736656
6503,6503,0.03465339426844649,0.0,0.03465339426844649
6504,6504,0.6936208415343225,1.0,0.6936208415343225
6505,6505,0.5168184900373528,0.0,0.5168184900373528
6506,6506,0.8923680808455635,1.0,0.8923680808455635
6507,6507,0.6047754983540499,0.0,0.6047754983540499
6508,6508,0.69059859097323,0.0,0.69059859097323
6509,6509,0.17532781727920532,0.0,0.17532781727920532
6510,6510,0.9446528263649642,1.0,0.9446528263649642
6511,6511,0.3426316475043,0.0,0.3426316475043
6512,6512,0.02585095883591737,0.0,0.02585095883591737
6513,6513,0.8272323947867695,0.0,0.8272323947867695
6514,6514,0.34230686396776044,0.0,0.34230686396776044
6515,6515,0.7337919330767231,1.0,0.7337919330767231
6516,6516,0.678159319531643,0.0,0.678159319531643
6517,6517,0.7793754511198753,1.0,0.7793754511198753
6518,6518,0.029074128341801453,0.0,0.029074128341801453
6519,6519,0.5513869042644504,1.0,0.5513869042644504
6520,6520,0.7688750510266227,0.0,0.7688750510266227
6521,6521,0.046461038225413365,1.0,0.046461038225413365
6522,6522,0.5894473128131699,1.0,0.5894473128131699
6523,6523,0.8743455568498442,1.0,0.8743455568498442
6524,6524,0.2551790759212905,0.0,0.2551790759212905
6525,6525,0.8536673228088182,1.0,0.8536673228088182
6526,6526,0.13012465528589345,0.0,0.13012465528589345
6527,6527,0.3236754535588432,0.0,0.3236754535588432
6528,6528,0.4018139931184971,0.0,0.4018139931184971
6529,6529,0.04955822549558031,0.0,0.04955822549558031
6530,6530,0.3317715071235311,1.0,0.3317715071235311
6531,6531,0.4311449551047607,0.0,0.4311449551047607
6532,6532,0.11456772766643408,0.0,0.11456772766643408
6533,6533,0.2666482700987005,0.0,0.2666482700987005
6534,6534,0.12730357547986082,0.0,0.12730357547986082
6535,6535,0.5641003130853017,0.0,0.5641003130853017
6536,6536,0.5137345366666862,0.0,0.5137345366666862
6537,6537,0.05545574575987644,0.0,0.05545574575987644
6538,6538,0.3505397541715376,0.0,0.3505397541715376
6539,6539,0.18786799103702734,1.0,0.18786799103702734
6540,6540,0.5642182500828463,0.0,0.5642182500828463
6541,6541,0.8304397025944644,1.0,0.8304397025944644
6542,6542,0.5626170118834395,1.0,0.5626170118834395
6543,6543,0.41732002923408973,0.0,0.41732002923408973
6544,6544,0.8421583773855694,1.0,0.8421583773855694
6545,6545,0.7936959496973527,0.0,0.7936959496973527
6546,6546,0.23769007335401449,0.0,0.23769007335401449
6547,6547,0.5823717276856062,1.0,0.5823717276856062
6548,6548,0.7346857661543605,1.0,0.7346857661543605
6549,6549,0.8600520905705727,0.0,0.8600520905705727
6550,6550,0.5650373730205341,0.0,0.5650373730205341
6551,6551,0.9029179058140189,1.0,0.9029179058140189
6552,6552,0.2024344978235587,0.0,0.2024344978235587
6553,6553,0.5206647046214578,1.0,0.5206647046214578
6554,6554,0.44128310870343634,0.0,0.44128310870343634
6555,6555,0.1453516002981441,0.0,0.1453516002981441
6556,6556,0.4146618960307732,0.0,0.4146618960307732
6557,6557,0.24160247736263396,0.0,0.24160247736263396
6558,6558,0.825818183007923,0.0,0.825818183007923
6559,6559,0.15575805830043488,0.0,0.15575805830043488
6560,6560,0.6265823613607807,1.0,0.6265823613607807
6561,6561,0.675445344346616,0.0,0.675445344346616
6562,6562,0.08536026606054092,0.0,0.08536026606054092
6563,6563,0.8211755867786779,1.0,0.8211755867786779
6564,6564,0.6496673839915553,1.0,0.6496673839915553
6565,6565,0.5829857093922923,1.0,0.5829857093922923
6566,6566,0.13288322708112388,0.0,0.13288322708112388
6567,6567,0.13293549923596504,0.0,0.13293549923596504
6568,6568,0.20624465453579066,1.0,0.20624465453579066
6569,6569,0.7433737802488722,0.0,0.7433737802488722
6570,6570,0.24814591089927407,0.0,0.24814591089927407
6571,6571,0.9272370173508492,1.0,0.9272370173508492
6572,6572,0.4617744908913579,1.0,0.4617744908913579
6573,6573,0.899452520606997,1.0,0.899452520606997
6574,6574,0.35868149920615267,1.0,0.35868149920615267
6575,6575,0.2167668238032825,1.0,0.2167668238032825
6576,6576,0.6513628615742292,0.0,0.6513628615742292
6577,6577,0.5414625792888763,0.0,0.5414625792888763
6578,6578,0.5206087397243346,0.0,0.5206087397243346
6579,6579,0.7488992813027333,1.0,0.7488992813027333
6580,6580,0.9746467014552577,1.0,0.9746467014552577
6581,6581,0.1366597189270835,0.0,0.1366597189270835
6582,6582,0.5027812259630037,1.0,0.5027812259630037
6583,6583,0.1342996088235454,0.0,0.1342996088235454
6584,6584,0.14838576901570455,0.0,0.14838576901570455
6585,6585,0.3546716422975741,1.0,0.3546716422975741
6586,6586,0.07364048822857416,0.0,0.07364048822857416
6587,6587,0.4151047833160013,1.0,0.4151047833160013
6588,6588,0.9508756316022453,1.0,0.9508756316022453
6589,6589,0.13731553748919822,0.0,0.13731553748919822
6590,6590,0.630459873009934,0.0,0.630459873009934
6591,6591,0.3530989318558979,0.0,0.3530989318558979
6592,6592,0.9988539481791857,1.0,0.9988539481791857
6593,6593,0.546335376782061,1.0,0.546335376782061
6594,6594,0.22987576545692823,0.0,0.22987576545692823
6595,6595,0.13935580021144667,0.0,0.13935580021144667
6596,6596,0.6402294013678957,1.0,0.6402294013678957
6597,6597,0.35152003626711603,1.0,0.35152003626711603
6598,6598,0.34884338289758454,0.0,0.34884338289758454
6599,6599,0.2523780536540965,0.0,0.2523780536540965
6600,6600,0.8375972506530506,1.0,0.8375972506530506
6601,6601,0.32478471653351315,1.0,0.32478471653351315
6602,6602,0.9847186292759229,1.0,0.9847186292759229
6603,6603,0.9299353610184325,1.0,0.9299353610184325
6604,6604,0.5437243606297478,0.0,0.5437243606297478
6605,6605,0.8829277243687934,1.0,0.8829277243687934
6606,6606,0.41928012482960686,1.0,0.41928012482960686
6607,6607,0.2511473331618088,0.0,0.2511473331618088
6608,6608,0.2752845976488135,0.0,0.2752845976488135
6609,6609,0.9688928597262728,1.0,0.9688928597262728
6610,6610,0.4877034285554548,1.0,0.4877034285554548
6611,6611,0.716402989385413,1.0,0.716402989385413
6612,6612,0.5682096715330243,1.0,0.5682096715330243
6613,6613,0.26273818642963775,0.0,0.26273818642963775
6614,6614,0.29445008174437515,1.0,0.29445008174437515
6615,6615,0.06791843408100473,0.0,0.06791843408100473
6616,6616,0.5454883595461126,1.0,0.5454883595461126
6617,6617,0.7116488650990392,1.0,0.7116488650990392
6618,6618,0.49808438733720684,1.0,0.49808438733720684
6619,6619,0.49956714533942526,0.0,0.49956714533942526
6620,6620,0.09742916478964081,0.0,0.09742916478964081
6621,6621,0.726155849981719,1.0,0.726155849981719
6622,6622,0.9099384880625871,1.0,0.9099384880625871
6623,6623,0.561783955634616,0.0,0.561783955634616
6624,6624,0.055869668290526864,0.0,0.055869668290526864
6625,6625,0.5804341224591647,0.0,0.5804341224591647
6626,6626,0.7992576326258701,1.0,0.7992576326258701
6627,6627,0.6508086803807623,0.0,0.6508086803807623
6628,6628,0.8765267094170827,0.0,0.8765267094170827
6629,6629,0.44760948713477755,0.0,0.44760948713477755
6630,6630,0.8900434722013001,1.0,0.8900434722013001
6631,6631,0.550112404744647,1.0,0.550112404744647
6632,6632,0.8976410348516929,1.0,0.8976410348516929
6633,6633,0.701127988649618,1.0,0.701127988649618
6634,6634,0.7683935204728037,1.0,0.7683935204728037
6635,6635,0.8878207479885166,1.0,0.8878207479885166
6636,6636,0.6024212103593378,1.0,0.6024212103593378
6637,6637,0.4826648167321663,0.0,0.4826648167321663
6638,6638,0.5949328348290576,1.0,0.5949328348290576
6639,6639,0.7180431553792892,1.0,0.7180431553792892
6640,6640,0.357376767454727,0.0,0.357376767454727
6641,6641,0.8434941269132064,1.0,0.8434941269132064
6642,6642,0.822932958434744,1.0,0.822932958434744
6643,6643,0.6690318799011749,0.0,0.6690318799011749
6644,6644,0.8526618670174397,1.0,0.8526618670174397
6645,6645,0.9263688700828733,1.0,0.9263688700828733
6646,6646,0.7312708788104083,0.0,0.7312708788104083
6647,6647,0.7139521675865161,0.0,0.7139521675865161
6648,6648,0.9019067502135631,1.0,0.9019067502135631
6649,6649,0.6816938434977589,1.0,0.6816938434977589
6650,6650,0.5760366679867497,1.0,0.5760366679867497
6651,6651,0.5198204149444078,0.0,0.5198204149444078
6652,6652,0.7851586100056767,1.0,0.7851586100056767
6653,6653,0.29891620242427996,0.0,0.29891620242427996
6654,6654,0.31167412471025036,0.0,0.31167412471025036
6655,6655,0.7176662892764106,1.0,0.7176662892764106
6656,6656,0.33898786567160333,0.0,0.33898786567160333
6657,6657,0.6060518128456004,1.0,0.6060518128456004
6658,6658,0.0041948691826960705,0.0,0.0041948691826960705
6659,6659,0.07702421894258371,0.0,0.07702421894258371
6660,6660,0.9361662838608112,1.0,0.9361662838608112
6661,6661,0.6162520651609584,1.0,0.6162520651609584
6662,6662,0.29391692410588954,1.0,0.29391692410588954
6663,6663,0.25778828316852875,0.0,0.25778828316852875
6664,6664,0.4707025941694064,1.0,0.4707025941694064
6665,6665,0.8677197017829658,1.0,0.8677197017829658
6666,6666,0.8016828104006092,1.0,0.8016828104006092
6667,6667,0.7975437441227665,1.0,0.7975437441227665
6668,6668,0.20002978705928487,1.0,0.20002978705928487
6669,6669,0.24657646238163822,1.0,0.24657646238163822
6670,6670,0.8466075253162917,1.0,0.8466075253162917
6671,6671,0.948641153926037,1.0,0.948641153926037
6672,6672,0.048272681486627556,0.0,0.048272681486627556
6673,6673,0.8553822725929852,1.0,0.8553822725929852
6674,6674,0.8630331316978483,1.0,0.8630331316978483
6675,6675,0.787682600644525,1.0,0.787682600644525
6676,6676,0.957819097783241,1.0,0.957819097783241
6677,6677,0.3536402733126034,0.0,0.3536402733126034
6678,6678,0.01057699651099775,0.0,0.01057699651099775
6679,6679,0.010669234174484177,0.0,0.010669234174484177
6680,6680,0.4373407189927442,0.0,0.4373407189927442
6681,6681,0.1689786633224647,0.0,0.1689786633224647
6682,6682,0.8343760414927035,1.0,0.8343760414927035
6683,6683,0.975273956426744,1.0,0.975273956426744
6684,6684,0.5762786405638095,1.0,0.5762786405638095
6685,6685,0.8706646800182863,1.0,0.8706646800182863
6686,6686,0.284744690774245,1.0,0.284744690774245
6687,6687,0.09184473411946892,0.0,0.09184473411946892
6688,6688,0.011043518712478329,0.0,0.011043518712478329
6689,6689,0.058318506131756154,0.0,0.058318506131756154
6690,6690,0.888256165404342,1.0,0.888256165404342
6691,6691,0.9795215403045188,0.0,0.9795215403045188
6692,6692,0.49232645599661107,0.0,0.49232645599661107
6693,6693,0.316161945267989,1.0,0.316161945267989
6694,6694,0.7191760884545937,0.0,0.7191760884545937
6695,6695,0.6849996891302251,1.0,0.6849996891302251
6696,6696,0.9525070083745125,1.0,0.9525070083745125
6697,6697,0.7602855930235934,0.0,0.7602855930235934
6698,6698,0.5885960944795419,1.0,0.5885960944795419
6699,6699,0.2427089593257271,0.0,0.2427089593257271
6700,6700,0.5207935222020349,1.0,0.5207935222020349
6701,6701,0.46883378414389854,1.0,0.46883378414389854
6702,6702,0.570932567317263,1.0,0.570932567317263
6703,6703,0.12387389547325744,0.0,0.12387389547325744
6704,6704,0.9428250210831773,1.0,0.9428250210831773
6705,6705,0.7435224975815782,1.0,0.7435224975815782
6706,6706,0.022252931090106842,0.0,0.022252931090106842
6707,6707,0.1186268651940312,0.0,0.1186268651940312
6708,6708,0.4377380983776229,1.0,0.4377380983776229
6709,6709,0.3068122227532627,0.0,0.3068122227532627
6710,6710,0.5723273335281163,1.0,0.5723273335281163
6711,6711,0.11393660396938232,0.0,0.11393660396938232
6712,6712,0.2795983037633678,0.0,0.2795983037633678
6713,6713,0.6136191553312457,1.0,0.6136191553312457
6714,6714,0.8686802800087549,1.0,0.8686802800087549
6715,6715,0.01887214402128856,0.0,0.01887214402128856
6716,6716,0.2116242760680248,0.0,0.2116242760680248
6717,6717,0.6844392133061655,0.0,0.6844392133061655
6718,6718,0.3806192013632991,1.0,0.3806192013632991
6719,6719,0.9784602518507859,1.0,0.9784602518507859
6720,6720,0.2753116205177456,1.0,0.2753116205177456
6721,6721,0.685597338272076,1.0,0.685597338272076
6722,6722,0.9178787931331795,1.0,0.9178787931331795
6723,6723,0.9162364565574775,1.0,0.9162364565574775
6724,6724,0.5451404004319911,0.0,0.5451404004319911
6725,6725,0.4399945317304904,0.0,0.4399945317304904
6726,6726,0.8148240205050504,1.0,0.8148240205050504
6727,6727,0.530112982583572,0.0,0.530112982583572
6728,6728,0.9405188130805512,0.0,0.9405188130805512
6729,6729,0.3463696160038646,0.0,0.3463696160038646
6730,6730,0.0645153882345143,0.0,0.0645153882345143
6731,6731,0.23019295005217977,0.0,0.23019295005217977
6732,6732,0.16800072859630077,0.0,0.16800072859630077
6733,6733,0.5812385914492324,0.0,0.5812385914492324
6734,6734,0.7153419284141549,0.0,0.7153419284141549
6735,6735,0.6167720772844455,0.0,0.6167720772844455
6736,6736,0.31415479090161424,0.0,0.31415479090161424
6737,6737,0.8224295392157402,1.0,0.8224295392157402
6738,6738,0.9410322355293635,1.0,0.9410322355293635
6739,6739,0.6183821756693825,0.0,0.6183821756693825
6740,6740,0.12777375605701902,1.0,0.12777375605701902
6741,6741,0.8864205070295728,1.0,0.8864205070295728
6742,6742,0.8412492204157275,1.0,0.8412492204157275
6743,6743,0.9014337415205029,1.0,0.9014337415205029
6744,6744,0.6746186224311965,1.0,0.6746186224311965
6745,6745,0.9116308473325394,1.0,0.9116308473325394
6746,6746,0.9383323026073876,1.0,0.9383323026073876
6747,6747,0.014191122765045305,0.0,0.014191122765045305
6748,6748,0.7440228206759995,1.0,0.7440228206759995
6749,6749,0.1485687843623874,0.0,0.1485687843623874
6750,6750,0.9710238071875144,1.0,0.9710238071875144
6751,6751,0.39467334683375765,1.0,0.39467334683375765
6752,6752,0.5625568806659892,0.0,0.5625568806659892
6753,6753,0.3246447479472775,0.0,0.3246447479472775
6754,6754,0.6865699231177342,1.0,0.6865699231177342
6755,6755,0.9914619101023261,1.0,0.9914619101023261
6756,6756,0.6077944564276877,1.0,0.6077944564276877
6757,6757,0.4812855144847523,1.0,0.4812855144847523
6758,6758,0.922026749669826,1.0,0.922026749669826
6759,6759,0.3432259687392788,0.0,0.3432259687392788
6760,6760,0.41370362048192677,0.0,0.41370362048192677
6761,6761,0.6085981277993767,1.0,0.6085981277993767
6762,6762,0.5131711786497596,0.0,0.5131711786497596
6763,6763,0.15260407275219512,0.0,0.15260407275219512
6764,6764,0.2695476205450772,1.0,0.2695476205450772
6765,6765,0.5699124944005689,1.0,0.5699124944005689
6766,6766,0.6119081398713935,0.0,0.6119081398713935
6767,6767,0.8822007682054102,1.0,0.8822007682054102
6768,6768,0.35361994792355966,1.0,0.35361994792355966
6769,6769,0.7704222721712611,1.0,0.7704222721712611
6770,6770,0.6103401263020769,1.0,0.6103401263020769
6771,6771,0.3326083381672381,1.0,0.3326083381672381
6772,6772,0.6889768121952285,1.0,0.6889768121952285
6773,6773,0.626701831243154,0.0,0.626701831243154
6774,6774,0.46152298764390975,1.0,0.46152298764390975
6775,6775,0.039450107397566936,0.0,0.039450107397566936
6776,6776,0.5983060262620034,1.0,0.5983060262620034
6777,6777,0.09557563623998377,0.0,0.09557563623998377
6778,6778,0.9376373497904847,1.0,0.9376373497904847
6779,6779,0.7445797150291139,1.0,0.7445797150291139
6780,6780,0.7533267222209808,0.0,0.7533267222209808
6781,6781,0.3583648109816403,0.0,0.3583648109816403
6782,6782,0.9047007840886387,1.0,0.9047007840886387
6783,6783,0.18460098676980563,0.0,0.18460098676980563
6784,6784,0.813288650270095,0.0,0.813288650270095
6785,6785,0.40289118146365266,0.0,0.40289118146365266
6786,6786,0.6923026233809398,1.0,0.6923026233809398
6787,6787,0.6027466290537594,0.0,0.6027466290537594
6788,6788,0.6569761513799954,0.0,0.6569761513799954
6789,6789,0.6827453185091308,1.0,0.6827453185091308
6790,6790,0.7677947941046085,1.0,0.7677947941046085
6791,6791,0.925223560298892,1.0,0.925223560298892
6792,6792,0.821912837442709,0.0,0.821912837442709
6793,6793,0.01183786570048817,0.0,0.01183786570048817
6794,6794,0.6906773045748886,1.0,0.6906773045748886
6795,6795,0.8135965819718619,1.0,0.8135965819718619
6796,6796,0.09157084280383587,0.0,0.09157084280383587
6797,6797,0.8151487218544696,1.0,0.8151487218544696
6798,6798,0.8972112750067969,1.0,0.8972112750067969
6799,6799,0.5889116814985964,0.0,0.5889116814985964
6800,6800,0.6056337877254045,0.0,0.6056337877254045
6801,6801,0.6076124816058431,1.0,0.6076124816058431
6802,6802,0.9379878227072244,1.0,0.9379878227072244
6803,6803,0.8106439516648032,1.0,0.8106439516648032
6804,6804,0.24192118491248826,0.0,0.24192118491248826
6805,6805,0.7160395896746597,1.0,0.7160395896746597
6806,6806,0.6262694410792617,0.0,0.6262694410792617
6807,6807,0.012752635852076644,0.0,0.012752635852076644
6808,6808,0.20515709067311227,0.0,0.20515709067311227
6809,6809,0.6534966286220891,1.0,0.6534966286220891
6810,6810,0.973841620775905,1.0,0.973841620775905
6811,6811,0.5513659566110852,1.0,0.5513659566110852
6812,6812,0.056576090663864265,0.0,0.056576090663864265
6813,6813,0.5447308322227903,1.0,0.5447308322227903
6814,6814,0.8223963278917408,1.0,0.8223963278917408
6815,6815,0.2360337746306449,0.0,0.2360337746306449
6816,6816,0.41421533835262503,1.0,0.41421533835262503
6817,6817,0.215155260241653,0.0,0.215155260241653
6818,6818,0.9909113171726888,1.0,0.9909113171726888
6819,6819,0.46996462314618426,0.0,0.46996462314618426
6820,6820,0.918498171198677,1.0,0.918498171198677
6821,6821,0.4683197614991351,1.0,0.4683197614991351
6822,6822,0.28126299596402415,0.0,0.28126299596402415
6823,6823,0.6093305616769561,1.0,0.6093305616769561
6824,6824,0.7080379265441556,1.0,0.7080379265441556
6825,6825,0.4556069213586609,0.0,0.4556069213586609
6826,6826,0.4491174629230801,0.0,0.4491174629230801
6827,6827,0.7634038275831543,1.0,0.7634038275831543
6828,6828,0.47354603059147304,0.0,0.47354603059147304
6829,6829,0.7231364288434694,1.0,0.7231364288434694
6830,6830,0.19014986335796336,0.0,0.19014986335796336
6831,6831,0.19163064965739385,1.0,0.19163064965739385
6832,6832,0.11516384315418893,1.0,0.11516384315418893
6833,6833,0.5908926743508753,0.0,0.5908926743508753
6834,6834,0.5396965224438368,0.0,0.5396965224438368
6835,6835,0.9196095222259572,1.0,0.9196095222259572
6836,6836,0.798014484379737,1.0,0.798014484379737
6837,6837,0.6917762414485346,1.0,0.6917762414485346
6838,6838,0.11456000778133113,0.0,0.11456000778133113
6839,6839,0.8085639203279699,1.0,0.8085639203279699
6840,6840,0.7867073724792092,1.0,0.7867073724792092
6841,6841,0.11904641429978369,0.0,0.11904641429978369
6842,6842,0.714355901767864,1.0,0.714355901767864
6843,6843,0.49184680055086016,1.0,0.49184680055086016
6844,6844,0.6716953716282299,1.0,0.6716953716282299
6845,6845,0.8214650278411669,1.0,0.8214650278411669
6846,6846,0.1388112409355644,0.0,0.1388112409355644
6847,6847,0.44038799095666425,1.0,0.44038799095666425
6848,6848,0.28878880748517644,0.0,0.28878880748517644
6849,6849,0.9722599721675351,1.0,0.9722599721675351
6850,6850,0.5194705674037159,1.0,0.5194705674037159
6851,6851,0.1894698472525168,0.0,0.1894698472525168
6852,6852,0.5160311753860555,1.0,0.5160311753860555
6853,6853,0.014984416908178089,0.0,0.014984416908178089
6854,6854,0.9601658574791567,1.0,0.9601658574791567
6855,6855,0.3801557384069102,0.0,0.3801557384069102
6856,6856,0.12442364341419554,0.0,0.12442364341419554
6857,6857,0.3970329458082672,0.0,0.3970329458082672
6858,6858,0.3084835538197299,1.0,0.3084835538197299
6859,6859,0.5143899799854103,1.0,0.5143899799854103
6860,6860,0.3706586179734983,0.0,0.3706586179734983
6861,6861,0.5197232356025625,0.0,0.5197232356025625
6862,6862,0.5660226479005406,1.0,0.5660226479005406
6863,6863,0.008233945516228913,0.0,0.008233945516228913
6864,6864,0.788234220181294,1.0,0.788234220181294
6865,6865,0.8304065634016465,1.0,0.8304065634016465
6866,6866,0.22858618946857934,0.0,0.22858618946857934
6867,6867,0.5151696360719898,1.0,0.5151696360719898
6868,6868,0.6250911731373361,1.0,0.6250911731373361
6869,6869,0.2784259817764999,1.0,0.2784259817764999
6870,6870,0.06592248594501915,0.0,0.06592248594501915
6871,6871,0.3256045616416684,1.0,0.3256045616416684
6872,6872,0.8637705643537235,1.0,0.8637705643537235
6873,6873,0.37215373844808797,0.0,0.37215373844808797
6874,6874,0.8353400920278489,0.0,0.8353400920278489
6875,6875,0.20279032969569832,0.0,0.20279032969569832
6876,6876,0.03426899942210193,0.0,0.03426899942210193
6877,6877,0.6800994668701715,1.0,0.6800994668701715
6878,6878,0.5855876940154784,1.0,0.5855876940154784
6879,6879,0.7736378538450244,1.0,0.7736378538450244
6880,6880,0.3747706964506762,1.0,0.3747706964506762
6881,6881,0.8315473625932258,1.0,0.8315473625932258
6882,6882,0.26753315579260706,0.0,0.26753315579260706
6883,6883,0.9504541591054438,1.0,0.9504541591054438
6884,6884,0.7236319154335933,0.0,0.7236319154335933
6885,6885,0.39008119237687555,0.0,0.39008119237687555
6886,6886,0.030508809334994558,0.0,0.030508809334994558
6887,6887,0.20725316891076107,0.0,0.20725316891076107
6888,6888,0.4657489336164128,0.0,0.4657489336164128
6889,6889,0.8498692939150527,0.0,0.8498692939150527
6890,6890,0.9792259270662645,1.0,0.9792259270662645
6891,6891,0.3308476261084662,0.0,0.3308476261084662
6892,6892,0.5100954902203402,1.0,0.5100954902203402
6893,6893,0.4625994936535579,0.0,0.4625994936535579
6894,6894,0.09079886479288679,0.0,0.09079886479288679
6895,6895,0.6831181075366765,1.0,0.6831181075366765
6896,6896,0.6534261430788071,0.0,0.6534261430788071
6897,6897,0.4012475767306044,0.0,0.4012475767306044
6898,6898,0.08906419025443668,0.0,0.08906419025443668
6899,6899,0.40300285708859074,0.0,0.40300285708859074
6900,6900,0.6388356822896554,1.0,0.6388356822896554
6901,6901,0.8733605393677311,1.0,0.8733605393677311
6902,6902,0.16605150678973957,0.0,0.16605150678973957
6903,6903,0.5572617916646898,0.0,0.5572617916646898
6904,6904,0.23309705710342143,0.0,0.23309705710342143
6905,6905,0.9781438802881108,1.0,0.9781438802881108
6906,6906,0.4988224177907542,0.0,0.4988224177907542
6907,6907,0.2528142408585755,1.0,0.2528142408585755
6908,6908,0.26464230237982955,1.0,0.26464230237982955
6909,6909,0.7421988541998676,1.0,0.7421988541998676
6910,6910,0.23005257541057222,0.0,0.23005257541057222
6911,6911,0.010374137970764696,0.0,0.010374137970764696
6912,6912,0.030383921717354267,1.0,0.030383921717354267
6913,6913,0.4256991510163186,0.0,0.4256991510163186
6914,6914,0.9613462490941179,1.0,0.9613462490941179
6915,6915,0.1559010322625466,1.0,0.1559010322625466
6916,6916,0.3639147434659753,0.0,0.3639147434659753
6917,6917,0.413269431923281,1.0,0.413269431923281
6918,6918,0.43495864665044903,1.0,0.43495864665044903
6919,6919,0.22901321189680102,1.0,0.22901321189680102
6920,6920,0.36420152174905274,0.0,0.36420152174905274
6921,6921,0.08323298963330039,0.0,0.08323298963330039
6922,6922,0.04496942088914668,0.0,0.04496942088914668
6923,6923,0.9466442479026904,1.0,0.9466442479026904
6924,6924,0.5720671222002461,1.0,0.5720671222002461
6925,6925,0.48129304455954425,0.0,0.48129304455954425
6926,6926,0.3056153778743912,0.0,0.3056153778743912
6927,6927,0.4532107248218743,0.0,0.4532107248218743
6928,6928,0.9421674800361535,1.0,0.9421674800361535
6929,6929,0.2596070070069064,0.0,0.2596070070069064
6930,6930,0.03501708965046346,0.0,0.03501708965046346
6931,6931,0.7989437398777207,1.0,0.7989437398777207
6932,6932,0.9273835720452444,1.0,0.9273835720452444
6933,6933,0.9958267844778896,1.0,0.9958267844778896
6934,6934,0.15827689056484806,0.0,0.15827689056484806
6935,6935,0.9217012331281688,1.0,0.9217012331281688
6936,6936,0.9443972320203244,1.0,0.9443972320203244
6937,6937,0.749645482546032,0.0,0.749645482546032
6938,6938,0.6106197449527335,0.0,0.6106197449527335
6939,6939,0.5653507374738149,1.0,0.5653507374738149
6940,6940,0.686907959013985,1.0,0.686907959013985
6941,6941,0.40700197354558365,0.0,0.40700197354558365
6942,6942,0.7233177750929194,0.0,0.7233177750929194
6943,6943,0.7235955534336339,1.0,0.7235955534336339
6944,6944,0.35938342163526493,1.0,0.35938342163526493
6945,6945,0.06698035346210285,0.0,0.06698035346210285
6946,6946,0.6358625104118784,1.0,0.6358625104118784
6947,6947,0.4712962229530361,1.0,0.4712962229530361
6948,6948,0.8730837884460869,1.0,0.8730837884460869
6949,6949,0.26345584163443403,0.0,0.26345584163443403
6950,6950,0.1705936653291541,0.0,0.1705936653291541
6951,6951,0.8439845566599185,0.0,0.8439845566599185
6952,6952,0.8432429615888998,1.0,0.8432429615888998
6953,6953,0.0908257411859148,0.0,0.0908257411859148
6954,6954,0.1289549341638785,0.0,0.1289549341638785
6955,6955,0.15312903703703706,0.0,0.15312903703703706
6956,6956,0.7908696530831629,0.0,0.7908696530831629
6957,6957,0.6107582593115461,1.0,0.6107582593115461
6958,6958,0.40254078943218974,1.0,0.40254078943218974
6959,6959,0.3613012019908032,1.0,0.3613012019908032
6960,6960,0.21926671054449387,0.0,0.21926671054449387
6961,6961,0.02475366963900172,0.0,0.02475366963900172
6962,6962,0.8112102897087153,1.0,0.8112102897087153
6963,6963,0.8698545335617724,1.0,0.8698545335617724
6964,6964,0.5027747054110466,1.0,0.5027747054110466
6965,6965,0.26221237235942974,0.0,0.26221237235942974
6966,6966,0.2463557291465075,1.0,0.2463557291465075
6967,6967,0.406179676495532,0.0,0.406179676495532
6968,6968,0.7341050234168159,1.0,0.7341050234168159
6969,6969,0.005317782734681309,0.0,0.005317782734681309
6970,6970,0.9273973220881715,1.0,0.9273973220881715
6971,6971,0.3025959449922051,0.0,0.3025959449922051
6972,6972,0.18838463638199865,0.0,0.18838463638199865
6973,6973,0.8577923795486897,1.0,0.8577923795486897
6974,6974,0.10182250614688126,0.0,0.10182250614688126
6975,6975,0.8312622892656192,0.0,0.8312622892656192
6976,6976,0.4667955701343549,1.0,0.4667955701343549
6977,6977,0.9448495165333066,1.0,0.9448495165333066
6978,6978,0.6583073000560088,1.0,0.6583073000560088
6979,6979,0.36478749713519476,0.0,0.36478749713519476
6980,6980,0.6720128434181102,0.0,0.6720128434181102
6981,6981,0.03052440263381262,0.0,0.03052440263381262
6982,6982,0.88282219172725,1.0,0.88282219172725
6983,6983,0.8472416919640398,1.0,0.8472416919640398
6984,6984,0.308984725417211,0.0,0.308984725417211
6985,6985,0.03897846534886429,0.0,0.03897846534886429
6986,6986,0.391833551235105,0.0,0.391833551235105
6987,6987,0.8598059205643038,1.0,0.8598059205643038
6988,6988,0.5861933350367465,0.0,0.5861933350367465
6989,6989,0.38748935519005234,0.0,0.38748935519005234
6990,6990,0.062127350688973904,0.0,0.062127350688973904
6991,6991,0.2558756164447158,0.0,0.2558756164447158
6992,6992,0.19049520108745843,0.0,0.19049520108745843
6993,6993,0.7401482663981318,1.0,0.7401482663981318
6994,6994,0.9534938767874023,0.0,0.9534938767874023
6995,6995,0.7707880272093415,1.0,0.7707880272093415
6996,6996,0.06366691939386582,0.0,0.06366691939386582
6997,6997,0.09705828727561838,0.0,0.09705828727561838
6998,6998,0.08467799125183384,0.0,0.08467799125183384
6999,6999,0.7955849592346838,1.0,0.7955849592346838
7000,7000,0.5902113729572179,1.0,0.5902113729572179
7001,7001,0.8039997373633174,1.0,0.8039997373633174
7002,7002,0.05701419232081695,0.0,0.05701419232081695
7003,7003,0.9551471134706866,1.0,0.9551471134706866
7004,7004,0.9171565848664651,1.0,0.9171565848664651
7005,7005,0.5545898026597411,0.0,0.5545898026597411
7006,7006,0.18102777509160817,1.0,0.18102777509160817
7007,7007,0.28881802422979796,0.0,0.28881802422979796
7008,7008,0.31804207205027946,0.0,0.31804207205027946
7009,7009,0.7973610867333988,0.0,0.7973610867333988
7010,7010,0.05276651922311382,0.0,0.05276651922311382
7011,7011,0.7702005405027448,1.0,0.7702005405027448
7012,7012,0.7933682341615368,1.0,0.7933682341615368
7013,7013,0.4919948191922351,1.0,0.4919948191922351
7014,7014,0.5700764750991902,0.0,0.5700764750991902
7015,7015,0.3841778792915773,0.0,0.3841778792915773
7016,7016,0.9342176601832843,1.0,0.9342176601832843
7017,7017,0.26003874959267603,1.0,0.26003874959267603
7018,7018,0.2052427721348059,0.0,0.2052427721348059
7019,7019,0.9445638001737313,1.0,0.9445638001737313
7020,7020,0.8104461181811142,1.0,0.8104461181811142
7021,7021,0.05639032915443365,0.0,0.05639032915443365
7022,7022,0.3353438134376364,0.0,0.3353438134376364
7023,7023,0.8436500406290329,1.0,0.8436500406290329
7024,7024,0.14636022229611045,0.0,0.14636022229611045
7025,7025,0.35700511606169594,0.0,0.35700511606169594
7026,7026,0.19104196285829955,1.0,0.19104196285829955
7027,7027,0.4149409505932642,0.0,0.4149409505932642
7028,7028,0.19414152387178252,0.0,0.19414152387178252
7029,7029,0.15143017941195203,0.0,0.15143017941195203
7030,7030,0.2886483600116414,0.0,0.2886483600116414
7031,7031,0.09052596404041646,0.0,0.09052596404041646
7032,7032,0.3621151622131591,0.0,0.3621151622131591
7033,7033,0.5136184739989074,1.0,0.5136184739989074
7034,7034,0.5940030694037944,0.0,0.5940030694037944
7035,7035,0.24019696985396977,0.0,0.24019696985396977
7036,7036,0.16205226349251944,0.0,0.16205226349251944
7037,7037,0.982401167128977,1.0,0.982401167128977
7038,7038,0.4885086333606592,0.0,0.4885086333606592
7039,7039,0.3542521977358781,1.0,0.3542521977358781
7040,7040,0.5474745681320321,1.0,0.5474745681320321
7041,7041,0.36888306870986975,1.0,0.36888306870986975
7042,7042,0.7363356771223111,1.0,0.7363356771223111
7043,7043,0.09378599743993599,0.0,0.09378599743993599
7044,7044,0.35376985123417404,1.0,0.35376985123417404
7045,7045,0.7138743904705028,0.0,0.7138743904705028
7046,7046,0.6617335706974429,1.0,0.6617335706974429
7047,7047,0.8266127235927611,1.0,0.8266127235927611
7048,7048,0.5878955605838241,0.0,0.5878955605838241
7049,7049,0.19128875286030678,0.0,0.19128875286030678
7050,7050,0.5625116865216957,1.0,0.5625116865216957
7051,7051,0.2353762751571291,0.0,0.2353762751571291
7052,7052,0.07794328278517304,0.0,0.07794328278517304
7053,7053,0.132207845853908,0.0,0.132207845853908
7054,7054,0.22141049909949018,1.0,0.22141049909949018
7055,7055,0.4030174211525306,1.0,0.4030174211525306
7056,7056,0.5032461018122796,0.0,0.5032461018122796
7057,7057,0.6254880124004228,1.0,0.6254880124004228
7058,7058,0.7052406479924859,1.0,0.7052406479924859
7059,7059,0.10839970459835357,1.0,0.10839970459835357
7060,7060,0.3197294189542329,0.0,0.3197294189542329
7061,7061,0.6274843721991764,1.0,0.6274843721991764
7062,7062,0.7477995969865245,1.0,0.7477995969865245
7063,7063,0.32937635895222794,0.0,0.32937635895222794
7064,7064,0.6674874335553991,1.0,0.6674874335553991
7065,7065,0.3920822531025946,0.0,0.3920822531025946
7066,7066,0.9038298662623494,1.0,0.9038298662623494
7067,7067,0.32629498630036535,1.0,0.32629498630036535
7068,7068,0.5977021371419421,0.0,0.5977021371419421
7069,7069,0.39210742131285037,0.0,0.39210742131285037
7070,7070,0.7881974827025363,0.0,0.7881974827025363
7071,7071,0.7892499945420722,0.0,0.7892499945420722
7072,7072,0.015077554379658742,0.0,0.015077554379658742
7073,7073,0.971219151045443,1.0,0.971219151045443
7074,7074,0.9186640923111234,1.0,0.9186640923111234
7075,7075,0.9936035712654272,1.0,0.9936035712654272
7076,7076,0.14328994126105055,0.0,0.14328994126105055
7077,7077,0.8612377956081241,1.0,0.8612377956081241
7078,7078,0.677664460330725,1.0,0.677664460330725
7079,7079,0.5365757116923524,0.0,0.5365757116923524
7080,7080,0.9016102996352328,1.0,0.9016102996352328
7081,7081,0.4934938547194516,1.0,0.4934938547194516
7082,7082,0.8965332039236354,1.0,0.8965332039236354
7083,7083,0.24653386227208673,0.0,0.24653386227208673
7084,7084,0.14713077513946649,1.0,0.14713077513946649
7085,7085,0.978654366605766,1.0,0.978654366605766
7086,7086,0.821682684095811,1.0,0.821682684095811
7087,7087,0.9268713507243039,1.0,0.9268713507243039
7088,7088,0.7139327226186221,0.0,0.7139327226186221
7089,7089,0.21780555803692658,0.0,0.21780555803692658
7090,7090,0.7903598127498807,1.0,0.7903598127498807
7091,7091,0.39074073064961845,1.0,0.39074073064961845
7092,7092,0.34190708912586454,1.0,0.34190708912586454
7093,7093,0.07718008025423784,0.0,0.07718008025423784
7094,7094,0.7086836565543009,0.0,0.7086836565543009
7095,7095,0.04143032015146153,0.0,0.04143032015146153
7096,7096,0.26724218542330813,0.0,0.26724218542330813
7097,7097,0.6115706921824896,1.0,0.6115706921824896
7098,7098,0.5788726223173941,1.0,0.5788726223173941
7099,7099,0.13970738992855747,0.0,0.13970738992855747
7100,7100,0.6402095245433574,1.0,0.6402095245433574
7101,7101,0.4153308217761874,0.0,0.4153308217761874
7102,7102,0.42050905319149046,0.0,0.42050905319149046
7103,7103,0.7980205304840159,1.0,0.7980205304840159
7104,7104,0.48857405283946376,1.0,0.48857405283946376
7105,7105,0.8923105730034102,1.0,0.8923105730034102
7106,7106,0.24926558613501126,0.0,0.24926558613501126
7107,7107,0.4096283045813821,0.0,0.4096283045813821
7108,7108,0.787138180117473,1.0,0.787138180117473
7109,7109,0.4205755095005712,1.0,0.4205755095005712
7110,7110,0.9965279066758397,1.0,0.9965279066758397
7111,7111,0.5204226140656051,1.0,0.5204226140656051
7112,7112,0.975643981569858,1.0,0.975643981569858
7113,7113,0.7564983717730024,1.0,0.7564983717730024
7114,7114,0.8961528368920535,1.0,0.8961528368920535
7115,7115,0.9108303890040133,1.0,0.9108303890040133
7116,7116,0.7953195317264528,1.0,0.7953195317264528
7117,7117,0.7588610994930213,1.0,0.7588610994930213
7118,7118,0.34779710834554955,0.0,0.34779710834554955
7119,7119,0.6580545329734492,1.0,0.6580545329734492
7120,7120,0.848816245676156,1.0,0.848816245676156
7121,7121,0.9276769097651486,1.0,0.9276769097651486
7122,7122,0.33378336184893165,0.0,0.33378336184893165
7123,7123,0.5106168274685701,0.0,0.5106168274685701
7124,7124,0.03335792565988771,0.0,0.03335792565988771
7125,7125,0.41951695362151453,1.0,0.41951695362151453
7126,7126,0.887243651936099,1.0,0.887243651936099
7127,7127,0.9354299850577232,1.0,0.9354299850577232
7128,7128,0.3735076550560439,1.0,0.3735076550560439
7129,7129,0.6440641132188316,1.0,0.6440641132188316
7130,7130,0.5150876947047498,1.0,0.5150876947047498
7131,7131,0.5967762686636477,1.0,0.5967762686636477
7132,7132,0.2582271125346127,0.0,0.2582271125346127
7133,7133,0.23444291160392083,1.0,0.23444291160392083
7134,7134,0.36155193508692174,1.0,0.36155193508692174
7135,7135,0.8299540744001574,1.0,0.8299540744001574
7136,7136,0.7314601598968336,1.0,0.7314601598968336
7137,7137,0.10483386724942767,0.0,0.10483386724942767
7138,7138,0.5912679483796919,1.0,0.5912679483796919
7139,7139,0.7506292896136785,1.0,0.7506292896136785
7140,7140,0.04724242207832374,0.0,0.04724242207832374
7141,7141,0.002909688235410157,0.0,0.002909688235410157
7142,7142,0.2400292332580044,0.0,0.2400292332580044
7143,7143,0.07684956294061907,0.0,0.07684956294061907
7144,7144,0.7692484436105103,1.0,0.7692484436105103
7145,7145,0.11517561751003091,0.0,0.11517561751003091
7146,7146,0.3344721263797388,0.0,0.3344721263797388
7147,7147,0.4652869060825674,1.0,0.4652869060825674
7148,7148,0.6533697697961693,1.0,0.6533697697961693
7149,7149,0.07722869862141801,0.0,0.07722869862141801
7150,7150,0.6897610060179612,0.0,0.6897610060179612
7151,7151,0.4583042643340942,1.0,0.4583042643340942
7152,7152,0.8073163430681847,1.0,0.8073163430681847
7153,7153,0.07454303767307469,0.0,0.07454303767307469
7154,7154,0.9922612784790749,1.0,0.9922612784790749
7155,7155,0.6456236070083783,1.0,0.6456236070083783
7156,7156,0.04629260975218352,0.0,0.04629260975218352
7157,7157,0.4781339048271406,0.0,0.4781339048271406
7158,7158,0.5771086190598969,0.0,0.5771086190598969
7159,7159,0.7958082042564485,0.0,0.7958082042564485
7160,7160,0.020033815519613363,0.0,0.020033815519613363
7161,7161,0.18231530188938017,0.0,0.18231530188938017
7162,7162,0.12247822825853438,0.0,0.12247822825853438
7163,7163,0.9475492872755726,1.0,0.9475492872755726
7164,7164,0.034734486826261346,0.0,0.034734486826261346
7165,7165,0.7325340695410743,1.0,0.7325340695410743
7166,7166,0.058642471443708044,0.0,0.058642471443708044
7167,7167,0.17164968857765117,0.0,0.17164968857765117
7168,7168,0.2249659470425538,1.0,0.2249659470425538
7169,7169,0.16885842384548966,0.0,0.16885842384548966
7170,7170,0.6964354986708488,0.0,0.6964354986708488
7171,7171,0.7579630041306565,1.0,0.7579630041306565
7172,7172,0.30489173850011153,0.0,0.30489173850011153
7173,7173,0.774705571269355,1.0,0.774705571269355
7174,7174,0.2905004063182882,1.0,0.2905004063182882
7175,7175,0.6650520272048073,0.0,0.6650520272048073
7176,7176,0.08041442662133835,0.0,0.08041442662133835
7177,7177,0.3490035717917166,0.0,0.3490035717917166
7178,7178,0.9660432196505836,1.0,0.9660432196505836
7179,7179,0.40105379921651485,1.0,0.40105379921651485
7180,7180,0.14441249456859173,0.0,0.14441249456859173
7181,7181,0.13014460421321217,0.0,0.13014460421321217
7182,7182,0.34909539408799917,1.0,0.34909539408799917
7183,7183,0.2143267247101016,0.0,0.2143267247101016
7184,7184,0.5257784271056354,0.0,0.5257784271056354
7185,7185,0.0876419556348852,0.0,0.0876419556348852
7186,7186,0.6026502665524506,1.0,0.6026502665524506
7187,7187,0.262891154173751,0.0,0.262891154173751
7188,7188,0.30720918017602117,0.0,0.30720918017602117
7189,7189,0.13353816182614187,0.0,0.13353816182614187
7190,7190,0.8537001438796878,1.0,0.8537001438796878
7191,7191,0.8170146282112785,1.0,0.8170146282112785
7192,7192,0.06196354103608237,0.0,0.06196354103608237
7193,7193,0.6918685627913304,0.0,0.6918685627913304
7194,7194,0.36078349228620976,0.0,0.36078349228620976
7195,7195,0.5985970046133273,0.0,0.5985970046133273
7196,7196,0.8591869674220395,1.0,0.8591869674220395
7197,7197,0.7965533050306249,1.0,0.7965533050306249
7198,7198,0.24998124274242517,0.0,0.24998124274242517
7199,7199,0.5401983658483936,0.0,0.5401983658483936
7200,7200,0.6016687580675373,1.0,0.6016687580675373
7201,7201,0.14854682551538834,0.0,0.14854682551538834
7202,7202,0.8517775429143074,1.0,0.8517775429143074
7203,7203,0.09686981497057823,0.0,0.09686981497057823
7204,7204,0.8350228800022257,1.0,0.8350228800022257
7205,7205,0.36440151139661847,1.0,0.36440151139661847
7206,7206,0.3862976418926034,1.0,0.3862976418926034
7207,7207,0.0034604659069599197,0.0,0.0034604659069599197
7208,7208,0.7592585833838823,1.0,0.7592585833838823
7209,7209,0.44986016920891936,0.0,0.44986016920891936
7210,7210,0.0009133915176824381,0.0,0.0009133915176824381
7211,7211,0.20803604873768555,0.0,0.20803604873768555
7212,7212,0.8099403264515549,1.0,0.8099403264515549
7213,7213,0.8232243839837263,1.0,0.8232243839837263
7214,7214,0.9864500295015707,1.0,0.9864500295015707
7215,7215,0.3448082760264112,1.0,0.3448082760264112
7216,7216,0.4674020115856772,0.0,0.4674020115856772
7217,7217,0.12464282703346952,0.0,0.12464282703346952
7218,7218,0.8421195563957921,1.0,0.8421195563957921
7219,7219,0.8198888056381363,1.0,0.8198888056381363
7220,7220,0.33176630191500844,0.0,0.33176630191500844
7221,7221,0.9943671473077265,1.0,0.9943671473077265
7222,7222,0.9246570349204295,1.0,0.9246570349204295
7223,7223,0.9484158046172179,1.0,0.9484158046172179
7224,7224,0.6112289448081266,1.0,0.6112289448081266
7225,7225,0.17355239365371677,1.0,0.17355239365371677
7226,7226,0.08631763275218907,0.0,0.08631763275218907
7227,7227,0.6867949519236635,1.0,0.6867949519236635
7228,7228,0.10616506110649693,0.0,0.10616506110649693
7229,7229,0.5461781364911499,0.0,0.5461781364911499
7230,7230,0.48996043069974426,0.0,0.48996043069974426
7231,7231,0.9968145801707017,1.0,0.9968145801707017
7232,7232,0.3163908939547191,1.0,0.3163908939547191
7233,7233,0.8578142417155428,1.0,0.8578142417155428
7234,7234,0.24491585629684065,0.0,0.24491585629684065
7235,7235,0.3223592643163299,1.0,0.3223592643163299
7236,7236,0.11052636679183214,0.0,0.11052636679183214
7237,7237,0.31989973090304913,0.0,0.31989973090304913
7238,7238,0.34061204682626056,0.0,0.34061204682626056
7239,7239,0.37835899244794124,1.0,0.37835899244794124
7240,7240,0.7177771143234011,0.0,0.7177771143234011
7241,7241,0.19556972984985,0.0,0.19556972984985
7242,7242,0.7829993077065798,1.0,0.7829993077065798
7243,7243,0.16420851278466875,0.0,0.16420851278466875
7244,7244,0.9679614343411242,1.0,0.9679614343411242
7245,7245,0.22479864655859016,1.0,0.22479864655859016
7246,7246,0.7451702786756506,1.0,0.7451702786756506
7247,7247,0.9128560722441844,1.0,0.9128560722441844
7248,7248,0.2769756005780195,1.0,0.2769756005780195
7249,7249,0.7309283425384554,1.0,0.7309283425384554
7250,7250,0.060130153849928925,0.0,0.060130153849928925
7251,7251,0.10103225214003986,0.0,0.10103225214003986
7252,7252,0.9060207082691544,1.0,0.9060207082691544
7253,7253,0.6042254241563969,1.0,0.6042254241563969
7254,7254,0.43260841645151404,1.0,0.43260841645151404
7255,7255,0.40129767028447505,0.0,0.40129767028447505
7256,7256,0.9720508693186982,1.0,0.9720508693186982
7257,7257,0.5056114503051399,0.0,0.5056114503051399
7258,7258,0.8689970911014985,1.0,0.8689970911014985
7259,7259,0.8782889809277957,1.0,0.8782889809277957
7260,7260,0.9942663487512321,1.0,0.9942663487512321
7261,7261,0.5228589464976764,1.0,0.5228589464976764
7262,7262,0.4502821165542654,0.0,0.4502821165542654
7263,7263,0.8392821443017465,1.0,0.8392821443017465
7264,7264,0.6697210648053771,1.0,0.6697210648053771
7265,7265,0.6539938358531349,0.0,0.6539938358531349
7266,7266,0.2733938897860937,0.0,0.2733938897860937
7267,7267,0.4480885829824526,0.0,0.4480885829824526
7268,7268,0.7845790089879386,1.0,0.7845790089879386
7269,7269,0.6238941408383455,1.0,0.6238941408383455
7270,7270,0.20021431540562695,0.0,0.20021431540562695
7271,7271,0.05101070129432106,1.0,0.05101070129432106
7272,7272,0.49429642005603536,1.0,0.49429642005603536
7273,7273,0.22954967266545379,0.0,0.22954967266545379
7274,7274,0.5621629635261978,1.0,0.5621629635261978
7275,7275,0.18202814349610796,0.0,0.18202814349610796
7276,7276,0.6330905126749813,1.0,0.6330905126749813
7277,7277,0.2584772975097879,0.0,0.2584772975097879
7278,7278,0.037458077258082256,0.0,0.037458077258082256
7279,7279,0.3151942238148078,0.0,0.3151942238148078
7280,7280,0.8657447384599003,1.0,0.8657447384599003
7281,7281,0.6292341074534915,1.0,0.6292341074534915
7282,7282,0.4614405628607505,0.0,0.4614405628607505
7283,7283,0.5725249192642956,1.0,0.5725249192642956
7284,7284,0.7701106533873654,0.0,0.7701106533873654
7285,7285,0.09556063242330859,0.0,0.09556063242330859
7286,7286,0.049165036716845134,0.0,0.049165036716845134
7287,7287,0.826004612651751,1.0,0.826004612651751
7288,7288,0.43417389580248666,0.0,0.43417389580248666
7289,7289,0.060178297716990015,0.0,0.060178297716990015
7290,7290,0.948604651508958,1.0,0.948604651508958
7291,7291,0.8534475813390213,1.0,0.8534475813390213
7292,7292,0.8991182246405734,1.0,0.8991182246405734
7293,7293,0.6699670259888746,0.0,0.6699670259888746
7294,7294,0.8840960720623482,1.0,0.8840960720623482
7295,7295,0.8203399184074862,1.0,0.8203399184074862
7296,7296,0.7674329639597001,1.0,0.7674329639597001
7297,7297,0.576690309839197,0.0,0.576690309839197
7298,7298,0.9185944483800135,1.0,0.9185944483800135
7299,7299,0.34353599112038335,0.0,0.34353599112038335
7300,7300,0.11200417664680118,0.0,0.11200417664680118
7301,7301,0.05982097299003519,0.0,0.05982097299003519
7302,7302,0.061706529063448645,0.0,0.061706529063448645
7303,7303,0.06250106296959002,0.0,0.06250106296959002
7304,7304,0.03805914140313049,0.0,0.03805914140313049
7305,7305,0.9778327649396399,1.0,0.9778327649396399
7306,7306,0.3668248729247443,1.0,0.3668248729247443
7307,7307,0.9298816562495927,1.0,0.9298816562495927
7308,7308,0.7391456950339416,1.0,0.7391456950339416
7309,7309,0.762589502451543,1.0,0.762589502451543
7310,7310,0.10848344075598815,0.0,0.10848344075598815
7311,7311,0.9897045834905691,1.0,0.9897045834905691
7312,7312,0.6394714501782133,1.0,0.6394714501782133
7313,7313,0.9053906554111026,1.0,0.9053906554111026
7314,7314,0.4247924273053132,0.0,0.4247924273053132
7315,7315,0.7034288125043294,0.0,0.7034288125043294
7316,7316,0.7000567686140889,0.0,0.7000567686140889
7317,7317,0.8816738017050952,1.0,0.8816738017050952
7318,7318,0.332817744655341,0.0,0.332817744655341
7319,7319,0.7868578014068093,1.0,0.7868578014068093
7320,7320,0.42031520769074526,0.0,0.42031520769074526
7321,7321,0.08771653244862321,0.0,0.08771653244862321
7322,7322,0.42149898235170236,1.0,0.42149898235170236
7323,7323,0.766083836181563,1.0,0.766083836181563
7324,7324,0.10376381132266321,0.0,0.10376381132266321
7325,7325,0.8588032537502666,1.0,0.8588032537502666
7326,7326,0.5740457214578039,0.0,0.5740457214578039
7327,7327,0.6971991206525343,1.0,0.6971991206525343
7328,7328,0.7618975859320124,0.0,0.7618975859320124
7329,7329,0.18205689742711573,0.0,0.18205689742711573
7330,7330,0.569066898774537,0.0,0.569066898774537
7331,7331,0.30284016605961916,0.0,0.30284016605961916
7332,7332,0.21402895938613564,1.0,0.21402895938613564
7333,7333,0.1959150132862887,0.0,0.1959150132862887
7334,7334,0.23630096258205413,1.0,0.23630096258205413
7335,7335,0.8078629108530374,1.0,0.8078629108530374
7336,7336,0.37215060833918434,0.0,0.37215060833918434
7337,7337,0.8923102256286891,0.0,0.8923102256286891
7338,7338,0.20176001633361185,1.0,0.20176001633361185
7339,7339,0.05190160543749045,0.0,0.05190160543749045
7340,7340,0.18152940148047902,0.0,0.18152940148047902
7341,7341,0.46852617501125615,1.0,0.46852617501125615
7342,7342,0.5099844749841878,1.0,0.5099844749841878
7343,7343,0.7315349215787837,1.0,0.7315349215787837
7344,7344,0.05463659096992646,0.0,0.05463659096992646
7345,7345,0.6270580190609462,1.0,0.6270580190609462
7346,7346,0.6822408566055822,0.0,0.6822408566055822
7347,7347,0.04791817520365926,0.0,0.04791817520365926
7348,7348,0.49833465249520115,0.0,0.49833465249520115
7349,7349,0.10008291703104477,0.0,0.10008291703104477
7350,7350,0.21917066295283216,0.0,0.21917066295283216
7351,7351,0.193603701831356,0.0,0.193603701831356
7352,7352,0.0013548747142821949,0.0,0.0013548747142821949
7353,7353,0.8465244208673592,1.0,0.8465244208673592
7354,7354,0.1825740912941881,0.0,0.1825740912941881
7355,7355,0.23541913377323087,0.0,0.23541913377323087
7356,7356,0.032221858979353146,0.0,0.032221858979353146
7357,7357,0.37832986795050905,0.0,0.37832986795050905
7358,7358,0.6607682411458644,1.0,0.6607682411458644
7359,7359,0.46765014343650513,1.0,0.46765014343650513
7360,7360,0.3564160247406103,1.0,0.3564160247406103
7361,7361,0.490394028422959,0.0,0.490394028422959
7362,7362,0.9197264955784402,1.0,0.9197264955784402
7363,7363,0.6071021901739571,0.0,0.6071021901739571
7364,7364,0.4223985038717202,1.0,0.4223985038717202
7365,7365,0.6424631305726873,1.0,0.6424631305726873
7366,7366,0.4881330069449612,1.0,0.4881330069449612
7367,7367,0.6749205944297902,1.0,0.6749205944297902
7368,7368,0.7704234519273648,1.0,0.7704234519273648
7369,7369,0.8432544754212351,1.0,0.8432544754212351
7370,7370,0.5553661366777416,1.0,0.5553661366777416
7371,7371,0.009600309792450412,0.0,0.009600309792450412
7372,7372,0.1904967558334405,0.0,0.1904967558334405
7373,7373,0.36171803678163983,1.0,0.36171803678163983
7374,7374,0.4963833769578708,0.0,0.4963833769578708
7375,7375,0.03904691875579325,0.0,0.03904691875579325
7376,7376,0.47266175233009844,0.0,0.47266175233009844
7377,7377,0.30817860346786574,0.0,0.30817860346786574
7378,7378,0.2712272057503786,0.0,0.2712272057503786
7379,7379,0.09553386983562573,0.0,0.09553386983562573
7380,7380,0.6381708726718034,1.0,0.6381708726718034
7381,7381,0.6233035946488593,0.0,0.6233035946488593
7382,7382,0.6730690961977663,0.0,0.6730690961977663
7383,7383,0.4531651684161929,0.0,0.4531651684161929
7384,7384,0.9468844470236618,1.0,0.9468844470236618
7385,7385,0.2033114686897859,0.0,0.2033114686897859
7386,7386,0.4559588794241478,0.0,0.4559588794241478
7387,7387,0.695602824663549,0.0,0.695602824663549
7388,7388,0.650794295651268,0.0,0.650794295651268
7389,7389,0.08759739299694169,1.0,0.08759739299694169
7390,7390,0.05467264660767657,0.0,0.05467264660767657
7391,7391,0.25882592298087703,0.0,0.25882592298087703
7392,7392,0.2145416026936613,1.0,0.2145416026936613
7393,7393,0.4358535192422637,0.0,0.4358535192422637
7394,7394,0.41758717992100003,0.0,0.41758717992100003
7395,7395,0.17443148779670048,0.0,0.17443148779670048
7396,7396,0.5235709918748223,0.0,0.5235709918748223
7397,7397,0.36343128440188777,0.0,0.36343128440188777
7398,7398,0.047080549532338645,0.0,0.047080549532338645
7399,7399,0.46501474747128224,1.0,0.46501474747128224
7400,7400,0.17118853886381136,0.0,0.17118853886381136
7401,7401,0.1803967597096685,0.0,0.1803967597096685
7402,7402,0.08311153794983572,1.0,0.08311153794983572
7403,7403,0.7879677123291136,1.0,0.7879677123291136
7404,7404,0.40495110328123507,0.0,0.40495110328123507
7405,7405,0.8849965996316406,1.0,0.8849965996316406
7406,7406,0.7642588077762079,0.0,0.7642588077762079
7407,7407,0.6174142260909357,0.0,0.6174142260909357
7408,7408,0.4405525467161332,0.0,0.4405525467161332
7409,7409,0.7129675866525166,1.0,0.7129675866525166
7410,7410,0.990054394820156,1.0,0.990054394820156
7411,7411,0.8444494456384553,1.0,0.8444494456384553
7412,7412,0.5191307406400598,0.0,0.5191307406400598
7413,7413,0.7972933406375382,0.0,0.7972933406375382
7414,7414,0.6177782145894011,1.0,0.6177782145894011
7415,7415,0.2970251756125891,0.0,0.2970251756125891
7416,7416,0.6208949633509016,0.0,0.6208949633509016
7417,7417,0.8056965930681242,1.0,0.8056965930681242
7418,7418,0.5822612973610137,0.0,0.5822612973610137
7419,7419,0.7971178623110725,0.0,0.7971178623110725
7420,7420,0.9795972833056743,1.0,0.9795972833056743
7421,7421,0.21829653603284904,0.0,0.21829653603284904
7422,7422,0.9046888968187866,1.0,0.9046888968187866
7423,7423,0.1782576025845648,0.0,0.1782576025845648
7424,7424,0.18522617421115384,0.0,0.18522617421115384
7425,7425,0.6011929652234063,0.0,0.6011929652234063
7426,7426,0.8044164263410577,1.0,0.8044164263410577
7427,7427,0.879080693665187,1.0,0.879080693665187
7428,7428,0.8963012099382799,1.0,0.8963012099382799
7429,7429,0.5722668686740552,1.0,0.5722668686740552
7430,7430,0.13539049807421433,0.0,0.13539049807421433
7431,7431,0.9268415892747083,1.0,0.9268415892747083
7432,7432,0.13095142358089495,0.0,0.13095142358089495
7433,7433,0.7226512772604433,1.0,0.7226512772604433
7434,7434,0.530697163385046,0.0,0.530697163385046
7435,7435,0.15916372559889158,0.0,0.15916372559889158
7436,7436,0.1273946377489864,0.0,0.1273946377489864
7437,7437,0.7389688634726544,1.0,0.7389688634726544
7438,7438,0.8722565257440137,0.0,0.8722565257440137
7439,7439,0.4717519679837604,0.0,0.4717519679837604
7440,7440,0.4463114121805225,1.0,0.4463114121805225
7441,7441,0.2983586177730313,1.0,0.2983586177730313
7442,7442,0.20232044941011051,1.0,0.20232044941011051
7443,7443,0.9209127216264996,1.0,0.9209127216264996
7444,7444,0.047550056400158414,0.0,0.047550056400158414
7445,7445,0.3823033031746159,0.0,0.3823033031746159
7446,7446,0.9295609628166858,1.0,0.9295609628166858
7447,7447,0.19689487070965417,0.0,0.19689487070965417
7448,7448,0.6566751132570686,1.0,0.6566751132570686
7449,7449,0.05544162633175198,0.0,0.05544162633175198
7450,7450,0.32615057424249294,0.0,0.32615057424249294
7451,7451,0.6744037622716562,1.0,0.6744037622716562
7452,7452,0.26998801564499486,0.0,0.26998801564499486
7453,7453,0.6712257223107533,0.0,0.6712257223107533
7454,7454,0.5319186129356411,0.0,0.5319186129356411
7455,7455,0.26132019319453736,0.0,0.26132019319453736
7456,7456,0.581744385519964,0.0,0.581744385519964
7457,7457,0.6463235774185419,0.0,0.6463235774185419
7458,7458,0.3313242636782403,0.0,0.3313242636782403
7459,7459,0.13630508711858902,0.0,0.13630508711858902
7460,7460,0.5771206215575954,1.0,0.5771206215575954
7461,7461,0.3679264770258541,0.0,0.3679264770258541
7462,7462,0.29619187443479933,0.0,0.29619187443479933
7463,7463,0.1206951675777439,0.0,0.1206951675777439
7464,7464,0.17016918368887202,0.0,0.17016918368887202
7465,7465,0.27920684422904707,1.0,0.27920684422904707
7466,7466,0.43054016785217464,1.0,0.43054016785217464
7467,7467,0.6165542361438963,1.0,0.6165542361438963
7468,7468,0.1538977646405124,0.0,0.1538977646405124
7469,7469,0.11137212366638027,1.0,0.11137212366638027
7470,7470,0.2955898866938198,0.0,0.2955898866938198
7471,7471,0.4992843156500336,1.0,0.4992843156500336
7472,7472,0.6329907904212349,1.0,0.6329907904212349
7473,7473,0.1755436215247792,0.0,0.1755436215247792
7474,7474,0.8166090373863414,1.0,0.8166090373863414
7475,7475,0.8749659812980096,1.0,0.8749659812980096
7476,7476,0.831985556999378,1.0,0.831985556999378
7477,7477,0.051992478193281566,0.0,0.051992478193281566
7478,7478,0.35769695938974977,0.0,0.35769695938974977
7479,7479,0.7589086392492246,1.0,0.7589086392492246
7480,7480,0.7082214077812372,1.0,0.7082214077812372
7481,7481,0.8250599496492473,1.0,0.8250599496492473
7482,7482,0.4079529358862163,1.0,0.4079529358862163
7483,7483,0.040022063565081534,0.0,0.040022063565081534
7484,7484,0.3592589518283009,1.0,0.3592589518283009
7485,7485,0.36686309736698675,1.0,0.36686309736698675
7486,7486,0.893653892028669,0.0,0.893653892028669
7487,7487,0.06882290930490265,0.0,0.06882290930490265
7488,7488,0.6141208335123662,1.0,0.6141208335123662
7489,7489,0.9651727117317885,1.0,0.9651727117317885
7490,7490,0.8053315016390957,1.0,0.8053315016390957
7491,7491,0.9815566340171966,1.0,0.9815566340171966
7492,7492,0.9732649519390801,1.0,0.9732649519390801
7493,7493,0.07437202949278066,0.0,0.07437202949278066
7494,7494,0.7051000628246932,0.0,0.7051000628246932
7495,7495,0.38856773568697434,0.0,0.38856773568697434
7496,7496,0.4284947276829597,1.0,0.4284947276829597
7497,7497,0.48360077038234817,1.0,0.48360077038234817
7498,7498,0.4371240674914306,0.0,0.4371240674914306
7499,7499,0.6337661160392437,1.0,0.6337661160392437
7500,7500,0.36613339295949077,0.0,0.36613339295949077
7501,7501,0.7891989867860044,1.0,0.7891989867860044
7502,7502,0.23759973750712982,0.0,0.23759973750712982
7503,7503,0.6160807650357419,1.0,0.6160807650357419
7504,7504,0.7323531190051283,0.0,0.7323531190051283
7505,7505,0.9030281267704767,1.0,0.9030281267704767
7506,7506,0.25418838581546743,0.0,0.25418838581546743
7507,7507,0.566793500937008,1.0,0.566793500937008
7508,7508,0.13471415969097944,0.0,0.13471415969097944
7509,7509,0.19233891443245854,0.0,0.19233891443245854
7510,7510,0.5899617607301345,1.0,0.5899617607301345
7511,7511,0.7638124288690672,0.0,0.7638124288690672
7512,7512,0.0893082960430609,1.0,0.0893082960430609
7513,7513,0.12513325356833072,0.0,0.12513325356833072
7514,7514,0.6204523275299094,1.0,0.6204523275299094
7515,7515,0.09087837991264369,0.0,0.09087837991264369
7516,7516,0.34242591741051587,1.0,0.34242591741051587
7517,7517,0.7147289957317905,0.0,0.7147289957317905
7518,7518,0.30957380861187667,0.0,0.30957380861187667
7519,7519,0.6187191860878409,1.0,0.6187191860878409
7520,7520,0.03534065830016764,0.0,0.03534065830016764
7521,7521,0.7938688228483903,1.0,0.7938688228483903
7522,7522,0.1732325911934286,0.0,0.1732325911934286
7523,7523,0.5152403171884078,1.0,0.5152403171884078
7524,7524,0.031837558843162195,0.0,0.031837558843162195
7525,7525,0.9698007141728127,0.0,0.9698007141728127
7526,7526,0.5950515384226718,0.0,0.5950515384226718
7527,7527,0.000801302104617041,0.0,0.000801302104617041
7528,7528,0.965724380274863,1.0,0.965724380274863
7529,7529,0.33922185168641905,1.0,0.33922185168641905
7530,7530,0.6893131068994472,1.0,0.6893131068994472
7531,7531,0.5426223690998343,1.0,0.5426223690998343
7532,7532,0.9886573880699464,1.0,0.9886573880699464
7533,7533,0.1092810999583348,1.0,0.1092810999583348
7534,7534,0.4286996557586612,1.0,0.4286996557586612
7535,7535,0.38604156717454097,0.0,0.38604156717454097
7536,7536,0.7715079791751862,1.0,0.7715079791751862
7537,7537,0.11520014106802234,0.0,0.11520014106802234
7538,7538,0.14467370225654685,0.0,0.14467370225654685
7539,7539,0.650892403685047,0.0,0.650892403685047
7540,7540,0.5665261528746655,0.0,0.5665261528746655
7541,7541,0.8699849536894545,1.0,0.8699849536894545
7542,7542,0.23149038628699026,0.0,0.23149038628699026
7543,7543,0.6927214394555293,0.0,0.6927214394555293
7544,7544,0.6308594607662047,0.0,0.6308594607662047
7545,7545,0.12577243602519705,0.0,0.12577243602519705
7546,7546,0.7422705606231087,1.0,0.7422705606231087
7547,7547,0.9320267592027336,1.0,0.9320267592027336
7548,7548,0.7293509603539966,1.0,0.7293509603539966
7549,7549,0.9059120527936283,1.0,0.9059120527936283
7550,7550,0.9967326359561056,1.0,0.9967326359561056
7551,7551,0.28565171473496476,0.0,0.28565171473496476
7552,7552,0.6286516555426033,0.0,0.6286516555426033
7553,7553,0.3598781903496705,0.0,0.3598781903496705
7554,7554,0.9130230995942998,1.0,0.9130230995942998
7555,7555,0.12127457800596675,0.0,0.12127457800596675
7556,7556,0.05848837317727673,0.0,0.05848837317727673
7557,7557,0.6117285920234989,1.0,0.6117285920234989
7558,7558,0.7475577865815011,0.0,0.7475577865815011
7559,7559,0.4832676892993065,1.0,0.4832676892993065
7560,7560,0.08451170055552237,0.0,0.08451170055552237
7561,7561,0.5465343749883514,1.0,0.5465343749883514
7562,7562,0.12086163846281539,0.0,0.12086163846281539
7563,7563,0.5201177869402983,1.0,0.5201177869402983
7564,7564,0.1421172398201731,0.0,0.1421172398201731
7565,7565,0.8021368462053102,1.0,0.8021368462053102
7566,7566,0.9414767024670672,1.0,0.9414767024670672
7567,7567,0.6583128107020823,1.0,0.6583128107020823
7568,7568,0.263164406202419,1.0,0.263164406202419
7569,7569,0.360173345155569,0.0,0.360173345155569
7570,7570,0.08245736402450876,0.0,0.08245736402450876
7571,7571,0.3387346459912832,0.0,0.3387346459912832
7572,7572,0.5227863992544274,1.0,0.5227863992544274
7573,7573,0.7853033716765767,1.0,0.7853033716765767
7574,7574,0.9207262013355044,1.0,0.9207262013355044
7575,7575,0.09328072004373744,0.0,0.09328072004373744
7576,7576,0.14286820675691503,0.0,0.14286820675691503
7577,7577,0.5321227195839517,0.0,0.5321227195839517
7578,7578,0.0021039596644133463,0.0,0.0021039596644133463
7579,7579,0.5141221742662638,0.0,0.5141221742662638
7580,7580,0.38525910880904357,0.0,0.38525910880904357
7581,7581,0.764794533522736,1.0,0.764794533522736
7582,7582,0.20197184915833188,0.0,0.20197184915833188
7583,7583,0.8495104613822606,1.0,0.8495104613822606
7584,7584,0.4606780926183156,1.0,0.4606780926183156
7585,7585,0.6969214491482189,1.0,0.6969214491482189
7586,7586,0.4832705096568526,0.0,0.4832705096568526
7587,7587,0.574125651758942,1.0,0.574125651758942
7588,7588,0.2556004193071342,1.0,0.2556004193071342
7589,7589,0.5385821146329005,1.0,0.5385821146329005
7590,7590,0.3286524394479696,0.0,0.3286524394479696
7591,7591,0.4577446256600619,0.0,0.4577446256600619
7592,7592,0.6984760926522616,0.0,0.6984760926522616
7593,7593,0.20306140477762957,0.0,0.20306140477762957
7594,7594,0.453963270969311,1.0,0.453963270969311
7595,7595,0.3169917362051291,1.0,0.3169917362051291
7596,7596,0.4543099012131814,0.0,0.4543099012131814
7597,7597,0.5865794797087035,0.0,0.5865794797087035
7598,7598,0.009530243352391055,0.0,0.009530243352391055
7599,7599,0.9664464632633595,1.0,0.9664464632633595
7600,7600,0.8311353887801615,0.0,0.8311353887801615
7601,7601,0.15314726009025703,0.0,0.15314726009025703
7602,7602,0.49858971784412065,0.0,0.49858971784412065
7603,7603,0.543141558983205,0.0,0.543141558983205
7604,7604,0.17486694651479673,0.0,0.17486694651479673
7605,7605,0.4914618385479087,0.0,0.4914618385479087
7606,7606,0.213596905333305,0.0,0.213596905333305
7607,7607,0.17729577929514195,0.0,0.17729577929514195
7608,7608,0.6087381804185404,1.0,0.6087381804185404
7609,7609,0.8319161881847841,1.0,0.8319161881847841
7610,7610,0.05326801295297956,0.0,0.05326801295297956
7611,7611,0.2119759487895161,1.0,0.2119759487895161
7612,7612,0.04871907477736925,0.0,0.04871907477736925
7613,7613,0.31913985596885364,0.0,0.31913985596885364
7614,7614,0.5267935689126054,1.0,0.5267935689126054
7615,7615,0.8568046408066882,1.0,0.8568046408066882
7616,7616,0.43934443533007494,0.0,0.43934443533007494
7617,7617,0.9846190021837788,1.0,0.9846190021837788
7618,7618,0.4983698351418814,0.0,0.4983698351418814
7619,7619,0.4754451781610358,1.0,0.4754451781610358
7620,7620,0.12850973949506594,0.0,0.12850973949506594
7621,7621,0.41766129175083466,1.0,0.41766129175083466
7622,7622,0.4634606317073908,0.0,0.4634606317073908
7623,7623,0.04835322292250721,0.0,0.04835322292250721
7624,7624,0.9252539287857864,1.0,0.9252539287857864
7625,7625,0.3337659541800452,0.0,0.3337659541800452
7626,7626,0.5164923548282928,1.0,0.5164923548282928
7627,7627,0.6427784729363725,1.0,0.6427784729363725
7628,7628,0.4983423166961173,0.0,0.4983423166961173
7629,7629,0.4583601155687902,1.0,0.4583601155687902
7630,7630,0.05632785190746936,0.0,0.05632785190746936
7631,7631,0.3389535292542305,0.0,0.3389535292542305
7632,7632,0.11380451191870666,1.0,0.11380451191870666
7633,7633,0.7290932864918057,1.0,0.7290932864918057
7634,7634,0.7918068411780451,1.0,0.7918068411780451
7635,7635,0.403960463698546,0.0,0.403960463698546
7636,7636,0.6717528375791825,0.0,0.6717528375791825
7637,7637,0.2229271750872267,1.0,0.2229271750872267
7638,7638,0.25608538805078507,0.0,0.25608538805078507
7639,7639,0.5524015144818024,0.0,0.5524015144818024
7640,7640,0.4358106756383904,1.0,0.4358106756383904
7641,7641,0.03224280268155433,0.0,0.03224280268155433
7642,7642,0.4000570848762691,0.0,0.4000570848762691
7643,7643,0.18030625616922402,0.0,0.18030625616922402
7644,7644,0.12881705868175808,1.0,0.12881705868175808
7645,7645,0.1598520880564812,0.0,0.1598520880564812
7646,7646,0.607114707458702,1.0,0.607114707458702
7647,7647,0.856898300302259,1.0,0.856898300302259
7648,7648,0.1934267878258289,0.0,0.1934267878258289
7649,7649,0.9072202017872426,1.0,0.9072202017872426
7650,7650,0.6805699905724817,1.0,0.6805699905724817
7651,7651,0.47946326593747535,0.0,0.47946326593747535
7652,7652,0.004100965304966286,0.0,0.004100965304966286
7653,7653,0.7967979003308957,1.0,0.7967979003308957
7654,7654,0.35859500245719433,0.0,0.35859500245719433
7655,7655,0.10647846642274061,0.0,0.10647846642274061
7656,7656,0.07738403838601082,0.0,0.07738403838601082
7657,7657,0.2118683895698492,0.0,0.2118683895698492
7658,7658,0.45674581482414434,0.0,0.45674581482414434
7659,7659,0.31241935731175674,0.0,0.31241935731175674
7660,7660,0.39383303272634307,0.0,0.39383303272634307
7661,7661,0.5622927492666195,1.0,0.5622927492666195
7662,7662,0.6645861109364771,0.0,0.6645861109364771
7663,7663,0.10908807110661889,1.0,0.10908807110661889
7664,7664,0.6277034692041267,1.0,0.6277034692041267
7665,7665,0.828653194205973,1.0,0.828653194205973
7666,7666,0.7483562793689463,1.0,0.7483562793689463
7667,7667,0.049801186917938445,0.0,0.049801186917938445
7668,7668,0.5361553916101449,1.0,0.5361553916101449
7669,7669,0.38693674163733693,1.0,0.38693674163733693
7670,7670,0.49541281394295766,1.0,0.49541281394295766
7671,7671,0.9853979951987922,1.0,0.9853979951987922
7672,7672,0.8246923531966345,1.0,0.8246923531966345
7673,7673,0.7501492585816457,1.0,0.7501492585816457
7674,7674,0.695834975072378,1.0,0.695834975072378
7675,7675,0.1566417245345183,0.0,0.1566417245345183
7676,7676,0.9234115264536727,1.0,0.9234115264536727
7677,7677,0.32159242145110134,1.0,0.32159242145110134
7678,7678,0.1638024090260759,1.0,0.1638024090260759
7679,7679,0.9904884952990841,1.0,0.9904884952990841
7680,7680,0.013204767866583644,0.0,0.013204767866583644
7681,7681,0.44601577776032186,1.0,0.44601577776032186
7682,7682,0.5066971864711453,0.0,0.5066971864711453
7683,7683,0.2890687822738123,0.0,0.2890687822738123
7684,7684,0.06697088291147313,0.0,0.06697088291147313
7685,7685,0.6667539657806432,0.0,0.6667539657806432
7686,7686,0.24191480282960687,0.0,0.24191480282960687
7687,7687,0.6445026819454011,0.0,0.6445026819454011
7688,7688,0.8098008719579964,0.0,0.8098008719579964
7689,7689,0.7080110610452774,0.0,0.7080110610452774
7690,7690,0.39384193367259057,0.0,0.39384193367259057
7691,7691,0.1894450459165118,1.0,0.1894450459165118
7692,7692,0.9064149200250572,1.0,0.9064149200250572
7693,7693,0.4227117110621519,0.0,0.4227117110621519
7694,7694,0.5709886380542175,1.0,0.5709886380542175
7695,7695,0.07088042312380682,0.0,0.07088042312380682
7696,7696,0.1383448749199071,0.0,0.1383448749199071
7697,7697,0.8908786618719622,1.0,0.8908786618719622
7698,7698,0.3464184669015914,1.0,0.3464184669015914
7699,7699,0.9486015921170406,1.0,0.9486015921170406
7700,7700,0.9865741197993234,1.0,0.9865741197993234
7701,7701,0.4254068717238071,0.0,0.4254068717238071
7702,7702,0.030086617200061894,0.0,0.030086617200061894
7703,7703,0.5883129896219023,1.0,0.5883129896219023
7704,7704,0.7111271859531938,0.0,0.7111271859531938
7705,7705,0.4468944484938623,0.0,0.4468944484938623
7706,7706,0.3863498530293219,0.0,0.3863498530293219
7707,7707,0.9470084050097566,1.0,0.9470084050097566
7708,7708,0.033056171325601125,0.0,0.033056171325601125
7709,7709,0.9267363804627236,1.0,0.9267363804627236
7710,7710,0.2613474737290995,0.0,0.2613474737290995
7711,7711,0.058134974787381166,0.0,0.058134974787381166
7712,7712,0.7720512150806164,1.0,0.7720512150806164
7713,7713,0.7947339443952178,1.0,0.7947339443952178
7714,7714,0.8590155319670109,1.0,0.8590155319670109
7715,7715,0.45921090099909156,1.0,0.45921090099909156
7716,7716,0.3727550816326469,0.0,0.3727550816326469
7717,7717,0.00042385922345189453,0.0,0.00042385922345189453
7718,7718,0.9337479291476112,1.0,0.9337479291476112
7719,7719,0.5702722436891247,1.0,0.5702722436891247
7720,7720,0.17533184446698968,0.0,0.17533184446698968
7721,7721,0.6078181248099643,1.0,0.6078181248099643
7722,7722,0.8106699125982207,1.0,0.8106699125982207
7723,7723,0.6618727854657539,1.0,0.6618727854657539
7724,7724,0.17259135507798873,0.0,0.17259135507798873
7725,7725,0.7179688144701676,1.0,0.7179688144701676
7726,7726,0.43799012806939,0.0,0.43799012806939
7727,7727,0.22296862600902456,1.0,0.22296862600902456
7728,7728,0.3036694479962757,0.0,0.3036694479962757
7729,7729,0.2329108502149394,0.0,0.2329108502149394
7730,7730,0.2953121318052194,1.0,0.2953121318052194
7731,7731,0.2841785845157472,0.0,0.2841785845157472
7732,7732,0.6181210571405724,0.0,0.6181210571405724
7733,7733,0.8880764320884259,1.0,0.8880764320884259
7734,7734,0.12032084020045197,0.0,0.12032084020045197
7735,7735,0.8536084421552781,1.0,0.8536084421552781
7736,7736,0.4231251542796718,1.0,0.4231251542796718
7737,7737,0.6574883997663021,0.0,0.6574883997663021
7738,7738,0.7662743306760682,1.0,0.7662743306760682
7739,7739,0.5046768428925579,0.0,0.5046768428925579
7740,7740,0.6771793793714252,1.0,0.6771793793714252
7741,7741,0.8345630218117569,1.0,0.8345630218117569
7742,7742,0.829695231807654,1.0,0.829695231807654
7743,7743,0.07122055108771264,1.0,0.07122055108771264
7744,7744,0.962961730094544,1.0,0.962961730094544
7745,7745,0.8897998138048417,1.0,0.8897998138048417
7746,7746,0.6356725430271997,1.0,0.6356725430271997
7747,7747,0.5282141123929484,1.0,0.5282141123929484
7748,7748,0.7541611211537342,1.0,0.7541611211537342
7749,7749,0.7532458590485498,0.0,0.7532458590485498
7750,7750,0.5993153799029264,1.0,0.5993153799029264
7751,7751,0.4062454753892568,0.0,0.4062454753892568
7752,7752,0.7891046067701314,0.0,0.7891046067701314
7753,7753,0.17137782887575992,0.0,0.17137782887575992
7754,7754,0.7644781393869824,0.0,0.7644781393869824
7755,7755,0.5832611652453104,1.0,0.5832611652453104
7756,7756,0.602077919281598,1.0,0.602077919281598
7757,7757,0.8956718703255575,1.0,0.8956718703255575
7758,7758,0.7002388278064409,1.0,0.7002388278064409
7759,7759,0.8246697728326008,1.0,0.8246697728326008
7760,7760,0.5477148620125024,1.0,0.5477148620125024
7761,7761,0.3938339445983706,0.0,0.3938339445983706
7762,7762,0.712321885803043,1.0,0.712321885803043
7763,7763,0.06785409133951159,0.0,0.06785409133951159
7764,7764,0.7687930332613044,1.0,0.7687930332613044
7765,7765,0.3404685974189475,1.0,0.3404685974189475
7766,7766,0.5282021088409051,1.0,0.5282021088409051
7767,7767,0.735080557283155,1.0,0.735080557283155
7768,7768,0.12187996405530599,0.0,0.12187996405530599
7769,7769,0.11939121411715592,0.0,0.11939121411715592
7770,7770,0.4896981373576107,1.0,0.4896981373576107
7771,7771,0.3001233783616022,1.0,0.3001233783616022
7772,7772,0.4931216579533393,1.0,0.4931216579533393
7773,7773,0.290394401327123,0.0,0.290394401327123
7774,7774,0.437089278149001,0.0,0.437089278149001
7775,7775,0.015473068487980246,0.0,0.015473068487980246
7776,7776,0.49787435840403416,0.0,0.49787435840403416
7777,7777,0.11699154600311756,0.0,0.11699154600311756
7778,7778,0.48219112898603056,1.0,0.48219112898603056
7779,7779,0.4282304723985567,0.0,0.4282304723985567
7780,7780,0.2702774715409776,0.0,0.2702774715409776
7781,7781,0.8641773974693094,1.0,0.8641773974693094
7782,7782,0.4418962942728233,1.0,0.4418962942728233
7783,7783,0.46970603389286236,1.0,0.46970603389286236
7784,7784,0.9204726813466779,1.0,0.9204726813466779
7785,7785,0.7190290977143081,0.0,0.7190290977143081
7786,7786,0.811989296824323,1.0,0.811989296824323
7787,7787,0.21560919045752247,0.0,0.21560919045752247
7788,7788,0.5681681603078211,0.0,0.5681681603078211
7789,7789,0.8176153826611192,1.0,0.8176153826611192
7790,7790,0.393147382879922,0.0,0.393147382879922
7791,7791,0.7842721615056836,1.0,0.7842721615056836
7792,7792,0.0012480797689120582,0.0,0.0012480797689120582
7793,7793,0.9008805293809733,1.0,0.9008805293809733
7794,7794,0.6743333206031976,1.0,0.6743333206031976
7795,7795,0.12322203358716044,1.0,0.12322203358716044
7796,7796,0.20725999494235892,1.0,0.20725999494235892
7797,7797,0.7458947960038871,0.0,0.7458947960038871
7798,7798,0.8830067915661274,1.0,0.8830067915661274
7799,7799,0.02008370963399886,0.0,0.02008370963399886
7800,7800,0.9757320608445256,1.0,0.9757320608445256
7801,7801,0.3298282085809129,0.0,0.3298282085809129
7802,7802,0.1574191679226401,0.0,0.1574191679226401
7803,7803,0.9843420396206998,1.0,0.9843420396206998
7804,7804,0.18828139098965446,0.0,0.18828139098965446
7805,7805,0.007723853336238817,0.0,0.007723853336238817
7806,7806,0.09576607692874384,0.0,0.09576607692874384
7807,7807,0.4662008541744418,0.0,0.4662008541744418
7808,7808,0.7369392103365106,1.0,0.7369392103365106
7809,7809,0.2664196806379098,0.0,0.2664196806379098
7810,7810,0.07288400628975,0.0,0.07288400628975
7811,7811,0.21061284874325925,0.0,0.21061284874325925
7812,7812,0.092332221206054,0.0,0.092332221206054
7813,7813,0.8964428521757439,1.0,0.8964428521757439
7814,7814,0.36560809267293515,0.0,0.36560809267293515
7815,7815,0.004271302888536388,0.0,0.004271302888536388
7816,7816,0.4677298752857695,1.0,0.4677298752857695
7817,7817,0.31875758720084946,1.0,0.31875758720084946
7818,7818,0.9258655304336969,0.0,0.9258655304336969
7819,7819,0.5354861804237472,0.0,0.5354861804237472
7820,7820,0.9626915726711894,1.0,0.9626915726711894
7821,7821,0.2170290178131954,0.0,0.2170290178131954
7822,7822,0.09021378560005444,0.0,0.09021378560005444
7823,7823,0.762582362101351,1.0,0.762582362101351
7824,7824,0.7126509247420736,1.0,0.7126509247420736
7825,7825,0.730506087023359,1.0,0.730506087023359
7826,7826,0.6986151209239754,1.0,0.6986151209239754
7827,7827,0.21883355758213918,0.0,0.21883355758213918
7828,7828,0.38544741562104423,1.0,0.38544741562104423
7829,7829,0.7801954709623131,1.0,0.7801954709623131
7830,7830,0.17439122547209196,0.0,0.17439122547209196
7831,7831,0.9203071116370967,1.0,0.9203071116370967
7832,7832,0.06420918702997314,0.0,0.06420918702997314
7833,7833,0.5680913426615081,1.0,0.5680913426615081
7834,7834,0.9791486545216274,1.0,0.9791486545216274
7835,7835,0.3522516456886866,0.0,0.3522516456886866
7836,7836,0.12220092684025574,0.0,0.12220092684025574
7837,7837,0.3809267383399437,0.0,0.3809267383399437
7838,7838,0.20545379724485036,1.0,0.20545379724485036
7839,7839,0.2891593997280081,1.0,0.2891593997280081
7840,7840,0.5668578975183558,0.0,0.5668578975183558
7841,7841,0.9526770895708566,1.0,0.9526770895708566
7842,7842,0.49203772391754674,0.0,0.49203772391754674
7843,7843,0.6922731086841217,1.0,0.6922731086841217
7844,7844,0.14425707646812092,0.0,0.14425707646812092
7845,7845,0.4646383872488604,1.0,0.4646383872488604
7846,7846,0.6384231432565765,1.0,0.6384231432565765
7847,7847,0.7540014451845523,0.0,0.7540014451845523
7848,7848,0.23771295518488877,0.0,0.23771295518488877
7849,7849,0.6495899793728797,0.0,0.6495899793728797
7850,7850,0.026014307681667792,0.0,0.026014307681667792
7851,7851,0.6067448099194,1.0,0.6067448099194
7852,7852,0.514043173863083,0.0,0.514043173863083
7853,7853,0.3260499746224572,0.0,0.3260499746224572
7854,7854,0.7571646815499301,0.0,0.7571646815499301
7855,7855,0.36050847484854354,0.0,0.36050847484854354
7856,7856,0.12470965635443632,0.0,0.12470965635443632
7857,7857,0.662438261263624,1.0,0.662438261263624
7858,7858,0.6479153402641882,1.0,0.6479153402641882
7859,7859,0.6821118356931629,1.0,0.6821118356931629
7860,7860,0.7421805733265183,1.0,0.7421805733265183
7861,7861,0.8345873317700304,1.0,0.8345873317700304
7862,7862,0.27842717434179143,0.0,0.27842717434179143
7863,7863,0.30539447564965105,1.0,0.30539447564965105
7864,7864,0.3423367429529721,0.0,0.3423367429529721
7865,7865,0.7849944116601222,1.0,0.7849944116601222
7866,7866,0.7521252259693902,1.0,0.7521252259693902
7867,7867,0.8046338747086735,1.0,0.8046338747086735
7868,7868,0.4514175971243203,0.0,0.4514175971243203
7869,7869,0.5599122147392063,0.0,0.5599122147392063
7870,7870,0.09341526164179292,0.0,0.09341526164179292
7871,7871,0.886440435887888,0.0,0.886440435887888
7872,7872,0.1390892012365591,0.0,0.1390892012365591
7873,7873,0.3424148963811984,0.0,0.3424148963811984
7874,7874,0.7195251626153422,1.0,0.7195251626153422
7875,7875,0.7994389128718906,1.0,0.7994389128718906
7876,7876,0.09063743916901701,0.0,0.09063743916901701
7877,7877,0.31506491711940754,0.0,0.31506491711940754
7878,7878,0.6126762118650629,0.0,0.6126762118650629
7879,7879,0.5652094960469103,1.0,0.5652094960469103
7880,7880,0.48071545082197775,0.0,0.48071545082197775
7881,7881,0.5560445320023264,0.0,0.5560445320023264
7882,7882,0.6898829443945754,1.0,0.6898829443945754
7883,7883,0.44172485730930844,1.0,0.44172485730930844
7884,7884,0.5900859917211291,1.0,0.5900859917211291
7885,7885,0.9041039658709359,1.0,0.9041039658709359
7886,7886,0.4983260956860106,1.0,0.4983260956860106
7887,7887,0.45133567405313113,1.0,0.45133567405313113
7888,7888,0.7454824106620911,0.0,0.7454824106620911
7889,7889,0.8799502346601765,1.0,0.8799502346601765
7890,7890,0.6285333566558918,1.0,0.6285333566558918
7891,7891,0.6787342930539665,1.0,0.6787342930539665
7892,7892,0.563733900524158,1.0,0.563733900524158
7893,7893,0.31002667512611093,0.0,0.31002667512611093
7894,7894,0.21186761187006609,0.0,0.21186761187006609
7895,7895,0.22132325481652115,0.0,0.22132325481652115
7896,7896,0.19363804943608653,0.0,0.19363804943608653
7897,7897,0.22231053796157452,0.0,0.22231053796157452
7898,7898,0.6274298099595873,1.0,0.6274298099595873
7899,7899,0.9555619676467918,1.0,0.9555619676467918
7900,7900,0.18764829211861378,0.0,0.18764829211861378
7901,7901,0.7644117720712119,1.0,0.7644117720712119
7902,7902,0.40931961028578323,1.0,0.40931961028578323
7903,7903,0.35706284795434906,0.0,0.35706284795434906
7904,7904,0.8477952889871122,1.0,0.8477952889871122
7905,7905,0.39411448609242816,0.0,0.39411448609242816
7906,7906,0.8565043597276276,1.0,0.8565043597276276
7907,7907,0.5969521310990397,1.0,0.5969521310990397
7908,7908,0.3417425391522707,1.0,0.3417425391522707
7909,7909,0.8017896444129157,1.0,0.8017896444129157
7910,7910,0.009831111914630153,0.0,0.009831111914630153
7911,7911,0.35649817088880065,1.0,0.35649817088880065
7912,7912,0.5567407163087637,0.0,0.5567407163087637
7913,7913,0.6121788375922047,1.0,0.6121788375922047
7914,7914,0.4388322476770523,0.0,0.4388322476770523
7915,7915,0.35872256508867517,1.0,0.35872256508867517
7916,7916,0.12179034500763297,0.0,0.12179034500763297
7917,7917,0.42741458503241114,0.0,0.42741458503241114
7918,7918,0.8949760399107709,1.0,0.8949760399107709
7919,7919,0.9629240456098737,1.0,0.9629240456098737
7920,7920,0.2082829577757499,0.0,0.2082829577757499
7921,7921,0.9432146465905338,1.0,0.9432146465905338
7922,7922,0.7583294814389743,1.0,0.7583294814389743
7923,7923,0.0696810429599628,0.0,0.0696810429599628
7924,7924,0.4580738734622327,0.0,0.4580738734622327
7925,7925,0.7900844078528111,1.0,0.7900844078528111
7926,7926,0.6452788145426419,1.0,0.6452788145426419
7927,7927,0.935702755852075,1.0,0.935702755852075
7928,7928,0.6259569108287225,1.0,0.6259569108287225
7929,7929,0.8869360795343189,1.0,0.8869360795343189
7930,7930,0.14212440790920788,0.0,0.14212440790920788
7931,7931,0.46905685164349686,1.0,0.46905685164349686
7932,7932,0.62795551131928,1.0,0.62795551131928
7933,7933,0.26238969161931414,0.0,0.26238969161931414
7934,7934,0.6153816356793202,1.0,0.6153816356793202
7935,7935,0.907597050581673,1.0,0.907597050581673
7936,7936,0.28134682788113197,0.0,0.28134682788113197
7937,7937,0.15422976064664684,0.0,0.15422976064664684
7938,7938,0.40005083892523086,1.0,0.40005083892523086
7939,7939,0.24770283481260646,0.0,0.24770283481260646
7940,7940,0.3233098511190531,0.0,0.3233098511190531
7941,7941,0.7698563331640349,1.0,0.7698563331640349
7942,7942,0.19250906493204656,0.0,0.19250906493204656
7943,7943,0.3935569664542894,0.0,0.3935569664542894
7944,7944,0.09170576560060884,1.0,0.09170576560060884
7945,7945,0.7977214174636346,1.0,0.7977214174636346
7946,7946,0.8780510314933608,1.0,0.8780510314933608
7947,7947,0.9048950558693967,1.0,0.9048950558693967
7948,7948,0.3752462334395933,0.0,0.3752462334395933
7949,7949,0.3798478449916419,0.0,0.3798478449916419
7950,7950,0.292173725316375,0.0,0.292173725316375
7951,7951,0.41170556491255594,0.0,0.41170556491255594
7952,7952,0.8695697139223556,1.0,0.8695697139223556
7953,7953,0.5371004410569117,0.0,0.5371004410569117
7954,7954,0.10948029745541499,0.0,0.10948029745541499
7955,7955,0.630624613949188,1.0,0.630624613949188
7956,7956,0.44415004291654125,1.0,0.44415004291654125
7957,7957,0.19721877183465575,1.0,0.19721877183465575
7958,7958,0.12489571788918463,0.0,0.12489571788918463
7959,7959,0.2733678457709493,0.0,0.2733678457709493
7960,7960,0.11001459178711004,0.0,0.11001459178711004
7961,7961,0.2161533958446974,0.0,0.2161533958446974
7962,7962,0.17973263723143096,0.0,0.17973263723143096
7963,7963,0.5206590652603841,0.0,0.5206590652603841
7964,7964,0.6414328708367464,0.0,0.6414328708367464
7965,7965,0.35202031605711204,0.0,0.35202031605711204
7966,7966,0.06318111853983277,1.0,0.06318111853983277
7967,7967,0.7356078005663486,0.0,0.7356078005663486
7968,7968,0.6632479717743234,1.0,0.6632479717743234
7969,7969,0.9666697397901244,0.0,0.9666697397901244
7970,7970,0.37659504853377124,1.0,0.37659504853377124
7971,7971,0.7461592327627736,1.0,0.7461592327627736
7972,7972,0.5437894670272145,1.0,0.5437894670272145
7973,7973,0.7288108653709159,1.0,0.7288108653709159
7974,7974,0.02869609444462551,0.0,0.02869609444462551
7975,7975,0.7845952854826851,0.0,0.7845952854826851
7976,7976,0.5624956745472731,1.0,0.5624956745472731
7977,7977,0.05512310504752105,0.0,0.05512310504752105
7978,7978,0.9019981778677445,1.0,0.9019981778677445
7979,7979,0.7539829070015827,0.0,0.7539829070015827
7980,7980,0.6085787853602609,1.0,0.6085787853602609
7981,7981,0.9505482285141497,1.0,0.9505482285141497
7982,7982,0.6086409391078434,0.0,0.6086409391078434
7983,7983,0.22800946709107972,1.0,0.22800946709107972
7984,7984,0.5866031062004388,1.0,0.5866031062004388
7985,7985,0.7694079634323109,1.0,0.7694079634323109
7986,7986,0.32510472142586655,0.0,0.32510472142586655
7987,7987,0.5722829896074874,0.0,0.5722829896074874
7988,7988,0.18092274089024052,1.0,0.18092274089024052
7989,7989,0.7270015003074182,1.0,0.7270015003074182
7990,7990,0.6644336385677249,0.0,0.6644336385677249
7991,7991,0.8796422493082302,1.0,0.8796422493082302
7992,7992,0.6208130334511043,0.0,0.6208130334511043
7993,7993,0.809436958651717,0.0,0.809436958651717
7994,7994,0.7109224085669177,1.0,0.7109224085669177
7995,7995,0.5782616392035093,1.0,0.5782616392035093
7996,7996,0.49186042050022893,0.0,0.49186042050022893
7997,7997,0.5355392934529128,1.0,0.5355392934529128
7998,7998,0.4495581758117546,0.0,0.4495581758117546
7999,7999,0.5185957183952599,1.0,0.5185957183952599
8000,8000,0.18990060701747835,0.0,0.18990060701747835
8001,8001,0.4979767668474787,0.0,0.4979767668474787
8002,8002,0.9183685761031571,1.0,0.9183685761031571
8003,8003,0.13517831931233681,0.0,0.13517831931233681
8004,8004,0.6811601909005469,1.0,0.6811601909005469
8005,8005,0.42062087534971515,0.0,0.42062087534971515
8006,8006,0.5155208345493304,1.0,0.5155208345493304
8007,8007,0.33500354618228456,0.0,0.33500354618228456
8008,8008,0.49417520762725287,0.0,0.49417520762725287
8009,8009,0.3054321582681453,1.0,0.3054321582681453
8010,8010,0.3582903098704009,1.0,0.3582903098704009
8011,8011,0.5400167918984944,1.0,0.5400167918984944
8012,8012,0.9330995075134642,0.0,0.9330995075134642
8013,8013,0.27333746799636005,0.0,0.27333746799636005
8014,8014,0.7896439176782872,1.0,0.7896439176782872
8015,8015,0.14097292861201272,0.0,0.14097292861201272
8016,8016,0.9697865817125608,1.0,0.9697865817125608
8017,8017,0.8711701344381323,1.0,0.8711701344381323
8018,8018,0.8197841737092492,0.0,0.8197841737092492
8019,8019,0.5353368860909997,1.0,0.5353368860909997
8020,8020,0.7180883077272315,1.0,0.7180883077272315
8021,8021,0.7894189595021482,1.0,0.7894189595021482
8022,8022,0.714451753861018,1.0,0.714451753861018
8023,8023,0.815914903935723,1.0,0.815914903935723
8024,8024,0.0606377963402952,0.0,0.0606377963402952
8025,8025,0.21853275467621824,0.0,0.21853275467621824
8026,8026,0.4481612782819716,0.0,0.4481612782819716
8027,8027,0.5811249365904447,1.0,0.5811249365904447
8028,8028,0.6223412604491536,1.0,0.6223412604491536
8029,8029,0.5336212140292554,0.0,0.5336212140292554
8030,8030,0.7101753329482854,0.0,0.7101753329482854
8031,8031,0.28926902669740695,0.0,0.28926902669740695
8032,8032,0.22777943498507736,0.0,0.22777943498507736
8033,8033,0.5632185949668986,1.0,0.5632185949668986
8034,8034,0.3827784426645059,0.0,0.3827784426645059
8035,8035,0.6356987899895561,1.0,0.6356987899895561
8036,8036,0.4008928662846182,1.0,0.4008928662846182
8037,8037,0.48254473428604394,0.0,0.48254473428604394
8038,8038,0.18993344612671392,0.0,0.18993344612671392
8039,8039,0.2479618015572277,0.0,0.2479618015572277
8040,8040,0.09328003578872646,0.0,0.09328003578872646
8041,8041,0.20770230510837295,0.0,0.20770230510837295
8042,8042,0.42516877621412597,1.0,0.42516877621412597
8043,8043,0.116477500417689,0.0,0.116477500417689
8044,8044,0.5752793694788908,0.0,0.5752793694788908
8045,8045,0.7307472126930351,0.0,0.7307472126930351
8046,8046,0.10421755144466582,0.0,0.10421755144466582
8047,8047,0.7349759144905559,0.0,0.7349759144905559
8048,8048,0.5087226450381486,0.0,0.5087226450381486
8049,8049,0.8535836534960181,1.0,0.8535836534960181
8050,8050,0.6541112258085595,0.0,0.6541112258085595
8051,8051,0.6859653649540943,1.0,0.6859653649540943
8052,8052,0.35462560771020424,1.0,0.35462560771020424
8053,8053,0.7226122376678639,0.0,0.7226122376678639
8054,8054,0.2448680577867084,1.0,0.2448680577867084
8055,8055,0.890183949738751,1.0,0.890183949738751
8056,8056,0.8897326351850635,0.0,0.8897326351850635
8057,8057,0.26719612389255054,1.0,0.26719612389255054
8058,8058,0.015928348537757597,0.0,0.015928348537757597
8059,8059,0.5397992228777275,0.0,0.5397992228777275
8060,8060,0.503716116705053,0.0,0.503716116705053
8061,8061,0.732078743031507,1.0,0.732078743031507
8062,8062,0.03686022113325782,0.0,0.03686022113325782
8063,8063,0.9896142738863739,1.0,0.9896142738863739
8064,8064,0.2255464336277997,0.0,0.2255464336277997
8065,8065,0.2105227690546091,0.0,0.2105227690546091
8066,8066,0.44342589402872845,0.0,0.44342589402872845
8067,8067,0.22654441589702679,1.0,0.22654441589702679
8068,8068,0.43208537652819745,0.0,0.43208537652819745
8069,8069,0.47578850517840676,1.0,0.47578850517840676
8070,8070,0.008446590341241511,0.0,0.008446590341241511
8071,8071,0.8182194597913148,1.0,0.8182194597913148
8072,8072,0.42989881897712545,1.0,0.42989881897712545
8073,8073,0.010603502467360304,0.0,0.010603502467360304
8074,8074,0.8994107720353286,1.0,0.8994107720353286
8075,8075,0.6156499606702102,1.0,0.6156499606702102
8076,8076,0.5165547620938672,1.0,0.5165547620938672
8077,8077,0.8944895519741323,0.0,0.8944895519741323
8078,8078,0.09712514521357907,0.0,0.09712514521357907
8079,8079,0.6514813468786605,1.0,0.6514813468786605
8080,8080,0.511246251418619,0.0,0.511246251418619
8081,8081,0.6028212997576928,1.0,0.6028212997576928
8082,8082,0.6095131450744342,0.0,0.6095131450744342
8083,8083,0.844699690739728,1.0,0.844699690739728
8084,8084,0.8043439536935889,1.0,0.8043439536935889
8085,8085,0.25559302983134524,1.0,0.25559302983134524
8086,8086,0.7124736193955485,1.0,0.7124736193955485
8087,8087,0.4780781033841168,1.0,0.4780781033841168
8088,8088,0.7405237575271045,1.0,0.7405237575271045
8089,8089,0.6613330602314251,0.0,0.6613330602314251
8090,8090,0.5265999990959298,0.0,0.5265999990959298
8091,8091,0.12381858881330143,0.0,0.12381858881330143
8092,8092,0.009617909499563981,0.0,0.009617909499563981
8093,8093,0.11746435123847765,0.0,0.11746435123847765
8094,8094,0.3988231130648915,0.0,0.3988231130648915
8095,8095,0.4188689226702993,0.0,0.4188689226702993
8096,8096,0.47580723161367544,0.0,0.47580723161367544
8097,8097,0.10427081389384663,0.0,0.10427081389384663
8098,8098,0.9292506296801801,0.0,0.9292506296801801
8099,8099,0.5663941851870852,1.0,0.5663941851870852
8100,8100,0.05597605644884618,0.0,0.05597605644884618
8101,8101,0.9953562605763017,1.0,0.9953562605763017
8102,8102,0.04669143924086305,0.0,0.04669143924086305
8103,8103,0.0610817648412203,0.0,0.0610817648412203
8104,8104,0.9902841562030934,1.0,0.9902841562030934
8105,8105,0.37327644399221915,1.0,0.37327644399221915
8106,8106,0.40903398159564897,0.0,0.40903398159564897
8107,8107,0.7141053625881919,0.0,0.7141053625881919
8108,8108,0.9019517733397039,1.0,0.9019517733397039
8109,8109,0.1754330723162747,0.0,0.1754330723162747
8110,8110,0.4373865568037375,0.0,0.4373865568037375
8111,8111,0.23773275461905885,0.0,0.23773275461905885
8112,8112,0.23928624171585544,0.0,0.23928624171585544
8113,8113,0.8252701401027103,1.0,0.8252701401027103
8114,8114,0.797669274525446,1.0,0.797669274525446
8115,8115,0.3613921982870477,0.0,0.3613921982870477
8116,8116,0.49370023259804896,0.0,0.49370023259804896
8117,8117,0.5066570171187116,1.0,0.5066570171187116
8118,8118,0.8580259951728013,1.0,0.8580259951728013
8119,8119,0.045514470821087505,0.0,0.045514470821087505
8120,8120,0.9244773467841374,1.0,0.9244773467841374
8121,8121,0.9600642933714092,1.0,0.9600642933714092
8122,8122,0.08537086206606692,0.0,0.08537086206606692
8123,8123,0.20504919482470696,1.0,0.20504919482470696
8124,8124,0.0481664158657259,0.0,0.0481664158657259
8125,8125,0.05784178232196069,0.0,0.05784178232196069
8126,8126,0.9847882463293932,1.0,0.9847882463293932
8127,8127,0.17335814691651608,0.0,0.17335814691651608
8128,8128,0.27587167527240086,0.0,0.27587167527240086
8129,8129,0.5266482018660458,1.0,0.5266482018660458
8130,8130,0.2286166655313583,1.0,0.2286166655313583
8131,8131,0.08563007633639419,0.0,0.08563007633639419
8132,8132,0.688096219305495,0.0,0.688096219305495
8133,8133,0.3267289486663981,0.0,0.3267289486663981
8134,8134,0.6155351962196499,1.0,0.6155351962196499
8135,8135,0.9339175106957163,1.0,0.9339175106957163
8136,8136,0.13481765918231536,0.0,0.13481765918231536
8137,8137,0.5785584027832293,0.0,0.5785584027832293
8138,8138,0.9557302700827133,1.0,0.9557302700827133
8139,8139,0.7245345485534491,0.0,0.7245345485534491
8140,8140,0.6852988717068069,1.0,0.6852988717068069
8141,8141,0.7287927615218611,1.0,0.7287927615218611
8142,8142,0.21157799713530878,0.0,0.21157799713530878
8143,8143,0.5862853032451194,0.0,0.5862853032451194
8144,8144,0.688617405057517,0.0,0.688617405057517
8145,8145,0.08066753604621679,0.0,0.08066753604621679
8146,8146,0.1094825640559336,0.0,0.1094825640559336
8147,8147,0.583679600212914,1.0,0.583679600212914
8148,8148,0.7152644602914393,1.0,0.7152644602914393
8149,8149,0.09547363511706153,0.0,0.09547363511706153
8150,8150,0.5522512388201583,1.0,0.5522512388201583
8151,8151,0.20800077457106048,0.0,0.20800077457106048
8152,8152,0.936669021666653,1.0,0.936669021666653
8153,8153,0.1362072062011005,0.0,0.1362072062011005
8154,8154,0.4557687515539839,0.0,0.4557687515539839
8155,8155,0.1560032864289409,0.0,0.1560032864289409
8156,8156,0.46104024878436933,1.0,0.46104024878436933
8157,8157,0.26806219429282674,0.0,0.26806219429282674
8158,8158,0.8447287514530532,1.0,0.8447287514530532
8159,8159,0.6322034214198888,0.0,0.6322034214198888
8160,8160,0.7306313320854447,1.0,0.7306313320854447
8161,8161,0.6771698981361649,0.0,0.6771698981361649
8162,8162,0.9780832252463268,1.0,0.9780832252463268
8163,8163,0.40634060366131974,0.0,0.40634060366131974
8164,8164,0.7907296094209552,0.0,0.7907296094209552
8165,8165,0.24205285689089207,0.0,0.24205285689089207
8166,8166,0.30265032208229337,0.0,0.30265032208229337
8167,8167,0.14024499951834168,0.0,0.14024499951834168
8168,8168,0.7537945849830529,1.0,0.7537945849830529
8169,8169,0.9393101971443775,1.0,0.9393101971443775
8170,8170,0.3653449989572315,0.0,0.3653449989572315
8171,8171,0.040802583189445296,0.0,0.040802583189445296
8172,8172,0.9970100283100463,1.0,0.9970100283100463
8173,8173,0.33052113522412185,1.0,0.33052113522412185
8174,8174,0.37451004595344106,1.0,0.37451004595344106
8175,8175,0.6947533031519113,1.0,0.6947533031519113
8176,8176,0.9543597532477933,0.0,0.9543597532477933
8177,8177,0.7611947415818275,1.0,0.7611947415818275
8178,8178,0.5626775099513642,1.0,0.5626775099513642
8179,8179,0.9760126431993726,1.0,0.9760126431993726
8180,8180,0.7891142416247661,1.0,0.7891142416247661
8181,8181,0.5409233072839768,0.0,0.5409233072839768
8182,8182,0.7659461498436138,1.0,0.7659461498436138
8183,8183,0.3807750023877061,0.0,0.3807750023877061
8184,8184,0.06179082022209181,0.0,0.06179082022209181
8185,8185,0.9374075738102359,1.0,0.9374075738102359
8186,8186,0.6819279694791212,0.0,0.6819279694791212
8187,8187,0.7055236402818774,1.0,0.7055236402818774
8188,8188,0.07335295295016564,0.0,0.07335295295016564
8189,8189,0.3545996231781673,1.0,0.3545996231781673
8190,8190,0.18633001956270656,0.0,0.18633001956270656
8191,8191,0.21193745843078982,0.0,0.21193745843078982
8192,8192,0.7244017882328209,1.0,0.7244017882328209
8193,8193,0.27590417820997704,0.0,0.27590417820997704
8194,8194,0.972949635212894,1.0,0.972949635212894
8195,8195,0.4694806748136624,0.0,0.4694806748136624
8196,8196,0.01706670249686304,0.0,0.01706670249686304
8197,8197,0.0008244793123489691,0.0,0.0008244793123489691
8198,8198,0.1899321171730063,0.0,0.1899321171730063
8199,8199,0.19667227832496326,0.0,0.19667227832496326
8200,8200,0.7647115294725498,1.0,0.7647115294725498
8201,8201,0.734101433991065,1.0,0.734101433991065
8202,8202,0.6325021466942424,0.0,0.6325021466942424
8203,8203,0.80533775128651,1.0,0.80533775128651
8204,8204,0.31591684544875787,0.0,0.31591684544875787
8205,8205,0.5762402765691788,1.0,0.5762402765691788
8206,8206,0.28792615963569135,0.0,0.28792615963569135
8207,8207,0.9769239325558026,1.0,0.9769239325558026
8208,8208,0.2030314167884858,0.0,0.2030314167884858
8209,8209,0.4753504266408328,0.0,0.4753504266408328
8210,8210,0.3068320989077479,0.0,0.3068320989077479
8211,8211,0.47480545772634974,0.0,0.47480545772634974
8212,8212,0.06585876912294986,1.0,0.06585876912294986
8213,8213,0.27064416759142107,0.0,0.27064416759142107
8214,8214,0.7176677918456982,1.0,0.7176677918456982
8215,8215,0.22854777661987447,0.0,0.22854777661987447
8216,8216,0.7250332711794937,1.0,0.7250332711794937
8217,8217,0.39035419126294524,0.0,0.39035419126294524
8218,8218,0.5630523469000447,0.0,0.5630523469000447
8219,8219,0.6275165253121159,0.0,0.6275165253121159
8220,8220,0.16125839376875262,0.0,0.16125839376875262
8221,8221,0.8958923983162355,1.0,0.8958923983162355
8222,8222,0.6319769096223269,1.0,0.6319769096223269
8223,8223,0.2343461441636855,0.0,0.2343461441636855
8224,8224,0.4103652286241728,1.0,0.4103652286241728
8225,8225,0.9159865362897086,1.0,0.9159865362897086
8226,8226,0.09461920696056436,0.0,0.09461920696056436
8227,8227,0.43690508387338745,0.0,0.43690508387338745
8228,8228,0.11864879039938858,0.0,0.11864879039938858
8229,8229,0.9930885434924127,1.0,0.9930885434924127
8230,8230,0.7429632683360536,1.0,0.7429632683360536
8231,8231,0.4442283625500152,1.0,0.4442283625500152
8232,8232,0.2752273734737385,0.0,0.2752273734737385
8233,8233,0.16613528336268468,0.0,0.16613528336268468
8234,8234,0.42969489832307906,1.0,0.42969489832307906
8235,8235,0.8045941128448899,1.0,0.8045941128448899
8236,8236,0.4311555322964855,1.0,0.4311555322964855
8237,8237,0.5136282512537419,1.0,0.5136282512537419
8238,8238,0.7726635912703758,1.0,0.7726635912703758
8239,8239,0.45531780477685746,0.0,0.45531780477685746
8240,8240,0.6448174593519631,1.0,0.6448174593519631
8241,8241,0.5887950860093408,1.0,0.5887950860093408
8242,8242,0.42438741864591834,0.0,0.42438741864591834
8243,8243,0.5993727179611076,0.0,0.5993727179611076
8244,8244,0.7613670669307374,1.0,0.7613670669307374
8245,8245,0.38481419756811985,1.0,0.38481419756811985
8246,8246,0.733917241468421,1.0,0.733917241468421
8247,8247,0.11029107544602768,0.0,0.11029107544602768
8248,8248,0.051911812484148445,0.0,0.051911812484148445
8249,8249,0.20674452879800242,0.0,0.20674452879800242
8250,8250,0.386466946685844,1.0,0.386466946685844
8251,8251,0.6101406264027137,1.0,0.6101406264027137
8252,8252,0.8444481986045052,1.0,0.8444481986045052
8253,8253,0.5548566382372532,0.0,0.5548566382372532
8254,8254,0.3497464456223083,1.0,0.3497464456223083
8255,8255,0.45105167276387836,1.0,0.45105167276387836
8256,8256,0.7114056229093262,1.0,0.7114056229093262
8257,8257,0.024517645839818636,1.0,0.024517645839818636
8258,8258,0.5383740445378092,1.0,0.5383740445378092
8259,8259,0.8610204488485818,1.0,0.8610204488485818
8260,8260,0.9450414156546362,1.0,0.9450414156546362
8261,8261,0.5799370592435139,0.0,0.5799370592435139
8262,8262,0.24636662124826558,0.0,0.24636662124826558
8263,8263,0.5779507630188291,1.0,0.5779507630188291
8264,8264,0.7172876764147716,1.0,0.7172876764147716
8265,8265,0.12899920088461458,0.0,0.12899920088461458
8266,8266,0.9558450130728345,1.0,0.9558450130728345
8267,8267,0.34364016713576984,1.0,0.34364016713576984
8268,8268,0.47935316116267823,0.0,0.47935316116267823
8269,8269,0.6467273052252653,1.0,0.6467273052252653
8270,8270,0.9260820916805105,1.0,0.9260820916805105
8271,8271,0.6407432077993003,1.0,0.6407432077993003
8272,8272,0.06190830752867915,0.0,0.06190830752867915
8273,8273,0.28161013268442525,0.0,0.28161013268442525
8274,8274,0.8859445969990714,1.0,0.8859445969990714
8275,8275,0.2189929665891467,0.0,0.2189929665891467
8276,8276,0.6297264620910893,1.0,0.6297264620910893
8277,8277,0.3960182737173188,1.0,0.3960182737173188
8278,8278,0.5187128550613316,1.0,0.5187128550613316
8279,8279,0.06022670712755984,0.0,0.06022670712755984
8280,8280,0.9402775245728643,1.0,0.9402775245728643
8281,8281,0.7441145345885444,1.0,0.7441145345885444
8282,8282,0.12940861684649096,0.0,0.12940861684649096
8283,8283,0.8171429266359856,1.0,0.8171429266359856
8284,8284,0.3149477679006729,0.0,0.3149477679006729
8285,8285,0.5595676502137686,0.0,0.5595676502137686
8286,8286,0.013503541444984335,0.0,0.013503541444984335
8287,8287,0.9960704751490448,1.0,0.9960704751490448
8288,8288,0.6499968205985435,0.0,0.6499968205985435
8289,8289,0.5648068413703642,1.0,0.5648068413703642
8290,8290,0.7230727983864191,1.0,0.7230727983864191
8291,8291,0.5376830602497248,0.0,0.5376830602497248
8292,8292,0.34810222779615707,0.0,0.34810222779615707
8293,8293,0.9170335251808238,1.0,0.9170335251808238
8294,8294,0.034699924971943075,0.0,0.034699924971943075
8295,8295,0.3280637477254622,1.0,0.3280637477254622
8296,8296,0.03387146914354566,0.0,0.03387146914354566
8297,8297,0.7563558158945073,1.0,0.7563558158945073
8298,8298,0.8863294328837643,1.0,0.8863294328837643
8299,8299,0.06866941468022703,0.0,0.06866941468022703
8300,8300,0.9262480065238976,1.0,0.9262480065238976
8301,8301,0.2416441405175036,0.0,0.2416441405175036
8302,8302,0.8745022420508048,1.0,0.8745022420508048
8303,8303,0.09831085721137445,0.0,0.09831085721137445
8304,8304,0.057000056534700194,0.0,0.057000056534700194
8305,8305,0.2641610402587924,0.0,0.2641610402587924
8306,8306,0.2249461302168161,0.0,0.2249461302168161
8307,8307,0.4237498033231475,0.0,0.4237498033231475
8308,8308,0.44003873929913073,1.0,0.44003873929913073
8309,8309,0.4538593412542341,0.0,0.4538593412542341
8310,8310,0.5916617449565261,1.0,0.5916617449565261
8311,8311,0.9391421094957719,1.0,0.9391421094957719
8312,8312,0.19307124461089142,0.0,0.19307124461089142
8313,8313,0.24707808194617165,1.0,0.24707808194617165
8314,8314,0.02193095610793261,0.0,0.02193095610793261
8315,8315,0.4737871780085521,0.0,0.4737871780085521
8316,8316,0.6494463660555285,0.0,0.6494463660555285
8317,8317,0.8931432723983765,1.0,0.8931432723983765
8318,8318,0.09829421266775751,0.0,0.09829421266775751
8319,8319,0.7218060738197154,0.0,0.7218060738197154
8320,8320,0.5659075366208327,1.0,0.5659075366208327
8321,8321,0.6599983153819535,1.0,0.6599983153819535
8322,8322,0.40155224380814236,0.0,0.40155224380814236
8323,8323,0.7774092387205085,1.0,0.7774092387205085
8324,8324,0.7071553674086607,0.0,0.7071553674086607
8325,8325,0.29284752945031567,1.0,0.29284752945031567
8326,8326,0.7600366540761084,1.0,0.7600366540761084
8327,8327,0.3936850907748294,1.0,0.3936850907748294
8328,8328,0.27828831623485195,0.0,0.27828831623485195
8329,8329,0.4663666710167722,1.0,0.4663666710167722
8330,8330,0.44759458119827156,0.0,0.44759458119827156
8331,8331,0.17547740020762925,0.0,0.17547740020762925
8332,8332,0.5234593909813247,0.0,0.5234593909813247
8333,8333,0.08199016169403128,0.0,0.08199016169403128
8334,8334,0.10009862422586013,0.0,0.10009862422586013
8335,8335,0.29205996785149846,0.0,0.29205996785149846
8336,8336,0.18945698840709824,0.0,0.18945698840709824
8337,8337,0.6376328133575601,0.0,0.6376328133575601
8338,8338,0.2252622405909963,0.0,0.2252622405909963
8339,8339,0.8702205963170866,1.0,0.8702205963170866
8340,8340,0.4064664795984426,1.0,0.4064664795984426
8341,8341,0.9841420148797575,1.0,0.9841420148797575
8342,8342,0.21403927370197007,0.0,0.21403927370197007
8343,8343,0.012566647791554031,0.0,0.012566647791554031
8344,8344,0.25014328485424486,1.0,0.25014328485424486
8345,8345,0.09073079709584897,0.0,0.09073079709584897
8346,8346,0.5328506480247867,0.0,0.5328506480247867
8347,8347,0.9811998245158514,1.0,0.9811998245158514
8348,8348,0.7291476239952104,0.0,0.7291476239952104
8349,8349,0.888000004975239,1.0,0.888000004975239
8350,8350,0.016887563328927824,0.0,0.016887563328927824
8351,8351,0.5135132907889057,0.0,0.5135132907889057
8352,8352,0.6895675278133403,1.0,0.6895675278133403
8353,8353,0.2762766082871405,0.0,0.2762766082871405
8354,8354,0.14338625137453942,0.0,0.14338625137453942
8355,8355,0.5591586483446127,1.0,0.5591586483446127
8356,8356,0.9626826216472777,1.0,0.9626826216472777
8357,8357,0.9938658270797794,1.0,0.9938658270797794
8358,8358,0.0979116877326216,0.0,0.0979116877326216
8359,8359,0.552945321012147,0.0,0.552945321012147
8360,8360,0.018667939435725756,0.0,0.018667939435725756
8361,8361,0.09683713174540298,0.0,0.09683713174540298
8362,8362,0.9768398815511882,1.0,0.9768398815511882
8363,8363,0.6422150703646674,0.0,0.6422150703646674
8364,8364,0.04704427513405318,0.0,0.04704427513405318
8365,8365,0.6567277538043439,1.0,0.6567277538043439
8366,8366,0.2022157526436601,0.0,0.2022157526436601
8367,8367,0.8591336463755511,1.0,0.8591336463755511
8368,8368,0.3564019882446726,1.0,0.3564019882446726
8369,8369,0.22170933166259577,1.0,0.22170933166259577
8370,8370,0.056931115344472594,0.0,0.056931115344472594
8371,8371,0.8322069193991639,1.0,0.8322069193991639
8372,8372,0.9798777233642489,1.0,0.9798777233642489
8373,8373,0.7044089480938358,1.0,0.7044089480938358
8374,8374,0.8894887456999458,1.0,0.8894887456999458
8375,8375,0.7966765921067859,1.0,0.7966765921067859
8376,8376,0.5932545276396399,0.0,0.5932545276396399
8377,8377,0.23821813082438004,0.0,0.23821813082438004
8378,8378,0.5628301603470237,1.0,0.5628301603470237
8379,8379,0.04268881792883783,0.0,0.04268881792883783
8380,8380,0.8343572655530779,1.0,0.8343572655530779
8381,8381,0.2739971420525964,0.0,0.2739971420525964
8382,8382,0.8660650107113887,1.0,0.8660650107113887
8383,8383,0.2340510358925697,1.0,0.2340510358925697
8384,8384,0.12966684073635304,0.0,0.12966684073635304
8385,8385,0.0940211427435782,0.0,0.0940211427435782
8386,8386,0.8452659002244538,1.0,0.8452659002244538
8387,8387,0.749433111817049,1.0,0.749433111817049
8388,8388,0.7913346835780276,1.0,0.7913346835780276
8389,8389,0.07175693076074607,0.0,0.07175693076074607
8390,8390,0.38658733356740904,0.0,0.38658733356740904
8391,8391,0.9379140819772812,1.0,0.9379140819772812
8392,8392,0.09176959362827841,0.0,0.09176959362827841
8393,8393,0.6111864579701891,1.0,0.6111864579701891
8394,8394,0.8785139889600176,0.0,0.8785139889600176
8395,8395,0.6892837154668885,1.0,0.6892837154668885
8396,8396,0.977168960135589,1.0,0.977168960135589
8397,8397,0.9742630140053667,1.0,0.9742630140053667
8398,8398,0.6179215698567395,1.0,0.6179215698567395
8399,8399,0.10174260232670984,0.0,0.10174260232670984
8400,8400,0.9917994805226916,1.0,0.9917994805226916
8401,8401,0.20716783195148725,0.0,0.20716783195148725
8402,8402,0.6610999375395179,0.0,0.6610999375395179
8403,8403,0.7005380743689216,1.0,0.7005380743689216
8404,8404,0.3556467649091096,1.0,0.3556467649091096
8405,8405,0.18186031234384237,1.0,0.18186031234384237
8406,8406,0.9839914825795933,1.0,0.9839914825795933
8407,8407,0.3246099417403301,1.0,0.3246099417403301
8408,8408,0.390820615225979,0.0,0.390820615225979
8409,8409,0.6262267613781122,1.0,0.6262267613781122
8410,8410,0.5924052341592957,1.0,0.5924052341592957
8411,8411,0.9752638226241748,1.0,0.9752638226241748
8412,8412,0.9518257315065961,1.0,0.9518257315065961
8413,8413,0.8334174374238542,1.0,0.8334174374238542
8414,8414,0.85534376292427,1.0,0.85534376292427
8415,8415,0.6433591973597945,1.0,0.6433591973597945
8416,8416,0.0804183234549608,0.0,0.0804183234549608
8417,8417,0.4789757828654617,0.0,0.4789757828654617
8418,8418,0.10080120806986481,0.0,0.10080120806986481
8419,8419,0.26048969899381835,1.0,0.26048969899381835
8420,8420,0.4807584008156097,1.0,0.4807584008156097
8421,8421,0.49762027775602546,0.0,0.49762027775602546
8422,8422,0.3680466781212518,0.0,0.3680466781212518
8423,8423,0.31283261350851765,0.0,0.31283261350851765
8424,8424,0.8154255429198664,1.0,0.8154255429198664
8425,8425,0.3915527108567759,1.0,0.3915527108567759
8426,8426,0.7371750684430474,0.0,0.7371750684430474
8427,8427,0.30615288827167,1.0,0.30615288827167
8428,8428,0.8016173911147538,1.0,0.8016173911147538
8429,8429,0.5696235658869622,1.0,0.5696235658869622
8430,8430,0.7837276396970421,1.0,0.7837276396970421
8431,8431,0.9285732713343268,1.0,0.9285732713343268
8432,8432,0.4252138885860005,1.0,0.4252138885860005
8433,8433,0.6837256603303211,0.0,0.6837256603303211
8434,8434,0.6120678241844884,0.0,0.6120678241844884
8435,8435,0.5676620128322568,0.0,0.5676620128322568
8436,8436,0.795986368763305,1.0,0.795986368763305
8437,8437,0.40762142948244007,0.0,0.40762142948244007
8438,8438,0.19598926935856786,0.0,0.19598926935856786
8439,8439,0.16982480929508936,0.0,0.16982480929508936
8440,8440,0.6465400311493288,1.0,0.6465400311493288
8441,8441,0.7727377321445953,1.0,0.7727377321445953
8442,8442,0.2801369420142428,0.0,0.2801369420142428
8443,8443,0.897961755559071,0.0,0.897961755559071
8444,8444,0.8258253384499292,1.0,0.8258253384499292
8445,8445,0.7814469214291389,1.0,0.7814469214291389
8446,8446,0.30468580391443034,1.0,0.30468580391443034
8447,8447,0.9117998217170582,1.0,0.9117998217170582
8448,8448,0.02590121565067649,0.0,0.02590121565067649
8449,8449,0.4180397814812945,0.0,0.4180397814812945
8450,8450,0.0015078138764127447,0.0,0.0015078138764127447
8451,8451,0.12931632138237914,0.0,0.12931632138237914
8452,8452,0.37157053389235495,1.0,0.37157053389235495
8453,8453,0.22475162397616666,0.0,0.22475162397616666
8454,8454,0.676887199112782,1.0,0.676887199112782
8455,8455,0.7842323564493779,0.0,0.7842323564493779
8456,8456,0.9294836024947867,1.0,0.9294836024947867
8457,8457,0.05830101140762678,1.0,0.05830101140762678
8458,8458,0.4313021480228183,1.0,0.4313021480228183
8459,8459,0.0700691680404737,0.0,0.0700691680404737
8460,8460,0.46872106616161413,1.0,0.46872106616161413
8461,8461,0.47405101608713585,1.0,0.47405101608713585
8462,8462,0.11740348890262475,0.0,0.11740348890262475
8463,8463,0.8537538158395368,0.0,0.8537538158395368
8464,8464,0.7763303875563394,1.0,0.7763303875563394
8465,8465,0.8345994777679724,1.0,0.8345994777679724
8466,8466,0.4830988136159764,0.0,0.4830988136159764
8467,8467,0.039354104586105554,0.0,0.039354104586105554
8468,8468,0.3903499085867076,0.0,0.3903499085867076
8469,8469,0.7191813734449756,1.0,0.7191813734449756
8470,8470,0.09878632229813489,0.0,0.09878632229813489
8471,8471,0.6920596742297311,0.0,0.6920596742297311
8472,8472,0.9515382337818721,1.0,0.9515382337818721
8473,8473,0.6276783072442688,1.0,0.6276783072442688
8474,8474,0.3103155718149371,0.0,0.3103155718149371
8475,8475,0.014825166165181258,0.0,0.014825166165181258
8476,8476,0.709185299165471,1.0,0.709185299165471
8477,8477,0.8471132486509387,1.0,0.8471132486509387
8478,8478,0.2057954321692812,0.0,0.2057954321692812
8479,8479,0.9760549969600866,1.0,0.9760549969600866
8480,8480,0.9879945867483939,1.0,0.9879945867483939
8481,8481,0.7476857800463896,1.0,0.7476857800463896
8482,8482,0.5079246435565113,1.0,0.5079246435565113
8483,8483,0.2041138776927105,0.0,0.2041138776927105
8484,8484,0.640922625557152,0.0,0.640922625557152
8485,8485,0.36460266116658435,0.0,0.36460266116658435
8486,8486,0.5576696227669092,0.0,0.5576696227669092
8487,8487,0.8062717092083921,1.0,0.8062717092083921
8488,8488,0.04541963821686523,0.0,0.04541963821686523
8489,8489,0.9530820223424502,0.0,0.9530820223424502
8490,8490,0.976083561648545,1.0,0.976083561648545
8491,8491,0.36823969482105257,1.0,0.36823969482105257
8492,8492,0.9213332796965695,1.0,0.9213332796965695
8493,8493,0.6318546389546907,1.0,0.6318546389546907
8494,8494,0.8103209604513539,1.0,0.8103209604513539
8495,8495,0.8802003528545059,1.0,0.8802003528545059
8496,8496,0.5436874004516392,0.0,0.5436874004516392
8497,8497,0.8846233054550183,1.0,0.8846233054550183
8498,8498,0.8710719480350263,1.0,0.8710719480350263
8499,8499,0.21990406578243027,0.0,0.21990406578243027
8500,8500,0.3642911695245413,1.0,0.3642911695245413
8501,8501,0.6186213251610919,1.0,0.6186213251610919
8502,8502,0.22912057604204528,0.0,0.22912057604204528
8503,8503,0.9426966752586791,1.0,0.9426966752586791
8504,8504,0.6230944414990235,1.0,0.6230944414990235
8505,8505,0.19434748600386065,0.0,0.19434748600386065
8506,8506,0.8234494390044241,1.0,0.8234494390044241
8507,8507,0.3962983991363429,0.0,0.3962983991363429
8508,8508,0.8659041139106276,1.0,0.8659041139106276
8509,8509,0.9026671253034121,1.0,0.9026671253034121
8510,8510,0.12730025323185934,0.0,0.12730025323185934
8511,8511,0.8201423409052521,1.0,0.8201423409052521
8512,8512,0.6436070032617442,1.0,0.6436070032617442
8513,8513,0.4495389578739315,1.0,0.4495389578739315
8514,8514,0.5375422180461478,1.0,0.5375422180461478
8515,8515,0.38014240080963113,1.0,0.38014240080963113
8516,8516,0.6019991305818787,1.0,0.6019991305818787
8517,8517,0.34125220150057667,0.0,0.34125220150057667
8518,8518,0.7651501313085015,1.0,0.7651501313085015
8519,8519,0.9239976754553746,1.0,0.9239976754553746
8520,8520,0.9351373089548037,1.0,0.9351373089548037
8521,8521,0.15455593232427944,0.0,0.15455593232427944
8522,8522,0.26696732424811076,0.0,0.26696732424811076
8523,8523,0.3760970636702775,1.0,0.3760970636702775
8524,8524,0.19141996038822262,0.0,0.19141996038822262
8525,8525,0.7935746857525449,1.0,0.7935746857525449
8526,8526,2.8123498975296535e-05,0.0,2.8123498975296535e-05
8527,8527,0.34414079443909706,0.0,0.34414079443909706
8528,8528,0.08582520956533013,0.0,0.08582520956533013
8529,8529,0.5327439487126566,0.0,0.5327439487126566
8530,8530,0.4140424763410605,1.0,0.4140424763410605
8531,8531,0.6905059652229169,0.0,0.6905059652229169
8532,8532,0.4764863092442644,0.0,0.4764863092442644
8533,8533,0.8120922566911796,0.0,0.8120922566911796
8534,8534,0.5018049781391286,0.0,0.5018049781391286
8535,8535,0.44075175613934237,0.0,0.44075175613934237
8536,8536,0.5357376400482364,1.0,0.5357376400482364
8537,8537,0.3374257719719723,0.0,0.3374257719719723
8538,8538,0.5238969527224162,0.0,0.5238969527224162
8539,8539,0.006277327207231287,0.0,0.006277327207231287
8540,8540,0.08478984263875045,0.0,0.08478984263875045
8541,8541,0.3810506467759027,1.0,0.3810506467759027
8542,8542,0.0394596837066431,0.0,0.0394596837066431
8543,8543,0.9837377562289572,1.0,0.9837377562289572
8544,8544,0.7293868788683582,1.0,0.7293868788683582
8545,8545,0.37169698562087516,0.0,0.37169698562087516
8546,8546,0.8552425453069519,1.0,0.8552425453069519
8547,8547,0.5315495230782179,1.0,0.5315495230782179
8548,8548,0.44762952793491295,0.0,0.44762952793491295
8549,8549,0.032785679214348384,0.0,0.032785679214348384
8550,8550,0.9748729007824115,1.0,0.9748729007824115
8551,8551,0.9311848524312446,1.0,0.9311848524312446
8552,8552,0.4782418054083426,0.0,0.4782418054083426
8553,8553,0.35956021871388033,1.0,0.35956021871388033
8554,8554,0.3451808246935931,0.0,0.3451808246935931
8555,8555,0.3678197256220618,1.0,0.3678197256220618
8556,8556,0.0752609448468049,1.0,0.0752609448468049
8557,8557,0.930016205195944,1.0,0.930016205195944
8558,8558,0.7612398158601291,1.0,0.7612398158601291
8559,8559,0.9546117985264947,1.0,0.9546117985264947
8560,8560,0.956797490850263,1.0,0.956797490850263
8561,8561,0.11823700605523713,0.0,0.11823700605523713
8562,8562,0.9791632095101751,1.0,0.9791632095101751
8563,8563,0.4743792745936366,0.0,0.4743792745936366
8564,8564,0.5490654233224694,1.0,0.5490654233224694
8565,8565,0.02079344111908943,0.0,0.02079344111908943
8566,8566,0.36323868379364777,0.0,0.36323868379364777
8567,8567,0.6338607071678105,1.0,0.6338607071678105
8568,8568,0.7553322642284941,1.0,0.7553322642284941
8569,8569,0.7266693295429615,0.0,0.7266693295429615
8570,8570,0.48225878915372833,1.0,0.48225878915372833
8571,8571,0.08597047084461373,0.0,0.08597047084461373
8572,8572,0.6594833875624447,1.0,0.6594833875624447
8573,8573,0.2621617570053557,0.0,0.2621617570053557
8574,8574,0.9825023444284446,1.0,0.9825023444284446
8575,8575,0.18802321332442262,1.0,0.18802321332442262
8576,8576,0.4699495384753999,0.0,0.4699495384753999
8577,8577,0.9736901101289545,1.0,0.9736901101289545
8578,8578,0.8580188278277551,1.0,0.8580188278277551
8579,8579,0.6367089425187256,0.0,0.6367089425187256
8580,8580,0.7771234536682843,1.0,0.7771234536682843
8581,8581,0.44187912752140457,1.0,0.44187912752140457
8582,8582,0.32420012049675817,1.0,0.32420012049675817
8583,8583,0.4766175651203207,0.0,0.4766175651203207
8584,8584,0.0658350408184446,0.0,0.0658350408184446
8585,8585,0.6550843409291457,1.0,0.6550843409291457
8586,8586,0.6510712309036527,0.0,0.6510712309036527
8587,8587,0.24531195013977447,1.0,0.24531195013977447
8588,8588,0.09453210880612029,0.0,0.09453210880612029
8589,8589,0.794716475622677,1.0,0.794716475622677
8590,8590,0.865345632228538,1.0,0.865345632228538
8591,8591,0.7634567004022305,1.0,0.7634567004022305
8592,8592,0.9887829137719266,1.0,0.9887829137719266
8593,8593,0.02212635184338252,0.0,0.02212635184338252
8594,8594,0.290361832805768,0.0,0.290361832805768
8595,8595,0.4076312780382345,0.0,0.4076312780382345
8596,8596,0.9803560637071208,1.0,0.9803560637071208
8597,8597,0.3532498002206095,1.0,0.3532498002206095
8598,8598,0.5066083082085348,1.0,0.5066083082085348
8599,8599,0.2671322257635712,0.0,0.2671322257635712
8600,8600,0.992267588697227,1.0,0.992267588697227
8601,8601,0.08740006635888675,0.0,0.08740006635888675
8602,8602,0.28279875050980885,0.0,0.28279875050980885
8603,8603,0.5016234179636044,0.0,0.5016234179636044
8604,8604,0.7065061854003588,1.0,0.7065061854003588
8605,8605,0.885229334933355,1.0,0.885229334933355
8606,8606,0.22479000627523837,1.0,0.22479000627523837
8607,8607,0.9903844419526224,1.0,0.9903844419526224
8608,8608,0.9309583581275745,1.0,0.9309583581275745
8609,8609,0.8869326503307492,1.0,0.8869326503307492
8610,8610,0.08648349600438743,0.0,0.08648349600438743
8611,8611,0.9750307634883789,1.0,0.9750307634883789
8612,8612,0.4882341840801494,1.0,0.4882341840801494
8613,8613,0.18079337012973962,0.0,0.18079337012973962
8614,8614,0.37451745040767004,0.0,0.37451745040767004
8615,8615,0.09569972798729587,0.0,0.09569972798729587
8616,8616,0.8911706037724574,1.0,0.8911706037724574
8617,8617,0.874122050109323,1.0,0.874122050109323
8618,8618,0.45496278679572777,0.0,0.45496278679572777
8619,8619,0.4086062055690707,1.0,0.4086062055690707
8620,8620,0.3944461004670955,1.0,0.3944461004670955
8621,8621,0.7735224427199938,0.0,0.7735224427199938
8622,8622,0.6758336677277527,0.0,0.6758336677277527
8623,8623,0.2528961915472211,0.0,0.2528961915472211
8624,8624,0.0060047920837305035,0.0,0.0060047920837305035
8625,8625,0.9359931576090466,1.0,0.9359931576090466
8626,8626,0.7167128764364862,1.0,0.7167128764364862
8627,8627,0.5890372502059429,1.0,0.5890372502059429
8628,8628,0.5725648544318385,1.0,0.5725648544318385
8629,8629,0.016775806022853557,0.0,0.016775806022853557
8630,8630,0.017175925629957622,0.0,0.017175925629957622
8631,8631,0.35299826716515326,1.0,0.35299826716515326
8632,8632,0.5373915489474638,0.0,0.5373915489474638
8633,8633,0.9369288235957477,1.0,0.9369288235957477
8634,8634,0.7826578798612532,1.0,0.7826578798612532
8635,8635,0.8912373118365382,1.0,0.8912373118365382
8636,8636,0.10432378148557209,0.0,0.10432378148557209
8637,8637,0.35755644516912855,0.0,0.35755644516912855
8638,8638,0.17483973122858065,1.0,0.17483973122858065
8639,8639,0.24848136172034874,0.0,0.24848136172034874
8640,8640,0.9907774387735839,1.0,0.9907774387735839
8641,8641,0.3328155783721223,0.0,0.3328155783721223
8642,8642,0.7501260265556271,1.0,0.7501260265556271
8643,8643,0.8924393025694509,1.0,0.8924393025694509
8644,8644,0.16065350295080394,0.0,0.16065350295080394
8645,8645,0.5471979999825699,0.0,0.5471979999825699
8646,8646,0.48629314980513716,1.0,0.48629314980513716
8647,8647,0.16285890741620102,0.0,0.16285890741620102
8648,8648,0.2986616336643212,0.0,0.2986616336643212
8649,8649,0.37760937561153884,0.0,0.37760937561153884
8650,8650,0.174958902738777,0.0,0.174958902738777
8651,8651,0.4358095449562005,1.0,0.4358095449562005
8652,8652,0.9990016806148871,1.0,0.9990016806148871
8653,8653,0.5939185376129352,0.0,0.5939185376129352
8654,8654,0.08915800557929943,0.0,0.08915800557929943
8655,8655,0.9209343900470378,1.0,0.9209343900470378
8656,8656,0.5527336476744894,1.0,0.5527336476744894
8657,8657,0.3651337189844046,0.0,0.3651337189844046
8658,8658,0.25277137991243426,0.0,0.25277137991243426
8659,8659,0.276920616062835,0.0,0.276920616062835
8660,8660,0.2791801656981616,0.0,0.2791801656981616
8661,8661,0.07585776081416162,0.0,0.07585776081416162
8662,8662,0.6830571048135664,1.0,0.6830571048135664
8663,8663,0.7321792341260434,1.0,0.7321792341260434
8664,8664,0.836484767588787,1.0,0.836484767588787
8665,8665,0.2346233919775368,0.0,0.2346233919775368
8666,8666,0.981424707787244,1.0,0.981424707787244
8667,8667,0.8457627934876017,1.0,0.8457627934876017
8668,8668,0.4091635336789716,1.0,0.4091635336789716
8669,8669,0.15535764363452342,0.0,0.15535764363452342
8670,8670,0.19717110513484082,0.0,0.19717110513484082
8671,8671,0.21453015131903375,1.0,0.21453015131903375
8672,8672,0.9418387473162704,1.0,0.9418387473162704
8673,8673,0.8333830633698034,1.0,0.8333830633698034
8674,8674,0.3704724581186267,0.0,0.3704724581186267
8675,8675,0.54768377658828,1.0,0.54768377658828
8676,8676,0.49682172244128986,1.0,0.49682172244128986
8677,8677,0.047523828396333845,0.0,0.047523828396333845
8678,8678,0.05118714745336994,0.0,0.05118714745336994
8679,8679,0.7082521566699622,0.0,0.7082521566699622
8680,8680,0.5367066045293535,1.0,0.5367066045293535
8681,8681,0.5902660640482581,0.0,0.5902660640482581
8682,8682,0.08711868310190696,0.0,0.08711868310190696
8683,8683,0.3135700195947986,1.0,0.3135700195947986
8684,8684,0.830136260783127,1.0,0.830136260783127
8685,8685,0.12277234525550862,1.0,0.12277234525550862
8686,8686,0.555889920203357,0.0,0.555889920203357
8687,8687,0.23277857222692488,0.0,0.23277857222692488
8688,8688,0.015507771261809689,0.0,0.015507771261809689
8689,8689,0.033296661921407456,0.0,0.033296661921407456
8690,8690,0.3443264030852501,0.0,0.3443264030852501
8691,8691,0.5071213762686541,0.0,0.5071213762686541
8692,8692,0.3355058598293469,0.0,0.3355058598293469
8693,8693,0.325751765926072,0.0,0.325751765926072
8694,8694,0.13371962258873038,0.0,0.13371962258873038
8695,8695,0.4744036504402953,0.0,0.4744036504402953
8696,8696,0.10316236454642458,0.0,0.10316236454642458
8697,8697,0.785146691458039,1.0,0.785146691458039
8698,8698,0.19288887353557382,0.0,0.19288887353557382
8699,8699,0.6037195173205478,1.0,0.6037195173205478
8700,8700,0.9267205922733727,0.0,0.9267205922733727
8701,8701,0.3442157377159365,1.0,0.3442157377159365
8702,8702,0.5394045448310434,1.0,0.5394045448310434
8703,8703,0.4744460953069505,1.0,0.4744460953069505
8704,8704,0.8110405015866913,1.0,0.8110405015866913
8705,8705,0.8287377090715332,1.0,0.8287377090715332
8706,8706,0.7720804138348893,0.0,0.7720804138348893
8707,8707,0.856769687891945,0.0,0.856769687891945
8708,8708,0.6566989228061336,1.0,0.6566989228061336
8709,8709,0.5564716909198545,0.0,0.5564716909198545
8710,8710,0.8349455543109653,1.0,0.8349455543109653
8711,8711,0.5052309777793922,0.0,0.5052309777793922
8712,8712,0.425749637701866,0.0,0.425749637701866
8713,8713,0.0342533235356165,0.0,0.0342533235356165
8714,8714,0.43860804836263545,0.0,0.43860804836263545
8715,8715,0.19655510901317141,1.0,0.19655510901317141
8716,8716,0.9196273163265197,1.0,0.9196273163265197
8717,8717,0.09663606976403794,0.0,0.09663606976403794
8718,8718,0.178266627386093,0.0,0.178266627386093
8719,8719,0.5927682189447093,1.0,0.5927682189447093
8720,8720,0.6674484812300321,1.0,0.6674484812300321
8721,8721,0.10863973749538991,0.0,0.10863973749538991
8722,8722,0.7366228564096771,0.0,0.7366228564096771
8723,8723,0.5296876164365825,0.0,0.5296876164365825
8724,8724,0.5391587170986637,1.0,0.5391587170986637
8725,8725,0.8112615837955471,1.0,0.8112615837955471
8726,8726,0.0878760059058109,0.0,0.0878760059058109
8727,8727,0.6961676707171012,1.0,0.6961676707171012
8728,8728,0.3678984149668748,0.0,0.3678984149668748
8729,8729,0.09546600784269865,0.0,0.09546600784269865
8730,8730,0.36211409759935587,0.0,0.36211409759935587
8731,8731,0.8233694565851605,1.0,0.8233694565851605
8732,8732,0.22401342002875568,0.0,0.22401342002875568
8733,8733,0.2710546298908133,0.0,0.2710546298908133
8734,8734,0.841323378093119,1.0,0.841323378093119
8735,8735,0.15585082288060714,0.0,0.15585082288060714
8736,8736,0.9091801267705926,1.0,0.9091801267705926
8737,8737,0.659961885196767,0.0,0.659961885196767
8738,8738,0.41462284208606537,1.0,0.41462284208606537
8739,8739,0.014291171399348657,0.0,0.014291171399348657
8740,8740,0.5900522339374001,1.0,0.5900522339374001
8741,8741,0.09279447865331503,0.0,0.09279447865331503
8742,8742,0.29800062469618593,0.0,0.29800062469618593
8743,8743,0.8195715092553149,1.0,0.8195715092553149
8744,8744,0.6215670453916808,0.0,0.6215670453916808
8745,8745,0.8125650634419593,1.0,0.8125650634419593
8746,8746,0.7566346374956433,1.0,0.7566346374956433
8747,8747,0.5227781389450454,1.0,0.5227781389450454
8748,8748,0.758019671269489,1.0,0.758019671269489
8749,8749,0.6858975214030756,1.0,0.6858975214030756
8750,8750,0.5941377298433742,1.0,0.5941377298433742
8751,8751,0.7664374431907698,1.0,0.7664374431907698
8752,8752,0.7219909548811847,1.0,0.7219909548811847
8753,8753,0.6135173408229186,1.0,0.6135173408229186
8754,8754,0.8166986919034044,1.0,0.8166986919034044
8755,8755,0.657724658208327,0.0,0.657724658208327
8756,8756,0.6279834233377205,1.0,0.6279834233377205
8757,8757,0.6411497754206812,0.0,0.6411497754206812
8758,8758,0.009310305945346431,0.0,0.009310305945346431
8759,8759,0.4945071229152046,1.0,0.4945071229152046
8760,8760,0.34705955077058803,0.0,0.34705955077058803
8761,8761,0.3072364041667075,0.0,0.3072364041667075
8762,8762,0.13827898756658663,0.0,0.13827898756658663
8763,8763,0.3437058362978458,0.0,0.3437058362978458
8764,8764,0.7627168921943265,1.0,0.7627168921943265
8765,8765,0.9474714566982839,1.0,0.9474714566982839
8766,8766,0.7841976709369852,1.0,0.7841976709369852
8767,8767,0.84437602977468,1.0,0.84437602977468
8768,8768,0.14435877219018622,0.0,0.14435877219018622
8769,8769,0.2500047300590984,1.0,0.2500047300590984
8770,8770,0.8408422506613309,1.0,0.8408422506613309
8771,8771,0.09283724386475345,0.0,0.09283724386475345
8772,8772,0.12725052068112175,0.0,0.12725052068112175
8773,8773,0.14284631593043218,1.0,0.14284631593043218
8774,8774,0.8062350157619576,1.0,0.8062350157619576
8775,8775,0.30262742155743483,0.0,0.30262742155743483
8776,8776,0.46823586870696776,1.0,0.46823586870696776
8777,8777,0.825616820190675,0.0,0.825616820190675
8778,8778,0.015404678275491523,0.0,0.015404678275491523
8779,8779,0.5777338186489958,0.0,0.5777338186489958
8780,8780,0.7150579649795296,1.0,0.7150579649795296
8781,8781,0.4317833787505677,1.0,0.4317833787505677
8782,8782,0.7750312041124708,1.0,0.7750312041124708
8783,8783,0.22091688576822277,0.0,0.22091688576822277
8784,8784,0.6421484647541243,1.0,0.6421484647541243
8785,8785,0.9683206688684164,1.0,0.9683206688684164
8786,8786,0.10599575011520834,0.0,0.10599575011520834
8787,8787,0.839435307263809,1.0,0.839435307263809
8788,8788,0.5290664305838442,1.0,0.5290664305838442
8789,8789,0.17214228647445273,0.0,0.17214228647445273
8790,8790,0.7466598267981143,0.0,0.7466598267981143
8791,8791,0.1284481301497883,0.0,0.1284481301497883
8792,8792,0.11380387316653817,0.0,0.11380387316653817
8793,8793,0.9580179084563946,1.0,0.9580179084563946
8794,8794,0.4507163623372211,0.0,0.4507163623372211
8795,8795,0.6291485003663875,0.0,0.6291485003663875
8796,8796,0.9979218795994925,1.0,0.9979218795994925
8797,8797,0.08719825687319005,0.0,0.08719825687319005
8798,8798,0.6760871602491886,1.0,0.6760871602491886
8799,8799,0.3899211458651082,1.0,0.3899211458651082
8800,8800,0.8723864357458391,1.0,0.8723864357458391
8801,8801,0.30266976431343484,0.0,0.30266976431343484
8802,8802,0.7051574209055819,1.0,0.7051574209055819
8803,8803,0.8154097349390165,1.0,0.8154097349390165
8804,8804,0.025075315451808966,0.0,0.025075315451808966
8805,8805,0.726351246458268,0.0,0.726351246458268
8806,8806,0.7841186734617193,0.0,0.7841186734617193
8807,8807,0.3987624713023744,0.0,0.3987624713023744
8808,8808,0.012762102611103887,0.0,0.012762102611103887
8809,8809,0.31665976828593334,1.0,0.31665976828593334
8810,8810,0.29403366636055484,0.0,0.29403366636055484
8811,8811,0.48079911062265357,0.0,0.48079911062265357
8812,8812,0.009599196414551647,0.0,0.009599196414551647
8813,8813,0.2929457373786769,0.0,0.2929457373786769
8814,8814,0.6142567285129764,1.0,0.6142567285129764
8815,8815,0.08536945025707487,0.0,0.08536945025707487
8816,8816,0.6971433437528068,1.0,0.6971433437528068
8817,8817,0.3671729906429675,0.0,0.3671729906429675
8818,8818,0.7077267404427521,1.0,0.7077267404427521
8819,8819,0.7729091547066554,0.0,0.7729091547066554
8820,8820,0.9841167575347567,1.0,0.9841167575347567
8821,8821,0.7428223522088047,1.0,0.7428223522088047
8822,8822,0.3121440865283792,0.0,0.3121440865283792
8823,8823,0.6915153705943725,1.0,0.6915153705943725
8824,8824,0.03385037094332999,0.0,0.03385037094332999
8825,8825,0.6454355636550906,1.0,0.6454355636550906
8826,8826,0.7610080623494551,1.0,0.7610080623494551
8827,8827,0.8655558631138823,0.0,0.8655558631138823
8828,8828,0.1423485317575386,0.0,0.1423485317575386
8829,8829,0.32298256130186154,0.0,0.32298256130186154
8830,8830,0.7581125224921522,1.0,0.7581125224921522
8831,8831,0.4804782257329244,0.0,0.4804782257329244
8832,8832,0.9461350256873098,1.0,0.9461350256873098
8833,8833,0.3684184040524331,1.0,0.3684184040524331
8834,8834,0.5119594623414804,0.0,0.5119594623414804
8835,8835,0.030387583357999293,0.0,0.030387583357999293
8836,8836,0.4798618670634811,1.0,0.4798618670634811
8837,8837,0.9882360855381604,1.0,0.9882360855381604
8838,8838,0.11495460712198025,0.0,0.11495460712198025
8839,8839,0.7730412906828825,1.0,0.7730412906828825
8840,8840,0.2993520370511913,0.0,0.2993520370511913
8841,8841,0.3046650923340557,0.0,0.3046650923340557
8842,8842,0.08410553171466528,0.0,0.08410553171466528
8843,8843,0.013936283607432154,0.0,0.013936283607432154
8844,8844,0.08372597690611061,0.0,0.08372597690611061
8845,8845,0.13320635225582067,0.0,0.13320635225582067
8846,8846,0.21398533194027636,0.0,0.21398533194027636
8847,8847,0.31404433637754714,0.0,0.31404433637754714
8848,8848,0.18749731907618827,1.0,0.18749731907618827
8849,8849,0.5267034715829254,1.0,0.5267034715829254
8850,8850,0.5546945816945846,0.0,0.5546945816945846
8851,8851,0.893175906130608,1.0,0.893175906130608
8852,8852,0.3562679375124125,1.0,0.3562679375124125
8853,8853,0.09489951589265866,0.0,0.09489951589265866
8854,8854,0.7817921682617319,1.0,0.7817921682617319
8855,8855,0.6947854934711808,1.0,0.6947854934711808
8856,8856,0.7297183373531912,1.0,0.7297183373531912
8857,8857,0.24005662671049288,0.0,0.24005662671049288
8858,8858,0.06343249472356616,0.0,0.06343249472356616
8859,8859,0.0323244455210433,0.0,0.0323244455210433
8860,8860,0.9463254545780655,1.0,0.9463254545780655
8861,8861,0.8042370112088177,1.0,0.8042370112088177
8862,8862,0.9276477885416878,0.0,0.9276477885416878
8863,8863,0.18894040770982778,0.0,0.18894040770982778
8864,8864,0.20741442219104445,0.0,0.20741442219104445
8865,8865,0.20090016067431005,1.0,0.20090016067431005
8866,8866,0.4963532815954046,0.0,0.4963532815954046
8867,8867,0.2079382775830666,0.0,0.2079382775830666
8868,8868,0.126061783282164,0.0,0.126061783282164
8869,8869,0.9472503157707106,1.0,0.9472503157707106
8870,8870,0.609699431517705,0.0,0.609699431517705
8871,8871,0.30633391405361377,0.0,0.30633391405361377
8872,8872,0.9246462989434668,1.0,0.9246462989434668
8873,8873,0.3446373542159472,0.0,0.3446373542159472
8874,8874,0.5347513896478231,0.0,0.5347513896478231
8875,8875,0.47971521783266213,0.0,0.47971521783266213
8876,8876,0.8547202025198236,1.0,0.8547202025198236
8877,8877,0.6557360092805303,1.0,0.6557360092805303
8878,8878,0.7038212261170249,0.0,0.7038212261170249
8879,8879,0.3550845675076487,0.0,0.3550845675076487
8880,8880,0.43682264541502014,0.0,0.43682264541502014
8881,8881,0.20882862339822383,0.0,0.20882862339822383
8882,8882,0.800576882461774,1.0,0.800576882461774
8883,8883,0.8145755100252716,1.0,0.8145755100252716
8884,8884,0.9916458877248225,1.0,0.9916458877248225
8885,8885,0.3703696366513285,0.0,0.3703696366513285
8886,8886,0.5167643636568243,1.0,0.5167643636568243
8887,8887,0.10479857579603968,0.0,0.10479857579603968
8888,8888,0.6391856643631131,0.0,0.6391856643631131
8889,8889,0.9027192785985754,1.0,0.9027192785985754
8890,8890,0.821796136404249,1.0,0.821796136404249
8891,8891,0.23267005126121187,1.0,0.23267005126121187
8892,8892,0.8110187849922468,0.0,0.8110187849922468
8893,8893,0.594442633275689,1.0,0.594442633275689
8894,8894,0.010319422060570682,0.0,0.010319422060570682
8895,8895,0.9252181740756261,1.0,0.9252181740756261
8896,8896,0.3958501696962997,1.0,0.3958501696962997
8897,8897,0.5167432482137027,0.0,0.5167432482137027
8898,8898,0.06408225384511113,0.0,0.06408225384511113
8899,8899,0.8005952484182357,1.0,0.8005952484182357
8900,8900,0.47350320169932125,1.0,0.47350320169932125
8901,8901,0.16818438785775736,0.0,0.16818438785775736
8902,8902,0.5352940459927766,0.0,0.5352940459927766
8903,8903,0.5260251675817915,0.0,0.5260251675817915
8904,8904,0.44422695100549303,1.0,0.44422695100549303
8905,8905,0.3918240341986111,0.0,0.3918240341986111
8906,8906,0.34442477407907557,0.0,0.34442477407907557
8907,8907,0.7967219408955252,1.0,0.7967219408955252
8908,8908,0.767508210140206,1.0,0.767508210140206
8909,8909,0.2688025281679598,0.0,0.2688025281679598
8910,8910,0.5208907621631043,0.0,0.5208907621631043
8911,8911,0.9078712817527114,0.0,0.9078712817527114
8912,8912,0.13071303711121052,0.0,0.13071303711121052
8913,8913,0.7765301778626686,1.0,0.7765301778626686
8914,8914,0.1309072467266863,1.0,0.1309072467266863
8915,8915,0.6664672817791031,0.0,0.6664672817791031
8916,8916,0.9334299306481546,1.0,0.9334299306481546
8917,8917,0.9856845707217484,1.0,0.9856845707217484
8918,8918,0.27408764315963197,1.0,0.27408764315963197
8919,8919,0.09897863628256431,0.0,0.09897863628256431
8920,8920,0.7395217877126522,1.0,0.7395217877126522
8921,8921,0.6178538624278417,0.0,0.6178538624278417
8922,8922,0.7400431192283714,1.0,0.7400431192283714
8923,8923,0.4941001057993649,1.0,0.4941001057993649
8924,8924,0.9340180567837496,1.0,0.9340180567837496
8925,8925,0.8748402895208639,1.0,0.8748402895208639
8926,8926,0.1303289012136789,0.0,0.1303289012136789
8927,8927,0.04185883846894811,0.0,0.04185883846894811
8928,8928,0.7559473053243325,1.0,0.7559473053243325
8929,8929,0.5661083717127153,1.0,0.5661083717127153
8930,8930,0.08105476396504663,0.0,0.08105476396504663
8931,8931,0.08095994110084825,0.0,0.08095994110084825
8932,8932,0.15841743313690415,0.0,0.15841743313690415
8933,8933,0.45144619317062396,1.0,0.45144619317062396
8934,8934,0.8046668697934952,1.0,0.8046668697934952
8935,8935,0.36106908018376194,0.0,0.36106908018376194
8936,8936,0.5823522695572974,0.0,0.5823522695572974
8937,8937,0.8933885981602557,1.0,0.8933885981602557
8938,8938,0.22584920096162464,0.0,0.22584920096162464
8939,8939,0.3979945630067898,0.0,0.3979945630067898
8940,8940,0.46538031938416025,1.0,0.46538031938416025
8941,8941,0.4090022376953064,0.0,0.4090022376953064
8942,8942,0.09241446619728111,0.0,0.09241446619728111
8943,8943,0.2973668248522182,1.0,0.2973668248522182
8944,8944,0.60231477090965,1.0,0.60231477090965
8945,8945,0.6475791571399351,0.0,0.6475791571399351
8946,8946,0.2167377474363984,1.0,0.2167377474363984
8947,8947,0.7456594191047907,0.0,0.7456594191047907
8948,8948,0.3884351323732892,0.0,0.3884351323732892
8949,8949,0.7223595378430813,1.0,0.7223595378430813
8950,8950,0.5367273350637635,0.0,0.5367273350637635
8951,8951,0.16911876330734055,0.0,0.16911876330734055
8952,8952,0.819037089485839,0.0,0.819037089485839
8953,8953,0.45610045561383594,0.0,0.45610045561383594
8954,8954,0.6370188647323474,1.0,0.6370188647323474
8955,8955,0.017244038788467142,0.0,0.017244038788467142
8956,8956,0.9811225523853475,1.0,0.9811225523853475
8957,8957,0.463101286321255,1.0,0.463101286321255
8958,8958,0.23872965590985873,1.0,0.23872965590985873
8959,8959,0.5875636016035768,1.0,0.5875636016035768
8960,8960,0.01077270904355676,0.0,0.01077270904355676
8961,8961,0.5770533889210805,1.0,0.5770533889210805
8962,8962,0.9753395127771908,1.0,0.9753395127771908
8963,8963,0.4760632599360992,0.0,0.4760632599360992
8964,8964,0.569831390691287,1.0,0.569831390691287
8965,8965,0.2776831399389851,0.0,0.2776831399389851
8966,8966,0.8402430299418181,0.0,0.8402430299418181
8967,8967,0.7569353348792782,1.0,0.7569353348792782
8968,8968,0.28417277390997364,0.0,0.28417277390997364
8969,8969,0.048934333731942226,0.0,0.048934333731942226
8970,8970,0.6122541620151671,0.0,0.6122541620151671
8971,8971,0.007738449953921256,0.0,0.007738449953921256
8972,8972,0.39975304104145726,0.0,0.39975304104145726
8973,8973,0.9665873751520163,1.0,0.9665873751520163
8974,8974,0.7783166536837399,0.0,0.7783166536837399
8975,8975,0.017980977772176887,0.0,0.017980977772176887
8976,8976,0.3017349270912061,1.0,0.3017349270912061
8977,8977,0.10038857345577257,0.0,0.10038857345577257
8978,8978,0.1207872922209765,1.0,0.1207872922209765
8979,8979,0.41197739531696076,1.0,0.41197739531696076
8980,8980,0.693380328567963,1.0,0.693380328567963
8981,8981,0.4913360197691812,0.0,0.4913360197691812
8982,8982,0.7285715205286645,1.0,0.7285715205286645
8983,8983,0.6140821966085721,1.0,0.6140821966085721
8984,8984,0.5412141071240532,0.0,0.5412141071240532
8985,8985,0.11422455914844376,0.0,0.11422455914844376
8986,8986,0.28899330616070185,0.0,0.28899330616070185
8987,8987,0.22507544069875995,0.0,0.22507544069875995
8988,8988,0.7611994981920248,0.0,0.7611994981920248
8989,8989,0.8573625417848846,1.0,0.8573625417848846
8990,8990,0.5703132184814533,1.0,0.5703132184814533
8991,8991,0.22395560399581382,0.0,0.22395560399581382
8992,8992,0.1115212805109459,0.0,0.1115212805109459
8993,8993,0.26135022228862803,0.0,0.26135022228862803
8994,8994,0.9807168748938866,1.0,0.9807168748938866
8995,8995,0.7459661565822124,1.0,0.7459661565822124
8996,8996,0.8759518166662545,1.0,0.8759518166662545
8997,8997,0.17454591738625658,0.0,0.17454591738625658
8998,8998,0.3023803792281651,1.0,0.3023803792281651
8999,8999,0.06377544235561339,0.0,0.06377544235561339
9000,9000,0.0330199804583845,0.0,0.0330199804583845
9001,9001,0.45991610582804887,0.0,0.45991610582804887
9002,9002,0.4993005508892999,1.0,0.4993005508892999
9003,9003,0.1445357911265488,0.0,0.1445357911265488
9004,9004,0.7155364859869677,1.0,0.7155364859869677
9005,9005,0.18227269808788316,0.0,0.18227269808788316
9006,9006,0.9853459586212331,1.0,0.9853459586212331
9007,9007,0.27859468262791964,0.0,0.27859468262791964
9008,9008,0.45293641171647714,1.0,0.45293641171647714
9009,9009,0.5794935618165623,0.0,0.5794935618165623
9010,9010,0.020405258291554484,0.0,0.020405258291554484
9011,9011,0.2381652934918146,0.0,0.2381652934918146
9012,9012,0.4177474142301576,0.0,0.4177474142301576
9013,9013,0.8038014897122827,1.0,0.8038014897122827
9014,9014,0.41306331540465746,1.0,0.41306331540465746
9015,9015,0.05662408786607631,0.0,0.05662408786607631
9016,9016,0.6187021480543402,0.0,0.6187021480543402
9017,9017,0.7341735668189396,1.0,0.7341735668189396
9018,9018,0.9860207332403579,1.0,0.9860207332403579
9019,9019,0.08612821991532538,0.0,0.08612821991532538
9020,9020,0.11293385388987975,0.0,0.11293385388987975
9021,9021,0.8759841941748076,1.0,0.8759841941748076
9022,9022,0.5524955428009923,1.0,0.5524955428009923
9023,9023,0.05435772410630957,0.0,0.05435772410630957
9024,9024,0.43910791447439657,1.0,0.43910791447439657
9025,9025,0.598154907657237,0.0,0.598154907657237
9026,9026,0.9263676096522256,1.0,0.9263676096522256
9027,9027,0.006703646594346302,0.0,0.006703646594346302
9028,9028,0.09866075401484664,0.0,0.09866075401484664
9029,9029,0.26428874188889084,0.0,0.26428874188889084
9030,9030,0.31308153817118944,0.0,0.31308153817118944
9031,9031,0.05666851396238426,0.0,0.05666851396238426
9032,9032,0.06684872927007701,0.0,0.06684872927007701
9033,9033,0.8898698909302786,1.0,0.8898698909302786
9034,9034,0.9752814660213758,1.0,0.9752814660213758
9035,9035,0.22424165259458873,0.0,0.22424165259458873
9036,9036,0.10226445796692452,0.0,0.10226445796692452
9037,9037,0.7154210755825827,1.0,0.7154210755825827
9038,9038,0.2726123828571462,0.0,0.2726123828571462
9039,9039,0.43775116592569874,0.0,0.43775116592569874
9040,9040,0.41560596774520686,0.0,0.41560596774520686
9041,9041,0.31603703495499924,0.0,0.31603703495499924
9042,9042,0.4219975142737463,0.0,0.4219975142737463
9043,9043,0.347113663450925,1.0,0.347113663450925
9044,9044,0.3837724562479484,1.0,0.3837724562479484
9045,9045,0.8344359245002014,1.0,0.8344359245002014
9046,9046,0.7908063238654,1.0,0.7908063238654
9047,9047,0.8757156323093013,1.0,0.8757156323093013
9048,9048,0.30804719880369424,1.0,0.30804719880369424
9049,9049,0.018636664246568513,1.0,0.018636664246568513
9050,9050,0.06181767088374024,0.0,0.06181767088374024
9051,9051,0.6884196653798265,0.0,0.6884196653798265
9052,9052,0.9209497926114448,1.0,0.9209497926114448
9053,9053,0.15615447029164986,0.0,0.15615447029164986
9054,9054,0.039129952759383246,0.0,0.039129952759383246
9055,9055,0.1419675866246206,1.0,0.1419675866246206
9056,9056,0.6399286891434209,1.0,0.6399286891434209
9057,9057,0.8136823538730752,1.0,0.8136823538730752
9058,9058,0.8057538792477681,1.0,0.8057538792477681
9059,9059,0.6056497182682151,1.0,0.6056497182682151
9060,9060,0.24974877342974733,1.0,0.24974877342974733
9061,9061,0.61780698325584,1.0,0.61780698325584
9062,9062,0.48883350702841755,1.0,0.48883350702841755
9063,9063,0.6730732000217494,1.0,0.6730732000217494
9064,9064,0.2680025546100826,0.0,0.2680025546100826
9065,9065,0.9603693065975892,1.0,0.9603693065975892
9066,9066,0.5334810990141424,1.0,0.5334810990141424
9067,9067,0.20995093416556587,0.0,0.20995093416556587
9068,9068,0.6494754667914832,1.0,0.6494754667914832
9069,9069,0.2886974576060739,0.0,0.2886974576060739
9070,9070,0.07633862419975634,0.0,0.07633862419975634
9071,9071,0.7092359521103284,1.0,0.7092359521103284
9072,9072,0.01840607363325031,0.0,0.01840607363325031
9073,9073,0.7426121658182716,1.0,0.7426121658182716
9074,9074,0.3525829465729001,0.0,0.3525829465729001
9075,9075,0.5090942532775037,0.0,0.5090942532775037
9076,9076,0.08478818822937362,0.0,0.08478818822937362
9077,9077,0.33666288522456744,1.0,0.33666288522456744
9078,9078,0.45163233852530216,1.0,0.45163233852530216
9079,9079,0.5779809171623723,0.0,0.5779809171623723
9080,9080,0.006698252090326595,0.0,0.006698252090326595
9081,9081,0.4352534995493622,0.0,0.4352534995493622
9082,9082,0.12144469087280196,0.0,0.12144469087280196
9083,9083,0.5175997040522529,0.0,0.5175997040522529
9084,9084,0.016934100131252072,0.0,0.016934100131252072
9085,9085,0.8111828370346585,0.0,0.8111828370346585
9086,9086,0.3912746451899264,1.0,0.3912746451899264
9087,9087,0.8616841964818934,1.0,0.8616841964818934
9088,9088,0.07570812731423127,0.0,0.07570812731423127
9089,9089,0.42713656075795847,0.0,0.42713656075795847
9090,9090,0.7144499748922933,1.0,0.7144499748922933
9091,9091,0.3242001266855762,1.0,0.3242001266855762
9092,9092,0.05900758148376395,0.0,0.05900758148376395
9093,9093,0.09803686180810023,0.0,0.09803686180810023
9094,9094,0.9152653560981847,1.0,0.9152653560981847
9095,9095,0.8871277953433648,1.0,0.8871277953433648
9096,9096,0.16872713625035052,0.0,0.16872713625035052
9097,9097,0.5741320136014365,0.0,0.5741320136014365
9098,9098,0.043281634475819564,0.0,0.043281634475819564
9099,9099,0.17629107779287478,0.0,0.17629107779287478
9100,9100,0.8737422448056802,1.0,0.8737422448056802
9101,9101,0.6546399932773704,1.0,0.6546399932773704
9102,9102,0.6928092525884382,0.0,0.6928092525884382
9103,9103,0.781600653519781,0.0,0.781600653519781
9104,9104,0.986502248542175,1.0,0.986502248542175
9105,9105,0.8373590267785933,1.0,0.8373590267785933
9106,9106,0.9836194022338091,1.0,0.9836194022338091
9107,9107,0.13565668458734315,0.0,0.13565668458734315
9108,9108,0.5723435116498533,0.0,0.5723435116498533
9109,9109,0.9651745572173742,1.0,0.9651745572173742
9110,9110,0.34109519462461013,0.0,0.34109519462461013
9111,9111,0.46263374043992644,1.0,0.46263374043992644
9112,9112,0.5554642540517988,1.0,0.5554642540517988
9113,9113,0.7008841526084718,1.0,0.7008841526084718
9114,9114,0.9426292679801054,1.0,0.9426292679801054
9115,9115,0.8686724529317078,1.0,0.8686724529317078
9116,9116,0.5304820320327734,0.0,0.5304820320327734
9117,9117,0.5389925539691394,1.0,0.5389925539691394
9118,9118,0.5972769113261586,0.0,0.5972769113261586
9119,9119,0.06874191684835007,1.0,0.06874191684835007
9120,9120,0.5465334384560442,1.0,0.5465334384560442
9121,9121,0.660442137658245,0.0,0.660442137658245
9122,9122,0.36357428273485215,0.0,0.36357428273485215
9123,9123,0.8850811550404237,1.0,0.8850811550404237
9124,9124,0.047631555289852634,0.0,0.047631555289852634
9125,9125,0.8070330773428428,1.0,0.8070330773428428
9126,9126,0.5061109461903537,1.0,0.5061109461903537
9127,9127,0.15172416028820823,0.0,0.15172416028820823
9128,9128,0.4470002624883832,0.0,0.4470002624883832
9129,9129,0.8958690964447144,1.0,0.8958690964447144
9130,9130,0.9610439223661404,1.0,0.9610439223661404
9131,9131,0.015437504082418063,0.0,0.015437504082418063
9132,9132,0.9000680671654654,0.0,0.9000680671654654
9133,9133,0.7672659686996004,1.0,0.7672659686996004
9134,9134,0.9069007406679847,1.0,0.9069007406679847
9135,9135,0.843349531438022,1.0,0.843349531438022
9136,9136,0.1795970353231111,0.0,0.1795970353231111
9137,9137,0.3490379357806582,1.0,0.3490379357806582
9138,9138,0.25273412916793425,0.0,0.25273412916793425
9139,9139,0.3139487568661681,0.0,0.3139487568661681
9140,9140,0.7100970390191615,0.0,0.7100970390191615
9141,9141,0.570920720328261,1.0,0.570920720328261
9142,9142,0.47202268670218395,1.0,0.47202268670218395
9143,9143,0.3548103599670135,0.0,0.3548103599670135
9144,9144,0.37175563494380215,0.0,0.37175563494380215
9145,9145,0.4980692015232463,0.0,0.4980692015232463
9146,9146,0.21889735784618258,0.0,0.21889735784618258
9147,9147,0.612649624314166,0.0,0.612649624314166
9148,9148,0.5652818910504958,0.0,0.5652818910504958
9149,9149,0.4177741070513159,0.0,0.4177741070513159
9150,9150,0.7185462205395666,1.0,0.7185462205395666
9151,9151,0.9866651598647636,1.0,0.9866651598647636
9152,9152,0.4301841693984966,0.0,0.4301841693984966
9153,9153,0.7934562967786745,1.0,0.7934562967786745
9154,9154,0.21029786338950374,0.0,0.21029786338950374
9155,9155,0.06748518899518985,0.0,0.06748518899518985
9156,9156,0.5967094613864554,0.0,0.5967094613864554
9157,9157,0.04014001005340284,0.0,0.04014001005340284
9158,9158,0.7957233964722263,1.0,0.7957233964722263
9159,9159,0.43109361666350043,0.0,0.43109361666350043
9160,9160,0.4481108043278136,1.0,0.4481108043278136
9161,9161,0.9313244656427647,1.0,0.9313244656427647
9162,9162,0.9873209119981204,1.0,0.9873209119981204
9163,9163,0.5620309970245224,0.0,0.5620309970245224
9164,9164,0.057050103101184524,0.0,0.057050103101184524
9165,9165,0.48326589014528476,0.0,0.48326589014528476
9166,9166,0.7909177617815256,0.0,0.7909177617815256
9167,9167,0.3880600557195121,1.0,0.3880600557195121
9168,9168,0.30202437620929934,0.0,0.30202437620929934
9169,9169,0.2472920506305767,0.0,0.2472920506305767
9170,9170,0.7251814094920233,1.0,0.7251814094920233
9171,9171,0.4763938430425648,0.0,0.4763938430425648
9172,9172,0.2678916938449728,1.0,0.2678916938449728
9173,9173,0.13765031996591082,0.0,0.13765031996591082
9174,9174,0.05177949298491802,0.0,0.05177949298491802
9175,9175,0.6964250987939734,1.0,0.6964250987939734
9176,9176,0.3688682202795954,0.0,0.3688682202795954
9177,9177,0.605091963939914,1.0,0.605091963939914
9178,9178,0.41585997074304504,0.0,0.41585997074304504
9179,9179,0.25033470353458,1.0,0.25033470353458
9180,9180,0.11456854730184785,0.0,0.11456854730184785
9181,9181,0.07612648473391215,0.0,0.07612648473391215
9182,9182,0.8509625650792204,1.0,0.8509625650792204
9183,9183,0.04660714256672216,0.0,0.04660714256672216
9184,9184,0.1245224953123859,0.0,0.1245224953123859
9185,9185,0.43728275635498015,1.0,0.43728275635498015
9186,9186,0.8024993333010515,1.0,0.8024993333010515
9187,9187,0.22832299824722635,0.0,0.22832299824722635
9188,9188,0.6005199753466264,0.0,0.6005199753466264
9189,9189,0.5662612035730591,1.0,0.5662612035730591
9190,9190,0.7857755330544051,1.0,0.7857755330544051
9191,9191,0.18142308207458946,1.0,0.18142308207458946
9192,9192,0.7557253281476634,1.0,0.7557253281476634
9193,9193,0.2723638507339249,1.0,0.2723638507339249
9194,9194,0.622992429235058,0.0,0.622992429235058
9195,9195,0.15122969638520412,0.0,0.15122969638520412
9196,9196,0.014766396052466324,0.0,0.014766396052466324
9197,9197,0.8677040725495995,1.0,0.8677040725495995
9198,9198,0.9589440424155304,1.0,0.9589440424155304
9199,9199,0.768910068271447,1.0,0.768910068271447
9200,9200,0.8951770231379782,1.0,0.8951770231379782
9201,9201,0.13249340680747845,1.0,0.13249340680747845
9202,9202,0.18873890800363713,0.0,0.18873890800363713
9203,9203,0.6704379090523437,0.0,0.6704379090523437
9204,9204,0.5540547402600162,0.0,0.5540547402600162
9205,9205,0.7734140657622424,1.0,0.7734140657622424
9206,9206,0.12454369195094273,0.0,0.12454369195094273
9207,9207,0.3035976869384033,0.0,0.3035976869384033
9208,9208,0.9524014519283026,1.0,0.9524014519283026
9209,9209,0.591988592447082,0.0,0.591988592447082
9210,9210,0.3372690056658023,1.0,0.3372690056658023
9211,9211,0.09597746255791484,0.0,0.09597746255791484
9212,9212,0.5000183384321342,1.0,0.5000183384321342
9213,9213,0.08384025290423336,0.0,0.08384025290423336
9214,9214,0.23546295184226018,1.0,0.23546295184226018
9215,9215,0.757740588274353,1.0,0.757740588274353
9216,9216,0.021620191285594115,0.0,0.021620191285594115
9217,9217,0.7296390594006804,1.0,0.7296390594006804
9218,9218,0.004912230983954324,0.0,0.004912230983954324
9219,9219,0.7955460171220343,1.0,0.7955460171220343
9220,9220,0.680407027143193,1.0,0.680407027143193
9221,9221,0.8520197979034856,1.0,0.8520197979034856
9222,9222,0.8314599595997578,1.0,0.8314599595997578
9223,9223,0.776783267270294,1.0,0.776783267270294
9224,9224,0.009540660541552892,0.0,0.009540660541552892
9225,9225,0.21481543155081384,1.0,0.21481543155081384
9226,9226,0.19379709595368877,0.0,0.19379709595368877
9227,9227,0.5729303532737371,0.0,0.5729303532737371
9228,9228,0.5116018288616676,0.0,0.5116018288616676
9229,9229,0.7544562621112788,1.0,0.7544562621112788
9230,9230,0.3535035754968697,0.0,0.3535035754968697
9231,9231,0.15531229912913658,0.0,0.15531229912913658
9232,9232,0.06463776661701026,0.0,0.06463776661701026
9233,9233,0.8542378575171296,1.0,0.8542378575171296
9234,9234,0.7633883774900118,0.0,0.7633883774900118
9235,9235,0.6447235154199136,1.0,0.6447235154199136
9236,9236,0.6900906720021135,0.0,0.6900906720021135
9237,9237,0.02342832357710134,0.0,0.02342832357710134
9238,9238,0.9270262058211987,1.0,0.9270262058211987
9239,9239,0.1363978180961236,0.0,0.1363978180961236
9240,9240,0.10646378898508435,0.0,0.10646378898508435
9241,9241,0.8968027321458919,1.0,0.8968027321458919
9242,9242,0.6625790361982249,1.0,0.6625790361982249
9243,9243,0.5672092122250478,0.0,0.5672092122250478
9244,9244,0.5028451394588542,0.0,0.5028451394588542
9245,9245,0.9275857687931317,1.0,0.9275857687931317
9246,9246,0.26501362689938857,0.0,0.26501362689938857
9247,9247,0.429920678588135,0.0,0.429920678588135
9248,9248,0.6688864359029401,1.0,0.6688864359029401
9249,9249,0.7118247588645041,0.0,0.7118247588645041
9250,9250,0.9774349426217463,1.0,0.9774349426217463
9251,9251,0.728577785343305,1.0,0.728577785343305
9252,9252,0.00879023264786849,0.0,0.00879023264786849
9253,9253,0.8344734141854739,1.0,0.8344734141854739
9254,9254,0.26926291265929225,0.0,0.26926291265929225
9255,9255,0.2837471210322533,0.0,0.2837471210322533
9256,9256,0.6658920874170998,0.0,0.6658920874170998
9257,9257,0.00018581871674194783,0.0,0.00018581871674194783
9258,9258,0.2376291468968461,0.0,0.2376291468968461
9259,9259,0.9082771537837357,1.0,0.9082771537837357
9260,9260,0.6574767870684615,1.0,0.6574767870684615
9261,9261,0.48336553484832556,0.0,0.48336553484832556
9262,9262,0.9782204603894503,1.0,0.9782204603894503
9263,9263,0.29216281045393333,1.0,0.29216281045393333
9264,9264,0.5057160088850339,1.0,0.5057160088850339
9265,9265,0.7192541623139656,0.0,0.7192541623139656
9266,9266,0.00047087991079330926,0.0,0.00047087991079330926
9267,9267,0.9299113997473138,1.0,0.9299113997473138
9268,9268,0.34583850634538393,0.0,0.34583850634538393
9269,9269,0.39851015265905787,0.0,0.39851015265905787
9270,9270,0.4721867720421832,1.0,0.4721867720421832
9271,9271,0.014283207374888418,0.0,0.014283207374888418
9272,9272,0.3815736659432788,0.0,0.3815736659432788
9273,9273,0.04716192554377907,0.0,0.04716192554377907
9274,9274,0.35444318757966786,0.0,0.35444318757966786
9275,9275,0.1827976623886548,0.0,0.1827976623886548
9276,9276,0.8801396163046601,0.0,0.8801396163046601
9277,9277,0.17218046262303166,1.0,0.17218046262303166
9278,9278,0.5620219026003863,1.0,0.5620219026003863
9279,9279,0.19710697753467066,0.0,0.19710697753467066
9280,9280,0.24369911600629757,0.0,0.24369911600629757
9281,9281,0.9838870730681517,1.0,0.9838870730681517
9282,9282,0.4662001684619591,1.0,0.4662001684619591
9283,9283,0.8548288648312709,1.0,0.8548288648312709
9284,9284,0.5987000687196776,1.0,0.5987000687196776
9285,9285,0.5816094205452698,1.0,0.5816094205452698
9286,9286,0.47610199613646953,0.0,0.47610199613646953
9287,9287,0.4586990706600552,1.0,0.4586990706600552
9288,9288,0.8414547939759881,0.0,0.8414547939759881
9289,9289,0.8465608450229052,0.0,0.8465608450229052
9290,9290,0.38779832091091526,1.0,0.38779832091091526
9291,9291,0.08927227517674519,0.0,0.08927227517674519
9292,9292,0.2070297251473745,0.0,0.2070297251473745
9293,9293,0.6159363127115115,1.0,0.6159363127115115
9294,9294,0.47277912519625453,0.0,0.47277912519625453
9295,9295,0.7938611532766172,1.0,0.7938611532766172
9296,9296,0.5405795026675043,0.0,0.5405795026675043
9297,9297,0.7560944281854084,1.0,0.7560944281854084
9298,9298,0.30807740751269164,0.0,0.30807740751269164
9299,9299,0.2298580256408823,0.0,0.2298580256408823
9300,9300,0.6086753292962869,0.0,0.6086753292962869
9301,9301,0.5237851487646648,0.0,0.5237851487646648
9302,9302,0.7390656527802212,1.0,0.7390656527802212
9303,9303,0.6848237873821315,1.0,0.6848237873821315
9304,9304,0.0447336759871354,1.0,0.0447336759871354
9305,9305,0.8992258068285033,0.0,0.8992258068285033
9306,9306,0.8819145321540114,1.0,0.8819145321540114
9307,9307,0.28720073357225284,1.0,0.28720073357225284
9308,9308,0.05956738262657013,0.0,0.05956738262657013
9309,9309,0.15740105816271055,0.0,0.15740105816271055
9310,9310,0.3015382072211841,0.0,0.3015382072211841
9311,9311,0.78743333486467,1.0,0.78743333486467
9312,9312,0.13171629036143417,0.0,0.13171629036143417
9313,9313,0.6591521780466358,0.0,0.6591521780466358
9314,9314,0.018122260806573975,0.0,0.018122260806573975
9315,9315,0.5819336571688488,1.0,0.5819336571688488
9316,9316,0.07260369043244375,0.0,0.07260369043244375
9317,9317,0.46882525068794967,1.0,0.46882525068794967
9318,9318,0.6395548446293461,0.0,0.6395548446293461
9319,9319,0.09427687901151183,0.0,0.09427687901151183
9320,9320,0.37872741280351885,1.0,0.37872741280351885
9321,9321,0.21400358312405066,0.0,0.21400358312405066
9322,9322,0.3080749578593276,0.0,0.3080749578593276
9323,9323,0.1722810195288007,1.0,0.1722810195288007
9324,9324,0.9946271749094283,1.0,0.9946271749094283
9325,9325,0.768239347479646,1.0,0.768239347479646
9326,9326,0.8695696616546877,1.0,0.8695696616546877
9327,9327,0.23171204337884177,0.0,0.23171204337884177
9328,9328,0.6570787081946631,1.0,0.6570787081946631
9329,9329,0.8683469534090389,1.0,0.8683469534090389
9330,9330,0.7921377558837721,1.0,0.7921377558837721
9331,9331,0.6754779325409627,0.0,0.6754779325409627
9332,9332,0.546898661708433,0.0,0.546898661708433
9333,9333,0.36757746142581316,0.0,0.36757746142581316
9334,9334,0.6150088072821203,1.0,0.6150088072821203
9335,9335,0.8264893824108605,1.0,0.8264893824108605
9336,9336,0.8905595980185765,1.0,0.8905595980185765
9337,9337,0.28196358467777194,0.0,0.28196358467777194
9338,9338,0.36511278184586193,0.0,0.36511278184586193
9339,9339,0.8566181875496172,0.0,0.8566181875496172
9340,9340,0.3628631890772366,0.0,0.3628631890772366
9341,9341,0.30826121883005375,0.0,0.30826121883005375
9342,9342,0.6655069760574452,0.0,0.6655069760574452
9343,9343,0.1599388891375213,0.0,0.1599388891375213
9344,9344,0.39913442902105023,0.0,0.39913442902105023
9345,9345,0.24807289451836545,1.0,0.24807289451836545
9346,9346,0.7958528022869649,1.0,0.7958528022869649
9347,9347,0.7677535454267231,1.0,0.7677535454267231
9348,9348,0.15187938459622607,0.0,0.15187938459622607
9349,9349,0.16252366249870842,1.0,0.16252366249870842
9350,9350,0.292534797303431,0.0,0.292534797303431
9351,9351,0.6779268961707862,1.0,0.6779268961707862
9352,9352,0.18485409895580907,0.0,0.18485409895580907
9353,9353,0.46551010455673414,0.0,0.46551010455673414
9354,9354,0.4745619030540904,0.0,0.4745619030540904
9355,9355,0.11676915231569074,0.0,0.11676915231569074
9356,9356,0.6540324950339882,1.0,0.6540324950339882
9357,9357,0.7494762643452388,1.0,0.7494762643452388
9358,9358,0.12175725725402797,0.0,0.12175725725402797
9359,9359,0.4727029229567933,0.0,0.4727029229567933
9360,9360,0.4072886229765147,0.0,0.4072886229765147
9361,9361,0.5193376769730468,1.0,0.5193376769730468
9362,9362,0.7274236949226837,1.0,0.7274236949226837
9363,9363,0.43149921690560644,1.0,0.43149921690560644
9364,9364,0.00411528620684487,0.0,0.00411528620684487
9365,9365,0.8144340826593167,1.0,0.8144340826593167
9366,9366,0.49560415847777106,0.0,0.49560415847777106
9367,9367,0.26728793143935814,0.0,0.26728793143935814
9368,9368,0.7339103888396956,1.0,0.7339103888396956
9369,9369,0.7421604873849879,1.0,0.7421604873849879
9370,9370,0.6247056789681597,0.0,0.6247056789681597
9371,9371,0.17135019714959177,0.0,0.17135019714959177
9372,9372,0.9131976078313045,0.0,0.9131976078313045
9373,9373,0.04520326885686787,0.0,0.04520326885686787
9374,9374,0.2720522649966818,0.0,0.2720522649966818
9375,9375,0.4869884670269321,1.0,0.4869884670269321
9376,9376,0.8753859866835909,1.0,0.8753859866835909
9377,9377,0.5188928364158433,0.0,0.5188928364158433
9378,9378,0.08948141840303758,0.0,0.08948141840303758
9379,9379,0.018042386499336982,0.0,0.018042386499336982
9380,9380,0.6265398174276191,0.0,0.6265398174276191
9381,9381,0.23891883260842728,0.0,0.23891883260842728
9382,9382,0.08100195378451791,0.0,0.08100195378451791
9383,9383,0.9544470653049528,1.0,0.9544470653049528
9384,9384,0.20017274774636773,1.0,0.20017274774636773
9385,9385,0.891731952943236,1.0,0.891731952943236
9386,9386,0.6331713718233251,1.0,0.6331713718233251
9387,9387,0.6551668163458044,0.0,0.6551668163458044
9388,9388,0.23368634652175557,1.0,0.23368634652175557
9389,9389,0.6359238105625145,1.0,0.6359238105625145
9390,9390,0.8282962461267953,1.0,0.8282962461267953
9391,9391,0.24273624234925584,0.0,0.24273624234925584
9392,9392,0.9360069358539718,1.0,0.9360069358539718
9393,9393,0.9758089540277076,1.0,0.9758089540277076
9394,9394,0.5507793117550112,1.0,0.5507793117550112
9395,9395,0.575890834567227,1.0,0.575890834567227
9396,9396,0.9082661096828356,1.0,0.9082661096828356
9397,9397,0.7570654249935601,1.0,0.7570654249935601
9398,9398,0.5182346899970952,0.0,0.5182346899970952
9399,9399,0.6155483300975368,0.0,0.6155483300975368
9400,9400,0.46198484899224357,0.0,0.46198484899224357
9401,9401,0.4776338713235341,1.0,0.4776338713235341
9402,9402,0.8073725316378934,1.0,0.8073725316378934
9403,9403,0.16951896421029977,0.0,0.16951896421029977
9404,9404,0.9591151988830472,1.0,0.9591151988830472
9405,9405,0.5811357195769309,1.0,0.5811357195769309
9406,9406,0.5758979515678828,0.0,0.5758979515678828
9407,9407,0.9173884687386354,1.0,0.9173884687386354
9408,9408,0.2012242180596785,0.0,0.2012242180596785
9409,9409,0.9810706282326073,1.0,0.9810706282326073
9410,9410,0.3291142373303688,0.0,0.3291142373303688
9411,9411,0.3920447467316164,0.0,0.3920447467316164
9412,9412,0.24173600149587748,0.0,0.24173600149587748
9413,9413,0.26377972513806014,0.0,0.26377972513806014
9414,9414,0.12678365597719232,0.0,0.12678365597719232
9415,9415,0.3754442185864343,0.0,0.3754442185864343
9416,9416,0.16619124300585963,0.0,0.16619124300585963
9417,9417,0.7994492595458427,0.0,0.7994492595458427
9418,9418,0.8200399511192568,1.0,0.8200399511192568
9419,9419,0.44294493825269654,1.0,0.44294493825269654
9420,9420,0.3894059341776538,1.0,0.3894059341776538
9421,9421,0.24694783944064824,0.0,0.24694783944064824
9422,9422,0.31180774143828627,1.0,0.31180774143828627
9423,9423,0.7650543582561892,1.0,0.7650543582561892
9424,9424,0.8613628477407314,1.0,0.8613628477407314
9425,9425,0.35688547457083186,1.0,0.35688547457083186
9426,9426,0.7975070033732851,0.0,0.7975070033732851
9427,9427,0.4805937188437721,0.0,0.4805937188437721
9428,9428,0.7196413830890707,0.0,0.7196413830890707
9429,9429,0.23356592888686056,0.0,0.23356592888686056
9430,9430,0.6453956108209289,1.0,0.6453956108209289
9431,9431,0.19872346792359408,0.0,0.19872346792359408
9432,9432,0.004720310944703043,0.0,0.004720310944703043
9433,9433,0.14825215541312542,0.0,0.14825215541312542
9434,9434,0.445079737404666,0.0,0.445079737404666
9435,9435,0.6470653893910464,1.0,0.6470653893910464
9436,9436,0.7687119909157921,1.0,0.7687119909157921
9437,9437,0.5181968141495171,0.0,0.5181968141495171
9438,9438,0.48096307957269724,0.0,0.48096307957269724
9439,9439,0.6343613519646714,1.0,0.6343613519646714
9440,9440,0.08094649146705446,0.0,0.08094649146705446
9441,9441,0.5898007288527735,1.0,0.5898007288527735
9442,9442,0.6251981267826366,1.0,0.6251981267826366
9443,9443,0.6350558762870386,1.0,0.6350558762870386
9444,9444,0.4443741850046987,0.0,0.4443741850046987
9445,9445,0.10779585711231354,0.0,0.10779585711231354
9446,9446,0.4570806942978274,1.0,0.4570806942978274
9447,9447,0.9297504157789684,1.0,0.9297504157789684
9448,9448,0.4036134950866722,1.0,0.4036134950866722
9449,9449,0.6635432899784663,0.0,0.6635432899784663
9450,9450,0.6917462873967501,0.0,0.6917462873967501
9451,9451,0.4559235555492074,0.0,0.4559235555492074
9452,9452,0.4854879209205909,0.0,0.4854879209205909
9453,9453,0.3368770431394259,0.0,0.3368770431394259
9454,9454,0.42012267826690763,0.0,0.42012267826690763
9455,9455,0.3144152268266216,0.0,0.3144152268266216
9456,9456,0.5299596362721999,1.0,0.5299596362721999
9457,9457,0.9281787005082556,1.0,0.9281787005082556
9458,9458,0.43136295820640935,0.0,0.43136295820640935
9459,9459,0.34481876371757225,0.0,0.34481876371757225
9460,9460,0.5037944196908002,0.0,0.5037944196908002
9461,9461,0.19074755476924532,0.0,0.19074755476924532
9462,9462,0.7512392979662026,0.0,0.7512392979662026
9463,9463,0.9717625176412189,1.0,0.9717625176412189
9464,9464,0.8618413689913506,1.0,0.8618413689913506
9465,9465,0.33518502851722487,0.0,0.33518502851722487
9466,9466,0.48283408930004923,0.0,0.48283408930004923
9467,9467,0.05435503347147708,0.0,0.05435503347147708
9468,9468,0.8055974519495902,1.0,0.8055974519495902
9469,9469,0.11925542140150092,0.0,0.11925542140150092
9470,9470,0.7368365432675044,1.0,0.7368365432675044
9471,9471,0.039048015659266966,0.0,0.039048015659266966
9472,9472,0.8788195745975644,1.0,0.8788195745975644
9473,9473,0.9682823645562808,0.0,0.9682823645562808
9474,9474,0.5162884337436998,1.0,0.5162884337436998
9475,9475,0.08218754729839961,0.0,0.08218754729839961
9476,9476,0.6291122020975785,0.0,0.6291122020975785
9477,9477,0.42072049527818034,0.0,0.42072049527818034
9478,9478,0.7515595379016772,0.0,0.7515595379016772
9479,9479,0.10358817045183899,0.0,0.10358817045183899
9480,9480,0.760812838977975,0.0,0.760812838977975
9481,9481,0.17805494043797032,0.0,0.17805494043797032
9482,9482,0.23438363763722714,1.0,0.23438363763722714
9483,9483,0.13080123153851198,0.0,0.13080123153851198
9484,9484,0.8250277682151628,1.0,0.8250277682151628
9485,9485,0.9731858418702584,1.0,0.9731858418702584
9486,9486,0.6582707169869391,1.0,0.6582707169869391
9487,9487,0.9909534148606516,1.0,0.9909534148606516
9488,9488,0.18297111660837495,0.0,0.18297111660837495
9489,9489,0.464044209266114,0.0,0.464044209266114
9490,9490,0.9487109902364648,1.0,0.9487109902364648
9491,9491,0.8100911393003892,0.0,0.8100911393003892
9492,9492,0.7647336422830456,1.0,0.7647336422830456
9493,9493,0.31220579182459085,0.0,0.31220579182459085
9494,9494,0.5727445788228678,0.0,0.5727445788228678
9495,9495,0.13558005153729658,0.0,0.13558005153729658
9496,9496,0.9337636837832155,1.0,0.9337636837832155
9497,9497,0.7292149570669415,1.0,0.7292149570669415
9498,9498,0.9181511622342218,1.0,0.9181511622342218
9499,9499,0.6821999474471855,1.0,0.6821999474471855
9500,9500,0.35914665709214233,0.0,0.35914665709214233
9501,9501,0.8812562475069617,1.0,0.8812562475069617
9502,9502,0.3521417468968375,0.0,0.3521417468968375
9503,9503,0.4398563610740054,1.0,0.4398563610740054
9504,9504,0.6474798944116902,1.0,0.6474798944116902
9505,9505,0.8087332135207839,1.0,0.8087332135207839
9506,9506,0.12544047021568294,0.0,0.12544047021568294
9507,9507,0.5800062789116281,1.0,0.5800062789116281
9508,9508,0.7564894909108665,1.0,0.7564894909108665
9509,9509,0.15747846604172167,0.0,0.15747846604172167
9510,9510,0.5119152663525974,1.0,0.5119152663525974
9511,9511,0.5037185714806136,1.0,0.5037185714806136
9512,9512,0.5085453427506086,0.0,0.5085453427506086
9513,9513,0.9155582873991635,1.0,0.9155582873991635
9514,9514,0.6192872379474162,1.0,0.6192872379474162
9515,9515,0.7385771105384707,1.0,0.7385771105384707
9516,9516,0.14404922493195538,0.0,0.14404922493195538
9517,9517,0.4234252100522663,0.0,0.4234252100522663
9518,9518,0.23155621205865573,0.0,0.23155621205865573
9519,9519,0.46307356865223137,1.0,0.46307356865223137
9520,9520,0.9247987274994497,0.0,0.9247987274994497
9521,9521,0.11351107990973741,0.0,0.11351107990973741
9522,9522,0.7717041526595729,0.0,0.7717041526595729
9523,9523,0.03725371353058449,0.0,0.03725371353058449
9524,9524,0.9957594140245569,1.0,0.9957594140245569
9525,9525,0.379865280327882,0.0,0.379865280327882
9526,9526,0.861838895081522,1.0,0.861838895081522
9527,9527,0.45478140237517417,0.0,0.45478140237517417
9528,9528,0.3011662547276056,0.0,0.3011662547276056
9529,9529,0.6052947073194934,1.0,0.6052947073194934
9530,9530,0.22365103472971948,0.0,0.22365103472971948
9531,9531,0.2687248913191319,0.0,0.2687248913191319
9532,9532,0.5524546963670935,1.0,0.5524546963670935
9533,9533,0.3650223429912234,1.0,0.3650223429912234
9534,9534,0.7681690170961936,1.0,0.7681690170961936
9535,9535,0.20629990677942067,0.0,0.20629990677942067
9536,9536,0.03042255094080759,0.0,0.03042255094080759
9537,9537,0.22504627617500483,0.0,0.22504627617500483
9538,9538,0.8689196424066011,1.0,0.8689196424066011
9539,9539,0.2924564077334053,0.0,0.2924564077334053
9540,9540,0.8869721574236363,1.0,0.8869721574236363
9541,9541,0.135788053769913,0.0,0.135788053769913
9542,9542,0.8657587617962579,1.0,0.8657587617962579
9543,9543,0.9049149474659034,1.0,0.9049149474659034
9544,9544,0.9521276993061295,1.0,0.9521276993061295
9545,9545,0.5872241427853389,0.0,0.5872241427853389
9546,9546,0.17560868649240058,1.0,0.17560868649240058
9547,9547,0.3371736183499442,0.0,0.3371736183499442
9548,9548,0.11951507288045216,0.0,0.11951507288045216
9549,9549,0.9145562856210834,1.0,0.9145562856210834
9550,9550,0.9323111334693821,1.0,0.9323111334693821
9551,9551,0.5560709002826837,1.0,0.5560709002826837
9552,9552,0.0732056215674104,0.0,0.0732056215674104
9553,9553,0.760468865793016,1.0,0.760468865793016
9554,9554,0.7321565767502183,1.0,0.7321565767502183
9555,9555,0.03808275612148326,0.0,0.03808275612148326
9556,9556,0.7682180262176209,1.0,0.7682180262176209
9557,9557,0.7317184855115632,1.0,0.7317184855115632
9558,9558,0.22861489505485233,0.0,0.22861489505485233
9559,9559,0.3825820270709659,1.0,0.3825820270709659
9560,9560,0.5653244250174009,0.0,0.5653244250174009
9561,9561,0.07914490658370799,0.0,0.07914490658370799
9562,9562,0.5688396587776017,1.0,0.5688396587776017
9563,9563,0.21423661787792736,0.0,0.21423661787792736
9564,9564,0.6875219394744524,1.0,0.6875219394744524
9565,9565,0.697140641175487,1.0,0.697140641175487
9566,9566,0.8328406343238115,1.0,0.8328406343238115
9567,9567,0.28326772725280247,1.0,0.28326772725280247
9568,9568,0.8088721992430745,1.0,0.8088721992430745
9569,9569,0.831122705527189,1.0,0.831122705527189
9570,9570,0.5015229556305639,0.0,0.5015229556305639
9571,9571,0.6046408667650846,1.0,0.6046408667650846
9572,9572,0.6675661048389644,0.0,0.6675661048389644
9573,9573,0.8714689894456786,1.0,0.8714689894456786
9574,9574,0.25068108963455493,1.0,0.25068108963455493
9575,9575,0.6861643070829124,1.0,0.6861643070829124
9576,9576,0.47776567158942285,1.0,0.47776567158942285
9577,9577,0.553328327189549,1.0,0.553328327189549
9578,9578,0.8676114219841914,1.0,0.8676114219841914
9579,9579,0.35652450781798595,0.0,0.35652450781798595
9580,9580,0.25078397096805505,0.0,0.25078397096805505
9581,9581,0.9863606254015294,1.0,0.9863606254015294
9582,9582,0.23771831432627188,0.0,0.23771831432627188
9583,9583,0.15881929664751948,0.0,0.15881929664751948
9584,9584,0.529796402212777,0.0,0.529796402212777
9585,9585,0.22977193497631276,0.0,0.22977193497631276
9586,9586,0.5916054882699299,1.0,0.5916054882699299
9587,9587,0.9167275691483683,1.0,0.9167275691483683
9588,9588,0.08324567374783332,0.0,0.08324567374783332
9589,9589,0.7667978598264311,1.0,0.7667978598264311
9590,9590,0.3969646764231456,0.0,0.3969646764231456
9591,9591,0.152787533682606,0.0,0.152787533682606
9592,9592,0.6471808303920938,1.0,0.6471808303920938
9593,9593,0.6977583810748051,1.0,0.6977583810748051
9594,9594,0.8210067196343638,1.0,0.8210067196343638
9595,9595,0.7829803858827031,1.0,0.7829803858827031
9596,9596,0.6264321050604803,0.0,0.6264321050604803
9597,9597,0.8210770373328823,1.0,0.8210770373328823
9598,9598,0.9332269702032128,1.0,0.9332269702032128
9599,9599,0.9506368389984116,1.0,0.9506368389984116
9600,9600,0.2894034007722668,0.0,0.2894034007722668
9601,9601,0.22656532781947447,0.0,0.22656532781947447
9602,9602,0.7806905178507443,1.0,0.7806905178507443
9603,9603,0.396556105127576,0.0,0.396556105127576
9604,9604,0.7884112845954551,1.0,0.7884112845954551
9605,9605,0.988101172355625,1.0,0.988101172355625
9606,9606,0.1870520397901907,1.0,0.1870520397901907
9607,9607,0.5813353099306623,0.0,0.5813353099306623
9608,9608,0.5150400202967524,0.0,0.5150400202967524
9609,9609,0.20678415085914825,0.0,0.20678415085914825
9610,9610,0.4468528460113673,0.0,0.4468528460113673
9611,9611,0.385889838130659,0.0,0.385889838130659
9612,9612,0.6803659766822209,0.0,0.6803659766822209
9613,9613,0.48700349649872177,1.0,0.48700349649872177
9614,9614,0.14254760213539264,0.0,0.14254760213539264
9615,9615,0.877952117334041,1.0,0.877952117334041
9616,9616,0.2742076060113212,1.0,0.2742076060113212
9617,9617,0.5341833182942279,1.0,0.5341833182942279
9618,9618,0.8382001326704,1.0,0.8382001326704
9619,9619,0.4700146310023442,1.0,0.4700146310023442
9620,9620,0.4414510170940781,1.0,0.4414510170940781
9621,9621,0.592856187144095,1.0,0.592856187144095
9622,9622,0.5571179892372068,0.0,0.5571179892372068
9623,9623,0.9009460195968594,0.0,0.9009460195968594
9624,9624,0.16664030013881725,0.0,0.16664030013881725
9625,9625,0.6037456579106647,0.0,0.6037456579106647
9626,9626,0.5000266380513315,0.0,0.5000266380513315
9627,9627,0.2981713339015425,0.0,0.2981713339015425
9628,9628,0.7491030962096176,1.0,0.7491030962096176
9629,9629,0.035508897809990114,0.0,0.035508897809990114
9630,9630,0.6418681808799237,1.0,0.6418681808799237
9631,9631,0.8881973937263473,0.0,0.8881973937263473
9632,9632,0.9681580337891181,1.0,0.9681580337891181
9633,9633,0.9731574063887175,1.0,0.9731574063887175
9634,9634,0.34498829696357347,0.0,0.34498829696357347
9635,9635,0.8480466183260601,1.0,0.8480466183260601
9636,9636,0.32137657965577116,0.0,0.32137657965577116
9637,9637,0.22849756057114223,0.0,0.22849756057114223
9638,9638,0.17129048974083372,0.0,0.17129048974083372
9639,9639,0.5351227871882883,1.0,0.5351227871882883
9640,9640,0.6322742718604701,0.0,0.6322742718604701
9641,9641,0.9874556245605072,1.0,0.9874556245605072
9642,9642,0.3717060566522984,1.0,0.3717060566522984
9643,9643,0.3249154806539726,0.0,0.3249154806539726
9644,9644,0.10875491632471268,0.0,0.10875491632471268
9645,9645,0.8316737400103218,1.0,0.8316737400103218
9646,9646,0.08465388067343782,1.0,0.08465388067343782
9647,9647,0.9734031071676243,1.0,0.9734031071676243
9648,9648,0.7148098412783702,1.0,0.7148098412783702
9649,9649,0.394745185464047,0.0,0.394745185464047
9650,9650,0.7837232191883341,1.0,0.7837232191883341
9651,9651,0.56133415770356,1.0,0.56133415770356
9652,9652,0.1583154022400105,0.0,0.1583154022400105
9653,9653,0.10328683865099142,0.0,0.10328683865099142
9654,9654,0.5397062228030619,0.0,0.5397062228030619
9655,9655,0.0048533458313887445,0.0,0.0048533458313887445
9656,9656,0.2405851741299173,0.0,0.2405851741299173
9657,9657,0.27135030005486993,0.0,0.27135030005486993
9658,9658,0.6671351759267194,1.0,0.6671351759267194
9659,9659,0.6602201990397829,1.0,0.6602201990397829
9660,9660,0.4810639382222459,0.0,0.4810639382222459
9661,9661,0.8355164344713824,1.0,0.8355164344713824
9662,9662,0.06833882861911778,0.0,0.06833882861911778
9663,9663,0.216170711789055,0.0,0.216170711789055
9664,9664,0.691788606595041,1.0,0.691788606595041
9665,9665,0.8669223859258932,1.0,0.8669223859258932
9666,9666,0.4152797156809459,0.0,0.4152797156809459
9667,9667,0.2874790443106585,0.0,0.2874790443106585
9668,9668,0.10170371791844102,0.0,0.10170371791844102
9669,9669,0.21541997431710747,0.0,0.21541997431710747
9670,9670,0.833201136371288,1.0,0.833201136371288
9671,9671,0.2346530605100292,0.0,0.2346530605100292
9672,9672,0.3385600990567309,0.0,0.3385600990567309
9673,9673,0.9471631048839846,1.0,0.9471631048839846
9674,9674,0.002339907731244817,0.0,0.002339907731244817
9675,9675,0.5814840754022959,1.0,0.5814840754022959
9676,9676,0.43225206952277895,1.0,0.43225206952277895
9677,9677,0.7559649416639098,1.0,0.7559649416639098
9678,9678,0.3852436167134574,1.0,0.3852436167134574
9679,9679,0.20880544695469005,0.0,0.20880544695469005
9680,9680,0.4829008203546965,0.0,0.4829008203546965
9681,9681,0.4803455986091677,0.0,0.4803455986091677
9682,9682,0.2592843741864439,0.0,0.2592843741864439
9683,9683,0.3934494325200949,0.0,0.3934494325200949
9684,9684,0.12291604551227031,0.0,0.12291604551227031
9685,9685,0.40848975001896004,0.0,0.40848975001896004
9686,9686,0.11120866490393844,0.0,0.11120866490393844
9687,9687,0.8842954782367208,1.0,0.8842954782367208
9688,9688,0.9174716903325564,1.0,0.9174716903325564
9689,9689,0.7532338388208848,1.0,0.7532338388208848
9690,9690,0.48497217561671313,1.0,0.48497217561671313
9691,9691,0.8582733210720579,1.0,0.8582733210720579
9692,9692,0.3921515161969943,1.0,0.3921515161969943
9693,9693,0.9957193943885008,1.0,0.9957193943885008
9694,9694,0.44868240043692753,1.0,0.44868240043692753
9695,9695,0.590439616499917,0.0,0.590439616499917
9696,9696,0.8630295486880893,1.0,0.8630295486880893
9697,9697,0.09718511005242869,0.0,0.09718511005242869
9698,9698,0.44107688802580847,1.0,0.44107688802580847
9699,9699,0.8837529505636689,1.0,0.8837529505636689
9700,9700,0.3898008703432738,1.0,0.3898008703432738
9701,9701,0.6294354258423849,1.0,0.6294354258423849
9702,9702,0.5624377343176569,1.0,0.5624377343176569
9703,9703,0.3802673447299535,1.0,0.3802673447299535
9704,9704,0.6780267489197588,0.0,0.6780267489197588
9705,9705,0.36927305835084145,0.0,0.36927305835084145
9706,9706,0.16044460507237635,0.0,0.16044460507237635
9707,9707,0.40485280016067227,0.0,0.40485280016067227
9708,9708,0.39378389327056884,0.0,0.39378389327056884
9709,9709,0.9357889543837992,1.0,0.9357889543837992
9710,9710,0.6222480691946951,1.0,0.6222480691946951
9711,9711,0.17972570659868414,0.0,0.17972570659868414
9712,9712,0.6586865611389908,1.0,0.6586865611389908
9713,9713,0.5413339675799733,1.0,0.5413339675799733
9714,9714,0.7084951170346659,1.0,0.7084951170346659
9715,9715,0.8740454322836675,1.0,0.8740454322836675
9716,9716,0.37899115549174955,1.0,0.37899115549174955
9717,9717,0.10663799951949904,0.0,0.10663799951949904
9718,9718,0.025056325478546748,0.0,0.025056325478546748
9719,9719,0.6706428516499151,1.0,0.6706428516499151
9720,9720,0.27084981272454356,0.0,0.27084981272454356
9721,9721,0.3583417978728196,1.0,0.3583417978728196
9722,9722,0.4082925421187944,0.0,0.4082925421187944
9723,9723,0.42301091773215704,1.0,0.42301091773215704
9724,9724,0.15990962399842412,1.0,0.15990962399842412
9725,9725,0.018042289201452788,0.0,0.018042289201452788
9726,9726,0.12286094075499532,1.0,0.12286094075499532
9727,9727,0.930422285486573,1.0,0.930422285486573
9728,9728,0.716668111320364,1.0,0.716668111320364
9729,9729,0.4324677452087705,1.0,0.4324677452087705
9730,9730,0.44279778461032027,1.0,0.44279778461032027
9731,9731,0.022135115983235032,0.0,0.022135115983235032
9732,9732,0.3881800590478103,1.0,0.3881800590478103
9733,9733,0.7641198138193549,1.0,0.7641198138193549
9734,9734,0.18852535492318767,0.0,0.18852535492318767
9735,9735,0.3249225679852997,1.0,0.3249225679852997
9736,9736,0.31998914915134136,1.0,0.31998914915134136
9737,9737,0.6681804005857571,0.0,0.6681804005857571
9738,9738,0.5659972523831002,1.0,0.5659972523831002
9739,9739,0.9105614464291811,1.0,0.9105614464291811
9740,9740,0.9770829010246711,1.0,0.9770829010246711
9741,9741,0.14351234324094075,0.0,0.14351234324094075
9742,9742,0.4846168080252916,1.0,0.4846168080252916
9743,9743,0.34411285710408035,0.0,0.34411285710408035
9744,9744,0.09399200527858609,0.0,0.09399200527858609
9745,9745,0.9650786857162574,1.0,0.9650786857162574
9746,9746,0.7765005360522723,0.0,0.7765005360522723
9747,9747,0.7178041893178329,1.0,0.7178041893178329
9748,9748,0.34152552292529914,0.0,0.34152552292529914
9749,9749,0.031877023469378596,0.0,0.031877023469378596
9750,9750,0.5802172878197736,0.0,0.5802172878197736
9751,9751,0.22062676913368495,1.0,0.22062676913368495
9752,9752,0.6771910618268308,1.0,0.6771910618268308
9753,9753,0.18322756078198055,0.0,0.18322756078198055
9754,9754,0.8091918350395191,1.0,0.8091918350395191
9755,9755,0.1847945808806083,0.0,0.1847945808806083
9756,9756,0.874511471838302,0.0,0.874511471838302
9757,9757,0.8379651128114581,1.0,0.8379651128114581
9758,9758,0.9778231004821052,1.0,0.9778231004821052
9759,9759,0.5016887867732182,0.0,0.5016887867732182
9760,9760,0.4940141698225595,1.0,0.4940141698225595
9761,9761,0.39608354397421863,1.0,0.39608354397421863
9762,9762,0.7870201734179364,1.0,0.7870201734179364
9763,9763,0.181462554267536,0.0,0.181462554267536
9764,9764,0.07810704005574087,0.0,0.07810704005574087
9765,9765,0.9459285256698492,1.0,0.9459285256698492
9766,9766,0.8928441647069145,1.0,0.8928441647069145
9767,9767,0.9654431260770541,1.0,0.9654431260770541
9768,9768,0.7994545667854476,0.0,0.7994545667854476
9769,9769,0.5351788905521655,1.0,0.5351788905521655
9770,9770,0.5905384730236134,1.0,0.5905384730236134
9771,9771,0.5916657606895659,0.0,0.5916657606895659
9772,9772,0.734939269575672,1.0,0.734939269575672
9773,9773,0.35383087938038504,0.0,0.35383087938038504
9774,9774,0.3721774902296794,0.0,0.3721774902296794
9775,9775,0.9774862745383379,1.0,0.9774862745383379
9776,9776,0.009713528441277597,0.0,0.009713528441277597
9777,9777,0.4787178266006624,1.0,0.4787178266006624
9778,9778,0.341935048134996,0.0,0.341935048134996
9779,9779,0.11768016252196134,0.0,0.11768016252196134
9780,9780,0.3157279793069653,1.0,0.3157279793069653
9781,9781,0.03468052331951055,0.0,0.03468052331951055
9782,9782,0.9647254661349637,0.0,0.9647254661349637
9783,9783,0.8030361126943293,1.0,0.8030361126943293
9784,9784,0.9406089418648877,1.0,0.9406089418648877
9785,9785,0.9027240940428223,1.0,0.9027240940428223
9786,9786,0.7022420309083587,1.0,0.7022420309083587
9787,9787,0.08434424514270389,0.0,0.08434424514270389
9788,9788,0.6479710667174026,1.0,0.6479710667174026
9789,9789,0.39434955340164934,0.0,0.39434955340164934
9790,9790,0.07232442981715104,0.0,0.07232442981715104
9791,9791,0.18547639577588715,0.0,0.18547639577588715
9792,9792,0.5707046463191947,1.0,0.5707046463191947
9793,9793,0.3126712192214276,0.0,0.3126712192214276
9794,9794,0.5472442843309848,1.0,0.5472442843309848
9795,9795,0.3331982376360978,0.0,0.3331982376360978
9796,9796,0.01352090504082648,0.0,0.01352090504082648
9797,9797,0.9922817484496438,1.0,0.9922817484496438
9798,9798,0.7946484894987544,1.0,0.7946484894987544
9799,9799,0.2090307045839247,0.0,0.2090307045839247
9800,9800,0.8175884657684125,1.0,0.8175884657684125
9801,9801,0.6039477071199668,1.0,0.6039477071199668
9802,9802,0.3451520350598113,1.0,0.3451520350598113
9803,9803,0.11063365088338906,0.0,0.11063365088338906
9804,9804,0.44943567724079525,0.0,0.44943567724079525
9805,9805,0.04790340347781186,0.0,0.04790340347781186
9806,9806,0.23679340829932083,0.0,0.23679340829932083
9807,9807,0.061227484366953466,0.0,0.061227484366953466
9808,9808,0.04405725896095958,0.0,0.04405725896095958
9809,9809,0.7105651497651458,0.0,0.7105651497651458
9810,9810,0.4857664733079794,0.0,0.4857664733079794
9811,9811,0.43617009026759357,0.0,0.43617009026759357
9812,9812,0.606151895662296,1.0,0.606151895662296
9813,9813,0.5185579654131741,1.0,0.5185579654131741
9814,9814,0.15309993306735448,0.0,0.15309993306735448
9815,9815,0.15010137581933425,0.0,0.15010137581933425
9816,9816,0.593618258076079,0.0,0.593618258076079
9817,9817,0.7746203805530938,1.0,0.7746203805530938
9818,9818,0.8283514786500137,1.0,0.8283514786500137
9819,9819,0.6017099928568641,1.0,0.6017099928568641
9820,9820,0.4285228374366091,1.0,0.4285228374366091
9821,9821,0.0629416185604742,0.0,0.0629416185604742
9822,9822,0.5418176839041831,0.0,0.5418176839041831
9823,9823,0.850965943417178,1.0,0.850965943417178
9824,9824,0.3398221978824344,1.0,0.3398221978824344
9825,9825,0.024132599249205633,0.0,0.024132599249205633
9826,9826,0.06894897202310257,0.0,0.06894897202310257
9827,9827,0.01075341433970356,0.0,0.01075341433970356
9828,9828,0.49566467930373503,0.0,0.49566467930373503
9829,9829,0.7414432236085119,1.0,0.7414432236085119
9830,9830,0.20910143254767288,0.0,0.20910143254767288
9831,9831,0.3260659095992351,1.0,0.3260659095992351
9832,9832,0.873034858206463,1.0,0.873034858206463
9833,9833,0.08796875897091516,1.0,0.08796875897091516
9834,9834,0.4818218341140458,1.0,0.4818218341140458
9835,9835,0.6131830144573635,1.0,0.6131830144573635
9836,9836,0.9360134381960259,1.0,0.9360134381960259
9837,9837,0.3311098622245725,1.0,0.3311098622245725
9838,9838,0.4606009207800953,0.0,0.4606009207800953
9839,9839,0.4556600292544535,1.0,0.4556600292544535
9840,9840,0.40694330330411366,0.0,0.40694330330411366
9841,9841,0.8950779398332844,1.0,0.8950779398332844
9842,9842,0.3566041627063167,0.0,0.3566041627063167
9843,9843,0.757103101432862,0.0,0.757103101432862
9844,9844,0.4600928019192191,0.0,0.4600928019192191
9845,9845,0.5344185978017862,0.0,0.5344185978017862
9846,9846,0.1005877147136871,0.0,0.1005877147136871
9847,9847,0.78527956397934,1.0,0.78527956397934
9848,9848,0.3394887023862617,0.0,0.3394887023862617
9849,9849,0.5506682875958993,0.0,0.5506682875958993
9850,9850,0.31028875575444403,0.0,0.31028875575444403
9851,9851,0.2697938358805727,1.0,0.2697938358805727
9852,9852,0.45627076271636813,0.0,0.45627076271636813
9853,9853,0.21846596151814035,0.0,0.21846596151814035
9854,9854,0.8425903320542905,1.0,0.8425903320542905
9855,9855,0.40292537540566076,1.0,0.40292537540566076
9856,9856,0.17706423825591133,0.0,0.17706423825591133
9857,9857,0.22763143289781118,0.0,0.22763143289781118
9858,9858,0.5272855661827656,0.0,0.5272855661827656
9859,9859,0.17647716413980086,1.0,0.17647716413980086
9860,9860,0.8138602903109735,1.0,0.8138602903109735
9861,9861,0.44338890173264534,0.0,0.44338890173264534
9862,9862,0.4150430074694038,1.0,0.4150430074694038
9863,9863,0.7815680129470935,1.0,0.7815680129470935
9864,9864,0.4421264205290615,0.0,0.4421264205290615
9865,9865,0.2563378906304885,0.0,0.2563378906304885
9866,9866,0.42711205651176376,0.0,0.42711205651176376
9867,9867,0.30259879987510485,0.0,0.30259879987510485
9868,9868,0.7145571221239599,1.0,0.7145571221239599
9869,9869,0.6725175200904229,1.0,0.6725175200904229
9870,9870,0.5046943846141968,0.0,0.5046943846141968
9871,9871,0.5248815923116985,0.0,0.5248815923116985
9872,9872,0.06275276861716095,0.0,0.06275276861716095
9873,9873,0.0019811987730815606,0.0,0.0019811987730815606
9874,9874,0.36210854702121287,0.0,0.36210854702121287
9875,9875,0.2818846172722993,0.0,0.2818846172722993
9876,9876,0.3196633668967781,0.0,0.3196633668967781
9877,9877,0.49383457864537794,0.0,0.49383457864537794
9878,9878,0.6582048905643684,1.0,0.6582048905643684
9879,9879,0.6658422196611092,0.0,0.6658422196611092
9880,9880,0.48802160254415394,0.0,0.48802160254415394
9881,9881,0.5301637850641058,1.0,0.5301637850641058
9882,9882,0.7680477576506155,0.0,0.7680477576506155
9883,9883,0.27782220237659505,1.0,0.27782220237659505
9884,9884,0.538550068808205,1.0,0.538550068808205
9885,9885,0.34675456229315404,1.0,0.34675456229315404
9886,9886,0.12789620884682462,0.0,0.12789620884682462
9887,9887,0.5253842150788276,1.0,0.5253842150788276
9888,9888,0.225022320172243,1.0,0.225022320172243
9889,9889,0.7388837012076828,1.0,0.7388837012076828
9890,9890,0.14862257364531473,0.0,0.14862257364531473
9891,9891,0.7960287506569154,1.0,0.7960287506569154
9892,9892,0.903964299824125,1.0,0.903964299824125
9893,9893,0.36295200423420937,0.0,0.36295200423420937
9894,9894,0.3039110284032772,0.0,0.3039110284032772
9895,9895,0.18959354873234646,0.0,0.18959354873234646
9896,9896,0.6786202714770043,0.0,0.6786202714770043
9897,9897,0.9375988099816209,1.0,0.9375988099816209
9898,9898,0.03703450659066654,0.0,0.03703450659066654
9899,9899,0.4962587258984521,0.0,0.4962587258984521
9900,9900,0.08666238723249264,0.0,0.08666238723249264
9901,9901,0.5140380303917886,1.0,0.5140380303917886
9902,9902,0.10651010368528802,0.0,0.10651010368528802
9903,9903,0.11255061923768983,0.0,0.11255061923768983
9904,9904,0.3208233493600141,0.0,0.3208233493600141
9905,9905,0.7346299147579033,1.0,0.7346299147579033
9906,9906,0.9308454260981623,1.0,0.9308454260981623
9907,9907,0.09139720556896402,0.0,0.09139720556896402
9908,9908,0.2847442039380056,0.0,0.2847442039380056
9909,9909,0.6836947354962013,1.0,0.6836947354962013
9910,9910,0.21721176938554676,1.0,0.21721176938554676
9911,9911,0.17359654787373158,1.0,0.17359654787373158
9912,9912,0.07827817046444885,0.0,0.07827817046444885
9913,9913,0.9889359789542976,1.0,0.9889359789542976
9914,9914,0.0005962754392651037,0.0,0.0005962754392651037
9915,9915,0.5016563474092034,1.0,0.5016563474092034
9916,9916,0.04520822875082087,0.0,0.04520822875082087
9917,9917,0.6843496075142951,0.0,0.6843496075142951
9918,9918,0.9163227574411454,1.0,0.9163227574411454
9919,9919,0.7287486888698933,1.0,0.7287486888698933
9920,9920,0.6343202933650695,0.0,0.6343202933650695
9921,9921,0.43824740467408696,0.0,0.43824740467408696
9922,9922,0.6876277013837214,0.0,0.6876277013837214
9923,9923,0.7270742407506465,1.0,0.7270742407506465
9924,9924,0.11031931564689879,0.0,0.11031931564689879
9925,9925,0.19847168616252353,0.0,0.19847168616252353
9926,9926,0.9003604416461417,1.0,0.9003604416461417
9927,9927,0.36789419988423466,1.0,0.36789419988423466
9928,9928,0.10534852872437106,0.0,0.10534852872437106
9929,9929,0.6639947254313602,1.0,0.6639947254313602
9930,9930,0.07765843200418521,0.0,0.07765843200418521
9931,9931,0.0564780680382706,0.0,0.0564780680382706
9932,9932,0.10801500400510589,0.0,0.10801500400510589
9933,9933,0.8441044597308256,1.0,0.8441044597308256
9934,9934,0.15473998277438572,0.0,0.15473998277438572
9935,9935,0.7050729359688445,0.0,0.7050729359688445
9936,9936,0.22050115324626496,1.0,0.22050115324626496
9937,9937,0.6028319761261959,1.0,0.6028319761261959
9938,9938,0.0020481405432832833,0.0,0.0020481405432832833
9939,9939,0.7014267510508605,1.0,0.7014267510508605
9940,9940,0.710394576596445,0.0,0.710394576596445
9941,9941,0.4591467683292111,1.0,0.4591467683292111
9942,9942,0.8244923417818073,0.0,0.8244923417818073
9943,9943,0.5832322944616442,0.0,0.5832322944616442
9944,9944,0.784270051272085,1.0,0.784270051272085
9945,9945,0.40654619648110224,0.0,0.40654619648110224
9946,9946,0.29246119709118834,0.0,0.29246119709118834
9947,9947,0.2588721170409993,0.0,0.2588721170409993
9948,9948,0.1931831092165851,0.0,0.1931831092165851
9949,9949,0.03201014047347517,0.0,0.03201014047347517
9950,9950,0.5616808262821265,1.0,0.5616808262821265
9951,9951,0.1729295072583653,0.0,0.1729295072583653
9952,9952,0.6812616517324794,0.0,0.6812616517324794
9953,9953,0.4609364800756911,1.0,0.4609364800756911
9954,9954,0.24638758559293894,1.0,0.24638758559293894
9955,9955,0.4959322542132766,1.0,0.4959322542132766
9956,9956,0.01867874599920749,0.0,0.01867874599920749
9957,9957,0.756713238098001,1.0,0.756713238098001
9958,9958,0.3079686796559985,0.0,0.3079686796559985
9959,9959,0.9706640595026325,1.0,0.9706640595026325
9960,9960,0.014838326584970085,0.0,0.014838326584970085
9961,9961,0.2940887423397496,0.0,0.2940887423397496
9962,9962,0.9599621511316443,1.0,0.9599621511316443
9963,9963,0.29864688418640006,0.0,0.29864688418640006
9964,9964,0.4624661308675875,1.0,0.4624661308675875
9965,9965,0.8727436839038878,1.0,0.8727436839038878
9966,9966,0.1390555952054301,0.0,0.1390555952054301
9967,9967,0.7918661938339483,1.0,0.7918661938339483
9968,9968,0.6383206116723683,1.0,0.6383206116723683
9969,9969,0.7878984176857435,1.0,0.7878984176857435
9970,9970,0.8204358236254782,1.0,0.8204358236254782
9971,9971,0.38541646787010475,0.0,0.38541646787010475
9972,9972,0.21009840653264278,0.0,0.21009840653264278
9973,9973,0.06567588150849668,0.0,0.06567588150849668
9974,9974,0.5532348424343536,0.0,0.5532348424343536
9975,9975,0.451867690710296,1.0,0.451867690710296
9976,9976,0.8643636753448624,1.0,0.8643636753448624
9977,9977,0.6417861133274182,1.0,0.6417861133274182
9978,9978,0.673372372893812,1.0,0.673372372893812
9979,9979,0.08596702358970909,0.0,0.08596702358970909
9980,9980,0.5764158141621736,0.0,0.5764158141621736
9981,9981,0.7579324314114807,1.0,0.7579324314114807
9982,9982,0.10964211576568028,0.0,0.10964211576568028
9983,9983,0.9160007371681206,1.0,0.9160007371681206
9984,9984,0.8388830792731251,0.0,0.8388830792731251
9985,9985,0.12761746165089172,1.0,0.12761746165089172
9986,9986,0.10909160692181996,0.0,0.10909160692181996
9987,9987,0.16085273815581957,0.0,0.16085273815581957
9988,9988,0.5290963057018134,1.0,0.5290963057018134
9989,9989,0.22630287622714362,0.0,0.22630287622714362
9990,9990,0.3963768089216705,0.0,0.3963768089216705
9991,9991,0.7560870405889836,1.0,0.7560870405889836
9992,9992,0.633847969701095,1.0,0.633847969701095
9993,9993,0.8394903230230281,1.0,0.8394903230230281
9994,9994,0.0017954511516413696,0.0,0.0017954511516413696
9995,9995,0.967170050698453,1.0,0.967170050698453
9996,9996,0.6950722557290491,0.0,0.6950722557290491
9997,9997,0.6672171298415502,1.0,0.6672171298415502
9998,9998,0.06846289726169708,0.0,0.06846289726169708
9999,9999,0.2515576587757128,0.0,4.723678734249078
