,time,p,input,discounted_p
0,0,0.983508820714357,1.0,4.556458283392258
1,1,0.07005366273200142,0.0,0.07005366273200142
2,2,0.047201833065909415,0.0,0.047201833065909415
3,3,0.15111671525562653,0.0,0.15111671525562653
4,4,0.2914204348893169,0.0,0.2914204348893169
5,5,0.6998218562337932,1.0,0.6998218562337932
6,6,0.1901731029603685,1.0,0.1901731029603685
7,7,0.6179720265921097,0.0,0.6179720265921097
8,8,0.322682251539672,1.0,0.322682251539672
9,9,0.7571644127668495,0.0,0.7571644127668495
10,10,0.4200186668539386,1.0,0.4200186668539386
11,11,0.4932546948871155,1.0,0.4932546948871155
12,12,0.5781859951552842,0.0,0.5781859951552842
13,13,0.9045746187894043,1.0,0.9045746187894043
14,14,0.4812204739665289,0.0,0.4812204739665289
15,15,0.16072297379996958,1.0,0.16072297379996958
16,16,0.6385689748672289,1.0,0.6385689748672289
17,17,0.5649154777492773,1.0,0.5649154777492773
18,18,0.6877725006022479,0.0,0.6877725006022479
19,19,0.6037377044527954,0.0,0.6037377044527954
20,20,0.5645174785432401,1.0,0.5645174785432401
21,21,0.46037056958465383,0.0,0.46037056958465383
22,22,0.9818572377788849,1.0,0.9818572377788849
23,23,0.4138720536117567,0.0,0.4138720536117567
24,24,0.7623211556120887,1.0,0.7623211556120887
25,25,0.5153018782639982,0.0,0.5153018782639982
26,26,0.8099793771160662,0.0,0.8099793771160662
27,27,0.5229651394167814,1.0,0.5229651394167814
28,28,0.25439397472290937,1.0,0.25439397472290937
29,29,0.30821826332143676,1.0,0.30821826332143676
30,30,0.605770410837181,1.0,0.605770410837181
31,31,0.7232629945977292,1.0,0.7232629945977292
32,32,0.3036412444069656,1.0,0.3036412444069656
33,33,0.5002173565182376,0.0,0.5002173565182376
34,34,0.7202461486841338,0.0,0.7202461486841338
35,35,0.2584167035070426,0.0,0.2584167035070426
36,36,0.8581156753856394,1.0,0.8581156753856394
37,37,0.3882028218727652,0.0,0.3882028218727652
38,38,0.5251373359923395,1.0,0.5251373359923395
39,39,0.45231391894789075,0.0,0.45231391894789075
40,40,0.6448899557372838,0.0,0.6448899557372838
41,41,0.8966349909467071,1.0,0.8966349909467071
42,42,0.8572682493500062,1.0,0.8572682493500062
43,43,0.7326442775746644,0.0,0.7326442775746644
44,44,0.31374948321234153,1.0,0.31374948321234153
45,45,0.3618621243283192,0.0,0.3618621243283192
46,46,0.16318541932307307,1.0,0.16318541932307307
47,47,0.5239308589058972,1.0,0.5239308589058972
48,48,0.4809008535851975,0.0,0.4809008535851975
49,49,0.5193474255212319,1.0,0.5193474255212319
50,50,0.5109704751280504,0.0,0.5109704751280504
51,51,0.7065230106694458,1.0,0.7065230106694458
52,52,0.6287107901640221,1.0,0.6287107901640221
53,53,0.7407189035507032,1.0,0.7407189035507032
54,54,0.0049463280990589276,0.0,0.0049463280990589276
55,55,0.491487188475378,0.0,0.491487188475378
56,56,0.23919365143814386,0.0,0.23919365143814386
57,57,0.5012151879216411,1.0,0.5012151879216411
58,58,0.2032668297411413,0.0,0.2032668297411413
59,59,0.543919515729593,0.0,0.543919515729593
60,60,0.8003364299568955,1.0,0.8003364299568955
61,61,0.5434481522637195,1.0,0.5434481522637195
62,62,0.9232553006021361,1.0,0.9232553006021361
63,63,0.1367088426221722,0.0,0.1367088426221722
64,64,0.7447513914031629,1.0,0.7447513914031629
65,65,0.1927935337569131,0.0,0.1927935337569131
66,66,0.700170296011326,1.0,0.700170296011326
67,67,0.36938507250231123,0.0,0.36938507250231123
68,68,0.3300745059808601,0.0,0.3300745059808601
69,69,0.7835783942622696,0.0,0.7835783942622696
70,70,0.9250646135122462,1.0,0.9250646135122462
71,71,0.1870744539360203,0.0,0.1870744539360203
72,72,0.9230865577308128,1.0,0.9230865577308128
73,73,0.12433895595626498,0.0,0.12433895595626498
74,74,0.15712320932228763,0.0,0.15712320932228763
75,75,0.002465538688391389,0.0,0.002465538688391389
76,76,0.2593985205243158,0.0,0.2593985205243158
77,77,0.1863643573176561,0.0,0.1863643573176561
78,78,0.4049711263797071,0.0,0.4049711263797071
79,79,0.08394539902380405,0.0,0.08394539902380405
80,80,0.9985660396890538,1.0,0.9985660396890538
81,81,0.45304246632082545,0.0,0.45304246632082545
82,82,0.2802007246127949,0.0,0.2802007246127949
83,83,0.2554874959383794,1.0,0.2554874959383794
84,84,0.8807864260431373,1.0,0.8807864260431373
85,85,0.3389433628753362,1.0,0.3389433628753362
86,86,0.8755740121528345,1.0,0.8755740121528345
87,87,0.7946397148686277,0.0,0.7946397148686277
88,88,0.7020188831893227,1.0,0.7020188831893227
89,89,0.022590356808786627,0.0,0.022590356808786627
90,90,0.351496956901992,1.0,0.351496956901992
91,91,0.5082076427809173,1.0,0.5082076427809173
92,92,0.7433376744721613,1.0,0.7433376744721613
93,93,0.17158580891574926,0.0,0.17158580891574926
94,94,0.5231861934705188,1.0,0.5231861934705188
95,95,0.190098036957282,0.0,0.190098036957282
96,96,0.6272724429039502,1.0,0.6272724429039502
97,97,0.9867393075826458,1.0,0.9867393075826458
98,98,0.3348893084567478,0.0,0.3348893084567478
99,99,0.8160192129157912,1.0,0.8160192129157912
100,100,0.5816006069577914,0.0,0.5816006069577914
101,101,0.8823271632158047,1.0,0.8823271632158047
102,102,0.31160226269530034,0.0,0.31160226269530034
103,103,0.4785002518958962,1.0,0.4785002518958962
104,104,0.8156301148628269,1.0,0.8156301148628269
105,105,0.8715629706321566,1.0,0.8715629706321566
106,106,0.8088598246777812,0.0,0.8088598246777812
107,107,0.3440611174218948,0.0,0.3440611174218948
108,108,0.5881890811648174,1.0,0.5881890811648174
109,109,0.9575440616498365,1.0,0.9575440616498365
110,110,0.9892358282098495,1.0,0.9892358282098495
111,111,0.6255016612259203,1.0,0.6255016612259203
112,112,0.06253249694891816,0.0,0.06253249694891816
113,113,0.3416137210590293,1.0,0.3416137210590293
114,114,0.7023291986576793,1.0,0.7023291986576793
115,115,0.2593443291285703,0.0,0.2593443291285703
116,116,0.43697306545198555,0.0,0.43697306545198555
117,117,0.19849199903521908,0.0,0.19849199903521908
118,118,0.8294755920224753,1.0,0.8294755920224753
119,119,0.5231494859632233,0.0,0.5231494859632233
120,120,0.19892572794905328,0.0,0.19892572794905328
121,121,0.28560046290724894,0.0,0.28560046290724894
122,122,0.41561513040725206,1.0,0.41561513040725206
123,123,0.5810601994239301,1.0,0.5810601994239301
124,124,0.3618294322155341,1.0,0.3618294322155341
125,125,0.846431971514486,1.0,0.846431971514486
126,126,0.4463947338325348,1.0,0.4463947338325348
127,127,0.3843724622807909,0.0,0.3843724622807909
128,128,0.32175899667995056,0.0,0.32175899667995056
129,129,0.3395333603720101,1.0,0.3395333603720101
130,130,0.9165442182518587,1.0,0.9165442182518587
131,131,0.2609651108918487,0.0,0.2609651108918487
132,132,0.3384383793191601,0.0,0.3384383793191601
133,133,0.7472001928915042,1.0,0.7472001928915042
134,134,0.6850342988491139,0.0,0.6850342988491139
135,135,0.20155847160575913,0.0,0.20155847160575913
136,136,0.6380226990971358,1.0,0.6380226990971358
137,137,0.05779087598382604,0.0,0.05779087598382604
138,138,0.7425039595878629,1.0,0.7425039595878629
139,139,0.5546921442409336,1.0,0.5546921442409336
140,140,0.0990166307866478,0.0,0.0990166307866478
141,141,0.7876896996023983,1.0,0.7876896996023983
142,142,0.055114565433457274,0.0,0.055114565433457274
143,143,0.44836145077341083,1.0,0.44836145077341083
144,144,0.9264423533574937,1.0,0.9264423533574937
145,145,0.09277637778116843,0.0,0.09277637778116843
146,146,0.4905614057859653,1.0,0.4905614057859653
147,147,0.7447653966223639,0.0,0.7447653966223639
148,148,0.5664364600044145,0.0,0.5664364600044145
149,149,0.6995575748744258,1.0,0.6995575748744258
150,150,0.222185044306644,1.0,0.222185044306644
151,151,0.40782160732237216,1.0,0.40782160732237216
152,152,0.19728175443899254,0.0,0.19728175443899254
153,153,0.7485600101354749,0.0,0.7485600101354749
154,154,0.10578973886580867,0.0,0.10578973886580867
155,155,0.359400375945077,0.0,0.359400375945077
156,156,0.42062538282553996,0.0,0.42062538282553996
157,157,0.8107934092554485,1.0,0.8107934092554485
158,158,0.8063290736605203,1.0,0.8063290736605203
159,159,0.7698320121413623,0.0,0.7698320121413623
160,160,0.3478143977136837,0.0,0.3478143977136837
161,161,0.9323331069258877,1.0,0.9323331069258877
162,162,0.30910978764537067,0.0,0.30910978764537067
163,163,0.3257496532823312,0.0,0.3257496532823312
164,164,0.2755210207336922,0.0,0.2755210207336922
165,165,0.4192333488474098,0.0,0.4192333488474098
166,166,0.4562589738770989,0.0,0.4562589738770989
167,167,0.06742762980577055,0.0,0.06742762980577055
168,168,0.9401071417508029,1.0,0.9401071417508029
169,169,0.6978210206536232,0.0,0.6978210206536232
170,170,0.5882088498877591,0.0,0.5882088498877591
171,171,0.23539195723210948,1.0,0.23539195723210948
172,172,0.3846036064558709,1.0,0.3846036064558709
173,173,0.6391439547783098,1.0,0.6391439547783098
174,174,0.9615854391788521,1.0,0.9615854391788521
175,175,0.7227542851244546,0.0,0.7227542851244546
176,176,0.07602752402782376,0.0,0.07602752402782376
177,177,0.5429286516613188,1.0,0.5429286516613188
178,178,0.1823797573106667,0.0,0.1823797573106667
179,179,0.284018750177518,0.0,0.284018750177518
180,180,0.4312132733448092,0.0,0.4312132733448092
181,181,0.18496481535952192,0.0,0.18496481535952192
182,182,0.9015585131399857,1.0,0.9015585131399857
183,183,0.05120414201405721,0.0,0.05120414201405721
184,184,0.5442621015747536,1.0,0.5442621015747536
185,185,0.5080415363053754,0.0,0.5080415363053754
186,186,0.4297108347956988,1.0,0.4297108347956988
187,187,0.38320897216180994,0.0,0.38320897216180994
188,188,0.09642377197283325,0.0,0.09642377197283325
189,189,0.31591959761101795,0.0,0.31591959761101795
190,190,0.6779525817530017,1.0,0.6779525817530017
191,191,0.8423285987623069,1.0,0.8423285987623069
192,192,0.3232876468112643,0.0,0.3232876468112643
193,193,0.2837124629914124,1.0,0.2837124629914124
194,194,0.7398501391838899,0.0,0.7398501391838899
195,195,0.9024376522106007,1.0,0.9024376522106007
196,196,0.2536851359283816,0.0,0.2536851359283816
197,197,0.29889178463283095,0.0,0.29889178463283095
198,198,0.45293490895723443,1.0,0.45293490895723443
199,199,0.18350925112025596,0.0,0.18350925112025596
200,200,0.6888178538462365,1.0,0.6888178538462365
201,201,0.422041793977452,1.0,0.422041793977452
202,202,0.41039834966915545,0.0,0.41039834966915545
203,203,0.06154015025464876,0.0,0.06154015025464876
204,204,0.7944031751768798,1.0,0.7944031751768798
205,205,0.7775326807539196,1.0,0.7775326807539196
206,206,0.5439925887631726,1.0,0.5439925887631726
207,207,0.33198045316535907,1.0,0.33198045316535907
208,208,0.12293183141207353,0.0,0.12293183141207353
209,209,0.10326970997544438,0.0,0.10326970997544438
210,210,0.8124721684532409,1.0,0.8124721684532409
211,211,0.24848286046452406,1.0,0.24848286046452406
212,212,0.1023364619500281,0.0,0.1023364619500281
213,213,0.7536515236124792,1.0,0.7536515236124792
214,214,0.8609250683666618,1.0,0.8609250683666618
215,215,0.05949890162051219,0.0,0.05949890162051219
216,216,0.8253929355601866,1.0,0.8253929355601866
217,217,0.017337406335857897,0.0,0.017337406335857897
218,218,0.4215095774819768,0.0,0.4215095774819768
219,219,0.5964909052747586,1.0,0.5964909052747586
220,220,0.44684191720181254,1.0,0.44684191720181254
221,221,0.8316047258127851,1.0,0.8316047258127851
222,222,0.4505969983872169,1.0,0.4505969983872169
223,223,0.0826199545805194,1.0,0.0826199545805194
224,224,0.9113676815939749,1.0,0.9113676815939749
225,225,0.22568491891060705,0.0,0.22568491891060705
226,226,0.8252304625468071,1.0,0.8252304625468071
227,227,0.13763748672695597,0.0,0.13763748672695597
228,228,0.1284038857284574,0.0,0.1284038857284574
229,229,0.7812666664475882,1.0,0.7812666664475882
230,230,0.88438760620396,1.0,0.88438760620396
231,231,0.17187854339582764,0.0,0.17187854339582764
232,232,0.42057459346982207,1.0,0.42057459346982207
233,233,0.8657501241482137,1.0,0.8657501241482137
234,234,0.3738260781957379,0.0,0.3738260781957379
235,235,0.9184751804413008,1.0,0.9184751804413008
236,236,0.9298328873251667,1.0,0.9298328873251667
237,237,0.8178783578150716,1.0,0.8178783578150716
238,238,0.8324089906007485,1.0,0.8324089906007485
239,239,0.7753997542131509,1.0,0.7753997542131509
240,240,0.1333575070893419,0.0,0.1333575070893419
241,241,0.33747430282713353,0.0,0.33747430282713353
242,242,0.2749305702400099,0.0,0.2749305702400099
243,243,0.8893591144496438,1.0,0.8893591144496438
244,244,0.6411277286015723,0.0,0.6411277286015723
245,245,0.5957891073614678,1.0,0.5957891073614678
246,246,0.5728685687576525,1.0,0.5728685687576525
247,247,0.6812043682228854,1.0,0.6812043682228854
248,248,0.48153008489787086,0.0,0.48153008489787086
249,249,0.8755980297288875,1.0,0.8755980297288875
250,250,0.8696696832151198,1.0,0.8696696832151198
251,251,0.962367165941404,1.0,0.962367165941404
252,252,0.5121005782937287,0.0,0.5121005782937287
253,253,0.036161799672859485,0.0,0.036161799672859485
254,254,0.9149362703645045,1.0,0.9149362703645045
255,255,0.3581640873754949,0.0,0.3581640873754949
256,256,0.32773487566422765,0.0,0.32773487566422765
257,257,0.2972518824378435,1.0,0.2972518824378435
258,258,0.7361773283986802,1.0,0.7361773283986802
259,259,0.4641850964338333,0.0,0.4641850964338333
260,260,0.7606727219850813,1.0,0.7606727219850813
261,261,0.15477601524021267,0.0,0.15477601524021267
262,262,0.28066354481556877,1.0,0.28066354481556877
263,263,0.1795644658626825,1.0,0.1795644658626825
264,264,0.7961486197282459,1.0,0.7961486197282459
265,265,0.8663910697543012,1.0,0.8663910697543012
266,266,0.04387467875716222,0.0,0.04387467875716222
267,267,0.07960494532429563,0.0,0.07960494532429563
268,268,0.1442413492897111,0.0,0.1442413492897111
269,269,0.09761724836831798,1.0,0.09761724836831798
270,270,0.2295160130646806,0.0,0.2295160130646806
271,271,0.2853804865961226,0.0,0.2853804865961226
272,272,0.26930789870403726,0.0,0.26930789870403726
273,273,0.6384979927893137,0.0,0.6384979927893137
274,274,0.9664432074119571,1.0,0.9664432074119571
275,275,0.039871922246423,1.0,0.039871922246423
276,276,0.582190336532878,1.0,0.582190336532878
277,277,0.2724587838408986,0.0,0.2724587838408986
278,278,0.2661573417868265,1.0,0.2661573417868265
279,279,0.3597129210957217,1.0,0.3597129210957217
280,280,0.19996138536479868,1.0,0.19996138536479868
281,281,0.13300983307690073,0.0,0.13300983307690073
282,282,0.9845340939716953,1.0,0.9845340939716953
283,283,0.5727094034563739,0.0,0.5727094034563739
284,284,0.49354078319030037,0.0,0.49354078319030037
285,285,0.18024733321635777,1.0,0.18024733321635777
286,286,0.14556565892413809,0.0,0.14556565892413809
287,287,0.8334531382587362,1.0,0.8334531382587362
288,288,0.29955122515658217,0.0,0.29955122515658217
289,289,0.6153155770057354,0.0,0.6153155770057354
290,290,0.025978033007996726,0.0,0.025978033007996726
291,291,0.2840424371071052,0.0,0.2840424371071052
292,292,0.993218947490796,1.0,0.993218947490796
293,293,0.13560298108202262,0.0,0.13560298108202262
294,294,0.7478340790971942,1.0,0.7478340790971942
295,295,0.49284450569420923,1.0,0.49284450569420923
296,296,0.4413464233368988,1.0,0.4413464233368988
297,297,0.06692615765239074,0.0,0.06692615765239074
298,298,0.015304412290375713,0.0,0.015304412290375713
299,299,0.23374726285484027,0.0,0.23374726285484027
300,300,0.6827872555372956,1.0,0.6827872555372956
301,301,0.3467343034905275,0.0,0.3467343034905275
302,302,0.787807910283866,1.0,0.787807910283866
303,303,0.03567681779828469,0.0,0.03567681779828469
304,304,0.5988915195867035,1.0,0.5988915195867035
305,305,0.9145651170079736,1.0,0.9145651170079736
306,306,0.4343705894467337,0.0,0.4343705894467337
307,307,0.9681655189879291,1.0,0.9681655189879291
308,308,0.03850243627371275,0.0,0.03850243627371275
309,309,0.09212280518059313,0.0,0.09212280518059313
310,310,0.6900257434905828,1.0,0.6900257434905828
311,311,0.8191398627934288,1.0,0.8191398627934288
312,312,0.7094870523066595,1.0,0.7094870523066595
313,313,0.8609738710065538,1.0,0.8609738710065538
314,314,0.20088111824812793,0.0,0.20088111824812793
315,315,0.6619119784583626,0.0,0.6619119784583626
316,316,0.11806205514670087,0.0,0.11806205514670087
317,317,0.8189384099485053,1.0,0.8189384099485053
318,318,0.450011284372698,0.0,0.450011284372698
319,319,0.04750387688886448,1.0,0.04750387688886448
320,320,0.7755455599304354,0.0,0.7755455599304354
321,321,0.6936245461243163,0.0,0.6936245461243163
322,322,0.886922182390837,0.0,0.886922182390837
323,323,0.7108211112428386,1.0,0.7108211112428386
324,324,0.3567596512509329,1.0,0.3567596512509329
325,325,0.6652281979442324,1.0,0.6652281979442324
326,326,0.7650471581226228,1.0,0.7650471581226228
327,327,0.8771270279413574,1.0,0.8771270279413574
328,328,0.15141889816712883,0.0,0.15141889816712883
329,329,0.5366551787882757,1.0,0.5366551787882757
330,330,0.4872799357184925,0.0,0.4872799357184925
331,331,0.8848159045575981,1.0,0.8848159045575981
332,332,0.0418491920336278,0.0,0.0418491920336278
333,333,0.5187976721985359,0.0,0.5187976721985359
334,334,0.07894787970737793,0.0,0.07894787970737793
335,335,0.5560876310818407,1.0,0.5560876310818407
336,336,0.9439361084104306,1.0,0.9439361084104306
337,337,0.9069161015417092,1.0,0.9069161015417092
338,338,0.9474947503723872,1.0,0.9474947503723872
339,339,0.23658936460365887,0.0,0.23658936460365887
340,340,0.4616912589144123,1.0,0.4616912589144123
341,341,0.8876626798349284,1.0,0.8876626798349284
342,342,0.5002545500889922,1.0,0.5002545500889922
343,343,0.493782170316552,0.0,0.493782170316552
344,344,0.8371542548336631,1.0,0.8371542548336631
345,345,0.7409863474493601,1.0,0.7409863474493601
346,346,0.3708786539364679,0.0,0.3708786539364679
347,347,0.43522369835771446,0.0,0.43522369835771446
348,348,0.6841146140822951,1.0,0.6841146140822951
349,349,0.059221290679423166,0.0,0.059221290679423166
350,350,0.8370368983572083,1.0,0.8370368983572083
351,351,0.6972458665824952,0.0,0.6972458665824952
352,352,0.6077813752762562,0.0,0.6077813752762562
353,353,0.05458182337971795,0.0,0.05458182337971795
354,354,0.2908278914617257,0.0,0.2908278914617257
355,355,0.7267257688381765,1.0,0.7267257688381765
356,356,0.8101261088447983,0.0,0.8101261088447983
357,357,0.06147596760103324,0.0,0.06147596760103324
358,358,0.8010118747604161,1.0,0.8010118747604161
359,359,0.5374745964418757,0.0,0.5374745964418757
360,360,0.056490476908331866,0.0,0.056490476908331866
361,361,0.02326107572091385,0.0,0.02326107572091385
362,362,0.5467946565626639,1.0,0.5467946565626639
363,363,0.29358126808186047,1.0,0.29358126808186047
364,364,0.6269170734990496,1.0,0.6269170734990496
365,365,0.3231421261177815,0.0,0.3231421261177815
366,366,0.1332016297315438,0.0,0.1332016297315438
367,367,0.558435029068087,0.0,0.558435029068087
368,368,0.4509075463363619,0.0,0.4509075463363619
369,369,0.9314669450294204,1.0,0.9314669450294204
370,370,0.9973405751388831,1.0,0.9973405751388831
371,371,0.031757783956400165,0.0,0.031757783956400165
372,372,0.013083030506907956,0.0,0.013083030506907956
373,373,0.6771922297398763,1.0,0.6771922297398763
374,374,0.377673405265345,0.0,0.377673405265345
375,375,0.8793176507294351,1.0,0.8793176507294351
376,376,0.48164325233686234,0.0,0.48164325233686234
377,377,0.7897522580955817,1.0,0.7897522580955817
378,378,0.3423575860410092,0.0,0.3423575860410092
379,379,0.17691035745813843,0.0,0.17691035745813843
380,380,0.24368879842011515,0.0,0.24368879842011515
381,381,0.6482966235983212,1.0,0.6482966235983212
382,382,0.05548889630504539,0.0,0.05548889630504539
383,383,0.35690905034681075,1.0,0.35690905034681075
384,384,0.6395976449167208,0.0,0.6395976449167208
385,385,0.9429263611052147,1.0,0.9429263611052147
386,386,0.5135733052900698,0.0,0.5135733052900698
387,387,0.6827623185228127,1.0,0.6827623185228127
388,388,0.9534704076486589,1.0,0.9534704076486589
389,389,0.7936328034086458,1.0,0.7936328034086458
390,390,0.18293162965617626,0.0,0.18293162965617626
391,391,0.7454201439590177,0.0,0.7454201439590177
392,392,0.43860916184200305,0.0,0.43860916184200305
393,393,0.11690174736259873,0.0,0.11690174736259873
394,394,0.9814799031800329,1.0,0.9814799031800329
395,395,0.4811735895958388,0.0,0.4811735895958388
396,396,0.3777349229035939,1.0,0.3777349229035939
397,397,0.25475943977668525,0.0,0.25475943977668525
398,398,0.2504338499009232,0.0,0.2504338499009232
399,399,0.07387792315443342,0.0,0.07387792315443342
400,400,0.017648142828381563,0.0,0.017648142828381563
401,401,0.7905373957526329,1.0,0.7905373957526329
402,402,0.8373509013425919,1.0,0.8373509013425919
403,403,0.46514875531475475,0.0,0.46514875531475475
404,404,0.29182996390239313,0.0,0.29182996390239313
405,405,0.17898403868039758,1.0,0.17898403868039758
406,406,0.7375378730422016,1.0,0.7375378730422016
407,407,0.014216068210306632,0.0,0.014216068210306632
408,408,0.3714089436533705,0.0,0.3714089436533705
409,409,0.40122163452540893,0.0,0.40122163452540893
410,410,0.9549121977868068,1.0,0.9549121977868068
411,411,0.3461133910303752,0.0,0.3461133910303752
412,412,0.7073988767982757,1.0,0.7073988767982757
413,413,0.013564045232118516,0.0,0.013564045232118516
414,414,0.30116873542979206,0.0,0.30116873542979206
415,415,0.7351330858764961,1.0,0.7351330858764961
416,416,0.4955507056453501,0.0,0.4955507056453501
417,417,0.2191755903054553,0.0,0.2191755903054553
418,418,0.05763809637156814,0.0,0.05763809637156814
419,419,0.010249788678468597,0.0,0.010249788678468597
420,420,0.022319402617734463,0.0,0.022319402617734463
421,421,0.4827467874752024,1.0,0.4827467874752024
422,422,0.431190670832706,1.0,0.431190670832706
423,423,0.9371684135158233,0.0,0.9371684135158233
424,424,0.34772306488926163,0.0,0.34772306488926163
425,425,0.5324919032764831,0.0,0.5324919032764831
426,426,0.6006449930375183,0.0,0.6006449930375183
427,427,0.9532513907621664,1.0,0.9532513907621664
428,428,0.4111745424590768,0.0,0.4111745424590768
429,429,0.6838699013785617,1.0,0.6838699013785617
430,430,0.2696817506525452,0.0,0.2696817506525452
431,431,0.4135003636588904,0.0,0.4135003636588904
432,432,0.7718115048856322,1.0,0.7718115048856322
433,433,0.4991735924562205,1.0,0.4991735924562205
434,434,0.06346536047121754,0.0,0.06346536047121754
435,435,0.6645621063621706,1.0,0.6645621063621706
436,436,0.023574014971699864,0.0,0.023574014971699864
437,437,0.2254987928839467,1.0,0.2254987928839467
438,438,0.4592311161550465,0.0,0.4592311161550465
439,439,0.35588583417145203,0.0,0.35588583417145203
440,440,0.34120835165274255,0.0,0.34120835165274255
441,441,0.37881478999691176,0.0,0.37881478999691176
442,442,0.5528003470202679,0.0,0.5528003470202679
443,443,0.3999145302836056,0.0,0.3999145302836056
444,444,0.8670011456979045,1.0,0.8670011456979045
445,445,0.4703661332581731,1.0,0.4703661332581731
446,446,0.9985071212742382,1.0,0.9985071212742382
447,447,0.6509422252012487,0.0,0.6509422252012487
448,448,0.3507035833378791,0.0,0.3507035833378791
449,449,0.9220797376476513,1.0,0.9220797376476513
450,450,0.803222428956159,1.0,0.803222428956159
451,451,0.14000319898041325,0.0,0.14000319898041325
452,452,0.38144051647296273,1.0,0.38144051647296273
453,453,0.48614959518586354,0.0,0.48614959518586354
454,454,0.006384496269643325,0.0,0.006384496269643325
455,455,0.5738503710672259,0.0,0.5738503710672259
456,456,0.8641287598253122,1.0,0.8641287598253122
457,457,0.618951671741322,0.0,0.618951671741322
458,458,0.7087985965787504,1.0,0.7087985965787504
459,459,0.9520658215383324,1.0,0.9520658215383324
460,460,0.8166017184088192,1.0,0.8166017184088192
461,461,0.4891792540822604,0.0,0.4891792540822604
462,462,0.24883788931857143,0.0,0.24883788931857143
463,463,0.06473566651423268,1.0,0.06473566651423268
464,464,0.7455414302265934,0.0,0.7455414302265934
465,465,0.22118264931367693,0.0,0.22118264931367693
466,466,0.8154855571407623,0.0,0.8154855571407623
467,467,0.6687226776385944,1.0,0.6687226776385944
468,468,0.24302350481024304,0.0,0.24302350481024304
469,469,0.4473062792964103,1.0,0.4473062792964103
470,470,0.9404877783688571,1.0,0.9404877783688571
471,471,0.426869746473334,1.0,0.426869746473334
472,472,0.5074568307417604,1.0,0.5074568307417604
473,473,0.6311017240023662,1.0,0.6311017240023662
474,474,0.4397302761208143,1.0,0.4397302761208143
475,475,0.4702033840409525,0.0,0.4702033840409525
476,476,0.15139081436254043,0.0,0.15139081436254043
477,477,0.25554729764695927,0.0,0.25554729764695927
478,478,0.7068621535936734,1.0,0.7068621535936734
479,479,0.3120734998700275,0.0,0.3120734998700275
480,480,0.08388101656038749,0.0,0.08388101656038749
481,481,0.5518897088374506,1.0,0.5518897088374506
482,482,0.5125202456820779,1.0,0.5125202456820779
483,483,0.4538719035106854,0.0,0.4538719035106854
484,484,0.062449857439025536,0.0,0.062449857439025536
485,485,0.623646516700124,1.0,0.623646516700124
486,486,0.8528248319772538,0.0,0.8528248319772538
487,487,0.024036012858430378,0.0,0.024036012858430378
488,488,0.20898137817966778,1.0,0.20898137817966778
489,489,0.5365059930291043,1.0,0.5365059930291043
490,490,0.16528324490670654,0.0,0.16528324490670654
491,491,0.7992383220288138,1.0,0.7992383220288138
492,492,0.40269736830050296,0.0,0.40269736830050296
493,493,0.5216602961942408,0.0,0.5216602961942408
494,494,0.9838680635031252,1.0,0.9838680635031252
495,495,0.09128169602311265,0.0,0.09128169602311265
496,496,0.2955364893234218,0.0,0.2955364893234218
497,497,0.40246384514629685,0.0,0.40246384514629685
498,498,0.9062651898163652,1.0,0.9062651898163652
499,499,0.6144562479181789,0.0,0.6144562479181789
500,500,0.040503520537399695,0.0,0.040503520537399695
501,501,0.7975577195405432,1.0,0.7975577195405432
502,502,0.35684510811439774,0.0,0.35684510811439774
503,503,0.4131456699826572,0.0,0.4131456699826572
504,504,0.8017593565266797,0.0,0.8017593565266797
505,505,0.8035722166498095,1.0,0.8035722166498095
506,506,0.765152542254383,1.0,0.765152542254383
507,507,0.3453828015779129,1.0,0.3453828015779129
508,508,0.12721221341095557,0.0,0.12721221341095557
509,509,0.8740348959881172,0.0,0.8740348959881172
510,510,0.9630692185689532,1.0,0.9630692185689532
511,511,0.3865715379931626,0.0,0.3865715379931626
512,512,0.19429957754351002,0.0,0.19429957754351002
513,513,0.312780076183384,0.0,0.312780076183384
514,514,0.8887271652353663,1.0,0.8887271652353663
515,515,0.47046717841498953,1.0,0.47046717841498953
516,516,0.20176882307601518,0.0,0.20176882307601518
517,517,0.42222285740441556,1.0,0.42222285740441556
518,518,0.5759999101129516,1.0,0.5759999101129516
519,519,0.4032451654680893,0.0,0.4032451654680893
520,520,0.4745888790240492,1.0,0.4745888790240492
521,521,0.335983978813052,0.0,0.335983978813052
522,522,0.47093406479058664,1.0,0.47093406479058664
523,523,0.576018652830217,0.0,0.576018652830217
524,524,0.3877409558550966,0.0,0.3877409558550966
525,525,0.10243956867930082,0.0,0.10243956867930082
526,526,0.32295672143162735,0.0,0.32295672143162735
527,527,0.6367052293680077,1.0,0.6367052293680077
528,528,0.5576628893234429,1.0,0.5576628893234429
529,529,0.32481922388225415,0.0,0.32481922388225415
530,530,0.5310187482206901,1.0,0.5310187482206901
531,531,0.036887710878935165,0.0,0.036887710878935165
532,532,0.5468234132578271,0.0,0.5468234132578271
533,533,0.9422841389975083,1.0,0.9422841389975083
534,534,0.04098826766912078,1.0,0.04098826766912078
535,535,0.8820880310163296,1.0,0.8820880310163296
536,536,0.5036876534563038,1.0,0.5036876534563038
537,537,0.9937870107024901,1.0,0.9937870107024901
538,538,0.029539666174943413,0.0,0.029539666174943413
539,539,0.73836833895518,0.0,0.73836833895518
540,540,0.6408984851193185,1.0,0.6408984851193185
541,541,0.7717615870810557,1.0,0.7717615870810557
542,542,0.1468456243112779,0.0,0.1468456243112779
543,543,0.10863276183876436,0.0,0.10863276183876436
544,544,0.8462596934761267,0.0,0.8462596934761267
545,545,0.8438827225623003,0.0,0.8438827225623003
546,546,0.915624320622211,0.0,0.915624320622211
547,547,0.3778476737437376,0.0,0.3778476737437376
548,548,0.6484625774981834,1.0,0.6484625774981834
549,549,0.40645746687495143,1.0,0.40645746687495143
550,550,0.17011573686089876,0.0,0.17011573686089876
551,551,0.8958283514116736,0.0,0.8958283514116736
552,552,0.9496845057547101,1.0,0.9496845057547101
553,553,0.901721183612383,1.0,0.901721183612383
554,554,0.976802512182044,1.0,0.976802512182044
555,555,0.9734533817511027,1.0,0.9734533817511027
556,556,0.9304532574526784,1.0,0.9304532574526784
557,557,0.8651723039521573,1.0,0.8651723039521573
558,558,0.01265106367545743,0.0,0.01265106367545743
559,559,0.06713473622597377,0.0,0.06713473622597377
560,560,0.9567464059899835,1.0,0.9567464059899835
561,561,0.18225552837784853,0.0,0.18225552837784853
562,562,0.9570523636415407,1.0,0.9570523636415407
563,563,0.34750160706531263,0.0,0.34750160706531263
564,564,0.20102809984397185,0.0,0.20102809984397185
565,565,0.3846901336752566,1.0,0.3846901336752566
566,566,0.7449134301633835,1.0,0.7449134301633835
567,567,0.6940591281120818,1.0,0.6940591281120818
568,568,0.07323873151666804,0.0,0.07323873151666804
569,569,0.1548974856413622,0.0,0.1548974856413622
570,570,0.12784752091243223,0.0,0.12784752091243223
571,571,0.7065441714349826,1.0,0.7065441714349826
572,572,0.48459527733302943,0.0,0.48459527733302943
573,573,0.3270865863190082,0.0,0.3270865863190082
574,574,0.2581969131839448,0.0,0.2581969131839448
575,575,0.5236331788054454,0.0,0.5236331788054454
576,576,0.7749466935689854,1.0,0.7749466935689854
577,577,0.31066992280292416,1.0,0.31066992280292416
578,578,0.03173476342974724,0.0,0.03173476342974724
579,579,0.1980170459968722,0.0,0.1980170459968722
580,580,0.18373575478535265,0.0,0.18373575478535265
581,581,0.08336072282041196,0.0,0.08336072282041196
582,582,0.24240264190271243,0.0,0.24240264190271243
583,583,0.10052147003765222,1.0,0.10052147003765222
584,584,0.6997228529453277,1.0,0.6997228529453277
585,585,0.8123214257746231,1.0,0.8123214257746231
586,586,0.06374308998805989,0.0,0.06374308998805989
587,587,0.7372192327346248,1.0,0.7372192327346248
588,588,0.904309078827892,0.0,0.904309078827892
589,589,0.3179991932308047,0.0,0.3179991932308047
590,590,0.8838454818478407,1.0,0.8838454818478407
591,591,0.7145179067520728,0.0,0.7145179067520728
592,592,0.6750418897897466,1.0,0.6750418897897466
593,593,0.2904804040623198,0.0,0.2904804040623198
594,594,0.008954981317792265,0.0,0.008954981317792265
595,595,0.7633166164642423,1.0,0.7633166164642423
596,596,0.37155128959291894,0.0,0.37155128959291894
597,597,0.6564644610915514,1.0,0.6564644610915514
598,598,0.2912498012932131,0.0,0.2912498012932131
599,599,0.5186620106669185,0.0,0.5186620106669185
600,600,0.777769605624362,1.0,0.777769605624362
601,601,0.6674092590440462,0.0,0.6674092590440462
602,602,0.9963324605694169,1.0,0.9963324605694169
603,603,0.016235164333957774,0.0,0.016235164333957774
604,604,0.04484037562120968,0.0,0.04484037562120968
605,605,0.3945498169673879,1.0,0.3945498169673879
606,606,0.42869318086048225,1.0,0.42869318086048225
607,607,0.3923216399973415,1.0,0.3923216399973415
608,608,0.1875043250680294,1.0,0.1875043250680294
609,609,0.5414736280623303,0.0,0.5414736280623303
610,610,0.6038187855882448,1.0,0.6038187855882448
611,611,0.1124818367379482,0.0,0.1124818367379482
612,612,0.5983189100367552,0.0,0.5983189100367552
613,613,0.6900918677484241,1.0,0.6900918677484241
614,614,0.8741049807611766,1.0,0.8741049807611766
615,615,0.7287397737253845,1.0,0.7287397737253845
616,616,0.6844674116643603,1.0,0.6844674116643603
617,617,0.2673500419720912,0.0,0.2673500419720912
618,618,0.8888877552495085,1.0,0.8888877552495085
619,619,0.3453945214552646,0.0,0.3453945214552646
620,620,0.712825221776129,1.0,0.712825221776129
621,621,0.9837318257028898,1.0,0.9837318257028898
622,622,0.2477748065393761,1.0,0.2477748065393761
623,623,0.6934890595991291,1.0,0.6934890595991291
624,624,0.999158865830846,1.0,0.999158865830846
625,625,0.6522789548408818,1.0,0.6522789548408818
626,626,0.23680215907727564,1.0,0.23680215907727564
627,627,0.4517641431924655,0.0,0.4517641431924655
628,628,0.5259624227445558,0.0,0.5259624227445558
629,629,0.3364228787306841,0.0,0.3364228787306841
630,630,0.5114251215982434,1.0,0.5114251215982434
631,631,0.5379794497657026,0.0,0.5379794497657026
632,632,0.17178714843153908,0.0,0.17178714843153908
633,633,0.7076400357020358,0.0,0.7076400357020358
634,634,0.402218481733577,1.0,0.402218481733577
635,635,0.31462963537803446,0.0,0.31462963537803446
636,636,0.0008529739774439937,0.0,0.0008529739774439937
637,637,0.684050867056836,0.0,0.684050867056836
638,638,0.11542624361844667,0.0,0.11542624361844667
639,639,0.9484340325343683,1.0,0.9484340325343683
640,640,0.40121374418739286,0.0,0.40121374418739286
641,641,0.6924839711546359,1.0,0.6924839711546359
642,642,0.25003699430552884,0.0,0.25003699430552884
643,643,0.7822622156365272,1.0,0.7822622156365272
644,644,0.638964582736952,1.0,0.638964582736952
645,645,0.6053972865258989,1.0,0.6053972865258989
646,646,0.5848054358497529,0.0,0.5848054358497529
647,647,0.8360646951559441,1.0,0.8360646951559441
648,648,0.715108504370426,1.0,0.715108504370426
649,649,0.25490792572952325,1.0,0.25490792572952325
650,650,0.2856533205905234,0.0,0.2856533205905234
651,651,0.7875408615053348,1.0,0.7875408615053348
652,652,0.5654129001921909,1.0,0.5654129001921909
653,653,0.723258404178386,0.0,0.723258404178386
654,654,0.960693640968826,1.0,0.960693640968826
655,655,0.04103198343320036,0.0,0.04103198343320036
656,656,0.5810716461251453,0.0,0.5810716461251453
657,657,0.6071422542392674,1.0,0.6071422542392674
658,658,0.10139611024385342,0.0,0.10139611024385342
659,659,0.48764189340159403,1.0,0.48764189340159403
660,660,0.890239520100772,1.0,0.890239520100772
661,661,0.9009682094572816,0.0,0.9009682094572816
662,662,0.20020688595773695,1.0,0.20020688595773695
663,663,0.017543118734287932,0.0,0.017543118734287932
664,664,0.43596498070753953,0.0,0.43596498070753953
665,665,0.5827782195801504,1.0,0.5827782195801504
666,666,0.11215060030775459,0.0,0.11215060030775459
667,667,0.17862356969443172,1.0,0.17862356969443172
668,668,0.7514501858502338,1.0,0.7514501858502338
669,669,0.12963696896299182,0.0,0.12963696896299182
670,670,0.009780254987661885,0.0,0.009780254987661885
671,671,0.534548579354451,0.0,0.534548579354451
672,672,0.7296054664317093,1.0,0.7296054664317093
673,673,0.8277969612331753,1.0,0.8277969612331753
674,674,0.2381001698449987,1.0,0.2381001698449987
675,675,0.22366832271168935,0.0,0.22366832271168935
676,676,0.9965361987904384,1.0,0.9965361987904384
677,677,0.1491710754394623,0.0,0.1491710754394623
678,678,0.06694505970013509,0.0,0.06694505970013509
679,679,0.3473119001660425,0.0,0.3473119001660425
680,680,0.2288732321692567,0.0,0.2288732321692567
681,681,0.7004265970167409,0.0,0.7004265970167409
682,682,0.2596902156285451,0.0,0.2596902156285451
683,683,0.22755314799672222,0.0,0.22755314799672222
684,684,0.7125513031867837,1.0,0.7125513031867837
685,685,0.3325131463479353,0.0,0.3325131463479353
686,686,0.95635455121266,0.0,0.95635455121266
687,687,0.7631474663032582,1.0,0.7631474663032582
688,688,0.16985220229176967,0.0,0.16985220229176967
689,689,0.4613656981415757,1.0,0.4613656981415757
690,690,0.7633734197056257,1.0,0.7633734197056257
691,691,0.9112403600788199,1.0,0.9112403600788199
692,692,0.05095308659705511,0.0,0.05095308659705511
693,693,0.08937573547403843,0.0,0.08937573547403843
694,694,0.17112444866365928,0.0,0.17112444866365928
695,695,0.9498641981359183,1.0,0.9498641981359183
696,696,0.5420355380191176,0.0,0.5420355380191176
697,697,0.1955446969203496,0.0,0.1955446969203496
698,698,0.11261166329762062,0.0,0.11261166329762062
699,699,0.5375880353573897,1.0,0.5375880353573897
700,700,0.8460648182020315,1.0,0.8460648182020315
701,701,0.2918124758341629,0.0,0.2918124758341629
702,702,0.6601063319213453,1.0,0.6601063319213453
703,703,0.43894090325095336,0.0,0.43894090325095336
704,704,0.8997254817614266,1.0,0.8997254817614266
705,705,0.739813953478799,1.0,0.739813953478799
706,706,0.2294018040330299,0.0,0.2294018040330299
707,707,0.7269342187249406,0.0,0.7269342187249406
708,708,0.3515783370200287,1.0,0.3515783370200287
709,709,0.9903438854749327,1.0,0.9903438854749327
710,710,0.653583001495742,0.0,0.653583001495742
711,711,0.25853864993216635,0.0,0.25853864993216635
712,712,0.6093237187658228,1.0,0.6093237187658228
713,713,0.46171022351277924,1.0,0.46171022351277924
714,714,0.9598253417975208,1.0,0.9598253417975208
715,715,0.7690154197757532,1.0,0.7690154197757532
716,716,0.7056886072283562,1.0,0.7056886072283562
717,717,0.452554675286035,0.0,0.452554675286035
718,718,0.640754221025514,1.0,0.640754221025514
719,719,0.8853686821136693,1.0,0.8853686821136693
720,720,0.3488415113231841,0.0,0.3488415113231841
721,721,0.3031589390357957,0.0,0.3031589390357957
722,722,0.8140392362699,0.0,0.8140392362699
723,723,0.45084110741252215,0.0,0.45084110741252215
724,724,0.5474758210643113,0.0,0.5474758210643113
725,725,0.06776793472503695,0.0,0.06776793472503695
726,726,0.7101422759704827,0.0,0.7101422759704827
727,727,0.5121073973254817,1.0,0.5121073973254817
728,728,0.9808146310720243,1.0,0.9808146310720243
729,729,0.4582957962496089,1.0,0.4582957962496089
730,730,0.9700449731882387,1.0,0.9700449731882387
731,731,0.11666470222557146,0.0,0.11666470222557146
732,732,0.8031444007465514,1.0,0.8031444007465514
733,733,0.20328868487514984,0.0,0.20328868487514984
734,734,0.34210867235660947,1.0,0.34210867235660947
735,735,0.7031017892278467,1.0,0.7031017892278467
736,736,0.5422254177982228,0.0,0.5422254177982228
737,737,0.3737161348836785,0.0,0.3737161348836785
738,738,0.4053208880402446,1.0,0.4053208880402446
739,739,0.32618707206671593,0.0,0.32618707206671593
740,740,0.48506587965603587,0.0,0.48506587965603587
741,741,0.7750473121419057,1.0,0.7750473121419057
742,742,0.19774686653468754,1.0,0.19774686653468754
743,743,0.9145940606775788,1.0,0.9145940606775788
744,744,0.03184669062221768,0.0,0.03184669062221768
745,745,0.20073391704575438,0.0,0.20073391704575438
746,746,0.444457201450966,1.0,0.444457201450966
747,747,0.29911544149110203,0.0,0.29911544149110203
748,748,0.21507044518087148,1.0,0.21507044518087148
749,749,0.868954237489206,1.0,0.868954237489206
750,750,0.07273412058117601,0.0,0.07273412058117601
751,751,0.13569421143725235,0.0,0.13569421143725235
752,752,0.8204133825273755,1.0,0.8204133825273755
753,753,0.513745305525361,1.0,0.513745305525361
754,754,0.493897781409932,1.0,0.493897781409932
755,755,0.6812130332707123,1.0,0.6812130332707123
756,756,0.2542787825528374,0.0,0.2542787825528374
757,757,0.20287807504834499,0.0,0.20287807504834499
758,758,0.9704233512129,1.0,0.9704233512129
759,759,0.5200100688136936,1.0,0.5200100688136936
760,760,0.9210747934778969,1.0,0.9210747934778969
761,761,0.8375275717912141,1.0,0.8375275717912141
762,762,0.4283734328817821,0.0,0.4283734328817821
763,763,0.013564482172206183,0.0,0.013564482172206183
764,764,0.8757438682674763,1.0,0.8757438682674763
765,765,0.7592784439437295,1.0,0.7592784439437295
766,766,0.8111189146307161,1.0,0.8111189146307161
767,767,0.5093767796862189,1.0,0.5093767796862189
768,768,0.8583999225363156,1.0,0.8583999225363156
769,769,0.4880650508787926,0.0,0.4880650508787926
770,770,0.969575549952996,1.0,0.969575549952996
771,771,0.43060375644315985,1.0,0.43060375644315985
772,772,0.0041980978264086755,0.0,0.0041980978264086755
773,773,0.20926759053372368,0.0,0.20926759053372368
774,774,0.04208034738646771,0.0,0.04208034738646771
775,775,0.6613881734064362,1.0,0.6613881734064362
776,776,0.6004500086202537,0.0,0.6004500086202537
777,777,0.07514788299481745,1.0,0.07514788299481745
778,778,0.5624898975206815,1.0,0.5624898975206815
779,779,0.8410850155396139,1.0,0.8410850155396139
780,780,0.9496276237587097,1.0,0.9496276237587097
781,781,0.08213283183264053,0.0,0.08213283183264053
782,782,0.8402227202304081,1.0,0.8402227202304081
783,783,0.7745910468918772,1.0,0.7745910468918772
784,784,0.9460579289202247,1.0,0.9460579289202247
785,785,0.948548702333015,1.0,0.948548702333015
786,786,0.09698032782374277,0.0,0.09698032782374277
787,787,0.07445269450310199,0.0,0.07445269450310199
788,788,0.7420992939644593,1.0,0.7420992939644593
789,789,0.7218873609444771,1.0,0.7218873609444771
790,790,0.8308467774786963,0.0,0.8308467774786963
791,791,0.42507716184743816,1.0,0.42507716184743816
792,792,0.8630139020859734,1.0,0.8630139020859734
793,793,0.5059787389830003,0.0,0.5059787389830003
794,794,0.3222846203674382,0.0,0.3222846203674382
795,795,0.43157122779365964,1.0,0.43157122779365964
796,796,0.7473248531926829,0.0,0.7473248531926829
797,797,0.7868007709478761,1.0,0.7868007709478761
798,798,0.2667743760017467,0.0,0.2667743760017467
799,799,0.5999369351655248,0.0,0.5999369351655248
800,800,0.3658689848996639,0.0,0.3658689848996639
801,801,0.546045202660802,1.0,0.546045202660802
802,802,0.8493116177191633,1.0,0.8493116177191633
803,803,0.09202520252748314,0.0,0.09202520252748314
804,804,0.2520898275769028,0.0,0.2520898275769028
805,805,0.526539105489978,1.0,0.526539105489978
806,806,0.47005712957628853,0.0,0.47005712957628853
807,807,0.44375530766649185,1.0,0.44375530766649185
808,808,0.24615139038205602,0.0,0.24615139038205602
809,809,0.6845186155212446,0.0,0.6845186155212446
810,810,0.953847354420467,1.0,0.953847354420467
811,811,0.33061840271634035,0.0,0.33061840271634035
812,812,0.04439035736741892,0.0,0.04439035736741892
813,813,0.353611071064028,0.0,0.353611071064028
814,814,0.224838423540344,1.0,0.224838423540344
815,815,0.6782970144969898,1.0,0.6782970144969898
816,816,0.377021017947767,1.0,0.377021017947767
817,817,0.5297640104683311,0.0,0.5297640104683311
818,818,0.12608187303824747,0.0,0.12608187303824747
819,819,0.4190065383162439,1.0,0.4190065383162439
820,820,0.7861989414233854,1.0,0.7861989414233854
821,821,0.8336490899496195,1.0,0.8336490899496195
822,822,0.482814210697439,0.0,0.482814210697439
823,823,0.09207338321753578,0.0,0.09207338321753578
824,824,0.8212509956268835,1.0,0.8212509956268835
825,825,0.9185459310208398,1.0,0.9185459310208398
826,826,0.8954345709889605,1.0,0.8954345709889605
827,827,0.8060343561603859,1.0,0.8060343561603859
828,828,0.5173773687496157,0.0,0.5173773687496157
829,829,0.9049928493060743,1.0,0.9049928493060743
830,830,0.11858616836582869,0.0,0.11858616836582869
831,831,0.8103269317810488,0.0,0.8103269317810488
832,832,0.9680296097737904,1.0,0.9680296097737904
833,833,0.5743162840293968,0.0,0.5743162840293968
834,834,0.4028274135847866,0.0,0.4028274135847866
835,835,0.9287167748299675,1.0,0.9287167748299675
836,836,0.44985050670276816,0.0,0.44985050670276816
837,837,0.9677831892978016,1.0,0.9677831892978016
838,838,0.6794556544381336,1.0,0.6794556544381336
839,839,0.04473000380381109,0.0,0.04473000380381109
840,840,0.2272528358415573,0.0,0.2272528358415573
841,841,0.6325021234305186,1.0,0.6325021234305186
842,842,0.32763563307698207,0.0,0.32763563307698207
843,843,0.048669535940027764,0.0,0.048669535940027764
844,844,0.5955602089221695,0.0,0.5955602089221695
845,845,0.11535509879301775,0.0,0.11535509879301775
846,846,0.7511117438263513,1.0,0.7511117438263513
847,847,0.9105846647879713,1.0,0.9105846647879713
848,848,0.7316907552145996,1.0,0.7316907552145996
849,849,0.4416206735453948,0.0,0.4416206735453948
850,850,0.5013844611416047,1.0,0.5013844611416047
851,851,0.36982800219339573,1.0,0.36982800219339573
852,852,0.21142881022410298,0.0,0.21142881022410298
853,853,0.0659480954242938,0.0,0.0659480954242938
854,854,0.7591226846024861,0.0,0.7591226846024861
855,855,0.7284334500628714,0.0,0.7284334500628714
856,856,0.4544633879817863,0.0,0.4544633879817863
857,857,0.13357524583795377,0.0,0.13357524583795377
858,858,0.03541301693025345,0.0,0.03541301693025345
859,859,0.5258588947122709,0.0,0.5258588947122709
860,860,0.18301144831932814,0.0,0.18301144831932814
861,861,0.9046986678216647,1.0,0.9046986678216647
862,862,0.944473696302023,1.0,0.944473696302023
863,863,0.02724037985204608,0.0,0.02724037985204608
864,864,0.19649271945438784,1.0,0.19649271945438784
865,865,0.30552461462807534,1.0,0.30552461462807534
866,866,0.27381681846199835,0.0,0.27381681846199835
867,867,0.2815304242951123,0.0,0.2815304242951123
868,868,0.17447577518580482,0.0,0.17447577518580482
869,869,0.7362936593944299,0.0,0.7362936593944299
870,870,0.8023922819859239,1.0,0.8023922819859239
871,871,0.6467458769853704,1.0,0.6467458769853704
872,872,0.5656923814042175,0.0,0.5656923814042175
873,873,0.060929898263147986,0.0,0.060929898263147986
874,874,0.4976501969681053,0.0,0.4976501969681053
875,875,0.12675368241320406,0.0,0.12675368241320406
876,876,0.5562829395709386,1.0,0.5562829395709386
877,877,0.26635023826600057,0.0,0.26635023826600057
878,878,0.3726752883750013,1.0,0.3726752883750013
879,879,0.6575544428912399,1.0,0.6575544428912399
880,880,0.049594587944530644,0.0,0.049594587944530644
881,881,0.024111243153686512,0.0,0.024111243153686512
882,882,0.3640390139008761,0.0,0.3640390139008761
883,883,0.9053639635057741,1.0,0.9053639635057741
884,884,0.8382760608277922,1.0,0.8382760608277922
885,885,0.4772781775260754,0.0,0.4772781775260754
886,886,0.36275862997094144,0.0,0.36275862997094144
887,887,0.7386259404514722,0.0,0.7386259404514722
888,888,0.0802672512540783,0.0,0.0802672512540783
889,889,0.5374853515950062,1.0,0.5374853515950062
890,890,0.059814734737808406,0.0,0.059814734737808406
891,891,0.8916497195518751,1.0,0.8916497195518751
892,892,0.07476493953299124,0.0,0.07476493953299124
893,893,0.8115276482832361,1.0,0.8115276482832361
894,894,0.9423998361520207,1.0,0.9423998361520207
895,895,0.2145417568571062,0.0,0.2145417568571062
896,896,0.655130532247051,0.0,0.655130532247051
897,897,0.3282630034101618,0.0,0.3282630034101618
898,898,0.7297427513600294,0.0,0.7297427513600294
899,899,0.0023059575793098475,0.0,0.0023059575793098475
900,900,0.3228242112656481,0.0,0.3228242112656481
901,901,0.10800886074264782,0.0,0.10800886074264782
902,902,0.6399321806428857,1.0,0.6399321806428857
903,903,0.8422947165634425,0.0,0.8422947165634425
904,904,0.2565578864569732,0.0,0.2565578864569732
905,905,0.7639772490090894,1.0,0.7639772490090894
906,906,0.10235769103603043,0.0,0.10235769103603043
907,907,0.3106404350063874,0.0,0.3106404350063874
908,908,0.4172498683354463,0.0,0.4172498683354463
909,909,0.3217731597546474,1.0,0.3217731597546474
910,910,0.5789605314620865,1.0,0.5789605314620865
911,911,0.5261501029952829,0.0,0.5261501029952829
912,912,0.4854703517137935,1.0,0.4854703517137935
913,913,0.6319608590107785,1.0,0.6319608590107785
914,914,0.14654278731160997,0.0,0.14654278731160997
915,915,0.8617943767852424,1.0,0.8617943767852424
916,916,0.1080901913105834,0.0,0.1080901913105834
917,917,0.2676822359034777,0.0,0.2676822359034777
918,918,0.7737619871345167,1.0,0.7737619871345167
919,919,0.22887424723979266,1.0,0.22887424723979266
920,920,0.5874442523473383,1.0,0.5874442523473383
921,921,0.01844621615703823,0.0,0.01844621615703823
922,922,0.1904719038612397,0.0,0.1904719038612397
923,923,0.27663020186057885,0.0,0.27663020186057885
924,924,0.017755892162700238,0.0,0.017755892162700238
925,925,0.9131431696252948,1.0,0.9131431696252948
926,926,0.4958036326852656,0.0,0.4958036326852656
927,927,0.9342707638242697,1.0,0.9342707638242697
928,928,0.1708277404217282,0.0,0.1708277404217282
929,929,0.12578663635429566,0.0,0.12578663635429566
930,930,0.6591809160260402,1.0,0.6591809160260402
931,931,0.9631523077591502,1.0,0.9631523077591502
932,932,0.36828888983452013,1.0,0.36828888983452013
933,933,0.2811889176591238,0.0,0.2811889176591238
934,934,0.6681051978877652,0.0,0.6681051978877652
935,935,0.4871087211591699,0.0,0.4871087211591699
936,936,0.42717114437878756,1.0,0.42717114437878756
937,937,0.40075116379292086,0.0,0.40075116379292086
938,938,0.9444223771601442,1.0,0.9444223771601442
939,939,0.16538923620217383,0.0,0.16538923620217383
940,940,0.18242928095421018,0.0,0.18242928095421018
941,941,0.6121393485091905,1.0,0.6121393485091905
942,942,0.3905111914223791,1.0,0.3905111914223791
943,943,0.8912398513523387,1.0,0.8912398513523387
944,944,0.846374925461708,1.0,0.846374925461708
945,945,0.22255141313113347,0.0,0.22255141313113347
946,946,0.806692584218388,1.0,0.806692584218388
947,947,0.867936182084217,1.0,0.867936182084217
948,948,0.07827876784836751,0.0,0.07827876784836751
949,949,0.1280546011044812,0.0,0.1280546011044812
950,950,0.7240494549716605,1.0,0.7240494549716605
951,951,0.9736953669722821,1.0,0.9736953669722821
952,952,0.5173020158154441,0.0,0.5173020158154441
953,953,0.6481274592045905,0.0,0.6481274592045905
954,954,0.5858297256650798,1.0,0.5858297256650798
955,955,0.0058678139345775815,0.0,0.0058678139345775815
956,956,0.01750687163472875,0.0,0.01750687163472875
957,957,0.4373048513739287,0.0,0.4373048513739287
958,958,0.5950355227353149,1.0,0.5950355227353149
959,959,0.09936838376739199,0.0,0.09936838376739199
960,960,0.4162101959178127,0.0,0.4162101959178127
961,961,0.8860343569972441,0.0,0.8860343569972441
962,962,0.33814936441678833,0.0,0.33814936441678833
963,963,0.8744701625014273,1.0,0.8744701625014273
964,964,0.22868526425960545,0.0,0.22868526425960545
965,965,0.3173614645691877,0.0,0.3173614645691877
966,966,0.8618397350496707,1.0,0.8618397350496707
967,967,0.29041384733216236,1.0,0.29041384733216236
968,968,0.2597507200721816,1.0,0.2597507200721816
969,969,0.6653836766662006,1.0,0.6653836766662006
970,970,0.4954079107259527,1.0,0.4954079107259527
971,971,0.6070298852553311,1.0,0.6070298852553311
972,972,0.1575054100363884,0.0,0.1575054100363884
973,973,0.4154705357255808,0.0,0.4154705357255808
974,974,0.7960789480992991,0.0,0.7960789480992991
975,975,0.9398451819216762,1.0,0.9398451819216762
976,976,0.6391498628862337,1.0,0.6391498628862337
977,977,0.9278513737862598,1.0,0.9278513737862598
978,978,0.19394704486621406,0.0,0.19394704486621406
979,979,0.6124714729372829,1.0,0.6124714729372829
980,980,0.005452743229910517,0.0,0.005452743229910517
981,981,0.9142839725584098,1.0,0.9142839725584098
982,982,0.31879796604489774,0.0,0.31879796604489774
983,983,0.10817532400525942,0.0,0.10817532400525942
984,984,0.7588981135639332,1.0,0.7588981135639332
985,985,0.5767558232032935,1.0,0.5767558232032935
986,986,0.42797547172202266,1.0,0.42797547172202266
987,987,0.2271576311292025,0.0,0.2271576311292025
988,988,0.576624247945439,1.0,0.576624247945439
989,989,0.6124859116780206,1.0,0.6124859116780206
990,990,0.7954835236772037,0.0,0.7954835236772037
991,991,0.27594618442108076,0.0,0.27594618442108076
992,992,0.39329558539574794,1.0,0.39329558539574794
993,993,0.36894321655816675,0.0,0.36894321655816675
994,994,0.3672173366376196,1.0,0.3672173366376196
995,995,0.008185058924406241,0.0,0.008185058924406241
996,996,0.23915413953326137,1.0,0.23915413953326137
997,997,0.13167800011877873,0.0,0.13167800011877873
998,998,0.9313228188319431,1.0,0.9313228188319431
999,999,0.7771847463492724,1.0,0.7771847463492724
1000,1000,0.9162706165176068,1.0,0.9162706165176068
1001,1001,0.15744817848517767,0.0,0.15744817848517767
1002,1002,0.1840760725789634,0.0,0.1840760725789634
1003,1003,0.13204925493440922,1.0,0.13204925493440922
1004,1004,0.2615185920390434,1.0,0.2615185920390434
1005,1005,0.9307577154980599,1.0,0.9307577154980599
1006,1006,0.12193790845511021,0.0,0.12193790845511021
1007,1007,0.07461745238856055,0.0,0.07461745238856055
1008,1008,0.126341421044866,0.0,0.126341421044866
1009,1009,0.044587341720425666,0.0,0.044587341720425666
1010,1010,0.7671143492188099,1.0,0.7671143492188099
1011,1011,0.8937097343760554,1.0,0.8937097343760554
1012,1012,0.4827069274024004,1.0,0.4827069274024004
1013,1013,0.4193244035209942,1.0,0.4193244035209942
1014,1014,0.7008336614531758,1.0,0.7008336614531758
1015,1015,0.9174459182200694,1.0,0.9174459182200694
1016,1016,0.7976929315734717,1.0,0.7976929315734717
1017,1017,0.07501084891254384,0.0,0.07501084891254384
1018,1018,0.8323900447998874,0.0,0.8323900447998874
1019,1019,0.36160835875164954,0.0,0.36160835875164954
1020,1020,0.6615605694863476,0.0,0.6615605694863476
1021,1021,0.13426540131590914,1.0,0.13426540131590914
1022,1022,0.486109614118738,0.0,0.486109614118738
1023,1023,0.9977761193144664,1.0,0.9977761193144664
1024,1024,0.7156218589894114,0.0,0.7156218589894114
1025,1025,0.7284974907511317,0.0,0.7284974907511317
1026,1026,0.4571839881981502,1.0,0.4571839881981502
1027,1027,0.9871200175263272,1.0,0.9871200175263272
1028,1028,0.4361116967963774,0.0,0.4361116967963774
1029,1029,0.4413822620395824,1.0,0.4413822620395824
1030,1030,0.9191209437410139,1.0,0.9191209437410139
1031,1031,0.2827561095403661,0.0,0.2827561095403661
1032,1032,0.5326619505587528,1.0,0.5326619505587528
1033,1033,0.7113119913384675,1.0,0.7113119913384675
1034,1034,0.9380292046758532,0.0,0.9380292046758532
1035,1035,0.1889295366470859,0.0,0.1889295366470859
1036,1036,0.5464621902783303,0.0,0.5464621902783303
1037,1037,0.06050276930903986,0.0,0.06050276930903986
1038,1038,0.34138669009795153,0.0,0.34138669009795153
1039,1039,0.2574463643349981,0.0,0.2574463643349981
1040,1040,0.1552993158157191,0.0,0.1552993158157191
1041,1041,0.05108686145262298,0.0,0.05108686145262298
1042,1042,0.9121931198462262,1.0,0.9121931198462262
1043,1043,0.5619059031336732,0.0,0.5619059031336732
1044,1044,0.18544016728235346,0.0,0.18544016728235346
1045,1045,0.47097326296851283,0.0,0.47097326296851283
1046,1046,0.1550673555010248,0.0,0.1550673555010248
1047,1047,0.6123168623940327,0.0,0.6123168623940327
1048,1048,0.5826862669261448,0.0,0.5826862669261448
1049,1049,0.2665380802154689,0.0,0.2665380802154689
1050,1050,0.21484463026476652,0.0,0.21484463026476652
1051,1051,0.5821346270230884,1.0,0.5821346270230884
1052,1052,0.8877846649522444,0.0,0.8877846649522444
1053,1053,0.5259072357768914,1.0,0.5259072357768914
1054,1054,0.5640851292560101,1.0,0.5640851292560101
1055,1055,0.7859654035310388,1.0,0.7859654035310388
1056,1056,0.7737649366280606,0.0,0.7737649366280606
1057,1057,0.046182451565422555,0.0,0.046182451565422555
1058,1058,0.3463292981033329,0.0,0.3463292981033329
1059,1059,0.2825734657046991,1.0,0.2825734657046991
1060,1060,0.2910885491378339,0.0,0.2910885491378339
1061,1061,0.1189078353101618,0.0,0.1189078353101618
1062,1062,0.11327073820526523,0.0,0.11327073820526523
1063,1063,0.1961616239731201,0.0,0.1961616239731201
1064,1064,0.46500873926411834,0.0,0.46500873926411834
1065,1065,0.8380098320506771,0.0,0.8380098320506771
1066,1066,0.6591688617716318,0.0,0.6591688617716318
1067,1067,0.48545030234674835,1.0,0.48545030234674835
1068,1068,0.08649182240915088,0.0,0.08649182240915088
1069,1069,0.30143080527362554,0.0,0.30143080527362554
1070,1070,0.27556592124251944,1.0,0.27556592124251944
1071,1071,0.7462279349821003,0.0,0.7462279349821003
1072,1072,0.2526617796451658,0.0,0.2526617796451658
1073,1073,0.7861958186432534,1.0,0.7861958186432534
1074,1074,0.41522481968568736,0.0,0.41522481968568736
1075,1075,0.07442418301578668,0.0,0.07442418301578668
1076,1076,0.5621622742551395,0.0,0.5621622742551395
1077,1077,0.16929159065536914,0.0,0.16929159065536914
1078,1078,0.21723837832189885,0.0,0.21723837832189885
1079,1079,0.7681307025150723,1.0,0.7681307025150723
1080,1080,0.15751812993742376,0.0,0.15751812993742376
1081,1081,0.1960118119493739,1.0,0.1960118119493739
1082,1082,0.45230544181533183,0.0,0.45230544181533183
1083,1083,0.8111425116160279,0.0,0.8111425116160279
1084,1084,0.6832564021615523,1.0,0.6832564021615523
1085,1085,0.49679924219586535,0.0,0.49679924219586535
1086,1086,0.6866401275757533,1.0,0.6866401275757533
1087,1087,0.10538708862976809,0.0,0.10538708862976809
1088,1088,0.6852567542426692,0.0,0.6852567542426692
1089,1089,0.4898839327359632,0.0,0.4898839327359632
1090,1090,0.8149238850610142,1.0,0.8149238850610142
1091,1091,0.5365825058987964,0.0,0.5365825058987964
1092,1092,0.5065081103225936,0.0,0.5065081103225936
1093,1093,0.8974692632468443,1.0,0.8974692632468443
1094,1094,0.4258900627939217,1.0,0.4258900627939217
1095,1095,0.1760692206224661,0.0,0.1760692206224661
1096,1096,0.3680216819682349,0.0,0.3680216819682349
1097,1097,0.7115303778685691,1.0,0.7115303778685691
1098,1098,0.17548021423438132,0.0,0.17548021423438132
1099,1099,0.2874947914307875,0.0,0.2874947914307875
1100,1100,0.598712841467795,0.0,0.598712841467795
1101,1101,0.8738043777985754,1.0,0.8738043777985754
1102,1102,0.38082106425840934,0.0,0.38082106425840934
1103,1103,0.3232910689816505,0.0,0.3232910689816505
1104,1104,0.38529760178894457,0.0,0.38529760178894457
1105,1105,0.39529434575632794,0.0,0.39529434575632794
1106,1106,0.8607114138450622,1.0,0.8607114138450622
1107,1107,0.5991741357902741,0.0,0.5991741357902741
1108,1108,0.4927442554904813,0.0,0.4927442554904813
1109,1109,0.8616584881787228,1.0,0.8616584881787228
1110,1110,0.897537904014063,1.0,0.897537904014063
1111,1111,0.09735477980409313,0.0,0.09735477980409313
1112,1112,0.38337002271727616,0.0,0.38337002271727616
1113,1113,0.9771873374194889,1.0,0.9771873374194889
1114,1114,0.439270513250443,0.0,0.439270513250443
1115,1115,0.019910965988281792,0.0,0.019910965988281792
1116,1116,0.10714393651391485,1.0,0.10714393651391485
1117,1117,0.958667531098355,1.0,0.958667531098355
1118,1118,0.4995680033044222,0.0,0.4995680033044222
1119,1119,0.4650202168370451,0.0,0.4650202168370451
1120,1120,0.10318748964515201,0.0,0.10318748964515201
1121,1121,0.4809807405614339,0.0,0.4809807405614339
1122,1122,0.3136060611347177,0.0,0.3136060611347177
1123,1123,0.2821310406898633,0.0,0.2821310406898633
1124,1124,0.49452300264533444,1.0,0.49452300264533444
1125,1125,0.37175603063865925,0.0,0.37175603063865925
1126,1126,0.19328328595449418,1.0,0.19328328595449418
1127,1127,0.04318373952093024,0.0,0.04318373952093024
1128,1128,0.20628539827519043,0.0,0.20628539827519043
1129,1129,0.7799579286519875,1.0,0.7799579286519875
1130,1130,0.5714607527659737,0.0,0.5714607527659737
1131,1131,0.7940354336430765,1.0,0.7940354336430765
1132,1132,0.38780024771084154,1.0,0.38780024771084154
1133,1133,0.8465815862138356,1.0,0.8465815862138356
1134,1134,0.29777747433689905,0.0,0.29777747433689905
1135,1135,0.4243221934055953,1.0,0.4243221934055953
1136,1136,0.25830807244738185,0.0,0.25830807244738185
1137,1137,0.5894581455679959,0.0,0.5894581455679959
1138,1138,0.4914128764388719,0.0,0.4914128764388719
1139,1139,0.1573668202519264,0.0,0.1573668202519264
1140,1140,0.07535651845756919,0.0,0.07535651845756919
1141,1141,0.22371201012318276,0.0,0.22371201012318276
1142,1142,0.7914760272522581,1.0,0.7914760272522581
1143,1143,0.47788857196300283,1.0,0.47788857196300283
1144,1144,0.06225647759763109,0.0,0.06225647759763109
1145,1145,0.5092702614559934,0.0,0.5092702614559934
1146,1146,0.2355300096513374,0.0,0.2355300096513374
1147,1147,0.7744164966261373,0.0,0.7744164966261373
1148,1148,0.9571099004382821,1.0,0.9571099004382821
1149,1149,0.27405913092438705,1.0,0.27405913092438705
1150,1150,0.5813707721468196,0.0,0.5813707721468196
1151,1151,0.2896846528124605,0.0,0.2896846528124605
1152,1152,0.4970437874430047,1.0,0.4970437874430047
1153,1153,0.9272049065113275,1.0,0.9272049065113275
1154,1154,0.8127877658880626,1.0,0.8127877658880626
1155,1155,0.8176223437097287,1.0,0.8176223437097287
1156,1156,0.15108997945021252,0.0,0.15108997945021252
1157,1157,0.13939636390700116,0.0,0.13939636390700116
1158,1158,0.06327657952263765,0.0,0.06327657952263765
1159,1159,0.664674301290285,1.0,0.664674301290285
1160,1160,0.09021520715623443,0.0,0.09021520715623443
1161,1161,0.31408510381282173,0.0,0.31408510381282173
1162,1162,0.05904765132236689,0.0,0.05904765132236689
1163,1163,0.6558203888724045,0.0,0.6558203888724045
1164,1164,0.6598709939915172,0.0,0.6598709939915172
1165,1165,0.29713141178046953,0.0,0.29713141178046953
1166,1166,0.08649705508849814,0.0,0.08649705508849814
1167,1167,0.8175073369136344,1.0,0.8175073369136344
1168,1168,0.3577209354913501,0.0,0.3577209354913501
1169,1169,0.8623084450758953,1.0,0.8623084450758953
1170,1170,0.311246240639267,0.0,0.311246240639267
1171,1171,0.49591793263634665,0.0,0.49591793263634665
1172,1172,0.48818806808301685,1.0,0.48818806808301685
1173,1173,0.32240740071768303,0.0,0.32240740071768303
1174,1174,0.4429066216744646,1.0,0.4429066216744646
1175,1175,0.8396202479626421,1.0,0.8396202479626421
1176,1176,0.9789052233155514,1.0,0.9789052233155514
1177,1177,0.45095069817455324,1.0,0.45095069817455324
1178,1178,0.8257215176125031,1.0,0.8257215176125031
1179,1179,0.46837238083533506,0.0,0.46837238083533506
1180,1180,0.6223494128283388,0.0,0.6223494128283388
1181,1181,0.32946632266305953,0.0,0.32946632266305953
1182,1182,0.04606844493736295,0.0,0.04606844493736295
1183,1183,0.1194907020190682,0.0,0.1194907020190682
1184,1184,0.5059651109530426,1.0,0.5059651109530426
1185,1185,0.9511089082659271,1.0,0.9511089082659271
1186,1186,0.6417892440375506,0.0,0.6417892440375506
1187,1187,0.9591057855884164,1.0,0.9591057855884164
1188,1188,0.1963215103396262,0.0,0.1963215103396262
1189,1189,0.2760904020055518,0.0,0.2760904020055518
1190,1190,0.7825930677732903,0.0,0.7825930677732903
1191,1191,0.24554839979851462,0.0,0.24554839979851462
1192,1192,0.15949490889827034,1.0,0.15949490889827034
1193,1193,0.248899221933091,0.0,0.248899221933091
1194,1194,0.9329208393161561,0.0,0.9329208393161561
1195,1195,0.048817785784345036,0.0,0.048817785784345036
1196,1196,0.33106041049466384,0.0,0.33106041049466384
1197,1197,0.05891850925302489,1.0,0.05891850925302489
1198,1198,0.29788514826527457,0.0,0.29788514826527457
1199,1199,0.8378797739679242,0.0,0.8378797739679242
1200,1200,0.33557718510509504,1.0,0.33557718510509504
1201,1201,0.8519067629578989,1.0,0.8519067629578989
1202,1202,0.3527634895544981,1.0,0.3527634895544981
1203,1203,0.6919074260399481,1.0,0.6919074260399481
1204,1204,0.9517381627626147,1.0,0.9517381627626147
1205,1205,0.5786894118224222,1.0,0.5786894118224222
1206,1206,0.1390698402985111,0.0,0.1390698402985111
1207,1207,0.6396314040850416,1.0,0.6396314040850416
1208,1208,0.3394755174908808,0.0,0.3394755174908808
1209,1209,0.5167979356177956,0.0,0.5167979356177956
1210,1210,0.7055438775100055,1.0,0.7055438775100055
1211,1211,0.7952364560845132,1.0,0.7952364560845132
1212,1212,0.19777524151956505,1.0,0.19777524151956505
1213,1213,0.07515285108613201,1.0,0.07515285108613201
1214,1214,0.6611426887482339,1.0,0.6611426887482339
1215,1215,0.12285095080356001,0.0,0.12285095080356001
1216,1216,0.19966590571262233,1.0,0.19966590571262233
1217,1217,0.549093518498507,0.0,0.549093518498507
1218,1218,0.4293280823780774,1.0,0.4293280823780774
1219,1219,0.38235479358875535,0.0,0.38235479358875535
1220,1220,0.9408670094269795,1.0,0.9408670094269795
1221,1221,0.4473528142353481,1.0,0.4473528142353481
1222,1222,0.16910074960561305,0.0,0.16910074960561305
1223,1223,0.8197373055417305,1.0,0.8197373055417305
1224,1224,0.5800980660416833,1.0,0.5800980660416833
1225,1225,0.5410070532418505,1.0,0.5410070532418505
1226,1226,0.31242726319378833,1.0,0.31242726319378833
1227,1227,0.7670582424950652,1.0,0.7670582424950652
1228,1228,0.7590670875081245,1.0,0.7590670875081245
1229,1229,0.5785084853457281,0.0,0.5785084853457281
1230,1230,0.867112272222549,1.0,0.867112272222549
1231,1231,0.6915792180184288,1.0,0.6915792180184288
1232,1232,0.7219367237247778,1.0,0.7219367237247778
1233,1233,0.8525895262706304,1.0,0.8525895262706304
1234,1234,0.14259441760538716,0.0,0.14259441760538716
1235,1235,0.3044310904194837,1.0,0.3044310904194837
1236,1236,0.7183322634150057,0.0,0.7183322634150057
1237,1237,0.9948912303660049,1.0,0.9948912303660049
1238,1238,0.44438932052818636,0.0,0.44438932052818636
1239,1239,0.31734326585172157,0.0,0.31734326585172157
1240,1240,0.7502190929807758,1.0,0.7502190929807758
1241,1241,0.33742113826973474,0.0,0.33742113826973474
1242,1242,0.15470442723944944,0.0,0.15470442723944944
1243,1243,0.6461678541015535,1.0,0.6461678541015535
1244,1244,0.0070594819024516475,0.0,0.0070594819024516475
1245,1245,0.15434972784653245,1.0,0.15434972784653245
1246,1246,0.793540102268495,1.0,0.793540102268495
1247,1247,0.251481532355334,0.0,0.251481532355334
1248,1248,0.16157566543178326,0.0,0.16157566543178326
1249,1249,0.7490635398306473,1.0,0.7490635398306473
1250,1250,0.07363488125523021,0.0,0.07363488125523021
1251,1251,0.37088389214489936,1.0,0.37088389214489936
1252,1252,0.9840861791691694,1.0,0.9840861791691694
1253,1253,0.4309248713589299,1.0,0.4309248713589299
1254,1254,0.6158204767004215,0.0,0.6158204767004215
1255,1255,0.3324849630781018,0.0,0.3324849630781018
1256,1256,0.6021056177979863,0.0,0.6021056177979863
1257,1257,0.6132238917889129,0.0,0.6132238917889129
1258,1258,0.5432469868712889,1.0,0.5432469868712889
1259,1259,0.6322684406533501,0.0,0.6322684406533501
1260,1260,0.7814973019474757,1.0,0.7814973019474757
1261,1261,0.9289109678207113,1.0,0.9289109678207113
1262,1262,0.2929797798512379,0.0,0.2929797798512379
1263,1263,0.5735946301241097,1.0,0.5735946301241097
1264,1264,0.7297869843157474,0.0,0.7297869843157474
1265,1265,0.8858092972825701,1.0,0.8858092972825701
1266,1266,0.41517136659588827,0.0,0.41517136659588827
1267,1267,0.10445231715199288,1.0,0.10445231715199288
1268,1268,0.0694905825876595,0.0,0.0694905825876595
1269,1269,0.16062036415013847,0.0,0.16062036415013847
1270,1270,0.9315707337260974,1.0,0.9315707337260974
1271,1271,0.19084477407854572,0.0,0.19084477407854572
1272,1272,0.2315766044522688,0.0,0.2315766044522688
1273,1273,0.03527719676567076,0.0,0.03527719676567076
1274,1274,0.5833315546246032,1.0,0.5833315546246032
1275,1275,0.3867944814137243,0.0,0.3867944814137243
1276,1276,0.6009245306503782,1.0,0.6009245306503782
1277,1277,0.5370652838524089,0.0,0.5370652838524089
1278,1278,0.0014608093624596252,0.0,0.0014608093624596252
1279,1279,0.49792233824914955,1.0,0.49792233824914955
1280,1280,0.196176717876262,0.0,0.196176717876262
1281,1281,0.8077852225853943,0.0,0.8077852225853943
1282,1282,0.846728733898497,1.0,0.846728733898497
1283,1283,0.3458885212154361,1.0,0.3458885212154361
1284,1284,0.8521039531710722,1.0,0.8521039531710722
1285,1285,0.43532142062527546,0.0,0.43532142062527546
1286,1286,0.09711696570756179,0.0,0.09711696570756179
1287,1287,0.3033231405998075,1.0,0.3033231405998075
1288,1288,0.39712159504754685,1.0,0.39712159504754685
1289,1289,0.9547641500767448,1.0,0.9547641500767448
1290,1290,0.03983347300490303,0.0,0.03983347300490303
1291,1291,0.2923723676327399,0.0,0.2923723676327399
1292,1292,0.2991929209644141,0.0,0.2991929209644141
1293,1293,0.45082489310767393,0.0,0.45082489310767393
1294,1294,0.10462300005786462,1.0,0.10462300005786462
1295,1295,0.8866355558755283,1.0,0.8866355558755283
1296,1296,0.7102201307476484,1.0,0.7102201307476484
1297,1297,0.5851197649927716,1.0,0.5851197649927716
1298,1298,0.08767425010112462,0.0,0.08767425010112462
1299,1299,0.32688793552454887,1.0,0.32688793552454887
1300,1300,0.24651378997877327,1.0,0.24651378997877327
1301,1301,0.18735018828595007,0.0,0.18735018828595007
1302,1302,0.8466444947090708,1.0,0.8466444947090708
1303,1303,0.5327446864393311,0.0,0.5327446864393311
1304,1304,0.062477088400179515,1.0,0.062477088400179515
1305,1305,0.11989832658652433,1.0,0.11989832658652433
1306,1306,0.2740273948796865,1.0,0.2740273948796865
1307,1307,0.7879282501911207,1.0,0.7879282501911207
1308,1308,0.9286966322572393,1.0,0.9286966322572393
1309,1309,0.2264327431909232,1.0,0.2264327431909232
1310,1310,0.278093906566937,0.0,0.278093906566937
1311,1311,0.02452726979805042,0.0,0.02452726979805042
1312,1312,0.6393237590200174,1.0,0.6393237590200174
1313,1313,0.49407667835171665,1.0,0.49407667835171665
1314,1314,0.7589833450443556,1.0,0.7589833450443556
1315,1315,0.9433196381539164,1.0,0.9433196381539164
1316,1316,0.46081142399675046,1.0,0.46081142399675046
1317,1317,0.7446946181825551,0.0,0.7446946181825551
1318,1318,0.9759265285909072,1.0,0.9759265285909072
1319,1319,0.052457016583975724,0.0,0.052457016583975724
1320,1320,0.033685501968511056,0.0,0.033685501968511056
1321,1321,0.9790249322080025,1.0,0.9790249322080025
1322,1322,0.6677221972866189,1.0,0.6677221972866189
1323,1323,0.2558145262621534,0.0,0.2558145262621534
1324,1324,0.7204675897022117,1.0,0.7204675897022117
1325,1325,0.5915099287300187,0.0,0.5915099287300187
1326,1326,0.6416208639029277,1.0,0.6416208639029277
1327,1327,0.39301398875815685,0.0,0.39301398875815685
1328,1328,0.6127723934524285,1.0,0.6127723934524285
1329,1329,0.08420070484105513,0.0,0.08420070484105513
1330,1330,0.024805827955238557,0.0,0.024805827955238557
1331,1331,0.8268617034294043,0.0,0.8268617034294043
1332,1332,0.9796542774003516,1.0,0.9796542774003516
1333,1333,0.09680479863231461,0.0,0.09680479863231461
1334,1334,0.37461897763798,1.0,0.37461897763798
1335,1335,0.7051119699438277,1.0,0.7051119699438277
1336,1336,0.3244591946447881,0.0,0.3244591946447881
1337,1337,0.49036620663505437,0.0,0.49036620663505437
1338,1338,0.7913870193715451,1.0,0.7913870193715451
1339,1339,0.701330700637613,0.0,0.701330700637613
1340,1340,0.9675021405707296,1.0,0.9675021405707296
1341,1341,0.23712640669074314,0.0,0.23712640669074314
1342,1342,0.4022542727785262,1.0,0.4022542727785262
1343,1343,0.6565762549620648,1.0,0.6565762549620648
1344,1344,0.16594241207748817,0.0,0.16594241207748817
1345,1345,0.577426371668467,0.0,0.577426371668467
1346,1346,0.46769095032823527,1.0,0.46769095032823527
1347,1347,0.8167905794386985,0.0,0.8167905794386985
1348,1348,0.4678115441242724,0.0,0.4678115441242724
1349,1349,0.6640177176155131,1.0,0.6640177176155131
1350,1350,0.5467325739624822,1.0,0.5467325739624822
1351,1351,0.6939063407580681,1.0,0.6939063407580681
1352,1352,0.9330421019320908,1.0,0.9330421019320908
1353,1353,0.7108716542554124,1.0,0.7108716542554124
1354,1354,0.17760904964379343,0.0,0.17760904964379343
1355,1355,0.5931191596591834,0.0,0.5931191596591834
1356,1356,0.7756152953788439,1.0,0.7756152953788439
1357,1357,0.7309090091683933,1.0,0.7309090091683933
1358,1358,0.18692360682412057,0.0,0.18692360682412057
1359,1359,0.013322121743909121,0.0,0.013322121743909121
1360,1360,0.8365467479826258,0.0,0.8365467479826258
1361,1361,0.6755231167286069,0.0,0.6755231167286069
1362,1362,0.7812823293511595,1.0,0.7812823293511595
1363,1363,0.6325982576674696,0.0,0.6325982576674696
1364,1364,0.8060665446102,1.0,0.8060665446102
1365,1365,0.0731632011318295,0.0,0.0731632011318295
1366,1366,0.016947852467365743,0.0,0.016947852467365743
1367,1367,0.9520490988567276,1.0,0.9520490988567276
1368,1368,0.33175627882851755,1.0,0.33175627882851755
1369,1369,0.8244936044251142,1.0,0.8244936044251142
1370,1370,0.799810174115625,0.0,0.799810174115625
1371,1371,0.5774440621238079,1.0,0.5774440621238079
1372,1372,0.7464429435337877,1.0,0.7464429435337877
1373,1373,0.9432369979772246,1.0,0.9432369979772246
1374,1374,0.6000095089888293,1.0,0.6000095089888293
1375,1375,0.1338274333064835,0.0,0.1338274333064835
1376,1376,0.6999469218187336,1.0,0.6999469218187336
1377,1377,0.6914396054221448,1.0,0.6914396054221448
1378,1378,0.568054913956544,1.0,0.568054913956544
1379,1379,0.4247893182138527,0.0,0.4247893182138527
1380,1380,0.25417317856789745,0.0,0.25417317856789745
1381,1381,0.9577323178740506,1.0,0.9577323178740506
1382,1382,0.10976148140818898,0.0,0.10976148140818898
1383,1383,0.3553847690844949,1.0,0.3553847690844949
1384,1384,0.5267189789784315,1.0,0.5267189789784315
1385,1385,0.35994269044358373,0.0,0.35994269044358373
1386,1386,0.7521295318584622,0.0,0.7521295318584622
1387,1387,0.7930919618436305,1.0,0.7930919618436305
1388,1388,0.8706738203510509,0.0,0.8706738203510509
1389,1389,0.14600218919797714,0.0,0.14600218919797714
1390,1390,0.5893725532789669,1.0,0.5893725532789669
1391,1391,0.09514087153787587,0.0,0.09514087153787587
1392,1392,0.29411386840770837,0.0,0.29411386840770837
1393,1393,0.8596700593571482,1.0,0.8596700593571482
1394,1394,0.5979916078023938,0.0,0.5979916078023938
1395,1395,0.34621268585407516,0.0,0.34621268585407516
1396,1396,0.2460988966120784,1.0,0.2460988966120784
1397,1397,0.8100046327555468,1.0,0.8100046327555468
1398,1398,0.5043391780946483,1.0,0.5043391780946483
1399,1399,0.5177410333879616,0.0,0.5177410333879616
1400,1400,0.33076107932844434,0.0,0.33076107932844434
1401,1401,0.38005819333583724,0.0,0.38005819333583724
1402,1402,0.5298095416195883,1.0,0.5298095416195883
1403,1403,0.6065542707746655,1.0,0.6065542707746655
1404,1404,0.07537028293317316,0.0,0.07537028293317316
1405,1405,0.19753352311138184,0.0,0.19753352311138184
1406,1406,0.03277398132669995,0.0,0.03277398132669995
1407,1407,0.31797258212756974,0.0,0.31797258212756974
1408,1408,0.6526731036961245,0.0,0.6526731036961245
1409,1409,0.44259290183818434,0.0,0.44259290183818434
1410,1410,0.4936235791374468,1.0,0.4936235791374468
1411,1411,0.8384035680647399,1.0,0.8384035680647399
1412,1412,0.2829373263938837,0.0,0.2829373263938837
1413,1413,0.8642378886476185,1.0,0.8642378886476185
1414,1414,0.04523994582218949,0.0,0.04523994582218949
1415,1415,0.7330075994682171,1.0,0.7330075994682171
1416,1416,0.005294348230339141,0.0,0.005294348230339141
1417,1417,0.30644314175106835,0.0,0.30644314175106835
1418,1418,0.05308472543416565,0.0,0.05308472543416565
1419,1419,0.047920533661673925,0.0,0.047920533661673925
1420,1420,0.08209285181532155,0.0,0.08209285181532155
1421,1421,0.6976828457590447,1.0,0.6976828457590447
1422,1422,0.28923933477236596,1.0,0.28923933477236596
1423,1423,0.6878274154724605,0.0,0.6878274154724605
1424,1424,0.21983457818821894,0.0,0.21983457818821894
1425,1425,0.0745512461816138,0.0,0.0745512461816138
1426,1426,0.0023587026182675386,0.0,0.0023587026182675386
1427,1427,0.13758850925939103,0.0,0.13758850925939103
1428,1428,0.547577542399361,1.0,0.547577542399361
1429,1429,0.3845904184657005,0.0,0.3845904184657005
1430,1430,0.11924047153396045,1.0,0.11924047153396045
1431,1431,0.07921654615019269,0.0,0.07921654615019269
1432,1432,0.7036427364686261,0.0,0.7036427364686261
1433,1433,0.7679699640095546,0.0,0.7679699640095546
1434,1434,0.9441237276913942,1.0,0.9441237276913942
1435,1435,0.20085200815745363,0.0,0.20085200815745363
1436,1436,0.9082125168791199,1.0,0.9082125168791199
1437,1437,0.8397054547505941,1.0,0.8397054547505941
1438,1438,0.2989798046290717,1.0,0.2989798046290717
1439,1439,0.6838740137064768,1.0,0.6838740137064768
1440,1440,0.6379248235938585,1.0,0.6379248235938585
1441,1441,0.0020475794851667617,0.0,0.0020475794851667617
1442,1442,0.03893694311145024,0.0,0.03893694311145024
1443,1443,0.4774731317113611,0.0,0.4774731317113611
1444,1444,0.2298547023421501,0.0,0.2298547023421501
1445,1445,0.7751408955547988,0.0,0.7751408955547988
1446,1446,0.38047558054835107,1.0,0.38047558054835107
1447,1447,0.1653964208028943,0.0,0.1653964208028943
1448,1448,0.9519311433536362,1.0,0.9519311433536362
1449,1449,0.6322235298706019,1.0,0.6322235298706019
1450,1450,0.3211213559468662,0.0,0.3211213559468662
1451,1451,0.9997917885357083,1.0,0.9997917885357083
1452,1452,0.528969737374322,0.0,0.528969737374322
1453,1453,0.4608899863489616,0.0,0.4608899863489616
1454,1454,0.2650248165090672,1.0,0.2650248165090672
1455,1455,0.09995347232864005,0.0,0.09995347232864005
1456,1456,0.39777786825372174,1.0,0.39777786825372174
1457,1457,0.0014929246845866162,0.0,0.0014929246845866162
1458,1458,0.07893731368571055,0.0,0.07893731368571055
1459,1459,0.12993779492863589,1.0,0.12993779492863589
1460,1460,0.11291074276837532,0.0,0.11291074276837532
1461,1461,0.273513247620769,0.0,0.273513247620769
1462,1462,0.9473332983943161,1.0,0.9473332983943161
1463,1463,0.9958337958446263,1.0,0.9958337958446263
1464,1464,0.6559623788092278,0.0,0.6559623788092278
1465,1465,0.35262458999960944,1.0,0.35262458999960944
1466,1466,0.16074545431038334,0.0,0.16074545431038334
1467,1467,0.7247480975131453,0.0,0.7247480975131453
1468,1468,0.6659129246885005,1.0,0.6659129246885005
1469,1469,0.9087016629749562,1.0,0.9087016629749562
1470,1470,0.6586993671179453,1.0,0.6586993671179453
1471,1471,0.26363165597598615,0.0,0.26363165597598615
1472,1472,0.032780638898828096,0.0,0.032780638898828096
1473,1473,0.7160495879951377,0.0,0.7160495879951377
1474,1474,0.8238374461310142,1.0,0.8238374461310142
1475,1475,0.134260569882386,0.0,0.134260569882386
1476,1476,0.9228367963371811,1.0,0.9228367963371811
1477,1477,0.8854315789141671,1.0,0.8854315789141671
1478,1478,0.9759003791519588,1.0,0.9759003791519588
1479,1479,0.3756383099469863,0.0,0.3756383099469863
1480,1480,0.5222819437352354,1.0,0.5222819437352354
1481,1481,0.7364803974319833,1.0,0.7364803974319833
1482,1482,0.7046552124341571,1.0,0.7046552124341571
1483,1483,0.12230032437982574,1.0,0.12230032437982574
1484,1484,0.8701278792995383,0.0,0.8701278792995383
1485,1485,0.5649691375344993,0.0,0.5649691375344993
1486,1486,0.15449293009958487,0.0,0.15449293009958487
1487,1487,0.6605788314358542,1.0,0.6605788314358542
1488,1488,0.6145443980578309,0.0,0.6145443980578309
1489,1489,0.272523313095416,0.0,0.272523313095416
1490,1490,0.46340074966143263,1.0,0.46340074966143263
1491,1491,0.5293982938776354,0.0,0.5293982938776354
1492,1492,0.04272717283982275,0.0,0.04272717283982275
1493,1493,0.7166911127796267,1.0,0.7166911127796267
1494,1494,0.12317721259091419,0.0,0.12317721259091419
1495,1495,0.5401261583967605,0.0,0.5401261583967605
1496,1496,0.07323332492525281,0.0,0.07323332492525281
1497,1497,0.7794378970486854,0.0,0.7794378970486854
1498,1498,0.9276990028464831,1.0,0.9276990028464831
1499,1499,0.5926627672612454,0.0,0.5926627672612454
1500,1500,0.7737713922991121,0.0,0.7737713922991121
1501,1501,0.13021373117787205,0.0,0.13021373117787205
1502,1502,0.5856263413295405,0.0,0.5856263413295405
1503,1503,0.6346200179715813,0.0,0.6346200179715813
1504,1504,0.04717825992867608,0.0,0.04717825992867608
1505,1505,0.036354957824251244,0.0,0.036354957824251244
1506,1506,0.7125585783450046,1.0,0.7125585783450046
1507,1507,0.19390978086398258,1.0,0.19390978086398258
1508,1508,0.18884392464402844,1.0,0.18884392464402844
1509,1509,0.8799882271167383,1.0,0.8799882271167383
1510,1510,0.8440153141149453,1.0,0.8440153141149453
1511,1511,0.9845487950565793,1.0,0.9845487950565793
1512,1512,0.31575681638718434,0.0,0.31575681638718434
1513,1513,0.9090115983250265,1.0,0.9090115983250265
1514,1514,0.13898279005100878,0.0,0.13898279005100878
1515,1515,0.7945999282821782,1.0,0.7945999282821782
1516,1516,0.21679895581314024,0.0,0.21679895581314024
1517,1517,0.0916773584722862,0.0,0.0916773584722862
1518,1518,0.8617806553181827,1.0,0.8617806553181827
1519,1519,0.03755868126606221,0.0,0.03755868126606221
1520,1520,0.20000024456227739,0.0,0.20000024456227739
1521,1521,0.4656975901915337,0.0,0.4656975901915337
1522,1522,0.2682227092448122,0.0,0.2682227092448122
1523,1523,0.10038209725736291,0.0,0.10038209725736291
1524,1524,0.25229659353044154,0.0,0.25229659353044154
1525,1525,0.391943838725451,1.0,0.391943838725451
1526,1526,0.538266150523917,0.0,0.538266150523917
1527,1527,0.20067053361266718,0.0,0.20067053361266718
1528,1528,0.2577872503422677,0.0,0.2577872503422677
1529,1529,0.5864926919388289,1.0,0.5864926919388289
1530,1530,0.3846135725326981,0.0,0.3846135725326981
1531,1531,0.8650835768238361,1.0,0.8650835768238361
1532,1532,0.9653841343180958,1.0,0.9653841343180958
1533,1533,0.021971724038545415,0.0,0.021971724038545415
1534,1534,0.21183336494866234,1.0,0.21183336494866234
1535,1535,0.5367507627281287,0.0,0.5367507627281287
1536,1536,0.602894220443007,1.0,0.602894220443007
1537,1537,0.9198437090137468,0.0,0.9198437090137468
1538,1538,0.012562027750062876,0.0,0.012562027750062876
1539,1539,0.7181449896196634,1.0,0.7181449896196634
1540,1540,0.4883858326847379,1.0,0.4883858326847379
1541,1541,0.0715051624782006,0.0,0.0715051624782006
1542,1542,0.24543393014256476,0.0,0.24543393014256476
1543,1543,0.6426174233031646,1.0,0.6426174233031646
1544,1544,0.3400209216828288,0.0,0.3400209216828288
1545,1545,0.3921492768663416,0.0,0.3921492768663416
1546,1546,0.803992528816877,0.0,0.803992528816877
1547,1547,0.9230446452130884,1.0,0.9230446452130884
1548,1548,0.8837987219557399,1.0,0.8837987219557399
1549,1549,0.48194158175238944,0.0,0.48194158175238944
1550,1550,0.7155488197289999,0.0,0.7155488197289999
1551,1551,0.260210115391147,1.0,0.260210115391147
1552,1552,0.5431585254697827,0.0,0.5431585254697827
1553,1553,0.4555408027784762,1.0,0.4555408027784762
1554,1554,0.6103447219395636,0.0,0.6103447219395636
1555,1555,0.27753140682046173,0.0,0.27753140682046173
1556,1556,0.4884982902604873,0.0,0.4884982902604873
1557,1557,0.0038423225318797716,0.0,0.0038423225318797716
1558,1558,0.4643354842183752,1.0,0.4643354842183752
1559,1559,0.7748130136863205,1.0,0.7748130136863205
1560,1560,0.8062763241718837,1.0,0.8062763241718837
1561,1561,0.8430799227343619,1.0,0.8430799227343619
1562,1562,0.02282716202545465,0.0,0.02282716202545465
1563,1563,0.35230841421339,1.0,0.35230841421339
1564,1564,0.15568754416663277,0.0,0.15568754416663277
1565,1565,0.7949660486000371,1.0,0.7949660486000371
1566,1566,0.47655026751821583,0.0,0.47655026751821583
1567,1567,0.6337897027351406,1.0,0.6337897027351406
1568,1568,0.004611528950070443,0.0,0.004611528950070443
1569,1569,0.5283562576352125,0.0,0.5283562576352125
1570,1570,0.011427778426415514,0.0,0.011427778426415514
1571,1571,0.6386366382067107,1.0,0.6386366382067107
1572,1572,0.5497677002300576,1.0,0.5497677002300576
1573,1573,0.6571361880018262,1.0,0.6571361880018262
1574,1574,0.3141872823676518,0.0,0.3141872823676518
1575,1575,0.7343759339603235,0.0,0.7343759339603235
1576,1576,0.6425415311831831,0.0,0.6425415311831831
1577,1577,0.2726783227776548,0.0,0.2726783227776548
1578,1578,0.4705967321293104,0.0,0.4705967321293104
1579,1579,0.5909550910496857,0.0,0.5909550910496857
1580,1580,0.8170805995003604,1.0,0.8170805995003604
1581,1581,0.6766628011715279,1.0,0.6766628011715279
1582,1582,0.8330275261507165,1.0,0.8330275261507165
1583,1583,0.8821503397894067,1.0,0.8821503397894067
1584,1584,0.1415649244584205,0.0,0.1415649244584205
1585,1585,0.4306422155752615,0.0,0.4306422155752615
1586,1586,0.10886138644535748,0.0,0.10886138644535748
1587,1587,0.40902568385823734,1.0,0.40902568385823734
1588,1588,0.9746478909840661,1.0,0.9746478909840661
1589,1589,0.4042262482819482,1.0,0.4042262482819482
1590,1590,0.8905940038309988,1.0,0.8905940038309988
1591,1591,0.3816504939028942,0.0,0.3816504939028942
1592,1592,0.9662969308045508,1.0,0.9662969308045508
1593,1593,0.12458274868592711,0.0,0.12458274868592711
1594,1594,0.6963557747580181,0.0,0.6963557747580181
1595,1595,0.8292703286661018,1.0,0.8292703286661018
1596,1596,0.34302888849410473,1.0,0.34302888849410473
1597,1597,0.10943546159996964,0.0,0.10943546159996964
1598,1598,0.2981995314164836,0.0,0.2981995314164836
1599,1599,0.9370568724545834,1.0,0.9370568724545834
1600,1600,0.9703563474276548,1.0,0.9703563474276548
1601,1601,0.11569499318453569,0.0,0.11569499318453569
1602,1602,0.754662768282671,1.0,0.754662768282671
1603,1603,0.725113808779525,0.0,0.725113808779525
1604,1604,0.5242783351362369,1.0,0.5242783351362369
1605,1605,0.6878755310695289,1.0,0.6878755310695289
1606,1606,0.9987925472405504,1.0,0.9987925472405504
1607,1607,0.8698726688580141,1.0,0.8698726688580141
1608,1608,0.6225309242065045,1.0,0.6225309242065045
1609,1609,0.8391321787962175,1.0,0.8391321787962175
1610,1610,0.18715244246462648,0.0,0.18715244246462648
1611,1611,0.33016281431725014,0.0,0.33016281431725014
1612,1612,0.014987380725322907,0.0,0.014987380725322907
1613,1613,0.8748197644107669,0.0,0.8748197644107669
1614,1614,0.2895231353876172,0.0,0.2895231353876172
1615,1615,0.11770310620524171,0.0,0.11770310620524171
1616,1616,0.8367729865822843,0.0,0.8367729865822843
1617,1617,0.3077769711538245,0.0,0.3077769711538245
1618,1618,0.5954950302022298,1.0,0.5954950302022298
1619,1619,0.9542835039168924,1.0,0.9542835039168924
1620,1620,0.8855786721728451,1.0,0.8855786721728451
1621,1621,0.17911517525215248,0.0,0.17911517525215248
1622,1622,0.8213624803914151,0.0,0.8213624803914151
1623,1623,0.3761475110113959,1.0,0.3761475110113959
1624,1624,0.8250147105352195,1.0,0.8250147105352195
1625,1625,0.7117727991230445,1.0,0.7117727991230445
1626,1626,0.15037713810753117,1.0,0.15037713810753117
1627,1627,0.11842565937598837,1.0,0.11842565937598837
1628,1628,0.7962110163232128,1.0,0.7962110163232128
1629,1629,0.4352001994464171,0.0,0.4352001994464171
1630,1630,0.5236259186143081,1.0,0.5236259186143081
1631,1631,0.5185086960847315,1.0,0.5185086960847315
1632,1632,0.9999712572430417,1.0,0.9999712572430417
1633,1633,0.019818565112637576,0.0,0.019818565112637576
1634,1634,0.16182957604869264,0.0,0.16182957604869264
1635,1635,0.9022902893164475,1.0,0.9022902893164475
1636,1636,0.13500026673024768,0.0,0.13500026673024768
1637,1637,0.5405700090747217,1.0,0.5405700090747217
1638,1638,0.34279281404494977,1.0,0.34279281404494977
1639,1639,0.492800617257538,1.0,0.492800617257538
1640,1640,0.573182022834467,0.0,0.573182022834467
1641,1641,0.9039351237594209,0.0,0.9039351237594209
1642,1642,0.11723316214063895,0.0,0.11723316214063895
1643,1643,0.7901133801826883,0.0,0.7901133801826883
1644,1644,0.5149248162506064,0.0,0.5149248162506064
1645,1645,0.9701916807091274,1.0,0.9701916807091274
1646,1646,0.8833041583848305,1.0,0.8833041583848305
1647,1647,0.2728555862539417,0.0,0.2728555862539417
1648,1648,0.9652328184863924,1.0,0.9652328184863924
1649,1649,0.49370130945182655,0.0,0.49370130945182655
1650,1650,0.3183943243292864,0.0,0.3183943243292864
1651,1651,0.9855987785028731,1.0,0.9855987785028731
1652,1652,0.08693243397123618,0.0,0.08693243397123618
1653,1653,0.36072299309827327,0.0,0.36072299309827327
1654,1654,0.442887182988458,1.0,0.442887182988458
1655,1655,0.6496116882848177,0.0,0.6496116882848177
1656,1656,0.5109378653499915,0.0,0.5109378653499915
1657,1657,0.370026325816725,1.0,0.370026325816725
1658,1658,0.8181558906619207,1.0,0.8181558906619207
1659,1659,0.1401831937408684,1.0,0.1401831937408684
1660,1660,0.7366353296534136,1.0,0.7366353296534136
1661,1661,0.3567727675524862,0.0,0.3567727675524862
1662,1662,0.8215968132529807,1.0,0.8215968132529807
1663,1663,0.2708033404535676,0.0,0.2708033404535676
1664,1664,0.17479401118791482,1.0,0.17479401118791482
1665,1665,0.4539287108472758,1.0,0.4539287108472758
1666,1666,0.5592014283837763,0.0,0.5592014283837763
1667,1667,0.3317512628412963,1.0,0.3317512628412963
1668,1668,0.9145505976720364,1.0,0.9145505976720364
1669,1669,0.409965537588175,1.0,0.409965537588175
1670,1670,0.019645144595305197,0.0,0.019645144595305197
1671,1671,0.8413521194049711,1.0,0.8413521194049711
1672,1672,0.20044712394979602,0.0,0.20044712394979602
1673,1673,0.22835519609183008,0.0,0.22835519609183008
1674,1674,0.9722010524126397,1.0,0.9722010524126397
1675,1675,0.41975362434654373,0.0,0.41975362434654373
1676,1676,0.4080071800054138,0.0,0.4080071800054138
1677,1677,0.5328810160735639,0.0,0.5328810160735639
1678,1678,0.7722967183062809,1.0,0.7722967183062809
1679,1679,0.24705247180876677,1.0,0.24705247180876677
1680,1680,0.27508967117399685,0.0,0.27508967117399685
1681,1681,0.3900390804847951,0.0,0.3900390804847951
1682,1682,0.7466037728773554,1.0,0.7466037728773554
1683,1683,0.9468777678393546,1.0,0.9468777678393546
1684,1684,0.2051079758963521,0.0,0.2051079758963521
1685,1685,0.06571025818617715,0.0,0.06571025818617715
1686,1686,0.31012882318289714,0.0,0.31012882318289714
1687,1687,0.08600553919898224,0.0,0.08600553919898224
1688,1688,0.2803269556819261,0.0,0.2803269556819261
1689,1689,0.18871081385680244,0.0,0.18871081385680244
1690,1690,0.38428641646136663,1.0,0.38428641646136663
1691,1691,0.8293812141599068,1.0,0.8293812141599068
1692,1692,0.7785005582401736,1.0,0.7785005582401736
1693,1693,0.7018982341890004,1.0,0.7018982341890004
1694,1694,0.2374638124192746,0.0,0.2374638124192746
1695,1695,0.98302696664114,1.0,0.98302696664114
1696,1696,0.3022883277847944,1.0,0.3022883277847944
1697,1697,0.6477945631743453,0.0,0.6477945631743453
1698,1698,0.6218659424097249,1.0,0.6218659424097249
1699,1699,0.33259278723238184,0.0,0.33259278723238184
1700,1700,0.9169902633267792,1.0,0.9169902633267792
1701,1701,0.6029864209771406,0.0,0.6029864209771406
1702,1702,0.3749667318581954,1.0,0.3749667318581954
1703,1703,0.6869953235173953,0.0,0.6869953235173953
1704,1704,0.5331601502864036,1.0,0.5331601502864036
1705,1705,0.5484865574542402,1.0,0.5484865574542402
1706,1706,0.5262906082000095,1.0,0.5262906082000095
1707,1707,0.5272932417493806,0.0,0.5272932417493806
1708,1708,0.5611441835057687,1.0,0.5611441835057687
1709,1709,0.8187650869361246,1.0,0.8187650869361246
1710,1710,0.6728693867841165,0.0,0.6728693867841165
1711,1711,0.8171270784893041,0.0,0.8171270784893041
1712,1712,0.565311891548078,1.0,0.565311891548078
1713,1713,0.308672361616792,1.0,0.308672361616792
1714,1714,0.6173488231695083,1.0,0.6173488231695083
1715,1715,0.3259024692741217,0.0,0.3259024692741217
1716,1716,0.9166337488585665,1.0,0.9166337488585665
1717,1717,0.1468567449594116,0.0,0.1468567449594116
1718,1718,0.23996894871572994,0.0,0.23996894871572994
1719,1719,0.21134954856823063,0.0,0.21134954856823063
1720,1720,0.5701092268117673,1.0,0.5701092268117673
1721,1721,0.23060278827614467,0.0,0.23060278827614467
1722,1722,0.3064484466223788,0.0,0.3064484466223788
1723,1723,0.056308197566369955,0.0,0.056308197566369955
1724,1724,0.058967059100538566,0.0,0.058967059100538566
1725,1725,0.8362794501663273,1.0,0.8362794501663273
1726,1726,0.06063215828744395,0.0,0.06063215828744395
1727,1727,0.05173996251540469,0.0,0.05173996251540469
1728,1728,0.5444077271931372,0.0,0.5444077271931372
1729,1729,0.08894233398010742,0.0,0.08894233398010742
1730,1730,0.4957036027924374,1.0,0.4957036027924374
1731,1731,0.39965995102619856,1.0,0.39965995102619856
1732,1732,0.9778850815822038,1.0,0.9778850815822038
1733,1733,0.9980975490210604,1.0,0.9980975490210604
1734,1734,0.28680665944529216,0.0,0.28680665944529216
1735,1735,0.5941861072997345,1.0,0.5941861072997345
1736,1736,0.9847433867665705,1.0,0.9847433867665705
1737,1737,0.3045548612783957,1.0,0.3045548612783957
1738,1738,0.33733215977062436,0.0,0.33733215977062436
1739,1739,0.4453460133035224,0.0,0.4453460133035224
1740,1740,0.3254769352301937,1.0,0.3254769352301937
1741,1741,0.5659669331942636,0.0,0.5659669331942636
1742,1742,0.524517347401943,0.0,0.524517347401943
1743,1743,0.7161278645515486,1.0,0.7161278645515486
1744,1744,0.43363051037634837,0.0,0.43363051037634837
1745,1745,0.8104794351772128,1.0,0.8104794351772128
1746,1746,0.14022569405222784,0.0,0.14022569405222784
1747,1747,0.8115813834115514,0.0,0.8115813834115514
1748,1748,0.1380035117334304,0.0,0.1380035117334304
1749,1749,0.9612653203079207,1.0,0.9612653203079207
1750,1750,0.49481893918824515,0.0,0.49481893918824515
1751,1751,0.8683019036186588,1.0,0.8683019036186588
1752,1752,0.8070321028858065,1.0,0.8070321028858065
1753,1753,0.11528784419957105,0.0,0.11528784419957105
1754,1754,0.3763296208759175,1.0,0.3763296208759175
1755,1755,0.7818406907825759,0.0,0.7818406907825759
1756,1756,0.7815685650129656,1.0,0.7815685650129656
1757,1757,0.42522692564687314,1.0,0.42522692564687314
1758,1758,0.22620512201112308,0.0,0.22620512201112308
1759,1759,0.919037426393433,0.0,0.919037426393433
1760,1760,0.013391349781224693,0.0,0.013391349781224693
1761,1761,0.17364865351812564,0.0,0.17364865351812564
1762,1762,0.49749379320897524,0.0,0.49749379320897524
1763,1763,0.062111186589917544,0.0,0.062111186589917544
1764,1764,0.21423460747728162,0.0,0.21423460747728162
1765,1765,0.05664158993985835,0.0,0.05664158993985835
1766,1766,0.7444809592707103,0.0,0.7444809592707103
1767,1767,0.7285216754870879,1.0,0.7285216754870879
1768,1768,0.40555391528383855,1.0,0.40555391528383855
1769,1769,0.22514727296091608,0.0,0.22514727296091608
1770,1770,0.4597124010864584,0.0,0.4597124010864584
1771,1771,0.5327172782003019,0.0,0.5327172782003019
1772,1772,0.45790972120085505,0.0,0.45790972120085505
1773,1773,0.005058623998568934,0.0,0.005058623998568934
1774,1774,0.9246588837930515,1.0,0.9246588837930515
1775,1775,0.2000412398573117,0.0,0.2000412398573117
1776,1776,0.7539238103047939,1.0,0.7539238103047939
1777,1777,0.1553072143978531,1.0,0.1553072143978531
1778,1778,0.6057582381441089,1.0,0.6057582381441089
1779,1779,0.3137649452455177,0.0,0.3137649452455177
1780,1780,0.1679782105489822,0.0,0.1679782105489822
1781,1781,0.8709723249203399,1.0,0.8709723249203399
1782,1782,0.8901795815825839,1.0,0.8901795815825839
1783,1783,0.648907414219606,1.0,0.648907414219606
1784,1784,0.7375241797225123,1.0,0.7375241797225123
1785,1785,0.157378449529202,0.0,0.157378449529202
1786,1786,0.18249691314908711,1.0,0.18249691314908711
1787,1787,0.7186768846042589,1.0,0.7186768846042589
1788,1788,0.45736684248321524,0.0,0.45736684248321524
1789,1789,0.8776971935969229,1.0,0.8776971935969229
1790,1790,0.26193214734616677,0.0,0.26193214734616677
1791,1791,0.9944789360127587,1.0,0.9944789360127587
1792,1792,0.308359616066992,1.0,0.308359616066992
1793,1793,0.4955716434515437,0.0,0.4955716434515437
1794,1794,0.6589704362344174,1.0,0.6589704362344174
1795,1795,0.436508346411127,0.0,0.436508346411127
1796,1796,0.07398391905235246,0.0,0.07398391905235246
1797,1797,0.22335674973693598,0.0,0.22335674973693598
1798,1798,0.9968311087205228,1.0,0.9968311087205228
1799,1799,0.3679494868041785,1.0,0.3679494868041785
1800,1800,0.06619137675210729,0.0,0.06619137675210729
1801,1801,0.08059360378317482,0.0,0.08059360378317482
1802,1802,0.4947210010122993,1.0,0.4947210010122993
1803,1803,0.9449436626894064,1.0,0.9449436626894064
1804,1804,0.9368118409047774,1.0,0.9368118409047774
1805,1805,0.2970387416954331,0.0,0.2970387416954331
1806,1806,0.6212293915869854,1.0,0.6212293915869854
1807,1807,0.8714022475362457,1.0,0.8714022475362457
1808,1808,0.29718534863965984,0.0,0.29718534863965984
1809,1809,0.969783484902923,1.0,0.969783484902923
1810,1810,0.9982882671150158,1.0,0.9982882671150158
1811,1811,0.886892757331826,1.0,0.886892757331826
1812,1812,0.9343921207454269,1.0,0.9343921207454269
1813,1813,0.7968547751819637,1.0,0.7968547751819637
1814,1814,0.39225894421655405,0.0,0.39225894421655405
1815,1815,0.964194303109723,1.0,0.964194303109723
1816,1816,0.14503452188318677,0.0,0.14503452188318677
1817,1817,0.3953410256017418,0.0,0.3953410256017418
1818,1818,0.40744719505553373,1.0,0.40744719505553373
1819,1819,0.33193967521382517,0.0,0.33193967521382517
1820,1820,0.34274780490593026,0.0,0.34274780490593026
1821,1821,0.6582336340085506,1.0,0.6582336340085506
1822,1822,0.43687725940227107,0.0,0.43687725940227107
1823,1823,0.3275508740561597,1.0,0.3275508740561597
1824,1824,0.505710163046789,0.0,0.505710163046789
1825,1825,0.47113873270233353,0.0,0.47113873270233353
1826,1826,0.6165069860937723,0.0,0.6165069860937723
1827,1827,0.6442539952038112,1.0,0.6442539952038112
1828,1828,0.5030387106176488,1.0,0.5030387106176488
1829,1829,0.18142139974166027,1.0,0.18142139974166027
1830,1830,0.4353315603231178,1.0,0.4353315603231178
1831,1831,0.5401378196832042,1.0,0.5401378196832042
1832,1832,0.46969720910161217,1.0,0.46969720910161217
1833,1833,0.9002524795844992,1.0,0.9002524795844992
1834,1834,0.7693877042884032,1.0,0.7693877042884032
1835,1835,0.05764000590841656,0.0,0.05764000590841656
1836,1836,0.39454540467931065,0.0,0.39454540467931065
1837,1837,0.4268083253764089,1.0,0.4268083253764089
1838,1838,0.21934534506437164,0.0,0.21934534506437164
1839,1839,0.7448622569110918,1.0,0.7448622569110918
1840,1840,0.32559317067229754,1.0,0.32559317067229754
1841,1841,0.5884597468663871,0.0,0.5884597468663871
1842,1842,0.6612132901288831,0.0,0.6612132901288831
1843,1843,0.36131548486735665,0.0,0.36131548486735665
1844,1844,0.1138958515557923,0.0,0.1138958515557923
1845,1845,0.9225359275980052,1.0,0.9225359275980052
1846,1846,0.14259175307948313,0.0,0.14259175307948313
1847,1847,0.6507645096104733,0.0,0.6507645096104733
1848,1848,0.24217802610757,0.0,0.24217802610757
1849,1849,0.0719716425095952,0.0,0.0719716425095952
1850,1850,0.47413355356567655,1.0,0.47413355356567655
1851,1851,0.04940696020598412,0.0,0.04940696020598412
1852,1852,0.42604041717322416,0.0,0.42604041717322416
1853,1853,0.40354139256819677,0.0,0.40354139256819677
1854,1854,0.9091355392911425,1.0,0.9091355392911425
1855,1855,0.18128697932354132,0.0,0.18128697932354132
1856,1856,0.6124091613908789,1.0,0.6124091613908789
1857,1857,0.25498236106367544,0.0,0.25498236106367544
1858,1858,0.8132151127716316,1.0,0.8132151127716316
1859,1859,0.07984609789908692,0.0,0.07984609789908692
1860,1860,0.3207384483071031,0.0,0.3207384483071031
1861,1861,0.789602911989338,1.0,0.789602911989338
1862,1862,0.3074004790943651,1.0,0.3074004790943651
1863,1863,0.1026546121288886,0.0,0.1026546121288886
1864,1864,0.7978021872066545,1.0,0.7978021872066545
1865,1865,0.9115559255645799,1.0,0.9115559255645799
1866,1866,0.36691602644434873,0.0,0.36691602644434873
1867,1867,0.657339065005593,0.0,0.657339065005593
1868,1868,0.1621629433219245,0.0,0.1621629433219245
1869,1869,0.24533650365857673,0.0,0.24533650365857673
1870,1870,0.4897415580158999,1.0,0.4897415580158999
1871,1871,0.32320696253242875,0.0,0.32320696253242875
1872,1872,0.19381733857588868,0.0,0.19381733857588868
1873,1873,0.43580598036639095,1.0,0.43580598036639095
1874,1874,0.6285480277064213,1.0,0.6285480277064213
1875,1875,0.04541550350097945,0.0,0.04541550350097945
1876,1876,0.16554382024262104,0.0,0.16554382024262104
1877,1877,0.9059392409997759,1.0,0.9059392409997759
1878,1878,0.723463311255328,1.0,0.723463311255328
1879,1879,0.8613250332360884,1.0,0.8613250332360884
1880,1880,0.7220128511375841,1.0,0.7220128511375841
1881,1881,0.06806473531420631,0.0,0.06806473531420631
1882,1882,0.5027885225447742,1.0,0.5027885225447742
1883,1883,0.13494851410300934,0.0,0.13494851410300934
1884,1884,0.4917477111107261,0.0,0.4917477111107261
1885,1885,0.8189577205286498,1.0,0.8189577205286498
1886,1886,0.6405265272512077,1.0,0.6405265272512077
1887,1887,0.2797490531668122,0.0,0.2797490531668122
1888,1888,0.6069314438578322,1.0,0.6069314438578322
1889,1889,0.4237504064808917,1.0,0.4237504064808917
1890,1890,0.01575779629590035,0.0,0.01575779629590035
1891,1891,0.730450487629272,1.0,0.730450487629272
1892,1892,0.6366715342705701,0.0,0.6366715342705701
1893,1893,0.3869514390008516,1.0,0.3869514390008516
1894,1894,0.5975498602183011,0.0,0.5975498602183011
1895,1895,0.706603733884383,1.0,0.706603733884383
1896,1896,0.45476666001688193,1.0,0.45476666001688193
1897,1897,0.6206688827285899,1.0,0.6206688827285899
1898,1898,0.39836996112102163,0.0,0.39836996112102163
1899,1899,0.9651959450994664,1.0,0.9651959450994664
1900,1900,0.6459954700899474,1.0,0.6459954700899474
1901,1901,0.7819059200886055,1.0,0.7819059200886055
1902,1902,0.8352673380792226,1.0,0.8352673380792226
1903,1903,0.41794092344363476,1.0,0.41794092344363476
1904,1904,0.6695450365095169,0.0,0.6695450365095169
1905,1905,0.6567267418786649,0.0,0.6567267418786649
1906,1906,0.7316645530580567,1.0,0.7316645530580567
1907,1907,0.17734237085894955,0.0,0.17734237085894955
1908,1908,0.5743487091014137,0.0,0.5743487091014137
1909,1909,0.07686510438780103,0.0,0.07686510438780103
1910,1910,0.8898478223164737,1.0,0.8898478223164737
1911,1911,0.6704283477712174,0.0,0.6704283477712174
1912,1912,0.6671311928572652,0.0,0.6671311928572652
1913,1913,0.42513250833145644,0.0,0.42513250833145644
1914,1914,0.2978486249210498,0.0,0.2978486249210498
1915,1915,0.13621702971914296,1.0,0.13621702971914296
1916,1916,0.6700062624367289,1.0,0.6700062624367289
1917,1917,0.9227203858962393,1.0,0.9227203858962393
1918,1918,0.07799107402691019,0.0,0.07799107402691019
1919,1919,0.8395105521667359,0.0,0.8395105521667359
1920,1920,0.047099488041671855,0.0,0.047099488041671855
1921,1921,0.3819328325849266,1.0,0.3819328325849266
1922,1922,0.9187857654917422,0.0,0.9187857654917422
1923,1923,0.2027720037342815,1.0,0.2027720037342815
1924,1924,0.2914170995642331,1.0,0.2914170995642331
1925,1925,0.5139475881450603,0.0,0.5139475881450603
1926,1926,0.3638157646065806,0.0,0.3638157646065806
1927,1927,0.03305411496034949,0.0,0.03305411496034949
1928,1928,0.6964873294566355,0.0,0.6964873294566355
1929,1929,0.22755907085192106,0.0,0.22755907085192106
1930,1930,0.18852637849968268,0.0,0.18852637849968268
1931,1931,0.4347145179061138,1.0,0.4347145179061138
1932,1932,0.5787227708124058,1.0,0.5787227708124058
1933,1933,0.00036147763606664274,0.0,0.00036147763606664274
1934,1934,0.9837569813710637,1.0,0.9837569813710637
1935,1935,0.1285329006233632,0.0,0.1285329006233632
1936,1936,0.7528780411565204,1.0,0.7528780411565204
1937,1937,0.4772153675257632,1.0,0.4772153675257632
1938,1938,0.8721428927442194,1.0,0.8721428927442194
1939,1939,0.8749291344124089,1.0,0.8749291344124089
1940,1940,0.5614290167718684,1.0,0.5614290167718684
1941,1941,0.22692206288850536,0.0,0.22692206288850536
1942,1942,0.220629768588403,0.0,0.220629768588403
1943,1943,0.913622049425933,1.0,0.913622049425933
1944,1944,0.4690936743584947,0.0,0.4690936743584947
1945,1945,0.19674916070627047,0.0,0.19674916070627047
1946,1946,0.22699637607760792,0.0,0.22699637607760792
1947,1947,0.007984071622017863,0.0,0.007984071622017863
1948,1948,0.7922401145529971,1.0,0.7922401145529971
1949,1949,0.56005719154353,1.0,0.56005719154353
1950,1950,0.29791245304504377,0.0,0.29791245304504377
1951,1951,0.5660555776491487,0.0,0.5660555776491487
1952,1952,0.3993454051300963,1.0,0.3993454051300963
1953,1953,0.35006470337842377,0.0,0.35006470337842377
1954,1954,0.3168338122179316,0.0,0.3168338122179316
1955,1955,0.4172538152225971,0.0,0.4172538152225971
1956,1956,0.1576576458955925,0.0,0.1576576458955925
1957,1957,0.9685800147535515,1.0,0.9685800147535515
1958,1958,0.9946499194389482,1.0,0.9946499194389482
1959,1959,0.34745980784944497,0.0,0.34745980784944497
1960,1960,0.5637148150728064,1.0,0.5637148150728064
1961,1961,0.8397555981823805,1.0,0.8397555981823805
1962,1962,0.44283314086377423,0.0,0.44283314086377423
1963,1963,0.5960184502316437,1.0,0.5960184502316437
1964,1964,0.29567802149107925,0.0,0.29567802149107925
1965,1965,0.8565059930836999,1.0,0.8565059930836999
1966,1966,0.5001518423494521,0.0,0.5001518423494521
1967,1967,0.4356012408945077,1.0,0.4356012408945077
1968,1968,0.5728400586487269,0.0,0.5728400586487269
1969,1969,0.9634451021982442,1.0,0.9634451021982442
1970,1970,0.6195452080234911,1.0,0.6195452080234911
1971,1971,0.4957790780117829,0.0,0.4957790780117829
1972,1972,0.5702635140162586,0.0,0.5702635140162586
1973,1973,0.438608127994782,1.0,0.438608127994782
1974,1974,0.9257621877750517,1.0,0.9257621877750517
1975,1975,0.2561967864521102,1.0,0.2561967864521102
1976,1976,0.803376452275421,1.0,0.803376452275421
1977,1977,0.15608673096235803,0.0,0.15608673096235803
1978,1978,0.6486663700506664,1.0,0.6486663700506664
1979,1979,0.04833039162275232,0.0,0.04833039162275232
1980,1980,0.898847484155207,1.0,0.898847484155207
1981,1981,0.6134827188640668,1.0,0.6134827188640668
1982,1982,0.0434766001685134,0.0,0.0434766001685134
1983,1983,0.5334268150905696,0.0,0.5334268150905696
1984,1984,0.9237521525196104,1.0,0.9237521525196104
1985,1985,0.11119572064634586,0.0,0.11119572064634586
1986,1986,0.5622577079706857,1.0,0.5622577079706857
1987,1987,0.306353190381359,1.0,0.306353190381359
1988,1988,0.12007780490633169,0.0,0.12007780490633169
1989,1989,0.05680322493975842,0.0,0.05680322493975842
1990,1990,0.3687051846717768,1.0,0.3687051846717768
1991,1991,0.10637759523573809,0.0,0.10637759523573809
1992,1992,0.006729437458999787,0.0,0.006729437458999787
1993,1993,0.49228695545454326,0.0,0.49228695545454326
1994,1994,0.7901306835486643,1.0,0.7901306835486643
1995,1995,0.8186968203265963,1.0,0.8186968203265963
1996,1996,0.4441488546933904,1.0,0.4441488546933904
1997,1997,0.47317111675937784,0.0,0.47317111675937784
1998,1998,0.34306689983138405,1.0,0.34306689983138405
1999,1999,0.9285330498028045,1.0,0.9285330498028045
2000,2000,0.220551751207265,0.0,0.220551751207265
2001,2001,0.29510072100722873,0.0,0.29510072100722873
2002,2002,0.2297915608880423,1.0,0.2297915608880423
2003,2003,0.9203485944714086,1.0,0.9203485944714086
2004,2004,0.6924978810555228,1.0,0.6924978810555228
2005,2005,0.9682721033728744,1.0,0.9682721033728744
2006,2006,0.3378499357612743,1.0,0.3378499357612743
2007,2007,0.5681321871926927,1.0,0.5681321871926927
2008,2008,0.9393067842420789,1.0,0.9393067842420789
2009,2009,0.005006960546469319,0.0,0.005006960546469319
2010,2010,0.4369491852077857,0.0,0.4369491852077857
2011,2011,0.6848388316651948,0.0,0.6848388316651948
2012,2012,0.046079759230077344,0.0,0.046079759230077344
2013,2013,0.6398799786788514,1.0,0.6398799786788514
2014,2014,0.9090236576523256,1.0,0.9090236576523256
2015,2015,0.20043782073549654,0.0,0.20043782073549654
2016,2016,0.3948838043058508,1.0,0.3948838043058508
2017,2017,0.9694061782548483,1.0,0.9694061782548483
2018,2018,0.738768129167243,1.0,0.738768129167243
2019,2019,0.8607187601913295,1.0,0.8607187601913295
2020,2020,0.7281317866812126,1.0,0.7281317866812126
2021,2021,0.3143590060533442,0.0,0.3143590060533442
2022,2022,0.740493961882614,1.0,0.740493961882614
2023,2023,0.2211872026960574,0.0,0.2211872026960574
2024,2024,0.595922268989195,1.0,0.595922268989195
2025,2025,0.5342195044498549,0.0,0.5342195044498549
2026,2026,0.37831120169657206,0.0,0.37831120169657206
2027,2027,0.5357021138257971,1.0,0.5357021138257971
2028,2028,0.5269108563640627,0.0,0.5269108563640627
2029,2029,0.4354798085770981,1.0,0.4354798085770981
2030,2030,0.2710565632442151,0.0,0.2710565632442151
2031,2031,0.4173120742319296,1.0,0.4173120742319296
2032,2032,0.8910491691539822,1.0,0.8910491691539822
2033,2033,0.3857014742913073,1.0,0.3857014742913073
2034,2034,0.6202683950021063,0.0,0.6202683950021063
2035,2035,0.5060922177590282,1.0,0.5060922177590282
2036,2036,0.45694105383866035,0.0,0.45694105383866035
2037,2037,0.17530148511647958,0.0,0.17530148511647958
2038,2038,0.990477276756708,1.0,0.990477276756708
2039,2039,0.2430761308976953,0.0,0.2430761308976953
2040,2040,0.1571048934953454,0.0,0.1571048934953454
2041,2041,0.3190417981252295,0.0,0.3190417981252295
2042,2042,0.10301925482150176,1.0,0.10301925482150176
2043,2043,0.4866097912498025,0.0,0.4866097912498025
2044,2044,0.054967631527464866,1.0,0.054967631527464866
2045,2045,0.24299310290719234,0.0,0.24299310290719234
2046,2046,0.6760414524736111,1.0,0.6760414524736111
2047,2047,0.9704688871238362,1.0,0.9704688871238362
2048,2048,0.9124296828290077,1.0,0.9124296828290077
2049,2049,0.5772769750847352,0.0,0.5772769750847352
2050,2050,0.5240742396153755,1.0,0.5240742396153755
2051,2051,0.1010695665427197,0.0,0.1010695665427197
2052,2052,0.5994676546067323,1.0,0.5994676546067323
2053,2053,0.8115432117018908,1.0,0.8115432117018908
2054,2054,0.9273494843126049,1.0,0.9273494843126049
2055,2055,0.28618286416117644,0.0,0.28618286416117644
2056,2056,0.595943297870991,1.0,0.595943297870991
2057,2057,0.13965758621379842,0.0,0.13965758621379842
2058,2058,0.33280260223597957,0.0,0.33280260223597957
2059,2059,0.6043957589510273,1.0,0.6043957589510273
2060,2060,0.403482203684693,0.0,0.403482203684693
2061,2061,0.21252845762576433,0.0,0.21252845762576433
2062,2062,0.6807195219000083,1.0,0.6807195219000083
2063,2063,0.22030458187958546,0.0,0.22030458187958546
2064,2064,0.25252027768972063,0.0,0.25252027768972063
2065,2065,0.46472294617367527,0.0,0.46472294617367527
2066,2066,0.7105649356969539,1.0,0.7105649356969539
2067,2067,0.1278123090819151,0.0,0.1278123090819151
2068,2068,0.4975631293861099,0.0,0.4975631293861099
2069,2069,0.04555231814570837,0.0,0.04555231814570837
2070,2070,0.7901128073545877,1.0,0.7901128073545877
2071,2071,0.11731069125561921,0.0,0.11731069125561921
2072,2072,0.5530427141892947,1.0,0.5530427141892947
2073,2073,0.29214655769437237,0.0,0.29214655769437237
2074,2074,0.609745948958601,1.0,0.609745948958601
2075,2075,0.30026478295595505,0.0,0.30026478295595505
2076,2076,0.9824029720996259,1.0,0.9824029720996259
2077,2077,0.03158973001400556,0.0,0.03158973001400556
2078,2078,0.31688085644886665,0.0,0.31688085644886665
2079,2079,0.3404725761701767,0.0,0.3404725761701767
2080,2080,0.15981310559278805,0.0,0.15981310559278805
2081,2081,0.693699299041923,1.0,0.693699299041923
2082,2082,0.7367273672067205,1.0,0.7367273672067205
2083,2083,0.25107422698946136,1.0,0.25107422698946136
2084,2084,0.07936953490530241,0.0,0.07936953490530241
2085,2085,0.24055655360290717,1.0,0.24055655360290717
2086,2086,0.8400592420742106,1.0,0.8400592420742106
2087,2087,0.8534238584580478,1.0,0.8534238584580478
2088,2088,0.40214671849122097,1.0,0.40214671849122097
2089,2089,0.8564014648507323,0.0,0.8564014648507323
2090,2090,0.37926778604017,0.0,0.37926778604017
2091,2091,0.7572124460490273,0.0,0.7572124460490273
2092,2092,0.6035483335887007,1.0,0.6035483335887007
2093,2093,0.07843171445092667,0.0,0.07843171445092667
2094,2094,0.6757393703761746,1.0,0.6757393703761746
2095,2095,0.9298236767017573,1.0,0.9298236767017573
2096,2096,0.7560140252585104,0.0,0.7560140252585104
2097,2097,0.033674722489189346,0.0,0.033674722489189346
2098,2098,0.382306657668522,1.0,0.382306657668522
2099,2099,0.07280326677435667,0.0,0.07280326677435667
2100,2100,0.6246211532004587,1.0,0.6246211532004587
2101,2101,0.6135971571904504,0.0,0.6135971571904504
2102,2102,0.9059852958587026,1.0,0.9059852958587026
2103,2103,0.6301101106112008,0.0,0.6301101106112008
2104,2104,0.6789514778993962,1.0,0.6789514778993962
2105,2105,0.9264578558740871,0.0,0.9264578558740871
2106,2106,0.027445908388372686,0.0,0.027445908388372686
2107,2107,0.09561763342247531,0.0,0.09561763342247531
2108,2108,0.7357548332063794,0.0,0.7357548332063794
2109,2109,0.09693372807149125,0.0,0.09693372807149125
2110,2110,0.8535055866251184,0.0,0.8535055866251184
2111,2111,0.11578248540363867,0.0,0.11578248540363867
2112,2112,0.7171404588195475,1.0,0.7171404588195475
2113,2113,0.2613828861855031,0.0,0.2613828861855031
2114,2114,0.11052646502171293,0.0,0.11052646502171293
2115,2115,0.21355279244225922,1.0,0.21355279244225922
2116,2116,0.2525974114144526,0.0,0.2525974114144526
2117,2117,0.7542048761441652,1.0,0.7542048761441652
2118,2118,0.841703793296303,1.0,0.841703793296303
2119,2119,0.9260054169761033,1.0,0.9260054169761033
2120,2120,0.5389570293203569,0.0,0.5389570293203569
2121,2121,0.02524208574238629,0.0,0.02524208574238629
2122,2122,0.056046182024833247,0.0,0.056046182024833247
2123,2123,0.6102294773794749,0.0,0.6102294773794749
2124,2124,0.2620388456320264,0.0,0.2620388456320264
2125,2125,0.9267630846937633,1.0,0.9267630846937633
2126,2126,0.9827146093349474,1.0,0.9827146093349474
2127,2127,0.14429858150566965,0.0,0.14429858150566965
2128,2128,0.5265913921162729,0.0,0.5265913921162729
2129,2129,0.8500254229693418,1.0,0.8500254229693418
2130,2130,0.9364955212814605,1.0,0.9364955212814605
2131,2131,0.2699889689174817,1.0,0.2699889689174817
2132,2132,0.810271775760792,1.0,0.810271775760792
2133,2133,0.4009351167180196,0.0,0.4009351167180196
2134,2134,0.3107550676802724,0.0,0.3107550676802724
2135,2135,0.7657696625922995,1.0,0.7657696625922995
2136,2136,0.036131539286902714,0.0,0.036131539286902714
2137,2137,0.3595719094926948,0.0,0.3595719094926948
2138,2138,0.37481035846901345,1.0,0.37481035846901345
2139,2139,0.9178430776531935,1.0,0.9178430776531935
2140,2140,0.23378370839622475,0.0,0.23378370839622475
2141,2141,0.8589889486084268,1.0,0.8589889486084268
2142,2142,0.7544810221798584,0.0,0.7544810221798584
2143,2143,0.39163143833731895,1.0,0.39163143833731895
2144,2144,0.9354172386042641,1.0,0.9354172386042641
2145,2145,0.6787846565395,1.0,0.6787846565395
2146,2146,0.6647387131811628,1.0,0.6647387131811628
2147,2147,0.41068891537902763,0.0,0.41068891537902763
2148,2148,0.013620357688752582,0.0,0.013620357688752582
2149,2149,0.522654766171121,1.0,0.522654766171121
2150,2150,0.04751454239582309,0.0,0.04751454239582309
2151,2151,0.6449448847773503,0.0,0.6449448847773503
2152,2152,0.4623233646760677,1.0,0.4623233646760677
2153,2153,0.15646202866769032,0.0,0.15646202866769032
2154,2154,0.9091452683420045,1.0,0.9091452683420045
2155,2155,0.13712583299228942,0.0,0.13712583299228942
2156,2156,0.15683811733372421,0.0,0.15683811733372421
2157,2157,0.8179827473376076,0.0,0.8179827473376076
2158,2158,0.18593201511001212,0.0,0.18593201511001212
2159,2159,0.817427264024692,1.0,0.817427264024692
2160,2160,0.2942672947690681,0.0,0.2942672947690681
2161,2161,0.026704590598076394,0.0,0.026704590598076394
2162,2162,0.12644171185642694,0.0,0.12644171185642694
2163,2163,0.14287468374480805,0.0,0.14287468374480805
2164,2164,0.11565541116432843,0.0,0.11565541116432843
2165,2165,0.09434628180513127,1.0,0.09434628180513127
2166,2166,0.606608383804048,1.0,0.606608383804048
2167,2167,0.9758223888807136,1.0,0.9758223888807136
2168,2168,0.23742023497703169,1.0,0.23742023497703169
2169,2169,0.13381692440635784,0.0,0.13381692440635784
2170,2170,0.7283612921953309,1.0,0.7283612921953309
2171,2171,0.7836229545900942,1.0,0.7836229545900942
2172,2172,0.25989626479599415,0.0,0.25989626479599415
2173,2173,0.3504586688430118,1.0,0.3504586688430118
2174,2174,0.2929613890344185,1.0,0.2929613890344185
2175,2175,0.8515455205703412,1.0,0.8515455205703412
2176,2176,0.49467916587027283,1.0,0.49467916587027283
2177,2177,0.05673857676402372,0.0,0.05673857676402372
2178,2178,0.17349757321259218,0.0,0.17349757321259218
2179,2179,0.2926350052913387,0.0,0.2926350052913387
2180,2180,0.8218479547467349,1.0,0.8218479547467349
2181,2181,0.9295793312178688,1.0,0.9295793312178688
2182,2182,0.9979538349619614,1.0,0.9979538349619614
2183,2183,0.19499034383050307,0.0,0.19499034383050307
2184,2184,0.26460643033059716,0.0,0.26460643033059716
2185,2185,0.33394081774080164,0.0,0.33394081774080164
2186,2186,0.7597508486838322,1.0,0.7597508486838322
2187,2187,0.024081945349271217,0.0,0.024081945349271217
2188,2188,0.11508982945167945,1.0,0.11508982945167945
2189,2189,0.9393970683753579,1.0,0.9393970683753579
2190,2190,0.3696350407285396,0.0,0.3696350407285396
2191,2191,0.7040454842134312,1.0,0.7040454842134312
2192,2192,0.5036437692104782,0.0,0.5036437692104782
2193,2193,0.6847173032018974,1.0,0.6847173032018974
2194,2194,0.706447077165244,1.0,0.706447077165244
2195,2195,0.7548539161848752,1.0,0.7548539161848752
2196,2196,0.14888992149860292,0.0,0.14888992149860292
2197,2197,0.4861151698487536,0.0,0.4861151698487536
2198,2198,0.05060822550464872,0.0,0.05060822550464872
2199,2199,0.1989644230591655,1.0,0.1989644230591655
2200,2200,0.23004575751478018,1.0,0.23004575751478018
2201,2201,0.625676576829749,1.0,0.625676576829749
2202,2202,0.2697115954647126,0.0,0.2697115954647126
2203,2203,0.9721184193978034,1.0,0.9721184193978034
2204,2204,0.2511642046298891,0.0,0.2511642046298891
2205,2205,0.44744352317073777,0.0,0.44744352317073777
2206,2206,0.12402465618644753,0.0,0.12402465618644753
2207,2207,0.39801449386344356,0.0,0.39801449386344356
2208,2208,0.206394960581623,0.0,0.206394960581623
2209,2209,0.0320475574662028,0.0,0.0320475574662028
2210,2210,0.6425225175299918,1.0,0.6425225175299918
2211,2211,0.6767862892082044,1.0,0.6767862892082044
2212,2212,0.8654695513032564,1.0,0.8654695513032564
2213,2213,0.931435728978003,1.0,0.931435728978003
2214,2214,0.9426284499234534,1.0,0.9426284499234534
2215,2215,0.3076645587192146,1.0,0.3076645587192146
2216,2216,0.3265879288862875,0.0,0.3265879288862875
2217,2217,0.17084337373370273,0.0,0.17084337373370273
2218,2218,0.2336818788029339,0.0,0.2336818788029339
2219,2219,0.8908917703840787,1.0,0.8908917703840787
2220,2220,0.8436238904866563,1.0,0.8436238904866563
2221,2221,0.829527725229076,1.0,0.829527725229076
2222,2222,0.9725136297040363,1.0,0.9725136297040363
2223,2223,0.13837675017604056,1.0,0.13837675017604056
2224,2224,0.30389090132243957,0.0,0.30389090132243957
2225,2225,0.4409607389867297,0.0,0.4409607389867297
2226,2226,0.14053313226470143,1.0,0.14053313226470143
2227,2227,0.7207567251448401,1.0,0.7207567251448401
2228,2228,0.30374781108662496,0.0,0.30374781108662496
2229,2229,0.33932955019088473,0.0,0.33932955019088473
2230,2230,0.8723615651789406,1.0,0.8723615651789406
2231,2231,0.5480673971644251,1.0,0.5480673971644251
2232,2232,0.39394395292927464,0.0,0.39394395292927464
2233,2233,0.47286556290032433,0.0,0.47286556290032433
2234,2234,0.31213525545079557,0.0,0.31213525545079557
2235,2235,0.40064864452496485,1.0,0.40064864452496485
2236,2236,0.4967329991541435,0.0,0.4967329991541435
2237,2237,0.8158298376214421,1.0,0.8158298376214421
2238,2238,0.6252916245828936,0.0,0.6252916245828936
2239,2239,0.8223739221193825,1.0,0.8223739221193825
2240,2240,0.8805077979705559,1.0,0.8805077979705559
2241,2241,0.3141446172289999,0.0,0.3141446172289999
2242,2242,0.8258906431579559,0.0,0.8258906431579559
2243,2243,0.7046209875515723,1.0,0.7046209875515723
2244,2244,0.36871995408493474,0.0,0.36871995408493474
2245,2245,0.3730558933440751,0.0,0.3730558933440751
2246,2246,0.33434041770372747,0.0,0.33434041770372747
2247,2247,0.8651593408725458,1.0,0.8651593408725458
2248,2248,0.19298243082053124,0.0,0.19298243082053124
2249,2249,0.9765204810743056,1.0,0.9765204810743056
2250,2250,0.4818303982013329,0.0,0.4818303982013329
2251,2251,0.8173496914252731,1.0,0.8173496914252731
2252,2252,0.4818038243887769,1.0,0.4818038243887769
2253,2253,0.5563499316814066,0.0,0.5563499316814066
2254,2254,0.1515680418312495,0.0,0.1515680418312495
2255,2255,0.3130038435744411,0.0,0.3130038435744411
2256,2256,0.7024689144900474,0.0,0.7024689144900474
2257,2257,0.6843003550088933,1.0,0.6843003550088933
2258,2258,0.07745279523743631,0.0,0.07745279523743631
2259,2259,0.9693815766490407,1.0,0.9693815766490407
2260,2260,0.015739020405092674,0.0,0.015739020405092674
2261,2261,0.6838993038730208,1.0,0.6838993038730208
2262,2262,0.46503291436004757,0.0,0.46503291436004757
2263,2263,0.24370005172266251,1.0,0.24370005172266251
2264,2264,0.7134185554376645,1.0,0.7134185554376645
2265,2265,0.2336341371754257,0.0,0.2336341371754257
2266,2266,0.7059391688852302,1.0,0.7059391688852302
2267,2267,0.25125946681151745,0.0,0.25125946681151745
2268,2268,0.472432611161247,0.0,0.472432611161247
2269,2269,0.7824375411090743,1.0,0.7824375411090743
2270,2270,0.2512119893625976,0.0,0.2512119893625976
2271,2271,0.6256602926547423,0.0,0.6256602926547423
2272,2272,0.7489187922941145,1.0,0.7489187922941145
2273,2273,0.6745756416172929,0.0,0.6745756416172929
2274,2274,0.14139989258806884,0.0,0.14139989258806884
2275,2275,0.5763063698596163,0.0,0.5763063698596163
2276,2276,0.7527135463606871,0.0,0.7527135463606871
2277,2277,0.7798265045348081,1.0,0.7798265045348081
2278,2278,0.706472052794243,0.0,0.706472052794243
2279,2279,0.7488130995874696,1.0,0.7488130995874696
2280,2280,0.6536563535813006,1.0,0.6536563535813006
2281,2281,0.2552050383776403,0.0,0.2552050383776403
2282,2282,0.5635088070112145,1.0,0.5635088070112145
2283,2283,0.6990838064797211,0.0,0.6990838064797211
2284,2284,0.5868278125722871,0.0,0.5868278125722871
2285,2285,0.904767081512858,1.0,0.904767081512858
2286,2286,0.7346821912772494,1.0,0.7346821912772494
2287,2287,0.9168670502756204,1.0,0.9168670502756204
2288,2288,0.6200446960059035,1.0,0.6200446960059035
2289,2289,0.2702738983262758,0.0,0.2702738983262758
2290,2290,0.6830038658046104,1.0,0.6830038658046104
2291,2291,0.013287003311912127,0.0,0.013287003311912127
2292,2292,0.7948334413851746,1.0,0.7948334413851746
2293,2293,0.8787034642144216,1.0,0.8787034642144216
2294,2294,0.6640983828391672,1.0,0.6640983828391672
2295,2295,0.8135437967707594,1.0,0.8135437967707594
2296,2296,0.7769184851211091,1.0,0.7769184851211091
2297,2297,0.8743267964258912,1.0,0.8743267964258912
2298,2298,0.5379179041031852,0.0,0.5379179041031852
2299,2299,0.544589868732305,1.0,0.544589868732305
2300,2300,0.7756085074748393,1.0,0.7756085074748393
2301,2301,0.39851460810166117,0.0,0.39851460810166117
2302,2302,0.3974410640112622,0.0,0.3974410640112622
2303,2303,0.882685788562899,1.0,0.882685788562899
2304,2304,0.828353747002179,0.0,0.828353747002179
2305,2305,0.2342351994066071,0.0,0.2342351994066071
2306,2306,0.04417631914229836,1.0,0.04417631914229836
2307,2307,0.079654473276483,0.0,0.079654473276483
2308,2308,0.6154147240564571,0.0,0.6154147240564571
2309,2309,0.5757039853870172,0.0,0.5757039853870172
2310,2310,0.2522369422727718,0.0,0.2522369422727718
2311,2311,0.9455436924068452,1.0,0.9455436924068452
2312,2312,0.9529883494159216,1.0,0.9529883494159216
2313,2313,0.9695551205208974,1.0,0.9695551205208974
2314,2314,0.022731790672792518,0.0,0.022731790672792518
2315,2315,0.9875261572251788,1.0,0.9875261572251788
2316,2316,0.9645056959157349,1.0,0.9645056959157349
2317,2317,0.4828552739708917,1.0,0.4828552739708917
2318,2318,0.8646463328669246,1.0,0.8646463328669246
2319,2319,0.466809761637487,0.0,0.466809761637487
2320,2320,0.49313628377077423,1.0,0.49313628377077423
2321,2321,0.714267637041474,1.0,0.714267637041474
2322,2322,0.8355110282648457,0.0,0.8355110282648457
2323,2323,0.6461297402264957,0.0,0.6461297402264957
2324,2324,0.7767081501151204,1.0,0.7767081501151204
2325,2325,0.62747161456837,0.0,0.62747161456837
2326,2326,0.40941398471375534,0.0,0.40941398471375534
2327,2327,0.1686886375512997,1.0,0.1686886375512997
2328,2328,0.3428790355044573,1.0,0.3428790355044573
2329,2329,0.6473015489915461,0.0,0.6473015489915461
2330,2330,0.6008405375397571,1.0,0.6008405375397571
2331,2331,0.2338193351931409,0.0,0.2338193351931409
2332,2332,0.2665812966833728,0.0,0.2665812966833728
2333,2333,0.4682468211233133,0.0,0.4682468211233133
2334,2334,0.8105176740573761,1.0,0.8105176740573761
2335,2335,0.398724238873683,1.0,0.398724238873683
2336,2336,0.9336203354792081,1.0,0.9336203354792081
2337,2337,0.24308940188190675,0.0,0.24308940188190675
2338,2338,0.9229400836875519,1.0,0.9229400836875519
2339,2339,0.39049780364906994,0.0,0.39049780364906994
2340,2340,0.45167608721889907,1.0,0.45167608721889907
2341,2341,0.9450046366635133,1.0,0.9450046366635133
2342,2342,0.3474028561575765,0.0,0.3474028561575765
2343,2343,0.1594317825703081,1.0,0.1594317825703081
2344,2344,0.25872808464072816,0.0,0.25872808464072816
2345,2345,0.48412729212234484,1.0,0.48412729212234484
2346,2346,0.9152262906888702,1.0,0.9152262906888702
2347,2347,0.4313020185001353,0.0,0.4313020185001353
2348,2348,0.730053944259304,1.0,0.730053944259304
2349,2349,0.6914492225990867,1.0,0.6914492225990867
2350,2350,0.42257741576487273,1.0,0.42257741576487273
2351,2351,0.7489381953038712,1.0,0.7489381953038712
2352,2352,0.9547827566441611,1.0,0.9547827566441611
2353,2353,0.5714318370129341,1.0,0.5714318370129341
2354,2354,0.9483677957128005,1.0,0.9483677957128005
2355,2355,0.1872189200665364,0.0,0.1872189200665364
2356,2356,0.14495675325508117,0.0,0.14495675325508117
2357,2357,0.6694526509970969,0.0,0.6694526509970969
2358,2358,0.004555261419566747,0.0,0.004555261419566747
2359,2359,0.5220538297106128,1.0,0.5220538297106128
2360,2360,0.41415261925929914,1.0,0.41415261925929914
2361,2361,0.7647080515684027,0.0,0.7647080515684027
2362,2362,0.6087946154616015,0.0,0.6087946154616015
2363,2363,0.3828539562627191,1.0,0.3828539562627191
2364,2364,0.22630627206029386,0.0,0.22630627206029386
2365,2365,0.9380895055879508,1.0,0.9380895055879508
2366,2366,0.5826443521557616,1.0,0.5826443521557616
2367,2367,0.6765966990558517,1.0,0.6765966990558517
2368,2368,0.6881412798536535,1.0,0.6881412798536535
2369,2369,0.7463932479390295,0.0,0.7463932479390295
2370,2370,0.6730293426008268,1.0,0.6730293426008268
2371,2371,0.6078691038554674,0.0,0.6078691038554674
2372,2372,0.11116683692601048,0.0,0.11116683692601048
2373,2373,0.2911352597847442,0.0,0.2911352597847442
2374,2374,0.30089929126375436,0.0,0.30089929126375436
2375,2375,0.4561775093894177,1.0,0.4561775093894177
2376,2376,0.8596432226628549,1.0,0.8596432226628549
2377,2377,0.409358780562307,0.0,0.409358780562307
2378,2378,0.008084581221674103,0.0,0.008084581221674103
2379,2379,0.75574892493987,1.0,0.75574892493987
2380,2380,0.30383398726879796,0.0,0.30383398726879796
2381,2381,0.7731511540390118,1.0,0.7731511540390118
2382,2382,0.940620747259656,1.0,0.940620747259656
2383,2383,0.07067303151542137,0.0,0.07067303151542137
2384,2384,0.7636676605679019,1.0,0.7636676605679019
2385,2385,0.2697030738774321,1.0,0.2697030738774321
2386,2386,0.7332207747147332,0.0,0.7332207747147332
2387,2387,0.11734327212472984,0.0,0.11734327212472984
2388,2388,0.0800250956327494,1.0,0.0800250956327494
2389,2389,0.3503759909329963,0.0,0.3503759909329963
2390,2390,0.07281512848140359,0.0,0.07281512848140359
2391,2391,0.9965170827285869,1.0,0.9965170827285869
2392,2392,0.8264486553957621,1.0,0.8264486553957621
2393,2393,0.5736587826864492,1.0,0.5736587826864492
2394,2394,0.7777421747756433,0.0,0.7777421747756433
2395,2395,0.06100896204545625,0.0,0.06100896204545625
2396,2396,0.9554436251488125,1.0,0.9554436251488125
2397,2397,0.8382075448545376,0.0,0.8382075448545376
2398,2398,0.2952035392305318,0.0,0.2952035392305318
2399,2399,0.792232301877535,1.0,0.792232301877535
2400,2400,0.8067968429879259,1.0,0.8067968429879259
2401,2401,0.0643624615387215,1.0,0.0643624615387215
2402,2402,0.7267919661172773,0.0,0.7267919661172773
2403,2403,0.30596249400545816,1.0,0.30596249400545816
2404,2404,0.8437380389005967,1.0,0.8437380389005967
2405,2405,0.7583749921149281,0.0,0.7583749921149281
2406,2406,0.40559607384760055,0.0,0.40559607384760055
2407,2407,0.2032971314906976,0.0,0.2032971314906976
2408,2408,0.8678439687587677,1.0,0.8678439687587677
2409,2409,0.6046252349034072,0.0,0.6046252349034072
2410,2410,0.8159972811479675,0.0,0.8159972811479675
2411,2411,0.20766415749920164,0.0,0.20766415749920164
2412,2412,0.985306248889395,1.0,0.985306248889395
2413,2413,0.1356256800443768,0.0,0.1356256800443768
2414,2414,0.9406137200944996,1.0,0.9406137200944996
2415,2415,0.1675215468849286,0.0,0.1675215468849286
2416,2416,0.991839475676837,1.0,0.991839475676837
2417,2417,0.7824993231266445,1.0,0.7824993231266445
2418,2418,0.5972366980899659,0.0,0.5972366980899659
2419,2419,0.5987979136257945,1.0,0.5987979136257945
2420,2420,0.965765372026917,1.0,0.965765372026917
2421,2421,0.27920542623717803,0.0,0.27920542623717803
2422,2422,0.5957821268204956,0.0,0.5957821268204956
2423,2423,0.172711386685374,0.0,0.172711386685374
2424,2424,0.5014575198763073,1.0,0.5014575198763073
2425,2425,0.685973263676156,0.0,0.685973263676156
2426,2426,0.7533421154290193,0.0,0.7533421154290193
2427,2427,0.2276899080741296,0.0,0.2276899080741296
2428,2428,0.7216114050642213,1.0,0.7216114050642213
2429,2429,0.8107393463393251,1.0,0.8107393463393251
2430,2430,0.4824924864361134,0.0,0.4824924864361134
2431,2431,0.7394852100094683,0.0,0.7394852100094683
2432,2432,0.8565993456074783,1.0,0.8565993456074783
2433,2433,0.5177660530445634,1.0,0.5177660530445634
2434,2434,0.6671117260014887,1.0,0.6671117260014887
2435,2435,0.8767523286105774,1.0,0.8767523286105774
2436,2436,0.6567450219777962,0.0,0.6567450219777962
2437,2437,0.04111257701711546,0.0,0.04111257701711546
2438,2438,0.3457155583169882,1.0,0.3457155583169882
2439,2439,0.493112835586612,0.0,0.493112835586612
2440,2440,0.2339444338381872,0.0,0.2339444338381872
2441,2441,0.8123982185847723,1.0,0.8123982185847723
2442,2442,0.6484008610027898,0.0,0.6484008610027898
2443,2443,0.04306153455859962,0.0,0.04306153455859962
2444,2444,0.8315214904439169,1.0,0.8315214904439169
2445,2445,0.324860375866622,0.0,0.324860375866622
2446,2446,0.5270016909421896,0.0,0.5270016909421896
2447,2447,0.4223560927985126,1.0,0.4223560927985126
2448,2448,0.9279216864240653,1.0,0.9279216864240653
2449,2449,0.40995086426060046,0.0,0.40995086426060046
2450,2450,0.07789376089875266,0.0,0.07789376089875266
2451,2451,0.0584550714192591,0.0,0.0584550714192591
2452,2452,0.7877010139638424,1.0,0.7877010139638424
2453,2453,0.8179047742052125,0.0,0.8179047742052125
2454,2454,0.5074780109268356,1.0,0.5074780109268356
2455,2455,0.09260799127844399,0.0,0.09260799127844399
2456,2456,0.9669397055202009,1.0,0.9669397055202009
2457,2457,0.0004955770110941504,0.0,0.0004955770110941504
2458,2458,0.7613746648411327,1.0,0.7613746648411327
2459,2459,0.8948291506147973,1.0,0.8948291506147973
2460,2460,0.012175417724392346,0.0,0.012175417724392346
2461,2461,0.4885232010754639,0.0,0.4885232010754639
2462,2462,0.22212347323826465,0.0,0.22212347323826465
2463,2463,0.3741068448566549,0.0,0.3741068448566549
2464,2464,0.2844773602744568,0.0,0.2844773602744568
2465,2465,0.44338286856273157,0.0,0.44338286856273157
2466,2466,0.5017341023927651,1.0,0.5017341023927651
2467,2467,0.6458306610073752,1.0,0.6458306610073752
2468,2468,0.7525620214893289,1.0,0.7525620214893289
2469,2469,0.8802111828435795,1.0,0.8802111828435795
2470,2470,0.5948731060346434,1.0,0.5948731060346434
2471,2471,0.3958651721335704,0.0,0.3958651721335704
2472,2472,0.6693056573441507,0.0,0.6693056573441507
2473,2473,0.08914502406451486,0.0,0.08914502406451486
2474,2474,0.8432409820272189,1.0,0.8432409820272189
2475,2475,0.008864370686610945,0.0,0.008864370686610945
2476,2476,0.7505058369202929,1.0,0.7505058369202929
2477,2477,0.7597816240573634,1.0,0.7597816240573634
2478,2478,0.926172494519748,1.0,0.926172494519748
2479,2479,0.793919088318062,0.0,0.793919088318062
2480,2480,0.5665844908275358,0.0,0.5665844908275358
2481,2481,0.3015027420209251,0.0,0.3015027420209251
2482,2482,0.013773781195879464,0.0,0.013773781195879464
2483,2483,0.7238835964709496,1.0,0.7238835964709496
2484,2484,0.10287930902465625,0.0,0.10287930902465625
2485,2485,0.0739562123948202,1.0,0.0739562123948202
2486,2486,0.45157355030938795,0.0,0.45157355030938795
2487,2487,0.8707628549610461,1.0,0.8707628549610461
2488,2488,0.17377017943257234,0.0,0.17377017943257234
2489,2489,0.09657332824924802,0.0,0.09657332824924802
2490,2490,0.8221266748130168,1.0,0.8221266748130168
2491,2491,0.21045682870824445,0.0,0.21045682870824445
2492,2492,0.49711458035540856,0.0,0.49711458035540856
2493,2493,0.08975925147961028,0.0,0.08975925147961028
2494,2494,0.688228341917257,1.0,0.688228341917257
2495,2495,0.4692672307062946,0.0,0.4692672307062946
2496,2496,0.2971779150788185,0.0,0.2971779150788185
2497,2497,0.218761318097633,0.0,0.218761318097633
2498,2498,0.9582353774408839,1.0,0.9582353774408839
2499,2499,0.794662002870402,1.0,0.794662002870402
2500,2500,0.5955127333068615,0.0,0.5955127333068615
2501,2501,0.9819563847777604,1.0,0.9819563847777604
2502,2502,0.8637380911843233,1.0,0.8637380911843233
2503,2503,0.4272801575559396,0.0,0.4272801575559396
2504,2504,0.30124926152787546,1.0,0.30124926152787546
2505,2505,0.9576646986450787,1.0,0.9576646986450787
2506,2506,0.2988631284940917,1.0,0.2988631284940917
2507,2507,0.6017677638969431,1.0,0.6017677638969431
2508,2508,0.08895249976710529,0.0,0.08895249976710529
2509,2509,0.4312077410524827,0.0,0.4312077410524827
2510,2510,0.7704389096127969,0.0,0.7704389096127969
2511,2511,0.8309713218959462,1.0,0.8309713218959462
2512,2512,0.8414164133991,1.0,0.8414164133991
2513,2513,0.9304024438796977,1.0,0.9304024438796977
2514,2514,0.3093970762467698,1.0,0.3093970762467698
2515,2515,0.5565951757565277,1.0,0.5565951757565277
2516,2516,0.32959488191448805,0.0,0.32959488191448805
2517,2517,0.988442301528393,1.0,0.988442301528393
2518,2518,0.6038403905073286,1.0,0.6038403905073286
2519,2519,0.3293060099804135,0.0,0.3293060099804135
2520,2520,0.4716557179439651,0.0,0.4716557179439651
2521,2521,0.17740213272542216,0.0,0.17740213272542216
2522,2522,0.44795728053557504,0.0,0.44795728053557504
2523,2523,0.6989014612583963,1.0,0.6989014612583963
2524,2524,0.4940476008769553,1.0,0.4940476008769553
2525,2525,0.636810338114536,1.0,0.636810338114536
2526,2526,0.04048738140430974,0.0,0.04048738140430974
2527,2527,0.407758177522774,0.0,0.407758177522774
2528,2528,0.27668917746418,0.0,0.27668917746418
2529,2529,0.16435319363866774,0.0,0.16435319363866774
2530,2530,0.9713138039358585,1.0,0.9713138039358585
2531,2531,0.7643990218820514,1.0,0.7643990218820514
2532,2532,0.8747444145042914,0.0,0.8747444145042914
2533,2533,0.9434850453537026,1.0,0.9434850453537026
2534,2534,0.9085336797098982,1.0,0.9085336797098982
2535,2535,0.6960519566906136,0.0,0.6960519566906136
2536,2536,0.35730741913954545,1.0,0.35730741913954545
2537,2537,0.7626387428304203,0.0,0.7626387428304203
2538,2538,0.5408431269373167,0.0,0.5408431269373167
2539,2539,0.486415099214935,1.0,0.486415099214935
2540,2540,0.584980120166342,0.0,0.584980120166342
2541,2541,0.769725370753647,1.0,0.769725370753647
2542,2542,0.048577892660953914,0.0,0.048577892660953914
2543,2543,0.7574727327469472,1.0,0.7574727327469472
2544,2544,0.7735249608850274,1.0,0.7735249608850274
2545,2545,0.64399027095658,1.0,0.64399027095658
2546,2546,0.33774355657573973,0.0,0.33774355657573973
2547,2547,0.6088720156131315,1.0,0.6088720156131315
2548,2548,0.061672771014158356,0.0,0.061672771014158356
2549,2549,0.47625398217181913,1.0,0.47625398217181913
2550,2550,0.5192815877998465,1.0,0.5192815877998465
2551,2551,0.9071572210628386,1.0,0.9071572210628386
2552,2552,0.6366900911848805,1.0,0.6366900911848805
2553,2553,0.35195900290458026,1.0,0.35195900290458026
2554,2554,0.9973111833715589,1.0,0.9973111833715589
2555,2555,0.6385623197603724,1.0,0.6385623197603724
2556,2556,0.1250995147269831,0.0,0.1250995147269831
2557,2557,0.7616178367683358,0.0,0.7616178367683358
2558,2558,0.4406287281855925,1.0,0.4406287281855925
2559,2559,0.9664537512241801,0.0,0.9664537512241801
2560,2560,0.7096724268167697,1.0,0.7096724268167697
2561,2561,0.7232633982125511,1.0,0.7232633982125511
2562,2562,0.25642656676637987,0.0,0.25642656676637987
2563,2563,0.20449621361965575,0.0,0.20449621361965575
2564,2564,0.9845333050910885,1.0,0.9845333050910885
2565,2565,0.17526910295744857,0.0,0.17526910295744857
2566,2566,0.6885240189718771,1.0,0.6885240189718771
2567,2567,0.6133857134403731,0.0,0.6133857134403731
2568,2568,0.14769706216898848,0.0,0.14769706216898848
2569,2569,0.8094530531634121,1.0,0.8094530531634121
2570,2570,0.9003626090252069,0.0,0.9003626090252069
2571,2571,0.17661940160395462,1.0,0.17661940160395462
2572,2572,0.6644589760956616,0.0,0.6644589760956616
2573,2573,0.29313050168403754,0.0,0.29313050168403754
2574,2574,0.9605097839203893,1.0,0.9605097839203893
2575,2575,0.18847165953663314,0.0,0.18847165953663314
2576,2576,0.6293791891833332,0.0,0.6293791891833332
2577,2577,0.9916206459188598,1.0,0.9916206459188598
2578,2578,0.4444432992977746,0.0,0.4444432992977746
2579,2579,0.0590594712721626,0.0,0.0590594712721626
2580,2580,0.4129719073676894,0.0,0.4129719073676894
2581,2581,0.48372473802425453,0.0,0.48372473802425453
2582,2582,0.5194016014994512,1.0,0.5194016014994512
2583,2583,0.859577661975275,1.0,0.859577661975275
2584,2584,0.636988208423623,0.0,0.636988208423623
2585,2585,0.3111457863457363,1.0,0.3111457863457363
2586,2586,0.06961364316488561,0.0,0.06961364316488561
2587,2587,0.7362715847370269,1.0,0.7362715847370269
2588,2588,0.9210987498673648,1.0,0.9210987498673648
2589,2589,0.9965863057623098,1.0,0.9965863057623098
2590,2590,0.6094735698605822,1.0,0.6094735698605822
2591,2591,0.23216774806657436,1.0,0.23216774806657436
2592,2592,0.4316022486914547,1.0,0.4316022486914547
2593,2593,0.5388767010709754,0.0,0.5388767010709754
2594,2594,0.7772632270022977,1.0,0.7772632270022977
2595,2595,0.39377377159196036,1.0,0.39377377159196036
2596,2596,0.9858683753560505,1.0,0.9858683753560505
2597,2597,0.04083566456737531,0.0,0.04083566456737531
2598,2598,0.5709552943151902,0.0,0.5709552943151902
2599,2599,0.7887204143731619,1.0,0.7887204143731619
2600,2600,0.2723801802341004,0.0,0.2723801802341004
2601,2601,0.8274407889614196,1.0,0.8274407889614196
2602,2602,0.22321787020863082,1.0,0.22321787020863082
2603,2603,0.33149767081046666,1.0,0.33149767081046666
2604,2604,0.6257810013184372,1.0,0.6257810013184372
2605,2605,0.7971174818441806,1.0,0.7971174818441806
2606,2606,0.5732368987410259,1.0,0.5732368987410259
2607,2607,0.6269661543549997,1.0,0.6269661543549997
2608,2608,0.29547406891431904,0.0,0.29547406891431904
2609,2609,0.11294854419246037,1.0,0.11294854419246037
2610,2610,0.529622649959845,1.0,0.529622649959845
2611,2611,0.8637692083572953,1.0,0.8637692083572953
2612,2612,0.37191175138016563,1.0,0.37191175138016563
2613,2613,0.5720637945847609,1.0,0.5720637945847609
2614,2614,0.06792402386823126,0.0,0.06792402386823126
2615,2615,0.7785732259791406,1.0,0.7785732259791406
2616,2616,0.19003744818033197,0.0,0.19003744818033197
2617,2617,0.8955744475580595,1.0,0.8955744475580595
2618,2618,0.45935175744635515,0.0,0.45935175744635515
2619,2619,0.6490854226882592,1.0,0.6490854226882592
2620,2620,0.6009194634902939,0.0,0.6009194634902939
2621,2621,0.964798144305775,1.0,0.964798144305775
2622,2622,0.04921838020562852,0.0,0.04921838020562852
2623,2623,0.3667425160565405,1.0,0.3667425160565405
2624,2624,0.011183323648109034,0.0,0.011183323648109034
2625,2625,0.5276954230928282,0.0,0.5276954230928282
2626,2626,0.41415960825871234,0.0,0.41415960825871234
2627,2627,0.4489059757860715,0.0,0.4489059757860715
2628,2628,0.9285715531896422,1.0,0.9285715531896422
2629,2629,0.30723015942739085,0.0,0.30723015942739085
2630,2630,0.4967584910994307,1.0,0.4967584910994307
2631,2631,0.4371107697298673,0.0,0.4371107697298673
2632,2632,0.7860909718709836,1.0,0.7860909718709836
2633,2633,0.3745568868975052,1.0,0.3745568868975052
2634,2634,0.8176485690630201,0.0,0.8176485690630201
2635,2635,0.597713749503226,1.0,0.597713749503226
2636,2636,0.25104421746078776,0.0,0.25104421746078776
2637,2637,0.9635343316248768,1.0,0.9635343316248768
2638,2638,0.8758389982480045,1.0,0.8758389982480045
2639,2639,0.41522927937720133,1.0,0.41522927937720133
2640,2640,0.3972381261089034,0.0,0.3972381261089034
2641,2641,0.804782591672763,1.0,0.804782591672763
2642,2642,0.37552860272437605,1.0,0.37552860272437605
2643,2643,0.041060989772725764,0.0,0.041060989772725764
2644,2644,0.8113332950986347,1.0,0.8113332950986347
2645,2645,0.5132566141144735,1.0,0.5132566141144735
2646,2646,0.8490853305665003,1.0,0.8490853305665003
2647,2647,0.15479477397966268,0.0,0.15479477397966268
2648,2648,0.1485017439839471,0.0,0.1485017439839471
2649,2649,0.2396382433350973,1.0,0.2396382433350973
2650,2650,0.2405480293134704,1.0,0.2405480293134704
2651,2651,0.2387718414435993,0.0,0.2387718414435993
2652,2652,0.2776617138862375,0.0,0.2776617138862375
2653,2653,0.21547132998196372,0.0,0.21547132998196372
2654,2654,0.17112387619228886,0.0,0.17112387619228886
2655,2655,0.1451983697368211,1.0,0.1451983697368211
2656,2656,0.8653252061539081,1.0,0.8653252061539081
2657,2657,0.9918747924580662,1.0,0.9918747924580662
2658,2658,0.026348752349989346,0.0,0.026348752349989346
2659,2659,0.527559620134702,0.0,0.527559620134702
2660,2660,0.14940739827961802,0.0,0.14940739827961802
2661,2661,0.6493454513757034,1.0,0.6493454513757034
2662,2662,0.992962357646831,1.0,0.992962357646831
2663,2663,0.2530442395999435,1.0,0.2530442395999435
2664,2664,0.5905291505829912,1.0,0.5905291505829912
2665,2665,0.14713360963308353,0.0,0.14713360963308353
2666,2666,0.2117166949005327,0.0,0.2117166949005327
2667,2667,0.6412503572233343,1.0,0.6412503572233343
2668,2668,0.9391303746537262,1.0,0.9391303746537262
2669,2669,0.5197313951362326,0.0,0.5197313951362326
2670,2670,0.946554508304722,1.0,0.946554508304722
2671,2671,0.9286987262213127,1.0,0.9286987262213127
2672,2672,0.511282549611362,1.0,0.511282549611362
2673,2673,0.2771754045687479,0.0,0.2771754045687479
2674,2674,0.9686946564932727,1.0,0.9686946564932727
2675,2675,0.7666251161620533,1.0,0.7666251161620533
2676,2676,0.5872224891193687,1.0,0.5872224891193687
2677,2677,0.06134246128088838,0.0,0.06134246128088838
2678,2678,0.8993087993627908,1.0,0.8993087993627908
2679,2679,0.46914587734645385,1.0,0.46914587734645385
2680,2680,0.89812565457507,1.0,0.89812565457507
2681,2681,0.325382080186124,0.0,0.325382080186124
2682,2682,0.9302827127111034,1.0,0.9302827127111034
2683,2683,0.30165224283360126,1.0,0.30165224283360126
2684,2684,0.3781989748582829,0.0,0.3781989748582829
2685,2685,0.4985691632199668,1.0,0.4985691632199668
2686,2686,0.09695231465244791,0.0,0.09695231465244791
2687,2687,0.05211287379025997,0.0,0.05211287379025997
2688,2688,0.06581362834031501,0.0,0.06581362834031501
2689,2689,0.9505008597697525,1.0,0.9505008597697525
2690,2690,0.48992521275698586,0.0,0.48992521275698586
2691,2691,0.15576092423052001,0.0,0.15576092423052001
2692,2692,0.3758166296377625,1.0,0.3758166296377625
2693,2693,0.732138482068041,1.0,0.732138482068041
2694,2694,0.10723040025233044,0.0,0.10723040025233044
2695,2695,0.7524028476611088,1.0,0.7524028476611088
2696,2696,0.32138610280430746,1.0,0.32138610280430746
2697,2697,0.09651540217514398,0.0,0.09651540217514398
2698,2698,0.6879559942599665,1.0,0.6879559942599665
2699,2699,0.42443441618189937,0.0,0.42443441618189937
2700,2700,0.5542977670425588,1.0,0.5542977670425588
2701,2701,0.007133534468877656,0.0,0.007133534468877656
2702,2702,0.6195618510747087,1.0,0.6195618510747087
2703,2703,0.6689774308771692,0.0,0.6689774308771692
2704,2704,0.5012622120688446,0.0,0.5012622120688446
2705,2705,0.5110225707287289,1.0,0.5110225707287289
2706,2706,0.896340112957226,1.0,0.896340112957226
2707,2707,0.00750487425638291,0.0,0.00750487425638291
2708,2708,0.3797037967272333,0.0,0.3797037967272333
2709,2709,0.8149330012577224,1.0,0.8149330012577224
2710,2710,0.49594295068222993,0.0,0.49594295068222993
2711,2711,0.7433614476635481,1.0,0.7433614476635481
2712,2712,0.6819394599315723,1.0,0.6819394599315723
2713,2713,0.6463657150829382,1.0,0.6463657150829382
2714,2714,0.7263210315348183,1.0,0.7263210315348183
2715,2715,0.09734461699187436,0.0,0.09734461699187436
2716,2716,0.5166752204481231,1.0,0.5166752204481231
2717,2717,0.03738179671234576,0.0,0.03738179671234576
2718,2718,0.8117825525356434,0.0,0.8117825525356434
2719,2719,0.23148626818140972,0.0,0.23148626818140972
2720,2720,0.8481029044940827,0.0,0.8481029044940827
2721,2721,0.07248787113129618,0.0,0.07248787113129618
2722,2722,0.7831368850891297,1.0,0.7831368850891297
2723,2723,0.21474113867805222,0.0,0.21474113867805222
2724,2724,0.24654090897359426,0.0,0.24654090897359426
2725,2725,0.5568166946309105,1.0,0.5568166946309105
2726,2726,0.9416774173735395,1.0,0.9416774173735395
2727,2727,0.7471955882637465,1.0,0.7471955882637465
2728,2728,0.8825396773828992,1.0,0.8825396773828992
2729,2729,0.6067357244202368,1.0,0.6067357244202368
2730,2730,0.13990034861722234,0.0,0.13990034861722234
2731,2731,0.5596941649062064,0.0,0.5596941649062064
2732,2732,0.43875605167247267,0.0,0.43875605167247267
2733,2733,0.4725667585381801,0.0,0.4725667585381801
2734,2734,0.299203415054756,1.0,0.299203415054756
2735,2735,0.9390355853897783,1.0,0.9390355853897783
2736,2736,0.6635198102111278,0.0,0.6635198102111278
2737,2737,0.24327456794773927,0.0,0.24327456794773927
2738,2738,0.15362455527996843,0.0,0.15362455527996843
2739,2739,0.8976367762704892,0.0,0.8976367762704892
2740,2740,0.32765577073067753,0.0,0.32765577073067753
2741,2741,0.08777253197229118,0.0,0.08777253197229118
2742,2742,0.7727369364843538,0.0,0.7727369364843538
2743,2743,0.3437874558140346,1.0,0.3437874558140346
2744,2744,0.9605306810274525,1.0,0.9605306810274525
2745,2745,0.47741912485924065,1.0,0.47741912485924065
2746,2746,0.27828805617023067,0.0,0.27828805617023067
2747,2747,0.08700794805478296,0.0,0.08700794805478296
2748,2748,0.8092824509908763,1.0,0.8092824509908763
2749,2749,0.5547944530307674,1.0,0.5547944530307674
2750,2750,0.8215253103384477,1.0,0.8215253103384477
2751,2751,0.2670738058048501,0.0,0.2670738058048501
2752,2752,0.42897232934910734,0.0,0.42897232934910734
2753,2753,0.2121336635993134,0.0,0.2121336635993134
2754,2754,0.5848855882566191,0.0,0.5848855882566191
2755,2755,0.6668445542807155,1.0,0.6668445542807155
2756,2756,0.0033965994142646228,0.0,0.0033965994142646228
2757,2757,0.5227162443830641,1.0,0.5227162443830641
2758,2758,0.7484337154867141,1.0,0.7484337154867141
2759,2759,0.46182132496687467,1.0,0.46182132496687467
2760,2760,0.3144799357378836,0.0,0.3144799357378836
2761,2761,0.29148959579508527,1.0,0.29148959579508527
2762,2762,0.9987611968088304,1.0,0.9987611968088304
2763,2763,0.3855910462983546,0.0,0.3855910462983546
2764,2764,0.6404338054977883,1.0,0.6404338054977883
2765,2765,0.5463337289153309,0.0,0.5463337289153309
2766,2766,0.36215241953851207,0.0,0.36215241953851207
2767,2767,0.9924114338066301,1.0,0.9924114338066301
2768,2768,0.30518545696817645,1.0,0.30518545696817645
2769,2769,0.8893037077490359,1.0,0.8893037077490359
2770,2770,0.1399383139685504,0.0,0.1399383139685504
2771,2771,0.6017221317455042,0.0,0.6017221317455042
2772,2772,0.6416595305234236,1.0,0.6416595305234236
2773,2773,0.5517013657286215,1.0,0.5517013657286215
2774,2774,0.5177839243761854,1.0,0.5177839243761854
2775,2775,0.8292683481101237,1.0,0.8292683481101237
2776,2776,0.9373169430344188,1.0,0.9373169430344188
2777,2777,0.12578442433199288,0.0,0.12578442433199288
2778,2778,0.544756151271916,0.0,0.544756151271916
2779,2779,0.5666189458036415,0.0,0.5666189458036415
2780,2780,0.7200985079265545,0.0,0.7200985079265545
2781,2781,0.20343420292045233,1.0,0.20343420292045233
2782,2782,0.9782824807983658,1.0,0.9782824807983658
2783,2783,0.882095584879993,1.0,0.882095584879993
2784,2784,0.7448953822910724,1.0,0.7448953822910724
2785,2785,0.09276870995107389,0.0,0.09276870995107389
2786,2786,0.5980276270934083,0.0,0.5980276270934083
2787,2787,0.2548162061204571,0.0,0.2548162061204571
2788,2788,0.8544302662870192,1.0,0.8544302662870192
2789,2789,0.008770451127575574,0.0,0.008770451127575574
2790,2790,0.7698316794163061,1.0,0.7698316794163061
2791,2791,0.5403917314259192,0.0,0.5403917314259192
2792,2792,0.54879797427313,1.0,0.54879797427313
2793,2793,0.09593773685163509,0.0,0.09593773685163509
2794,2794,0.1354021068112664,0.0,0.1354021068112664
2795,2795,0.27158377475698214,0.0,0.27158377475698214
2796,2796,0.9858638765956146,1.0,0.9858638765956146
2797,2797,0.0657294851332424,0.0,0.0657294851332424
2798,2798,0.8324154789175144,1.0,0.8324154789175144
2799,2799,0.25255589866561545,0.0,0.25255589866561545
2800,2800,0.7902095645611612,1.0,0.7902095645611612
2801,2801,0.4461104032411205,0.0,0.4461104032411205
2802,2802,0.16979001840570018,1.0,0.16979001840570018
2803,2803,0.9436322824096723,1.0,0.9436322824096723
2804,2804,0.5861741745426459,1.0,0.5861741745426459
2805,2805,0.04114332359838402,0.0,0.04114332359838402
2806,2806,0.7762548379459637,1.0,0.7762548379459637
2807,2807,0.6375671620688406,0.0,0.6375671620688406
2808,2808,0.6001435261549541,0.0,0.6001435261549541
2809,2809,0.17469916592354895,0.0,0.17469916592354895
2810,2810,0.10807360812553879,0.0,0.10807360812553879
2811,2811,0.720682316117958,1.0,0.720682316117958
2812,2812,0.23865272287800354,0.0,0.23865272287800354
2813,2813,0.081844315802298,0.0,0.081844315802298
2814,2814,0.5747377939938229,0.0,0.5747377939938229
2815,2815,0.45265050254483563,1.0,0.45265050254483563
2816,2816,0.37203159700515287,1.0,0.37203159700515287
2817,2817,0.15732483280990006,0.0,0.15732483280990006
2818,2818,0.9965597706946591,1.0,0.9965597706946591
2819,2819,0.11466544706298576,0.0,0.11466544706298576
2820,2820,0.6358968579360785,0.0,0.6358968579360785
2821,2821,0.38917225229774843,1.0,0.38917225229774843
2822,2822,0.045616884569947835,0.0,0.045616884569947835
2823,2823,0.09463284264729677,0.0,0.09463284264729677
2824,2824,0.9474550742592003,1.0,0.9474550742592003
2825,2825,0.19034651781019407,0.0,0.19034651781019407
2826,2826,0.8996838485537806,1.0,0.8996838485537806
2827,2827,0.6429257760706577,1.0,0.6429257760706577
2828,2828,0.4581196686203264,0.0,0.4581196686203264
2829,2829,0.5288853617621034,0.0,0.5288853617621034
2830,2830,0.11351838759799282,1.0,0.11351838759799282
2831,2831,0.5006168819265928,1.0,0.5006168819265928
2832,2832,0.7365610855452404,1.0,0.7365610855452404
2833,2833,0.9895330175371446,1.0,0.9895330175371446
2834,2834,0.6837530397446112,1.0,0.6837530397446112
2835,2835,0.7530542055341355,1.0,0.7530542055341355
2836,2836,0.065022309599439,0.0,0.065022309599439
2837,2837,0.07901951845150401,1.0,0.07901951845150401
2838,2838,0.08192168062838823,0.0,0.08192168062838823
2839,2839,0.6443534561617155,0.0,0.6443534561617155
2840,2840,0.09952290950614673,0.0,0.09952290950614673
2841,2841,0.5331907940015228,0.0,0.5331907940015228
2842,2842,0.6984486657525889,1.0,0.6984486657525889
2843,2843,0.017310901553496683,0.0,0.017310901553496683
2844,2844,0.1928576867770606,0.0,0.1928576867770606
2845,2845,0.316015177712088,1.0,0.316015177712088
2846,2846,0.3025775606625484,1.0,0.3025775606625484
2847,2847,0.17522959410194783,0.0,0.17522959410194783
2848,2848,0.051675092699814074,0.0,0.051675092699814074
2849,2849,0.6331112139224627,0.0,0.6331112139224627
2850,2850,0.5749055547198831,0.0,0.5749055547198831
2851,2851,0.43468589681494174,1.0,0.43468589681494174
2852,2852,0.6519017118681861,1.0,0.6519017118681861
2853,2853,0.29077223737522884,0.0,0.29077223737522884
2854,2854,0.2487315661551176,0.0,0.2487315661551176
2855,2855,0.7974336366922753,1.0,0.7974336366922753
2856,2856,0.8624189982099011,0.0,0.8624189982099011
2857,2857,0.9494506360920555,1.0,0.9494506360920555
2858,2858,0.38203554639121595,0.0,0.38203554639121595
2859,2859,0.8483453273927086,1.0,0.8483453273927086
2860,2860,0.9391270628010514,1.0,0.9391270628010514
2861,2861,0.11316563640703536,0.0,0.11316563640703536
2862,2862,0.7378150191339408,1.0,0.7378150191339408
2863,2863,0.6278855141450906,1.0,0.6278855141450906
2864,2864,0.6447137307342964,1.0,0.6447137307342964
2865,2865,0.07626452244417259,0.0,0.07626452244417259
2866,2866,0.4768532525683187,1.0,0.4768532525683187
2867,2867,0.97310184270471,1.0,0.97310184270471
2868,2868,0.0006493717417435096,0.0,0.0006493717417435096
2869,2869,0.17844112887182983,0.0,0.17844112887182983
2870,2870,0.9946313948797506,1.0,0.9946313948797506
2871,2871,0.62645537761784,1.0,0.62645537761784
2872,2872,0.5858065707927407,1.0,0.5858065707927407
2873,2873,0.08643338199364536,0.0,0.08643338199364536
2874,2874,0.7981889750630647,1.0,0.7981889750630647
2875,2875,0.08708859040000794,0.0,0.08708859040000794
2876,2876,0.7993775959345796,1.0,0.7993775959345796
2877,2877,0.8859996978118256,1.0,0.8859996978118256
2878,2878,0.7758759398641377,1.0,0.7758759398641377
2879,2879,0.2104411607410258,0.0,0.2104411607410258
2880,2880,0.08638742266619126,0.0,0.08638742266619126
2881,2881,0.5619316887977757,1.0,0.5619316887977757
2882,2882,0.5863692270279368,1.0,0.5863692270279368
2883,2883,0.12733210589038158,0.0,0.12733210589038158
2884,2884,0.08806391100666833,0.0,0.08806391100666833
2885,2885,0.686687562161869,0.0,0.686687562161869
2886,2886,0.5976064015523761,1.0,0.5976064015523761
2887,2887,0.8493988571622316,1.0,0.8493988571622316
2888,2888,0.15106266368955823,0.0,0.15106266368955823
2889,2889,0.106943932755175,0.0,0.106943932755175
2890,2890,0.5744441261156507,1.0,0.5744441261156507
2891,2891,0.4953929314352672,0.0,0.4953929314352672
2892,2892,0.90190592936788,1.0,0.90190592936788
2893,2893,0.9858902862814846,1.0,0.9858902862814846
2894,2894,0.5872774916643388,1.0,0.5872774916643388
2895,2895,0.04462211561827467,0.0,0.04462211561827467
2896,2896,0.11799242959427902,0.0,0.11799242959427902
2897,2897,0.46207005594770434,0.0,0.46207005594770434
2898,2898,0.7329655917820491,0.0,0.7329655917820491
2899,2899,0.3242306909357683,1.0,0.3242306909357683
2900,2900,0.6529298827534465,1.0,0.6529298827534465
2901,2901,0.838256062837449,0.0,0.838256062837449
2902,2902,0.10182297515468886,0.0,0.10182297515468886
2903,2903,0.7377352865203085,0.0,0.7377352865203085
2904,2904,0.9242208557831905,1.0,0.9242208557831905
2905,2905,0.6387047830158237,0.0,0.6387047830158237
2906,2906,0.5273711279110224,0.0,0.5273711279110224
2907,2907,0.31656773474992006,0.0,0.31656773474992006
2908,2908,0.8737784988839449,1.0,0.8737784988839449
2909,2909,0.21024219163503943,0.0,0.21024219163503943
2910,2910,0.5731570232308715,1.0,0.5731570232308715
2911,2911,0.44242031291016604,0.0,0.44242031291016604
2912,2912,0.14185680235189868,0.0,0.14185680235189868
2913,2913,0.25485784151924307,0.0,0.25485784151924307
2914,2914,0.22769879374243396,0.0,0.22769879374243396
2915,2915,0.5829783764197545,1.0,0.5829783764197545
2916,2916,0.2317590742159985,0.0,0.2317590742159985
2917,2917,0.9873038416435138,1.0,0.9873038416435138
2918,2918,0.7397217104078059,0.0,0.7397217104078059
2919,2919,0.8826423371706241,1.0,0.8826423371706241
2920,2920,0.0844282939381149,0.0,0.0844282939381149
2921,2921,0.24503176602567545,0.0,0.24503176602567545
2922,2922,0.5806660536143928,1.0,0.5806660536143928
2923,2923,0.5903023733483761,1.0,0.5903023733483761
2924,2924,0.7536435691744982,1.0,0.7536435691744982
2925,2925,0.22293108671888873,1.0,0.22293108671888873
2926,2926,0.20096508062713359,0.0,0.20096508062713359
2927,2927,0.2710340306856358,0.0,0.2710340306856358
2928,2928,0.9259518651644068,1.0,0.9259518651644068
2929,2929,0.4576407232186702,1.0,0.4576407232186702
2930,2930,0.9483351134153764,1.0,0.9483351134153764
2931,2931,0.608435112227373,1.0,0.608435112227373
2932,2932,0.9069259695167183,1.0,0.9069259695167183
2933,2933,0.2672235691844205,0.0,0.2672235691844205
2934,2934,0.26088938629698644,0.0,0.26088938629698644
2935,2935,0.6861698997332125,1.0,0.6861698997332125
2936,2936,0.5982838391386537,1.0,0.5982838391386537
2937,2937,0.4341794460922884,1.0,0.4341794460922884
2938,2938,0.2533289023302595,0.0,0.2533289023302595
2939,2939,0.9372485120871922,1.0,0.9372485120871922
2940,2940,0.18619745007107602,0.0,0.18619745007107602
2941,2941,0.3525782654428592,0.0,0.3525782654428592
2942,2942,0.8318216605921418,1.0,0.8318216605921418
2943,2943,0.6970266549882072,1.0,0.6970266549882072
2944,2944,0.386712850729628,0.0,0.386712850729628
2945,2945,0.40573024815785363,1.0,0.40573024815785363
2946,2946,0.1080984631253451,0.0,0.1080984631253451
2947,2947,0.5063509729088984,1.0,0.5063509729088984
2948,2948,0.2600838724479929,0.0,0.2600838724479929
2949,2949,0.8243369921068118,1.0,0.8243369921068118
2950,2950,0.43131376045126824,1.0,0.43131376045126824
2951,2951,0.36541155983352025,1.0,0.36541155983352025
2952,2952,0.532877116212493,1.0,0.532877116212493
2953,2953,0.7776239969490618,1.0,0.7776239969490618
2954,2954,0.5526308175478498,0.0,0.5526308175478498
2955,2955,0.11653314233882761,0.0,0.11653314233882761
2956,2956,0.44621359421519025,0.0,0.44621359421519025
2957,2957,0.5922456958580553,1.0,0.5922456958580553
2958,2958,0.6193161353908525,1.0,0.6193161353908525
2959,2959,0.5891287603199541,0.0,0.5891287603199541
2960,2960,0.557519274633483,1.0,0.557519274633483
2961,2961,0.9663976485539219,1.0,0.9663976485539219
2962,2962,0.327135516106402,0.0,0.327135516106402
2963,2963,0.6670057585097684,1.0,0.6670057585097684
2964,2964,0.24292520957041752,0.0,0.24292520957041752
2965,2965,0.9248661838693055,1.0,0.9248661838693055
2966,2966,0.02158317641400953,0.0,0.02158317641400953
2967,2967,0.9962763992765757,1.0,0.9962763992765757
2968,2968,0.7595660170782658,0.0,0.7595660170782658
2969,2969,0.4564288271252974,0.0,0.4564288271252974
2970,2970,0.9189466816460228,1.0,0.9189466816460228
2971,2971,0.8577040738812978,1.0,0.8577040738812978
2972,2972,0.04275491114249519,0.0,0.04275491114249519
2973,2973,0.8728019224287142,1.0,0.8728019224287142
2974,2974,0.9569404155117444,1.0,0.9569404155117444
2975,2975,0.6985760667340405,1.0,0.6985760667340405
2976,2976,0.4910591080323069,1.0,0.4910591080323069
2977,2977,0.9477470820030431,1.0,0.9477470820030431
2978,2978,0.9155084524315686,1.0,0.9155084524315686
2979,2979,0.9315536940029958,1.0,0.9315536940029958
2980,2980,0.25778407004035453,0.0,0.25778407004035453
2981,2981,0.9569578075279094,1.0,0.9569578075279094
2982,2982,0.14041012807027542,0.0,0.14041012807027542
2983,2983,0.4234036013053174,0.0,0.4234036013053174
2984,2984,0.8405661564009871,1.0,0.8405661564009871
2985,2985,0.9365326758428746,1.0,0.9365326758428746
2986,2986,0.20566931501180064,0.0,0.20566931501180064
2987,2987,0.577425731692255,1.0,0.577425731692255
2988,2988,0.34191943767155686,1.0,0.34191943767155686
2989,2989,0.8572041186222894,1.0,0.8572041186222894
2990,2990,0.7986243833265061,0.0,0.7986243833265061
2991,2991,0.9126607902216004,1.0,0.9126607902216004
2992,2992,0.7808950738450041,1.0,0.7808950738450041
2993,2993,0.36832656413380205,1.0,0.36832656413380205
2994,2994,0.6351546417506058,1.0,0.6351546417506058
2995,2995,0.22427119936381879,0.0,0.22427119936381879
2996,2996,0.038228026153130035,0.0,0.038228026153130035
2997,2997,0.044823808181666314,0.0,0.044823808181666314
2998,2998,0.24001702901085176,1.0,0.24001702901085176
2999,2999,0.6698922083776814,1.0,0.6698922083776814
3000,3000,0.4817505569509749,1.0,0.4817505569509749
3001,3001,0.004812295520171039,0.0,0.004812295520171039
3002,3002,0.6093637237999022,1.0,0.6093637237999022
3003,3003,0.29963012217381324,0.0,0.29963012217381324
3004,3004,0.5618461713148979,1.0,0.5618461713148979
3005,3005,0.39699907478895513,1.0,0.39699907478895513
3006,3006,0.06158027418379497,0.0,0.06158027418379497
3007,3007,0.5468005650939882,1.0,0.5468005650939882
3008,3008,0.03947980789657479,0.0,0.03947980789657479
3009,3009,0.8149674120478468,1.0,0.8149674120478468
3010,3010,0.530033162467444,1.0,0.530033162467444
3011,3011,0.39491698690464805,1.0,0.39491698690464805
3012,3012,0.12604871602239576,1.0,0.12604871602239576
3013,3013,0.8914842351249611,1.0,0.8914842351249611
3014,3014,0.4802384773200815,0.0,0.4802384773200815
3015,3015,0.62293876527233,1.0,0.62293876527233
3016,3016,0.9375891629416888,1.0,0.9375891629416888
3017,3017,0.6667487470207861,0.0,0.6667487470207861
3018,3018,0.07267055007660495,1.0,0.07267055007660495
3019,3019,0.025005282765594106,0.0,0.025005282765594106
3020,3020,0.5072688129771666,1.0,0.5072688129771666
3021,3021,0.038770467885413495,0.0,0.038770467885413495
3022,3022,0.21385002605538272,0.0,0.21385002605538272
3023,3023,0.9485823653160043,1.0,0.9485823653160043
3024,3024,0.7747196481873875,1.0,0.7747196481873875
3025,3025,0.5217069202180146,1.0,0.5217069202180146
3026,3026,0.24596461747255116,0.0,0.24596461747255116
3027,3027,0.5597358279957099,1.0,0.5597358279957099
3028,3028,0.5176711267561954,1.0,0.5176711267561954
3029,3029,0.7270342858321908,1.0,0.7270342858321908
3030,3030,0.9395494953715616,1.0,0.9395494953715616
3031,3031,0.9754567155412129,1.0,0.9754567155412129
3032,3032,0.9819488503089638,1.0,0.9819488503089638
3033,3033,0.20899118365406422,1.0,0.20899118365406422
3034,3034,0.7752394554664223,1.0,0.7752394554664223
3035,3035,0.34008749142100914,0.0,0.34008749142100914
3036,3036,0.08620757201433671,0.0,0.08620757201433671
3037,3037,0.863952140650787,1.0,0.863952140650787
3038,3038,0.12440138029132708,0.0,0.12440138029132708
3039,3039,0.3920605537072416,0.0,0.3920605537072416
3040,3040,0.6534862563103585,1.0,0.6534862563103585
3041,3041,0.586577328279444,1.0,0.586577328279444
3042,3042,0.7992887200193981,0.0,0.7992887200193981
3043,3043,0.7254692705455207,1.0,0.7254692705455207
3044,3044,0.5184548611201377,0.0,0.5184548611201377
3045,3045,0.07307765445366388,0.0,0.07307765445366388
3046,3046,0.7876104370264942,1.0,0.7876104370264942
3047,3047,0.3860231434828427,0.0,0.3860231434828427
3048,3048,0.980223772620253,1.0,0.980223772620253
3049,3049,0.821560732530251,1.0,0.821560732530251
3050,3050,0.3926928787398961,1.0,0.3926928787398961
3051,3051,0.9759103647156437,1.0,0.9759103647156437
3052,3052,0.6561604002536825,1.0,0.6561604002536825
3053,3053,0.4045777651466983,0.0,0.4045777651466983
3054,3054,0.5657471970355256,1.0,0.5657471970355256
3055,3055,0.02563563016079018,0.0,0.02563563016079018
3056,3056,0.45455085472060275,1.0,0.45455085472060275
3057,3057,0.05298624227207893,0.0,0.05298624227207893
3058,3058,0.5014390829932046,0.0,0.5014390829932046
3059,3059,0.7332464866723462,1.0,0.7332464866723462
3060,3060,0.502109212399718,1.0,0.502109212399718
3061,3061,0.39657584299687987,1.0,0.39657584299687987
3062,3062,0.15518638099715398,0.0,0.15518638099715398
3063,3063,0.2845388159212682,1.0,0.2845388159212682
3064,3064,0.06597818590626725,0.0,0.06597818590626725
3065,3065,0.9561678651297331,1.0,0.9561678651297331
3066,3066,0.9231693302337859,1.0,0.9231693302337859
3067,3067,0.7903304624196941,1.0,0.7903304624196941
3068,3068,0.6068755918829004,1.0,0.6068755918829004
3069,3069,0.441512246107739,1.0,0.441512246107739
3070,3070,0.19543003796567526,0.0,0.19543003796567526
3071,3071,0.7693512427536513,0.0,0.7693512427536513
3072,3072,0.38141097479380326,1.0,0.38141097479380326
3073,3073,0.3036947375563567,0.0,0.3036947375563567
3074,3074,0.1368623536716833,0.0,0.1368623536716833
3075,3075,0.039073382114846233,1.0,0.039073382114846233
3076,3076,0.937634250068711,0.0,0.937634250068711
3077,3077,0.02197407193341272,0.0,0.02197407193341272
3078,3078,0.02798712817279525,0.0,0.02798712817279525
3079,3079,0.4121808539710532,1.0,0.4121808539710532
3080,3080,0.008293548671314599,0.0,0.008293548671314599
3081,3081,0.3137476290061617,0.0,0.3137476290061617
3082,3082,0.7229912572299024,1.0,0.7229912572299024
3083,3083,0.1885142344053241,1.0,0.1885142344053241
3084,3084,0.5315454462101663,1.0,0.5315454462101663
3085,3085,0.14514775879815223,1.0,0.14514775879815223
3086,3086,0.39458383180835166,0.0,0.39458383180835166
3087,3087,0.08744442434348987,0.0,0.08744442434348987
3088,3088,0.8073187655997068,1.0,0.8073187655997068
3089,3089,0.5103024568892405,0.0,0.5103024568892405
3090,3090,0.6393268855235162,1.0,0.6393268855235162
3091,3091,0.26416659326581804,0.0,0.26416659326581804
3092,3092,0.630875967491848,1.0,0.630875967491848
3093,3093,0.2502236458100593,0.0,0.2502236458100593
3094,3094,0.1558970383845748,0.0,0.1558970383845748
3095,3095,0.6095300356343657,0.0,0.6095300356343657
3096,3096,0.910601520971679,1.0,0.910601520971679
3097,3097,0.21636389092915354,1.0,0.21636389092915354
3098,3098,0.5700216543759297,1.0,0.5700216543759297
3099,3099,0.2537705381296316,0.0,0.2537705381296316
3100,3100,0.15218020251483655,0.0,0.15218020251483655
3101,3101,0.5596169812721256,0.0,0.5596169812721256
3102,3102,0.9880252381338044,1.0,0.9880252381338044
3103,3103,0.5019244531924518,1.0,0.5019244531924518
3104,3104,0.4003945210207501,0.0,0.4003945210207501
3105,3105,0.40932479693284285,0.0,0.40932479693284285
3106,3106,0.7768428039458115,1.0,0.7768428039458115
3107,3107,0.12159760042201162,0.0,0.12159760042201162
3108,3108,0.07413811932446102,0.0,0.07413811932446102
3109,3109,0.27332017872694536,1.0,0.27332017872694536
3110,3110,0.16672509734289165,0.0,0.16672509734289165
3111,3111,0.40583295254594765,1.0,0.40583295254594765
3112,3112,0.7576072556555259,1.0,0.7576072556555259
3113,3113,0.8020404347342789,1.0,0.8020404347342789
3114,3114,0.6879590988303368,1.0,0.6879590988303368
3115,3115,0.8246952385398767,1.0,0.8246952385398767
3116,3116,0.944452325253531,1.0,0.944452325253531
3117,3117,0.3933953858544077,0.0,0.3933953858544077
3118,3118,0.46530687504557056,0.0,0.46530687504557056
3119,3119,0.4761063118133826,1.0,0.4761063118133826
3120,3120,0.5767632250482884,1.0,0.5767632250482884
3121,3121,0.4816132544513221,0.0,0.4816132544513221
3122,3122,0.771416123357362,1.0,0.771416123357362
3123,3123,0.8232824296500981,1.0,0.8232824296500981
3124,3124,0.37089221466759215,0.0,0.37089221466759215
3125,3125,0.8238470701776177,1.0,0.8238470701776177
3126,3126,0.6005421397685827,1.0,0.6005421397685827
3127,3127,0.5305422432209891,1.0,0.5305422432209891
3128,3128,0.4434408686947571,0.0,0.4434408686947571
3129,3129,0.8241107902472572,1.0,0.8241107902472572
3130,3130,0.8947894070612584,1.0,0.8947894070612584
3131,3131,0.5708811559773028,0.0,0.5708811559773028
3132,3132,0.7068950630538602,1.0,0.7068950630538602
3133,3133,0.31883438850081225,0.0,0.31883438850081225
3134,3134,0.6917422738158933,1.0,0.6917422738158933
3135,3135,0.40526614138928707,0.0,0.40526614138928707
3136,3136,0.4476337323832935,0.0,0.4476337323832935
3137,3137,0.4413170731632222,0.0,0.4413170731632222
3138,3138,0.812336091989742,1.0,0.812336091989742
3139,3139,0.1760032358106165,0.0,0.1760032358106165
3140,3140,0.4223292721446732,0.0,0.4223292721446732
3141,3141,0.6441118441706607,1.0,0.6441118441706607
3142,3142,0.1410566554416438,0.0,0.1410566554416438
3143,3143,0.043668469785859476,0.0,0.043668469785859476
3144,3144,0.4120846873940964,1.0,0.4120846873940964
3145,3145,0.09651588810774092,0.0,0.09651588810774092
3146,3146,0.6840322471837145,1.0,0.6840322471837145
3147,3147,0.4053431834519684,0.0,0.4053431834519684
3148,3148,0.7596279919809164,1.0,0.7596279919809164
3149,3149,0.402300126486243,1.0,0.402300126486243
3150,3150,0.22905676709179978,1.0,0.22905676709179978
3151,3151,0.37774402892028414,0.0,0.37774402892028414
3152,3152,0.7710250954161656,1.0,0.7710250954161656
3153,3153,0.4860438245322678,1.0,0.4860438245322678
3154,3154,0.7186283914892869,1.0,0.7186283914892869
3155,3155,0.09390449222571551,1.0,0.09390449222571551
3156,3156,0.67815151563547,1.0,0.67815151563547
3157,3157,0.29022113950525175,0.0,0.29022113950525175
3158,3158,0.9285988514003016,1.0,0.9285988514003016
3159,3159,0.617177278781276,1.0,0.617177278781276
3160,3160,0.3427925473705039,0.0,0.3427925473705039
3161,3161,0.835766550653263,1.0,0.835766550653263
3162,3162,0.6445452144863778,1.0,0.6445452144863778
3163,3163,0.3587321727307782,0.0,0.3587321727307782
3164,3164,0.45470341773155354,1.0,0.45470341773155354
3165,3165,0.16227763779657,0.0,0.16227763779657
3166,3166,0.9722606212617263,1.0,0.9722606212617263
3167,3167,0.6785082504257279,0.0,0.6785082504257279
3168,3168,0.06273302050287932,0.0,0.06273302050287932
3169,3169,0.8124542728441726,1.0,0.8124542728441726
3170,3170,0.22397327951468626,0.0,0.22397327951468626
3171,3171,0.4460461735824732,0.0,0.4460461735824732
3172,3172,0.6558834509108239,0.0,0.6558834509108239
3173,3173,0.5843473753689541,0.0,0.5843473753689541
3174,3174,0.29010584266397177,0.0,0.29010584266397177
3175,3175,0.6971965637525549,1.0,0.6971965637525549
3176,3176,0.8700276485605147,1.0,0.8700276485605147
3177,3177,0.12300855414055711,0.0,0.12300855414055711
3178,3178,0.8256282259302445,0.0,0.8256282259302445
3179,3179,0.11206317094374774,0.0,0.11206317094374774
3180,3180,0.522119972245953,1.0,0.522119972245953
3181,3181,0.44273249924994773,0.0,0.44273249924994773
3182,3182,0.26671034112176506,0.0,0.26671034112176506
3183,3183,0.609026578547585,0.0,0.609026578547585
3184,3184,0.003355551681817559,0.0,0.003355551681817559
3185,3185,0.3095530015805018,0.0,0.3095530015805018
3186,3186,0.8227921090794399,1.0,0.8227921090794399
3187,3187,0.32685654697845135,1.0,0.32685654697845135
3188,3188,0.9636723255245988,1.0,0.9636723255245988
3189,3189,0.265380189929031,1.0,0.265380189929031
3190,3190,0.18198797787293575,0.0,0.18198797787293575
3191,3191,0.3873077823420663,1.0,0.3873077823420663
3192,3192,0.7242794808503895,1.0,0.7242794808503895
3193,3193,0.05796813650246646,0.0,0.05796813650246646
3194,3194,0.5491936676318041,0.0,0.5491936676318041
3195,3195,0.7291183207468669,0.0,0.7291183207468669
3196,3196,0.907691217074246,1.0,0.907691217074246
3197,3197,0.4229683063376469,1.0,0.4229683063376469
3198,3198,0.42034638353134124,1.0,0.42034638353134124
3199,3199,0.5550220969106097,1.0,0.5550220969106097
3200,3200,0.15050176841745722,0.0,0.15050176841745722
3201,3201,0.4509173703389824,0.0,0.4509173703389824
3202,3202,0.5435761919272349,0.0,0.5435761919272349
3203,3203,0.8572552716804072,0.0,0.8572552716804072
3204,3204,0.13148479612283703,0.0,0.13148479612283703
3205,3205,0.7005364973165376,0.0,0.7005364973165376
3206,3206,0.34991925079218567,0.0,0.34991925079218567
3207,3207,0.11770690051646315,1.0,0.11770690051646315
3208,3208,0.04931746720799857,0.0,0.04931746720799857
3209,3209,0.6441477588418624,0.0,0.6441477588418624
3210,3210,0.7631108427825096,1.0,0.7631108427825096
3211,3211,0.5699095565670915,1.0,0.5699095565670915
3212,3212,0.2592393412804932,0.0,0.2592393412804932
3213,3213,0.740836779640435,1.0,0.740836779640435
3214,3214,0.7850117742485322,1.0,0.7850117742485322
3215,3215,0.6607093952535362,0.0,0.6607093952535362
3216,3216,0.6668422782791249,0.0,0.6668422782791249
3217,3217,0.616360681207617,1.0,0.616360681207617
3218,3218,0.7098820568166689,1.0,0.7098820568166689
3219,3219,0.6986180961079586,1.0,0.6986180961079586
3220,3220,0.7104735417523222,1.0,0.7104735417523222
3221,3221,0.07171791129040006,0.0,0.07171791129040006
3222,3222,0.553743968195681,0.0,0.553743968195681
3223,3223,0.39753019557552893,1.0,0.39753019557552893
3224,3224,0.4961603451838744,0.0,0.4961603451838744
3225,3225,0.05222880676850261,0.0,0.05222880676850261
3226,3226,0.21374542830790266,0.0,0.21374542830790266
3227,3227,0.7498517693096652,1.0,0.7498517693096652
3228,3228,0.5443987669366274,0.0,0.5443987669366274
3229,3229,0.8189315940150077,0.0,0.8189315940150077
3230,3230,0.9890751119531207,1.0,0.9890751119531207
3231,3231,0.05376975753615032,0.0,0.05376975753615032
3232,3232,0.8507664383115606,1.0,0.8507664383115606
3233,3233,0.8611897564931894,1.0,0.8611897564931894
3234,3234,0.8417669844608696,1.0,0.8417669844608696
3235,3235,0.9509454685246996,1.0,0.9509454685246996
3236,3236,0.160922341160734,1.0,0.160922341160734
3237,3237,0.34330124343499435,1.0,0.34330124343499435
3238,3238,0.6118628274675323,1.0,0.6118628274675323
3239,3239,0.5689493520248281,1.0,0.5689493520248281
3240,3240,0.10887272782782187,0.0,0.10887272782782187
3241,3241,0.073548788754084,0.0,0.073548788754084
3242,3242,0.6113787356089531,1.0,0.6113787356089531
3243,3243,0.14710053295858028,0.0,0.14710053295858028
3244,3244,0.5568062941393219,0.0,0.5568062941393219
3245,3245,0.4522462177017207,1.0,0.4522462177017207
3246,3246,0.9749655378027314,1.0,0.9749655378027314
3247,3247,0.4433131182423371,0.0,0.4433131182423371
3248,3248,0.2989983200821218,0.0,0.2989983200821218
3249,3249,0.16374795353671878,0.0,0.16374795353671878
3250,3250,0.2700411482023729,0.0,0.2700411482023729
3251,3251,0.7872034555398834,1.0,0.7872034555398834
3252,3252,0.4108613657547553,0.0,0.4108613657547553
3253,3253,0.2409722738944714,0.0,0.2409722738944714
3254,3254,0.8504261197196442,0.0,0.8504261197196442
3255,3255,0.1417795194121263,1.0,0.1417795194121263
3256,3256,0.5109322078928247,1.0,0.5109322078928247
3257,3257,0.8664331118644557,1.0,0.8664331118644557
3258,3258,0.39658453578364483,0.0,0.39658453578364483
3259,3259,0.38510709657798825,1.0,0.38510709657798825
3260,3260,0.42923270943345027,0.0,0.42923270943345027
3261,3261,0.4356382451295644,1.0,0.4356382451295644
3262,3262,0.4672685175502259,1.0,0.4672685175502259
3263,3263,0.006414232000892417,0.0,0.006414232000892417
3264,3264,0.9717527793022305,1.0,0.9717527793022305
3265,3265,0.5040862098992652,1.0,0.5040862098992652
3266,3266,0.8832077352373142,1.0,0.8832077352373142
3267,3267,0.3345518152126631,1.0,0.3345518152126631
3268,3268,0.5918454109648588,0.0,0.5918454109648588
3269,3269,0.7964547328060095,1.0,0.7964547328060095
3270,3270,0.6760709890270439,0.0,0.6760709890270439
3271,3271,0.599378751563858,1.0,0.599378751563858
3272,3272,0.7819700967934669,1.0,0.7819700967934669
3273,3273,0.8044721176733073,1.0,0.8044721176733073
3274,3274,0.89181580003609,1.0,0.89181580003609
3275,3275,0.776952523017644,1.0,0.776952523017644
3276,3276,0.618026097700653,1.0,0.618026097700653
3277,3277,0.35498491776861185,0.0,0.35498491776861185
3278,3278,0.7577546762648075,0.0,0.7577546762648075
3279,3279,0.8563874798261939,1.0,0.8563874798261939
3280,3280,0.9503774473290886,1.0,0.9503774473290886
3281,3281,0.4062879422662147,0.0,0.4062879422662147
3282,3282,0.06684321712301577,0.0,0.06684321712301577
3283,3283,0.9041897969842831,1.0,0.9041897969842831
3284,3284,0.347481039717047,0.0,0.347481039717047
3285,3285,0.2614919572508807,0.0,0.2614919572508807
3286,3286,0.3739348303798188,0.0,0.3739348303798188
3287,3287,0.8210863748314492,1.0,0.8210863748314492
3288,3288,0.3987191527136943,1.0,0.3987191527136943
3289,3289,0.5660192094654527,1.0,0.5660192094654527
3290,3290,0.20457809370945323,0.0,0.20457809370945323
3291,3291,0.9867678553413404,1.0,0.9867678553413404
3292,3292,0.23153131503323143,0.0,0.23153131503323143
3293,3293,0.5880816777510443,1.0,0.5880816777510443
3294,3294,0.8161002478255652,1.0,0.8161002478255652
3295,3295,0.9346963651876435,1.0,0.9346963651876435
3296,3296,0.48623287404325843,0.0,0.48623287404325843
3297,3297,0.3465230260261708,0.0,0.3465230260261708
3298,3298,0.00948737676472644,0.0,0.00948737676472644
3299,3299,0.38867215981406245,0.0,0.38867215981406245
3300,3300,0.7656362115278554,0.0,0.7656362115278554
3301,3301,0.7209028466507523,0.0,0.7209028466507523
3302,3302,0.2348886793752587,0.0,0.2348886793752587
3303,3303,0.7874054084602398,1.0,0.7874054084602398
3304,3304,0.7692962211275092,0.0,0.7692962211275092
3305,3305,0.9379812929051067,1.0,0.9379812929051067
3306,3306,0.5299167179342545,1.0,0.5299167179342545
3307,3307,0.0027758860579560896,0.0,0.0027758860579560896
3308,3308,0.06722829852976286,0.0,0.06722829852976286
3309,3309,0.4518141835299694,1.0,0.4518141835299694
3310,3310,0.4971150953968868,0.0,0.4971150953968868
3311,3311,0.2888341257536867,1.0,0.2888341257536867
3312,3312,0.8592626216102854,1.0,0.8592626216102854
3313,3313,0.9019675616652449,1.0,0.9019675616652449
3314,3314,0.032650343963297024,0.0,0.032650343963297024
3315,3315,0.6715510180464923,0.0,0.6715510180464923
3316,3316,0.17385866639107972,1.0,0.17385866639107972
3317,3317,0.017655274912862007,0.0,0.017655274912862007
3318,3318,0.40925595761078537,0.0,0.40925595761078537
3319,3319,0.7285954395040675,0.0,0.7285954395040675
3320,3320,0.9943632985291946,1.0,0.9943632985291946
3321,3321,0.5943143078528368,1.0,0.5943143078528368
3322,3322,0.6584715250625526,1.0,0.6584715250625526
3323,3323,0.9723829371949523,1.0,0.9723829371949523
3324,3324,0.6295095010073318,0.0,0.6295095010073318
3325,3325,0.3692244377659871,0.0,0.3692244377659871
3326,3326,0.9337123512036523,1.0,0.9337123512036523
3327,3327,0.7494926732839753,1.0,0.7494926732839753
3328,3328,0.9101134433720213,1.0,0.9101134433720213
3329,3329,0.9240892889226178,0.0,0.9240892889226178
3330,3330,0.7783373001978364,1.0,0.7783373001978364
3331,3331,0.3737169281721928,1.0,0.3737169281721928
3332,3332,0.649942187720665,1.0,0.649942187720665
3333,3333,0.17800571437851342,0.0,0.17800571437851342
3334,3334,0.782580380996232,1.0,0.782580380996232
3335,3335,0.34560641700538164,1.0,0.34560641700538164
3336,3336,0.5038319288767289,1.0,0.5038319288767289
3337,3337,0.02495473938102677,0.0,0.02495473938102677
3338,3338,0.4110601495630858,0.0,0.4110601495630858
3339,3339,0.27288163115041264,0.0,0.27288163115041264
3340,3340,0.05861422945767614,0.0,0.05861422945767614
3341,3341,0.20945472012132316,0.0,0.20945472012132316
3342,3342,0.6242570066666535,1.0,0.6242570066666535
3343,3343,0.6405819035527095,1.0,0.6405819035527095
3344,3344,0.21012240644265778,0.0,0.21012240644265778
3345,3345,0.20201411782412715,0.0,0.20201411782412715
3346,3346,0.27180959877279065,0.0,0.27180959877279065
3347,3347,0.06886873807367211,0.0,0.06886873807367211
3348,3348,0.32760855598506844,0.0,0.32760855598506844
3349,3349,0.1953107618990888,0.0,0.1953107618990888
3350,3350,0.09305599410578747,0.0,0.09305599410578747
3351,3351,0.7152934575085024,1.0,0.7152934575085024
3352,3352,0.7141513685617706,1.0,0.7141513685617706
3353,3353,0.08732161774626612,1.0,0.08732161774626612
3354,3354,0.5314205866992235,0.0,0.5314205866992235
3355,3355,0.9762945650811197,1.0,0.9762945650811197
3356,3356,0.11559592602683133,0.0,0.11559592602683133
3357,3357,0.28726481618537403,0.0,0.28726481618537403
3358,3358,0.8245755797970157,1.0,0.8245755797970157
3359,3359,0.35590009837793013,0.0,0.35590009837793013
3360,3360,0.7994229321361833,0.0,0.7994229321361833
3361,3361,0.8214307025545265,0.0,0.8214307025545265
3362,3362,0.7808056196168672,1.0,0.7808056196168672
3363,3363,0.6082002732762295,0.0,0.6082002732762295
3364,3364,0.8981848545109071,1.0,0.8981848545109071
3365,3365,0.25291563562500685,0.0,0.25291563562500685
3366,3366,0.8035808247419456,0.0,0.8035808247419456
3367,3367,0.7569243468666916,0.0,0.7569243468666916
3368,3368,0.43162203660827736,1.0,0.43162203660827736
3369,3369,0.46860391685574476,1.0,0.46860391685574476
3370,3370,0.8680137196031443,1.0,0.8680137196031443
3371,3371,0.06358882560823664,0.0,0.06358882560823664
3372,3372,0.8679309497576314,1.0,0.8679309497576314
3373,3373,0.3440434989336064,0.0,0.3440434989336064
3374,3374,0.011664525628259814,0.0,0.011664525628259814
3375,3375,0.549230739549173,1.0,0.549230739549173
3376,3376,0.23860981191691477,0.0,0.23860981191691477
3377,3377,0.016028267546090103,0.0,0.016028267546090103
3378,3378,0.4156615895934792,0.0,0.4156615895934792
3379,3379,0.36227603855089263,0.0,0.36227603855089263
3380,3380,0.431389399155909,1.0,0.431389399155909
3381,3381,0.07668108328574552,0.0,0.07668108328574552
3382,3382,0.9471864956656038,1.0,0.9471864956656038
3383,3383,0.9355945065944695,1.0,0.9355945065944695
3384,3384,0.7312855575650836,1.0,0.7312855575650836
3385,3385,0.655074736095454,0.0,0.655074736095454
3386,3386,0.5589004456509503,0.0,0.5589004456509503
3387,3387,0.12189790423948965,0.0,0.12189790423948965
3388,3388,0.5214393116242177,0.0,0.5214393116242177
3389,3389,0.3070274348717972,0.0,0.3070274348717972
3390,3390,0.9389811212120527,1.0,0.9389811212120527
3391,3391,0.607805189653623,1.0,0.607805189653623
3392,3392,0.3210129190810733,1.0,0.3210129190810733
3393,3393,0.026261512152023214,0.0,0.026261512152023214
3394,3394,0.13856610545372683,0.0,0.13856610545372683
3395,3395,0.821637715207353,1.0,0.821637715207353
3396,3396,0.7465906061412668,1.0,0.7465906061412668
3397,3397,0.43254025403918084,1.0,0.43254025403918084
3398,3398,0.12988905401755624,0.0,0.12988905401755624
3399,3399,0.5598525804441736,0.0,0.5598525804441736
3400,3400,0.8818547322664431,1.0,0.8818547322664431
3401,3401,0.6963735154929674,0.0,0.6963735154929674
3402,3402,0.21860998138126086,0.0,0.21860998138126086
3403,3403,0.409929373456993,0.0,0.409929373456993
3404,3404,0.9725620930832292,1.0,0.9725620930832292
3405,3405,0.985005727942698,1.0,0.985005727942698
3406,3406,0.7858553709952456,1.0,0.7858553709952456
3407,3407,0.05876046047096284,0.0,0.05876046047096284
3408,3408,0.8217082499056326,0.0,0.8217082499056326
3409,3409,0.3817939007340414,0.0,0.3817939007340414
3410,3410,0.9686350144213252,1.0,0.9686350144213252
3411,3411,0.09635736181975396,0.0,0.09635736181975396
3412,3412,0.08051186300960889,0.0,0.08051186300960889
3413,3413,0.7092422366710917,1.0,0.7092422366710917
3414,3414,0.8885493985989503,0.0,0.8885493985989503
3415,3415,0.9774737662281192,1.0,0.9774737662281192
3416,3416,0.4470164137341309,0.0,0.4470164137341309
3417,3417,0.06223463198322654,0.0,0.06223463198322654
3418,3418,0.9742409470659099,1.0,0.9742409470659099
3419,3419,0.006735283641770784,0.0,0.006735283641770784
3420,3420,0.18537154586948257,0.0,0.18537154586948257
3421,3421,0.09370257535869497,0.0,0.09370257535869497
3422,3422,0.21432472340235642,1.0,0.21432472340235642
3423,3423,0.799657572574187,1.0,0.799657572574187
3424,3424,0.6130895754629088,1.0,0.6130895754629088
3425,3425,0.1571975763615151,0.0,0.1571975763615151
3426,3426,0.46596312068603174,0.0,0.46596312068603174
3427,3427,0.7964746180717569,1.0,0.7964746180717569
3428,3428,0.6580041712357071,1.0,0.6580041712357071
3429,3429,0.6923907334470273,1.0,0.6923907334470273
3430,3430,0.357263749365904,0.0,0.357263749365904
3431,3431,0.537071932004524,0.0,0.537071932004524
3432,3432,0.9063262734236026,1.0,0.9063262734236026
3433,3433,0.7836898818483282,0.0,0.7836898818483282
3434,3434,0.9142645093817243,1.0,0.9142645093817243
3435,3435,0.3076183899676176,0.0,0.3076183899676176
3436,3436,0.6947398185476669,1.0,0.6947398185476669
3437,3437,0.9716733860349418,1.0,0.9716733860349418
3438,3438,0.7896266758314173,1.0,0.7896266758314173
3439,3439,0.7451464393887893,1.0,0.7451464393887893
3440,3440,0.827212418788612,0.0,0.827212418788612
3441,3441,0.07870705792752286,0.0,0.07870705792752286
3442,3442,0.7643556455998297,1.0,0.7643556455998297
3443,3443,0.5722115651591547,1.0,0.5722115651591547
3444,3444,0.500272693519454,0.0,0.500272693519454
3445,3445,0.29885597876178616,0.0,0.29885597876178616
3446,3446,0.08321648040299068,0.0,0.08321648040299068
3447,3447,0.7989356709840366,0.0,0.7989356709840366
3448,3448,0.8413325939635823,1.0,0.8413325939635823
3449,3449,0.0023319309936962185,0.0,0.0023319309936962185
3450,3450,0.41738843299078876,0.0,0.41738843299078876
3451,3451,0.709561834592826,1.0,0.709561834592826
3452,3452,0.6657030729962544,1.0,0.6657030729962544
3453,3453,0.03705186427797291,0.0,0.03705186427797291
3454,3454,0.10258452906040738,0.0,0.10258452906040738
3455,3455,0.688482603422433,1.0,0.688482603422433
3456,3456,0.8577431590500146,1.0,0.8577431590500146
3457,3457,0.3712728362413589,1.0,0.3712728362413589
3458,3458,0.14522569785809536,0.0,0.14522569785809536
3459,3459,0.9949539656199603,1.0,0.9949539656199603
3460,3460,0.9421558473554881,1.0,0.9421558473554881
3461,3461,0.13476218518872052,0.0,0.13476218518872052
3462,3462,0.3331156100298057,0.0,0.3331156100298057
3463,3463,0.6453193628209756,0.0,0.6453193628209756
3464,3464,0.9842480022801179,1.0,0.9842480022801179
3465,3465,0.4688173822430014,0.0,0.4688173822430014
3466,3466,0.35100951120944246,1.0,0.35100951120944246
3467,3467,0.6344712845148147,1.0,0.6344712845148147
3468,3468,0.5488614452622034,0.0,0.5488614452622034
3469,3469,0.876346472085388,1.0,0.876346472085388
3470,3470,0.04370271412250659,0.0,0.04370271412250659
3471,3471,0.964096503282522,1.0,0.964096503282522
3472,3472,0.6336474786573707,0.0,0.6336474786573707
3473,3473,0.03509726882825892,0.0,0.03509726882825892
3474,3474,0.035526966772476354,0.0,0.035526966772476354
3475,3475,0.5033200169754342,1.0,0.5033200169754342
3476,3476,0.7514218380574795,1.0,0.7514218380574795
3477,3477,0.16857946791705258,0.0,0.16857946791705258
3478,3478,0.7075861115361586,1.0,0.7075861115361586
3479,3479,0.5225995567768145,1.0,0.5225995567768145
3480,3480,0.9694979222212573,1.0,0.9694979222212573
3481,3481,0.004916282146193218,0.0,0.004916282146193218
3482,3482,0.45994262206267633,0.0,0.45994262206267633
3483,3483,0.46957359130044196,1.0,0.46957359130044196
3484,3484,0.52513453219477,0.0,0.52513453219477
3485,3485,0.7261478451398952,1.0,0.7261478451398952
3486,3486,0.18371540857865942,0.0,0.18371540857865942
3487,3487,0.36386430137381875,0.0,0.36386430137381875
3488,3488,0.0500540652675715,0.0,0.0500540652675715
3489,3489,0.8590793052576666,0.0,0.8590793052576666
3490,3490,0.45686235668995645,1.0,0.45686235668995645
3491,3491,0.09981485971833282,0.0,0.09981485971833282
3492,3492,0.14525375911558114,0.0,0.14525375911558114
3493,3493,0.9664209055456032,1.0,0.9664209055456032
3494,3494,0.6725326791113432,0.0,0.6725326791113432
3495,3495,0.9940925793797813,1.0,0.9940925793797813
3496,3496,0.873269515267752,1.0,0.873269515267752
3497,3497,0.23235458995678449,0.0,0.23235458995678449
3498,3498,0.24457415852954534,0.0,0.24457415852954534
3499,3499,0.7520213827677669,1.0,0.7520213827677669
3500,3500,0.02791327014498446,0.0,0.02791327014498446
3501,3501,0.4093494501438302,1.0,0.4093494501438302
3502,3502,0.2438673601062349,1.0,0.2438673601062349
3503,3503,0.23318864704882458,0.0,0.23318864704882458
3504,3504,0.8544565336847066,1.0,0.8544565336847066
3505,3505,0.6890116028479808,0.0,0.6890116028479808
3506,3506,0.6862493866204114,1.0,0.6862493866204114
3507,3507,0.005977556679531593,0.0,0.005977556679531593
3508,3508,0.15460099671379768,0.0,0.15460099671379768
3509,3509,0.04905625342051678,0.0,0.04905625342051678
3510,3510,0.6889830669869527,1.0,0.6889830669869527
3511,3511,0.6488047621817539,1.0,0.6488047621817539
3512,3512,0.5393992017985917,1.0,0.5393992017985917
3513,3513,0.6186710941617112,1.0,0.6186710941617112
3514,3514,0.8158796434592032,1.0,0.8158796434592032
3515,3515,0.9186755005037743,1.0,0.9186755005037743
3516,3516,0.9148995411427042,1.0,0.9148995411427042
3517,3517,0.8660144696043487,0.0,0.8660144696043487
3518,3518,0.41455068984327825,0.0,0.41455068984327825
3519,3519,0.17136462141608821,0.0,0.17136462141608821
3520,3520,0.0632319050190856,0.0,0.0632319050190856
3521,3521,0.10085683746914675,0.0,0.10085683746914675
3522,3522,0.3895601082892821,0.0,0.3895601082892821
3523,3523,0.6688612235918815,1.0,0.6688612235918815
3524,3524,0.5130694980125656,0.0,0.5130694980125656
3525,3525,0.8387332590734894,1.0,0.8387332590734894
3526,3526,0.06388083065178696,0.0,0.06388083065178696
3527,3527,0.6856464645352967,1.0,0.6856464645352967
3528,3528,0.8098731238778274,1.0,0.8098731238778274
3529,3529,0.4076455482536909,0.0,0.4076455482536909
3530,3530,0.8903339513919594,1.0,0.8903339513919594
3531,3531,0.9589094605469864,1.0,0.9589094605469864
3532,3532,0.7362704836097124,1.0,0.7362704836097124
3533,3533,0.5202056675555046,1.0,0.5202056675555046
3534,3534,0.5562817962546036,1.0,0.5562817962546036
3535,3535,0.5504124764698947,1.0,0.5504124764698947
3536,3536,0.32682861127207496,0.0,0.32682861127207496
3537,3537,0.7125462044491391,1.0,0.7125462044491391
3538,3538,0.7154379023668478,1.0,0.7154379023668478
3539,3539,0.601280914343061,0.0,0.601280914343061
3540,3540,0.21515526017945008,0.0,0.21515526017945008
3541,3541,0.31051062636112936,1.0,0.31051062636112936
3542,3542,0.30539381504414864,1.0,0.30539381504414864
3543,3543,0.9762083299265468,1.0,0.9762083299265468
3544,3544,0.08152915209081191,0.0,0.08152915209081191
3545,3545,0.13715419139542473,0.0,0.13715419139542473
3546,3546,0.38024961888560604,1.0,0.38024961888560604
3547,3547,0.6178921483534735,0.0,0.6178921483534735
3548,3548,0.6133754362404268,0.0,0.6133754362404268
3549,3549,0.6442893854980306,0.0,0.6442893854980306
3550,3550,0.11592866459075424,0.0,0.11592866459075424
3551,3551,0.4157787996344301,1.0,0.4157787996344301
3552,3552,0.2476697746440063,0.0,0.2476697746440063
3553,3553,0.2211575431188767,0.0,0.2211575431188767
3554,3554,0.5644156606840103,0.0,0.5644156606840103
3555,3555,0.9252289023441522,1.0,0.9252289023441522
3556,3556,0.2882585402676636,0.0,0.2882585402676636
3557,3557,0.17424585436332662,0.0,0.17424585436332662
3558,3558,0.7021027454410806,1.0,0.7021027454410806
3559,3559,0.708388477911655,1.0,0.708388477911655
3560,3560,0.6342341177512776,1.0,0.6342341177512776
3561,3561,0.748155102325882,1.0,0.748155102325882
3562,3562,0.12631678289488935,0.0,0.12631678289488935
3563,3563,0.06657205995418258,0.0,0.06657205995418258
3564,3564,0.7268120954442542,1.0,0.7268120954442542
3565,3565,0.623296496904754,0.0,0.623296496904754
3566,3566,0.8256405119772181,1.0,0.8256405119772181
3567,3567,0.44359265104728474,1.0,0.44359265104728474
3568,3568,0.2938402661020114,0.0,0.2938402661020114
3569,3569,0.19767888300299186,0.0,0.19767888300299186
3570,3570,0.0999924504620966,0.0,0.0999924504620966
3571,3571,0.12909261338500677,1.0,0.12909261338500677
3572,3572,0.019152195144448436,0.0,0.019152195144448436
3573,3573,0.46460786321294445,0.0,0.46460786321294445
3574,3574,0.1347907894801772,1.0,0.1347907894801772
3575,3575,0.4113209206696459,0.0,0.4113209206696459
3576,3576,0.33412498834683513,0.0,0.33412498834683513
3577,3577,0.6917007729786974,1.0,0.6917007729786974
3578,3578,0.23254054707715854,0.0,0.23254054707715854
3579,3579,0.8310697517167941,1.0,0.8310697517167941
3580,3580,0.9026549567733668,1.0,0.9026549567733668
3581,3581,0.8749523362809469,1.0,0.8749523362809469
3582,3582,0.48308121664123393,1.0,0.48308121664123393
3583,3583,0.9905909936902253,1.0,0.9905909936902253
3584,3584,0.21874955090514725,0.0,0.21874955090514725
3585,3585,0.06265285886338556,0.0,0.06265285886338556
3586,3586,0.6887834398922326,1.0,0.6887834398922326
3587,3587,0.8300326256078072,1.0,0.8300326256078072
3588,3588,0.34867677885854687,0.0,0.34867677885854687
3589,3589,0.511634818226781,0.0,0.511634818226781
3590,3590,0.3103727034251842,0.0,0.3103727034251842
3591,3591,0.2266673857356586,0.0,0.2266673857356586
3592,3592,0.3693004584937609,1.0,0.3693004584937609
3593,3593,0.7204523142714958,0.0,0.7204523142714958
3594,3594,0.2422644096568225,0.0,0.2422644096568225
3595,3595,0.09692950518021803,0.0,0.09692950518021803
3596,3596,0.6160565177650068,1.0,0.6160565177650068
3597,3597,0.32855271255140683,1.0,0.32855271255140683
3598,3598,0.9987270579113912,1.0,0.9987270579113912
3599,3599,0.975870687123831,1.0,0.975870687123831
3600,3600,0.7061125518052678,0.0,0.7061125518052678
3601,3601,0.9790483115745484,1.0,0.9790483115745484
3602,3602,0.2886501106181061,1.0,0.2886501106181061
3603,3603,0.7397179615350583,1.0,0.7397179615350583
3604,3604,0.19059893278780538,0.0,0.19059893278780538
3605,3605,0.08496026890648611,0.0,0.08496026890648611
3606,3606,0.10337547807241132,0.0,0.10337547807241132
3607,3607,0.15614300270338655,1.0,0.15614300270338655
3608,3608,0.08851252597797465,0.0,0.08851252597797465
3609,3609,0.11876967206026878,0.0,0.11876967206026878
3610,3610,0.10797100805412196,0.0,0.10797100805412196
3611,3611,0.48468536903894266,1.0,0.48468536903894266
3612,3612,0.3243394218542843,1.0,0.3243394218542843
3613,3613,0.19170035166691024,0.0,0.19170035166691024
3614,3614,0.04679075932893095,0.0,0.04679075932893095
3615,3615,0.44625549374485207,1.0,0.44625549374485207
3616,3616,0.9842349238617119,1.0,0.9842349238617119
3617,3617,0.28798248356900147,1.0,0.28798248356900147
3618,3618,0.963596939536694,1.0,0.963596939536694
3619,3619,0.7800282981793075,1.0,0.7800282981793075
3620,3620,0.044297154042745146,0.0,0.044297154042745146
3621,3621,0.0854586714082749,0.0,0.0854586714082749
3622,3622,0.8154642480039122,1.0,0.8154642480039122
3623,3623,0.4193190115878309,0.0,0.4193190115878309
3624,3624,0.22034287469527136,0.0,0.22034287469527136
3625,3625,0.4769616130655753,1.0,0.4769616130655753
3626,3626,0.516669310985307,0.0,0.516669310985307
3627,3627,0.18751670284666633,1.0,0.18751670284666633
3628,3628,0.31224799921938207,0.0,0.31224799921938207
3629,3629,0.8519878244130146,0.0,0.8519878244130146
3630,3630,0.6469053694759138,0.0,0.6469053694759138
3631,3631,0.6071155587000076,1.0,0.6071155587000076
3632,3632,0.7161805360843504,0.0,0.7161805360843504
3633,3633,0.30853274842176437,0.0,0.30853274842176437
3634,3634,0.3619755328646782,1.0,0.3619755328646782
3635,3635,0.36428457359145017,1.0,0.36428457359145017
3636,3636,0.40803543567849265,1.0,0.40803543567849265
3637,3637,0.08477598523294061,0.0,0.08477598523294061
3638,3638,0.2691242016153508,0.0,0.2691242016153508
3639,3639,0.9107441616219695,1.0,0.9107441616219695
3640,3640,0.8346730342089638,1.0,0.8346730342089638
3641,3641,0.31217013258853554,1.0,0.31217013258853554
3642,3642,0.26439413444523163,0.0,0.26439413444523163
3643,3643,0.7022319914289434,0.0,0.7022319914289434
3644,3644,0.268440183379666,0.0,0.268440183379666
3645,3645,0.9985643630876646,1.0,0.9985643630876646
3646,3646,0.9651457769112428,1.0,0.9651457769112428
3647,3647,0.4096644320467221,1.0,0.4096644320467221
3648,3648,0.5235750163677668,0.0,0.5235750163677668
3649,3649,0.4205145740883732,0.0,0.4205145740883732
3650,3650,0.16830882963096727,0.0,0.16830882963096727
3651,3651,0.35798779335343545,0.0,0.35798779335343545
3652,3652,0.7250576299877803,1.0,0.7250576299877803
3653,3653,0.1708517370789393,0.0,0.1708517370789393
3654,3654,0.8138312637581311,1.0,0.8138312637581311
3655,3655,0.7428641851575546,1.0,0.7428641851575546
3656,3656,0.4188368196461587,1.0,0.4188368196461587
3657,3657,0.8697950994002446,1.0,0.8697950994002446
3658,3658,0.14342527203449384,0.0,0.14342527203449384
3659,3659,0.2280706042464422,1.0,0.2280706042464422
3660,3660,0.6141386528096571,1.0,0.6141386528096571
3661,3661,0.8849851439868989,0.0,0.8849851439868989
3662,3662,0.1595252488932415,1.0,0.1595252488932415
3663,3663,0.09528196594467064,0.0,0.09528196594467064
3664,3664,0.211616074524537,0.0,0.211616074524537
3665,3665,0.5644091391199247,0.0,0.5644091391199247
3666,3666,0.5077544939189924,0.0,0.5077544939189924
3667,3667,0.16957250417986136,0.0,0.16957250417986136
3668,3668,0.3553858489549896,0.0,0.3553858489549896
3669,3669,0.5327477690443712,0.0,0.5327477690443712
3670,3670,0.6515278130249726,1.0,0.6515278130249726
3671,3671,0.48109539305663784,0.0,0.48109539305663784
3672,3672,0.006032325940122707,0.0,0.006032325940122707
3673,3673,0.27262413826945253,0.0,0.27262413826945253
3674,3674,0.22601589126381694,1.0,0.22601589126381694
3675,3675,0.011586404610674284,0.0,0.011586404610674284
3676,3676,0.1509625183961284,0.0,0.1509625183961284
3677,3677,0.569345617761323,0.0,0.569345617761323
3678,3678,0.8059208917204304,1.0,0.8059208917204304
3679,3679,0.4376333228713122,0.0,0.4376333228713122
3680,3680,0.8098302606142258,1.0,0.8098302606142258
3681,3681,0.8646563785216009,1.0,0.8646563785216009
3682,3682,0.9186501479369032,1.0,0.9186501479369032
3683,3683,0.2159085403728499,0.0,0.2159085403728499
3684,3684,0.725787102294023,1.0,0.725787102294023
3685,3685,0.8755515935137888,0.0,0.8755515935137888
3686,3686,0.7126145736554337,0.0,0.7126145736554337
3687,3687,0.8713582796278644,1.0,0.8713582796278644
3688,3688,0.2051701225456859,0.0,0.2051701225456859
3689,3689,0.8779594088723974,0.0,0.8779594088723974
3690,3690,0.8740104756004771,0.0,0.8740104756004771
3691,3691,0.7729036787139956,1.0,0.7729036787139956
3692,3692,0.7361859659736356,1.0,0.7361859659736356
3693,3693,0.5096803035023394,1.0,0.5096803035023394
3694,3694,0.2373827182712207,0.0,0.2373827182712207
3695,3695,0.5145046824526632,1.0,0.5145046824526632
3696,3696,0.9352766344700477,1.0,0.9352766344700477
3697,3697,0.3072697530132076,0.0,0.3072697530132076
3698,3698,0.243513627984287,0.0,0.243513627984287
3699,3699,0.24470721251648264,0.0,0.24470721251648264
3700,3700,0.20061823802089485,0.0,0.20061823802089485
3701,3701,0.8385274056863447,1.0,0.8385274056863447
3702,3702,0.2136342530524139,1.0,0.2136342530524139
3703,3703,0.5039050064521043,1.0,0.5039050064521043
3704,3704,0.0658192291892935,0.0,0.0658192291892935
3705,3705,0.17310243432659012,1.0,0.17310243432659012
3706,3706,0.7566067315253274,1.0,0.7566067315253274
3707,3707,0.5801049773285397,1.0,0.5801049773285397
3708,3708,0.47200074368581757,1.0,0.47200074368581757
3709,3709,0.8024833266809647,1.0,0.8024833266809647
3710,3710,0.7269024835770979,1.0,0.7269024835770979
3711,3711,0.9438388451070424,1.0,0.9438388451070424
3712,3712,0.9087262331243672,1.0,0.9087262331243672
3713,3713,0.16618912357618365,0.0,0.16618912357618365
3714,3714,0.09062848801899992,0.0,0.09062848801899992
3715,3715,0.5827332414257557,0.0,0.5827332414257557
3716,3716,0.19748408915439553,0.0,0.19748408915439553
3717,3717,0.9784013724233644,1.0,0.9784013724233644
3718,3718,0.4738014730589212,1.0,0.4738014730589212
3719,3719,0.8169682994048945,1.0,0.8169682994048945
3720,3720,0.2988442516871178,1.0,0.2988442516871178
3721,3721,0.8261026960915532,1.0,0.8261026960915532
3722,3722,0.8341919300896145,1.0,0.8341919300896145
3723,3723,0.2461919847544758,1.0,0.2461919847544758
3724,3724,0.8805902786575764,1.0,0.8805902786575764
3725,3725,0.310420233641839,1.0,0.310420233641839
3726,3726,0.6033324303483899,0.0,0.6033324303483899
3727,3727,0.14666453526377154,0.0,0.14666453526377154
3728,3728,0.64771476147749,1.0,0.64771476147749
3729,3729,0.14594414035501757,0.0,0.14594414035501757
3730,3730,0.13755676607836687,0.0,0.13755676607836687
3731,3731,0.9367766098943058,1.0,0.9367766098943058
3732,3732,0.9515979867768267,1.0,0.9515979867768267
3733,3733,0.40050285747942627,0.0,0.40050285747942627
3734,3734,0.18688714464958223,0.0,0.18688714464958223
3735,3735,0.8690396595345962,0.0,0.8690396595345962
3736,3736,0.05589375270456387,0.0,0.05589375270456387
3737,3737,0.0182256368780922,0.0,0.0182256368780922
3738,3738,0.5719687417719649,0.0,0.5719687417719649
3739,3739,0.0958559197681047,1.0,0.0958559197681047
3740,3740,0.5483169603563656,1.0,0.5483169603563656
3741,3741,0.24618895984557554,0.0,0.24618895984557554
3742,3742,0.25943257993013413,0.0,0.25943257993013413
3743,3743,0.7587525269917192,0.0,0.7587525269917192
3744,3744,0.1276207201833549,0.0,0.1276207201833549
3745,3745,0.48324372180204245,1.0,0.48324372180204245
3746,3746,0.12185810846097678,0.0,0.12185810846097678
3747,3747,0.15806004187774347,0.0,0.15806004187774347
3748,3748,0.43314145389176173,0.0,0.43314145389176173
3749,3749,0.971486677950705,1.0,0.971486677950705
3750,3750,0.09099736317981488,0.0,0.09099736317981488
3751,3751,0.49762010174453275,0.0,0.49762010174453275
3752,3752,0.0473600394596958,0.0,0.0473600394596958
3753,3753,0.8823000993998111,1.0,0.8823000993998111
3754,3754,0.9879659775472206,1.0,0.9879659775472206
3755,3755,0.0657984130565401,0.0,0.0657984130565401
3756,3756,0.818016179261062,1.0,0.818016179261062
3757,3757,0.8813012417722087,1.0,0.8813012417722087
3758,3758,0.8203098283329672,1.0,0.8203098283329672
3759,3759,0.7990926856239418,1.0,0.7990926856239418
3760,3760,0.6986754856571539,1.0,0.6986754856571539
3761,3761,0.13870935375851545,0.0,0.13870935375851545
3762,3762,0.6359184207532035,0.0,0.6359184207532035
3763,3763,0.9116361586375803,0.0,0.9116361586375803
3764,3764,0.21202106662044928,1.0,0.21202106662044928
3765,3765,0.5525376351174508,1.0,0.5525376351174508
3766,3766,0.544159830131473,0.0,0.544159830131473
3767,3767,0.273871002451349,0.0,0.273871002451349
3768,3768,0.2008698133101483,0.0,0.2008698133101483
3769,3769,0.5133044430925301,1.0,0.5133044430925301
3770,3770,0.40234038281598306,0.0,0.40234038281598306
3771,3771,0.055869382691381975,0.0,0.055869382691381975
3772,3772,0.21676562145711464,0.0,0.21676562145711464
3773,3773,0.32287787079345354,0.0,0.32287787079345354
3774,3774,0.13459384594838786,0.0,0.13459384594838786
3775,3775,0.3123865547192747,0.0,0.3123865547192747
3776,3776,0.7132029359405007,1.0,0.7132029359405007
3777,3777,0.8869024094433132,1.0,0.8869024094433132
3778,3778,0.9372206472579346,1.0,0.9372206472579346
3779,3779,0.9527100575932673,0.0,0.9527100575932673
3780,3780,0.9592777929013425,1.0,0.9592777929013425
3781,3781,0.09330111035978039,0.0,0.09330111035978039
3782,3782,0.45218618988175574,0.0,0.45218618988175574
3783,3783,0.409612297434351,1.0,0.409612297434351
3784,3784,0.7095280541069536,0.0,0.7095280541069536
3785,3785,0.8647179741864848,1.0,0.8647179741864848
3786,3786,0.028338256399750184,0.0,0.028338256399750184
3787,3787,0.7079519278705614,1.0,0.7079519278705614
3788,3788,0.7863852156010421,1.0,0.7863852156010421
3789,3789,0.49811831215292623,0.0,0.49811831215292623
3790,3790,0.7263457615068996,0.0,0.7263457615068996
3791,3791,0.45149282412737646,1.0,0.45149282412737646
3792,3792,0.6433155600165577,0.0,0.6433155600165577
3793,3793,0.049634316597322425,0.0,0.049634316597322425
3794,3794,0.05430528881035379,0.0,0.05430528881035379
3795,3795,0.8460932384397689,1.0,0.8460932384397689
3796,3796,0.04327435541837543,0.0,0.04327435541837543
3797,3797,0.6298598119982679,1.0,0.6298598119982679
3798,3798,0.691157858272836,1.0,0.691157858272836
3799,3799,0.729676264653782,0.0,0.729676264653782
3800,3800,0.5542105814974185,1.0,0.5542105814974185
3801,3801,0.692397832221824,1.0,0.692397832221824
3802,3802,0.4688087989617059,1.0,0.4688087989617059
3803,3803,0.8676952963443517,1.0,0.8676952963443517
3804,3804,0.22939874152477058,0.0,0.22939874152477058
3805,3805,0.945119768838198,1.0,0.945119768838198
3806,3806,0.9539309138250797,1.0,0.9539309138250797
3807,3807,0.9629764928583955,1.0,0.9629764928583955
3808,3808,0.6466903514542424,1.0,0.6466903514542424
3809,3809,0.08679066718441009,0.0,0.08679066718441009
3810,3810,0.6844425475861242,1.0,0.6844425475861242
3811,3811,0.6397174325644298,1.0,0.6397174325644298
3812,3812,0.48342586644437135,0.0,0.48342586644437135
3813,3813,0.5734691522800344,1.0,0.5734691522800344
3814,3814,0.8516623635639693,1.0,0.8516623635639693
3815,3815,0.7255364015384907,0.0,0.7255364015384907
3816,3816,0.7013404439898259,1.0,0.7013404439898259
3817,3817,0.8121982554039835,1.0,0.8121982554039835
3818,3818,0.0012781392070391195,0.0,0.0012781392070391195
3819,3819,0.9779696142084638,1.0,0.9779696142084638
3820,3820,0.9028862383676711,0.0,0.9028862383676711
3821,3821,0.004421612877857584,0.0,0.004421612877857584
3822,3822,0.1864062035992885,0.0,0.1864062035992885
3823,3823,0.2045485975784186,0.0,0.2045485975784186
3824,3824,0.6240031422658127,1.0,0.6240031422658127
3825,3825,0.7114814869562928,1.0,0.7114814869562928
3826,3826,0.3479125191023259,0.0,0.3479125191023259
3827,3827,0.549254395240157,0.0,0.549254395240157
3828,3828,0.6054578725896181,1.0,0.6054578725896181
3829,3829,0.22230980441659987,1.0,0.22230980441659987
3830,3830,0.5708209747369672,1.0,0.5708209747369672
3831,3831,0.8458162161715443,1.0,0.8458162161715443
3832,3832,0.2524440306769483,1.0,0.2524440306769483
3833,3833,0.6001178136662391,1.0,0.6001178136662391
3834,3834,0.49481053961531896,1.0,0.49481053961531896
3835,3835,0.8414431540472728,1.0,0.8414431540472728
3836,3836,0.5699370393799988,1.0,0.5699370393799988
3837,3837,0.6762575124223656,0.0,0.6762575124223656
3838,3838,0.7056056030939167,1.0,0.7056056030939167
3839,3839,0.7887851161910281,1.0,0.7887851161910281
3840,3840,0.013256742281817835,0.0,0.013256742281817835
3841,3841,0.6675932288095461,1.0,0.6675932288095461
3842,3842,0.6665620215131931,1.0,0.6665620215131931
3843,3843,0.1961975313258515,0.0,0.1961975313258515
3844,3844,0.3232814960152035,0.0,0.3232814960152035
3845,3845,0.20409311493617033,0.0,0.20409311493617033
3846,3846,0.5858883145467192,1.0,0.5858883145467192
3847,3847,0.10933814980368228,0.0,0.10933814980368228
3848,3848,0.7238797791743161,1.0,0.7238797791743161
3849,3849,0.9463363581625824,1.0,0.9463363581625824
3850,3850,0.04508264434053266,0.0,0.04508264434053266
3851,3851,0.9174302309648606,1.0,0.9174302309648606
3852,3852,0.44278876672196066,1.0,0.44278876672196066
3853,3853,0.5209337537816956,1.0,0.5209337537816956
3854,3854,0.4823665153970409,1.0,0.4823665153970409
3855,3855,0.9635819151195505,1.0,0.9635819151195505
3856,3856,0.8490637176705328,1.0,0.8490637176705328
3857,3857,0.08308093790622417,0.0,0.08308093790622417
3858,3858,0.2698031887606982,1.0,0.2698031887606982
3859,3859,0.6041475075217234,1.0,0.6041475075217234
3860,3860,0.7463208103654624,1.0,0.7463208103654624
3861,3861,0.6359267817447725,1.0,0.6359267817447725
3862,3862,0.90347073870947,0.0,0.90347073870947
3863,3863,0.3805424199690288,0.0,0.3805424199690288
3864,3864,0.7620282260539604,1.0,0.7620282260539604
3865,3865,0.6741148321887931,0.0,0.6741148321887931
3866,3866,0.5954745375733417,0.0,0.5954745375733417
3867,3867,0.5395728608553431,1.0,0.5395728608553431
3868,3868,0.27993750185605304,1.0,0.27993750185605304
3869,3869,0.3226075431383727,0.0,0.3226075431383727
3870,3870,0.38478362254297194,0.0,0.38478362254297194
3871,3871,0.20154316590376664,1.0,0.20154316590376664
3872,3872,0.44538102524124756,0.0,0.44538102524124756
3873,3873,0.2666589604525397,0.0,0.2666589604525397
3874,3874,0.028723192038341394,0.0,0.028723192038341394
3875,3875,0.3538542016430244,1.0,0.3538542016430244
3876,3876,0.7945028020102464,1.0,0.7945028020102464
3877,3877,0.021559481174424966,0.0,0.021559481174424966
3878,3878,0.038219985797935285,0.0,0.038219985797935285
3879,3879,0.20968696758244942,0.0,0.20968696758244942
3880,3880,0.06456604759053597,0.0,0.06456604759053597
3881,3881,0.11361592262391729,0.0,0.11361592262391729
3882,3882,0.3364210135089929,1.0,0.3364210135089929
3883,3883,0.8531546637963027,1.0,0.8531546637963027
3884,3884,0.8317138409676686,1.0,0.8317138409676686
3885,3885,0.7448840704770261,1.0,0.7448840704770261
3886,3886,0.3178086014074035,0.0,0.3178086014074035
3887,3887,0.15353803823816314,0.0,0.15353803823816314
3888,3888,0.6635462426279503,1.0,0.6635462426279503
3889,3889,0.8019076354888565,1.0,0.8019076354888565
3890,3890,0.28650747338888516,0.0,0.28650747338888516
3891,3891,0.666587503714935,1.0,0.666587503714935
3892,3892,0.3113637676133516,0.0,0.3113637676133516
3893,3893,0.497350222599932,0.0,0.497350222599932
3894,3894,0.564861057775725,1.0,0.564861057775725
3895,3895,0.5292991027662625,1.0,0.5292991027662625
3896,3896,0.004775137525651618,0.0,0.004775137525651618
3897,3897,0.7202049800395555,1.0,0.7202049800395555
3898,3898,0.704848297960071,1.0,0.704848297960071
3899,3899,0.5499196829210147,1.0,0.5499196829210147
3900,3900,0.5156598036847115,1.0,0.5156598036847115
3901,3901,0.587428651706936,0.0,0.587428651706936
3902,3902,0.517160104659853,0.0,0.517160104659853
3903,3903,0.5015140517174403,1.0,0.5015140517174403
3904,3904,0.5850146116986122,1.0,0.5850146116986122
3905,3905,0.4222177180554646,0.0,0.4222177180554646
3906,3906,0.3349542776335367,0.0,0.3349542776335367
3907,3907,0.28771119780495913,0.0,0.28771119780495913
3908,3908,0.512798358413508,1.0,0.512798358413508
3909,3909,0.14180086601889264,0.0,0.14180086601889264
3910,3910,0.10149654293198118,0.0,0.10149654293198118
3911,3911,0.8845994629277729,1.0,0.8845994629277729
3912,3912,0.38718283629064787,1.0,0.38718283629064787
3913,3913,0.6138511424690772,1.0,0.6138511424690772
3914,3914,0.3679191955731582,0.0,0.3679191955731582
3915,3915,0.4224174966411507,0.0,0.4224174966411507
3916,3916,0.3742537287696803,1.0,0.3742537287696803
3917,3917,0.8989758773653487,0.0,0.8989758773653487
3918,3918,0.4346311568963219,0.0,0.4346311568963219
3919,3919,0.8091415405540041,0.0,0.8091415405540041
3920,3920,0.44953502497598063,0.0,0.44953502497598063
3921,3921,0.04539308599117442,0.0,0.04539308599117442
3922,3922,0.3778203095358579,1.0,0.3778203095358579
3923,3923,0.4177587935707259,0.0,0.4177587935707259
3924,3924,0.4488198665526897,0.0,0.4488198665526897
3925,3925,0.538543340294719,0.0,0.538543340294719
3926,3926,0.0673661184708062,0.0,0.0673661184708062
3927,3927,0.25113570147348996,0.0,0.25113570147348996
3928,3928,0.6210728579650304,1.0,0.6210728579650304
3929,3929,0.1603815240444184,0.0,0.1603815240444184
3930,3930,0.1131142807138319,0.0,0.1131142807138319
3931,3931,0.42586291532740317,0.0,0.42586291532740317
3932,3932,0.007758882935470002,0.0,0.007758882935470002
3933,3933,0.2103000793757389,0.0,0.2103000793757389
3934,3934,0.7994448036720831,1.0,0.7994448036720831
3935,3935,0.22897552508065255,0.0,0.22897552508065255
3936,3936,0.7408578625552287,0.0,0.7408578625552287
3937,3937,0.6001313142674767,1.0,0.6001313142674767
3938,3938,0.8328152128594579,1.0,0.8328152128594579
3939,3939,0.08423712785994453,0.0,0.08423712785994453
3940,3940,0.3522161914465419,0.0,0.3522161914465419
3941,3941,0.8615452548898967,1.0,0.8615452548898967
3942,3942,0.9234518312708944,1.0,0.9234518312708944
3943,3943,0.15177858472280015,0.0,0.15177858472280015
3944,3944,0.8000912803604706,1.0,0.8000912803604706
3945,3945,0.47873599350902163,1.0,0.47873599350902163
3946,3946,0.6293136625694381,1.0,0.6293136625694381
3947,3947,0.5950222344754705,0.0,0.5950222344754705
3948,3948,0.6127022486130311,1.0,0.6127022486130311
3949,3949,0.4243592361757874,1.0,0.4243592361757874
3950,3950,0.027438833685876407,0.0,0.027438833685876407
3951,3951,0.8524947217779912,1.0,0.8524947217779912
3952,3952,0.1798571959993558,0.0,0.1798571959993558
3953,3953,0.26724355796816557,0.0,0.26724355796816557
3954,3954,0.21416569359854765,0.0,0.21416569359854765
3955,3955,0.4615172487796376,0.0,0.4615172487796376
3956,3956,0.8499851956267297,0.0,0.8499851956267297
3957,3957,0.5188641359699897,1.0,0.5188641359699897
3958,3958,0.535499727280983,0.0,0.535499727280983
3959,3959,0.8102051451554864,0.0,0.8102051451554864
3960,3960,0.48170492891843175,1.0,0.48170492891843175
3961,3961,0.15024275647469976,0.0,0.15024275647469976
3962,3962,0.47792762187375226,1.0,0.47792762187375226
3963,3963,0.9133805571784528,1.0,0.9133805571784528
3964,3964,0.8967630877351783,1.0,0.8967630877351783
3965,3965,0.16505962733241342,0.0,0.16505962733241342
3966,3966,0.3036894333068807,1.0,0.3036894333068807
3967,3967,0.37092513659721305,1.0,0.37092513659721305
3968,3968,0.5191726783980839,0.0,0.5191726783980839
3969,3969,0.22372298518419476,0.0,0.22372298518419476
3970,3970,0.3742850166973474,1.0,0.3742850166973474
3971,3971,0.33693566492632887,0.0,0.33693566492632887
3972,3972,0.7007315301217337,1.0,0.7007315301217337
3973,3973,0.27768962443895173,0.0,0.27768962443895173
3974,3974,0.9002305220388411,1.0,0.9002305220388411
3975,3975,0.7377167668812836,1.0,0.7377167668812836
3976,3976,0.4206999575893893,0.0,0.4206999575893893
3977,3977,0.1818062062271667,0.0,0.1818062062271667
3978,3978,0.47100042201812764,1.0,0.47100042201812764
3979,3979,0.020150177540565584,0.0,0.020150177540565584
3980,3980,0.9574854379716697,1.0,0.9574854379716697
3981,3981,0.7525295150203398,1.0,0.7525295150203398
3982,3982,0.5541892261060639,0.0,0.5541892261060639
3983,3983,0.7702152236454848,0.0,0.7702152236454848
3984,3984,0.7603592355569427,1.0,0.7603592355569427
3985,3985,0.09941657353146949,0.0,0.09941657353146949
3986,3986,0.09271338840197219,0.0,0.09271338840197219
3987,3987,0.12240123754358889,0.0,0.12240123754358889
3988,3988,0.33336868666608144,0.0,0.33336868666608144
3989,3989,0.11308795681436623,0.0,0.11308795681436623
3990,3990,0.20334051221036287,0.0,0.20334051221036287
3991,3991,0.4244763827924205,0.0,0.4244763827924205
3992,3992,0.8609855153778176,1.0,0.8609855153778176
3993,3993,0.14162275371591027,0.0,0.14162275371591027
3994,3994,0.8231807789861245,1.0,0.8231807789861245
3995,3995,0.5561642562618725,1.0,0.5561642562618725
3996,3996,0.5552862921967741,1.0,0.5552862921967741
3997,3997,0.5284399398467193,1.0,0.5284399398467193
3998,3998,0.01992802240545799,0.0,0.01992802240545799
3999,3999,0.6707102701553388,0.0,0.6707102701553388
4000,4000,0.3089609860521969,1.0,0.3089609860521969
4001,4001,0.43593115449281394,1.0,0.43593115449281394
4002,4002,0.8306048057240836,1.0,0.8306048057240836
4003,4003,0.5849679384263224,0.0,0.5849679384263224
4004,4004,0.16494666279577963,0.0,0.16494666279577963
4005,4005,0.7426567077238396,1.0,0.7426567077238396
4006,4006,0.9514473124565034,1.0,0.9514473124565034
4007,4007,0.9350896227550518,1.0,0.9350896227550518
4008,4008,0.028878080644294424,0.0,0.028878080644294424
4009,4009,0.01878589826251098,0.0,0.01878589826251098
4010,4010,0.2775908293671494,0.0,0.2775908293671494
4011,4011,0.797548653409257,1.0,0.797548653409257
4012,4012,0.7640833756470973,1.0,0.7640833756470973
4013,4013,0.2922285430865804,0.0,0.2922285430865804
4014,4014,0.1474494635052036,0.0,0.1474494635052036
4015,4015,0.6007346539042832,1.0,0.6007346539042832
4016,4016,0.7767051477913512,1.0,0.7767051477913512
4017,4017,0.5107518177381744,0.0,0.5107518177381744
4018,4018,0.7810122082220212,1.0,0.7810122082220212
4019,4019,0.9637531307623061,1.0,0.9637531307623061
4020,4020,0.549787120947187,1.0,0.549787120947187
4021,4021,0.561234034958912,1.0,0.561234034958912
4022,4022,0.2993123844541661,0.0,0.2993123844541661
4023,4023,0.49733724514729793,1.0,0.49733724514729793
4024,4024,0.6550342216268412,1.0,0.6550342216268412
4025,4025,0.6265610517049396,1.0,0.6265610517049396
4026,4026,0.043032323025074426,1.0,0.043032323025074426
4027,4027,0.02167643871650038,0.0,0.02167643871650038
4028,4028,0.6566170563695707,1.0,0.6566170563695707
4029,4029,0.16259410469702407,0.0,0.16259410469702407
4030,4030,0.10772943204224472,0.0,0.10772943204224472
4031,4031,0.7319718846804649,1.0,0.7319718846804649
4032,4032,0.42837286357338233,0.0,0.42837286357338233
4033,4033,0.5877847273433875,0.0,0.5877847273433875
4034,4034,0.07491565887109841,0.0,0.07491565887109841
4035,4035,0.47203677790328025,1.0,0.47203677790328025
4036,4036,0.9156397271844249,1.0,0.9156397271844249
4037,4037,0.9813244067428121,1.0,0.9813244067428121
4038,4038,0.8000215665946788,1.0,0.8000215665946788
4039,4039,0.28168099804360835,1.0,0.28168099804360835
4040,4040,0.720477710121427,0.0,0.720477710121427
4041,4041,0.5524392442516027,0.0,0.5524392442516027
4042,4042,0.8624043677517452,1.0,0.8624043677517452
4043,4043,0.9360763714526272,1.0,0.9360763714526272
4044,4044,0.4005306139912743,0.0,0.4005306139912743
4045,4045,0.9542094725850636,1.0,0.9542094725850636
4046,4046,0.12561912893769023,1.0,0.12561912893769023
4047,4047,0.7428539121643143,1.0,0.7428539121643143
4048,4048,0.321696193777,1.0,0.321696193777
4049,4049,0.6567423952531004,0.0,0.6567423952531004
4050,4050,0.22669443338409045,0.0,0.22669443338409045
4051,4051,0.04333214662160234,0.0,0.04333214662160234
4052,4052,0.32808001501017114,1.0,0.32808001501017114
4053,4053,0.20186233239294116,0.0,0.20186233239294116
4054,4054,0.7200424793859191,1.0,0.7200424793859191
4055,4055,0.06825415270969137,0.0,0.06825415270969137
4056,4056,0.978876671051986,1.0,0.978876671051986
4057,4057,0.675278911174682,0.0,0.675278911174682
4058,4058,0.08453182445965679,0.0,0.08453182445965679
4059,4059,0.5628929358921293,0.0,0.5628929358921293
4060,4060,0.9428763552962556,1.0,0.9428763552962556
4061,4061,0.6761990093495072,0.0,0.6761990093495072
4062,4062,0.5616758975841736,0.0,0.5616758975841736
4063,4063,0.626856953428819,1.0,0.626856953428819
4064,4064,0.694291074807553,0.0,0.694291074807553
4065,4065,0.02655711755041379,0.0,0.02655711755041379
4066,4066,0.10791901949976812,0.0,0.10791901949976812
4067,4067,0.3694878493272278,0.0,0.3694878493272278
4068,4068,0.5704659308736363,1.0,0.5704659308736363
4069,4069,0.7696931010482028,0.0,0.7696931010482028
4070,4070,0.9889238361285377,1.0,0.9889238361285377
4071,4071,0.09972152192208317,0.0,0.09972152192208317
4072,4072,0.11273646439114904,0.0,0.11273646439114904
4073,4073,0.6721176524965592,0.0,0.6721176524965592
4074,4074,0.5016757530139916,0.0,0.5016757530139916
4075,4075,0.1895756581747462,1.0,0.1895756581747462
4076,4076,0.5121837635423223,1.0,0.5121837635423223
4077,4077,0.5100579615722214,1.0,0.5100579615722214
4078,4078,0.2500509002027361,1.0,0.2500509002027361
4079,4079,0.0766139877766352,0.0,0.0766139877766352
4080,4080,0.11069073408055463,0.0,0.11069073408055463
4081,4081,0.8550314385731279,1.0,0.8550314385731279
4082,4082,0.4776154751988827,1.0,0.4776154751988827
4083,4083,0.7180946244924336,1.0,0.7180946244924336
4084,4084,0.09875585367147466,0.0,0.09875585367147466
4085,4085,0.2809937944509914,0.0,0.2809937944509914
4086,4086,0.5932208965858817,1.0,0.5932208965858817
4087,4087,0.1645869688552981,0.0,0.1645869688552981
4088,4088,0.5937886633257484,0.0,0.5937886633257484
4089,4089,0.9907840274776042,1.0,0.9907840274776042
4090,4090,0.026013658982761534,0.0,0.026013658982761534
4091,4091,0.7839522493593559,1.0,0.7839522493593559
4092,4092,0.6788879059474993,1.0,0.6788879059474993
4093,4093,0.9775919172994388,1.0,0.9775919172994388
4094,4094,0.9274408500518956,1.0,0.9274408500518956
4095,4095,0.07844462503991223,0.0,0.07844462503991223
4096,4096,0.380403035439438,0.0,0.380403035439438
4097,4097,0.5072772926922492,1.0,0.5072772926922492
4098,4098,0.03267282407085781,1.0,0.03267282407085781
4099,4099,0.16607688325242287,1.0,0.16607688325242287
4100,4100,0.9390593667147794,1.0,0.9390593667147794
4101,4101,0.7236346873474752,1.0,0.7236346873474752
4102,4102,0.20512599641371643,0.0,0.20512599641371643
4103,4103,0.7738542862834289,1.0,0.7738542862834289
4104,4104,0.6524384606350495,1.0,0.6524384606350495
4105,4105,0.3923220583411915,1.0,0.3923220583411915
4106,4106,0.03332049468803577,0.0,0.03332049468803577
4107,4107,0.5332087679699543,1.0,0.5332087679699543
4108,4108,0.8424036345183539,1.0,0.8424036345183539
4109,4109,0.5178733855975646,1.0,0.5178733855975646
4110,4110,0.15779758803038701,0.0,0.15779758803038701
4111,4111,0.20383149192547956,0.0,0.20383149192547956
4112,4112,0.154080001504722,0.0,0.154080001504722
4113,4113,0.6685854290085235,1.0,0.6685854290085235
4114,4114,0.8482662188635202,1.0,0.8482662188635202
4115,4115,0.8069797575662622,1.0,0.8069797575662622
4116,4116,0.8175552953066964,1.0,0.8175552953066964
4117,4117,0.9006131391108344,1.0,0.9006131391108344
4118,4118,0.039687444798448435,0.0,0.039687444798448435
4119,4119,0.10365115082596299,1.0,0.10365115082596299
4120,4120,0.7721165873743394,1.0,0.7721165873743394
4121,4121,0.46810842829503785,0.0,0.46810842829503785
4122,4122,0.6699633884746389,0.0,0.6699633884746389
4123,4123,0.7098631860808805,1.0,0.7098631860808805
4124,4124,0.8874438686794355,1.0,0.8874438686794355
4125,4125,0.40727394613696466,0.0,0.40727394613696466
4126,4126,0.05378623961206219,0.0,0.05378623961206219
4127,4127,0.11292170821717118,0.0,0.11292170821717118
4128,4128,0.9147883564044633,1.0,0.9147883564044633
4129,4129,0.48493618292424445,1.0,0.48493618292424445
4130,4130,0.0742101040507056,0.0,0.0742101040507056
4131,4131,0.3509151375803842,0.0,0.3509151375803842
4132,4132,0.9228969277184306,1.0,0.9228969277184306
4133,4133,0.8421685872445432,0.0,0.8421685872445432
4134,4134,0.44065116011443706,1.0,0.44065116011443706
4135,4135,0.8882274685749502,1.0,0.8882274685749502
4136,4136,0.009911422362107625,0.0,0.009911422362107625
4137,4137,0.2030254366765759,0.0,0.2030254366765759
4138,4138,0.7399293168399399,1.0,0.7399293168399399
4139,4139,0.9527239832296673,1.0,0.9527239832296673
4140,4140,0.16291829178411732,0.0,0.16291829178411732
4141,4141,0.6298111101702316,1.0,0.6298111101702316
4142,4142,0.7936319996634549,1.0,0.7936319996634549
4143,4143,0.5746031968918649,1.0,0.5746031968918649
4144,4144,0.35955628681950735,1.0,0.35955628681950735
4145,4145,0.010699494743310889,0.0,0.010699494743310889
4146,4146,0.7219760124158769,1.0,0.7219760124158769
4147,4147,0.044613966408948325,0.0,0.044613966408948325
4148,4148,0.5719679750124018,1.0,0.5719679750124018
4149,4149,0.5037792132643841,0.0,0.5037792132643841
4150,4150,0.227344612286825,1.0,0.227344612286825
4151,4151,0.8690091830858626,1.0,0.8690091830858626
4152,4152,0.7262412115239217,1.0,0.7262412115239217
4153,4153,0.8557455054801704,1.0,0.8557455054801704
4154,4154,0.8175545664170938,0.0,0.8175545664170938
4155,4155,0.20484716471995434,1.0,0.20484716471995434
4156,4156,0.5089180013460142,0.0,0.5089180013460142
4157,4157,0.862221074640323,1.0,0.862221074640323
4158,4158,0.5607203009449815,0.0,0.5607203009449815
4159,4159,0.5441130656633145,1.0,0.5441130656633145
4160,4160,0.4263371317027004,1.0,0.4263371317027004
4161,4161,0.06257882703271611,0.0,0.06257882703271611
4162,4162,0.9682298398211056,1.0,0.9682298398211056
4163,4163,0.530000597224842,1.0,0.530000597224842
4164,4164,0.8032788903314594,0.0,0.8032788903314594
4165,4165,0.7786971785599197,0.0,0.7786971785599197
4166,4166,0.3565819150819667,0.0,0.3565819150819667
4167,4167,0.7919382208715836,0.0,0.7919382208715836
4168,4168,0.062062368150593294,0.0,0.062062368150593294
4169,4169,0.870307009682258,1.0,0.870307009682258
4170,4170,0.4061878181890901,0.0,0.4061878181890901
4171,4171,0.4569674299475207,1.0,0.4569674299475207
4172,4172,0.6331544058376741,0.0,0.6331544058376741
4173,4173,0.7986239665783509,0.0,0.7986239665783509
4174,4174,0.5632070830681166,1.0,0.5632070830681166
4175,4175,0.711897354784938,0.0,0.711897354784938
4176,4176,0.4967846564629659,0.0,0.4967846564629659
4177,4177,0.9038062434071154,1.0,0.9038062434071154
4178,4178,0.33709877823935264,0.0,0.33709877823935264
4179,4179,0.17530613256035477,0.0,0.17530613256035477
4180,4180,0.11710715882904488,0.0,0.11710715882904488
4181,4181,0.14954838515645774,0.0,0.14954838515645774
4182,4182,0.2943063796529186,1.0,0.2943063796529186
4183,4183,0.03068152175479555,0.0,0.03068152175479555
4184,4184,0.1601856602425965,0.0,0.1601856602425965
4185,4185,0.30635764011994826,1.0,0.30635764011994826
4186,4186,0.5909492809281869,0.0,0.5909492809281869
4187,4187,0.5756580639073228,0.0,0.5756580639073228
4188,4188,0.8608846248459883,1.0,0.8608846248459883
4189,4189,0.5165646387747456,0.0,0.5165646387747456
4190,4190,0.39606568637526807,0.0,0.39606568637526807
4191,4191,0.1914252756254048,0.0,0.1914252756254048
4192,4192,0.4928542220221631,0.0,0.4928542220221631
4193,4193,0.977779035695365,1.0,0.977779035695365
4194,4194,0.5405967104125962,0.0,0.5405967104125962
4195,4195,0.7893006242904936,1.0,0.7893006242904936
4196,4196,0.9372148701306283,1.0,0.9372148701306283
4197,4197,0.30084255410468574,1.0,0.30084255410468574
4198,4198,0.7631516157220686,1.0,0.7631516157220686
4199,4199,0.6116696468263875,1.0,0.6116696468263875
4200,4200,0.989884887545086,1.0,0.989884887545086
4201,4201,0.8188553081363437,1.0,0.8188553081363437
4202,4202,0.08323547953883759,0.0,0.08323547953883759
4203,4203,0.056824482167811,0.0,0.056824482167811
4204,4204,0.263409432495028,1.0,0.263409432495028
4205,4205,0.3288390610819454,0.0,0.3288390610819454
4206,4206,0.18524503973182016,1.0,0.18524503973182016
4207,4207,0.741605188344258,1.0,0.741605188344258
4208,4208,0.529330745611899,1.0,0.529330745611899
4209,4209,0.33194248831249673,1.0,0.33194248831249673
4210,4210,0.7691846585293931,1.0,0.7691846585293931
4211,4211,0.538537053921776,0.0,0.538537053921776
4212,4212,0.5390454436244808,0.0,0.5390454436244808
4213,4213,0.4541689379931687,0.0,0.4541689379931687
4214,4214,0.562843071536146,0.0,0.562843071536146
4215,4215,0.27005106666650514,0.0,0.27005106666650514
4216,4216,0.905952036052211,1.0,0.905952036052211
4217,4217,0.7659944882943246,1.0,0.7659944882943246
4218,4218,0.6884741283141202,1.0,0.6884741283141202
4219,4219,0.41100927652935837,0.0,0.41100927652935837
4220,4220,0.7730006181648593,1.0,0.7730006181648593
4221,4221,0.7240097818037702,1.0,0.7240097818037702
4222,4222,0.4287958954282104,1.0,0.4287958954282104
4223,4223,0.6764957484842535,0.0,0.6764957484842535
4224,4224,0.4170996536287819,1.0,0.4170996536287819
4225,4225,0.13386307568391076,0.0,0.13386307568391076
4226,4226,0.9301057840168296,1.0,0.9301057840168296
4227,4227,0.542276758980969,1.0,0.542276758980969
4228,4228,0.9284236652759177,1.0,0.9284236652759177
4229,4229,0.3700502684999075,0.0,0.3700502684999075
4230,4230,0.08692508378517316,0.0,0.08692508378517316
4231,4231,0.10556401200265819,0.0,0.10556401200265819
4232,4232,0.9743830911842053,1.0,0.9743830911842053
4233,4233,0.028837191036199417,0.0,0.028837191036199417
4234,4234,0.2075894817846181,1.0,0.2075894817846181
4235,4235,0.4885111754699687,1.0,0.4885111754699687
4236,4236,0.3635944927233332,0.0,0.3635944927233332
4237,4237,0.3189726353953214,0.0,0.3189726353953214
4238,4238,0.33743581373684217,0.0,0.33743581373684217
4239,4239,0.8997425438591954,1.0,0.8997425438591954
4240,4240,0.2465157497932987,1.0,0.2465157497932987
4241,4241,0.343756806168683,0.0,0.343756806168683
4242,4242,0.36544370134884385,0.0,0.36544370134884385
4243,4243,0.36126571093078885,0.0,0.36126571093078885
4244,4244,0.8727825146218842,1.0,0.8727825146218842
4245,4245,0.8251875133933941,1.0,0.8251875133933941
4246,4246,0.9765059010673002,1.0,0.9765059010673002
4247,4247,0.16482678821578056,0.0,0.16482678821578056
4248,4248,0.04319831214598402,0.0,0.04319831214598402
4249,4249,0.6412983290381086,1.0,0.6412983290381086
4250,4250,0.8550595052288161,1.0,0.8550595052288161
4251,4251,0.059935374324962876,0.0,0.059935374324962876
4252,4252,0.8542468482673445,1.0,0.8542468482673445
4253,4253,0.3212489844048998,0.0,0.3212489844048998
4254,4254,0.6981327912690423,0.0,0.6981327912690423
4255,4255,0.10278162539332847,0.0,0.10278162539332847
4256,4256,0.05316110264008023,0.0,0.05316110264008023
4257,4257,0.016978867816176857,0.0,0.016978867816176857
4258,4258,0.27271598567623445,0.0,0.27271598567623445
4259,4259,0.9773805943755693,1.0,0.9773805943755693
4260,4260,0.32449185840607775,0.0,0.32449185840607775
4261,4261,0.0543844158871547,0.0,0.0543844158871547
4262,4262,0.8000546511527804,1.0,0.8000546511527804
4263,4263,0.6444007939937788,0.0,0.6444007939937788
4264,4264,0.9214430077450815,1.0,0.9214430077450815
4265,4265,0.8268225114571424,0.0,0.8268225114571424
4266,4266,0.4315725413925545,0.0,0.4315725413925545
4267,4267,0.7676718072644969,1.0,0.7676718072644969
4268,4268,0.6827557618589607,0.0,0.6827557618589607
4269,4269,0.5511860688905819,1.0,0.5511860688905819
4270,4270,0.6722604217565044,1.0,0.6722604217565044
4271,4271,0.8408882369485654,1.0,0.8408882369485654
4272,4272,0.2775852340367079,0.0,0.2775852340367079
4273,4273,0.04658538425597902,0.0,0.04658538425597902
4274,4274,0.9345960055282422,1.0,0.9345960055282422
4275,4275,0.18987360956381383,0.0,0.18987360956381383
4276,4276,0.6925650641011969,1.0,0.6925650641011969
4277,4277,0.6424042458920662,0.0,0.6424042458920662
4278,4278,0.26578555763671996,0.0,0.26578555763671996
4279,4279,0.9960213210333986,1.0,0.9960213210333986
4280,4280,0.22858450172291767,0.0,0.22858450172291767
4281,4281,0.9124828978447282,1.0,0.9124828978447282
4282,4282,0.9197381446214552,1.0,0.9197381446214552
4283,4283,0.8518017774193068,1.0,0.8518017774193068
4284,4284,0.2738413492058992,1.0,0.2738413492058992
4285,4285,0.23971250888571372,0.0,0.23971250888571372
4286,4286,0.12869443119507518,0.0,0.12869443119507518
4287,4287,0.047182986625558976,0.0,0.047182986625558976
4288,4288,0.8461769958605491,1.0,0.8461769958605491
4289,4289,0.6955421179816602,0.0,0.6955421179816602
4290,4290,0.26749760750391305,1.0,0.26749760750391305
4291,4291,0.506939606134125,0.0,0.506939606134125
4292,4292,0.7114916974643721,1.0,0.7114916974643721
4293,4293,0.005037270395729099,0.0,0.005037270395729099
4294,4294,0.28271239632577205,1.0,0.28271239632577205
4295,4295,0.01599442664100037,0.0,0.01599442664100037
4296,4296,0.8828990908230504,1.0,0.8828990908230504
4297,4297,0.5603449484993266,0.0,0.5603449484993266
4298,4298,0.3057983890650897,0.0,0.3057983890650897
4299,4299,0.5557124642389218,1.0,0.5557124642389218
4300,4300,0.8877434453948153,1.0,0.8877434453948153
4301,4301,0.4640584682384381,1.0,0.4640584682384381
4302,4302,0.8505398131838277,0.0,0.8505398131838277
4303,4303,0.10066999613483485,0.0,0.10066999613483485
4304,4304,0.2679713075633835,1.0,0.2679713075633835
4305,4305,0.3232271362408544,0.0,0.3232271362408544
4306,4306,0.2902468016608758,1.0,0.2902468016608758
4307,4307,0.3097594058924026,0.0,0.3097594058924026
4308,4308,0.05530532403280519,0.0,0.05530532403280519
4309,4309,0.47343461781403573,0.0,0.47343461781403573
4310,4310,0.6313354980806013,0.0,0.6313354980806013
4311,4311,0.39481772276256855,0.0,0.39481772276256855
4312,4312,0.7142320105156117,1.0,0.7142320105156117
4313,4313,0.5455584806414555,1.0,0.5455584806414555
4314,4314,0.06282734202058271,0.0,0.06282734202058271
4315,4315,0.6882815655402441,1.0,0.6882815655402441
4316,4316,0.5038206757590948,0.0,0.5038206757590948
4317,4317,0.01172041361612719,0.0,0.01172041361612719
4318,4318,0.3065137785179084,0.0,0.3065137785179084
4319,4319,0.797058684757983,1.0,0.797058684757983
4320,4320,0.18075888986251254,1.0,0.18075888986251254
4321,4321,0.7336061635788851,1.0,0.7336061635788851
4322,4322,0.9510266002713474,1.0,0.9510266002713474
4323,4323,0.5460579705200751,1.0,0.5460579705200751
4324,4324,0.584222268452199,0.0,0.584222268452199
4325,4325,0.7490340586013344,0.0,0.7490340586013344
4326,4326,0.666613805212041,1.0,0.666613805212041
4327,4327,0.738528416400307,1.0,0.738528416400307
4328,4328,0.5258421296860025,1.0,0.5258421296860025
4329,4329,0.8548229979057631,1.0,0.8548229979057631
4330,4330,0.08863615922458123,0.0,0.08863615922458123
4331,4331,0.5865192928719696,1.0,0.5865192928719696
4332,4332,0.8044408585974867,1.0,0.8044408585974867
4333,4333,0.6992956833854885,0.0,0.6992956833854885
4334,4334,0.0524798166716669,0.0,0.0524798166716669
4335,4335,0.8278367392534973,1.0,0.8278367392534973
4336,4336,0.48663128038873804,0.0,0.48663128038873804
4337,4337,0.07574321071945123,0.0,0.07574321071945123
4338,4338,0.27063721882556857,0.0,0.27063721882556857
4339,4339,0.9692991832506862,1.0,0.9692991832506862
4340,4340,0.18455805362216415,1.0,0.18455805362216415
4341,4341,0.8004645791669761,0.0,0.8004645791669761
4342,4342,0.6699397970958564,1.0,0.6699397970958564
4343,4343,0.9267959657577367,1.0,0.9267959657577367
4344,4344,0.8503530657329662,1.0,0.8503530657329662
4345,4345,0.5296501971623078,0.0,0.5296501971623078
4346,4346,0.04543334857640169,0.0,0.04543334857640169
4347,4347,0.6827500014224704,1.0,0.6827500014224704
4348,4348,0.7279466055526005,1.0,0.7279466055526005
4349,4349,0.8808445189642161,1.0,0.8808445189642161
4350,4350,0.2242313504481711,1.0,0.2242313504481711
4351,4351,0.6668952800277811,0.0,0.6668952800277811
4352,4352,0.9954453815883579,1.0,0.9954453815883579
4353,4353,0.3049670215210304,1.0,0.3049670215210304
4354,4354,0.4254216677662349,1.0,0.4254216677662349
4355,4355,0.7227453306870174,1.0,0.7227453306870174
4356,4356,0.7104190754161198,0.0,0.7104190754161198
4357,4357,0.6410497992500687,1.0,0.6410497992500687
4358,4358,0.07698904913866511,0.0,0.07698904913866511
4359,4359,0.7834617430842001,1.0,0.7834617430842001
4360,4360,0.6490992660710695,1.0,0.6490992660710695
4361,4361,0.13528974978781638,0.0,0.13528974978781638
4362,4362,0.4783351667431762,1.0,0.4783351667431762
4363,4363,0.7159387870573423,1.0,0.7159387870573423
4364,4364,0.5957239050308903,1.0,0.5957239050308903
4365,4365,0.9644104401767863,1.0,0.9644104401767863
4366,4366,0.8715129838435973,1.0,0.8715129838435973
4367,4367,0.2431699046576623,0.0,0.2431699046576623
4368,4368,0.9603022763745154,1.0,0.9603022763745154
4369,4369,0.5895070618664893,0.0,0.5895070618664893
4370,4370,0.6117532739520593,1.0,0.6117532739520593
4371,4371,0.10382274808514613,0.0,0.10382274808514613
4372,4372,0.025333074666551214,0.0,0.025333074666551214
4373,4373,0.6304694260025353,0.0,0.6304694260025353
4374,4374,0.5617370877466521,0.0,0.5617370877466521
4375,4375,0.19821005894271615,1.0,0.19821005894271615
4376,4376,0.338301273132788,1.0,0.338301273132788
4377,4377,0.2307147806035299,0.0,0.2307147806035299
4378,4378,0.1799299101404458,0.0,0.1799299101404458
4379,4379,0.3082020935102583,0.0,0.3082020935102583
4380,4380,0.7405404766978264,1.0,0.7405404766978264
4381,4381,0.11853764965102886,0.0,0.11853764965102886
4382,4382,0.38832843995520183,0.0,0.38832843995520183
4383,4383,0.320492360782929,0.0,0.320492360782929
4384,4384,0.8640878559289337,1.0,0.8640878559289337
4385,4385,0.013911074648718436,0.0,0.013911074648718436
4386,4386,0.1113649698367043,0.0,0.1113649698367043
4387,4387,0.358906769283978,0.0,0.358906769283978
4388,4388,0.32660917350536955,1.0,0.32660917350536955
4389,4389,0.6949039316923393,1.0,0.6949039316923393
4390,4390,0.3193941508931477,0.0,0.3193941508931477
4391,4391,0.32221762916775465,0.0,0.32221762916775465
4392,4392,0.591740422018539,1.0,0.591740422018539
4393,4393,0.8504020838946982,1.0,0.8504020838946982
4394,4394,0.685948075110334,0.0,0.685948075110334
4395,4395,0.6320687730945053,0.0,0.6320687730945053
4396,4396,0.13978137559140358,0.0,0.13978137559140358
4397,4397,0.8767456231655444,1.0,0.8767456231655444
4398,4398,0.13438566712082523,0.0,0.13438566712082523
4399,4399,0.965502473561678,1.0,0.965502473561678
4400,4400,0.6110574134133827,0.0,0.6110574134133827
4401,4401,0.46155614294216063,0.0,0.46155614294216063
4402,4402,0.63663366269973,1.0,0.63663366269973
4403,4403,0.3328881245283204,0.0,0.3328881245283204
4404,4404,0.17156687821375072,1.0,0.17156687821375072
4405,4405,0.9615588342034842,1.0,0.9615588342034842
4406,4406,0.7722719421152364,1.0,0.7722719421152364
4407,4407,0.6803610376135387,1.0,0.6803610376135387
4408,4408,0.23373108395044295,1.0,0.23373108395044295
4409,4409,0.8918520040426472,1.0,0.8918520040426472
4410,4410,0.48841262231920124,0.0,0.48841262231920124
4411,4411,0.35570251690553,0.0,0.35570251690553
4412,4412,0.40290152113658906,0.0,0.40290152113658906
4413,4413,0.9487372253861528,1.0,0.9487372253861528
4414,4414,0.38236778458230447,0.0,0.38236778458230447
4415,4415,0.8275947957706453,0.0,0.8275947957706453
4416,4416,0.6587157845207066,0.0,0.6587157845207066
4417,4417,0.6687668406426133,0.0,0.6687668406426133
4418,4418,0.4268224934546141,1.0,0.4268224934546141
4419,4419,0.44542857511396683,1.0,0.44542857511396683
4420,4420,0.4893192474084933,1.0,0.4893192474084933
4421,4421,0.29214772814977585,0.0,0.29214772814977585
4422,4422,0.4519817050218391,1.0,0.4519817050218391
4423,4423,0.9139152331588152,1.0,0.9139152331588152
4424,4424,0.9200536970745,1.0,0.9200536970745
4425,4425,0.2601706609484997,0.0,0.2601706609484997
4426,4426,0.5027431806273888,0.0,0.5027431806273888
4427,4427,0.4297227878606178,0.0,0.4297227878606178
4428,4428,0.2530514330554796,0.0,0.2530514330554796
4429,4429,0.8482356109604459,1.0,0.8482356109604459
4430,4430,0.24630747899127703,0.0,0.24630747899127703
4431,4431,0.22029538986161434,0.0,0.22029538986161434
4432,4432,0.9253793449299079,1.0,0.9253793449299079
4433,4433,0.7561243915115018,1.0,0.7561243915115018
4434,4434,0.9310899629652405,1.0,0.9310899629652405
4435,4435,0.5326093707923094,1.0,0.5326093707923094
4436,4436,0.9207038087137521,1.0,0.9207038087137521
4437,4437,0.9167368204759359,1.0,0.9167368204759359
4438,4438,0.02867077626241943,0.0,0.02867077626241943
4439,4439,0.7339117850472542,0.0,0.7339117850472542
4440,4440,0.26995225374680265,0.0,0.26995225374680265
4441,4441,0.8458351778390897,1.0,0.8458351778390897
4442,4442,0.7909048616769042,1.0,0.7909048616769042
4443,4443,0.5076552463925992,1.0,0.5076552463925992
4444,4444,0.06341344816248318,0.0,0.06341344816248318
4445,4445,0.6175010122076271,1.0,0.6175010122076271
4446,4446,0.8455719997297179,1.0,0.8455719997297179
4447,4447,0.4966974711254445,0.0,0.4966974711254445
4448,4448,0.07731486960951983,0.0,0.07731486960951983
4449,4449,0.464095751306314,0.0,0.464095751306314
4450,4450,0.3440193053154893,0.0,0.3440193053154893
4451,4451,0.6405510672207314,1.0,0.6405510672207314
4452,4452,0.24066209588143628,1.0,0.24066209588143628
4453,4453,0.711432010975257,0.0,0.711432010975257
4454,4454,0.47428867809421815,0.0,0.47428867809421815
4455,4455,0.8190484756358296,1.0,0.8190484756358296
4456,4456,0.5837975385069312,0.0,0.5837975385069312
4457,4457,0.678708450790837,0.0,0.678708450790837
4458,4458,0.16910340174772343,0.0,0.16910340174772343
4459,4459,0.7759394915082223,1.0,0.7759394915082223
4460,4460,0.014325652211551576,0.0,0.014325652211551576
4461,4461,0.4781485916460876,0.0,0.4781485916460876
4462,4462,0.998399348527883,1.0,0.998399348527883
4463,4463,0.9797263161324609,1.0,0.9797263161324609
4464,4464,0.027753520697833323,0.0,0.027753520697833323
4465,4465,0.031107769756341885,0.0,0.031107769756341885
4466,4466,0.7331884976241018,1.0,0.7331884976241018
4467,4467,0.5061420070674681,0.0,0.5061420070674681
4468,4468,0.6481593477064065,1.0,0.6481593477064065
4469,4469,0.2735775489035134,0.0,0.2735775489035134
4470,4470,0.2013664603255133,0.0,0.2013664603255133
4471,4471,0.22607231337269762,0.0,0.22607231337269762
4472,4472,0.5407876654100147,0.0,0.5407876654100147
4473,4473,0.6266746296310582,1.0,0.6266746296310582
4474,4474,0.06332807893092296,0.0,0.06332807893092296
4475,4475,0.5295751835924324,0.0,0.5295751835924324
4476,4476,0.598629566287848,1.0,0.598629566287848
4477,4477,0.372049642675205,1.0,0.372049642675205
4478,4478,0.24491336170765954,0.0,0.24491336170765954
4479,4479,0.7706701768744411,1.0,0.7706701768744411
4480,4480,0.5825925861510908,0.0,0.5825925861510908
4481,4481,0.22648526368469601,1.0,0.22648526368469601
4482,4482,0.1596641998022077,0.0,0.1596641998022077
4483,4483,0.5692731162316362,1.0,0.5692731162316362
4484,4484,0.45225601640636337,1.0,0.45225601640636337
4485,4485,0.2975267692745446,0.0,0.2975267692745446
4486,4486,0.6279892949283181,1.0,0.6279892949283181
4487,4487,0.08375619192061579,0.0,0.08375619192061579
4488,4488,0.8724177767241601,1.0,0.8724177767241601
4489,4489,0.6774859509632796,1.0,0.6774859509632796
4490,4490,0.8330254316945519,0.0,0.8330254316945519
4491,4491,0.1880729078010258,1.0,0.1880729078010258
4492,4492,0.7655513616638624,1.0,0.7655513616638624
4493,4493,0.9142221688625893,1.0,0.9142221688625893
4494,4494,0.1762104677127838,0.0,0.1762104677127838
4495,4495,0.3324037552402256,1.0,0.3324037552402256
4496,4496,0.31215493258597693,0.0,0.31215493258597693
4497,4497,0.20719167388531212,0.0,0.20719167388531212
4498,4498,0.2607137605949764,0.0,0.2607137605949764
4499,4499,0.25192897902577405,0.0,0.25192897902577405
4500,4500,0.6300102276892449,0.0,0.6300102276892449
4501,4501,0.5151114696692486,1.0,0.5151114696692486
4502,4502,0.8220950968830449,1.0,0.8220950968830449
4503,4503,0.45187529605310506,0.0,0.45187529605310506
4504,4504,0.013859304079453127,0.0,0.013859304079453127
4505,4505,0.5725452573517229,0.0,0.5725452573517229
4506,4506,0.23863774660897497,0.0,0.23863774660897497
4507,4507,0.7761651192777667,1.0,0.7761651192777667
4508,4508,0.4679508768343511,0.0,0.4679508768343511
4509,4509,0.6825099819348132,1.0,0.6825099819348132
4510,4510,0.5745984992432883,1.0,0.5745984992432883
4511,4511,0.005004216714412646,0.0,0.005004216714412646
4512,4512,0.9675911386410903,1.0,0.9675911386410903
4513,4513,0.38019138867473856,1.0,0.38019138867473856
4514,4514,0.017277756489460727,0.0,0.017277756489460727
4515,4515,0.14643221602706835,0.0,0.14643221602706835
4516,4516,0.17047023628268687,1.0,0.17047023628268687
4517,4517,0.1828413849110161,0.0,0.1828413849110161
4518,4518,0.21187054895781365,1.0,0.21187054895781365
4519,4519,0.46322619956404076,0.0,0.46322619956404076
4520,4520,0.11059311417475493,1.0,0.11059311417475493
4521,4521,0.5662122805534093,0.0,0.5662122805534093
4522,4522,0.8038305124859988,1.0,0.8038305124859988
4523,4523,0.5803314234224018,0.0,0.5803314234224018
4524,4524,0.8354623503286479,1.0,0.8354623503286479
4525,4525,0.5742913185251096,1.0,0.5742913185251096
4526,4526,0.6704482420664575,0.0,0.6704482420664575
4527,4527,0.20911064205163277,0.0,0.20911064205163277
4528,4528,0.46838479096448193,1.0,0.46838479096448193
4529,4529,0.5123024057351333,1.0,0.5123024057351333
4530,4530,0.8846178924923737,1.0,0.8846178924923737
4531,4531,0.13285829749074107,1.0,0.13285829749074107
4532,4532,0.0028734867240954864,0.0,0.0028734867240954864
4533,4533,0.11052011779285387,0.0,0.11052011779285387
4534,4534,0.7092454641560513,1.0,0.7092454641560513
4535,4535,0.2722641541656111,0.0,0.2722641541656111
4536,4536,0.7047178272219025,1.0,0.7047178272219025
4537,4537,0.605256275529651,0.0,0.605256275529651
4538,4538,0.6782257637016981,1.0,0.6782257637016981
4539,4539,0.12448960385219687,1.0,0.12448960385219687
4540,4540,0.10505579040356194,0.0,0.10505579040356194
4541,4541,0.8830088102961583,1.0,0.8830088102961583
4542,4542,0.8835950673557674,1.0,0.8835950673557674
4543,4543,0.4143151728105715,0.0,0.4143151728105715
4544,4544,0.8246297138523947,1.0,0.8246297138523947
4545,4545,0.6988139085131599,0.0,0.6988139085131599
4546,4546,0.8258508425522091,1.0,0.8258508425522091
4547,4547,0.649444264586072,1.0,0.649444264586072
4548,4548,0.5941905390453929,1.0,0.5941905390453929
4549,4549,0.3066182225080427,0.0,0.3066182225080427
4550,4550,0.14829331463056927,0.0,0.14829331463056927
4551,4551,0.6850636372067114,0.0,0.6850636372067114
4552,4552,0.6199797664351889,0.0,0.6199797664351889
4553,4553,0.7430712435849943,1.0,0.7430712435849943
4554,4554,0.27450674461658053,1.0,0.27450674461658053
4555,4555,0.17593672224785095,0.0,0.17593672224785095
4556,4556,0.13337443886562106,0.0,0.13337443886562106
4557,4557,0.7507773881292562,1.0,0.7507773881292562
4558,4558,0.811130415663321,1.0,0.811130415663321
4559,4559,0.13164146766663565,0.0,0.13164146766663565
4560,4560,0.97692021184626,1.0,0.97692021184626
4561,4561,0.7989383692445653,1.0,0.7989383692445653
4562,4562,0.7822309504482143,1.0,0.7822309504482143
4563,4563,0.848526830761073,1.0,0.848526830761073
4564,4564,0.38415438536506263,1.0,0.38415438536506263
4565,4565,0.6126880667699673,1.0,0.6126880667699673
4566,4566,0.9730929448042516,1.0,0.9730929448042516
4567,4567,0.9583971927634819,1.0,0.9583971927634819
4568,4568,0.9030554951424036,1.0,0.9030554951424036
4569,4569,0.06557441180856993,0.0,0.06557441180856993
4570,4570,0.2595856430540435,0.0,0.2595856430540435
4571,4571,0.8188386901753151,1.0,0.8188386901753151
4572,4572,0.4171495355179996,0.0,0.4171495355179996
4573,4573,0.31425443137730036,1.0,0.31425443137730036
4574,4574,0.6758338157693017,1.0,0.6758338157693017
4575,4575,0.4355050826801802,0.0,0.4355050826801802
4576,4576,0.48831248523744475,1.0,0.48831248523744475
4577,4577,0.8442938887749658,1.0,0.8442938887749658
4578,4578,0.11131725001519466,0.0,0.11131725001519466
4579,4579,0.8143714090931227,1.0,0.8143714090931227
4580,4580,0.6098206128461787,1.0,0.6098206128461787
4581,4581,0.07602270913231268,0.0,0.07602270913231268
4582,4582,0.18017120658856134,0.0,0.18017120658856134
4583,4583,0.045666787681749255,0.0,0.045666787681749255
4584,4584,0.917913325329387,1.0,0.917913325329387
4585,4585,0.25578647646119756,0.0,0.25578647646119756
4586,4586,0.6046537146768716,1.0,0.6046537146768716
4587,4587,0.046612885773406054,1.0,0.046612885773406054
4588,4588,0.4579915640192721,0.0,0.4579915640192721
4589,4589,0.57078152826764,0.0,0.57078152826764
4590,4590,0.784202757057778,1.0,0.784202757057778
4591,4591,0.39524276430379435,1.0,0.39524276430379435
4592,4592,0.12170133479345602,0.0,0.12170133479345602
4593,4593,0.06137342651388211,1.0,0.06137342651388211
4594,4594,0.7168763250037086,0.0,0.7168763250037086
4595,4595,0.09798228151382149,0.0,0.09798228151382149
4596,4596,0.17366239250677606,0.0,0.17366239250677606
4597,4597,0.19195260298481254,1.0,0.19195260298481254
4598,4598,0.8803737118424108,1.0,0.8803737118424108
4599,4599,0.020795797195815036,0.0,0.020795797195815036
4600,4600,0.8233539455388086,1.0,0.8233539455388086
4601,4601,0.15075545449030603,0.0,0.15075545449030603
4602,4602,0.5069364496336723,1.0,0.5069364496336723
4603,4603,0.3507362186201045,1.0,0.3507362186201045
4604,4604,0.629654721703691,0.0,0.629654721703691
4605,4605,0.5146093022709857,1.0,0.5146093022709857
4606,4606,0.3219934689598647,1.0,0.3219934689598647
4607,4607,0.5177668816028574,1.0,0.5177668816028574
4608,4608,0.963938483204627,1.0,0.963938483204627
4609,4609,0.6637648212644528,1.0,0.6637648212644528
4610,4610,0.49526316677385407,1.0,0.49526316677385407
4611,4611,0.5983109161043227,1.0,0.5983109161043227
4612,4612,0.7767059967951906,1.0,0.7767059967951906
4613,4613,0.6835667039608991,0.0,0.6835667039608991
4614,4614,0.5014391152295179,0.0,0.5014391152295179
4615,4615,0.9428040458385621,1.0,0.9428040458385621
4616,4616,0.48841923543800503,1.0,0.48841923543800503
4617,4617,0.06072287985854363,0.0,0.06072287985854363
4618,4618,0.5195627453064763,1.0,0.5195627453064763
4619,4619,0.560981707229821,1.0,0.560981707229821
4620,4620,0.8929130969244529,1.0,0.8929130969244529
4621,4621,0.4136267046350054,0.0,0.4136267046350054
4622,4622,0.39159592274004995,0.0,0.39159592274004995
4623,4623,0.7930153333687356,1.0,0.7930153333687356
4624,4624,0.6503069566076515,1.0,0.6503069566076515
4625,4625,0.6236993708094357,1.0,0.6236993708094357
4626,4626,0.03743471164027923,0.0,0.03743471164027923
4627,4627,0.4570046860008813,0.0,0.4570046860008813
4628,4628,0.5635825549694349,0.0,0.5635825549694349
4629,4629,0.23710057590372235,0.0,0.23710057590372235
4630,4630,0.4340023383728673,0.0,0.4340023383728673
4631,4631,0.8571092178951555,1.0,0.8571092178951555
4632,4632,0.16312035070732545,1.0,0.16312035070732545
4633,4633,0.6067382888981689,1.0,0.6067382888981689
4634,4634,0.1963260538000141,1.0,0.1963260538000141
4635,4635,0.7511184315597175,1.0,0.7511184315597175
4636,4636,0.020297018084796448,0.0,0.020297018084796448
4637,4637,0.8583109696674276,1.0,0.8583109696674276
4638,4638,0.366620739933308,0.0,0.366620739933308
4639,4639,0.15303802371714448,0.0,0.15303802371714448
4640,4640,0.23529341582754593,0.0,0.23529341582754593
4641,4641,0.3142794377688447,0.0,0.3142794377688447
4642,4642,0.888435169712563,1.0,0.888435169712563
4643,4643,0.46801090358455333,0.0,0.46801090358455333
4644,4644,0.9430042890665354,1.0,0.9430042890665354
4645,4645,0.15340470311233678,0.0,0.15340470311233678
4646,4646,0.11431943483885532,0.0,0.11431943483885532
4647,4647,0.8039635287268521,1.0,0.8039635287268521
4648,4648,0.31523926183399875,0.0,0.31523926183399875
4649,4649,0.5982000366457373,0.0,0.5982000366457373
4650,4650,0.4360909421730038,0.0,0.4360909421730038
4651,4651,0.5482252490874028,0.0,0.5482252490874028
4652,4652,0.23041480478342902,0.0,0.23041480478342902
4653,4653,0.1510795687290596,0.0,0.1510795687290596
4654,4654,0.9526242980290117,1.0,0.9526242980290117
4655,4655,0.8506827683191824,1.0,0.8506827683191824
4656,4656,0.8663003441556842,1.0,0.8663003441556842
4657,4657,0.8138240703598193,1.0,0.8138240703598193
4658,4658,0.21525786980748884,0.0,0.21525786980748884
4659,4659,0.39354142281467774,1.0,0.39354142281467774
4660,4660,0.6808307063702728,1.0,0.6808307063702728
4661,4661,0.8744889352636596,1.0,0.8744889352636596
4662,4662,0.5148130034239111,0.0,0.5148130034239111
4663,4663,0.4562887576180089,1.0,0.4562887576180089
4664,4664,0.6163780651424177,1.0,0.6163780651424177
4665,4665,0.6773448462023146,0.0,0.6773448462023146
4666,4666,0.913845462408111,1.0,0.913845462408111
4667,4667,0.26744328874805,1.0,0.26744328874805
4668,4668,0.3724432971036712,1.0,0.3724432971036712
4669,4669,0.2672949710169742,0.0,0.2672949710169742
4670,4670,0.5999142191122289,1.0,0.5999142191122289
4671,4671,0.10935757281032776,0.0,0.10935757281032776
4672,4672,0.6341442996963965,0.0,0.6341442996963965
4673,4673,0.5708219786877721,1.0,0.5708219786877721
4674,4674,0.06394646903260459,0.0,0.06394646903260459
4675,4675,0.3335614211806761,0.0,0.3335614211806761
4676,4676,0.05680228985005065,0.0,0.05680228985005065
4677,4677,0.5706475091828724,1.0,0.5706475091828724
4678,4678,0.24949280738671153,0.0,0.24949280738671153
4679,4679,0.25521430577028725,0.0,0.25521430577028725
4680,4680,0.1941147026245359,0.0,0.1941147026245359
4681,4681,0.8617986521499715,1.0,0.8617986521499715
4682,4682,0.5240028852871079,1.0,0.5240028852871079
4683,4683,0.8092890612800131,0.0,0.8092890612800131
4684,4684,0.5974607523008102,0.0,0.5974607523008102
4685,4685,0.3944056333879653,0.0,0.3944056333879653
4686,4686,0.8251090749301085,1.0,0.8251090749301085
4687,4687,0.11374881952889604,1.0,0.11374881952889604
4688,4688,0.485277976863166,1.0,0.485277976863166
4689,4689,0.7949411487286665,1.0,0.7949411487286665
4690,4690,0.3380554167816794,0.0,0.3380554167816794
4691,4691,0.7641562494171062,1.0,0.7641562494171062
4692,4692,0.9277387583818981,1.0,0.9277387583818981
4693,4693,0.6859455066850119,1.0,0.6859455066850119
4694,4694,0.9842521170961155,1.0,0.9842521170961155
4695,4695,0.43149277359643046,1.0,0.43149277359643046
4696,4696,0.19874675128652886,0.0,0.19874675128652886
4697,4697,0.308375357334322,0.0,0.308375357334322
4698,4698,0.1737667135442772,0.0,0.1737667135442772
4699,4699,0.9278128928819181,1.0,0.9278128928819181
4700,4700,0.17578075057599785,0.0,0.17578075057599785
4701,4701,0.7523233732674843,1.0,0.7523233732674843
4702,4702,0.35139184913161225,1.0,0.35139184913161225
4703,4703,0.0017030394963313267,0.0,0.0017030394963313267
4704,4704,0.8657078922996119,1.0,0.8657078922996119
4705,4705,0.37843734283195163,0.0,0.37843734283195163
4706,4706,0.3191522070298224,1.0,0.3191522070298224
4707,4707,0.7632557446987187,1.0,0.7632557446987187
4708,4708,0.18924662158687378,0.0,0.18924662158687378
4709,4709,0.8890626118814828,1.0,0.8890626118814828
4710,4710,0.6867559940816433,1.0,0.6867559940816433
4711,4711,0.0219883398108931,0.0,0.0219883398108931
4712,4712,0.5255806234746885,0.0,0.5255806234746885
4713,4713,0.574478353599675,1.0,0.574478353599675
4714,4714,0.1655233504177357,1.0,0.1655233504177357
4715,4715,0.6929609794266233,0.0,0.6929609794266233
4716,4716,0.24383929041945684,0.0,0.24383929041945684
4717,4717,0.23969036037739233,0.0,0.23969036037739233
4718,4718,0.8130320946192042,1.0,0.8130320946192042
4719,4719,0.5043378473056894,1.0,0.5043378473056894
4720,4720,0.9343520092731472,1.0,0.9343520092731472
4721,4721,0.3636517962053981,0.0,0.3636517962053981
4722,4722,0.6050868516055373,1.0,0.6050868516055373
4723,4723,0.7735025548747295,1.0,0.7735025548747295
4724,4724,0.9114064878801599,1.0,0.9114064878801599
4725,4725,0.11945700135463266,0.0,0.11945700135463266
4726,4726,0.1948109960546932,0.0,0.1948109960546932
4727,4727,0.8544848807538571,1.0,0.8544848807538571
4728,4728,0.9375287138990418,1.0,0.9375287138990418
4729,4729,0.4360266554080374,1.0,0.4360266554080374
4730,4730,0.1176491680892594,0.0,0.1176491680892594
4731,4731,0.4838559119070881,0.0,0.4838559119070881
4732,4732,0.7739401907482477,1.0,0.7739401907482477
4733,4733,0.9864138033605788,1.0,0.9864138033605788
4734,4734,0.17744030462390314,1.0,0.17744030462390314
4735,4735,0.11561316459292881,0.0,0.11561316459292881
4736,4736,0.8949283729314491,1.0,0.8949283729314491
4737,4737,0.004818482560821291,0.0,0.004818482560821291
4738,4738,0.9451172941727499,1.0,0.9451172941727499
4739,4739,0.42190072418735713,0.0,0.42190072418735713
4740,4740,0.7209913068875112,0.0,0.7209913068875112
4741,4741,0.1576038919328283,1.0,0.1576038919328283
4742,4742,0.09580368703161135,0.0,0.09580368703161135
4743,4743,0.899889505652737,1.0,0.899889505652737
4744,4744,0.7526479287548877,1.0,0.7526479287548877
4745,4745,0.9130010259711531,1.0,0.9130010259711531
4746,4746,0.8603620637666529,1.0,0.8603620637666529
4747,4747,0.14062344717530295,0.0,0.14062344717530295
4748,4748,0.2795874878370793,0.0,0.2795874878370793
4749,4749,0.7483232492760344,0.0,0.7483232492760344
4750,4750,0.06458415860722488,0.0,0.06458415860722488
4751,4751,0.04246873936211182,0.0,0.04246873936211182
4752,4752,0.8866305991615758,1.0,0.8866305991615758
4753,4753,0.20404247067876924,0.0,0.20404247067876924
4754,4754,0.3364577857755201,1.0,0.3364577857755201
4755,4755,0.012147475326319102,0.0,0.012147475326319102
4756,4756,0.9006282138736886,1.0,0.9006282138736886
4757,4757,0.568262491348422,0.0,0.568262491348422
4758,4758,0.6394772961270871,1.0,0.6394772961270871
4759,4759,0.4826958940676539,0.0,0.4826958940676539
4760,4760,0.7607748935610866,1.0,0.7607748935610866
4761,4761,0.13325408866452082,1.0,0.13325408866452082
4762,4762,0.20212770180150352,0.0,0.20212770180150352
4763,4763,0.5557264640908833,0.0,0.5557264640908833
4764,4764,0.34710118976311866,1.0,0.34710118976311866
4765,4765,0.07787547011941809,0.0,0.07787547011941809
4766,4766,0.7723498099278149,0.0,0.7723498099278149
4767,4767,0.9818002677479927,1.0,0.9818002677479927
4768,4768,0.6520690567439348,1.0,0.6520690567439348
4769,4769,0.12447810671100301,0.0,0.12447810671100301
4770,4770,0.8134502371554259,1.0,0.8134502371554259
4771,4771,0.4510312065079366,0.0,0.4510312065079366
4772,4772,0.44587956422238273,1.0,0.44587956422238273
4773,4773,0.8819054808511927,1.0,0.8819054808511927
4774,4774,0.3479050199454071,0.0,0.3479050199454071
4775,4775,0.5276469996457868,0.0,0.5276469996457868
4776,4776,0.521733504997777,0.0,0.521733504997777
4777,4777,0.5982808370325817,1.0,0.5982808370325817
4778,4778,0.8372563870734681,0.0,0.8372563870734681
4779,4779,0.97833855057527,1.0,0.97833855057527
4780,4780,0.8813022141205051,1.0,0.8813022141205051
4781,4781,0.6072590228495849,0.0,0.6072590228495849
4782,4782,0.34588143242624647,0.0,0.34588143242624647
4783,4783,0.8464931980818011,1.0,0.8464931980818011
4784,4784,0.15864903367689653,0.0,0.15864903367689653
4785,4785,0.741480338757203,1.0,0.741480338757203
4786,4786,0.34911924565923247,0.0,0.34911924565923247
4787,4787,0.896047290206472,1.0,0.896047290206472
4788,4788,0.9300613424111537,1.0,0.9300613424111537
4789,4789,0.17227571008245657,0.0,0.17227571008245657
4790,4790,0.6390360564771438,1.0,0.6390360564771438
4791,4791,0.28689590445614244,0.0,0.28689590445614244
4792,4792,0.09211952058324746,0.0,0.09211952058324746
4793,4793,0.01090935926659542,0.0,0.01090935926659542
4794,4794,0.6652647298214964,1.0,0.6652647298214964
4795,4795,0.07465839644730998,0.0,0.07465839644730998
4796,4796,0.7456047663167129,1.0,0.7456047663167129
4797,4797,0.9148016052608694,1.0,0.9148016052608694
4798,4798,0.9838160850211196,1.0,0.9838160850211196
4799,4799,0.46744656294643117,1.0,0.46744656294643117
4800,4800,0.7123664324956182,1.0,0.7123664324956182
4801,4801,0.5381509509527693,1.0,0.5381509509527693
4802,4802,0.14326216154337634,1.0,0.14326216154337634
4803,4803,0.8743795848936091,1.0,0.8743795848936091
4804,4804,0.9491223509998874,1.0,0.9491223509998874
4805,4805,0.6432894071458519,1.0,0.6432894071458519
4806,4806,0.20644345375983242,0.0,0.20644345375983242
4807,4807,0.9675671519303902,1.0,0.9675671519303902
4808,4808,0.7005668424494396,0.0,0.7005668424494396
4809,4809,0.8953762169979769,1.0,0.8953762169979769
4810,4810,0.8152195600449861,1.0,0.8152195600449861
4811,4811,0.7939032065605179,1.0,0.7939032065605179
4812,4812,0.4616220616200434,0.0,0.4616220616200434
4813,4813,0.5068756818403991,1.0,0.5068756818403991
4814,4814,0.7733466482182922,1.0,0.7733466482182922
4815,4815,0.11635966744454052,0.0,0.11635966744454052
4816,4816,0.41032708397276896,0.0,0.41032708397276896
4817,4817,0.8635565452638008,0.0,0.8635565452638008
4818,4818,0.035386953901672125,0.0,0.035386953901672125
4819,4819,0.8595695652454026,1.0,0.8595695652454026
4820,4820,0.7784992807957143,1.0,0.7784992807957143
4821,4821,0.8736249234918482,1.0,0.8736249234918482
4822,4822,0.2918313600429261,1.0,0.2918313600429261
4823,4823,0.7535375987231497,0.0,0.7535375987231497
4824,4824,0.8983543192779547,1.0,0.8983543192779547
4825,4825,0.8461669618698678,1.0,0.8461669618698678
4826,4826,0.23998490213383494,0.0,0.23998490213383494
4827,4827,0.6528608242521869,0.0,0.6528608242521869
4828,4828,0.9631480205107829,1.0,0.9631480205107829
4829,4829,0.24218423869393024,0.0,0.24218423869393024
4830,4830,0.26079383160849856,0.0,0.26079383160849856
4831,4831,0.6860079668145442,1.0,0.6860079668145442
4832,4832,0.08450937072418874,0.0,0.08450937072418874
4833,4833,0.7800856421045239,1.0,0.7800856421045239
4834,4834,0.11362610759931802,0.0,0.11362610759931802
4835,4835,0.7312234806963258,1.0,0.7312234806963258
4836,4836,0.4345784160039494,1.0,0.4345784160039494
4837,4837,0.830834926394737,1.0,0.830834926394737
4838,4838,0.9565992677723861,1.0,0.9565992677723861
4839,4839,0.2681115987463075,0.0,0.2681115987463075
4840,4840,0.4624560811688885,0.0,0.4624560811688885
4841,4841,0.12871598064129464,0.0,0.12871598064129464
4842,4842,0.20854804839003505,0.0,0.20854804839003505
4843,4843,0.08302654485937067,1.0,0.08302654485937067
4844,4844,0.11676755104269132,0.0,0.11676755104269132
4845,4845,0.07150248314864083,0.0,0.07150248314864083
4846,4846,0.20105853535319984,1.0,0.20105853535319984
4847,4847,0.7942255206359929,1.0,0.7942255206359929
4848,4848,0.2545079785842441,1.0,0.2545079785842441
4849,4849,0.5848685840825291,0.0,0.5848685840825291
4850,4850,0.5834179284118901,1.0,0.5834179284118901
4851,4851,0.38020176888265167,0.0,0.38020176888265167
4852,4852,0.5595376639547104,0.0,0.5595376639547104
4853,4853,0.8577193874215465,1.0,0.8577193874215465
4854,4854,0.12806244527979305,0.0,0.12806244527979305
4855,4855,0.07279164426849749,0.0,0.07279164426849749
4856,4856,0.6056096748867936,0.0,0.6056096748867936
4857,4857,0.3088842641471935,0.0,0.3088842641471935
4858,4858,0.2227840462943239,1.0,0.2227840462943239
4859,4859,0.8622742399020283,1.0,0.8622742399020283
4860,4860,0.6977430943049221,0.0,0.6977430943049221
4861,4861,0.8221772969456772,1.0,0.8221772969456772
4862,4862,0.6553266376885201,0.0,0.6553266376885201
4863,4863,0.9208619238937883,1.0,0.9208619238937883
4864,4864,0.20021176075971336,0.0,0.20021176075971336
4865,4865,0.376584808686769,0.0,0.376584808686769
4866,4866,0.47074165521161404,1.0,0.47074165521161404
4867,4867,0.5870238852446986,1.0,0.5870238852446986
4868,4868,0.7951626903543237,1.0,0.7951626903543237
4869,4869,0.15925835286410162,0.0,0.15925835286410162
4870,4870,0.6492726479605085,0.0,0.6492726479605085
4871,4871,0.925920381022021,1.0,0.925920381022021
4872,4872,0.7215068521523289,0.0,0.7215068521523289
4873,4873,0.8664487134007759,1.0,0.8664487134007759
4874,4874,0.4403764923981395,1.0,0.4403764923981395
4875,4875,0.07253717177085539,0.0,0.07253717177085539
4876,4876,0.4547445814545653,1.0,0.4547445814545653
4877,4877,0.7218327119286894,1.0,0.7218327119286894
4878,4878,0.9945631453096592,1.0,0.9945631453096592
4879,4879,0.7723526046826509,1.0,0.7723526046826509
4880,4880,0.26830373282669606,0.0,0.26830373282669606
4881,4881,0.5166734000063651,0.0,0.5166734000063651
4882,4882,0.9830128131121405,1.0,0.9830128131121405
4883,4883,0.4308575741102677,1.0,0.4308575741102677
4884,4884,0.8012533238063321,0.0,0.8012533238063321
4885,4885,0.5836316276946559,1.0,0.5836316276946559
4886,4886,0.8659696809855917,1.0,0.8659696809855917
4887,4887,0.04624800687661035,0.0,0.04624800687661035
4888,4888,0.9393080469086038,1.0,0.9393080469086038
4889,4889,0.9900254765926991,1.0,0.9900254765926991
4890,4890,0.024859404200326174,0.0,0.024859404200326174
4891,4891,0.9011031651196316,1.0,0.9011031651196316
4892,4892,0.555664540050015,1.0,0.555664540050015
4893,4893,0.5201020331766226,1.0,0.5201020331766226
4894,4894,0.08970347949825497,0.0,0.08970347949825497
4895,4895,0.3442848213663493,0.0,0.3442848213663493
4896,4896,0.9546287542752064,1.0,0.9546287542752064
4897,4897,0.8138836701853507,1.0,0.8138836701853507
4898,4898,0.004785183420992656,0.0,0.004785183420992656
4899,4899,0.2861422195803611,0.0,0.2861422195803611
4900,4900,0.07435018563227302,0.0,0.07435018563227302
4901,4901,0.6310335054095942,1.0,0.6310335054095942
4902,4902,0.13558815523827505,0.0,0.13558815523827505
4903,4903,0.6508037035826778,1.0,0.6508037035826778
4904,4904,0.12435737963987215,0.0,0.12435737963987215
4905,4905,0.10545220323560023,0.0,0.10545220323560023
4906,4906,0.5962323747682855,0.0,0.5962323747682855
4907,4907,0.12284751276255468,0.0,0.12284751276255468
4908,4908,0.7119101730043901,1.0,0.7119101730043901
4909,4909,0.39184902837714275,0.0,0.39184902837714275
4910,4910,0.9702805551393419,1.0,0.9702805551393419
4911,4911,0.5518452359205142,0.0,0.5518452359205142
4912,4912,0.09723859738922769,0.0,0.09723859738922769
4913,4913,0.04874795372475227,0.0,0.04874795372475227
4914,4914,0.4306859984769348,0.0,0.4306859984769348
4915,4915,0.98969032624053,1.0,0.98969032624053
4916,4916,0.1982226377312648,0.0,0.1982226377312648
4917,4917,0.011569744859584397,0.0,0.011569744859584397
4918,4918,0.24087612631846067,0.0,0.24087612631846067
4919,4919,0.5768517119083956,1.0,0.5768517119083956
4920,4920,0.4579885689096036,0.0,0.4579885689096036
4921,4921,0.7083452329330417,0.0,0.7083452329330417
4922,4922,0.16357946153983705,0.0,0.16357946153983705
4923,4923,0.2586631412901861,0.0,0.2586631412901861
4924,4924,0.41603892299104217,1.0,0.41603892299104217
4925,4925,0.2526201127206491,0.0,0.2526201127206491
4926,4926,0.4928919891216651,1.0,0.4928919891216651
4927,4927,0.7365340815813327,1.0,0.7365340815813327
4928,4928,0.4763698908132944,0.0,0.4763698908132944
4929,4929,0.24350922165434108,0.0,0.24350922165434108
4930,4930,0.7144873468492955,1.0,0.7144873468492955
4931,4931,0.7120989858177311,0.0,0.7120989858177311
4932,4932,0.30546008563181537,0.0,0.30546008563181537
4933,4933,0.9162460064395527,1.0,0.9162460064395527
4934,4934,0.11440225682156235,0.0,0.11440225682156235
4935,4935,0.1168773921280506,0.0,0.1168773921280506
4936,4936,0.911000954924729,1.0,0.911000954924729
4937,4937,0.4577031381298431,0.0,0.4577031381298431
4938,4938,0.7645589434647694,0.0,0.7645589434647694
4939,4939,0.545154690584444,0.0,0.545154690584444
4940,4940,0.37694613544006594,0.0,0.37694613544006594
4941,4941,0.2491911447202495,1.0,0.2491911447202495
4942,4942,0.9260666345440242,1.0,0.9260666345440242
4943,4943,0.6664954541185955,1.0,0.6664954541185955
4944,4944,0.3670394120981545,0.0,0.3670394120981545
4945,4945,0.5912559667170109,1.0,0.5912559667170109
4946,4946,0.5556137023870512,1.0,0.5556137023870512
4947,4947,0.9128186920914649,1.0,0.9128186920914649
4948,4948,0.9491031508272789,1.0,0.9491031508272789
4949,4949,0.9214484531474687,1.0,0.9214484531474687
4950,4950,0.5553989136984305,0.0,0.5553989136984305
4951,4951,0.42639517240877356,1.0,0.42639517240877356
4952,4952,0.8338094002832327,0.0,0.8338094002832327
4953,4953,0.5545421129723918,1.0,0.5545421129723918
4954,4954,0.09540975325756895,0.0,0.09540975325756895
4955,4955,0.022205079947014816,0.0,0.022205079947014816
4956,4956,0.13156563592731052,0.0,0.13156563592731052
4957,4957,0.1688107522332487,0.0,0.1688107522332487
4958,4958,0.4604737107368533,0.0,0.4604737107368533
4959,4959,0.8177491095992926,1.0,0.8177491095992926
4960,4960,0.3452014835002185,1.0,0.3452014835002185
4961,4961,0.35469644232733966,0.0,0.35469644232733966
4962,4962,0.9324483422034872,1.0,0.9324483422034872
4963,4963,0.6676692055585643,0.0,0.6676692055585643
4964,4964,0.38342579753438877,0.0,0.38342579753438877
4965,4965,0.5167207992116454,1.0,0.5167207992116454
4966,4966,0.22073320047675404,0.0,0.22073320047675404
4967,4967,0.9261348815053726,1.0,0.9261348815053726
4968,4968,0.2337443935536493,0.0,0.2337443935536493
4969,4969,0.6706262307568825,1.0,0.6706262307568825
4970,4970,0.09656291071634349,0.0,0.09656291071634349
4971,4971,0.36501290431831357,0.0,0.36501290431831357
4972,4972,0.765428088792735,1.0,0.765428088792735
4973,4973,0.9126838295093783,1.0,0.9126838295093783
4974,4974,0.21696575903085835,0.0,0.21696575903085835
4975,4975,0.6552013094507447,1.0,0.6552013094507447
4976,4976,0.5012112004756355,1.0,0.5012112004756355
4977,4977,0.9170364908585905,1.0,0.9170364908585905
4978,4978,0.09684063077387128,0.0,0.09684063077387128
4979,4979,0.12574709614860557,0.0,0.12574709614860557
4980,4980,0.35154380550271347,1.0,0.35154380550271347
4981,4981,0.4549796278259225,1.0,0.4549796278259225
4982,4982,0.24886928232462224,1.0,0.24886928232462224
4983,4983,0.4366555501017392,0.0,0.4366555501017392
4984,4984,0.37875564975181064,0.0,0.37875564975181064
4985,4985,0.5570652695969032,0.0,0.5570652695969032
4986,4986,0.9982003159914102,1.0,0.9982003159914102
4987,4987,0.535328531907532,0.0,0.535328531907532
4988,4988,0.9922799588157195,1.0,0.9922799588157195
4989,4989,0.018271460232957892,0.0,0.018271460232957892
4990,4990,0.6106021960068793,0.0,0.6106021960068793
4991,4991,0.7355514502335455,0.0,0.7355514502335455
4992,4992,0.3436691222062477,0.0,0.3436691222062477
4993,4993,0.24887395935734358,0.0,0.24887395935734358
4994,4994,0.13464008061188537,0.0,0.13464008061188537
4995,4995,0.23953129956272612,1.0,0.23953129956272612
4996,4996,0.12966763550682125,0.0,0.12966763550682125
4997,4997,0.37129021156854924,0.0,0.37129021156854924
4998,4998,0.5410334135113681,1.0,0.5410334135113681
4999,4999,0.060772350095001926,0.0,0.060772350095001926
5000,5000,0.1150263705465191,0.0,0.1150263705465191
5001,5001,0.6414749764392588,1.0,0.6414749764392588
5002,5002,0.2384212807148942,0.0,0.2384212807148942
5003,5003,0.14902843707934577,0.0,0.14902843707934577
5004,5004,0.39227212903557696,0.0,0.39227212903557696
5005,5005,0.0002809830572816363,0.0,0.0002809830572816363
5006,5006,0.9236613713152412,1.0,0.9236613713152412
5007,5007,0.4810569400556527,1.0,0.4810569400556527
5008,5008,0.8214149812339865,1.0,0.8214149812339865
5009,5009,0.6026765233302029,0.0,0.6026765233302029
5010,5010,0.6289016795365716,0.0,0.6289016795365716
5011,5011,0.688326272539032,1.0,0.688326272539032
5012,5012,0.01928378714924084,0.0,0.01928378714924084
5013,5013,0.592758711550952,1.0,0.592758711550952
5014,5014,0.5613805031070689,0.0,0.5613805031070689
5015,5015,0.9230631709590491,1.0,0.9230631709590491
5016,5016,0.7123805961132461,1.0,0.7123805961132461
5017,5017,0.9117802831099925,0.0,0.9117802831099925
5018,5018,0.6488429369394931,1.0,0.6488429369394931
5019,5019,0.7451584376122266,1.0,0.7451584376122266
5020,5020,0.9157646819656762,1.0,0.9157646819656762
5021,5021,0.9707654223488879,1.0,0.9707654223488879
5022,5022,0.466495989738141,0.0,0.466495989738141
5023,5023,0.11274445815043788,0.0,0.11274445815043788
5024,5024,0.0277880206959229,0.0,0.0277880206959229
5025,5025,0.44822942378162767,0.0,0.44822942378162767
5026,5026,0.7799316274156597,1.0,0.7799316274156597
5027,5027,0.4082203956850746,0.0,0.4082203956850746
5028,5028,0.8757976910610727,1.0,0.8757976910610727
5029,5029,0.3088794760797223,0.0,0.3088794760797223
5030,5030,0.590260061715791,0.0,0.590260061715791
5031,5031,0.3969349589064365,0.0,0.3969349589064365
5032,5032,0.10906052725972237,0.0,0.10906052725972237
5033,5033,0.613818238915985,1.0,0.613818238915985
5034,5034,0.17822200575957792,0.0,0.17822200575957792
5035,5035,0.4669904931540273,0.0,0.4669904931540273
5036,5036,0.31145281031282623,0.0,0.31145281031282623
5037,5037,0.7186475855030633,1.0,0.7186475855030633
5038,5038,0.23156596760478976,0.0,0.23156596760478976
5039,5039,0.07881275457142012,0.0,0.07881275457142012
5040,5040,0.5662256779564634,0.0,0.5662256779564634
5041,5041,0.2635823030055666,0.0,0.2635823030055666
5042,5042,0.3440970631876129,0.0,0.3440970631876129
5043,5043,0.8149975102161865,1.0,0.8149975102161865
5044,5044,0.8577447913525854,1.0,0.8577447913525854
5045,5045,0.028998473281517723,0.0,0.028998473281517723
5046,5046,0.28846512658725,0.0,0.28846512658725
5047,5047,0.2843196324191286,0.0,0.2843196324191286
5048,5048,0.6669660125194394,1.0,0.6669660125194394
5049,5049,0.5920517916732742,0.0,0.5920517916732742
5050,5050,0.5995728999435701,0.0,0.5995728999435701
5051,5051,0.6823388568061897,0.0,0.6823388568061897
5052,5052,0.8522073568061435,1.0,0.8522073568061435
5053,5053,0.5945157045403522,0.0,0.5945157045403522
5054,5054,0.6312067690976693,0.0,0.6312067690976693
5055,5055,0.823948802699841,1.0,0.823948802699841
5056,5056,0.1585312197393558,0.0,0.1585312197393558
5057,5057,0.10081713005361925,0.0,0.10081713005361925
5058,5058,0.8487419850762246,1.0,0.8487419850762246
5059,5059,0.01677173219566963,0.0,0.01677173219566963
5060,5060,0.26078811103159705,0.0,0.26078811103159705
5061,5061,0.48380303822454396,0.0,0.48380303822454396
5062,5062,0.27075970975908015,0.0,0.27075970975908015
5063,5063,0.06705197421546061,0.0,0.06705197421546061
5064,5064,0.11122812204461885,0.0,0.11122812204461885
5065,5065,0.742720870414967,1.0,0.742720870414967
5066,5066,0.685963074913923,1.0,0.685963074913923
5067,5067,0.02959840046404494,0.0,0.02959840046404494
5068,5068,0.28258689200636267,0.0,0.28258689200636267
5069,5069,0.21378738884341375,1.0,0.21378738884341375
5070,5070,0.45264230860260446,0.0,0.45264230860260446
5071,5071,0.590046450958844,1.0,0.590046450958844
5072,5072,0.17544591143987598,1.0,0.17544591143987598
5073,5073,0.9341816595899882,1.0,0.9341816595899882
5074,5074,0.23074419885764885,0.0,0.23074419885764885
5075,5075,0.7288214731559851,1.0,0.7288214731559851
5076,5076,0.8216673105157309,0.0,0.8216673105157309
5077,5077,0.7418561618201232,1.0,0.7418561618201232
5078,5078,0.5360419139943987,1.0,0.5360419139943987
5079,5079,0.9075206209516181,1.0,0.9075206209516181
5080,5080,0.035242274869450196,0.0,0.035242274869450196
5081,5081,0.8667846209571272,1.0,0.8667846209571272
5082,5082,0.5787481007027167,1.0,0.5787481007027167
5083,5083,0.8833715225428992,1.0,0.8833715225428992
5084,5084,0.5643826094344448,1.0,0.5643826094344448
5085,5085,0.01605186440191375,0.0,0.01605186440191375
5086,5086,0.39621598151745163,0.0,0.39621598151745163
5087,5087,0.5146333714143997,1.0,0.5146333714143997
5088,5088,0.19144694429910125,0.0,0.19144694429910125
5089,5089,0.7449204712308918,1.0,0.7449204712308918
5090,5090,0.31576738563693874,0.0,0.31576738563693874
5091,5091,0.6168276452096639,1.0,0.6168276452096639
5092,5092,0.26623624692609504,1.0,0.26623624692609504
5093,5093,0.49742868066490453,1.0,0.49742868066490453
5094,5094,0.6099398054173109,0.0,0.6099398054173109
5095,5095,0.23647544853728353,0.0,0.23647544853728353
5096,5096,0.038896195762997854,0.0,0.038896195762997854
5097,5097,0.2393290381347304,0.0,0.2393290381347304
5098,5098,0.855055445148379,0.0,0.855055445148379
5099,5099,0.6640456924896623,1.0,0.6640456924896623
5100,5100,0.1259269836112854,0.0,0.1259269836112854
5101,5101,0.9873186662446521,1.0,0.9873186662446521
5102,5102,0.3521193276057448,0.0,0.3521193276057448
5103,5103,0.9670020636223737,1.0,0.9670020636223737
5104,5104,0.7452064507836365,1.0,0.7452064507836365
5105,5105,0.348567407323808,1.0,0.348567407323808
5106,5106,0.7881114919530555,1.0,0.7881114919530555
5107,5107,0.3268320815633202,0.0,0.3268320815633202
5108,5108,0.5383814722323315,1.0,0.5383814722323315
5109,5109,0.16381608547309923,1.0,0.16381608547309923
5110,5110,0.7094391796874807,1.0,0.7094391796874807
5111,5111,0.852867849596785,1.0,0.852867849596785
5112,5112,0.39470244675353694,0.0,0.39470244675353694
5113,5113,0.8232256132501338,1.0,0.8232256132501338
5114,5114,0.3429312996146935,0.0,0.3429312996146935
5115,5115,0.6715896297167995,1.0,0.6715896297167995
5116,5116,0.8830569009633286,0.0,0.8830569009633286
5117,5117,0.1495204158191622,0.0,0.1495204158191622
5118,5118,0.3429922762220471,1.0,0.3429922762220471
5119,5119,0.5495799047269582,0.0,0.5495799047269582
5120,5120,0.6823100533452398,1.0,0.6823100533452398
5121,5121,0.6067251904195199,0.0,0.6067251904195199
5122,5122,0.21465314281485326,0.0,0.21465314281485326
5123,5123,0.6043712794169472,0.0,0.6043712794169472
5124,5124,0.03394468065035894,0.0,0.03394468065035894
5125,5125,0.7487632597966597,1.0,0.7487632597966597
5126,5126,0.8958691132019023,1.0,0.8958691132019023
5127,5127,0.9026441261799385,1.0,0.9026441261799385
5128,5128,0.46502714771948206,0.0,0.46502714771948206
5129,5129,0.6471990221755203,0.0,0.6471990221755203
5130,5130,0.15857245677401877,0.0,0.15857245677401877
5131,5131,0.06494978274784136,0.0,0.06494978274784136
5132,5132,0.5601158823843048,1.0,0.5601158823843048
5133,5133,0.0777450541040039,0.0,0.0777450541040039
5134,5134,0.8658687949392441,1.0,0.8658687949392441
5135,5135,0.038192720076475895,0.0,0.038192720076475895
5136,5136,0.022427856442586935,0.0,0.022427856442586935
5137,5137,0.5906832365862997,0.0,0.5906832365862997
5138,5138,0.7536316458972988,1.0,0.7536316458972988
5139,5139,0.1288168333794365,0.0,0.1288168333794365
5140,5140,0.5917612265807701,1.0,0.5917612265807701
5141,5141,0.17858946089339844,0.0,0.17858946089339844
5142,5142,0.37679440411843235,1.0,0.37679440411843235
5143,5143,0.8827299086263186,1.0,0.8827299086263186
5144,5144,0.30913994792548705,0.0,0.30913994792548705
5145,5145,0.11636653145418951,1.0,0.11636653145418951
5146,5146,0.7211456275253069,1.0,0.7211456275253069
5147,5147,0.15907798423184905,0.0,0.15907798423184905
5148,5148,0.7116530257072967,1.0,0.7116530257072967
5149,5149,0.1018732033282761,0.0,0.1018732033282761
5150,5150,0.7157449523547702,0.0,0.7157449523547702
5151,5151,0.13890688528320883,0.0,0.13890688528320883
5152,5152,0.5329014477378035,0.0,0.5329014477378035
5153,5153,0.6133999058745198,1.0,0.6133999058745198
5154,5154,0.8319115892123264,1.0,0.8319115892123264
5155,5155,0.9421172345298059,1.0,0.9421172345298059
5156,5156,0.14048771022144302,0.0,0.14048771022144302
5157,5157,0.9715827111635951,1.0,0.9715827111635951
5158,5158,0.7837534902392638,1.0,0.7837534902392638
5159,5159,0.4118561639172499,0.0,0.4118561639172499
5160,5160,0.6261330853526,1.0,0.6261330853526
5161,5161,0.5809973356710416,1.0,0.5809973356710416
5162,5162,0.38614892511012344,1.0,0.38614892511012344
5163,5163,0.6217065743405142,1.0,0.6217065743405142
5164,5164,0.9269237169126204,1.0,0.9269237169126204
5165,5165,0.8112318304007109,1.0,0.8112318304007109
5166,5166,0.005135129535417504,0.0,0.005135129535417504
5167,5167,0.9290391306907217,0.0,0.9290391306907217
5168,5168,0.424737601995711,0.0,0.424737601995711
5169,5169,0.3302879922158496,1.0,0.3302879922158496
5170,5170,0.4343348796187948,0.0,0.4343348796187948
5171,5171,0.4546998789248319,1.0,0.4546998789248319
5172,5172,0.21048285389306243,0.0,0.21048285389306243
5173,5173,0.07643455761181006,0.0,0.07643455761181006
5174,5174,0.3560773991215732,1.0,0.3560773991215732
5175,5175,0.08437664725818939,0.0,0.08437664725818939
5176,5176,0.6604554196185565,0.0,0.6604554196185565
5177,5177,0.38126363351704073,0.0,0.38126363351704073
5178,5178,0.9977731500550314,1.0,0.9977731500550314
5179,5179,0.8242062606190047,1.0,0.8242062606190047
5180,5180,0.15768056043259027,0.0,0.15768056043259027
5181,5181,0.23001331753037668,0.0,0.23001331753037668
5182,5182,0.9951383289485514,1.0,0.9951383289485514
5183,5183,0.48931041160681144,1.0,0.48931041160681144
5184,5184,0.3651816664285521,0.0,0.3651816664285521
5185,5185,0.6627371736176114,1.0,0.6627371736176114
5186,5186,0.32773855829109955,0.0,0.32773855829109955
5187,5187,0.2446666032671595,0.0,0.2446666032671595
5188,5188,0.45341628949932156,0.0,0.45341628949932156
5189,5189,0.9966328380083311,1.0,0.9966328380083311
5190,5190,0.6301493690846174,1.0,0.6301493690846174
5191,5191,0.8559875210128752,1.0,0.8559875210128752
5192,5192,0.48197907158439435,0.0,0.48197907158439435
5193,5193,0.6594245205281526,0.0,0.6594245205281526
5194,5194,0.08776459647368873,0.0,0.08776459647368873
5195,5195,0.8237809951512146,1.0,0.8237809951512146
5196,5196,0.5215130330374298,1.0,0.5215130330374298
5197,5197,0.8298243735350437,1.0,0.8298243735350437
5198,5198,0.813236574313948,1.0,0.813236574313948
5199,5199,0.5192948632654103,0.0,0.5192948632654103
5200,5200,0.6462670927528611,1.0,0.6462670927528611
5201,5201,0.20205820770086114,0.0,0.20205820770086114
5202,5202,0.29876014246287785,1.0,0.29876014246287785
5203,5203,0.447507125905067,0.0,0.447507125905067
5204,5204,0.9456593782852533,1.0,0.9456593782852533
5205,5205,0.6396315667547359,1.0,0.6396315667547359
5206,5206,0.7080880390140767,1.0,0.7080880390140767
5207,5207,0.10781041987858409,0.0,0.10781041987858409
5208,5208,0.30615495344124677,1.0,0.30615495344124677
5209,5209,0.8693885180334915,0.0,0.8693885180334915
5210,5210,0.9848103737089099,1.0,0.9848103737089099
5211,5211,0.7603820409092175,0.0,0.7603820409092175
5212,5212,0.7469946575816191,1.0,0.7469946575816191
5213,5213,0.6648479635443256,1.0,0.6648479635443256
5214,5214,0.9708759397000771,1.0,0.9708759397000771
5215,5215,0.7911984425962169,0.0,0.7911984425962169
5216,5216,0.3174724542202497,0.0,0.3174724542202497
5217,5217,0.13219267948227853,0.0,0.13219267948227853
5218,5218,0.3376321801647344,0.0,0.3376321801647344
5219,5219,0.5569804830118427,0.0,0.5569804830118427
5220,5220,0.6163038242228431,1.0,0.6163038242228431
5221,5221,0.6550396129847805,0.0,0.6550396129847805
5222,5222,0.07840549342031222,0.0,0.07840549342031222
5223,5223,0.9500899646656208,1.0,0.9500899646656208
5224,5224,0.3627568149798648,1.0,0.3627568149798648
5225,5225,0.5816460877100961,1.0,0.5816460877100961
5226,5226,0.4359770747594075,0.0,0.4359770747594075
5227,5227,0.7377327221405591,1.0,0.7377327221405591
5228,5228,0.16911438479986307,1.0,0.16911438479986307
5229,5229,0.07827150182671527,1.0,0.07827150182671527
5230,5230,0.6855115968274917,0.0,0.6855115968274917
5231,5231,0.4562012032771767,0.0,0.4562012032771767
5232,5232,0.3208470714804217,1.0,0.3208470714804217
5233,5233,0.88479883632592,1.0,0.88479883632592
5234,5234,0.408037110560299,0.0,0.408037110560299
5235,5235,0.5276681709291412,0.0,0.5276681709291412
5236,5236,0.9259210158229597,1.0,0.9259210158229597
5237,5237,0.1918145785270392,0.0,0.1918145785270392
5238,5238,0.26378933248295033,0.0,0.26378933248295033
5239,5239,0.039776737262120054,0.0,0.039776737262120054
5240,5240,0.7726790184927264,1.0,0.7726790184927264
5241,5241,0.39262834793945,0.0,0.39262834793945
5242,5242,0.34080455869140036,0.0,0.34080455869140036
5243,5243,0.8146458928934567,1.0,0.8146458928934567
5244,5244,0.7258640969819729,0.0,0.7258640969819729
5245,5245,0.943146683284217,1.0,0.943146683284217
5246,5246,0.4619830693607184,1.0,0.4619830693607184
5247,5247,0.946813854740711,1.0,0.946813854740711
5248,5248,0.431040683849641,1.0,0.431040683849641
5249,5249,0.13223005017978462,0.0,0.13223005017978462
5250,5250,0.5794775404705703,1.0,0.5794775404705703
5251,5251,0.23557042130583017,0.0,0.23557042130583017
5252,5252,0.5642508213587674,1.0,0.5642508213587674
5253,5253,0.19046630793239117,0.0,0.19046630793239117
5254,5254,0.329755562272694,1.0,0.329755562272694
5255,5255,0.8761872010602464,1.0,0.8761872010602464
5256,5256,0.8053183770951964,1.0,0.8053183770951964
5257,5257,0.8267914565292578,1.0,0.8267914565292578
5258,5258,0.1187172304268651,0.0,0.1187172304268651
5259,5259,0.1063143784172953,0.0,0.1063143784172953
5260,5260,0.27791059153019104,0.0,0.27791059153019104
5261,5261,0.23442450854127816,0.0,0.23442450854127816
5262,5262,0.8365994162416072,1.0,0.8365994162416072
5263,5263,0.30216598490727375,0.0,0.30216598490727375
5264,5264,0.7033299245128767,1.0,0.7033299245128767
5265,5265,0.2836710121202545,0.0,0.2836710121202545
5266,5266,0.11868318074257989,0.0,0.11868318074257989
5267,5267,0.8430125774312943,1.0,0.8430125774312943
5268,5268,0.7556397518724635,1.0,0.7556397518724635
5269,5269,0.005084282471076729,0.0,0.005084282471076729
5270,5270,0.45930329718655694,0.0,0.45930329718655694
5271,5271,0.8950377707424757,1.0,0.8950377707424757
5272,5272,0.4323576877886285,1.0,0.4323576877886285
5273,5273,0.7517346013447532,1.0,0.7517346013447532
5274,5274,0.5917962728016619,1.0,0.5917962728016619
5275,5275,0.5113464835609629,1.0,0.5113464835609629
5276,5276,0.4871063862456053,0.0,0.4871063862456053
5277,5277,0.9977265017064392,1.0,0.9977265017064392
5278,5278,0.5551378245820415,0.0,0.5551378245820415
5279,5279,0.8058255331192686,1.0,0.8058255331192686
5280,5280,0.6283495875902512,1.0,0.6283495875902512
5281,5281,0.945529107216601,1.0,0.945529107216601
5282,5282,0.6456043475937367,1.0,0.6456043475937367
5283,5283,0.0996093512136752,0.0,0.0996093512136752
5284,5284,0.4625805617581009,0.0,0.4625805617581009
5285,5285,0.760566520617409,1.0,0.760566520617409
5286,5286,0.63739420528099,0.0,0.63739420528099
5287,5287,0.6640828440410383,0.0,0.6640828440410383
5288,5288,0.8306323804370073,1.0,0.8306323804370073
5289,5289,0.49948593936084085,0.0,0.49948593936084085
5290,5290,0.7087225791579786,1.0,0.7087225791579786
5291,5291,0.13324998852762293,0.0,0.13324998852762293
5292,5292,0.648732061959387,1.0,0.648732061959387
5293,5293,0.4478978110953643,1.0,0.4478978110953643
5294,5294,0.5833331198659711,1.0,0.5833331198659711
5295,5295,0.45725205864516416,1.0,0.45725205864516416
5296,5296,0.7672464670120174,1.0,0.7672464670120174
5297,5297,0.09082553217321931,0.0,0.09082553217321931
5298,5298,0.14590240030058843,0.0,0.14590240030058843
5299,5299,0.8007568048523539,1.0,0.8007568048523539
5300,5300,0.6009282375968289,1.0,0.6009282375968289
5301,5301,0.7077237955175071,1.0,0.7077237955175071
5302,5302,0.6377339151503999,1.0,0.6377339151503999
5303,5303,0.9614861406074158,1.0,0.9614861406074158
5304,5304,0.6159810901116441,1.0,0.6159810901116441
5305,5305,0.30086788473104376,1.0,0.30086788473104376
5306,5306,0.4818997293952567,0.0,0.4818997293952567
5307,5307,0.5238527025460328,0.0,0.5238527025460328
5308,5308,0.3971609882233864,0.0,0.3971609882233864
5309,5309,0.8313910078917193,0.0,0.8313910078917193
5310,5310,0.9579098525729703,1.0,0.9579098525729703
5311,5311,0.059095329504164296,1.0,0.059095329504164296
5312,5312,0.9588911163920796,1.0,0.9588911163920796
5313,5313,0.6945321220744207,0.0,0.6945321220744207
5314,5314,0.9016471368019893,1.0,0.9016471368019893
5315,5315,0.619629834215885,1.0,0.619629834215885
5316,5316,0.7222814243556297,1.0,0.7222814243556297
5317,5317,0.8030212417390429,1.0,0.8030212417390429
5318,5318,0.4164768190981607,1.0,0.4164768190981607
5319,5319,0.8880818902083928,1.0,0.8880818902083928
5320,5320,0.9230889249849015,1.0,0.9230889249849015
5321,5321,0.4757372765641994,0.0,0.4757372765641994
5322,5322,0.1311356475698897,0.0,0.1311356475698897
5323,5323,0.4024228175371257,1.0,0.4024228175371257
5324,5324,0.3632186614553111,0.0,0.3632186614553111
5325,5325,0.3492375971634516,0.0,0.3492375971634516
5326,5326,0.4623733351942204,0.0,0.4623733351942204
5327,5327,0.7357690300131502,0.0,0.7357690300131502
5328,5328,0.056016942837545214,0.0,0.056016942837545214
5329,5329,0.086059029451105,0.0,0.086059029451105
5330,5330,0.5339718970989366,0.0,0.5339718970989366
5331,5331,0.3416044838578932,1.0,0.3416044838578932
5332,5332,0.8341989738716606,1.0,0.8341989738716606
5333,5333,0.7278465806797588,0.0,0.7278465806797588
5334,5334,0.41314804168488717,0.0,0.41314804168488717
5335,5335,0.8813213990576196,1.0,0.8813213990576196
5336,5336,0.22552541769149992,0.0,0.22552541769149992
5337,5337,0.9151930835313029,1.0,0.9151930835313029
5338,5338,0.12791865104216238,0.0,0.12791865104216238
5339,5339,0.180486439257034,1.0,0.180486439257034
5340,5340,0.4000041436175662,1.0,0.4000041436175662
5341,5341,0.15662146266135935,0.0,0.15662146266135935
5342,5342,0.3937100499828817,0.0,0.3937100499828817
5343,5343,0.5252409744012483,0.0,0.5252409744012483
5344,5344,0.2407074931737212,0.0,0.2407074931737212
5345,5345,0.3127307883936917,0.0,0.3127307883936917
5346,5346,0.3473708318827765,1.0,0.3473708318827765
5347,5347,0.8400764157827159,1.0,0.8400764157827159
5348,5348,0.23113444468831734,0.0,0.23113444468831734
5349,5349,0.037784801569555104,0.0,0.037784801569555104
5350,5350,0.39720600508043913,1.0,0.39720600508043913
5351,5351,0.4659915210381047,0.0,0.4659915210381047
5352,5352,0.5825625992472778,0.0,0.5825625992472778
5353,5353,0.7514611717351781,0.0,0.7514611717351781
5354,5354,0.9890227081936217,1.0,0.9890227081936217
5355,5355,0.9268174052045756,1.0,0.9268174052045756
5356,5356,0.5357627495425517,1.0,0.5357627495425517
5357,5357,0.5983252743106691,1.0,0.5983252743106691
5358,5358,0.9022520083574339,1.0,0.9022520083574339
5359,5359,0.28372103369088353,0.0,0.28372103369088353
5360,5360,0.3192767560785005,1.0,0.3192767560785005
5361,5361,0.047490871068719076,0.0,0.047490871068719076
5362,5362,0.7306783232224342,0.0,0.7306783232224342
5363,5363,0.6838270951035317,0.0,0.6838270951035317
5364,5364,0.3352274836310706,1.0,0.3352274836310706
5365,5365,0.11648583688882352,0.0,0.11648583688882352
5366,5366,0.9699855927939895,1.0,0.9699855927939895
5367,5367,0.11670471365792856,0.0,0.11670471365792856
5368,5368,0.8554887617765539,1.0,0.8554887617765539
5369,5369,0.2188635353925804,0.0,0.2188635353925804
5370,5370,0.5617377328086715,0.0,0.5617377328086715
5371,5371,0.39785940301329104,0.0,0.39785940301329104
5372,5372,0.07250690352797007,0.0,0.07250690352797007
5373,5373,0.17398771382345501,0.0,0.17398771382345501
5374,5374,0.18670157281925392,0.0,0.18670157281925392
5375,5375,0.9321613616046383,1.0,0.9321613616046383
5376,5376,0.5931100870614509,1.0,0.5931100870614509
5377,5377,0.06660500935626745,0.0,0.06660500935626745
5378,5378,0.6685410737002071,1.0,0.6685410737002071
5379,5379,0.22793994011954732,0.0,0.22793994011954732
5380,5380,0.5890010317925489,1.0,0.5890010317925489
5381,5381,0.8257860607651507,1.0,0.8257860607651507
5382,5382,0.09320402567059372,0.0,0.09320402567059372
5383,5383,0.5386917991690042,0.0,0.5386917991690042
5384,5384,0.4846616637239233,0.0,0.4846616637239233
5385,5385,0.1182951386050064,0.0,0.1182951386050064
5386,5386,0.6984492959822521,1.0,0.6984492959822521
5387,5387,0.9189980884152609,1.0,0.9189980884152609
5388,5388,0.2132338159681516,0.0,0.2132338159681516
5389,5389,0.676369233591622,1.0,0.676369233591622
5390,5390,0.04589303903761022,0.0,0.04589303903761022
5391,5391,0.40964430209483516,1.0,0.40964430209483516
5392,5392,0.8046404781421435,1.0,0.8046404781421435
5393,5393,0.14666580694706843,0.0,0.14666580694706843
5394,5394,0.45350904837873485,1.0,0.45350904837873485
5395,5395,0.5378255466913611,1.0,0.5378255466913611
5396,5396,0.3098168355816652,0.0,0.3098168355816652
5397,5397,0.9233533994176408,1.0,0.9233533994176408
5398,5398,0.09080666853367558,0.0,0.09080666853367558
5399,5399,0.5749867947436618,1.0,0.5749867947436618
5400,5400,0.04183231846515678,0.0,0.04183231846515678
5401,5401,0.6370338764143755,1.0,0.6370338764143755
5402,5402,0.243874419704176,0.0,0.243874419704176
5403,5403,0.40034914643854946,1.0,0.40034914643854946
5404,5404,0.5771998262025576,1.0,0.5771998262025576
5405,5405,0.026145403078511875,0.0,0.026145403078511875
5406,5406,0.1002499324093169,0.0,0.1002499324093169
5407,5407,0.9913967971606579,1.0,0.9913967971606579
5408,5408,0.5947276763158281,1.0,0.5947276763158281
5409,5409,0.6237235603168584,1.0,0.6237235603168584
5410,5410,0.3005687315693979,0.0,0.3005687315693979
5411,5411,0.7612311508179301,1.0,0.7612311508179301
5412,5412,0.7418790211849194,1.0,0.7418790211849194
5413,5413,0.7618194932697749,1.0,0.7618194932697749
5414,5414,0.6508387954615061,1.0,0.6508387954615061
5415,5415,0.41510456648046445,1.0,0.41510456648046445
5416,5416,0.9365198030552473,1.0,0.9365198030552473
5417,5417,0.6944548968890095,0.0,0.6944548968890095
5418,5418,0.9208313562315772,1.0,0.9208313562315772
5419,5419,0.24484462270753993,0.0,0.24484462270753993
5420,5420,0.2539460084432651,0.0,0.2539460084432651
5421,5421,0.9548334690376478,1.0,0.9548334690376478
5422,5422,0.5567663395380419,0.0,0.5567663395380419
5423,5423,0.5172787770819829,1.0,0.5172787770819829
5424,5424,0.14688338180372307,0.0,0.14688338180372307
5425,5425,0.5565700336920948,0.0,0.5565700336920948
5426,5426,0.021617893343558126,0.0,0.021617893343558126
5427,5427,0.982519638236442,1.0,0.982519638236442
5428,5428,0.7374412996993036,1.0,0.7374412996993036
5429,5429,0.024114657263574646,0.0,0.024114657263574646
5430,5430,0.6194716760337183,0.0,0.6194716760337183
5431,5431,0.8176854598285919,1.0,0.8176854598285919
5432,5432,0.4339907748649915,1.0,0.4339907748649915
5433,5433,0.670482487896115,0.0,0.670482487896115
5434,5434,0.23973611492240476,0.0,0.23973611492240476
5435,5435,0.6157339298766508,1.0,0.6157339298766508
5436,5436,0.03627253144819098,0.0,0.03627253144819098
5437,5437,0.002482998660780278,0.0,0.002482998660780278
5438,5438,0.7212186240720495,1.0,0.7212186240720495
5439,5439,0.6799144172255346,1.0,0.6799144172255346
5440,5440,0.4784654979177603,0.0,0.4784654979177603
5441,5441,0.4116491605775139,0.0,0.4116491605775139
5442,5442,0.4853249092536085,1.0,0.4853249092536085
5443,5443,0.14720250239723376,0.0,0.14720250239723376
5444,5444,0.64367546814738,1.0,0.64367546814738
5445,5445,0.04650419780972004,0.0,0.04650419780972004
5446,5446,0.2415164224965275,1.0,0.2415164224965275
5447,5447,0.4415538076981156,0.0,0.4415538076981156
5448,5448,0.7114677816105037,1.0,0.7114677816105037
5449,5449,0.08886896763988228,0.0,0.08886896763988228
5450,5450,0.2384541794553663,0.0,0.2384541794553663
5451,5451,0.7230938178756645,1.0,0.7230938178756645
5452,5452,0.05679232916050614,0.0,0.05679232916050614
5453,5453,0.2784561137015277,1.0,0.2784561137015277
5454,5454,0.5501683994734562,1.0,0.5501683994734562
5455,5455,0.29785649208043175,0.0,0.29785649208043175
5456,5456,0.6406226649543058,1.0,0.6406226649543058
5457,5457,0.8587302553880773,1.0,0.8587302553880773
5458,5458,0.6656581615302308,1.0,0.6656581615302308
5459,5459,0.8708935042401256,0.0,0.8708935042401256
5460,5460,0.9714220736319218,1.0,0.9714220736319218
5461,5461,0.516482328706489,1.0,0.516482328706489
5462,5462,0.9376523788148718,1.0,0.9376523788148718
5463,5463,0.7865823007414776,1.0,0.7865823007414776
5464,5464,0.6217480031406714,1.0,0.6217480031406714
5465,5465,0.9759181418378609,1.0,0.9759181418378609
5466,5466,0.3985204951380863,0.0,0.3985204951380863
5467,5467,0.26487607287705917,0.0,0.26487607287705917
5468,5468,0.4077422965423374,0.0,0.4077422965423374
5469,5469,0.1322755207170464,0.0,0.1322755207170464
5470,5470,0.0041311035754811876,0.0,0.0041311035754811876
5471,5471,0.6574577024054037,1.0,0.6574577024054037
5472,5472,0.9020349785270558,1.0,0.9020349785270558
5473,5473,0.94129476182464,1.0,0.94129476182464
5474,5474,0.6906299871771011,1.0,0.6906299871771011
5475,5475,0.89234184188809,1.0,0.89234184188809
5476,5476,0.6306951568952609,1.0,0.6306951568952609
5477,5477,0.8645085214795689,1.0,0.8645085214795689
5478,5478,0.830064301664215,1.0,0.830064301664215
5479,5479,0.2738646841412993,1.0,0.2738646841412993
5480,5480,0.09069222855250658,0.0,0.09069222855250658
5481,5481,0.11028920433630551,0.0,0.11028920433630551
5482,5482,0.5441224339576877,1.0,0.5441224339576877
5483,5483,0.8133115110104285,1.0,0.8133115110104285
5484,5484,0.3825170560268014,0.0,0.3825170560268014
5485,5485,0.33352721240827976,0.0,0.33352721240827976
5486,5486,0.1260708183220457,0.0,0.1260708183220457
5487,5487,0.6264583787802978,1.0,0.6264583787802978
5488,5488,0.5345431389215723,0.0,0.5345431389215723
5489,5489,0.40546006406850976,0.0,0.40546006406850976
5490,5490,0.00012571836816177573,0.0,0.00012571836816177573
5491,5491,0.8196339940771395,1.0,0.8196339940771395
5492,5492,0.7013475040957514,1.0,0.7013475040957514
5493,5493,0.662424025667529,1.0,0.662424025667529
5494,5494,0.4288664834403012,1.0,0.4288664834403012
5495,5495,0.3988695864721338,0.0,0.3988695864721338
5496,5496,0.40486901007385134,1.0,0.40486901007385134
5497,5497,0.47732300491612856,0.0,0.47732300491612856
5498,5498,0.11363553222122325,1.0,0.11363553222122325
5499,5499,0.7989162201445545,1.0,0.7989162201445545
5500,5500,0.6257695722925822,0.0,0.6257695722925822
5501,5501,0.9705174028816665,1.0,0.9705174028816665
5502,5502,0.5459887580490869,1.0,0.5459887580490869
5503,5503,0.8039074059147937,1.0,0.8039074059147937
5504,5504,0.5675681761912413,1.0,0.5675681761912413
5505,5505,0.2710682187703536,0.0,0.2710682187703536
5506,5506,0.29541128390433435,0.0,0.29541128390433435
5507,5507,0.6978847474538803,0.0,0.6978847474538803
5508,5508,0.1453759539385363,0.0,0.1453759539385363
5509,5509,0.055418179116363375,0.0,0.055418179116363375
5510,5510,0.44920169350556594,1.0,0.44920169350556594
5511,5511,0.9063144075553379,1.0,0.9063144075553379
5512,5512,0.5410847062227401,0.0,0.5410847062227401
5513,5513,0.6894633340404136,1.0,0.6894633340404136
5514,5514,0.6838582283993394,1.0,0.6838582283993394
5515,5515,0.6649478790660127,1.0,0.6649478790660127
5516,5516,0.9836226261688691,1.0,0.9836226261688691
5517,5517,0.15406470848828435,0.0,0.15406470848828435
5518,5518,0.2380602461873884,0.0,0.2380602461873884
5519,5519,0.41536597330456004,0.0,0.41536597330456004
5520,5520,0.8401127847293626,1.0,0.8401127847293626
5521,5521,0.5239769208998364,0.0,0.5239769208998364
5522,5522,0.28671653353122073,0.0,0.28671653353122073
5523,5523,0.9071497378839619,1.0,0.9071497378839619
5524,5524,0.6713272015157913,0.0,0.6713272015157913
5525,5525,0.04309239589676783,1.0,0.04309239589676783
5526,5526,0.2489059986060238,0.0,0.2489059986060238
5527,5527,0.6316099909548916,1.0,0.6316099909548916
5528,5528,0.6623015075063221,1.0,0.6623015075063221
5529,5529,0.14878806567624814,0.0,0.14878806567624814
5530,5530,0.3894037865418195,0.0,0.3894037865418195
5531,5531,0.6341698623804548,1.0,0.6341698623804548
5532,5532,0.23543775630853003,0.0,0.23543775630853003
5533,5533,0.3392883051053157,1.0,0.3392883051053157
5534,5534,0.09305498438643611,0.0,0.09305498438643611
5535,5535,0.31333939346096085,0.0,0.31333939346096085
5536,5536,0.5862585084920885,0.0,0.5862585084920885
5537,5537,0.3837877394404908,0.0,0.3837877394404908
5538,5538,0.9268824187103346,0.0,0.9268824187103346
5539,5539,0.09729417839160948,0.0,0.09729417839160948
5540,5540,0.7343054154423724,0.0,0.7343054154423724
5541,5541,0.07925091742233192,0.0,0.07925091742233192
5542,5542,0.17862125502896553,0.0,0.17862125502896553
5543,5543,0.4201720204220383,0.0,0.4201720204220383
5544,5544,0.02660136210138142,0.0,0.02660136210138142
5545,5545,0.31201875673167234,1.0,0.31201875673167234
5546,5546,0.26165859522401547,0.0,0.26165859522401547
5547,5547,0.7446081543220805,1.0,0.7446081543220805
5548,5548,0.3626765584724849,1.0,0.3626765584724849
5549,5549,0.9720130612657938,1.0,0.9720130612657938
5550,5550,0.8260547736106862,1.0,0.8260547736106862
5551,5551,0.8551233159910255,1.0,0.8551233159910255
5552,5552,0.8606886751988655,1.0,0.8606886751988655
5553,5553,0.16523468678186604,0.0,0.16523468678186604
5554,5554,0.7516767614629402,0.0,0.7516767614629402
5555,5555,0.42731262991880503,1.0,0.42731262991880503
5556,5556,0.2099585829547015,0.0,0.2099585829547015
5557,5557,0.6036047866944758,0.0,0.6036047866944758
5558,5558,0.9263987616074755,1.0,0.9263987616074755
5559,5559,0.18013194164590962,0.0,0.18013194164590962
5560,5560,0.5459110875088938,0.0,0.5459110875088938
5561,5561,0.6135991837232857,1.0,0.6135991837232857
5562,5562,0.7198394342370287,1.0,0.7198394342370287
5563,5563,0.18872115407327683,0.0,0.18872115407327683
5564,5564,0.4355298025575559,1.0,0.4355298025575559
5565,5565,0.9166528689998291,1.0,0.9166528689998291
5566,5566,0.891446602426433,1.0,0.891446602426433
5567,5567,0.4983381310338235,0.0,0.4983381310338235
5568,5568,0.1852973816127681,1.0,0.1852973816127681
5569,5569,0.29225193423472384,0.0,0.29225193423472384
5570,5570,0.9211806586376587,1.0,0.9211806586376587
5571,5571,0.3419179851013249,1.0,0.3419179851013249
5572,5572,0.15153705695959563,0.0,0.15153705695959563
5573,5573,0.12099962300383338,0.0,0.12099962300383338
5574,5574,0.7496444798894815,1.0,0.7496444798894815
5575,5575,0.8231838317276781,1.0,0.8231838317276781
5576,5576,0.40867172792593764,0.0,0.40867172792593764
5577,5577,0.9417507290972322,1.0,0.9417507290972322
5578,5578,0.7427688808794548,1.0,0.7427688808794548
5579,5579,0.3895441756266923,0.0,0.3895441756266923
5580,5580,0.42617568306408626,0.0,0.42617568306408626
5581,5581,0.28794514982761277,0.0,0.28794514982761277
5582,5582,0.389874677043468,1.0,0.389874677043468
5583,5583,0.4026952858424466,0.0,0.4026952858424466
5584,5584,0.31652130102721354,0.0,0.31652130102721354
5585,5585,0.26721238137998093,0.0,0.26721238137998093
5586,5586,0.9922664937951063,1.0,0.9922664937951063
5587,5587,0.7569547384993872,1.0,0.7569547384993872
5588,5588,0.10233033671504466,0.0,0.10233033671504466
5589,5589,0.5790926960343304,0.0,0.5790926960343304
5590,5590,0.758108169422112,1.0,0.758108169422112
5591,5591,0.5390676340589572,1.0,0.5390676340589572
5592,5592,0.2965312779772613,0.0,0.2965312779772613
5593,5593,0.35676804634229353,0.0,0.35676804634229353
5594,5594,0.9410184471492976,1.0,0.9410184471492976
5595,5595,0.6020960230258703,1.0,0.6020960230258703
5596,5596,0.31942322339586016,0.0,0.31942322339586016
5597,5597,0.9940815965918535,1.0,0.9940815965918535
5598,5598,0.25105662085991676,1.0,0.25105662085991676
5599,5599,0.6899222428340622,0.0,0.6899222428340622
5600,5600,0.28789801822964,1.0,0.28789801822964
5601,5601,0.6113527880085283,0.0,0.6113527880085283
5602,5602,0.5623397687405446,1.0,0.5623397687405446
5603,5603,0.7273887374463905,0.0,0.7273887374463905
5604,5604,0.4967156207730766,0.0,0.4967156207730766
5605,5605,0.5478488356753983,0.0,0.5478488356753983
5606,5606,0.9356225970391758,1.0,0.9356225970391758
5607,5607,0.20333868345616768,0.0,0.20333868345616768
5608,5608,0.2974613846031444,0.0,0.2974613846031444
5609,5609,0.4895798457909504,0.0,0.4895798457909504
5610,5610,0.09369236625241373,0.0,0.09369236625241373
5611,5611,0.9019232737795064,0.0,0.9019232737795064
5612,5612,0.2107341006895671,0.0,0.2107341006895671
5613,5613,0.5755611388944418,0.0,0.5755611388944418
5614,5614,0.15305423896317782,0.0,0.15305423896317782
5615,5615,0.8438813029553072,1.0,0.8438813029553072
5616,5616,0.6726638638036827,1.0,0.6726638638036827
5617,5617,0.5310462931992548,0.0,0.5310462931992548
5618,5618,0.8381379481013254,1.0,0.8381379481013254
5619,5619,0.5150721796389504,1.0,0.5150721796389504
5620,5620,0.6519288755389315,0.0,0.6519288755389315
5621,5621,0.06281451951144124,0.0,0.06281451951144124
5622,5622,0.20404634373460406,0.0,0.20404634373460406
5623,5623,0.3408806346015386,0.0,0.3408806346015386
5624,5624,0.16085659566197008,0.0,0.16085659566197008
5625,5625,0.4824341052802643,0.0,0.4824341052802643
5626,5626,0.31240990351067743,0.0,0.31240990351067743
5627,5627,0.8878220261346885,1.0,0.8878220261346885
5628,5628,0.3908615254415625,0.0,0.3908615254415625
5629,5629,0.795027833072179,1.0,0.795027833072179
5630,5630,0.012572647694610972,0.0,0.012572647694610972
5631,5631,0.4255233833651645,1.0,0.4255233833651645
5632,5632,0.12017286195272314,0.0,0.12017286195272314
5633,5633,0.30911897822445433,0.0,0.30911897822445433
5634,5634,0.9065123897750526,1.0,0.9065123897750526
5635,5635,0.31315850471771733,1.0,0.31315850471771733
5636,5636,0.9933971258832992,1.0,0.9933971258832992
5637,5637,0.8919207062076668,0.0,0.8919207062076668
5638,5638,0.9262231309932965,1.0,0.9262231309932965
5639,5639,0.6152739170498497,0.0,0.6152739170498497
5640,5640,0.6375647910939783,0.0,0.6375647910939783
5641,5641,0.7367311761042902,1.0,0.7367311761042902
5642,5642,0.5029042985808675,1.0,0.5029042985808675
5643,5643,0.5147248852092552,0.0,0.5147248852092552
5644,5644,0.6126932664192394,1.0,0.6126932664192394
5645,5645,0.34145024821172687,0.0,0.34145024821172687
5646,5646,0.5701015451890818,1.0,0.5701015451890818
5647,5647,0.9540186190879067,1.0,0.9540186190879067
5648,5648,0.9310455970476512,1.0,0.9310455970476512
5649,5649,0.5641922396304876,1.0,0.5641922396304876
5650,5650,0.4000698951759514,0.0,0.4000698951759514
5651,5651,0.40786336507055476,1.0,0.40786336507055476
5652,5652,0.589419528833146,1.0,0.589419528833146
5653,5653,0.3315998420094346,1.0,0.3315998420094346
5654,5654,0.6275589489179498,1.0,0.6275589489179498
5655,5655,0.03752767099133614,0.0,0.03752767099133614
5656,5656,0.1777368303328858,0.0,0.1777368303328858
5657,5657,0.5333779891092466,0.0,0.5333779891092466
5658,5658,0.0811178844769247,0.0,0.0811178844769247
5659,5659,0.9510903448850617,1.0,0.9510903448850617
5660,5660,0.7574844595859125,1.0,0.7574844595859125
5661,5661,0.27439335695614264,0.0,0.27439335695614264
5662,5662,0.6822231972635532,1.0,0.6822231972635532
5663,5663,0.41857803413825956,1.0,0.41857803413825956
5664,5664,0.7969838852988702,0.0,0.7969838852988702
5665,5665,0.408673549702842,0.0,0.408673549702842
5666,5666,0.3212957569392322,0.0,0.3212957569392322
5667,5667,0.37842494663196624,1.0,0.37842494663196624
5668,5668,0.9916937958074132,1.0,0.9916937958074132
5669,5669,0.9753847930058263,1.0,0.9753847930058263
5670,5670,0.37727596749318326,0.0,0.37727596749318326
5671,5671,0.6992673067976869,1.0,0.6992673067976869
5672,5672,0.7331467048034005,1.0,0.7331467048034005
5673,5673,0.5852203784815323,1.0,0.5852203784815323
5674,5674,0.9137227795921888,1.0,0.9137227795921888
5675,5675,0.08084840794125592,0.0,0.08084840794125592
5676,5676,0.4162269601768055,0.0,0.4162269601768055
5677,5677,0.013793783850088337,0.0,0.013793783850088337
5678,5678,0.6201952298452704,1.0,0.6201952298452704
5679,5679,0.3861484988310844,0.0,0.3861484988310844
5680,5680,0.7893897493973963,0.0,0.7893897493973963
5681,5681,0.02814284057232508,0.0,0.02814284057232508
5682,5682,0.7097794860008763,1.0,0.7097794860008763
5683,5683,0.8755214567733887,1.0,0.8755214567733887
5684,5684,0.33363348477460364,0.0,0.33363348477460364
5685,5685,0.8888458498369677,1.0,0.8888458498369677
5686,5686,0.2130146363519796,0.0,0.2130146363519796
5687,5687,0.8044098924322521,1.0,0.8044098924322521
5688,5688,0.0028233195752053186,0.0,0.0028233195752053186
5689,5689,0.16315825990047694,1.0,0.16315825990047694
5690,5690,0.17863533991950775,0.0,0.17863533991950775
5691,5691,0.36056347869005545,1.0,0.36056347869005545
5692,5692,0.1928456209054542,1.0,0.1928456209054542
5693,5693,0.2926199234436144,1.0,0.2926199234436144
5694,5694,0.10277793529789636,0.0,0.10277793529789636
5695,5695,0.34012969480606725,0.0,0.34012969480606725
5696,5696,0.5894107345300171,1.0,0.5894107345300171
5697,5697,0.8290150673895631,1.0,0.8290150673895631
5698,5698,0.040026080469094505,0.0,0.040026080469094505
5699,5699,0.040967859046985855,0.0,0.040967859046985855
5700,5700,0.09899016259241622,0.0,0.09899016259241622
5701,5701,0.895980880385051,1.0,0.895980880385051
5702,5702,0.38464906812552424,0.0,0.38464906812552424
5703,5703,0.09864740845131226,0.0,0.09864740845131226
5704,5704,0.7523226954726532,0.0,0.7523226954726532
5705,5705,0.8845334247573177,0.0,0.8845334247573177
5706,5706,0.08999038416289262,0.0,0.08999038416289262
5707,5707,0.4811289124040836,0.0,0.4811289124040836
5708,5708,0.4771639378089533,0.0,0.4771639378089533
5709,5709,0.11412618295698862,0.0,0.11412618295698862
5710,5710,0.42485733283632754,0.0,0.42485733283632754
5711,5711,0.7247157950068114,1.0,0.7247157950068114
5712,5712,0.2539410149099999,0.0,0.2539410149099999
5713,5713,0.9315695867650131,1.0,0.9315695867650131
5714,5714,0.19802360759821547,0.0,0.19802360759821547
5715,5715,0.995080172143443,1.0,0.995080172143443
5716,5716,0.01732949236761172,0.0,0.01732949236761172
5717,5717,0.2352310516365388,0.0,0.2352310516365388
5718,5718,0.9053864058297183,1.0,0.9053864058297183
5719,5719,0.8047820510921291,1.0,0.8047820510921291
5720,5720,0.66709181323996,1.0,0.66709181323996
5721,5721,0.12651404050897508,0.0,0.12651404050897508
5722,5722,0.7285758466270629,0.0,0.7285758466270629
5723,5723,0.11121294354284483,0.0,0.11121294354284483
5724,5724,0.05464031496687605,0.0,0.05464031496687605
5725,5725,0.6206443815470312,0.0,0.6206443815470312
5726,5726,0.6039145419016391,0.0,0.6039145419016391
5727,5727,0.6472095242709761,0.0,0.6472095242709761
5728,5728,0.3443449188045872,0.0,0.3443449188045872
5729,5729,0.8322752108237841,1.0,0.8322752108237841
5730,5730,0.0076116350415738054,0.0,0.0076116350415738054
5731,5731,0.28985624053397796,0.0,0.28985624053397796
5732,5732,0.5247497713960062,1.0,0.5247497713960062
5733,5733,0.04620758577095996,0.0,0.04620758577095996
5734,5734,0.12934056213171452,0.0,0.12934056213171452
5735,5735,0.07940135039216112,0.0,0.07940135039216112
5736,5736,0.4186962120317822,1.0,0.4186962120317822
5737,5737,0.20417034229954034,0.0,0.20417034229954034
5738,5738,0.078565440397523,0.0,0.078565440397523
5739,5739,0.15036221606933853,0.0,0.15036221606933853
5740,5740,0.5906784462907664,1.0,0.5906784462907664
5741,5741,0.35519287461485005,1.0,0.35519287461485005
5742,5742,0.40364436540963444,0.0,0.40364436540963444
5743,5743,0.37313275323793016,0.0,0.37313275323793016
5744,5744,0.6887610797967068,1.0,0.6887610797967068
5745,5745,0.41533538587388497,0.0,0.41533538587388497
5746,5746,0.2879280211377654,0.0,0.2879280211377654
5747,5747,0.17035949212988344,0.0,0.17035949212988344
5748,5748,0.1785734280796707,0.0,0.1785734280796707
5749,5749,0.04693389372159418,0.0,0.04693389372159418
5750,5750,0.7271221497871426,1.0,0.7271221497871426
5751,5751,0.9025931347803553,1.0,0.9025931347803553
5752,5752,0.6272293664106432,1.0,0.6272293664106432
5753,5753,0.5377902281002018,1.0,0.5377902281002018
5754,5754,0.2975761381316685,0.0,0.2975761381316685
5755,5755,0.71151595613845,1.0,0.71151595613845
5756,5756,0.7923184895448352,1.0,0.7923184895448352
5757,5757,0.28520508146583856,0.0,0.28520508146583856
5758,5758,0.8126189194181044,1.0,0.8126189194181044
5759,5759,0.5777939264315162,0.0,0.5777939264315162
5760,5760,0.2154518707210279,0.0,0.2154518707210279
5761,5761,0.9964174510362475,1.0,0.9964174510362475
5762,5762,0.4018385422718882,1.0,0.4018385422718882
5763,5763,0.865006304869895,1.0,0.865006304869895
5764,5764,0.13807121154683244,0.0,0.13807121154683244
5765,5765,0.8109137300545366,1.0,0.8109137300545366
5766,5766,0.12694679702970757,0.0,0.12694679702970757
5767,5767,0.7314500988772061,1.0,0.7314500988772061
5768,5768,0.2714199334223354,0.0,0.2714199334223354
5769,5769,0.5481508900352753,1.0,0.5481508900352753
5770,5770,0.3430101338409275,0.0,0.3430101338409275
5771,5771,0.34585124358939,0.0,0.34585124358939
5772,5772,0.4564131319042659,1.0,0.4564131319042659
5773,5773,0.9943472745734587,1.0,0.9943472745734587
5774,5774,0.2094332441704485,0.0,0.2094332441704485
5775,5775,0.5554208691080527,1.0,0.5554208691080527
5776,5776,0.5636181228733586,0.0,0.5636181228733586
5777,5777,0.35204101198542626,1.0,0.35204101198542626
5778,5778,0.7028133422272499,1.0,0.7028133422272499
5779,5779,0.822384152833411,0.0,0.822384152833411
5780,5780,0.5621442020889231,0.0,0.5621442020889231
5781,5781,0.006277963435313172,0.0,0.006277963435313172
5782,5782,0.9505799182924953,1.0,0.9505799182924953
5783,5783,0.28962492365412984,0.0,0.28962492365412984
5784,5784,0.018728917975718185,0.0,0.018728917975718185
5785,5785,0.0568512437411578,0.0,0.0568512437411578
5786,5786,0.8915028817537983,1.0,0.8915028817537983
5787,5787,0.6052876898682662,1.0,0.6052876898682662
5788,5788,0.16665336208802173,0.0,0.16665336208802173
5789,5789,0.08991005247988593,0.0,0.08991005247988593
5790,5790,0.047486911935259224,0.0,0.047486911935259224
5791,5791,0.4018168642256018,1.0,0.4018168642256018
5792,5792,0.9572742410879957,1.0,0.9572742410879957
5793,5793,0.1135961567998377,0.0,0.1135961567998377
5794,5794,0.6897422793321784,0.0,0.6897422793321784
5795,5795,0.21187802033718972,0.0,0.21187802033718972
5796,5796,0.26471054403763905,0.0,0.26471054403763905
5797,5797,0.7732529008753078,1.0,0.7732529008753078
5798,5798,0.22442858826340295,0.0,0.22442858826340295
5799,5799,0.8735792774603415,0.0,0.8735792774603415
5800,5800,0.8247628180201327,1.0,0.8247628180201327
5801,5801,0.7592380989150816,1.0,0.7592380989150816
5802,5802,0.5938752094437478,1.0,0.5938752094437478
5803,5803,0.8823016160661145,1.0,0.8823016160661145
5804,5804,0.0685413558981296,0.0,0.0685413558981296
5805,5805,0.8115555749485815,1.0,0.8115555749485815
5806,5806,0.5405077036963696,0.0,0.5405077036963696
5807,5807,0.8416497889063496,1.0,0.8416497889063496
5808,5808,0.34970117266597534,0.0,0.34970117266597534
5809,5809,0.3813921779052891,0.0,0.3813921779052891
5810,5810,0.13501358641543604,0.0,0.13501358641543604
5811,5811,0.2933913745546164,0.0,0.2933913745546164
5812,5812,0.7418105165996918,0.0,0.7418105165996918
5813,5813,0.47210975235346797,1.0,0.47210975235346797
5814,5814,0.12421428163882642,1.0,0.12421428163882642
5815,5815,0.36944864866797555,0.0,0.36944864866797555
5816,5816,0.8115879341676818,1.0,0.8115879341676818
5817,5817,0.8326974655309463,1.0,0.8326974655309463
5818,5818,0.3262452943578802,0.0,0.3262452943578802
5819,5819,0.0922352774362949,0.0,0.0922352774362949
5820,5820,0.37284691761947997,0.0,0.37284691761947997
5821,5821,0.5502564303062404,0.0,0.5502564303062404
5822,5822,0.1607357957854172,0.0,0.1607357957854172
5823,5823,0.29939560831344936,0.0,0.29939560831344936
5824,5824,0.8473462471315693,0.0,0.8473462471315693
5825,5825,0.6568501708542407,0.0,0.6568501708542407
5826,5826,0.8815831712526073,1.0,0.8815831712526073
5827,5827,0.4274306861798971,1.0,0.4274306861798971
5828,5828,0.8914531895360944,1.0,0.8914531895360944
5829,5829,0.017853165972480878,0.0,0.017853165972480878
5830,5830,0.10457556391377298,0.0,0.10457556391377298
5831,5831,0.5899382978198975,1.0,0.5899382978198975
5832,5832,0.6296069103449486,0.0,0.6296069103449486
5833,5833,0.5796460556043286,1.0,0.5796460556043286
5834,5834,0.7334146965458906,1.0,0.7334146965458906
5835,5835,0.3437848505228912,0.0,0.3437848505228912
5836,5836,0.10711153412687069,0.0,0.10711153412687069
5837,5837,0.1933787826332808,0.0,0.1933787826332808
5838,5838,0.19932917710563403,0.0,0.19932917710563403
5839,5839,0.5103701766208333,1.0,0.5103701766208333
5840,5840,0.5974194423275464,1.0,0.5974194423275464
5841,5841,0.14064693103643966,0.0,0.14064693103643966
5842,5842,0.09875629425023125,0.0,0.09875629425023125
5843,5843,0.6332857436209653,1.0,0.6332857436209653
5844,5844,0.8474948876245219,1.0,0.8474948876245219
5845,5845,0.5620807946794414,0.0,0.5620807946794414
5846,5846,0.21032946087890314,0.0,0.21032946087890314
5847,5847,0.7864718818967901,1.0,0.7864718818967901
5848,5848,0.702381410338422,1.0,0.702381410338422
5849,5849,0.3672343915539841,0.0,0.3672343915539841
5850,5850,0.643995677769795,0.0,0.643995677769795
5851,5851,0.5736168898646009,0.0,0.5736168898646009
5852,5852,0.1600039129193469,0.0,0.1600039129193469
5853,5853,0.9818824827776297,1.0,0.9818824827776297
5854,5854,0.9598202745406029,1.0,0.9598202745406029
5855,5855,0.4460179568609296,0.0,0.4460179568609296
5856,5856,0.7656618958165285,1.0,0.7656618958165285
5857,5857,0.21429261686966394,0.0,0.21429261686966394
5858,5858,0.9973302660960237,1.0,0.9973302660960237
5859,5859,0.4387465543691278,1.0,0.4387465543691278
5860,5860,0.8467544657489503,1.0,0.8467544657489503
5861,5861,0.09293264549455793,0.0,0.09293264549455793
5862,5862,0.538996036008909,1.0,0.538996036008909
5863,5863,0.3285751298910905,0.0,0.3285751298910905
5864,5864,0.5511762990248871,1.0,0.5511762990248871
5865,5865,0.8589164392402768,1.0,0.8589164392402768
5866,5866,0.18937018904009717,0.0,0.18937018904009717
5867,5867,0.07413245455328599,0.0,0.07413245455328599
5868,5868,0.05746500340710026,0.0,0.05746500340710026
5869,5869,0.14939340793773326,1.0,0.14939340793773326
5870,5870,0.7677031955261715,1.0,0.7677031955261715
5871,5871,0.18734128704083441,0.0,0.18734128704083441
5872,5872,0.3297168361382863,0.0,0.3297168361382863
5873,5873,0.9076384820754594,1.0,0.9076384820754594
5874,5874,0.0633466855604089,0.0,0.0633466855604089
5875,5875,0.7093675344230848,1.0,0.7093675344230848
5876,5876,0.3917819207543608,1.0,0.3917819207543608
5877,5877,0.7430766449676891,1.0,0.7430766449676891
5878,5878,0.10750672648923454,1.0,0.10750672648923454
5879,5879,0.2737741753536873,0.0,0.2737741753536873
5880,5880,0.3911826019398891,0.0,0.3911826019398891
5881,5881,0.7450430681590637,1.0,0.7450430681590637
5882,5882,0.6718231753039091,1.0,0.6718231753039091
5883,5883,0.2831693422329068,0.0,0.2831693422329068
5884,5884,0.5650685806635585,0.0,0.5650685806635585
5885,5885,0.5203627098473181,0.0,0.5203627098473181
5886,5886,0.9891359293310984,1.0,0.9891359293310984
5887,5887,0.6720313026151693,1.0,0.6720313026151693
5888,5888,0.5870172077439502,1.0,0.5870172077439502
5889,5889,0.32147413108117595,1.0,0.32147413108117595
5890,5890,0.4966267247576379,0.0,0.4966267247576379
5891,5891,0.5034235644130833,0.0,0.5034235644130833
5892,5892,0.23393790606953524,0.0,0.23393790606953524
5893,5893,0.21560034761419167,0.0,0.21560034761419167
5894,5894,0.9031006233739084,1.0,0.9031006233739084
5895,5895,0.3986217325621976,1.0,0.3986217325621976
5896,5896,0.014591422884199012,1.0,0.014591422884199012
5897,5897,0.6379826010581574,1.0,0.6379826010581574
5898,5898,0.2859976884716473,1.0,0.2859976884716473
5899,5899,0.6432920422478996,0.0,0.6432920422478996
5900,5900,0.7284512846734768,0.0,0.7284512846734768
5901,5901,0.06864089593171463,0.0,0.06864089593171463
5902,5902,0.009487810482115111,0.0,0.009487810482115111
5903,5903,0.8983508211663271,1.0,0.8983508211663271
5904,5904,0.012967632532588813,0.0,0.012967632532588813
5905,5905,0.2601550860220433,0.0,0.2601550860220433
5906,5906,0.981938446228297,1.0,0.981938446228297
5907,5907,0.30964989125457176,0.0,0.30964989125457176
5908,5908,0.9105031147686564,1.0,0.9105031147686564
5909,5909,0.3509645144668687,0.0,0.3509645144668687
5910,5910,0.05791093412981907,0.0,0.05791093412981907
5911,5911,0.06898438677524166,0.0,0.06898438677524166
5912,5912,0.4849525037602276,0.0,0.4849525037602276
5913,5913,0.3246710138292106,0.0,0.3246710138292106
5914,5914,0.5800376682301864,1.0,0.5800376682301864
5915,5915,0.8723951125321706,1.0,0.8723951125321706
5916,5916,0.0002924343302523891,0.0,0.0002924343302523891
5917,5917,0.18414829334547844,0.0,0.18414829334547844
5918,5918,0.36006883002544376,0.0,0.36006883002544376
5919,5919,0.4207999489730653,0.0,0.4207999489730653
5920,5920,0.1981816875391066,0.0,0.1981816875391066
5921,5921,0.9884669346106336,1.0,0.9884669346106336
5922,5922,0.596908454722954,0.0,0.596908454722954
5923,5923,0.6894192910752667,1.0,0.6894192910752667
5924,5924,0.5311064148098625,0.0,0.5311064148098625
5925,5925,0.4912920413242787,0.0,0.4912920413242787
5926,5926,0.47077249337754334,0.0,0.47077249337754334
5927,5927,0.7952974956305543,1.0,0.7952974956305543
5928,5928,0.8899590133270842,1.0,0.8899590133270842
5929,5929,0.12457370341998242,0.0,0.12457370341998242
5930,5930,0.1410978906617072,1.0,0.1410978906617072
5931,5931,0.27653120523909946,1.0,0.27653120523909946
5932,5932,0.5268712823942637,0.0,0.5268712823942637
5933,5933,0.8439023019782329,1.0,0.8439023019782329
5934,5934,0.4984538232651733,1.0,0.4984538232651733
5935,5935,0.9109058955683077,0.0,0.9109058955683077
5936,5936,0.05604459741772472,0.0,0.05604459741772472
5937,5937,0.08700313654913583,0.0,0.08700313654913583
5938,5938,0.4803775277877672,1.0,0.4803775277877672
5939,5939,0.8449385553710963,1.0,0.8449385553710963
5940,5940,0.19108355447540948,0.0,0.19108355447540948
5941,5941,0.942628585799112,1.0,0.942628585799112
5942,5942,0.039542154011273034,0.0,0.039542154011273034
5943,5943,0.9417957684491957,1.0,0.9417957684491957
5944,5944,0.6716087667863602,1.0,0.6716087667863602
5945,5945,0.7311965223403353,1.0,0.7311965223403353
5946,5946,0.272000877847978,0.0,0.272000877847978
5947,5947,0.4139866675741636,0.0,0.4139866675741636
5948,5948,0.18268942967650748,0.0,0.18268942967650748
5949,5949,0.573175033548464,1.0,0.573175033548464
5950,5950,0.8696398567611694,1.0,0.8696398567611694
5951,5951,0.9512354293607909,1.0,0.9512354293607909
5952,5952,0.7550130236147901,1.0,0.7550130236147901
5953,5953,0.08147477432645489,0.0,0.08147477432645489
5954,5954,0.11670559745763076,0.0,0.11670559745763076
5955,5955,0.9113003545365324,1.0,0.9113003545365324
5956,5956,0.8701564550887351,1.0,0.8701564550887351
5957,5957,0.08435285231112111,1.0,0.08435285231112111
5958,5958,0.6735490846395262,1.0,0.6735490846395262
5959,5959,0.10564128576344478,0.0,0.10564128576344478
5960,5960,0.7298706687350676,0.0,0.7298706687350676
5961,5961,0.6036827559085718,1.0,0.6036827559085718
5962,5962,0.9429673715002909,1.0,0.9429673715002909
5963,5963,0.9565518641845723,1.0,0.9565518641845723
5964,5964,0.4012314385513174,1.0,0.4012314385513174
5965,5965,0.5384353010551728,1.0,0.5384353010551728
5966,5966,0.23020100127005116,0.0,0.23020100127005116
5967,5967,0.6199129729214788,1.0,0.6199129729214788
5968,5968,0.22884454220265105,1.0,0.22884454220265105
5969,5969,0.9290391494687714,1.0,0.9290391494687714
5970,5970,0.4886687299623653,1.0,0.4886687299623653
5971,5971,0.7609149186866833,0.0,0.7609149186866833
5972,5972,0.7285815582824721,1.0,0.7285815582824721
5973,5973,0.6612010488648393,0.0,0.6612010488648393
5974,5974,0.42350155376741605,0.0,0.42350155376741605
5975,5975,0.1289546584366369,1.0,0.1289546584366369
5976,5976,0.7226279688425435,1.0,0.7226279688425435
5977,5977,0.14118878239962862,0.0,0.14118878239962862
5978,5978,0.17322868007176262,0.0,0.17322868007176262
5979,5979,0.9681751560808514,1.0,0.9681751560808514
5980,5980,0.5741931209181508,1.0,0.5741931209181508
5981,5981,0.4447729908517031,1.0,0.4447729908517031
5982,5982,0.523484896109476,0.0,0.523484896109476
5983,5983,0.5635090274117087,1.0,0.5635090274117087
5984,5984,0.7738239909199665,1.0,0.7738239909199665
5985,5985,0.07951955944450084,0.0,0.07951955944450084
5986,5986,0.022956469751095,0.0,0.022956469751095
5987,5987,0.27786410095540093,0.0,0.27786410095540093
5988,5988,0.04466155516329995,0.0,0.04466155516329995
5989,5989,0.06960975617177834,0.0,0.06960975617177834
5990,5990,0.9228274018270297,1.0,0.9228274018270297
5991,5991,0.8677793487183192,1.0,0.8677793487183192
5992,5992,0.2510075607355984,0.0,0.2510075607355984
5993,5993,0.3132495104043346,0.0,0.3132495104043346
5994,5994,0.40915136229934734,0.0,0.40915136229934734
5995,5995,0.26377847831701073,0.0,0.26377847831701073
5996,5996,0.971701163886069,1.0,0.971701163886069
5997,5997,0.8484444037522821,0.0,0.8484444037522821
5998,5998,0.679328161969669,1.0,0.679328161969669
5999,5999,0.7043822824186775,1.0,0.7043822824186775
6000,6000,0.40292252829755437,1.0,0.40292252829755437
6001,6001,0.6009057410564574,1.0,0.6009057410564574
6002,6002,0.33489821780681583,1.0,0.33489821780681583
6003,6003,0.05626292101159114,0.0,0.05626292101159114
6004,6004,0.19303238092882813,1.0,0.19303238092882813
6005,6005,0.6595504556900376,1.0,0.6595504556900376
6006,6006,0.023044320570136945,0.0,0.023044320570136945
6007,6007,0.7414084887324339,1.0,0.7414084887324339
6008,6008,0.8025592578358047,1.0,0.8025592578358047
6009,6009,0.8497941353583109,0.0,0.8497941353583109
6010,6010,0.09566193724916805,0.0,0.09566193724916805
6011,6011,0.6496979702280227,1.0,0.6496979702280227
6012,6012,0.05984901651249319,0.0,0.05984901651249319
6013,6013,0.29260138317452367,1.0,0.29260138317452367
6014,6014,0.41351845358250316,1.0,0.41351845358250316
6015,6015,0.5533493654726908,0.0,0.5533493654726908
6016,6016,0.27383667906672793,1.0,0.27383667906672793
6017,6017,0.21923754779289284,0.0,0.21923754779289284
6018,6018,0.5505260418858361,1.0,0.5505260418858361
6019,6019,0.7465025839928885,0.0,0.7465025839928885
6020,6020,0.6544084306270059,0.0,0.6544084306270059
6021,6021,0.587396029132681,1.0,0.587396029132681
6022,6022,0.008182461139304431,0.0,0.008182461139304431
6023,6023,0.9931423557256881,1.0,0.9931423557256881
6024,6024,0.0830067568229883,0.0,0.0830067568229883
6025,6025,0.3763952038117361,1.0,0.3763952038117361
6026,6026,0.38089576250887947,0.0,0.38089576250887947
6027,6027,0.3008430163601693,1.0,0.3008430163601693
6028,6028,0.4424456825372777,1.0,0.4424456825372777
6029,6029,0.7806144350381791,1.0,0.7806144350381791
6030,6030,0.02004633560340474,0.0,0.02004633560340474
6031,6031,0.8369264313783242,1.0,0.8369264313783242
6032,6032,0.5264666156527179,0.0,0.5264666156527179
6033,6033,0.3187559202728514,1.0,0.3187559202728514
6034,6034,0.8931143542292771,1.0,0.8931143542292771
6035,6035,0.7554908995383218,0.0,0.7554908995383218
6036,6036,0.7135067926016312,1.0,0.7135067926016312
6037,6037,0.6833618096584202,1.0,0.6833618096584202
6038,6038,0.3831704747051766,0.0,0.3831704747051766
6039,6039,0.9003710390253562,1.0,0.9003710390253562
6040,6040,0.4833353801686566,1.0,0.4833353801686566
6041,6041,0.12722488025802148,1.0,0.12722488025802148
6042,6042,0.8817864483424701,1.0,0.8817864483424701
6043,6043,0.40980461350489295,1.0,0.40980461350489295
6044,6044,0.5091085551302483,1.0,0.5091085551302483
6045,6045,0.282183976558531,0.0,0.282183976558531
6046,6046,0.2844459622628166,1.0,0.2844459622628166
6047,6047,0.8153728793312827,1.0,0.8153728793312827
6048,6048,0.3082424313318598,0.0,0.3082424313318598
6049,6049,0.272536836141677,0.0,0.272536836141677
6050,6050,0.24273382566184776,0.0,0.24273382566184776
6051,6051,0.17606199793925648,0.0,0.17606199793925648
6052,6052,0.7245752743706364,1.0,0.7245752743706364
6053,6053,0.07113557528054304,0.0,0.07113557528054304
6054,6054,0.19140190004356883,0.0,0.19140190004356883
6055,6055,0.06955185292104493,0.0,0.06955185292104493
6056,6056,0.2248178001119906,0.0,0.2248178001119906
6057,6057,0.25919367785688685,0.0,0.25919367785688685
6058,6058,0.9381031838641519,1.0,0.9381031838641519
6059,6059,0.8185999103539384,1.0,0.8185999103539384
6060,6060,0.4805714525290924,0.0,0.4805714525290924
6061,6061,0.09746318886877359,0.0,0.09746318886877359
6062,6062,0.8306998924546882,1.0,0.8306998924546882
6063,6063,0.2773681337063656,0.0,0.2773681337063656
6064,6064,0.9862209934686205,1.0,0.9862209934686205
6065,6065,0.9534307986660776,1.0,0.9534307986660776
6066,6066,0.5060958666573876,0.0,0.5060958666573876
6067,6067,0.7566369383721641,1.0,0.7566369383721641
6068,6068,0.8011515260495875,1.0,0.8011515260495875
6069,6069,0.08105202905963382,0.0,0.08105202905963382
6070,6070,0.2709211037874282,1.0,0.2709211037874282
6071,6071,0.6743722642352992,1.0,0.6743722642352992
6072,6072,0.15176980591208056,0.0,0.15176980591208056
6073,6073,0.7759536262486522,1.0,0.7759536262486522
6074,6074,0.15664940898930435,0.0,0.15664940898930435
6075,6075,0.7330641243758093,1.0,0.7330641243758093
6076,6076,0.1957637537037371,0.0,0.1957637537037371
6077,6077,0.2388789945482419,0.0,0.2388789945482419
6078,6078,0.08278746874839393,0.0,0.08278746874839393
6079,6079,0.5846992763603974,0.0,0.5846992763603974
6080,6080,0.5495805813730348,0.0,0.5495805813730348
6081,6081,0.30445473500283804,0.0,0.30445473500283804
6082,6082,0.046584402576285155,0.0,0.046584402576285155
6083,6083,0.5355945435349815,1.0,0.5355945435349815
6084,6084,0.4909583729950667,1.0,0.4909583729950667
6085,6085,0.5328030563665805,1.0,0.5328030563665805
6086,6086,0.1620042776967051,0.0,0.1620042776967051
6087,6087,0.9246996383661995,1.0,0.9246996383661995
6088,6088,0.11209718559795623,0.0,0.11209718559795623
6089,6089,0.5283100748448504,0.0,0.5283100748448504
6090,6090,0.6552956174135622,1.0,0.6552956174135622
6091,6091,0.9422007113051838,1.0,0.9422007113051838
6092,6092,0.9316039667078783,1.0,0.9316039667078783
6093,6093,0.4436500084450006,0.0,0.4436500084450006
6094,6094,0.25767122883371163,1.0,0.25767122883371163
6095,6095,0.680772835050473,0.0,0.680772835050473
6096,6096,0.0014071144384362189,0.0,0.0014071144384362189
6097,6097,0.2629527799069177,0.0,0.2629527799069177
6098,6098,0.13331275240193996,0.0,0.13331275240193996
6099,6099,0.5886723009532896,0.0,0.5886723009532896
6100,6100,0.7030468738320383,0.0,0.7030468738320383
6101,6101,0.21068992656526453,1.0,0.21068992656526453
6102,6102,0.25672018918537787,1.0,0.25672018918537787
6103,6103,0.20596365824866403,0.0,0.20596365824866403
6104,6104,0.07910134482951026,0.0,0.07910134482951026
6105,6105,0.46761833460701696,0.0,0.46761833460701696
6106,6106,0.09893181695718756,0.0,0.09893181695718756
6107,6107,0.5042511997483241,1.0,0.5042511997483241
6108,6108,0.5192177479495846,1.0,0.5192177479495846
6109,6109,0.000798971148433858,0.0,0.000798971148433858
6110,6110,0.16695955526527195,1.0,0.16695955526527195
6111,6111,0.13548630707234555,0.0,0.13548630707234555
6112,6112,0.7258261549781473,1.0,0.7258261549781473
6113,6113,0.3032251485193249,0.0,0.3032251485193249
6114,6114,0.8995357340641766,1.0,0.8995357340641766
6115,6115,0.5022962353453976,1.0,0.5022962353453976
6116,6116,0.008976274645178473,0.0,0.008976274645178473
6117,6117,0.06036700927121996,1.0,0.06036700927121996
6118,6118,0.9342803822034854,0.0,0.9342803822034854
6119,6119,0.5497555829493957,0.0,0.5497555829493957
6120,6120,0.7384675085767107,1.0,0.7384675085767107
6121,6121,0.2067212145157321,0.0,0.2067212145157321
6122,6122,0.5307449923467729,1.0,0.5307449923467729
6123,6123,0.9289102952668464,1.0,0.9289102952668464
6124,6124,0.8895177089105383,1.0,0.8895177089105383
6125,6125,0.7155109304259838,1.0,0.7155109304259838
6126,6126,0.03636832675374846,0.0,0.03636832675374846
6127,6127,0.12104362133068669,0.0,0.12104362133068669
6128,6128,0.027333335445497875,0.0,0.027333335445497875
6129,6129,0.7165469275800841,1.0,0.7165469275800841
6130,6130,0.5464946018178164,1.0,0.5464946018178164
6131,6131,0.5187821947197727,0.0,0.5187821947197727
6132,6132,0.2538336267846648,1.0,0.2538336267846648
6133,6133,0.7486826984972028,1.0,0.7486826984972028
6134,6134,0.06002355713564278,0.0,0.06002355713564278
6135,6135,0.7442117916294674,1.0,0.7442117916294674
6136,6136,0.21712060321091564,0.0,0.21712060321091564
6137,6137,0.5212832973413963,0.0,0.5212832973413963
6138,6138,0.6034805792595542,1.0,0.6034805792595542
6139,6139,0.04669799592858659,0.0,0.04669799592858659
6140,6140,0.26889533428785695,0.0,0.26889533428785695
6141,6141,0.2435454770868517,0.0,0.2435454770868517
6142,6142,0.03598623981396509,0.0,0.03598623981396509
6143,6143,0.9288484834705191,1.0,0.9288484834705191
6144,6144,0.6324307508052266,1.0,0.6324307508052266
6145,6145,0.9271738681063456,1.0,0.9271738681063456
6146,6146,0.23459594700723152,0.0,0.23459594700723152
6147,6147,0.5484103503617163,1.0,0.5484103503617163
6148,6148,0.9790855355468828,1.0,0.9790855355468828
6149,6149,0.7373881350462576,1.0,0.7373881350462576
6150,6150,0.7816031087524853,0.0,0.7816031087524853
6151,6151,0.41681864861950935,1.0,0.41681864861950935
6152,6152,0.46790907320705677,1.0,0.46790907320705677
6153,6153,0.6241825137484405,1.0,0.6241825137484405
6154,6154,0.6864842429878666,0.0,0.6864842429878666
6155,6155,0.9644159610780504,1.0,0.9644159610780504
6156,6156,0.7483610556154293,1.0,0.7483610556154293
6157,6157,0.48451314370752785,1.0,0.48451314370752785
6158,6158,0.7311265473620061,1.0,0.7311265473620061
6159,6159,0.5669487799715492,1.0,0.5669487799715492
6160,6160,0.1643498025828879,1.0,0.1643498025828879
6161,6161,0.4356687797294667,0.0,0.4356687797294667
6162,6162,0.1142380117990982,0.0,0.1142380117990982
6163,6163,0.24662847296604296,0.0,0.24662847296604296
6164,6164,0.2050740564579543,0.0,0.2050740564579543
6165,6165,0.9607022565811834,1.0,0.9607022565811834
6166,6166,0.5508695563994488,0.0,0.5508695563994488
6167,6167,0.589794519911632,1.0,0.589794519911632
6168,6168,0.7999447149656965,1.0,0.7999447149656965
6169,6169,0.23349642753406807,1.0,0.23349642753406807
6170,6170,0.8635791972026879,1.0,0.8635791972026879
6171,6171,0.40852849437255656,0.0,0.40852849437255656
6172,6172,0.8310971024726057,0.0,0.8310971024726057
6173,6173,0.43469096120350514,0.0,0.43469096120350514
6174,6174,0.8694433476785819,0.0,0.8694433476785819
6175,6175,0.8514315320142826,0.0,0.8514315320142826
6176,6176,0.05934477309833519,0.0,0.05934477309833519
6177,6177,0.35047315595579753,1.0,0.35047315595579753
6178,6178,0.6900569329185015,1.0,0.6900569329185015
6179,6179,0.3362511799763833,0.0,0.3362511799763833
6180,6180,0.17483130071430364,0.0,0.17483130071430364
6181,6181,0.2775948323368673,0.0,0.2775948323368673
6182,6182,0.2760993288766437,0.0,0.2760993288766437
6183,6183,0.4662086516668372,1.0,0.4662086516668372
6184,6184,0.0562264029888635,0.0,0.0562264029888635
6185,6185,0.06727262361076425,0.0,0.06727262361076425
6186,6186,0.5682900360816757,0.0,0.5682900360816757
6187,6187,0.8501077121184485,1.0,0.8501077121184485
6188,6188,0.22531963942750466,0.0,0.22531963942750466
6189,6189,0.5960422658907343,1.0,0.5960422658907343
6190,6190,0.7071954290567042,1.0,0.7071954290567042
6191,6191,0.9537914688398739,1.0,0.9537914688398739
6192,6192,0.4660647751269227,0.0,0.4660647751269227
6193,6193,0.6517845213697737,1.0,0.6517845213697737
6194,6194,0.7467244144999187,0.0,0.7467244144999187
6195,6195,0.5826860349824414,0.0,0.5826860349824414
6196,6196,0.986777324414905,1.0,0.986777324414905
6197,6197,0.8064664825432825,1.0,0.8064664825432825
6198,6198,0.6914790647090338,1.0,0.6914790647090338
6199,6199,0.3444914810413291,0.0,0.3444914810413291
6200,6200,0.38215760291630185,0.0,0.38215760291630185
6201,6201,0.898736828844458,1.0,0.898736828844458
6202,6202,0.7768133721703432,1.0,0.7768133721703432
6203,6203,0.7839510054208921,1.0,0.7839510054208921
6204,6204,0.1939525678907129,0.0,0.1939525678907129
6205,6205,0.9780289818489247,1.0,0.9780289818489247
6206,6206,0.05516193594040386,0.0,0.05516193594040386
6207,6207,0.24242639495711882,1.0,0.24242639495711882
6208,6208,0.30481967814008637,1.0,0.30481967814008637
6209,6209,0.5194728855899073,1.0,0.5194728855899073
6210,6210,0.8390749558736651,1.0,0.8390749558736651
6211,6211,0.004259126225816812,0.0,0.004259126225816812
6212,6212,0.5793563977080591,0.0,0.5793563977080591
6213,6213,0.5385468609648331,0.0,0.5385468609648331
6214,6214,0.8888348967060604,1.0,0.8888348967060604
6215,6215,0.563771029628869,1.0,0.563771029628869
6216,6216,0.7502236701624552,0.0,0.7502236701624552
6217,6217,0.2339379686963936,0.0,0.2339379686963936
6218,6218,0.18934035596427068,0.0,0.18934035596427068
6219,6219,0.6648695006179738,1.0,0.6648695006179738
6220,6220,0.9906717569409432,1.0,0.9906717569409432
6221,6221,0.9945338945751167,1.0,0.9945338945751167
6222,6222,0.28911763162524995,0.0,0.28911763162524995
6223,6223,0.7873140252988547,1.0,0.7873140252988547
6224,6224,0.7474220918624437,1.0,0.7474220918624437
6225,6225,0.6393169155054361,0.0,0.6393169155054361
6226,6226,0.1759486051364071,0.0,0.1759486051364071
6227,6227,0.2659525731970471,0.0,0.2659525731970471
6228,6228,0.37716617747117576,1.0,0.37716617747117576
6229,6229,0.35241664157278374,0.0,0.35241664157278374
6230,6230,0.23643837878448404,0.0,0.23643837878448404
6231,6231,0.23979296715270015,0.0,0.23979296715270015
6232,6232,0.33806262043093804,0.0,0.33806262043093804
6233,6233,0.6157520989176524,1.0,0.6157520989176524
6234,6234,0.7256508737294333,0.0,0.7256508737294333
6235,6235,0.16906779350513435,0.0,0.16906779350513435
6236,6236,0.42457614766317076,1.0,0.42457614766317076
6237,6237,0.9056494310019176,1.0,0.9056494310019176
6238,6238,0.14235114808867366,0.0,0.14235114808867366
6239,6239,0.5259661002575801,0.0,0.5259661002575801
6240,6240,0.6400849390293489,1.0,0.6400849390293489
6241,6241,0.42186627369268925,0.0,0.42186627369268925
6242,6242,0.7114058034031935,1.0,0.7114058034031935
6243,6243,0.41631819989003993,0.0,0.41631819989003993
6244,6244,0.7591276984135904,1.0,0.7591276984135904
6245,6245,0.6895732174718512,1.0,0.6895732174718512
6246,6246,0.9441178992247065,1.0,0.9441178992247065
6247,6247,0.9792502971062069,1.0,0.9792502971062069
6248,6248,0.3528793484925693,1.0,0.3528793484925693
6249,6249,0.285300332049816,1.0,0.285300332049816
6250,6250,0.12682617876674807,0.0,0.12682617876674807
6251,6251,0.17030129794917204,1.0,0.17030129794917204
6252,6252,0.6623118674896117,1.0,0.6623118674896117
6253,6253,0.3947877267361284,0.0,0.3947877267361284
6254,6254,0.23989996713883155,1.0,0.23989996713883155
6255,6255,0.8160068442347241,1.0,0.8160068442347241
6256,6256,0.6237070407413131,1.0,0.6237070407413131
6257,6257,0.7512420795820552,0.0,0.7512420795820552
6258,6258,0.070761094184285,0.0,0.070761094184285
6259,6259,0.08003572349916743,0.0,0.08003572349916743
6260,6260,0.956178402956054,1.0,0.956178402956054
6261,6261,0.2770168103731865,1.0,0.2770168103731865
6262,6262,0.1746491452173795,0.0,0.1746491452173795
6263,6263,0.7840564443908241,1.0,0.7840564443908241
6264,6264,0.4563583967489716,0.0,0.4563583967489716
6265,6265,0.5452376543081359,1.0,0.5452376543081359
6266,6266,0.8250981111547454,1.0,0.8250981111547454
6267,6267,0.5638080759044728,1.0,0.5638080759044728
6268,6268,0.5969087128871168,1.0,0.5969087128871168
6269,6269,0.5178600494051849,0.0,0.5178600494051849
6270,6270,0.6897297440586757,1.0,0.6897297440586757
6271,6271,0.08275249852163191,0.0,0.08275249852163191
6272,6272,0.5585412825367612,0.0,0.5585412825367612
6273,6273,0.6724789822912385,1.0,0.6724789822912385
6274,6274,0.5973281583012077,0.0,0.5973281583012077
6275,6275,0.23451742269856657,1.0,0.23451742269856657
6276,6276,0.4327423687547406,0.0,0.4327423687547406
6277,6277,0.6908102088172409,0.0,0.6908102088172409
6278,6278,0.2109709352217397,0.0,0.2109709352217397
6279,6279,0.6200169690106041,0.0,0.6200169690106041
6280,6280,0.9007554471359587,1.0,0.9007554471359587
6281,6281,0.286946178405148,1.0,0.286946178405148
6282,6282,0.39559402502098284,1.0,0.39559402502098284
6283,6283,0.4213148446098284,0.0,0.4213148446098284
6284,6284,0.013355484143815488,0.0,0.013355484143815488
6285,6285,0.9317771728168742,1.0,0.9317771728168742
6286,6286,0.4088527780144914,1.0,0.4088527780144914
6287,6287,0.8259493224513055,0.0,0.8259493224513055
6288,6288,0.07091869548841734,0.0,0.07091869548841734
6289,6289,0.9506112072524615,1.0,0.9506112072524615
6290,6290,0.42394176133110606,1.0,0.42394176133110606
6291,6291,0.05814505227155009,0.0,0.05814505227155009
6292,6292,0.7019169679887962,1.0,0.7019169679887962
6293,6293,0.0940060260355905,0.0,0.0940060260355905
6294,6294,0.06105036239885708,0.0,0.06105036239885708
6295,6295,0.34352076237692786,1.0,0.34352076237692786
6296,6296,0.231155633364025,0.0,0.231155633364025
6297,6297,0.4665707086758293,1.0,0.4665707086758293
6298,6298,0.43445022594696914,0.0,0.43445022594696914
6299,6299,0.5445370387079076,1.0,0.5445370387079076
6300,6300,0.36147572278862083,1.0,0.36147572278862083
6301,6301,0.01683276987705873,0.0,0.01683276987705873
6302,6302,0.135575446109081,1.0,0.135575446109081
6303,6303,0.0019351184802471888,0.0,0.0019351184802471888
6304,6304,0.14890640042553094,0.0,0.14890640042553094
6305,6305,0.4420769304665051,0.0,0.4420769304665051
6306,6306,0.3450943179892588,0.0,0.3450943179892588
6307,6307,0.5168529711078934,1.0,0.5168529711078934
6308,6308,0.6304225056953029,0.0,0.6304225056953029
6309,6309,0.8379709334941586,1.0,0.8379709334941586
6310,6310,0.9099570124104847,1.0,0.9099570124104847
6311,6311,0.6514199636346975,1.0,0.6514199636346975
6312,6312,0.3481124870876112,0.0,0.3481124870876112
6313,6313,0.734765184985377,1.0,0.734765184985377
6314,6314,0.6646811990174495,1.0,0.6646811990174495
6315,6315,0.014130932536125185,0.0,0.014130932536125185
6316,6316,0.5222460037226643,1.0,0.5222460037226643
6317,6317,0.05332773992033568,0.0,0.05332773992033568
6318,6318,0.7088461798406743,1.0,0.7088461798406743
6319,6319,0.4868234765220254,1.0,0.4868234765220254
6320,6320,0.9129572471412988,1.0,0.9129572471412988
6321,6321,0.01571460990788398,0.0,0.01571460990788398
6322,6322,0.3606096770286856,0.0,0.3606096770286856
6323,6323,0.6557537190254646,1.0,0.6557537190254646
6324,6324,0.6113861740881679,1.0,0.6113861740881679
6325,6325,0.7089064964388132,1.0,0.7089064964388132
6326,6326,0.4877530015080569,0.0,0.4877530015080569
6327,6327,0.6918004203181551,1.0,0.6918004203181551
6328,6328,0.5116241246134924,1.0,0.5116241246134924
6329,6329,0.6506504981157375,1.0,0.6506504981157375
6330,6330,0.6434862430090363,1.0,0.6434862430090363
6331,6331,0.8623588830675998,0.0,0.8623588830675998
6332,6332,0.29185754156934407,0.0,0.29185754156934407
6333,6333,0.36481250034839263,1.0,0.36481250034839263
6334,6334,0.8130247234061703,1.0,0.8130247234061703
6335,6335,0.19600103420234527,0.0,0.19600103420234527
6336,6336,0.549169977518016,1.0,0.549169977518016
6337,6337,0.3585714529795577,0.0,0.3585714529795577
6338,6338,0.46265551626451273,0.0,0.46265551626451273
6339,6339,0.3394503704939914,0.0,0.3394503704939914
6340,6340,0.10252070441458361,0.0,0.10252070441458361
6341,6341,0.9569511373426437,1.0,0.9569511373426437
6342,6342,0.7890113867095836,1.0,0.7890113867095836
6343,6343,0.29661213207642356,1.0,0.29661213207642356
6344,6344,0.23448123176927582,0.0,0.23448123176927582
6345,6345,0.5160741485493319,0.0,0.5160741485493319
6346,6346,0.06813731335225937,0.0,0.06813731335225937
6347,6347,0.8922257120336694,1.0,0.8922257120336694
6348,6348,0.15486412245122982,0.0,0.15486412245122982
6349,6349,0.5689275040872561,1.0,0.5689275040872561
6350,6350,0.8154846555906591,1.0,0.8154846555906591
6351,6351,0.2027909816254051,0.0,0.2027909816254051
6352,6352,0.9728767172828666,1.0,0.9728767172828666
6353,6353,0.2991337858502148,0.0,0.2991337858502148
6354,6354,0.3942416030543987,0.0,0.3942416030543987
6355,6355,0.7458736853359313,1.0,0.7458736853359313
6356,6356,0.2269906781685812,0.0,0.2269906781685812
6357,6357,0.9816545186388365,1.0,0.9816545186388365
6358,6358,0.6284297446200714,1.0,0.6284297446200714
6359,6359,0.030441000714230393,0.0,0.030441000714230393
6360,6360,0.7574541469193022,1.0,0.7574541469193022
6361,6361,0.28293609378641327,1.0,0.28293609378641327
6362,6362,0.5428014215724034,1.0,0.5428014215724034
6363,6363,0.23537232553712062,0.0,0.23537232553712062
6364,6364,0.5613334956350942,0.0,0.5613334956350942
6365,6365,0.6820134622185551,1.0,0.6820134622185551
6366,6366,0.9974685396423247,1.0,0.9974685396423247
6367,6367,0.7802484526405697,1.0,0.7802484526405697
6368,6368,0.1567202167273012,0.0,0.1567202167273012
6369,6369,0.4913845827444592,1.0,0.4913845827444592
6370,6370,0.19455360569585134,1.0,0.19455360569585134
6371,6371,0.6269683479482401,1.0,0.6269683479482401
6372,6372,0.448704104358732,0.0,0.448704104358732
6373,6373,0.9884558594328114,1.0,0.9884558594328114
6374,6374,0.9861226490495685,1.0,0.9861226490495685
6375,6375,0.8443209962339294,1.0,0.8443209962339294
6376,6376,0.4681136152054285,0.0,0.4681136152054285
6377,6377,0.5854486333811867,1.0,0.5854486333811867
6378,6378,0.20861496056674678,0.0,0.20861496056674678
6379,6379,0.020858644562490647,0.0,0.020858644562490647
6380,6380,0.13506478215841655,0.0,0.13506478215841655
6381,6381,0.8772012351584337,1.0,0.8772012351584337
6382,6382,0.4843717042540945,1.0,0.4843717042540945
6383,6383,0.9533377254975557,1.0,0.9533377254975557
6384,6384,0.9279227535074996,1.0,0.9279227535074996
6385,6385,0.2699794474110302,1.0,0.2699794474110302
6386,6386,0.0603394335337889,1.0,0.0603394335337889
6387,6387,0.17133258261287598,0.0,0.17133258261287598
6388,6388,0.1866179407214016,1.0,0.1866179407214016
6389,6389,0.5676075437917919,1.0,0.5676075437917919
6390,6390,0.30360819132417594,1.0,0.30360819132417594
6391,6391,0.7704315635093963,1.0,0.7704315635093963
6392,6392,0.7948692912556778,0.0,0.7948692912556778
6393,6393,0.6208062715058589,1.0,0.6208062715058589
6394,6394,0.6707755781366064,0.0,0.6707755781366064
6395,6395,0.38671566903927634,0.0,0.38671566903927634
6396,6396,0.806987961723711,1.0,0.806987961723711
6397,6397,0.5402451828024173,1.0,0.5402451828024173
6398,6398,0.7192089462936384,1.0,0.7192089462936384
6399,6399,0.4884162235180789,0.0,0.4884162235180789
6400,6400,0.6285252606926334,1.0,0.6285252606926334
6401,6401,0.22162029245960246,0.0,0.22162029245960246
6402,6402,0.2214090192120416,0.0,0.2214090192120416
6403,6403,0.5497598371356014,0.0,0.5497598371356014
6404,6404,0.5655691451320096,0.0,0.5655691451320096
6405,6405,0.19552447242397597,0.0,0.19552447242397597
6406,6406,0.05999408006652729,1.0,0.05999408006652729
6407,6407,0.2835536046821543,1.0,0.2835536046821543
6408,6408,0.9982574627460508,1.0,0.9982574627460508
6409,6409,0.9144011804672676,1.0,0.9144011804672676
6410,6410,0.3558392140633617,0.0,0.3558392140633617
6411,6411,0.013400130083513151,0.0,0.013400130083513151
6412,6412,0.7975541001667347,1.0,0.7975541001667347
6413,6413,0.059673006897680736,0.0,0.059673006897680736
6414,6414,0.5630301582488353,0.0,0.5630301582488353
6415,6415,0.498972872735692,1.0,0.498972872735692
6416,6416,0.4475852459698515,0.0,0.4475852459698515
6417,6417,0.2706093132027362,0.0,0.2706093132027362
6418,6418,0.8263978094907475,1.0,0.8263978094907475
6419,6419,0.12239130590189762,0.0,0.12239130590189762
6420,6420,0.481839530517721,0.0,0.481839530517721
6421,6421,0.9472912356577458,1.0,0.9472912356577458
6422,6422,0.19251381157652736,0.0,0.19251381157652736
6423,6423,0.1402423660001083,0.0,0.1402423660001083
6424,6424,0.6294411159163631,0.0,0.6294411159163631
6425,6425,0.5614211063393596,0.0,0.5614211063393596
6426,6426,0.12452355087826761,1.0,0.12452355087826761
6427,6427,0.37241688462141176,0.0,0.37241688462141176
6428,6428,0.9542822861628499,1.0,0.9542822861628499
6429,6429,0.5549442484367456,1.0,0.5549442484367456
6430,6430,0.5346449255904991,0.0,0.5346449255904991
6431,6431,0.9564528116150276,1.0,0.9564528116150276
6432,6432,0.087765138457637,0.0,0.087765138457637
6433,6433,0.5755145566502503,1.0,0.5755145566502503
6434,6434,0.9849881649723466,1.0,0.9849881649723466
6435,6435,0.45893217683244836,0.0,0.45893217683244836
6436,6436,0.44982573146137395,1.0,0.44982573146137395
6437,6437,0.5965231939574808,0.0,0.5965231939574808
6438,6438,0.5340417958188108,0.0,0.5340417958188108
6439,6439,0.4940074127415631,0.0,0.4940074127415631
6440,6440,0.6050994724964093,0.0,0.6050994724964093
6441,6441,0.029632971075586823,0.0,0.029632971075586823
6442,6442,0.3473234971736022,1.0,0.3473234971736022
6443,6443,0.3965320682380491,0.0,0.3965320682380491
6444,6444,0.9886180353892051,1.0,0.9886180353892051
6445,6445,0.2093013632570544,1.0,0.2093013632570544
6446,6446,0.08000126985446065,0.0,0.08000126985446065
6447,6447,0.9025397136700452,1.0,0.9025397136700452
6448,6448,0.6040452400251359,1.0,0.6040452400251359
6449,6449,0.5592408761884347,0.0,0.5592408761884347
6450,6450,0.35456170381793184,0.0,0.35456170381793184
6451,6451,0.2605251780158414,0.0,0.2605251780158414
6452,6452,0.08980203575629186,1.0,0.08980203575629186
6453,6453,0.2408331347305942,1.0,0.2408331347305942
6454,6454,0.954952462090512,1.0,0.954952462090512
6455,6455,0.49363878498193936,0.0,0.49363878498193936
6456,6456,0.679574543080948,0.0,0.679574543080948
6457,6457,0.20508230539710137,0.0,0.20508230539710137
6458,6458,0.6188864199621998,0.0,0.6188864199621998
6459,6459,0.22466586234851194,1.0,0.22466586234851194
6460,6460,0.7270016468901185,1.0,0.7270016468901185
6461,6461,0.0998272980401117,0.0,0.0998272980401117
6462,6462,0.5335028231001462,1.0,0.5335028231001462
6463,6463,0.4588017171006641,1.0,0.4588017171006641
6464,6464,0.4482517903130526,1.0,0.4482517903130526
6465,6465,0.996712951563202,1.0,0.996712951563202
6466,6466,0.7172950631297244,0.0,0.7172950631297244
6467,6467,0.46875037803369013,1.0,0.46875037803369013
6468,6468,0.216330541940718,0.0,0.216330541940718
6469,6469,0.7783803945896711,1.0,0.7783803945896711
6470,6470,0.7328822411822666,0.0,0.7328822411822666
6471,6471,0.28600046832561143,0.0,0.28600046832561143
6472,6472,0.38197406343357065,0.0,0.38197406343357065
6473,6473,0.38070568653338765,0.0,0.38070568653338765
6474,6474,0.494420088427008,0.0,0.494420088427008
6475,6475,0.3324840336132808,1.0,0.3324840336132808
6476,6476,0.7821525225782647,1.0,0.7821525225782647
6477,6477,0.21180163919597905,0.0,0.21180163919597905
6478,6478,0.47757113227849624,0.0,0.47757113227849624
6479,6479,0.9522399757068346,1.0,0.9522399757068346
6480,6480,0.4641253442587121,0.0,0.4641253442587121
6481,6481,0.26310153219720567,0.0,0.26310153219720567
6482,6482,0.6710607065152561,1.0,0.6710607065152561
6483,6483,0.854626472748212,1.0,0.854626472748212
6484,6484,0.973773196674795,0.0,0.973773196674795
6485,6485,0.3104151244015998,0.0,0.3104151244015998
6486,6486,0.6928943677393585,1.0,0.6928943677393585
6487,6487,0.15360848388401083,0.0,0.15360848388401083
6488,6488,0.36866549947245175,1.0,0.36866549947245175
6489,6489,0.7232206810783866,0.0,0.7232206810783866
6490,6490,0.12593409362908436,0.0,0.12593409362908436
6491,6491,0.18293580659763187,0.0,0.18293580659763187
6492,6492,0.6909525517461076,1.0,0.6909525517461076
6493,6493,0.7896642048779702,0.0,0.7896642048779702
6494,6494,0.769182223280109,1.0,0.769182223280109
6495,6495,0.9572319814004677,1.0,0.9572319814004677
6496,6496,0.6370033034587893,1.0,0.6370033034587893
6497,6497,0.2559130864390595,0.0,0.2559130864390595
6498,6498,0.9829312005864982,1.0,0.9829312005864982
6499,6499,0.35142503507166145,1.0,0.35142503507166145
6500,6500,0.7776757530010046,0.0,0.7776757530010046
6501,6501,0.21571808454876085,0.0,0.21571808454876085
6502,6502,0.7232410855410396,1.0,0.7232410855410396
6503,6503,0.1773238129210647,0.0,0.1773238129210647
6504,6504,0.5932213901250272,0.0,0.5932213901250272
6505,6505,0.7972665106771225,1.0,0.7972665106771225
6506,6506,0.5255725592438888,0.0,0.5255725592438888
6507,6507,0.3211905015144969,0.0,0.3211905015144969
6508,6508,0.30344916089258245,0.0,0.30344916089258245
6509,6509,0.37875741511920036,0.0,0.37875741511920036
6510,6510,0.29808464046823746,0.0,0.29808464046823746
6511,6511,0.2098539322376506,0.0,0.2098539322376506
6512,6512,0.20054743212837756,0.0,0.20054743212837756
6513,6513,0.850470992823589,1.0,0.850470992823589
6514,6514,0.4288464431586476,0.0,0.4288464431586476
6515,6515,0.7140504424787135,1.0,0.7140504424787135
6516,6516,0.8366404040370432,1.0,0.8366404040370432
6517,6517,0.3994246353691959,0.0,0.3994246353691959
6518,6518,0.6761221843418734,1.0,0.6761221843418734
6519,6519,0.1162937061245134,0.0,0.1162937061245134
6520,6520,0.7665543476234788,0.0,0.7665543476234788
6521,6521,0.39324190554558003,0.0,0.39324190554558003
6522,6522,0.9567757267916479,1.0,0.9567757267916479
6523,6523,0.8997196792371629,1.0,0.8997196792371629
6524,6524,0.12428861717140116,0.0,0.12428861717140116
6525,6525,0.9917150905937252,1.0,0.9917150905937252
6526,6526,0.18014181911234506,0.0,0.18014181911234506
6527,6527,0.0968032100681736,0.0,0.0968032100681736
6528,6528,0.5219502269028112,1.0,0.5219502269028112
6529,6529,0.8951281510646536,1.0,0.8951281510646536
6530,6530,0.17039779012655565,0.0,0.17039779012655565
6531,6531,0.6855673866236829,1.0,0.6855673866236829
6532,6532,0.47612484523149656,1.0,0.47612484523149656
6533,6533,0.1071240489388543,0.0,0.1071240489388543
6534,6534,0.8685281078430952,1.0,0.8685281078430952
6535,6535,0.4472514127700311,0.0,0.4472514127700311
6536,6536,0.5624710264268765,0.0,0.5624710264268765
6537,6537,0.10062109057092206,0.0,0.10062109057092206
6538,6538,0.8864399481230762,1.0,0.8864399481230762
6539,6539,0.06015581758254929,0.0,0.06015581758254929
6540,6540,0.9090099916758905,1.0,0.9090099916758905
6541,6541,0.6417588096415123,1.0,0.6417588096415123
6542,6542,0.1978749757916678,1.0,0.1978749757916678
6543,6543,0.6038094480273544,1.0,0.6038094480273544
6544,6544,0.6244934885509966,1.0,0.6244934885509966
6545,6545,0.01222319787664028,0.0,0.01222319787664028
6546,6546,0.24738305064362598,0.0,0.24738305064362598
6547,6547,0.623222261425799,0.0,0.623222261425799
6548,6548,0.25313672664925047,1.0,0.25313672664925047
6549,6549,0.2061728151248221,0.0,0.2061728151248221
6550,6550,0.6868740523147631,0.0,0.6868740523147631
6551,6551,0.1043851971676798,1.0,0.1043851971676798
6552,6552,0.7732313590316796,1.0,0.7732313590316796
6553,6553,0.23627028539660477,0.0,0.23627028539660477
6554,6554,0.8143308180747029,1.0,0.8143308180747029
6555,6555,0.9118439548215099,0.0,0.9118439548215099
6556,6556,0.24886299034966552,0.0,0.24886299034966552
6557,6557,0.1270611799515926,0.0,0.1270611799515926
6558,6558,0.44385634910542826,1.0,0.44385634910542826
6559,6559,0.6402326959164414,0.0,0.6402326959164414
6560,6560,0.045856407039672864,0.0,0.045856407039672864
6561,6561,0.43479921487333406,1.0,0.43479921487333406
6562,6562,0.30062956406892183,0.0,0.30062956406892183
6563,6563,0.6891897488546898,1.0,0.6891897488546898
6564,6564,0.1194959358522184,0.0,0.1194959358522184
6565,6565,0.4491307957256504,0.0,0.4491307957256504
6566,6566,0.8827470615114734,1.0,0.8827470615114734
6567,6567,0.5449441922480084,0.0,0.5449441922480084
6568,6568,0.14423455774542426,0.0,0.14423455774542426
6569,6569,0.1851283473443558,0.0,0.1851283473443558
6570,6570,0.2355311647854923,1.0,0.2355311647854923
6571,6571,0.7582398600456951,0.0,0.7582398600456951
6572,6572,0.7026814018256738,1.0,0.7026814018256738
6573,6573,0.4486577197410594,1.0,0.4486577197410594
6574,6574,0.5597192798448901,0.0,0.5597192798448901
6575,6575,0.15343447725592396,0.0,0.15343447725592396
6576,6576,0.6166285428579776,0.0,0.6166285428579776
6577,6577,0.39482963646217006,0.0,0.39482963646217006
6578,6578,0.643204945968085,1.0,0.643204945968085
6579,6579,0.5523790373710723,0.0,0.5523790373710723
6580,6580,0.29646825690958645,0.0,0.29646825690958645
6581,6581,0.8745375168394472,1.0,0.8745375168394472
6582,6582,0.2607608747818009,0.0,0.2607608747818009
6583,6583,0.42873508568750684,1.0,0.42873508568750684
6584,6584,0.40663046776626477,0.0,0.40663046776626477
6585,6585,0.11101309049268482,0.0,0.11101309049268482
6586,6586,0.8914481267509075,1.0,0.8914481267509075
6587,6587,0.5651243811672858,0.0,0.5651243811672858
6588,6588,0.08973186547628664,0.0,0.08973186547628664
6589,6589,0.15004152963165096,0.0,0.15004152963165096
6590,6590,0.9615368842038365,1.0,0.9615368842038365
6591,6591,0.6374514438172111,1.0,0.6374514438172111
6592,6592,0.2597012886703358,0.0,0.2597012886703358
6593,6593,0.179322370543461,0.0,0.179322370543461
6594,6594,0.787388803334561,1.0,0.787388803334561
6595,6595,0.6745402335436577,1.0,0.6745402335436577
6596,6596,0.5250936760596617,1.0,0.5250936760596617
6597,6597,0.6769613743413774,1.0,0.6769613743413774
6598,6598,0.9991160081661208,1.0,0.9991160081661208
6599,6599,0.7966880460379483,1.0,0.7966880460379483
6600,6600,0.7773818644149466,1.0,0.7773818644149466
6601,6601,0.6923257351592018,1.0,0.6923257351592018
6602,6602,0.4988768385853235,1.0,0.4988768385853235
6603,6603,0.6978612246654926,1.0,0.6978612246654926
6604,6604,0.33275563349909565,0.0,0.33275563349909565
6605,6605,0.7159706040893726,1.0,0.7159706040893726
6606,6606,0.9033425561141907,1.0,0.9033425561141907
6607,6607,0.705346469383403,1.0,0.705346469383403
6608,6608,0.23234426712544232,0.0,0.23234426712544232
6609,6609,0.9169432573628544,1.0,0.9169432573628544
6610,6610,0.33316699393994464,1.0,0.33316699393994464
6611,6611,0.6183367032952423,1.0,0.6183367032952423
6612,6612,0.6926557533884627,1.0,0.6926557533884627
6613,6613,0.25048891307289,1.0,0.25048891307289
6614,6614,0.3795290800701493,0.0,0.3795290800701493
6615,6615,0.7929247293653161,1.0,0.7929247293653161
6616,6616,0.8523115199325726,1.0,0.8523115199325726
6617,6617,0.9225464793352719,1.0,0.9225464793352719
6618,6618,0.6036027231837509,1.0,0.6036027231837509
6619,6619,0.37122448730016844,0.0,0.37122448730016844
6620,6620,0.9186382353780518,1.0,0.9186382353780518
6621,6621,0.6194710078813533,0.0,0.6194710078813533
6622,6622,0.4338660991669514,1.0,0.4338660991669514
6623,6623,0.3643113435816193,0.0,0.3643113435816193
6624,6624,0.7835392970972389,1.0,0.7835392970972389
6625,6625,0.7480644574844886,1.0,0.7480644574844886
6626,6626,0.8818485250599228,1.0,0.8818485250599228
6627,6627,0.6644259741944363,0.0,0.6644259741944363
6628,6628,0.8249766505226109,1.0,0.8249766505226109
6629,6629,0.8587110757578768,1.0,0.8587110757578768
6630,6630,0.9189910914524431,1.0,0.9189910914524431
6631,6631,0.6927726341222729,1.0,0.6927726341222729
6632,6632,0.03615574700670443,0.0,0.03615574700670443
6633,6633,0.0960442155186284,0.0,0.0960442155186284
6634,6634,0.7074012035791407,0.0,0.7074012035791407
6635,6635,0.7298844835010143,1.0,0.7298844835010143
6636,6636,0.6228440871202479,1.0,0.6228440871202479
6637,6637,0.3199586511382898,0.0,0.3199586511382898
6638,6638,0.06425739625871119,0.0,0.06425739625871119
6639,6639,0.15774678382140395,0.0,0.15774678382140395
6640,6640,0.6707290934734763,1.0,0.6707290934734763
6641,6641,0.105025211556112,0.0,0.105025211556112
6642,6642,0.833183502885748,1.0,0.833183502885748
6643,6643,0.760603811803452,1.0,0.760603811803452
6644,6644,0.17899330746153663,0.0,0.17899330746153663
6645,6645,0.40171634907021203,0.0,0.40171634907021203
6646,6646,0.9107560202420784,1.0,0.9107560202420784
6647,6647,0.025875455560273042,0.0,0.025875455560273042
6648,6648,0.6382082044395266,1.0,0.6382082044395266
6649,6649,0.7801428638070509,1.0,0.7801428638070509
6650,6650,0.05502061785521739,0.0,0.05502061785521739
6651,6651,0.42581509369168036,0.0,0.42581509369168036
6652,6652,0.7546730948975715,0.0,0.7546730948975715
6653,6653,0.6506326814058905,0.0,0.6506326814058905
6654,6654,0.8090399273147671,0.0,0.8090399273147671
6655,6655,0.265765947297958,0.0,0.265765947297958
6656,6656,0.5426577772733708,0.0,0.5426577772733708
6657,6657,0.5862753095939838,1.0,0.5862753095939838
6658,6658,0.8067653580144303,0.0,0.8067653580144303
6659,6659,0.9489136512178101,1.0,0.9489136512178101
6660,6660,0.5780289928327551,0.0,0.5780289928327551
6661,6661,0.4460319785238023,1.0,0.4460319785238023
6662,6662,0.7238182820494772,0.0,0.7238182820494772
6663,6663,0.46864037231453426,0.0,0.46864037231453426
6664,6664,0.8036609551742463,1.0,0.8036609551742463
6665,6665,0.562920819058023,1.0,0.562920819058023
6666,6666,0.6616934353914408,1.0,0.6616934353914408
6667,6667,0.237917121862938,0.0,0.237917121862938
6668,6668,0.3530759581383498,0.0,0.3530759581383498
6669,6669,0.402496708776938,1.0,0.402496708776938
6670,6670,0.6715328309283507,1.0,0.6715328309283507
6671,6671,0.5907429688792384,0.0,0.5907429688792384
6672,6672,0.7335832899032793,1.0,0.7335832899032793
6673,6673,0.17671894108358688,0.0,0.17671894108358688
6674,6674,0.21685288003487602,0.0,0.21685288003487602
6675,6675,0.3937431330700415,1.0,0.3937431330700415
6676,6676,0.7412935064578731,1.0,0.7412935064578731
6677,6677,0.30021508819935894,0.0,0.30021508819935894
6678,6678,0.1634457114292407,0.0,0.1634457114292407
6679,6679,0.13090174042038039,1.0,0.13090174042038039
6680,6680,0.05934093277511554,0.0,0.05934093277511554
6681,6681,0.7024935833234708,1.0,0.7024935833234708
6682,6682,0.5859473033892704,0.0,0.5859473033892704
6683,6683,0.9192432847267619,1.0,0.9192432847267619
6684,6684,0.9471831273872524,1.0,0.9471831273872524
6685,6685,0.19347718364240285,0.0,0.19347718364240285
6686,6686,0.6669178575936896,0.0,0.6669178575936896
6687,6687,0.9966439269751807,1.0,0.9966439269751807
6688,6688,0.7019748986189978,1.0,0.7019748986189978
6689,6689,0.9312644929858784,1.0,0.9312644929858784
6690,6690,0.18064339400158624,0.0,0.18064339400158624
6691,6691,0.7134101605202289,1.0,0.7134101605202289
6692,6692,0.033583610459766766,0.0,0.033583610459766766
6693,6693,0.6525266955346848,0.0,0.6525266955346848
6694,6694,0.5669004383487553,1.0,0.5669004383487553
6695,6695,0.2787592845154341,0.0,0.2787592845154341
6696,6696,0.7807586524441317,1.0,0.7807586524441317
6697,6697,0.05925324830558809,0.0,0.05925324830558809
6698,6698,0.49778110854292956,0.0,0.49778110854292956
6699,6699,0.5531337820052546,0.0,0.5531337820052546
6700,6700,0.87876485414676,1.0,0.87876485414676
6701,6701,0.11937533692318791,0.0,0.11937533692318791
6702,6702,0.9470003083337045,1.0,0.9470003083337045
6703,6703,0.3434534048553487,1.0,0.3434534048553487
6704,6704,0.5690056436278303,1.0,0.5690056436278303
6705,6705,0.732973822977072,1.0,0.732973822977072
6706,6706,0.12169951391322753,0.0,0.12169951391322753
6707,6707,0.616323348463358,0.0,0.616323348463358
6708,6708,0.25328182338893035,0.0,0.25328182338893035
6709,6709,0.38997522517759586,0.0,0.38997522517759586
6710,6710,0.2175132685010811,1.0,0.2175132685010811
6711,6711,0.849526348711015,1.0,0.849526348711015
6712,6712,0.8591932426473611,1.0,0.8591932426473611
6713,6713,0.18769857306719717,0.0,0.18769857306719717
6714,6714,0.8682591346924697,1.0,0.8682591346924697
6715,6715,0.7441943073185411,1.0,0.7441943073185411
6716,6716,0.7032750811091426,0.0,0.7032750811091426
6717,6717,0.17974867043193632,0.0,0.17974867043193632
6718,6718,0.032699097383479425,0.0,0.032699097383479425
6719,6719,0.26944982196904366,0.0,0.26944982196904366
6720,6720,0.4352335387714942,1.0,0.4352335387714942
6721,6721,0.7580501685202403,0.0,0.7580501685202403
6722,6722,0.18541494597793207,0.0,0.18541494597793207
6723,6723,0.5009938119675846,1.0,0.5009938119675846
6724,6724,0.3710113912130726,0.0,0.3710113912130726
6725,6725,0.013789003209723094,0.0,0.013789003209723094
6726,6726,0.7740690355853687,1.0,0.7740690355853687
6727,6727,0.03857848337635461,0.0,0.03857848337635461
6728,6728,0.8963424704261093,1.0,0.8963424704261093
6729,6729,0.7001034538244271,1.0,0.7001034538244271
6730,6730,0.14355923496806677,0.0,0.14355923496806677
6731,6731,0.6026425488366036,0.0,0.6026425488366036
6732,6732,0.9322822608152309,1.0,0.9322822608152309
6733,6733,0.9967528380970601,1.0,0.9967528380970601
6734,6734,0.7384211923313196,1.0,0.7384211923313196
6735,6735,0.5154961871080724,0.0,0.5154961871080724
6736,6736,0.698534431765984,1.0,0.698534431765984
6737,6737,0.753031297552967,1.0,0.753031297552967
6738,6738,0.9872637665134776,1.0,0.9872637665134776
6739,6739,0.9092452040337317,1.0,0.9092452040337317
6740,6740,0.815139221171943,0.0,0.815139221171943
6741,6741,0.33185498147591297,0.0,0.33185498147591297
6742,6742,0.29050249477231016,1.0,0.29050249477231016
6743,6743,0.7521396630236421,1.0,0.7521396630236421
6744,6744,0.16943120307659232,1.0,0.16943120307659232
6745,6745,0.9578604464365199,1.0,0.9578604464365199
6746,6746,0.6746006879653518,0.0,0.6746006879653518
6747,6747,0.16558002604608013,0.0,0.16558002604608013
6748,6748,0.14046429449450204,0.0,0.14046429449450204
6749,6749,0.015278430387286823,0.0,0.015278430387286823
6750,6750,0.3226687859987699,0.0,0.3226687859987699
6751,6751,0.29883476608754656,1.0,0.29883476608754656
6752,6752,0.9001594253404747,1.0,0.9001594253404747
6753,6753,0.05583593459172831,0.0,0.05583593459172831
6754,6754,0.4321140116511696,0.0,0.4321140116511696
6755,6755,0.6101940215936592,1.0,0.6101940215936592
6756,6756,0.1052991606338054,0.0,0.1052991606338054
6757,6757,0.6508724248739657,1.0,0.6508724248739657
6758,6758,0.3878124275578305,0.0,0.3878124275578305
6759,6759,0.4127107257384304,0.0,0.4127107257384304
6760,6760,0.8532194499644222,0.0,0.8532194499644222
6761,6761,0.5255793344613598,1.0,0.5255793344613598
6762,6762,0.9515850581406836,1.0,0.9515850581406836
6763,6763,0.9368737230422446,1.0,0.9368737230422446
6764,6764,0.36007410218500246,0.0,0.36007410218500246
6765,6765,0.45274197851138964,0.0,0.45274197851138964
6766,6766,0.011424472867605728,0.0,0.011424472867605728
6767,6767,0.6836535367844788,0.0,0.6836535367844788
6768,6768,0.21601090853939353,0.0,0.21601090853939353
6769,6769,0.9697040172727903,1.0,0.9697040172727903
6770,6770,0.26384221395747187,0.0,0.26384221395747187
6771,6771,0.7802041798701084,1.0,0.7802041798701084
6772,6772,0.3113229120512637,0.0,0.3113229120512637
6773,6773,0.9948995489749796,1.0,0.9948995489749796
6774,6774,0.23877312345035873,0.0,0.23877312345035873
6775,6775,0.34085061700682573,0.0,0.34085061700682573
6776,6776,0.059137773591454,0.0,0.059137773591454
6777,6777,0.26884475654231976,0.0,0.26884475654231976
6778,6778,0.7672181211461064,1.0,0.7672181211461064
6779,6779,0.17479376869777985,0.0,0.17479376869777985
6780,6780,0.36427309472486147,0.0,0.36427309472486147
6781,6781,0.9737120926361084,1.0,0.9737120926361084
6782,6782,0.8223804516173565,1.0,0.8223804516173565
6783,6783,0.1584773683460835,1.0,0.1584773683460835
6784,6784,0.9660223252462892,1.0,0.9660223252462892
6785,6785,0.9048949678026695,1.0,0.9048949678026695
6786,6786,0.8730926438736143,1.0,0.8730926438736143
6787,6787,0.9274876770012708,1.0,0.9274876770012708
6788,6788,0.9522235033516967,1.0,0.9522235033516967
6789,6789,0.6472103451903514,1.0,0.6472103451903514
6790,6790,0.832097637981991,1.0,0.832097637981991
6791,6791,0.9710416579200709,1.0,0.9710416579200709
6792,6792,0.24587014497579884,0.0,0.24587014497579884
6793,6793,0.6464382135338574,0.0,0.6464382135338574
6794,6794,0.8001287045533235,0.0,0.8001287045533235
6795,6795,0.23051607684310316,1.0,0.23051607684310316
6796,6796,0.7964641178754674,1.0,0.7964641178754674
6797,6797,0.20146765856895743,1.0,0.20146765856895743
6798,6798,0.6210870465943361,0.0,0.6210870465943361
6799,6799,0.39586592244128616,0.0,0.39586592244128616
6800,6800,0.4705914058577997,0.0,0.4705914058577997
6801,6801,0.488159108429698,1.0,0.488159108429698
6802,6802,0.4844280526392274,1.0,0.4844280526392274
6803,6803,0.428068760879352,1.0,0.428068760879352
6804,6804,0.06998027301482224,0.0,0.06998027301482224
6805,6805,0.1472879483891688,0.0,0.1472879483891688
6806,6806,0.0512640150182494,0.0,0.0512640150182494
6807,6807,0.8567865453893871,1.0,0.8567865453893871
6808,6808,0.3362987287364819,0.0,0.3362987287364819
6809,6809,0.33004457881181926,1.0,0.33004457881181926
6810,6810,0.9602579455539857,1.0,0.9602579455539857
6811,6811,0.22117063651022661,0.0,0.22117063651022661
6812,6812,0.13946322307162462,0.0,0.13946322307162462
6813,6813,0.8765589204697227,1.0,0.8765589204697227
6814,6814,0.33130501522946976,0.0,0.33130501522946976
6815,6815,0.5998935646911344,0.0,0.5998935646911344
6816,6816,0.5350687090401441,1.0,0.5350687090401441
6817,6817,0.8562799916129804,1.0,0.8562799916129804
6818,6818,0.1709820686614415,0.0,0.1709820686614415
6819,6819,0.11481957681586374,0.0,0.11481957681586374
6820,6820,0.6923803712808674,1.0,0.6923803712808674
6821,6821,0.4413597790517516,1.0,0.4413597790517516
6822,6822,0.014671103944329134,0.0,0.014671103944329134
6823,6823,0.8828193040745804,0.0,0.8828193040745804
6824,6824,0.8639504863307086,1.0,0.8639504863307086
6825,6825,0.0944091678239326,0.0,0.0944091678239326
6826,6826,0.43023398916909783,1.0,0.43023398916909783
6827,6827,0.8553871655604981,0.0,0.8553871655604981
6828,6828,0.9263894446948014,1.0,0.9263894446948014
6829,6829,0.5318758658008244,1.0,0.5318758658008244
6830,6830,0.7613718510631456,1.0,0.7613718510631456
6831,6831,0.4043927040837171,1.0,0.4043927040837171
6832,6832,0.010975541164830016,0.0,0.010975541164830016
6833,6833,0.9992378051426453,1.0,0.9992378051426453
6834,6834,0.3972001539887057,1.0,0.3972001539887057
6835,6835,0.5254673238437672,0.0,0.5254673238437672
6836,6836,0.2966018691516117,1.0,0.2966018691516117
6837,6837,0.1663284146472268,0.0,0.1663284146472268
6838,6838,0.9522989624761945,1.0,0.9522989624761945
6839,6839,0.7178654842748451,1.0,0.7178654842748451
6840,6840,0.8770352164621591,1.0,0.8770352164621591
6841,6841,0.07906740038486537,0.0,0.07906740038486537
6842,6842,0.9309741650522863,1.0,0.9309741650522863
6843,6843,0.4532383599397093,1.0,0.4532383599397093
6844,6844,0.9164419967732539,0.0,0.9164419967732539
6845,6845,0.6797217034896621,1.0,0.6797217034896621
6846,6846,0.831052728830604,1.0,0.831052728830604
6847,6847,0.570085349036207,1.0,0.570085349036207
6848,6848,0.506633034080302,0.0,0.506633034080302
6849,6849,0.03474686441997943,0.0,0.03474686441997943
6850,6850,0.4506888650269941,0.0,0.4506888650269941
6851,6851,0.2796824754089945,0.0,0.2796824754089945
6852,6852,0.7472203218397356,0.0,0.7472203218397356
6853,6853,0.6791944281703024,1.0,0.6791944281703024
6854,6854,0.6141279554804575,0.0,0.6141279554804575
6855,6855,0.5141504591268624,1.0,0.5141504591268624
6856,6856,0.7382851358892151,1.0,0.7382851358892151
6857,6857,0.041444846998210716,0.0,0.041444846998210716
6858,6858,0.3652413723040395,1.0,0.3652413723040395
6859,6859,0.4643110314842199,1.0,0.4643110314842199
6860,6860,0.45831635839370277,0.0,0.45831635839370277
6861,6861,0.18453396685725887,0.0,0.18453396685725887
6862,6862,0.9489873566903033,1.0,0.9489873566903033
6863,6863,0.5245659665161808,1.0,0.5245659665161808
6864,6864,0.5100805642684436,0.0,0.5100805642684436
6865,6865,0.42857884643822886,0.0,0.42857884643822886
6866,6866,0.8369328478838443,0.0,0.8369328478838443
6867,6867,0.31376586292549746,1.0,0.31376586292549746
6868,6868,0.02671649558759781,0.0,0.02671649558759781
6869,6869,0.12331186366869229,0.0,0.12331186366869229
6870,6870,0.019085255365194564,0.0,0.019085255365194564
6871,6871,0.8983395578626372,1.0,0.8983395578626372
6872,6872,0.4008960158975102,0.0,0.4008960158975102
6873,6873,0.5584616048943047,1.0,0.5584616048943047
6874,6874,0.8472183052160512,0.0,0.8472183052160512
6875,6875,0.8703836829149487,1.0,0.8703836829149487
6876,6876,0.6971745482469806,1.0,0.6971745482469806
6877,6877,0.555725358988797,0.0,0.555725358988797
6878,6878,0.6963058835797972,1.0,0.6963058835797972
6879,6879,0.6225816724581298,0.0,0.6225816724581298
6880,6880,0.4550541696810252,1.0,0.4550541696810252
6881,6881,0.5064562936974808,0.0,0.5064562936974808
6882,6882,0.45706139747475627,1.0,0.45706139747475627
6883,6883,0.16696172393931075,0.0,0.16696172393931075
6884,6884,0.1925882685306558,0.0,0.1925882685306558
6885,6885,0.5346451862746001,0.0,0.5346451862746001
6886,6886,0.9784211778952836,1.0,0.9784211778952836
6887,6887,0.4340635890931699,1.0,0.4340635890931699
6888,6888,0.4120370675237457,1.0,0.4120370675237457
6889,6889,0.36159587925274506,0.0,0.36159587925274506
6890,6890,0.8230417969508925,1.0,0.8230417969508925
6891,6891,0.6796396383607917,1.0,0.6796396383607917
6892,6892,0.9309242403105241,1.0,0.9309242403105241
6893,6893,0.8750990989778936,1.0,0.8750990989778936
6894,6894,0.10857145839842175,1.0,0.10857145839842175
6895,6895,0.36460374232825943,1.0,0.36460374232825943
6896,6896,0.6746170901638531,1.0,0.6746170901638531
6897,6897,0.39297352876524694,0.0,0.39297352876524694
6898,6898,0.14655484595110468,0.0,0.14655484595110468
6899,6899,0.11312538290519691,0.0,0.11312538290519691
6900,6900,0.3774354026268095,0.0,0.3774354026268095
6901,6901,0.7061829528850782,1.0,0.7061829528850782
6902,6902,0.7837720991918523,1.0,0.7837720991918523
6903,6903,0.7764339770384805,1.0,0.7764339770384805
6904,6904,0.575548433264262,1.0,0.575548433264262
6905,6905,0.07533383675152527,0.0,0.07533383675152527
6906,6906,0.9631246817952784,1.0,0.9631246817952784
6907,6907,0.9372397582416888,1.0,0.9372397582416888
6908,6908,0.9632600641913146,1.0,0.9632600641913146
6909,6909,0.4149713361766788,0.0,0.4149713361766788
6910,6910,0.5484640494025997,0.0,0.5484640494025997
6911,6911,0.016117863917089803,0.0,0.016117863917089803
6912,6912,0.38051535039508544,0.0,0.38051535039508544
6913,6913,0.4962200612617047,1.0,0.4962200612617047
6914,6914,0.15971221534984648,0.0,0.15971221534984648
6915,6915,0.9638187909041261,0.0,0.9638187909041261
6916,6916,0.40073423264047003,0.0,0.40073423264047003
6917,6917,0.6910854538828279,0.0,0.6910854538828279
6918,6918,0.3350614713940536,0.0,0.3350614713940536
6919,6919,0.10597420735601815,1.0,0.10597420735601815
6920,6920,0.06322942192152303,0.0,0.06322942192152303
6921,6921,0.9370789344754287,1.0,0.9370789344754287
6922,6922,0.8856949305560381,0.0,0.8856949305560381
6923,6923,0.9399881375009455,1.0,0.9399881375009455
6924,6924,0.3583091392624569,1.0,0.3583091392624569
6925,6925,0.8349880991220575,1.0,0.8349880991220575
6926,6926,0.32523946894544264,0.0,0.32523946894544264
6927,6927,0.9560331234062797,1.0,0.9560331234062797
6928,6928,0.55338494433085,0.0,0.55338494433085
6929,6929,0.7392243020131659,1.0,0.7392243020131659
6930,6930,0.0665845362266162,0.0,0.0665845362266162
6931,6931,0.37617136860586153,1.0,0.37617136860586153
6932,6932,0.9727488256157755,1.0,0.9727488256157755
6933,6933,0.8070727049169713,1.0,0.8070727049169713
6934,6934,0.507510230765839,0.0,0.507510230765839
6935,6935,0.9491714297746808,1.0,0.9491714297746808
6936,6936,0.9527734484128895,1.0,0.9527734484128895
6937,6937,0.9413893612912169,1.0,0.9413893612912169
6938,6938,0.5937596660901863,1.0,0.5937596660901863
6939,6939,0.9453054991432098,1.0,0.9453054991432098
6940,6940,0.11623376809744945,0.0,0.11623376809744945
6941,6941,0.5100254672662213,0.0,0.5100254672662213
6942,6942,0.29331668480955386,1.0,0.29331668480955386
6943,6943,0.7583770880277002,1.0,0.7583770880277002
6944,6944,0.4925652947822311,0.0,0.4925652947822311
6945,6945,0.5959069552716691,1.0,0.5959069552716691
6946,6946,0.3206552372923641,1.0,0.3206552372923641
6947,6947,0.06071419495314412,0.0,0.06071419495314412
6948,6948,0.24965506230928292,0.0,0.24965506230928292
6949,6949,0.385279252668168,1.0,0.385279252668168
6950,6950,0.07112827406175248,0.0,0.07112827406175248
6951,6951,0.21857195207499724,0.0,0.21857195207499724
6952,6952,0.3403932816425411,0.0,0.3403932816425411
6953,6953,0.29947087246141146,0.0,0.29947087246141146
6954,6954,0.4843633208886935,1.0,0.4843633208886935
6955,6955,0.7367889738423447,1.0,0.7367889738423447
6956,6956,0.8472907232633473,0.0,0.8472907232633473
6957,6957,0.3132556185282943,0.0,0.3132556185282943
6958,6958,0.21313469172273736,0.0,0.21313469172273736
6959,6959,0.4351549086029509,1.0,0.4351549086029509
6960,6960,0.6384037070688056,1.0,0.6384037070688056
6961,6961,0.2292511754804697,0.0,0.2292511754804697
6962,6962,0.1935736585538177,0.0,0.1935736585538177
6963,6963,0.7959244907545853,1.0,0.7959244907545853
6964,6964,0.5198016575709816,1.0,0.5198016575709816
6965,6965,0.7861327704311617,0.0,0.7861327704311617
6966,6966,0.7070172087119775,1.0,0.7070172087119775
6967,6967,0.004120243297270121,0.0,0.004120243297270121
6968,6968,0.08372115236083211,0.0,0.08372115236083211
6969,6969,0.054695858912466755,0.0,0.054695858912466755
6970,6970,0.3503656830574561,1.0,0.3503656830574561
6971,6971,0.21064481655573086,0.0,0.21064481655573086
6972,6972,0.7347322517196266,1.0,0.7347322517196266
6973,6973,0.515463650443742,0.0,0.515463650443742
6974,6974,0.3031458866494714,1.0,0.3031458866494714
6975,6975,0.4848960708834532,0.0,0.4848960708834532
6976,6976,0.3017277890619491,0.0,0.3017277890619491
6977,6977,0.6281839581037566,1.0,0.6281839581037566
6978,6978,0.7706465293239146,1.0,0.7706465293239146
6979,6979,0.9783550750905158,1.0,0.9783550750905158
6980,6980,0.8690723109426356,1.0,0.8690723109426356
6981,6981,0.4291889158306734,1.0,0.4291889158306734
6982,6982,0.0007231401992109365,0.0,0.0007231401992109365
6983,6983,0.6692420531718252,1.0,0.6692420531718252
6984,6984,0.12808395456527055,0.0,0.12808395456527055
6985,6985,0.06884998136116338,0.0,0.06884998136116338
6986,6986,0.5227217273210203,1.0,0.5227217273210203
6987,6987,0.09246337214075118,0.0,0.09246337214075118
6988,6988,0.9450945507414334,1.0,0.9450945507414334
6989,6989,0.6783006635548249,1.0,0.6783006635548249
6990,6990,0.12022363224553145,0.0,0.12022363224553145
6991,6991,0.20324050783641856,0.0,0.20324050783641856
6992,6992,0.36219184793702386,0.0,0.36219184793702386
6993,6993,0.5771173516451066,0.0,0.5771173516451066
6994,6994,0.48995616658766494,1.0,0.48995616658766494
6995,6995,0.20489599062100183,0.0,0.20489599062100183
6996,6996,0.5202533098911283,1.0,0.5202533098911283
6997,6997,0.18208285120158973,0.0,0.18208285120158973
6998,6998,0.11569674215583592,0.0,0.11569674215583592
6999,6999,0.061509935861131404,0.0,0.061509935861131404
7000,7000,0.32751085411396685,1.0,0.32751085411396685
7001,7001,0.7142930421879461,1.0,0.7142930421879461
7002,7002,0.744957939493475,1.0,0.744957939493475
7003,7003,0.1415886384627827,0.0,0.1415886384627827
7004,7004,0.6564108520062316,0.0,0.6564108520062316
7005,7005,0.6964816069311468,1.0,0.6964816069311468
7006,7006,0.03135141287304899,0.0,0.03135141287304899
7007,7007,0.3431207385080808,0.0,0.3431207385080808
7008,7008,0.5142117234533117,0.0,0.5142117234533117
7009,7009,0.456969804007219,0.0,0.456969804007219
7010,7010,0.03169174104310968,0.0,0.03169174104310968
7011,7011,0.45185434574478744,0.0,0.45185434574478744
7012,7012,0.5115425645586655,0.0,0.5115425645586655
7013,7013,0.3593126278099398,0.0,0.3593126278099398
7014,7014,0.8578256425072373,1.0,0.8578256425072373
7015,7015,0.8574990474848706,1.0,0.8574990474848706
7016,7016,0.779595059659174,1.0,0.779595059659174
7017,7017,0.8372789306557591,1.0,0.8372789306557591
7018,7018,0.9748456861313686,1.0,0.9748456861313686
7019,7019,0.8081619789040028,1.0,0.8081619789040028
7020,7020,0.9346780882130997,1.0,0.9346780882130997
7021,7021,0.3405163960350901,0.0,0.3405163960350901
7022,7022,0.26612998493107076,0.0,0.26612998493107076
7023,7023,0.12026983702996108,0.0,0.12026983702996108
7024,7024,0.5829483145533737,1.0,0.5829483145533737
7025,7025,0.9873025153651576,1.0,0.9873025153651576
7026,7026,0.5147790477667964,1.0,0.5147790477667964
7027,7027,0.5499740099850793,1.0,0.5499740099850793
7028,7028,0.12381154229825897,0.0,0.12381154229825897
7029,7029,0.9520394536092096,1.0,0.9520394536092096
7030,7030,0.8716501399147117,0.0,0.8716501399147117
7031,7031,0.20811359264073215,0.0,0.20811359264073215
7032,7032,0.7851370472794913,1.0,0.7851370472794913
7033,7033,0.15883572230568332,1.0,0.15883572230568332
7034,7034,0.697643443641435,1.0,0.697643443641435
7035,7035,0.12714844023018845,0.0,0.12714844023018845
7036,7036,0.2776078403452189,0.0,0.2776078403452189
7037,7037,0.8470510403553035,1.0,0.8470510403553035
7038,7038,0.19785274635457883,1.0,0.19785274635457883
7039,7039,0.7419904961858597,1.0,0.7419904961858597
7040,7040,0.7241988379266622,0.0,0.7241988379266622
7041,7041,0.8301480821565475,1.0,0.8301480821565475
7042,7042,0.7928351097595909,1.0,0.7928351097595909
7043,7043,0.8614824412686074,1.0,0.8614824412686074
7044,7044,0.570650717980018,0.0,0.570650717980018
7045,7045,0.3161149488928605,1.0,0.3161149488928605
7046,7046,0.8972569451414059,1.0,0.8972569451414059
7047,7047,0.16759836121225125,0.0,0.16759836121225125
7048,7048,0.9571294763915473,1.0,0.9571294763915473
7049,7049,0.9027147652628379,1.0,0.9027147652628379
7050,7050,0.7231819258927467,1.0,0.7231819258927467
7051,7051,0.8873001523975487,0.0,0.8873001523975487
7052,7052,0.1697234804562211,0.0,0.1697234804562211
7053,7053,0.8143559348661908,0.0,0.8143559348661908
7054,7054,0.734239479603368,0.0,0.734239479603368
7055,7055,0.04264706035371668,0.0,0.04264706035371668
7056,7056,0.03443711066497668,0.0,0.03443711066497668
7057,7057,0.5357882058180953,0.0,0.5357882058180953
7058,7058,0.20434856009306424,0.0,0.20434856009306424
7059,7059,0.48228493601716516,0.0,0.48228493601716516
7060,7060,0.3435142700378696,0.0,0.3435142700378696
7061,7061,0.05258432434219107,0.0,0.05258432434219107
7062,7062,0.2526218256986206,1.0,0.2526218256986206
7063,7063,0.2681204669333832,1.0,0.2681204669333832
7064,7064,0.5821791109415184,1.0,0.5821791109415184
7065,7065,0.0013296461857823516,0.0,0.0013296461857823516
7066,7066,0.5105549955230624,1.0,0.5105549955230624
7067,7067,0.8031858144303892,0.0,0.8031858144303892
7068,7068,0.40284530001871655,0.0,0.40284530001871655
7069,7069,0.9786212559020743,1.0,0.9786212559020743
7070,7070,0.3630623636696061,0.0,0.3630623636696061
7071,7071,0.3545023206464003,0.0,0.3545023206464003
7072,7072,0.4385510692010576,0.0,0.4385510692010576
7073,7073,0.1424794073955935,0.0,0.1424794073955935
7074,7074,0.6667965539477229,1.0,0.6667965539477229
7075,7075,0.15102063846915437,0.0,0.15102063846915437
7076,7076,0.5174682784686456,1.0,0.5174682784686456
7077,7077,0.6990197499053883,1.0,0.6990197499053883
7078,7078,0.9810913658894064,1.0,0.9810913658894064
7079,7079,0.5880321692602718,1.0,0.5880321692602718
7080,7080,0.7257500615331005,1.0,0.7257500615331005
7081,7081,0.71901136191364,0.0,0.71901136191364
7082,7082,0.15823583801795738,0.0,0.15823583801795738
7083,7083,0.7066833400176736,0.0,0.7066833400176736
7084,7084,0.5661106450145718,1.0,0.5661106450145718
7085,7085,0.41458940920243637,1.0,0.41458940920243637
7086,7086,0.6089892995546421,1.0,0.6089892995546421
7087,7087,0.8343261478901534,1.0,0.8343261478901534
7088,7088,0.06607630533259368,0.0,0.06607630533259368
7089,7089,0.8117357285217444,1.0,0.8117357285217444
7090,7090,0.6396144417496071,1.0,0.6396144417496071
7091,7091,0.2176561084117986,1.0,0.2176561084117986
7092,7092,0.9566486665038652,1.0,0.9566486665038652
7093,7093,0.07566947944707825,1.0,0.07566947944707825
7094,7094,0.8103599916475586,1.0,0.8103599916475586
7095,7095,0.920329827338349,1.0,0.920329827338349
7096,7096,0.7574096801068826,1.0,0.7574096801068826
7097,7097,0.4892468108411804,1.0,0.4892468108411804
7098,7098,0.680440658546903,0.0,0.680440658546903
7099,7099,0.053812849363090276,0.0,0.053812849363090276
7100,7100,0.29400445205962944,0.0,0.29400445205962944
7101,7101,0.08886954227103938,0.0,0.08886954227103938
7102,7102,0.9144323464966237,1.0,0.9144323464966237
7103,7103,0.9263592541439613,1.0,0.9263592541439613
7104,7104,0.6665963330117631,1.0,0.6665963330117631
7105,7105,0.19577455498462892,0.0,0.19577455498462892
7106,7106,0.45298228902535953,0.0,0.45298228902535953
7107,7107,0.07457430672478194,0.0,0.07457430672478194
7108,7108,0.8957077081128533,1.0,0.8957077081128533
7109,7109,0.015833713808297567,0.0,0.015833713808297567
7110,7110,0.41189500865451567,0.0,0.41189500865451567
7111,7111,0.610370908936955,1.0,0.610370908936955
7112,7112,0.8971796559256396,1.0,0.8971796559256396
7113,7113,0.5697218980706635,1.0,0.5697218980706635
7114,7114,0.7913632289872216,1.0,0.7913632289872216
7115,7115,0.44259995602535007,0.0,0.44259995602535007
7116,7116,0.005049090489662955,0.0,0.005049090489662955
7117,7117,0.7578264983637527,0.0,0.7578264983637527
7118,7118,0.37759358537335463,0.0,0.37759358537335463
7119,7119,0.3478900359870051,0.0,0.3478900359870051
7120,7120,0.9801048056755448,1.0,0.9801048056755448
7121,7121,0.692902810742983,0.0,0.692902810742983
7122,7122,0.6644030579476877,1.0,0.6644030579476877
7123,7123,0.3786231588614102,1.0,0.3786231588614102
7124,7124,0.120735433042931,0.0,0.120735433042931
7125,7125,0.3638415034145305,0.0,0.3638415034145305
7126,7126,0.6144597278129821,1.0,0.6144597278129821
7127,7127,0.07625776554129338,0.0,0.07625776554129338
7128,7128,0.16773385486747905,0.0,0.16773385486747905
7129,7129,0.047985299763545375,1.0,0.047985299763545375
7130,7130,0.9448838393451787,1.0,0.9448838393451787
7131,7131,0.9505123999987622,1.0,0.9505123999987622
7132,7132,0.39033551643558884,0.0,0.39033551643558884
7133,7133,0.9388295950188825,1.0,0.9388295950188825
7134,7134,0.7836767043071088,1.0,0.7836767043071088
7135,7135,0.9637139381008476,1.0,0.9637139381008476
7136,7136,0.9358432950830391,1.0,0.9358432950830391
7137,7137,0.9874744185954438,1.0,0.9874744185954438
7138,7138,0.4864498456894245,1.0,0.4864498456894245
7139,7139,0.29357477536276577,0.0,0.29357477536276577
7140,7140,0.529507627909062,0.0,0.529507627909062
7141,7141,0.3763826695954414,0.0,0.3763826695954414
7142,7142,0.03483750114112194,0.0,0.03483750114112194
7143,7143,0.4044620857267093,0.0,0.4044620857267093
7144,7144,0.8939958006128703,1.0,0.8939958006128703
7145,7145,0.014492594977111084,0.0,0.014492594977111084
7146,7146,0.9026845927582068,1.0,0.9026845927582068
7147,7147,0.8705908832840816,0.0,0.8705908832840816
7148,7148,0.19273369518447792,1.0,0.19273369518447792
7149,7149,0.8215712002425275,1.0,0.8215712002425275
7150,7150,0.915632588614045,1.0,0.915632588614045
7151,7151,0.6046106641797905,0.0,0.6046106641797905
7152,7152,0.3145942285224873,0.0,0.3145942285224873
7153,7153,0.022020458370241025,0.0,0.022020458370241025
7154,7154,0.04931716619130222,1.0,0.04931716619130222
7155,7155,0.4554226434194458,1.0,0.4554226434194458
7156,7156,0.7790615421237276,0.0,0.7790615421237276
7157,7157,0.7996362041192154,1.0,0.7996362041192154
7158,7158,0.1806763133962105,0.0,0.1806763133962105
7159,7159,0.22937614089766967,1.0,0.22937614089766967
7160,7160,0.7216638834118132,1.0,0.7216638834118132
7161,7161,0.1309755893278265,0.0,0.1309755893278265
7162,7162,0.13381448585375189,1.0,0.13381448585375189
7163,7163,0.6555366965412796,0.0,0.6555366965412796
7164,7164,0.25399689932921565,0.0,0.25399689932921565
7165,7165,0.33734867034236093,0.0,0.33734867034236093
7166,7166,0.09059104416361852,0.0,0.09059104416361852
7167,7167,0.48724158335744305,1.0,0.48724158335744305
7168,7168,0.7518585541115852,0.0,0.7518585541115852
7169,7169,0.12877198358294162,0.0,0.12877198358294162
7170,7170,0.09215752155223556,0.0,0.09215752155223556
7171,7171,0.0025013482423071887,0.0,0.0025013482423071887
7172,7172,0.9859848826229524,1.0,0.9859848826229524
7173,7173,0.9056966741607486,1.0,0.9056966741607486
7174,7174,0.3977445594177631,0.0,0.3977445594177631
7175,7175,0.3946782741017877,1.0,0.3946782741017877
7176,7176,0.2974805264071937,0.0,0.2974805264071937
7177,7177,0.7820977610484553,1.0,0.7820977610484553
7178,7178,0.0879656630583886,0.0,0.0879656630583886
7179,7179,0.9293853424619556,0.0,0.9293853424619556
7180,7180,0.9942118978760645,1.0,0.9942118978760645
7181,7181,0.038675395899441356,0.0,0.038675395899441356
7182,7182,0.46862827761755343,0.0,0.46862827761755343
7183,7183,0.06851131322793025,0.0,0.06851131322793025
7184,7184,0.9938740724609229,1.0,0.9938740724609229
7185,7185,0.8216817876351619,1.0,0.8216817876351619
7186,7186,0.7264762921362903,1.0,0.7264762921362903
7187,7187,0.09476086449977938,0.0,0.09476086449977938
7188,7188,0.8965779979693005,1.0,0.8965779979693005
7189,7189,0.6704217620308436,1.0,0.6704217620308436
7190,7190,0.6789613107914764,1.0,0.6789613107914764
7191,7191,0.6235306204235809,1.0,0.6235306204235809
7192,7192,0.48024064201987426,0.0,0.48024064201987426
7193,7193,0.6623129735158969,1.0,0.6623129735158969
7194,7194,0.23185395035929812,1.0,0.23185395035929812
7195,7195,0.1914074261780655,0.0,0.1914074261780655
7196,7196,0.6184907970383658,1.0,0.6184907970383658
7197,7197,0.15261332891911827,0.0,0.15261332891911827
7198,7198,0.8245106505013273,1.0,0.8245106505013273
7199,7199,0.5122938792136846,1.0,0.5122938792136846
7200,7200,0.22775303377142897,0.0,0.22775303377142897
7201,7201,0.6711079957143995,1.0,0.6711079957143995
7202,7202,0.4145845457104038,0.0,0.4145845457104038
7203,7203,0.3872921829537561,1.0,0.3872921829537561
7204,7204,0.7555106933441393,1.0,0.7555106933441393
7205,7205,0.14221420697568032,0.0,0.14221420697568032
7206,7206,0.8958640743223056,0.0,0.8958640743223056
7207,7207,0.794873083432104,1.0,0.794873083432104
7208,7208,0.22831620206403258,0.0,0.22831620206403258
7209,7209,0.8653225072060932,1.0,0.8653225072060932
7210,7210,0.5273371412693627,0.0,0.5273371412693627
7211,7211,0.8584165033120171,1.0,0.8584165033120171
7212,7212,0.018139109262105713,0.0,0.018139109262105713
7213,7213,0.19953108888296933,0.0,0.19953108888296933
7214,7214,0.1019281869447104,0.0,0.1019281869447104
7215,7215,0.8692865519867072,1.0,0.8692865519867072
7216,7216,0.5138576473082476,0.0,0.5138576473082476
7217,7217,0.3167088566639521,0.0,0.3167088566639521
7218,7218,0.9656307130421653,1.0,0.9656307130421653
7219,7219,0.9880215025827379,1.0,0.9880215025827379
7220,7220,0.829137640588752,1.0,0.829137640588752
7221,7221,0.8874502260418924,1.0,0.8874502260418924
7222,7222,0.5052923766597323,1.0,0.5052923766597323
7223,7223,0.015172681895662232,0.0,0.015172681895662232
7224,7224,0.9783188310859332,1.0,0.9783188310859332
7225,7225,0.06062306836436293,0.0,0.06062306836436293
7226,7226,0.4562576381136507,1.0,0.4562576381136507
7227,7227,0.7639594927217637,1.0,0.7639594927217637
7228,7228,0.47178911513912924,1.0,0.47178911513912924
7229,7229,0.25570656124969426,0.0,0.25570656124969426
7230,7230,0.041519669724533026,0.0,0.041519669724533026
7231,7231,0.5076973797050202,1.0,0.5076973797050202
7232,7232,0.3164321614181832,0.0,0.3164321614181832
7233,7233,0.5040856872307528,1.0,0.5040856872307528
7234,7234,0.7150070916624315,0.0,0.7150070916624315
7235,7235,0.7268594001588997,1.0,0.7268594001588997
7236,7236,0.5294558552323528,1.0,0.5294558552323528
7237,7237,0.5457520057272244,0.0,0.5457520057272244
7238,7238,0.3789250059947983,0.0,0.3789250059947983
7239,7239,0.17312535474041624,1.0,0.17312535474041624
7240,7240,0.7330689010676357,1.0,0.7330689010676357
7241,7241,0.7855125362045885,1.0,0.7855125362045885
7242,7242,0.21072147880247583,1.0,0.21072147880247583
7243,7243,0.8484910102883707,1.0,0.8484910102883707
7244,7244,0.5968117480204832,0.0,0.5968117480204832
7245,7245,0.545781888425699,1.0,0.545781888425699
7246,7246,0.24348174348570473,0.0,0.24348174348570473
7247,7247,0.4232474056350869,1.0,0.4232474056350869
7248,7248,0.006601583870951999,0.0,0.006601583870951999
7249,7249,0.4374792976834735,1.0,0.4374792976834735
7250,7250,0.16254243380126066,0.0,0.16254243380126066
7251,7251,0.5919050138094667,1.0,0.5919050138094667
7252,7252,0.7670478522947688,1.0,0.7670478522947688
7253,7253,0.724278488368129,1.0,0.724278488368129
7254,7254,0.4480067228325335,0.0,0.4480067228325335
7255,7255,0.6808209627439493,1.0,0.6808209627439493
7256,7256,0.2967869947878582,0.0,0.2967869947878582
7257,7257,0.7192545093969671,1.0,0.7192545093969671
7258,7258,0.1707101347429686,0.0,0.1707101347429686
7259,7259,0.4288375126723428,0.0,0.4288375126723428
7260,7260,0.8465265302382504,1.0,0.8465265302382504
7261,7261,0.8341742326096336,1.0,0.8341742326096336
7262,7262,0.4492169593095333,1.0,0.4492169593095333
7263,7263,0.7247498895429804,0.0,0.7247498895429804
7264,7264,0.2809167297695204,0.0,0.2809167297695204
7265,7265,0.6002092638992508,1.0,0.6002092638992508
7266,7266,0.846623208012193,1.0,0.846623208012193
7267,7267,0.3191047818201146,1.0,0.3191047818201146
7268,7268,0.3833678760410061,1.0,0.3833678760410061
7269,7269,0.021463537296320112,0.0,0.021463537296320112
7270,7270,0.22186332022158084,1.0,0.22186332022158084
7271,7271,0.9484045058762097,1.0,0.9484045058762097
7272,7272,0.7262444224849086,1.0,0.7262444224849086
7273,7273,0.8403169930906794,1.0,0.8403169930906794
7274,7274,0.3442718497306767,0.0,0.3442718497306767
7275,7275,0.035970638117194476,0.0,0.035970638117194476
7276,7276,0.6550753853514535,0.0,0.6550753853514535
7277,7277,0.9399022778900475,1.0,0.9399022778900475
7278,7278,0.5382297183505603,0.0,0.5382297183505603
7279,7279,0.3585363655332391,1.0,0.3585363655332391
7280,7280,0.47508489966712686,0.0,0.47508489966712686
7281,7281,0.28438390402447655,0.0,0.28438390402447655
7282,7282,0.5872689929213252,0.0,0.5872689929213252
7283,7283,0.6881515287539455,1.0,0.6881515287539455
7284,7284,0.5223108124322334,1.0,0.5223108124322334
7285,7285,0.48363441989953615,0.0,0.48363441989953615
7286,7286,0.49515592525217555,0.0,0.49515592525217555
7287,7287,0.06617448374449142,0.0,0.06617448374449142
7288,7288,0.18803866933153024,0.0,0.18803866933153024
7289,7289,0.9985451270913981,1.0,0.9985451270913981
7290,7290,0.4952029175689714,0.0,0.4952029175689714
7291,7291,0.506676934629843,0.0,0.506676934629843
7292,7292,0.759880507505214,1.0,0.759880507505214
7293,7293,0.1403733650744572,0.0,0.1403733650744572
7294,7294,0.21045510089600894,0.0,0.21045510089600894
7295,7295,0.02146247813907276,0.0,0.02146247813907276
7296,7296,0.3209051231937088,0.0,0.3209051231937088
7297,7297,0.18314637374002307,0.0,0.18314637374002307
7298,7298,0.6899678182164067,0.0,0.6899678182164067
7299,7299,0.9784921115756644,1.0,0.9784921115756644
7300,7300,0.836128788589134,1.0,0.836128788589134
7301,7301,0.9309041087816229,1.0,0.9309041087816229
7302,7302,0.12823089031601898,0.0,0.12823089031601898
7303,7303,0.8195899026923286,0.0,0.8195899026923286
7304,7304,0.7337440354299533,1.0,0.7337440354299533
7305,7305,0.012214931666562956,0.0,0.012214931666562956
7306,7306,0.6195276877772904,1.0,0.6195276877772904
7307,7307,0.7291392116108251,1.0,0.7291392116108251
7308,7308,0.5518630789173611,0.0,0.5518630789173611
7309,7309,0.9505498797264456,1.0,0.9505498797264456
7310,7310,0.4835845377803374,1.0,0.4835845377803374
7311,7311,0.9409406595159345,1.0,0.9409406595159345
7312,7312,0.7010303453830449,1.0,0.7010303453830449
7313,7313,0.8707963823479857,1.0,0.8707963823479857
7314,7314,0.7024241389796172,0.0,0.7024241389796172
7315,7315,0.6303621591757044,0.0,0.6303621591757044
7316,7316,0.6993253372033853,1.0,0.6993253372033853
7317,7317,0.735019751638837,0.0,0.735019751638837
7318,7318,0.3253213330585357,0.0,0.3253213330585357
7319,7319,0.44178164969276246,0.0,0.44178164969276246
7320,7320,0.24007404492561168,0.0,0.24007404492561168
7321,7321,0.4170953654024444,0.0,0.4170953654024444
7322,7322,0.8510997997068986,1.0,0.8510997997068986
7323,7323,0.5406120318107157,1.0,0.5406120318107157
7324,7324,0.6012327619739786,1.0,0.6012327619739786
7325,7325,0.3447190088641826,1.0,0.3447190088641826
7326,7326,0.39561081135710563,0.0,0.39561081135710563
7327,7327,0.15600476323020618,0.0,0.15600476323020618
7328,7328,0.8914782642018757,1.0,0.8914782642018757
7329,7329,0.7060899255494691,0.0,0.7060899255494691
7330,7330,0.39898895683615754,0.0,0.39898895683615754
7331,7331,0.7633826575532531,1.0,0.7633826575532531
7332,7332,0.7329046096814296,1.0,0.7329046096814296
7333,7333,0.7748040994946142,1.0,0.7748040994946142
7334,7334,0.5522192010197763,1.0,0.5522192010197763
7335,7335,0.16020820265238178,0.0,0.16020820265238178
7336,7336,0.8634045551736045,1.0,0.8634045551736045
7337,7337,0.8399303747964284,1.0,0.8399303747964284
7338,7338,0.3931120382153199,1.0,0.3931120382153199
7339,7339,0.7409807029819798,1.0,0.7409807029819798
7340,7340,0.010613504501250093,0.0,0.010613504501250093
7341,7341,0.4885788371410451,0.0,0.4885788371410451
7342,7342,0.3379801209151415,1.0,0.3379801209151415
7343,7343,0.3732406332796582,0.0,0.3732406332796582
7344,7344,0.9551145785582781,1.0,0.9551145785582781
7345,7345,0.27449007521835034,0.0,0.27449007521835034
7346,7346,0.41266713322620074,1.0,0.41266713322620074
7347,7347,0.9025374453638145,1.0,0.9025374453638145
7348,7348,0.43973994203425504,1.0,0.43973994203425504
7349,7349,0.11886516672625203,0.0,0.11886516672625203
7350,7350,0.35870493979035967,0.0,0.35870493979035967
7351,7351,0.38161970391416666,0.0,0.38161970391416666
7352,7352,0.46336472302541687,1.0,0.46336472302541687
7353,7353,0.6471239958065029,0.0,0.6471239958065029
7354,7354,0.44820421624737283,0.0,0.44820421624737283
7355,7355,0.7039312414735147,1.0,0.7039312414735147
7356,7356,0.7132923966755713,1.0,0.7132923966755713
7357,7357,0.34899028750329364,0.0,0.34899028750329364
7358,7358,0.8695005757690958,1.0,0.8695005757690958
7359,7359,0.3279429494802476,0.0,0.3279429494802476
7360,7360,0.7091037478616705,1.0,0.7091037478616705
7361,7361,0.9004749340419355,1.0,0.9004749340419355
7362,7362,0.30203981663780244,0.0,0.30203981663780244
7363,7363,0.23585850094439087,0.0,0.23585850094439087
7364,7364,0.49351323438195827,1.0,0.49351323438195827
7365,7365,0.5855083731349525,0.0,0.5855083731349525
7366,7366,0.6049758480915812,0.0,0.6049758480915812
7367,7367,0.663912205390268,0.0,0.663912205390268
7368,7368,0.4576203254536316,1.0,0.4576203254536316
7369,7369,0.6384898689312599,1.0,0.6384898689312599
7370,7370,0.4583188817794257,0.0,0.4583188817794257
7371,7371,0.98542461031566,1.0,0.98542461031566
7372,7372,0.8405541126227449,1.0,0.8405541126227449
7373,7373,0.7825572348162324,1.0,0.7825572348162324
7374,7374,0.7128860249870969,1.0,0.7128860249870969
7375,7375,0.619570720839242,0.0,0.619570720839242
7376,7376,0.6160893366036663,0.0,0.6160893366036663
7377,7377,0.2875181429134085,0.0,0.2875181429134085
7378,7378,0.45283952688373885,1.0,0.45283952688373885
7379,7379,0.6504038913332107,0.0,0.6504038913332107
7380,7380,0.12757000644484473,1.0,0.12757000644484473
7381,7381,0.16570607638612578,0.0,0.16570607638612578
7382,7382,0.29022579162621964,0.0,0.29022579162621964
7383,7383,0.9737467431788287,1.0,0.9737467431788287
7384,7384,0.9560032808804926,1.0,0.9560032808804926
7385,7385,0.6450123936080031,1.0,0.6450123936080031
7386,7386,0.9460186373992793,1.0,0.9460186373992793
7387,7387,0.6341750747000054,1.0,0.6341750747000054
7388,7388,0.22284540322028845,0.0,0.22284540322028845
7389,7389,0.022399000884187337,0.0,0.022399000884187337
7390,7390,0.1314975862983433,0.0,0.1314975862983433
7391,7391,0.2227810029688957,1.0,0.2227810029688957
7392,7392,0.8557147204636595,1.0,0.8557147204636595
7393,7393,0.6698367986206882,0.0,0.6698367986206882
7394,7394,0.5800918823973376,1.0,0.5800918823973376
7395,7395,0.26763701828967323,1.0,0.26763701828967323
7396,7396,0.5310186617550887,0.0,0.5310186617550887
7397,7397,0.10622592261891117,0.0,0.10622592261891117
7398,7398,0.8804421672009738,1.0,0.8804421672009738
7399,7399,0.9203308986943188,1.0,0.9203308986943188
7400,7400,0.7680072627987246,1.0,0.7680072627987246
7401,7401,0.6632374232180436,0.0,0.6632374232180436
7402,7402,0.4493291876121315,0.0,0.4493291876121315
7403,7403,0.25203041933341397,0.0,0.25203041933341397
7404,7404,0.6601650867756536,1.0,0.6601650867756536
7405,7405,0.5951625761757322,1.0,0.5951625761757322
7406,7406,0.9872110581427184,1.0,0.9872110581427184
7407,7407,0.007310700508620593,0.0,0.007310700508620593
7408,7408,0.5691474274743429,0.0,0.5691474274743429
7409,7409,0.8806214638672647,1.0,0.8806214638672647
7410,7410,0.012681798200956607,0.0,0.012681798200956607
7411,7411,0.11636426619259888,0.0,0.11636426619259888
7412,7412,0.49557614823547147,1.0,0.49557614823547147
7413,7413,0.14716593559606295,1.0,0.14716593559606295
7414,7414,0.3928986995167102,1.0,0.3928986995167102
7415,7415,0.33629492587699406,0.0,0.33629492587699406
7416,7416,0.8020926844787075,1.0,0.8020926844787075
7417,7417,0.6459417046981397,1.0,0.6459417046981397
7418,7418,0.8196486065863855,1.0,0.8196486065863855
7419,7419,0.34349087916525667,0.0,0.34349087916525667
7420,7420,0.7118906288947896,1.0,0.7118906288947896
7421,7421,0.6544472673969878,1.0,0.6544472673969878
7422,7422,0.0013166823766094238,0.0,0.0013166823766094238
7423,7423,0.07440037548654332,0.0,0.07440037548654332
7424,7424,0.9766048037365794,1.0,0.9766048037365794
7425,7425,0.02448317109879794,0.0,0.02448317109879794
7426,7426,0.2582384450681505,0.0,0.2582384450681505
7427,7427,0.14274444251343898,0.0,0.14274444251343898
7428,7428,0.45226003472123666,0.0,0.45226003472123666
7429,7429,0.22146740055929226,0.0,0.22146740055929226
7430,7430,0.8058283532735009,1.0,0.8058283532735009
7431,7431,0.1249511551140946,1.0,0.1249511551140946
7432,7432,0.8977360067369781,1.0,0.8977360067369781
7433,7433,0.3545631282376569,0.0,0.3545631282376569
7434,7434,0.7291967547748035,1.0,0.7291967547748035
7435,7435,0.3353408131906056,1.0,0.3353408131906056
7436,7436,0.05981635447545752,0.0,0.05981635447545752
7437,7437,0.4426754269527893,0.0,0.4426754269527893
7438,7438,0.11597790589361034,0.0,0.11597790589361034
7439,7439,0.17361333894752684,0.0,0.17361333894752684
7440,7440,0.34047657629152117,0.0,0.34047657629152117
7441,7441,0.19731595689690973,1.0,0.19731595689690973
7442,7442,0.4600573130948685,0.0,0.4600573130948685
7443,7443,0.9600343791359327,1.0,0.9600343791359327
7444,7444,0.5907495036494878,1.0,0.5907495036494878
7445,7445,0.5302159224770214,0.0,0.5302159224770214
7446,7446,0.443167874393245,0.0,0.443167874393245
7447,7447,0.11107578594832823,0.0,0.11107578594832823
7448,7448,0.5802825295359647,0.0,0.5802825295359647
7449,7449,0.010477744375638753,0.0,0.010477744375638753
7450,7450,0.6912071110635383,1.0,0.6912071110635383
7451,7451,0.6900893581689611,1.0,0.6900893581689611
7452,7452,0.5928127945757047,1.0,0.5928127945757047
7453,7453,0.3582478960432718,0.0,0.3582478960432718
7454,7454,0.1321955941267995,0.0,0.1321955941267995
7455,7455,0.4934753736101599,1.0,0.4934753736101599
7456,7456,0.5426748645604629,1.0,0.5426748645604629
7457,7457,0.41808708286840324,1.0,0.41808708286840324
7458,7458,0.6625805949865878,0.0,0.6625805949865878
7459,7459,0.9683129355301492,1.0,0.9683129355301492
7460,7460,0.3788354817221714,0.0,0.3788354817221714
7461,7461,0.4176651689364035,1.0,0.4176651689364035
7462,7462,0.5501669196265452,1.0,0.5501669196265452
7463,7463,0.47506034979809286,0.0,0.47506034979809286
7464,7464,0.7792957175599472,1.0,0.7792957175599472
7465,7465,0.5802878929208135,1.0,0.5802878929208135
7466,7466,0.3911638018983933,0.0,0.3911638018983933
7467,7467,0.3763589207039001,0.0,0.3763589207039001
7468,7468,0.7327264940654922,1.0,0.7327264940654922
7469,7469,0.562997109871059,1.0,0.562997109871059
7470,7470,0.4291052484039011,1.0,0.4291052484039011
7471,7471,0.6969254407536188,1.0,0.6969254407536188
7472,7472,0.5032930056101523,1.0,0.5032930056101523
7473,7473,0.21674299204526848,0.0,0.21674299204526848
7474,7474,0.5662404630161326,1.0,0.5662404630161326
7475,7475,0.023957365772894756,0.0,0.023957365772894756
7476,7476,0.038751947207864346,0.0,0.038751947207864346
7477,7477,0.1669432992459554,0.0,0.1669432992459554
7478,7478,0.7890230795366016,1.0,0.7890230795366016
7479,7479,0.13918947233482415,0.0,0.13918947233482415
7480,7480,0.1937158678300479,0.0,0.1937158678300479
7481,7481,0.08157618811653167,0.0,0.08157618811653167
7482,7482,0.15396283594251736,0.0,0.15396283594251736
7483,7483,0.1331268660151106,0.0,0.1331268660151106
7484,7484,0.6845725346769781,0.0,0.6845725346769781
7485,7485,0.4081563725160866,1.0,0.4081563725160866
7486,7486,0.824723172473105,1.0,0.824723172473105
7487,7487,0.43420898384959283,0.0,0.43420898384959283
7488,7488,0.8530241291748916,1.0,0.8530241291748916
7489,7489,0.9941650428477685,1.0,0.9941650428477685
7490,7490,0.19884596247982433,0.0,0.19884596247982433
7491,7491,0.7651344197897777,0.0,0.7651344197897777
7492,7492,0.6406571506731609,1.0,0.6406571506731609
7493,7493,0.08927227924513526,0.0,0.08927227924513526
7494,7494,0.0774175506171767,0.0,0.0774175506171767
7495,7495,0.09658219220881559,0.0,0.09658219220881559
7496,7496,0.801061009466719,1.0,0.801061009466719
7497,7497,0.669622144628138,0.0,0.669622144628138
7498,7498,0.5024995352208311,1.0,0.5024995352208311
7499,7499,0.19641853210994342,0.0,0.19641853210994342
7500,7500,0.41649161520531375,0.0,0.41649161520531375
7501,7501,0.3481783145402606,0.0,0.3481783145402606
7502,7502,0.8175306695960236,0.0,0.8175306695960236
7503,7503,0.9214363525978629,1.0,0.9214363525978629
7504,7504,0.4054317475669543,0.0,0.4054317475669543
7505,7505,0.37899874770520614,1.0,0.37899874770520614
7506,7506,0.6430677163710432,1.0,0.6430677163710432
7507,7507,0.9076683769387575,1.0,0.9076683769387575
7508,7508,0.8066285727095671,1.0,0.8066285727095671
7509,7509,0.7791383108453878,1.0,0.7791383108453878
7510,7510,0.18613554319490944,1.0,0.18613554319490944
7511,7511,0.8908822717094924,1.0,0.8908822717094924
7512,7512,0.02013128211481041,0.0,0.02013128211481041
7513,7513,0.01346611383699825,0.0,0.01346611383699825
7514,7514,0.1965187250044671,0.0,0.1965187250044671
7515,7515,0.30588730146676324,0.0,0.30588730146676324
7516,7516,0.9328278789825486,0.0,0.9328278789825486
7517,7517,0.0009490351131353769,0.0,0.0009490351131353769
7518,7518,0.10281212508000082,0.0,0.10281212508000082
7519,7519,0.30533564596248164,0.0,0.30533564596248164
7520,7520,0.4892616871501235,0.0,0.4892616871501235
7521,7521,0.5194560200895223,1.0,0.5194560200895223
7522,7522,0.7312686740581679,0.0,0.7312686740581679
7523,7523,0.28103907973437947,0.0,0.28103907973437947
7524,7524,0.4494111764343143,1.0,0.4494111764343143
7525,7525,0.8421658143951388,1.0,0.8421658143951388
7526,7526,0.8960600505431899,1.0,0.8960600505431899
7527,7527,0.6184746274472132,1.0,0.6184746274472132
7528,7528,0.7917114134457424,1.0,0.7917114134457424
7529,7529,0.15713829531158996,0.0,0.15713829531158996
7530,7530,0.8726627172364916,1.0,0.8726627172364916
7531,7531,0.6887570881023819,0.0,0.6887570881023819
7532,7532,0.8213220379487095,1.0,0.8213220379487095
7533,7533,0.8407524791812334,1.0,0.8407524791812334
7534,7534,0.7077819936812809,1.0,0.7077819936812809
7535,7535,0.39519287825775584,1.0,0.39519287825775584
7536,7536,0.20897853257107735,0.0,0.20897853257107735
7537,7537,0.2560215796433748,0.0,0.2560215796433748
7538,7538,0.9186933731209173,1.0,0.9186933731209173
7539,7539,0.7789908388882808,1.0,0.7789908388882808
7540,7540,0.199248769956493,0.0,0.199248769956493
7541,7541,0.264911739524756,0.0,0.264911739524756
7542,7542,0.5748516500827722,1.0,0.5748516500827722
7543,7543,0.8262452852296603,1.0,0.8262452852296603
7544,7544,0.4190841879981134,0.0,0.4190841879981134
7545,7545,0.9169663352639865,1.0,0.9169663352639865
7546,7546,0.4192114991311181,1.0,0.4192114991311181
7547,7547,0.9151734419348995,1.0,0.9151734419348995
7548,7548,0.05483050608506901,0.0,0.05483050608506901
7549,7549,0.5599130956214652,1.0,0.5599130956214652
7550,7550,0.1345070425749827,1.0,0.1345070425749827
7551,7551,0.8984956530749141,1.0,0.8984956530749141
7552,7552,0.9842222562124727,1.0,0.9842222562124727
7553,7553,0.39062720811158314,0.0,0.39062720811158314
7554,7554,0.18247280115310693,0.0,0.18247280115310693
7555,7555,0.5542853974589176,0.0,0.5542853974589176
7556,7556,0.05121173953974145,1.0,0.05121173953974145
7557,7557,0.6154022494312933,0.0,0.6154022494312933
7558,7558,0.8122276977838248,0.0,0.8122276977838248
7559,7559,0.9841042427782807,1.0,0.9841042427782807
7560,7560,0.030516448399260043,0.0,0.030516448399260043
7561,7561,0.16025152127815845,0.0,0.16025152127815845
7562,7562,0.3338677497712902,0.0,0.3338677497712902
7563,7563,0.6070658205087229,1.0,0.6070658205087229
7564,7564,0.6483990370325797,1.0,0.6483990370325797
7565,7565,0.5549787488250616,0.0,0.5549787488250616
7566,7566,0.28964777551927356,0.0,0.28964777551927356
7567,7567,0.8551865726672518,1.0,0.8551865726672518
7568,7568,0.3104330678368483,0.0,0.3104330678368483
7569,7569,0.26198992966360324,0.0,0.26198992966360324
7570,7570,0.9374815946627629,1.0,0.9374815946627629
7571,7571,0.8188657398527,1.0,0.8188657398527
7572,7572,0.05534822439672937,0.0,0.05534822439672937
7573,7573,0.6085946890860764,1.0,0.6085946890860764
7574,7574,0.8911687986509887,1.0,0.8911687986509887
7575,7575,0.2055804249147546,1.0,0.2055804249147546
7576,7576,0.31859132801310086,0.0,0.31859132801310086
7577,7577,0.7653038703022914,1.0,0.7653038703022914
7578,7578,0.40992865188997174,0.0,0.40992865188997174
7579,7579,0.47111901923564525,0.0,0.47111901923564525
7580,7580,0.07251198994684849,0.0,0.07251198994684849
7581,7581,0.2098639721725749,0.0,0.2098639721725749
7582,7582,0.8360791518126335,1.0,0.8360791518126335
7583,7583,0.5791003675721714,0.0,0.5791003675721714
7584,7584,0.11185125044852762,1.0,0.11185125044852762
7585,7585,0.8952148571413057,1.0,0.8952148571413057
7586,7586,0.30993197565651265,0.0,0.30993197565651265
7587,7587,0.7503404401645504,0.0,0.7503404401645504
7588,7588,0.9486215923868877,1.0,0.9486215923868877
7589,7589,0.17967090293235322,0.0,0.17967090293235322
7590,7590,0.974676954531181,1.0,0.974676954531181
7591,7591,0.42120458540196004,0.0,0.42120458540196004
7592,7592,0.3598816197979735,1.0,0.3598816197979735
7593,7593,0.011170200083550186,0.0,0.011170200083550186
7594,7594,0.49350511107630723,0.0,0.49350511107630723
7595,7595,0.5371329115887975,1.0,0.5371329115887975
7596,7596,0.994175478617837,1.0,0.994175478617837
7597,7597,0.4089771808282251,1.0,0.4089771808282251
7598,7598,0.5162297346416969,0.0,0.5162297346416969
7599,7599,0.39006489993884774,0.0,0.39006489993884774
7600,7600,0.7511389279095132,1.0,0.7511389279095132
7601,7601,0.02351821825120748,0.0,0.02351821825120748
7602,7602,0.5390053586711608,1.0,0.5390053586711608
7603,7603,0.2725898822069086,0.0,0.2725898822069086
7604,7604,0.09155107418939568,1.0,0.09155107418939568
7605,7605,0.15406938857642116,0.0,0.15406938857642116
7606,7606,0.10974348330140338,0.0,0.10974348330140338
7607,7607,0.11012759737831923,0.0,0.11012759737831923
7608,7608,0.6311079471300316,1.0,0.6311079471300316
7609,7609,0.10348026047110392,0.0,0.10348026047110392
7610,7610,0.030075189935513835,0.0,0.030075189935513835
7611,7611,0.2195941019467037,0.0,0.2195941019467037
7612,7612,0.3873443855565032,1.0,0.3873443855565032
7613,7613,0.5348885416698539,0.0,0.5348885416698539
7614,7614,0.7080054962783707,1.0,0.7080054962783707
7615,7615,0.8605962574943473,1.0,0.8605962574943473
7616,7616,0.8286349231985904,0.0,0.8286349231985904
7617,7617,0.987140766442254,1.0,0.987140766442254
7618,7618,0.4778270987551144,0.0,0.4778270987551144
7619,7619,0.46502681121714706,1.0,0.46502681121714706
7620,7620,0.17755946585464688,0.0,0.17755946585464688
7621,7621,0.19901400111479406,0.0,0.19901400111479406
7622,7622,0.88273160415099,1.0,0.88273160415099
7623,7623,0.6629854523457068,0.0,0.6629854523457068
7624,7624,0.5680700418445531,0.0,0.5680700418445531
7625,7625,0.8276012491580866,1.0,0.8276012491580866
7626,7626,0.41008340525346065,0.0,0.41008340525346065
7627,7627,0.40879860802685675,0.0,0.40879860802685675
7628,7628,0.5982235089682305,1.0,0.5982235089682305
7629,7629,0.8746407617708447,1.0,0.8746407617708447
7630,7630,0.15042144168877647,0.0,0.15042144168877647
7631,7631,0.3953163574130161,1.0,0.3953163574130161
7632,7632,0.46519788361098313,0.0,0.46519788361098313
7633,7633,0.4806707645160814,1.0,0.4806707645160814
7634,7634,0.22378054094992106,1.0,0.22378054094992106
7635,7635,0.3709884860521977,1.0,0.3709884860521977
7636,7636,0.9761247670539646,1.0,0.9761247670539646
7637,7637,0.7575799117439431,1.0,0.7575799117439431
7638,7638,0.38770936613343665,0.0,0.38770936613343665
7639,7639,0.38039609049091816,0.0,0.38039609049091816
7640,7640,0.6697944408834295,0.0,0.6697944408834295
7641,7641,0.7436335410835183,1.0,0.7436335410835183
7642,7642,0.016623151250054757,0.0,0.016623151250054757
7643,7643,0.46790703575284576,0.0,0.46790703575284576
7644,7644,0.8847657523357148,1.0,0.8847657523357148
7645,7645,0.9437575882140338,1.0,0.9437575882140338
7646,7646,0.8369176328647848,0.0,0.8369176328647848
7647,7647,0.21692025317486463,1.0,0.21692025317486463
7648,7648,0.25127587451890343,1.0,0.25127587451890343
7649,7649,0.07162884776748235,0.0,0.07162884776748235
7650,7650,0.963569060130182,1.0,0.963569060130182
7651,7651,0.6234344119490631,1.0,0.6234344119490631
7652,7652,0.9767243144654768,1.0,0.9767243144654768
7653,7653,0.4296962394793715,0.0,0.4296962394793715
7654,7654,0.4085949218699354,0.0,0.4085949218699354
7655,7655,0.4869708491593221,0.0,0.4869708491593221
7656,7656,0.7261784160277406,1.0,0.7261784160277406
7657,7657,0.42551056865540093,0.0,0.42551056865540093
7658,7658,0.19225364780734555,0.0,0.19225364780734555
7659,7659,0.10153085516144722,0.0,0.10153085516144722
7660,7660,0.5138292197691736,1.0,0.5138292197691736
7661,7661,0.3618233764561416,1.0,0.3618233764561416
7662,7662,0.13819294910047453,0.0,0.13819294910047453
7663,7663,0.565805305125093,0.0,0.565805305125093
7664,7664,0.038947180693584826,0.0,0.038947180693584826
7665,7665,0.6513805300326383,1.0,0.6513805300326383
7666,7666,0.7930605655628538,1.0,0.7930605655628538
7667,7667,0.9819171458873782,1.0,0.9819171458873782
7668,7668,0.35957173093649986,0.0,0.35957173093649986
7669,7669,0.04519782052508947,0.0,0.04519782052508947
7670,7670,0.9154774481349174,1.0,0.9154774481349174
7671,7671,0.38891762314725686,1.0,0.38891762314725686
7672,7672,0.4469887645281124,1.0,0.4469887645281124
7673,7673,0.13283084625285801,0.0,0.13283084625285801
7674,7674,0.9244679031014723,1.0,0.9244679031014723
7675,7675,0.876662924283089,1.0,0.876662924283089
7676,7676,0.6735294608862061,1.0,0.6735294608862061
7677,7677,0.5868214437765915,0.0,0.5868214437765915
7678,7678,0.9193888571971851,1.0,0.9193888571971851
7679,7679,0.4824952782727193,1.0,0.4824952782727193
7680,7680,0.5717610849922846,0.0,0.5717610849922846
7681,7681,0.7726499594123653,0.0,0.7726499594123653
7682,7682,0.17169797211526616,0.0,0.17169797211526616
7683,7683,0.6472246345422487,1.0,0.6472246345422487
7684,7684,0.8986972934078657,1.0,0.8986972934078657
7685,7685,0.39129164531760396,1.0,0.39129164531760396
7686,7686,0.2980486086960772,0.0,0.2980486086960772
7687,7687,0.4212412410980507,1.0,0.4212412410980507
7688,7688,0.738287976480247,1.0,0.738287976480247
7689,7689,0.5875536912592019,1.0,0.5875536912592019
7690,7690,0.6902208542000542,1.0,0.6902208542000542
7691,7691,0.22926297501052617,0.0,0.22926297501052617
7692,7692,0.44208813763607724,0.0,0.44208813763607724
7693,7693,0.131328418162577,0.0,0.131328418162577
7694,7694,0.3629894861402009,0.0,0.3629894861402009
7695,7695,0.33997185608059044,0.0,0.33997185608059044
7696,7696,0.4649410222922753,0.0,0.4649410222922753
7697,7697,0.9816543814639251,1.0,0.9816543814639251
7698,7698,0.8836965697778106,1.0,0.8836965697778106
7699,7699,0.008517189061627906,0.0,0.008517189061627906
7700,7700,0.7454915123912681,1.0,0.7454915123912681
7701,7701,0.7951470573824165,1.0,0.7951470573824165
7702,7702,0.12019061155188415,0.0,0.12019061155188415
7703,7703,0.36989402502907576,0.0,0.36989402502907576
7704,7704,0.15967670513880883,0.0,0.15967670513880883
7705,7705,0.8377201863274988,1.0,0.8377201863274988
7706,7706,0.09795021540716742,1.0,0.09795021540716742
7707,7707,0.11444366731513733,0.0,0.11444366731513733
7708,7708,0.580147000861138,1.0,0.580147000861138
7709,7709,0.6616200886777176,1.0,0.6616200886777176
7710,7710,0.36701844453607657,0.0,0.36701844453607657
7711,7711,0.2806591938383325,0.0,0.2806591938383325
7712,7712,0.7239099077517173,1.0,0.7239099077517173
7713,7713,0.4068548026459322,1.0,0.4068548026459322
7714,7714,0.5997632431495639,0.0,0.5997632431495639
7715,7715,0.33816686549712904,0.0,0.33816686549712904
7716,7716,0.5044531714398567,0.0,0.5044531714398567
7717,7717,0.1236614665254483,0.0,0.1236614665254483
7718,7718,0.6972256771351245,1.0,0.6972256771351245
7719,7719,0.504175645489933,0.0,0.504175645489933
7720,7720,0.6134249300001333,1.0,0.6134249300001333
7721,7721,0.26625297142164817,1.0,0.26625297142164817
7722,7722,0.27489419625303646,1.0,0.27489419625303646
7723,7723,0.39394564401598753,0.0,0.39394564401598753
7724,7724,0.8245654403910021,1.0,0.8245654403910021
7725,7725,0.35630110411423443,0.0,0.35630110411423443
7726,7726,0.806319783076594,1.0,0.806319783076594
7727,7727,0.6620075580693401,1.0,0.6620075580693401
7728,7728,0.6020643397389343,1.0,0.6020643397389343
7729,7729,0.5338659296145771,1.0,0.5338659296145771
7730,7730,0.6280023761900954,1.0,0.6280023761900954
7731,7731,0.8301393514038584,1.0,0.8301393514038584
7732,7732,0.5329087018717726,0.0,0.5329087018717726
7733,7733,0.9832820249184325,1.0,0.9832820249184325
7734,7734,0.3238234442688336,1.0,0.3238234442688336
7735,7735,0.8470939732191927,1.0,0.8470939732191927
7736,7736,0.4614700429911699,0.0,0.4614700429911699
7737,7737,0.2815204202312549,0.0,0.2815204202312549
7738,7738,0.9726322065051611,1.0,0.9726322065051611
7739,7739,0.7046525324977758,0.0,0.7046525324977758
7740,7740,0.897297147209792,1.0,0.897297147209792
7741,7741,0.43194424027340383,0.0,0.43194424027340383
7742,7742,0.4546840597708115,0.0,0.4546840597708115
7743,7743,0.049380695860324786,0.0,0.049380695860324786
7744,7744,0.9851056973080038,1.0,0.9851056973080038
7745,7745,0.722793495811962,1.0,0.722793495811962
7746,7746,0.8312946190151148,1.0,0.8312946190151148
7747,7747,0.45884722657446975,1.0,0.45884722657446975
7748,7748,0.2227216480620624,0.0,0.2227216480620624
7749,7749,0.5805345324385709,1.0,0.5805345324385709
7750,7750,0.4317255514620747,1.0,0.4317255514620747
7751,7751,0.8466119001246037,1.0,0.8466119001246037
7752,7752,0.8960635620492201,1.0,0.8960635620492201
7753,7753,0.7292229189921224,1.0,0.7292229189921224
7754,7754,0.33183308102293996,0.0,0.33183308102293996
7755,7755,0.1013977459401878,0.0,0.1013977459401878
7756,7756,0.8221889227051214,0.0,0.8221889227051214
7757,7757,0.7537522829730465,1.0,0.7537522829730465
7758,7758,0.880496022321666,1.0,0.880496022321666
7759,7759,0.9401514019330788,1.0,0.9401514019330788
7760,7760,0.5677345699830688,1.0,0.5677345699830688
7761,7761,0.9093820748690902,1.0,0.9093820748690902
7762,7762,0.4528886715160464,0.0,0.4528886715160464
7763,7763,0.3889727972281858,0.0,0.3889727972281858
7764,7764,0.7541258677700994,0.0,0.7541258677700994
7765,7765,0.40883033354612575,0.0,0.40883033354612575
7766,7766,0.4562829772484188,1.0,0.4562829772484188
7767,7767,0.3326892698495314,1.0,0.3326892698495314
7768,7768,0.17102521684249783,1.0,0.17102521684249783
7769,7769,0.32640040133911596,0.0,0.32640040133911596
7770,7770,0.8357130257996285,1.0,0.8357130257996285
7771,7771,0.00787982684426658,0.0,0.00787982684426658
7772,7772,0.3012676848957625,0.0,0.3012676848957625
7773,7773,0.248186072318886,0.0,0.248186072318886
7774,7774,0.16568070186927275,0.0,0.16568070186927275
7775,7775,0.7663934159316604,1.0,0.7663934159316604
7776,7776,0.40817276555765725,0.0,0.40817276555765725
7777,7777,0.32511959632052256,0.0,0.32511959632052256
7778,7778,0.5859290798405717,1.0,0.5859290798405717
7779,7779,0.2681310019581513,0.0,0.2681310019581513
7780,7780,0.7560046316596633,0.0,0.7560046316596633
7781,7781,0.9962748317613415,1.0,0.9962748317613415
7782,7782,0.8825881495423596,1.0,0.8825881495423596
7783,7783,0.8412020471914261,1.0,0.8412020471914261
7784,7784,0.7231108457080573,0.0,0.7231108457080573
7785,7785,0.6060436436305041,1.0,0.6060436436305041
7786,7786,0.15476943765161733,0.0,0.15476943765161733
7787,7787,0.7161818703002488,1.0,0.7161818703002488
7788,7788,0.928336818810297,0.0,0.928336818810297
7789,7789,0.09394334714043284,0.0,0.09394334714043284
7790,7790,0.6000542101966578,1.0,0.6000542101966578
7791,7791,0.4309229911293496,0.0,0.4309229911293496
7792,7792,0.1238353317976505,0.0,0.1238353317976505
7793,7793,0.9917434025053624,1.0,0.9917434025053624
7794,7794,0.15547386574640587,0.0,0.15547386574640587
7795,7795,0.6675703418916118,1.0,0.6675703418916118
7796,7796,0.5137809816071098,0.0,0.5137809816071098
7797,7797,0.2551545350852662,0.0,0.2551545350852662
7798,7798,0.5612207771000945,0.0,0.5612207771000945
7799,7799,0.6995871965602771,1.0,0.6995871965602771
7800,7800,0.455198707696862,0.0,0.455198707696862
7801,7801,0.054651943840115624,0.0,0.054651943840115624
7802,7802,0.027856935085359802,0.0,0.027856935085359802
7803,7803,0.3990188955286348,0.0,0.3990188955286348
7804,7804,0.3144759784394249,0.0,0.3144759784394249
7805,7805,0.6702377212250756,0.0,0.6702377212250756
7806,7806,0.5150178718143562,1.0,0.5150178718143562
7807,7807,0.7357783355716951,1.0,0.7357783355716951
7808,7808,0.14474936816846518,0.0,0.14474936816846518
7809,7809,0.10837816808726619,0.0,0.10837816808726619
7810,7810,0.6262228643027914,1.0,0.6262228643027914
7811,7811,0.31004650785438015,0.0,0.31004650785438015
7812,7812,0.4560354122192777,0.0,0.4560354122192777
7813,7813,0.08754666578523485,0.0,0.08754666578523485
7814,7814,0.8960855610366337,1.0,0.8960855610366337
7815,7815,0.07535499695407533,0.0,0.07535499695407533
7816,7816,0.04883938926306408,0.0,0.04883938926306408
7817,7817,0.6099042349354974,1.0,0.6099042349354974
7818,7818,0.49488272497797836,0.0,0.49488272497797836
7819,7819,0.16140195376778177,0.0,0.16140195376778177
7820,7820,0.6825513033595714,1.0,0.6825513033595714
7821,7821,0.596328272468883,1.0,0.596328272468883
7822,7822,0.9068739003192866,1.0,0.9068739003192866
7823,7823,0.2101234200169625,1.0,0.2101234200169625
7824,7824,0.2478227612431606,1.0,0.2478227612431606
7825,7825,0.9272090012412847,1.0,0.9272090012412847
7826,7826,0.5267480284055502,0.0,0.5267480284055502
7827,7827,0.6757032266944175,0.0,0.6757032266944175
7828,7828,0.5391185938158509,1.0,0.5391185938158509
7829,7829,0.4128417004184367,0.0,0.4128417004184367
7830,7830,0.5663024277238365,1.0,0.5663024277238365
7831,7831,0.8985357684193178,1.0,0.8985357684193178
7832,7832,0.7739898850752445,0.0,0.7739898850752445
7833,7833,0.5263632038458257,0.0,0.5263632038458257
7834,7834,0.5361826024192553,0.0,0.5361826024192553
7835,7835,0.7773170049596835,0.0,0.7773170049596835
7836,7836,0.8519345331955954,1.0,0.8519345331955954
7837,7837,0.5933670633148281,1.0,0.5933670633148281
7838,7838,0.9570288846685461,1.0,0.9570288846685461
7839,7839,0.8505514454118022,1.0,0.8505514454118022
7840,7840,0.7916309175569963,1.0,0.7916309175569963
7841,7841,0.48864391828536413,0.0,0.48864391828536413
7842,7842,0.6884840294624004,0.0,0.6884840294624004
7843,7843,0.7640607953167996,1.0,0.7640607953167996
7844,7844,0.42222994665222036,1.0,0.42222994665222036
7845,7845,0.04624480499371009,0.0,0.04624480499371009
7846,7846,0.7577254368607358,1.0,0.7577254368607358
7847,7847,0.7224165182141657,1.0,0.7224165182141657
7848,7848,0.24790235855823028,0.0,0.24790235855823028
7849,7849,0.7528861840371187,0.0,0.7528861840371187
7850,7850,0.7247301887525003,1.0,0.7247301887525003
7851,7851,0.4408271168180252,1.0,0.4408271168180252
7852,7852,0.2248001159123092,0.0,0.2248001159123092
7853,7853,0.6670547958840131,1.0,0.6670547958840131
7854,7854,0.5808303190671459,0.0,0.5808303190671459
7855,7855,0.34008447590696234,1.0,0.34008447590696234
7856,7856,0.7453241318616153,1.0,0.7453241318616153
7857,7857,0.23835250299472077,0.0,0.23835250299472077
7858,7858,0.3180932708574824,1.0,0.3180932708574824
7859,7859,0.4937967038492037,0.0,0.4937967038492037
7860,7860,0.022084037371312704,0.0,0.022084037371312704
7861,7861,0.05074686511444193,0.0,0.05074686511444193
7862,7862,0.23820121406759143,0.0,0.23820121406759143
7863,7863,0.22154227425218131,0.0,0.22154227425218131
7864,7864,0.21050199778187095,0.0,0.21050199778187095
7865,7865,0.19182608069311324,0.0,0.19182608069311324
7866,7866,0.0903580748292021,0.0,0.0903580748292021
7867,7867,0.8803867287304536,1.0,0.8803867287304536
7868,7868,0.7497136029452799,1.0,0.7497136029452799
7869,7869,0.21349723246291274,1.0,0.21349723246291274
7870,7870,0.5072335950228364,0.0,0.5072335950228364
7871,7871,0.7961090062350838,1.0,0.7961090062350838
7872,7872,0.20224485083078314,1.0,0.20224485083078314
7873,7873,0.6592421418603722,1.0,0.6592421418603722
7874,7874,0.2303090552104442,0.0,0.2303090552104442
7875,7875,0.2658657141132078,0.0,0.2658657141132078
7876,7876,0.12484289500946633,0.0,0.12484289500946633
7877,7877,0.6965928904651263,1.0,0.6965928904651263
7878,7878,0.9594347228552964,1.0,0.9594347228552964
7879,7879,0.4370180551930659,0.0,0.4370180551930659
7880,7880,0.573042358294892,1.0,0.573042358294892
7881,7881,0.3954837817264121,0.0,0.3954837817264121
7882,7882,0.6946996302748709,1.0,0.6946996302748709
7883,7883,0.21399128713550297,0.0,0.21399128713550297
7884,7884,0.7577203522878141,1.0,0.7577203522878141
7885,7885,0.659048592043771,0.0,0.659048592043771
7886,7886,0.7446294794486104,1.0,0.7446294794486104
7887,7887,0.5024063548221298,1.0,0.5024063548221298
7888,7888,0.08575339872504373,0.0,0.08575339872504373
7889,7889,0.9691651247341689,1.0,0.9691651247341689
7890,7890,0.5690339937418125,0.0,0.5690339937418125
7891,7891,0.02995372443194788,0.0,0.02995372443194788
7892,7892,0.8116167067856891,1.0,0.8116167067856891
7893,7893,0.6117034430032058,1.0,0.6117034430032058
7894,7894,0.5672780865795087,1.0,0.5672780865795087
7895,7895,0.7644604661128728,1.0,0.7644604661128728
7896,7896,0.10803138755818187,0.0,0.10803138755818187
7897,7897,0.8179719464166946,1.0,0.8179719464166946
7898,7898,0.5067761740212863,1.0,0.5067761740212863
7899,7899,0.16920938567981192,0.0,0.16920938567981192
7900,7900,0.37001675659310396,0.0,0.37001675659310396
7901,7901,0.3390380397530173,0.0,0.3390380397530173
7902,7902,0.8747809877692431,1.0,0.8747809877692431
7903,7903,0.08393358496329295,0.0,0.08393358496329295
7904,7904,0.6868868953754824,0.0,0.6868868953754824
7905,7905,0.9719573187055625,1.0,0.9719573187055625
7906,7906,0.4147847425899137,0.0,0.4147847425899137
7907,7907,0.5712021842601813,0.0,0.5712021842601813
7908,7908,0.4167684364314992,0.0,0.4167684364314992
7909,7909,0.05753902508810227,0.0,0.05753902508810227
7910,7910,0.3033448584125752,1.0,0.3033448584125752
7911,7911,0.260822828788423,0.0,0.260822828788423
7912,7912,0.6550800041078957,0.0,0.6550800041078957
7913,7913,0.4027229560430604,1.0,0.4027229560430604
7914,7914,0.4584655699393463,0.0,0.4584655699393463
7915,7915,0.35787208325552133,0.0,0.35787208325552133
7916,7916,0.8141208475134121,1.0,0.8141208475134121
7917,7917,0.6123810148457532,0.0,0.6123810148457532
7918,7918,0.03553736025596399,0.0,0.03553736025596399
7919,7919,0.17104333873612487,0.0,0.17104333873612487
7920,7920,0.7646081814723903,1.0,0.7646081814723903
7921,7921,0.13101612043937105,0.0,0.13101612043937105
7922,7922,0.9599031196090365,1.0,0.9599031196090365
7923,7923,0.3466842179585021,0.0,0.3466842179585021
7924,7924,0.913148591225454,1.0,0.913148591225454
7925,7925,0.2173056737440997,0.0,0.2173056737440997
7926,7926,0.2558114063629294,0.0,0.2558114063629294
7927,7927,0.714531539354552,1.0,0.714531539354552
7928,7928,0.17367850953106667,0.0,0.17367850953106667
7929,7929,0.5840825434943768,0.0,0.5840825434943768
7930,7930,0.48749339019886584,0.0,0.48749339019886584
7931,7931,0.4241658241598316,0.0,0.4241658241598316
7932,7932,0.8200775907194734,1.0,0.8200775907194734
7933,7933,0.030278565157723536,0.0,0.030278565157723536
7934,7934,0.24078781184116282,0.0,0.24078781184116282
7935,7935,0.75249163794189,1.0,0.75249163794189
7936,7936,0.09170297951469764,0.0,0.09170297951469764
7937,7937,0.25894094174973714,0.0,0.25894094174973714
7938,7938,0.9974986789848462,1.0,0.9974986789848462
7939,7939,0.43602680320551146,1.0,0.43602680320551146
7940,7940,0.34194675172262734,1.0,0.34194675172262734
7941,7941,0.40125681506650446,1.0,0.40125681506650446
7942,7942,0.29719791058346146,0.0,0.29719791058346146
7943,7943,0.5212570725470315,1.0,0.5212570725470315
7944,7944,0.8177499918940292,1.0,0.8177499918940292
7945,7945,0.4578932882741975,1.0,0.4578932882741975
7946,7946,0.5519762522452686,0.0,0.5519762522452686
7947,7947,0.4593862636096566,1.0,0.4593862636096566
7948,7948,0.18761844327955635,0.0,0.18761844327955635
7949,7949,0.8059370339602452,1.0,0.8059370339602452
7950,7950,0.32111140695023244,1.0,0.32111140695023244
7951,7951,0.16017595741160384,1.0,0.16017595741160384
7952,7952,0.706975664521463,1.0,0.706975664521463
7953,7953,0.021567932621958108,0.0,0.021567932621958108
7954,7954,0.053461793803987745,0.0,0.053461793803987745
7955,7955,0.5142359820033678,0.0,0.5142359820033678
7956,7956,0.4375959011675634,0.0,0.4375959011675634
7957,7957,0.028286591291134644,0.0,0.028286591291134644
7958,7958,0.5002259632781084,1.0,0.5002259632781084
7959,7959,0.8924137532322698,1.0,0.8924137532322698
7960,7960,0.08804095055025796,0.0,0.08804095055025796
7961,7961,0.9157016987272083,1.0,0.9157016987272083
7962,7962,0.8524892211395237,0.0,0.8524892211395237
7963,7963,0.7959714944581908,1.0,0.7959714944581908
7964,7964,0.20497883165153707,0.0,0.20497883165153707
7965,7965,0.2620570084016889,0.0,0.2620570084016889
7966,7966,0.15647079711644518,0.0,0.15647079711644518
7967,7967,0.08370918479387157,0.0,0.08370918479387157
7968,7968,0.5686292160165198,0.0,0.5686292160165198
7969,7969,0.06732042573748387,0.0,0.06732042573748387
7970,7970,0.9608841152507738,1.0,0.9608841152507738
7971,7971,0.18110494752886008,1.0,0.18110494752886008
7972,7972,0.44140277771267133,1.0,0.44140277771267133
7973,7973,0.013522269892266903,0.0,0.013522269892266903
7974,7974,0.46331858235620327,0.0,0.46331858235620327
7975,7975,0.059210152550237094,0.0,0.059210152550237094
7976,7976,0.040929048794050904,0.0,0.040929048794050904
7977,7977,0.4129677118774647,0.0,0.4129677118774647
7978,7978,0.3946920790087176,0.0,0.3946920790087176
7979,7979,0.8472255319560928,1.0,0.8472255319560928
7980,7980,0.8369525376245349,1.0,0.8369525376245349
7981,7981,0.1669624760201257,0.0,0.1669624760201257
7982,7982,0.4515997347274304,0.0,0.4515997347274304
7983,7983,0.10758610401541935,0.0,0.10758610401541935
7984,7984,0.23185736812068458,1.0,0.23185736812068458
7985,7985,0.0855142898986877,0.0,0.0855142898986877
7986,7986,0.8058880454788467,1.0,0.8058880454788467
7987,7987,0.7190206227594423,1.0,0.7190206227594423
7988,7988,0.9748817433764941,1.0,0.9748817433764941
7989,7989,0.7522866416974631,1.0,0.7522866416974631
7990,7990,0.5832992198952721,0.0,0.5832992198952721
7991,7991,0.3753945789358213,1.0,0.3753945789358213
7992,7992,0.03427789595685815,0.0,0.03427789595685815
7993,7993,0.5179596734716312,1.0,0.5179596734716312
7994,7994,0.6537628534495278,1.0,0.6537628534495278
7995,7995,0.22850259658106697,1.0,0.22850259658106697
7996,7996,0.7806275327278392,0.0,0.7806275327278392
7997,7997,0.12895039736509883,1.0,0.12895039736509883
7998,7998,0.6198280831232456,1.0,0.6198280831232456
7999,7999,0.08043169037825992,0.0,0.08043169037825992
8000,8000,0.0866870960954852,0.0,0.0866870960954852
8001,8001,0.5875789302381771,0.0,0.5875789302381771
8002,8002,0.616046558672773,1.0,0.616046558672773
8003,8003,0.49222138182537334,0.0,0.49222138182537334
8004,8004,0.256229128547084,1.0,0.256229128547084
8005,8005,0.8089494403389813,1.0,0.8089494403389813
8006,8006,0.817198521788667,1.0,0.817198521788667
8007,8007,0.6165867916025907,1.0,0.6165867916025907
8008,8008,0.23884288347680105,0.0,0.23884288347680105
8009,8009,0.32400805423534285,0.0,0.32400805423534285
8010,8010,0.7982704532842881,1.0,0.7982704532842881
8011,8011,0.09919978791851591,0.0,0.09919978791851591
8012,8012,0.13480535544433436,0.0,0.13480535544433436
8013,8013,0.4983212203367534,1.0,0.4983212203367534
8014,8014,0.8397915788454566,1.0,0.8397915788454566
8015,8015,0.35572521866795914,1.0,0.35572521866795914
8016,8016,0.514713187011663,0.0,0.514713187011663
8017,8017,0.37250262341178275,0.0,0.37250262341178275
8018,8018,0.24687167237505148,0.0,0.24687167237505148
8019,8019,0.9653577957587949,1.0,0.9653577957587949
8020,8020,0.08359646373362717,0.0,0.08359646373362717
8021,8021,0.3507365827664075,0.0,0.3507365827664075
8022,8022,0.3350205829936753,1.0,0.3350205829936753
8023,8023,0.6840838172703833,0.0,0.6840838172703833
8024,8024,0.07354711820289817,0.0,0.07354711820289817
8025,8025,0.07829121560460794,0.0,0.07829121560460794
8026,8026,0.800093671560142,0.0,0.800093671560142
8027,8027,0.05429763471521587,0.0,0.05429763471521587
8028,8028,0.04036157406265006,0.0,0.04036157406265006
8029,8029,0.6467253641992421,0.0,0.6467253641992421
8030,8030,0.6888939883575806,0.0,0.6888939883575806
8031,8031,0.012566898211486488,0.0,0.012566898211486488
8032,8032,0.814846060835911,1.0,0.814846060835911
8033,8033,0.2415092723759269,0.0,0.2415092723759269
8034,8034,0.11101389114807181,1.0,0.11101389114807181
8035,8035,0.693177700204657,0.0,0.693177700204657
8036,8036,0.829172770677668,1.0,0.829172770677668
8037,8037,0.0802426659226202,0.0,0.0802426659226202
8038,8038,0.6515765554154916,1.0,0.6515765554154916
8039,8039,0.8302194570402651,1.0,0.8302194570402651
8040,8040,0.12495581036637715,0.0,0.12495581036637715
8041,8041,0.4197221860174212,1.0,0.4197221860174212
8042,8042,0.4754569334366322,0.0,0.4754569334366322
8043,8043,0.3492817502495139,0.0,0.3492817502495139
8044,8044,0.048354697312093076,0.0,0.048354697312093076
8045,8045,0.7318824146747542,0.0,0.7318824146747542
8046,8046,0.010246258950281861,0.0,0.010246258950281861
8047,8047,0.19878258600472865,0.0,0.19878258600472865
8048,8048,0.16305970489755162,0.0,0.16305970489755162
8049,8049,0.7753339412857118,1.0,0.7753339412857118
8050,8050,0.6476628912859052,1.0,0.6476628912859052
8051,8051,0.7006930373979595,1.0,0.7006930373979595
8052,8052,0.6911966929440972,0.0,0.6911966929440972
8053,8053,0.7627954433677833,1.0,0.7627954433677833
8054,8054,0.5268850798934337,1.0,0.5268850798934337
8055,8055,0.4027824914191225,1.0,0.4027824914191225
8056,8056,0.8472101125449053,1.0,0.8472101125449053
8057,8057,0.17451493050575062,0.0,0.17451493050575062
8058,8058,0.05423461422225384,0.0,0.05423461422225384
8059,8059,0.37059710207955454,0.0,0.37059710207955454
8060,8060,0.9707295552237354,1.0,0.9707295552237354
8061,8061,0.23841904068441366,0.0,0.23841904068441366
8062,8062,0.5634741466153294,1.0,0.5634741466153294
8063,8063,0.49998955107601284,0.0,0.49998955107601284
8064,8064,0.17201358618062879,0.0,0.17201358618062879
8065,8065,0.33472525688113897,0.0,0.33472525688113897
8066,8066,0.3295996954495213,1.0,0.3295996954495213
8067,8067,0.8232876722458343,1.0,0.8232876722458343
8068,8068,0.15335057374631322,0.0,0.15335057374631322
8069,8069,0.784813020786801,1.0,0.784813020786801
8070,8070,0.0781981537801939,0.0,0.0781981537801939
8071,8071,0.7300507093447436,1.0,0.7300507093447436
8072,8072,0.07086880936949258,0.0,0.07086880936949258
8073,8073,0.7782560933263709,1.0,0.7782560933263709
8074,8074,0.020787166950627767,0.0,0.020787166950627767
8075,8075,0.09300147102955403,0.0,0.09300147102955403
8076,8076,0.45529958020054817,0.0,0.45529958020054817
8077,8077,0.6342370573743129,0.0,0.6342370573743129
8078,8078,0.5939823576341836,0.0,0.5939823576341836
8079,8079,0.073238412192003,0.0,0.073238412192003
8080,8080,0.32378629856533747,0.0,0.32378629856533747
8081,8081,0.6500756807946766,1.0,0.6500756807946766
8082,8082,0.13918054076695696,0.0,0.13918054076695696
8083,8083,0.9131826261322511,1.0,0.9131826261322511
8084,8084,0.7577753248493626,1.0,0.7577753248493626
8085,8085,0.4163885023529027,1.0,0.4163885023529027
8086,8086,0.6051490294069471,0.0,0.6051490294069471
8087,8087,0.26443429072742775,1.0,0.26443429072742775
8088,8088,0.7183051235245526,0.0,0.7183051235245526
8089,8089,0.7608295310648996,1.0,0.7608295310648996
8090,8090,0.3288214413419458,0.0,0.3288214413419458
8091,8091,0.6011263493016242,1.0,0.6011263493016242
8092,8092,0.6456677645287004,0.0,0.6456677645287004
8093,8093,0.3691526310375953,1.0,0.3691526310375953
8094,8094,0.9942603985278801,1.0,0.9942603985278801
8095,8095,0.07762554274911337,0.0,0.07762554274911337
8096,8096,0.7718763212329012,1.0,0.7718763212329012
8097,8097,0.4730038855717429,0.0,0.4730038855717429
8098,8098,0.16191453593443017,0.0,0.16191453593443017
8099,8099,0.622739668879109,0.0,0.622739668879109
8100,8100,0.9692433637032369,1.0,0.9692433637032369
8101,8101,0.4954382537742249,1.0,0.4954382537742249
8102,8102,0.44784451792971447,0.0,0.44784451792971447
8103,8103,0.9525546887928371,1.0,0.9525546887928371
8104,8104,0.5805268741391245,0.0,0.5805268741391245
8105,8105,0.9158562274593616,1.0,0.9158562274593616
8106,8106,0.9281295903410725,1.0,0.9281295903410725
8107,8107,0.9158345474715088,1.0,0.9158345474715088
8108,8108,0.8139954287403051,1.0,0.8139954287403051
8109,8109,0.39268810516783637,0.0,0.39268810516783637
8110,8110,0.7389561837396323,0.0,0.7389561837396323
8111,8111,0.26046957943459126,0.0,0.26046957943459126
8112,8112,0.009635472378027976,0.0,0.009635472378027976
8113,8113,0.9523418064007958,1.0,0.9523418064007958
8114,8114,0.7704911364744247,1.0,0.7704911364744247
8115,8115,0.7668222265120549,1.0,0.7668222265120549
8116,8116,0.38069434084313014,0.0,0.38069434084313014
8117,8117,0.7323032039003997,1.0,0.7323032039003997
8118,8118,0.7063470630187941,1.0,0.7063470630187941
8119,8119,0.2031633445318366,0.0,0.2031633445318366
8120,8120,0.7991198610864044,0.0,0.7991198610864044
8121,8121,0.8157123631044653,1.0,0.8157123631044653
8122,8122,0.024749094557847018,0.0,0.024749094557847018
8123,8123,0.502951396990057,0.0,0.502951396990057
8124,8124,0.30468459001228776,0.0,0.30468459001228776
8125,8125,0.6060557149565026,1.0,0.6060557149565026
8126,8126,0.5145097342432661,1.0,0.5145097342432661
8127,8127,0.1489056734167975,0.0,0.1489056734167975
8128,8128,0.8432443444245239,1.0,0.8432443444245239
8129,8129,0.12772352575847923,1.0,0.12772352575847923
8130,8130,0.7098732632908236,1.0,0.7098732632908236
8131,8131,0.24829899882934503,0.0,0.24829899882934503
8132,8132,0.21997836457860098,0.0,0.21997836457860098
8133,8133,0.4602012582708186,0.0,0.4602012582708186
8134,8134,0.15112403224192228,0.0,0.15112403224192228
8135,8135,0.00200789714081806,0.0,0.00200789714081806
8136,8136,0.8585669340953022,1.0,0.8585669340953022
8137,8137,0.2883689482960514,0.0,0.2883689482960514
8138,8138,0.5403951034591815,0.0,0.5403951034591815
8139,8139,0.2626136725243071,0.0,0.2626136725243071
8140,8140,0.1752926008944511,0.0,0.1752926008944511
8141,8141,0.16223381250155033,0.0,0.16223381250155033
8142,8142,0.46647255311186175,0.0,0.46647255311186175
8143,8143,0.6895551182117445,0.0,0.6895551182117445
8144,8144,0.8025137302724291,1.0,0.8025137302724291
8145,8145,0.4598079214109092,0.0,0.4598079214109092
8146,8146,0.6852334025415403,1.0,0.6852334025415403
8147,8147,0.47750699865658897,1.0,0.47750699865658897
8148,8148,0.4233225630228483,1.0,0.4233225630228483
8149,8149,0.8406918832657329,1.0,0.8406918832657329
8150,8150,0.6484963106672016,1.0,0.6484963106672016
8151,8151,0.35497063084622005,0.0,0.35497063084622005
8152,8152,0.6598318876927859,0.0,0.6598318876927859
8153,8153,0.797171684507934,0.0,0.797171684507934
8154,8154,0.20752623004539894,0.0,0.20752623004539894
8155,8155,0.36968148771556997,0.0,0.36968148771556997
8156,8156,0.6156235030292099,1.0,0.6156235030292099
8157,8157,0.6168011679206659,1.0,0.6168011679206659
8158,8158,0.6407653594735975,1.0,0.6407653594735975
8159,8159,0.9760419756298374,1.0,0.9760419756298374
8160,8160,0.5461915491830767,1.0,0.5461915491830767
8161,8161,0.551810207952653,0.0,0.551810207952653
8162,8162,0.7235558142221324,0.0,0.7235558142221324
8163,8163,0.8793278879588506,1.0,0.8793278879588506
8164,8164,0.3795323464717155,1.0,0.3795323464717155
8165,8165,0.7392605940614777,1.0,0.7392605940614777
8166,8166,0.9401155267056902,0.0,0.9401155267056902
8167,8167,0.5512901022184853,0.0,0.5512901022184853
8168,8168,0.42471676521751844,0.0,0.42471676521751844
8169,8169,0.1278403735545658,0.0,0.1278403735545658
8170,8170,0.8520798963258424,1.0,0.8520798963258424
8171,8171,0.5192898260559832,0.0,0.5192898260559832
8172,8172,0.3114451921053146,0.0,0.3114451921053146
8173,8173,0.34727642098346834,1.0,0.34727642098346834
8174,8174,0.5053173637135456,1.0,0.5053173637135456
8175,8175,0.9772967956611464,0.0,0.9772967956611464
8176,8176,0.510534424384306,0.0,0.510534424384306
8177,8177,0.3697678226890675,1.0,0.3697678226890675
8178,8178,0.5841790720232681,1.0,0.5841790720232681
8179,8179,0.008664924169320742,0.0,0.008664924169320742
8180,8180,0.5003010367536809,1.0,0.5003010367536809
8181,8181,0.16805473240421098,0.0,0.16805473240421098
8182,8182,0.6760523404713257,1.0,0.6760523404713257
8183,8183,0.7251121502850191,0.0,0.7251121502850191
8184,8184,0.030181526546847026,0.0,0.030181526546847026
8185,8185,0.11361897448133162,0.0,0.11361897448133162
8186,8186,0.21020886021538387,0.0,0.21020886021538387
8187,8187,0.37561527447339305,0.0,0.37561527447339305
8188,8188,0.43222725244941596,0.0,0.43222725244941596
8189,8189,0.7606476037356427,1.0,0.7606476037356427
8190,8190,0.5515312866831452,1.0,0.5515312866831452
8191,8191,0.4217364873182614,0.0,0.4217364873182614
8192,8192,0.24372941162773132,0.0,0.24372941162773132
8193,8193,0.45299502918184875,1.0,0.45299502918184875
8194,8194,0.5650859544803195,1.0,0.5650859544803195
8195,8195,0.012113854664524415,0.0,0.012113854664524415
8196,8196,0.5051646141326966,0.0,0.5051646141326966
8197,8197,0.1989672997993197,0.0,0.1989672997993197
8198,8198,0.5043947667538268,0.0,0.5043947667538268
8199,8199,0.2907124467737462,0.0,0.2907124467737462
8200,8200,0.21004080232164035,0.0,0.21004080232164035
8201,8201,0.4682605048610712,1.0,0.4682605048610712
8202,8202,0.715393698984216,0.0,0.715393698984216
8203,8203,0.7632898654432061,1.0,0.7632898654432061
8204,8204,0.7154920954144632,0.0,0.7154920954144632
8205,8205,0.07326146265102784,0.0,0.07326146265102784
8206,8206,0.09824216578446421,0.0,0.09824216578446421
8207,8207,0.8498977627649464,1.0,0.8498977627649464
8208,8208,0.5643903204032752,1.0,0.5643903204032752
8209,8209,0.16744882680412265,0.0,0.16744882680412265
8210,8210,0.3337244563227536,0.0,0.3337244563227536
8211,8211,0.40016118704691883,0.0,0.40016118704691883
8212,8212,0.1773650477758928,0.0,0.1773650477758928
8213,8213,0.6103923998836811,1.0,0.6103923998836811
8214,8214,0.22159997664725728,0.0,0.22159997664725728
8215,8215,0.5865965351463914,1.0,0.5865965351463914
8216,8216,0.937669315104737,1.0,0.937669315104737
8217,8217,0.30305760676852356,0.0,0.30305760676852356
8218,8218,0.2550491929849129,1.0,0.2550491929849129
8219,8219,0.11439340975608137,0.0,0.11439340975608137
8220,8220,0.7454983282553579,1.0,0.7454983282553579
8221,8221,0.45838938592202905,0.0,0.45838938592202905
8222,8222,0.0015178700187792327,0.0,0.0015178700187792327
8223,8223,0.9251151114441621,1.0,0.9251151114441621
8224,8224,0.731135661026089,1.0,0.731135661026089
8225,8225,0.7674074772971979,1.0,0.7674074772971979
8226,8226,0.17583790914977215,0.0,0.17583790914977215
8227,8227,0.8287791223472707,1.0,0.8287791223472707
8228,8228,0.4966383724810318,1.0,0.4966383724810318
8229,8229,0.9539561526005793,1.0,0.9539561526005793
8230,8230,0.8718619544910281,1.0,0.8718619544910281
8231,8231,0.6585461714848317,1.0,0.6585461714848317
8232,8232,0.6840452306809015,1.0,0.6840452306809015
8233,8233,0.4172303518599171,0.0,0.4172303518599171
8234,8234,0.9648817711938578,1.0,0.9648817711938578
8235,8235,0.7313483389572691,1.0,0.7313483389572691
8236,8236,0.9824875486409776,1.0,0.9824875486409776
8237,8237,0.9778780160378253,1.0,0.9778780160378253
8238,8238,0.9469180528795255,1.0,0.9469180528795255
8239,8239,0.35080041539320495,1.0,0.35080041539320495
8240,8240,0.06762539388388289,0.0,0.06762539388388289
8241,8241,0.5651360460141424,1.0,0.5651360460141424
8242,8242,0.7178829285547763,1.0,0.7178829285547763
8243,8243,0.07103681301346854,0.0,0.07103681301346854
8244,8244,0.23987561660465073,1.0,0.23987561660465073
8245,8245,0.2347301654915137,0.0,0.2347301654915137
8246,8246,0.0013875625565500371,0.0,0.0013875625565500371
8247,8247,0.65044271966782,1.0,0.65044271966782
8248,8248,0.12361086080963157,0.0,0.12361086080963157
8249,8249,0.5676722393161003,0.0,0.5676722393161003
8250,8250,0.34407370306908724,0.0,0.34407370306908724
8251,8251,0.26686034165336225,0.0,0.26686034165336225
8252,8252,0.9324029646526139,1.0,0.9324029646526139
8253,8253,0.9245897774300045,1.0,0.9245897774300045
8254,8254,0.32763308345007525,0.0,0.32763308345007525
8255,8255,0.9761784791470208,1.0,0.9761784791470208
8256,8256,0.025932588354515396,0.0,0.025932588354515396
8257,8257,0.06208155112541047,0.0,0.06208155112541047
8258,8258,0.401843430187392,0.0,0.401843430187392
8259,8259,0.7409747795363266,1.0,0.7409747795363266
8260,8260,0.1060819138747443,0.0,0.1060819138747443
8261,8261,0.1771720697505873,0.0,0.1771720697505873
8262,8262,0.8558017362076439,1.0,0.8558017362076439
8263,8263,0.8713046424935962,1.0,0.8713046424935962
8264,8264,0.19470886899811024,0.0,0.19470886899811024
8265,8265,0.7421578238603386,0.0,0.7421578238603386
8266,8266,0.9955702127590472,1.0,0.9955702127590472
8267,8267,0.2777410818591938,0.0,0.2777410818591938
8268,8268,0.6316307671080877,0.0,0.6316307671080877
8269,8269,0.5396325418281795,1.0,0.5396325418281795
8270,8270,0.30008808679492804,0.0,0.30008808679492804
8271,8271,0.7979333229069627,1.0,0.7979333229069627
8272,8272,0.17414610095088712,0.0,0.17414610095088712
8273,8273,0.6933944605665024,1.0,0.6933944605665024
8274,8274,0.5504287177601899,0.0,0.5504287177601899
8275,8275,0.30636538613265973,1.0,0.30636538613265973
8276,8276,0.6516353217824782,1.0,0.6516353217824782
8277,8277,0.3078986617192301,1.0,0.3078986617192301
8278,8278,0.5855492831031901,1.0,0.5855492831031901
8279,8279,0.9705773870388531,1.0,0.9705773870388531
8280,8280,0.11483226169804484,0.0,0.11483226169804484
8281,8281,0.47407499684014054,1.0,0.47407499684014054
8282,8282,0.9189285361580853,1.0,0.9189285361580853
8283,8283,0.21340230072827404,0.0,0.21340230072827404
8284,8284,0.5249562207202266,1.0,0.5249562207202266
8285,8285,0.40170357932371636,1.0,0.40170357932371636
8286,8286,0.2822578694087383,0.0,0.2822578694087383
8287,8287,0.9844710103187695,1.0,0.9844710103187695
8288,8288,0.46702920060068154,0.0,0.46702920060068154
8289,8289,0.6280988271952848,0.0,0.6280988271952848
8290,8290,0.5728755894184967,0.0,0.5728755894184967
8291,8291,0.5185663089365381,0.0,0.5185663089365381
8292,8292,0.4762028588511471,0.0,0.4762028588511471
8293,8293,0.407614963034184,1.0,0.407614963034184
8294,8294,0.38918972033008414,0.0,0.38918972033008414
8295,8295,0.07632123293688209,0.0,0.07632123293688209
8296,8296,0.2781619921143228,0.0,0.2781619921143228
8297,8297,0.9066349698612375,1.0,0.9066349698612375
8298,8298,0.29804497557571163,0.0,0.29804497557571163
8299,8299,0.5942224750048594,0.0,0.5942224750048594
8300,8300,0.49924638227806606,1.0,0.49924638227806606
8301,8301,0.7348824927885508,0.0,0.7348824927885508
8302,8302,0.6698838148875458,1.0,0.6698838148875458
8303,8303,0.11295916695238362,0.0,0.11295916695238362
8304,8304,0.10638588126521475,1.0,0.10638588126521475
8305,8305,0.5334354232167896,1.0,0.5334354232167896
8306,8306,0.7005127199263236,0.0,0.7005127199263236
8307,8307,0.31176924687623864,0.0,0.31176924687623864
8308,8308,0.1182650541414213,0.0,0.1182650541414213
8309,8309,0.36521071365505975,0.0,0.36521071365505975
8310,8310,0.4096089757418726,1.0,0.4096089757418726
8311,8311,0.15359013155209,1.0,0.15359013155209
8312,8312,0.5058340866088014,1.0,0.5058340866088014
8313,8313,0.787528706531088,1.0,0.787528706531088
8314,8314,0.02152235630228061,0.0,0.02152235630228061
8315,8315,0.9896441598488045,1.0,0.9896441598488045
8316,8316,0.8170338051153136,0.0,0.8170338051153136
8317,8317,0.8365204260904305,1.0,0.8365204260904305
8318,8318,0.5635664047394533,1.0,0.5635664047394533
8319,8319,0.7316390115602232,1.0,0.7316390115602232
8320,8320,0.530104066476783,1.0,0.530104066476783
8321,8321,0.07244038926393193,0.0,0.07244038926393193
8322,8322,0.2753451206612283,0.0,0.2753451206612283
8323,8323,0.8550357925826793,1.0,0.8550357925826793
8324,8324,0.44814470721919286,0.0,0.44814470721919286
8325,8325,0.05013390573568344,0.0,0.05013390573568344
8326,8326,0.9053341820017853,1.0,0.9053341820017853
8327,8327,0.5443059935571432,1.0,0.5443059935571432
8328,8328,0.29551988928304007,0.0,0.29551988928304007
8329,8329,0.5137446951823449,1.0,0.5137446951823449
8330,8330,0.24170154086879048,0.0,0.24170154086879048
8331,8331,0.3179894757111762,0.0,0.3179894757111762
8332,8332,0.047986381365129005,0.0,0.047986381365129005
8333,8333,0.8252335369230617,1.0,0.8252335369230617
8334,8334,0.6344058110068632,1.0,0.6344058110068632
8335,8335,0.842102354736105,1.0,0.842102354736105
8336,8336,0.22212239070982576,0.0,0.22212239070982576
8337,8337,0.49531193121768713,0.0,0.49531193121768713
8338,8338,0.16983444095700373,1.0,0.16983444095700373
8339,8339,0.06527067442862344,0.0,0.06527067442862344
8340,8340,0.666715078410969,1.0,0.666715078410969
8341,8341,0.03303389360838205,0.0,0.03303389360838205
8342,8342,0.8385437789348118,1.0,0.8385437789348118
8343,8343,0.3434196485591935,1.0,0.3434196485591935
8344,8344,0.1125205140999993,0.0,0.1125205140999993
8345,8345,0.5715547469018883,1.0,0.5715547469018883
8346,8346,0.8496169719739137,1.0,0.8496169719739137
8347,8347,0.12342229325697596,1.0,0.12342229325697596
8348,8348,0.13479987688688555,0.0,0.13479987688688555
8349,8349,0.4348127640837308,0.0,0.4348127640837308
8350,8350,0.569962900158101,1.0,0.569962900158101
8351,8351,0.28559014657247095,1.0,0.28559014657247095
8352,8352,0.8997304844689094,1.0,0.8997304844689094
8353,8353,0.8477432523513613,1.0,0.8477432523513613
8354,8354,0.8653634095581915,1.0,0.8653634095581915
8355,8355,0.979712192232895,1.0,0.979712192232895
8356,8356,0.08272560927093575,0.0,0.08272560927093575
8357,8357,0.2746623397748442,0.0,0.2746623397748442
8358,8358,0.0407742758547619,0.0,0.0407742758547619
8359,8359,0.964679983722652,1.0,0.964679983722652
8360,8360,0.45716217811401816,1.0,0.45716217811401816
8361,8361,0.9399070241287143,1.0,0.9399070241287143
8362,8362,0.19639540116774423,1.0,0.19639540116774423
8363,8363,0.18969381596911883,0.0,0.18969381596911883
8364,8364,0.23679343144963727,0.0,0.23679343144963727
8365,8365,0.7250411456748506,1.0,0.7250411456748506
8366,8366,0.9014343758259082,1.0,0.9014343758259082
8367,8367,0.08260200817247776,0.0,0.08260200817247776
8368,8368,0.18339082783685,0.0,0.18339082783685
8369,8369,0.161339664615045,0.0,0.161339664615045
8370,8370,0.03493044047780758,0.0,0.03493044047780758
8371,8371,0.5521167811481802,0.0,0.5521167811481802
8372,8372,0.4055293434242233,1.0,0.4055293434242233
8373,8373,0.6937056122443446,0.0,0.6937056122443446
8374,8374,0.2114953304445737,1.0,0.2114953304445737
8375,8375,0.8720517383657875,1.0,0.8720517383657875
8376,8376,0.9317391863535399,1.0,0.9317391863535399
8377,8377,0.2969033703507804,0.0,0.2969033703507804
8378,8378,0.6483658240946837,1.0,0.6483658240946837
8379,8379,0.9080168668786036,0.0,0.9080168668786036
8380,8380,0.27128023022177195,1.0,0.27128023022177195
8381,8381,0.8912298352898926,1.0,0.8912298352898926
8382,8382,0.2851511307631305,0.0,0.2851511307631305
8383,8383,0.9435425971953989,1.0,0.9435425971953989
8384,8384,0.517534279025488,1.0,0.517534279025488
8385,8385,0.9378826716882899,1.0,0.9378826716882899
8386,8386,0.38311824783768156,1.0,0.38311824783768156
8387,8387,0.8347558071605998,1.0,0.8347558071605998
8388,8388,0.14971011322860162,1.0,0.14971011322860162
8389,8389,0.4796676484578518,1.0,0.4796676484578518
8390,8390,0.7072790573375588,1.0,0.7072790573375588
8391,8391,0.0676792236084468,0.0,0.0676792236084468
8392,8392,0.024020826582831112,0.0,0.024020826582831112
8393,8393,0.8881361361100463,1.0,0.8881361361100463
8394,8394,0.7123278812735787,1.0,0.7123278812735787
8395,8395,0.6702706368171123,0.0,0.6702706368171123
8396,8396,0.4894707014174847,0.0,0.4894707014174847
8397,8397,0.9414865429943011,1.0,0.9414865429943011
8398,8398,0.37484761484418816,1.0,0.37484761484418816
8399,8399,0.8512889697539087,1.0,0.8512889697539087
8400,8400,0.730674075102209,1.0,0.730674075102209
8401,8401,0.3724609330596177,0.0,0.3724609330596177
8402,8402,0.9263116994647258,1.0,0.9263116994647258
8403,8403,0.7447210437323409,1.0,0.7447210437323409
8404,8404,0.7282238021069467,1.0,0.7282238021069467
8405,8405,0.46066793343293755,1.0,0.46066793343293755
8406,8406,0.8525463228448528,1.0,0.8525463228448528
8407,8407,0.26315904598983797,0.0,0.26315904598983797
8408,8408,0.644771343425283,1.0,0.644771343425283
8409,8409,0.026385831574099128,0.0,0.026385831574099128
8410,8410,1.2559646493381926e-05,0.0,1.2559646493381926e-05
8411,8411,0.9309998741053177,1.0,0.9309998741053177
8412,8412,0.12237794977219052,1.0,0.12237794977219052
8413,8413,0.5972032259059435,0.0,0.5972032259059435
8414,8414,0.45429911883621954,1.0,0.45429911883621954
8415,8415,0.9398579847637896,1.0,0.9398579847637896
8416,8416,0.1931976807644642,0.0,0.1931976807644642
8417,8417,0.9594036517788171,1.0,0.9594036517788171
8418,8418,0.9967547105623602,1.0,0.9967547105623602
8419,8419,0.6012322503079155,1.0,0.6012322503079155
8420,8420,0.8072772572806483,1.0,0.8072772572806483
8421,8421,0.7134945222645487,1.0,0.7134945222645487
8422,8422,0.952912646181708,1.0,0.952912646181708
8423,8423,0.7149837272130208,0.0,0.7149837272130208
8424,8424,0.23679005902993766,0.0,0.23679005902993766
8425,8425,0.5641392381169269,1.0,0.5641392381169269
8426,8426,0.2719641449678736,1.0,0.2719641449678736
8427,8427,0.6102826084895042,0.0,0.6102826084895042
8428,8428,0.12957767484322158,0.0,0.12957767484322158
8429,8429,0.28492169515084875,1.0,0.28492169515084875
8430,8430,0.27130954826569675,0.0,0.27130954826569675
8431,8431,0.4983648806535168,1.0,0.4983648806535168
8432,8432,0.3450752724820775,1.0,0.3450752724820775
8433,8433,0.07740426418484847,0.0,0.07740426418484847
8434,8434,0.22367854533185505,0.0,0.22367854533185505
8435,8435,0.767323933781568,1.0,0.767323933781568
8436,8436,0.24236054967704057,0.0,0.24236054967704057
8437,8437,0.9628999890007299,1.0,0.9628999890007299
8438,8438,0.02284325271041132,0.0,0.02284325271041132
8439,8439,0.3931676166231778,0.0,0.3931676166231778
8440,8440,0.8834405750875757,1.0,0.8834405750875757
8441,8441,0.06654509542765974,0.0,0.06654509542765974
8442,8442,0.5868996945211963,1.0,0.5868996945211963
8443,8443,0.007653094408148653,0.0,0.007653094408148653
8444,8444,0.003561507080742876,0.0,0.003561507080742876
8445,8445,0.09349345345602866,0.0,0.09349345345602866
8446,8446,0.7259250502106728,1.0,0.7259250502106728
8447,8447,0.15425529974165264,0.0,0.15425529974165264
8448,8448,0.02955928849588052,0.0,0.02955928849588052
8449,8449,0.8558354195959875,1.0,0.8558354195959875
8450,8450,0.6902913087303054,1.0,0.6902913087303054
8451,8451,0.5957458960541928,0.0,0.5957458960541928
8452,8452,0.6936740690061654,0.0,0.6936740690061654
8453,8453,0.20795320564303788,0.0,0.20795320564303788
8454,8454,0.4802839795776984,0.0,0.4802839795776984
8455,8455,0.6256088427499225,1.0,0.6256088427499225
8456,8456,0.560462867335289,1.0,0.560462867335289
8457,8457,0.7208895981482053,1.0,0.7208895981482053
8458,8458,0.7485651063550522,1.0,0.7485651063550522
8459,8459,0.08444426339955502,0.0,0.08444426339955502
8460,8460,0.5874119341044781,0.0,0.5874119341044781
8461,8461,0.017175589503921063,0.0,0.017175589503921063
8462,8462,0.713876677342434,1.0,0.713876677342434
8463,8463,0.6246039259509847,1.0,0.6246039259509847
8464,8464,0.5874852845866274,1.0,0.5874852845866274
8465,8465,0.2858515625456147,1.0,0.2858515625456147
8466,8466,0.49252327652831496,0.0,0.49252327652831496
8467,8467,0.7262388038284524,1.0,0.7262388038284524
8468,8468,0.7578698520788949,1.0,0.7578698520788949
8469,8469,0.7951930207400005,1.0,0.7951930207400005
8470,8470,0.8289195492838929,1.0,0.8289195492838929
8471,8471,0.7165780634727874,1.0,0.7165780634727874
8472,8472,0.701249800789938,1.0,0.701249800789938
8473,8473,0.9296171620363178,0.0,0.9296171620363178
8474,8474,0.12241190780119704,0.0,0.12241190780119704
8475,8475,0.02070267723174779,0.0,0.02070267723174779
8476,8476,0.7160009054634789,1.0,0.7160009054634789
8477,8477,0.18654564890765624,0.0,0.18654564890765624
8478,8478,0.14371333280138532,0.0,0.14371333280138532
8479,8479,0.48493000007312226,0.0,0.48493000007312226
8480,8480,0.6287896632839134,0.0,0.6287896632839134
8481,8481,0.012781392783545842,0.0,0.012781392783545842
8482,8482,0.5555334928086978,1.0,0.5555334928086978
8483,8483,0.80287621949743,1.0,0.80287621949743
8484,8484,0.6116951062230045,1.0,0.6116951062230045
8485,8485,0.7450202272688027,0.0,0.7450202272688027
8486,8486,0.3625319464408977,0.0,0.3625319464408977
8487,8487,0.2463576943581629,1.0,0.2463576943581629
8488,8488,0.5349565886570248,1.0,0.5349565886570248
8489,8489,0.8516724177740821,1.0,0.8516724177740821
8490,8490,0.8962495034017076,1.0,0.8962495034017076
8491,8491,0.47668409404430945,0.0,0.47668409404430945
8492,8492,0.4511058297433138,1.0,0.4511058297433138
8493,8493,0.5539411504171795,1.0,0.5539411504171795
8494,8494,0.8506547591669786,1.0,0.8506547591669786
8495,8495,0.5430337995094785,0.0,0.5430337995094785
8496,8496,0.08469322161329396,0.0,0.08469322161329396
8497,8497,0.5837814118440675,1.0,0.5837814118440675
8498,8498,0.9717153301943985,1.0,0.9717153301943985
8499,8499,0.2743801042401728,0.0,0.2743801042401728
8500,8500,0.8921369091196477,0.0,0.8921369091196477
8501,8501,0.28383464311626627,0.0,0.28383464311626627
8502,8502,0.947620039635782,1.0,0.947620039635782
8503,8503,0.2669276971915193,1.0,0.2669276971915193
8504,8504,0.622917916873214,1.0,0.622917916873214
8505,8505,0.8755864470233542,1.0,0.8755864470233542
8506,8506,0.12774364055871035,0.0,0.12774364055871035
8507,8507,0.4797471117142321,0.0,0.4797471117142321
8508,8508,0.30569530171538173,0.0,0.30569530171538173
8509,8509,0.3057749906779246,0.0,0.3057749906779246
8510,8510,0.3784964970682545,0.0,0.3784964970682545
8511,8511,0.24682071332533606,1.0,0.24682071332533606
8512,8512,0.052069707523465736,0.0,0.052069707523465736
8513,8513,0.22412504598295824,0.0,0.22412504598295824
8514,8514,0.22722625064376945,0.0,0.22722625064376945
8515,8515,0.22865652191620844,0.0,0.22865652191620844
8516,8516,0.5612145367154093,1.0,0.5612145367154093
8517,8517,0.6915143423799099,0.0,0.6915143423799099
8518,8518,0.3144700081056875,0.0,0.3144700081056875
8519,8519,0.12560887730875114,0.0,0.12560887730875114
8520,8520,0.9883183875796238,1.0,0.9883183875796238
8521,8521,0.28372677363289567,0.0,0.28372677363289567
8522,8522,0.5927237325928283,0.0,0.5927237325928283
8523,8523,0.2555109054900937,0.0,0.2555109054900937
8524,8524,0.8669594127303913,1.0,0.8669594127303913
8525,8525,0.23493998159675034,0.0,0.23493998159675034
8526,8526,0.7872429501718288,1.0,0.7872429501718288
8527,8527,0.8944459281023891,1.0,0.8944459281023891
8528,8528,0.5379711459848555,1.0,0.5379711459848555
8529,8529,0.9806953119763034,1.0,0.9806953119763034
8530,8530,0.9646589824172168,1.0,0.9646589824172168
8531,8531,0.11647582742187235,1.0,0.11647582742187235
8532,8532,0.5100875099465556,1.0,0.5100875099465556
8533,8533,0.8577165970616576,1.0,0.8577165970616576
8534,8534,0.5998354494169175,1.0,0.5998354494169175
8535,8535,0.7995376379682914,1.0,0.7995376379682914
8536,8536,0.4565599466187902,0.0,0.4565599466187902
8537,8537,0.04995592001354543,0.0,0.04995592001354543
8538,8538,0.6032586268389275,1.0,0.6032586268389275
8539,8539,0.6236669450717727,1.0,0.6236669450717727
8540,8540,0.5438527749827351,1.0,0.5438527749827351
8541,8541,0.8861566424823379,1.0,0.8861566424823379
8542,8542,0.8732855152495622,1.0,0.8732855152495622
8543,8543,0.8942406566891564,1.0,0.8942406566891564
8544,8544,0.7783016677456644,1.0,0.7783016677456644
8545,8545,0.11430939840992138,0.0,0.11430939840992138
8546,8546,0.006366269881383668,0.0,0.006366269881383668
8547,8547,0.10880021733436718,0.0,0.10880021733436718
8548,8548,0.19217597691444444,0.0,0.19217597691444444
8549,8549,0.4336415244488566,0.0,0.4336415244488566
8550,8550,0.5989402718820733,0.0,0.5989402718820733
8551,8551,0.5024693750963763,0.0,0.5024693750963763
8552,8552,0.4446209784072578,1.0,0.4446209784072578
8553,8553,0.6726462787545767,1.0,0.6726462787545767
8554,8554,0.6516242431315152,1.0,0.6516242431315152
8555,8555,0.7848897549171632,1.0,0.7848897549171632
8556,8556,0.6330600727263076,0.0,0.6330600727263076
8557,8557,0.7041259471746867,1.0,0.7041259471746867
8558,8558,0.8918731801797836,1.0,0.8918731801797836
8559,8559,0.3268316760986273,0.0,0.3268316760986273
8560,8560,0.3609553467548454,0.0,0.3609553467548454
8561,8561,0.3089987911588965,1.0,0.3089987911588965
8562,8562,0.2772068386014801,1.0,0.2772068386014801
8563,8563,0.6242208564780949,1.0,0.6242208564780949
8564,8564,0.01754564739906972,0.0,0.01754564739906972
8565,8565,0.7555575272133834,0.0,0.7555575272133834
8566,8566,0.6468790442046396,1.0,0.6468790442046396
8567,8567,0.5580604514706271,0.0,0.5580604514706271
8568,8568,0.16359686289180697,0.0,0.16359686289180697
8569,8569,0.08091998673061229,0.0,0.08091998673061229
8570,8570,0.7596822285768432,1.0,0.7596822285768432
8571,8571,0.6523842619669871,1.0,0.6523842619669871
8572,8572,0.9120110455167274,1.0,0.9120110455167274
8573,8573,0.5371737838713206,0.0,0.5371737838713206
8574,8574,0.227957123860986,0.0,0.227957123860986
8575,8575,0.9025756946110497,1.0,0.9025756946110497
8576,8576,0.5211502439795112,1.0,0.5211502439795112
8577,8577,0.2344183946495485,0.0,0.2344183946495485
8578,8578,0.08223831167410667,0.0,0.08223831167410667
8579,8579,0.598726216072723,0.0,0.598726216072723
8580,8580,0.8956660249061816,0.0,0.8956660249061816
8581,8581,0.3137789698277589,0.0,0.3137789698277589
8582,8582,0.49795371457053683,0.0,0.49795371457053683
8583,8583,0.9939873720379694,1.0,0.9939873720379694
8584,8584,0.8940224495997587,0.0,0.8940224495997587
8585,8585,0.054593239012965755,0.0,0.054593239012965755
8586,8586,0.7263532595432776,1.0,0.7263532595432776
8587,8587,0.020052411130568104,0.0,0.020052411130568104
8588,8588,0.7528093289988707,1.0,0.7528093289988707
8589,8589,0.5999815218501039,1.0,0.5999815218501039
8590,8590,0.1340893636285253,0.0,0.1340893636285253
8591,8591,0.41681700188299686,1.0,0.41681700188299686
8592,8592,0.5459944474443936,0.0,0.5459944474443936
8593,8593,0.12468197850400686,0.0,0.12468197850400686
8594,8594,0.09085236414458864,1.0,0.09085236414458864
8595,8595,0.7431472420502844,1.0,0.7431472420502844
8596,8596,0.06749245241375013,0.0,0.06749245241375013
8597,8597,0.9474081312595792,1.0,0.9474081312595792
8598,8598,0.9475689327494888,1.0,0.9475689327494888
8599,8599,0.29116739978569883,0.0,0.29116739978569883
8600,8600,0.91985907662428,1.0,0.91985907662428
8601,8601,0.4349067328718703,1.0,0.4349067328718703
8602,8602,0.11148005877994183,0.0,0.11148005877994183
8603,8603,0.8122390742524894,1.0,0.8122390742524894
8604,8604,0.11237272701337919,0.0,0.11237272701337919
8605,8605,0.0369121750575665,0.0,0.0369121750575665
8606,8606,0.16581056330153532,0.0,0.16581056330153532
8607,8607,0.539002563074384,0.0,0.539002563074384
8608,8608,0.4529727493874862,0.0,0.4529727493874862
8609,8609,0.18086548424832238,0.0,0.18086548424832238
8610,8610,0.5671617980149983,1.0,0.5671617980149983
8611,8611,0.40775142379036167,1.0,0.40775142379036167
8612,8612,0.20327800570844,0.0,0.20327800570844
8613,8613,0.045462068247532295,0.0,0.045462068247532295
8614,8614,0.6663109226250782,0.0,0.6663109226250782
8615,8615,0.509301493319471,0.0,0.509301493319471
8616,8616,0.6795467349423431,0.0,0.6795467349423431
8617,8617,0.06169911729820765,1.0,0.06169911729820765
8618,8618,0.7831484595284878,1.0,0.7831484595284878
8619,8619,0.33315619267297714,0.0,0.33315619267297714
8620,8620,0.8307851343530203,1.0,0.8307851343530203
8621,8621,0.09686175363566685,0.0,0.09686175363566685
8622,8622,0.4544236849717145,0.0,0.4544236849717145
8623,8623,0.4998360814576438,0.0,0.4998360814576438
8624,8624,0.13075970101920031,0.0,0.13075970101920031
8625,8625,0.3585772250027922,1.0,0.3585772250027922
8626,8626,0.14655894672444625,0.0,0.14655894672444625
8627,8627,0.09102386688503106,0.0,0.09102386688503106
8628,8628,0.3266501897591598,1.0,0.3266501897591598
8629,8629,0.18315933535306927,0.0,0.18315933535306927
8630,8630,0.7829296671291042,1.0,0.7829296671291042
8631,8631,0.5460443554400732,1.0,0.5460443554400732
8632,8632,0.390313770081648,0.0,0.390313770081648
8633,8633,0.5725101993982173,1.0,0.5725101993982173
8634,8634,0.2691494703776194,0.0,0.2691494703776194
8635,8635,0.3599604978316213,0.0,0.3599604978316213
8636,8636,0.6964751147556193,0.0,0.6964751147556193
8637,8637,0.42525527170903554,0.0,0.42525527170903554
8638,8638,0.3240792229563292,0.0,0.3240792229563292
8639,8639,0.12249894034104492,0.0,0.12249894034104492
8640,8640,0.880907663938129,1.0,0.880907663938129
8641,8641,0.011584774064251069,0.0,0.011584774064251069
8642,8642,0.0037634271275737152,0.0,0.0037634271275737152
8643,8643,0.051434184434914654,0.0,0.051434184434914654
8644,8644,0.6189567631091699,1.0,0.6189567631091699
8645,8645,0.991393888050279,1.0,0.991393888050279
8646,8646,0.720144297492333,1.0,0.720144297492333
8647,8647,0.4509429129385799,1.0,0.4509429129385799
8648,8648,0.2509466686999592,0.0,0.2509466686999592
8649,8649,0.12621146605997047,0.0,0.12621146605997047
8650,8650,0.9940931347286431,1.0,0.9940931347286431
8651,8651,0.6876229231354557,1.0,0.6876229231354557
8652,8652,0.6721024011835224,0.0,0.6721024011835224
8653,8653,0.5846240936277042,0.0,0.5846240936277042
8654,8654,0.8120183360468369,1.0,0.8120183360468369
8655,8655,0.9618515115102986,1.0,0.9618515115102986
8656,8656,0.9768056120417548,1.0,0.9768056120417548
8657,8657,0.525489917658369,1.0,0.525489917658369
8658,8658,0.4205278668716289,0.0,0.4205278668716289
8659,8659,0.6394760023909806,1.0,0.6394760023909806
8660,8660,0.7447562771661602,1.0,0.7447562771661602
8661,8661,0.4246690069882446,0.0,0.4246690069882446
8662,8662,0.6083860572366314,1.0,0.6083860572366314
8663,8663,0.25899711257816516,0.0,0.25899711257816516
8664,8664,0.6225879790846294,0.0,0.6225879790846294
8665,8665,0.2728794814066434,1.0,0.2728794814066434
8666,8666,0.7885550390203364,1.0,0.7885550390203364
8667,8667,0.33883980526840896,1.0,0.33883980526840896
8668,8668,0.058075566756527475,0.0,0.058075566756527475
8669,8669,0.4204712208144312,1.0,0.4204712208144312
8670,8670,0.7999700021946401,1.0,0.7999700021946401
8671,8671,0.7387003204429399,0.0,0.7387003204429399
8672,8672,0.37652353422779816,0.0,0.37652353422779816
8673,8673,0.4754147364905772,0.0,0.4754147364905772
8674,8674,0.21646845292036854,0.0,0.21646845292036854
8675,8675,0.4533792799086279,0.0,0.4533792799086279
8676,8676,0.033805972894919045,0.0,0.033805972894919045
8677,8677,0.004585173326879577,0.0,0.004585173326879577
8678,8678,0.34944711195706013,0.0,0.34944711195706013
8679,8679,0.6611983237788691,1.0,0.6611983237788691
8680,8680,0.9668881613008963,1.0,0.9668881613008963
8681,8681,0.6676560938603585,1.0,0.6676560938603585
8682,8682,0.7643480007646489,1.0,0.7643480007646489
8683,8683,0.6557601122555001,0.0,0.6557601122555001
8684,8684,0.7016000249982821,1.0,0.7016000249982821
8685,8685,0.9833497444283115,1.0,0.9833497444283115
8686,8686,0.6196605815021794,1.0,0.6196605815021794
8687,8687,0.6304515787336223,1.0,0.6304515787336223
8688,8688,0.10156929406505244,0.0,0.10156929406505244
8689,8689,0.8229672479590718,0.0,0.8229672479590718
8690,8690,0.5491088937190973,1.0,0.5491088937190973
8691,8691,0.40137293156061293,0.0,0.40137293156061293
8692,8692,0.8478135851604964,1.0,0.8478135851604964
8693,8693,0.20891670681604613,0.0,0.20891670681604613
8694,8694,0.5209323333648213,0.0,0.5209323333648213
8695,8695,0.9751707507785596,1.0,0.9751707507785596
8696,8696,0.30190375204840936,1.0,0.30190375204840936
8697,8697,0.16733578867679655,0.0,0.16733578867679655
8698,8698,0.011952621149449838,0.0,0.011952621149449838
8699,8699,0.623406442724828,1.0,0.623406442724828
8700,8700,0.5477830082929772,0.0,0.5477830082929772
8701,8701,0.6343264058598188,1.0,0.6343264058598188
8702,8702,0.6115422980814298,1.0,0.6115422980814298
8703,8703,0.7917173671921401,0.0,0.7917173671921401
8704,8704,0.0157179655078038,0.0,0.0157179655078038
8705,8705,0.24166165114191263,0.0,0.24166165114191263
8706,8706,0.31933101240782147,0.0,0.31933101240782147
8707,8707,0.929903279210007,1.0,0.929903279210007
8708,8708,0.1586921808344245,0.0,0.1586921808344245
8709,8709,0.6269157936009794,0.0,0.6269157936009794
8710,8710,0.8180145304186551,1.0,0.8180145304186551
8711,8711,0.24098422390305052,1.0,0.24098422390305052
8712,8712,0.6851381842090816,0.0,0.6851381842090816
8713,8713,0.07971890729795361,0.0,0.07971890729795361
8714,8714,0.6401320773456758,0.0,0.6401320773456758
8715,8715,0.4125315239220615,1.0,0.4125315239220615
8716,8716,0.7597117001733321,0.0,0.7597117001733321
8717,8717,0.5179444748700588,0.0,0.5179444748700588
8718,8718,0.15863712932059904,1.0,0.15863712932059904
8719,8719,0.16862244856488684,0.0,0.16862244856488684
8720,8720,0.7556006702650863,1.0,0.7556006702650863
8721,8721,0.39387789470855805,1.0,0.39387789470855805
8722,8722,0.30136346393622615,0.0,0.30136346393622615
8723,8723,0.38813006872606504,0.0,0.38813006872606504
8724,8724,0.8783944002698918,1.0,0.8783944002698918
8725,8725,0.37227120434216754,0.0,0.37227120434216754
8726,8726,0.132106467757106,0.0,0.132106467757106
8727,8727,0.25817585797577314,0.0,0.25817585797577314
8728,8728,0.3956550874176624,0.0,0.3956550874176624
8729,8729,0.5027934372767188,1.0,0.5027934372767188
8730,8730,0.42130142944843685,1.0,0.42130142944843685
8731,8731,0.1941146014577848,0.0,0.1941146014577848
8732,8732,0.8243400373529159,1.0,0.8243400373529159
8733,8733,0.3059921290183658,0.0,0.3059921290183658
8734,8734,0.23961397501612225,0.0,0.23961397501612225
8735,8735,0.3479723024808833,0.0,0.3479723024808833
8736,8736,0.49487218811766176,1.0,0.49487218811766176
8737,8737,0.7729978641847968,0.0,0.7729978641847968
8738,8738,0.264095234883845,0.0,0.264095234883845
8739,8739,0.17463655291289948,1.0,0.17463655291289948
8740,8740,0.21627714341724458,0.0,0.21627714341724458
8741,8741,0.5592738006843919,1.0,0.5592738006843919
8742,8742,0.7967846671560683,1.0,0.7967846671560683
8743,8743,0.22938833360001365,1.0,0.22938833360001365
8744,8744,0.47131859352136884,1.0,0.47131859352136884
8745,8745,0.33626410898035275,0.0,0.33626410898035275
8746,8746,0.8984315904085404,1.0,0.8984315904085404
8747,8747,0.027453898441174962,0.0,0.027453898441174962
8748,8748,0.6460066244509742,0.0,0.6460066244509742
8749,8749,0.5170801344242845,1.0,0.5170801344242845
8750,8750,0.7775082548334383,1.0,0.7775082548334383
8751,8751,0.622065752142472,1.0,0.622065752142472
8752,8752,0.7529072195944317,0.0,0.7529072195944317
8753,8753,0.9844423775879282,1.0,0.9844423775879282
8754,8754,0.9838909708937602,1.0,0.9838909708937602
8755,8755,0.9816469056930252,1.0,0.9816469056930252
8756,8756,0.7978867310888329,1.0,0.7978867310888329
8757,8757,0.782097200835195,1.0,0.782097200835195
8758,8758,0.11891284451634454,0.0,0.11891284451634454
8759,8759,0.13759457250203055,0.0,0.13759457250203055
8760,8760,0.24061376327917772,0.0,0.24061376327917772
8761,8761,0.48729561341017447,0.0,0.48729561341017447
8762,8762,0.7180146903049316,1.0,0.7180146903049316
8763,8763,0.17760715832984686,0.0,0.17760715832984686
8764,8764,0.0035427564412430224,0.0,0.0035427564412430224
8765,8765,0.6374591330735163,0.0,0.6374591330735163
8766,8766,0.9811967437738376,1.0,0.9811967437738376
8767,8767,0.6388273152657964,0.0,0.6388273152657964
8768,8768,0.9857587334374294,1.0,0.9857587334374294
8769,8769,0.32712021699125793,1.0,0.32712021699125793
8770,8770,0.8977731773063142,1.0,0.8977731773063142
8771,8771,0.9313678104716785,1.0,0.9313678104716785
8772,8772,0.14119516918746555,0.0,0.14119516918746555
8773,8773,0.09101339688507737,0.0,0.09101339688507737
8774,8774,0.6143646250286724,1.0,0.6143646250286724
8775,8775,0.7307023487782908,0.0,0.7307023487782908
8776,8776,0.5314592731586769,1.0,0.5314592731586769
8777,8777,0.9937147522044593,1.0,0.9937147522044593
8778,8778,0.7260142208491998,1.0,0.7260142208491998
8779,8779,0.1416517458485943,1.0,0.1416517458485943
8780,8780,0.4495154059155938,0.0,0.4495154059155938
8781,8781,0.46253576332851287,0.0,0.46253576332851287
8782,8782,0.2329007592684753,0.0,0.2329007592684753
8783,8783,0.3294109712500344,0.0,0.3294109712500344
8784,8784,0.3467343098619453,0.0,0.3467343098619453
8785,8785,0.46170701274585435,0.0,0.46170701274585435
8786,8786,0.7505090851951215,1.0,0.7505090851951215
8787,8787,0.3918580012899179,1.0,0.3918580012899179
8788,8788,0.41935515492093356,1.0,0.41935515492093356
8789,8789,0.9050814012151033,1.0,0.9050814012151033
8790,8790,0.9628894016241278,0.0,0.9628894016241278
8791,8791,0.5914515253729359,0.0,0.5914515253729359
8792,8792,0.11660040042244246,0.0,0.11660040042244246
8793,8793,0.42102510288926587,0.0,0.42102510288926587
8794,8794,0.14186493829273983,0.0,0.14186493829273983
8795,8795,0.7883588400629618,1.0,0.7883588400629618
8796,8796,0.48882387595985,1.0,0.48882387595985
8797,8797,0.11493288761635545,0.0,0.11493288761635545
8798,8798,0.27926146191965084,0.0,0.27926146191965084
8799,8799,0.8055292129744822,0.0,0.8055292129744822
8800,8800,0.11911338282787132,0.0,0.11911338282787132
8801,8801,0.9629316708981912,1.0,0.9629316708981912
8802,8802,0.8879235490702468,1.0,0.8879235490702468
8803,8803,0.09635667027963224,0.0,0.09635667027963224
8804,8804,0.861454197148247,1.0,0.861454197148247
8805,8805,0.8442124504054132,1.0,0.8442124504054132
8806,8806,0.17715338120595514,0.0,0.17715338120595514
8807,8807,0.7058682072535808,1.0,0.7058682072535808
8808,8808,0.17094124908067743,0.0,0.17094124908067743
8809,8809,0.8053117701444084,1.0,0.8053117701444084
8810,8810,0.7519592915770019,1.0,0.7519592915770019
8811,8811,0.9868682886587294,1.0,0.9868682886587294
8812,8812,0.4820957081041286,1.0,0.4820957081041286
8813,8813,0.2600771416131624,1.0,0.2600771416131624
8814,8814,0.7076424216667112,1.0,0.7076424216667112
8815,8815,0.396770117681436,0.0,0.396770117681436
8816,8816,0.9532292598130302,1.0,0.9532292598130302
8817,8817,0.34144936617779564,0.0,0.34144936617779564
8818,8818,0.407220928962191,0.0,0.407220928962191
8819,8819,0.5129123815647563,0.0,0.5129123815647563
8820,8820,0.7275766089697578,1.0,0.7275766089697578
8821,8821,0.039546327778326895,0.0,0.039546327778326895
8822,8822,0.8928914888655415,1.0,0.8928914888655415
8823,8823,0.45589949505459937,0.0,0.45589949505459937
8824,8824,0.08806748671336129,0.0,0.08806748671336129
8825,8825,0.6462038568932185,1.0,0.6462038568932185
8826,8826,0.7845038300836099,1.0,0.7845038300836099
8827,8827,0.6346151570116139,0.0,0.6346151570116139
8828,8828,0.2494805109233328,1.0,0.2494805109233328
8829,8829,0.038099064287688056,0.0,0.038099064287688056
8830,8830,0.2923454836772924,0.0,0.2923454836772924
8831,8831,0.42225216183297376,1.0,0.42225216183297376
8832,8832,0.6086525551311321,0.0,0.6086525551311321
8833,8833,0.898161369470015,1.0,0.898161369470015
8834,8834,0.8451022043233034,1.0,0.8451022043233034
8835,8835,0.8967418499990375,1.0,0.8967418499990375
8836,8836,0.26886017764789405,0.0,0.26886017764789405
8837,8837,0.10663946468803398,0.0,0.10663946468803398
8838,8838,0.17981006496368712,0.0,0.17981006496368712
8839,8839,0.8569175803514443,1.0,0.8569175803514443
8840,8840,0.37055402977484364,0.0,0.37055402977484364
8841,8841,0.771294983441866,0.0,0.771294983441866
8842,8842,0.6262527459676536,1.0,0.6262527459676536
8843,8843,0.5444839022225332,0.0,0.5444839022225332
8844,8844,0.9725928660079252,1.0,0.9725928660079252
8845,8845,0.34020509053267534,0.0,0.34020509053267534
8846,8846,0.7634604789583732,1.0,0.7634604789583732
8847,8847,0.6770496596091047,1.0,0.6770496596091047
8848,8848,0.2212619885588697,0.0,0.2212619885588697
8849,8849,0.10467878993839996,0.0,0.10467878993839996
8850,8850,0.17764237490549228,0.0,0.17764237490549228
8851,8851,0.5510499798216502,1.0,0.5510499798216502
8852,8852,0.5470789214706582,1.0,0.5470789214706582
8853,8853,0.005592492148512318,0.0,0.005592492148512318
8854,8854,0.6924038096912422,1.0,0.6924038096912422
8855,8855,0.7253920729471237,1.0,0.7253920729471237
8856,8856,0.30877929493689127,0.0,0.30877929493689127
8857,8857,0.21727639287088463,0.0,0.21727639287088463
8858,8858,0.8238339322784123,1.0,0.8238339322784123
8859,8859,0.7181200044632752,0.0,0.7181200044632752
8860,8860,0.7982468126492416,0.0,0.7982468126492416
8861,8861,0.7849244632322074,1.0,0.7849244632322074
8862,8862,0.2651367124507775,0.0,0.2651367124507775
8863,8863,0.7927434309243129,1.0,0.7927434309243129
8864,8864,0.6531881786165252,1.0,0.6531881786165252
8865,8865,0.08060519007572609,0.0,0.08060519007572609
8866,8866,0.43468994302630914,1.0,0.43468994302630914
8867,8867,0.04493517534695568,0.0,0.04493517534695568
8868,8868,0.1974488652114521,0.0,0.1974488652114521
8869,8869,0.2289923221411223,1.0,0.2289923221411223
8870,8870,0.004717577505225723,0.0,0.004717577505225723
8871,8871,0.5141729499874123,1.0,0.5141729499874123
8872,8872,0.9219371163154562,0.0,0.9219371163154562
8873,8873,0.7745772806904964,1.0,0.7745772806904964
8874,8874,0.6528844654735394,1.0,0.6528844654735394
8875,8875,0.5245716068365033,0.0,0.5245716068365033
8876,8876,0.5334906230720088,0.0,0.5334906230720088
8877,8877,0.841148556496768,1.0,0.841148556496768
8878,8878,0.21865962559542484,0.0,0.21865962559542484
8879,8879,0.12485030613012826,0.0,0.12485030613012826
8880,8880,0.7730696575232853,1.0,0.7730696575232853
8881,8881,0.11299967847215342,0.0,0.11299967847215342
8882,8882,0.13787496671656796,0.0,0.13787496671656796
8883,8883,0.8931959569633814,1.0,0.8931959569633814
8884,8884,0.14341829768009873,0.0,0.14341829768009873
8885,8885,0.629041665899429,1.0,0.629041665899429
8886,8886,0.9394628675210249,1.0,0.9394628675210249
8887,8887,0.6184150702384216,1.0,0.6184150702384216
8888,8888,0.8856974450474793,1.0,0.8856974450474793
8889,8889,0.9347855819154468,1.0,0.9347855819154468
8890,8890,0.6288121977127519,1.0,0.6288121977127519
8891,8891,0.3831732863683228,1.0,0.3831732863683228
8892,8892,0.1403826690868517,0.0,0.1403826690868517
8893,8893,0.7960763860389672,1.0,0.7960763860389672
8894,8894,0.5506121134164293,1.0,0.5506121134164293
8895,8895,0.2998138003094304,1.0,0.2998138003094304
8896,8896,0.6070142418567798,1.0,0.6070142418567798
8897,8897,0.27081775074804626,1.0,0.27081775074804626
8898,8898,0.9661966019128299,1.0,0.9661966019128299
8899,8899,0.05495511515561424,0.0,0.05495511515561424
8900,8900,0.27316688762423447,0.0,0.27316688762423447
8901,8901,0.6353087196510214,1.0,0.6353087196510214
8902,8902,0.003097582248003161,0.0,0.003097582248003161
8903,8903,0.8638796029039812,0.0,0.8638796029039812
8904,8904,0.08372574970645785,0.0,0.08372574970645785
8905,8905,0.47403164733101444,1.0,0.47403164733101444
8906,8906,0.744296680500549,1.0,0.744296680500549
8907,8907,0.10529729042929903,0.0,0.10529729042929903
8908,8908,0.21780310687162985,0.0,0.21780310687162985
8909,8909,0.8987794502346318,1.0,0.8987794502346318
8910,8910,0.4332365502394665,1.0,0.4332365502394665
8911,8911,0.8069068284054217,1.0,0.8069068284054217
8912,8912,0.7101514945238576,1.0,0.7101514945238576
8913,8913,0.3388264820834658,1.0,0.3388264820834658
8914,8914,0.5424798228246435,1.0,0.5424798228246435
8915,8915,0.03461660516684073,0.0,0.03461660516684073
8916,8916,0.03279254948719834,0.0,0.03279254948719834
8917,8917,0.7788339631740097,1.0,0.7788339631740097
8918,8918,0.4867511127721692,1.0,0.4867511127721692
8919,8919,0.8361645590125182,1.0,0.8361645590125182
8920,8920,0.45112873565363565,0.0,0.45112873565363565
8921,8921,0.7979636637486932,1.0,0.7979636637486932
8922,8922,0.4006871748908647,0.0,0.4006871748908647
8923,8923,0.9128760666465803,1.0,0.9128760666465803
8924,8924,0.5068226339091575,1.0,0.5068226339091575
8925,8925,0.944473401134435,1.0,0.944473401134435
8926,8926,0.9694714541859706,1.0,0.9694714541859706
8927,8927,0.9424860579052012,1.0,0.9424860579052012
8928,8928,0.08587641447535876,0.0,0.08587641447535876
8929,8929,0.40641774528093233,0.0,0.40641774528093233
8930,8930,0.9523605017254098,1.0,0.9523605017254098
8931,8931,0.2800169679165946,0.0,0.2800169679165946
8932,8932,0.23250410502575425,0.0,0.23250410502575425
8933,8933,0.013597449705386344,0.0,0.013597449705386344
8934,8934,0.1571457990290971,0.0,0.1571457990290971
8935,8935,0.0781743145440903,0.0,0.0781743145440903
8936,8936,0.38086744580684206,0.0,0.38086744580684206
8937,8937,0.9489075254985231,1.0,0.9489075254985231
8938,8938,0.2918067837558568,0.0,0.2918067837558568
8939,8939,0.002049632366862175,0.0,0.002049632366862175
8940,8940,0.18039209179867477,1.0,0.18039209179867477
8941,8941,0.4628812943509514,0.0,0.4628812943509514
8942,8942,0.5879440281580025,1.0,0.5879440281580025
8943,8943,0.18224638484989786,0.0,0.18224638484989786
8944,8944,0.177270777557485,0.0,0.177270777557485
8945,8945,0.3883748718036566,0.0,0.3883748718036566
8946,8946,0.8861226294112078,1.0,0.8861226294112078
8947,8947,0.2948085555695338,0.0,0.2948085555695338
8948,8948,0.006325818021295837,0.0,0.006325818021295837
8949,8949,0.2717031902981434,1.0,0.2717031902981434
8950,8950,0.5698635466473229,1.0,0.5698635466473229
8951,8951,0.9538535039851308,1.0,0.9538535039851308
8952,8952,0.8048992163106962,1.0,0.8048992163106962
8953,8953,0.5694609640866855,0.0,0.5694609640866855
8954,8954,0.13531098466367364,0.0,0.13531098466367364
8955,8955,0.7248624209892637,0.0,0.7248624209892637
8956,8956,0.6363486467541326,1.0,0.6363486467541326
8957,8957,0.3333669177404459,1.0,0.3333669177404459
8958,8958,0.2822397179984345,0.0,0.2822397179984345
8959,8959,0.13543343571711097,0.0,0.13543343571711097
8960,8960,0.47341640972902277,0.0,0.47341640972902277
8961,8961,0.3242471494548005,0.0,0.3242471494548005
8962,8962,0.5912653977831903,1.0,0.5912653977831903
8963,8963,0.9077643080387812,1.0,0.9077643080387812
8964,8964,0.6824033979327173,0.0,0.6824033979327173
8965,8965,0.22378180403809167,1.0,0.22378180403809167
8966,8966,0.8364064489498023,0.0,0.8364064489498023
8967,8967,0.16097013116996062,0.0,0.16097013116996062
8968,8968,0.5464502242180976,0.0,0.5464502242180976
8969,8969,0.6684473974698241,1.0,0.6684473974698241
8970,8970,0.8506306033858396,0.0,0.8506306033858396
8971,8971,0.708269534406196,1.0,0.708269534406196
8972,8972,0.46778406463063205,0.0,0.46778406463063205
8973,8973,0.6363298498311653,1.0,0.6363298498311653
8974,8974,0.7335597258397977,0.0,0.7335597258397977
8975,8975,0.26438034189561066,0.0,0.26438034189561066
8976,8976,0.8201023313213818,1.0,0.8201023313213818
8977,8977,0.8424097431786176,1.0,0.8424097431786176
8978,8978,0.5300665017726193,1.0,0.5300665017726193
8979,8979,0.7749157368942745,1.0,0.7749157368942745
8980,8980,0.46260592805108314,0.0,0.46260592805108314
8981,8981,0.2681697208038213,0.0,0.2681697208038213
8982,8982,0.361174756683434,1.0,0.361174756683434
8983,8983,0.1578846274462281,0.0,0.1578846274462281
8984,8984,0.026702561468877395,0.0,0.026702561468877395
8985,8985,0.5052676675778048,0.0,0.5052676675778048
8986,8986,0.2974033079429014,1.0,0.2974033079429014
8987,8987,0.29242280897844186,0.0,0.29242280897844186
8988,8988,0.9113609358706591,1.0,0.9113609358706591
8989,8989,0.9108651629598231,1.0,0.9108651629598231
8990,8990,0.42924073184589706,0.0,0.42924073184589706
8991,8991,0.6672793212171922,0.0,0.6672793212171922
8992,8992,0.9130728536672167,1.0,0.9130728536672167
8993,8993,0.5517556554646642,0.0,0.5517556554646642
8994,8994,0.5066221797675851,0.0,0.5066221797675851
8995,8995,0.8049548117112192,1.0,0.8049548117112192
8996,8996,0.1688248095466912,0.0,0.1688248095466912
8997,8997,0.5124281582134415,1.0,0.5124281582134415
8998,8998,0.10952159836990494,0.0,0.10952159836990494
8999,8999,0.7917020948189992,1.0,0.7917020948189992
9000,9000,0.029036430985921236,0.0,0.029036430985921236
9001,9001,0.27757419061773225,0.0,0.27757419061773225
9002,9002,0.983219486429063,1.0,0.983219486429063
9003,9003,0.14964419630957249,1.0,0.14964419630957249
9004,9004,0.3210650374143903,0.0,0.3210650374143903
9005,9005,0.4001488107594031,1.0,0.4001488107594031
9006,9006,0.2512793839438704,0.0,0.2512793839438704
9007,9007,0.7087493171891344,1.0,0.7087493171891344
9008,9008,0.9199376901122288,1.0,0.9199376901122288
9009,9009,0.6911362346441019,0.0,0.6911362346441019
9010,9010,0.9832217732584522,1.0,0.9832217732584522
9011,9011,0.2182149011335206,0.0,0.2182149011335206
9012,9012,0.4610785065124112,0.0,0.4610785065124112
9013,9013,0.24315236136641305,1.0,0.24315236136641305
9014,9014,0.7031457197672515,0.0,0.7031457197672515
9015,9015,0.7330801252802133,0.0,0.7330801252802133
9016,9016,0.6738660267307094,1.0,0.6738660267307094
9017,9017,0.6354627523116031,0.0,0.6354627523116031
9018,9018,0.985230515085454,1.0,0.985230515085454
9019,9019,0.7342340299269081,1.0,0.7342340299269081
9020,9020,0.6561340443207014,0.0,0.6561340443207014
9021,9021,0.37485268314708686,1.0,0.37485268314708686
9022,9022,0.24672894429081682,1.0,0.24672894429081682
9023,9023,0.2478144481530813,0.0,0.2478144481530813
9024,9024,0.6968463633241551,1.0,0.6968463633241551
9025,9025,0.2725636887350019,0.0,0.2725636887350019
9026,9026,0.853326943356784,1.0,0.853326943356784
9027,9027,0.16323477439902212,0.0,0.16323477439902212
9028,9028,0.4900623638885965,0.0,0.4900623638885965
9029,9029,0.16305439142449252,0.0,0.16305439142449252
9030,9030,0.834041094194887,1.0,0.834041094194887
9031,9031,0.7384352342774935,1.0,0.7384352342774935
9032,9032,0.2581049167675292,0.0,0.2581049167675292
9033,9033,0.10369968549006359,1.0,0.10369968549006359
9034,9034,0.42072727895750817,0.0,0.42072727895750817
9035,9035,0.5560969897096066,1.0,0.5560969897096066
9036,9036,0.6219754267841655,1.0,0.6219754267841655
9037,9037,0.5766668570084842,1.0,0.5766668570084842
9038,9038,0.002343490944473725,0.0,0.002343490944473725
9039,9039,0.2779498526006733,0.0,0.2779498526006733
9040,9040,0.2315102191077122,0.0,0.2315102191077122
9041,9041,0.6681966815566481,1.0,0.6681966815566481
9042,9042,0.1675043902327763,0.0,0.1675043902327763
9043,9043,0.33745602746437153,0.0,0.33745602746437153
9044,9044,0.45103194386611767,0.0,0.45103194386611767
9045,9045,0.0045741667295221555,0.0,0.0045741667295221555
9046,9046,0.6165014219846582,0.0,0.6165014219846582
9047,9047,0.5364341513210765,1.0,0.5364341513210765
9048,9048,0.22617414217094312,0.0,0.22617414217094312
9049,9049,0.39677092408800463,0.0,0.39677092408800463
9050,9050,0.9627427957799184,1.0,0.9627427957799184
9051,9051,0.9827335264839604,1.0,0.9827335264839604
9052,9052,0.4125388261645846,1.0,0.4125388261645846
9053,9053,0.8635091657889374,1.0,0.8635091657889374
9054,9054,0.015016798303468026,0.0,0.015016798303468026
9055,9055,0.1876176463636705,0.0,0.1876176463636705
9056,9056,0.09685145221118552,0.0,0.09685145221118552
9057,9057,0.4701872337588784,0.0,0.4701872337588784
9058,9058,0.5183732833638929,1.0,0.5183732833638929
9059,9059,0.049664376138223276,0.0,0.049664376138223276
9060,9060,0.712810306709797,1.0,0.712810306709797
9061,9061,0.9557556582295303,1.0,0.9557556582295303
9062,9062,0.13918953151126479,0.0,0.13918953151126479
9063,9063,0.6214608508510371,1.0,0.6214608508510371
9064,9064,0.5327758185137418,1.0,0.5327758185137418
9065,9065,0.8655800073243934,1.0,0.8655800073243934
9066,9066,0.17267001463214426,0.0,0.17267001463214426
9067,9067,0.6973435411424639,1.0,0.6973435411424639
9068,9068,0.6932852769944529,1.0,0.6932852769944529
9069,9069,0.7985030398856979,0.0,0.7985030398856979
9070,9070,0.13186723441735881,0.0,0.13186723441735881
9071,9071,0.011170115266848968,0.0,0.011170115266848968
9072,9072,0.19966099428814954,1.0,0.19966099428814954
9073,9073,0.5202849338891337,1.0,0.5202849338891337
9074,9074,0.8505607168685554,1.0,0.8505607168685554
9075,9075,0.514934412333,0.0,0.514934412333
9076,9076,0.8280181436685377,1.0,0.8280181436685377
9077,9077,0.030767017198901403,0.0,0.030767017198901403
9078,9078,0.454950948309368,0.0,0.454950948309368
9079,9079,0.8812511840248123,1.0,0.8812511840248123
9080,9080,0.45568824025814714,1.0,0.45568824025814714
9081,9081,0.44177711225024685,1.0,0.44177711225024685
9082,9082,0.15629659415469876,0.0,0.15629659415469876
9083,9083,0.25295983207754624,0.0,0.25295983207754624
9084,9084,0.28704889558770474,0.0,0.28704889558770474
9085,9085,0.5466663548155147,1.0,0.5466663548155147
9086,9086,0.3108502646210679,1.0,0.3108502646210679
9087,9087,0.8964260676837736,1.0,0.8964260676837736
9088,9088,0.09785343202058439,0.0,0.09785343202058439
9089,9089,0.5902740877594442,1.0,0.5902740877594442
9090,9090,0.17865452811842863,1.0,0.17865452811842863
9091,9091,0.14739919668414103,0.0,0.14739919668414103
9092,9092,0.5979672301095198,1.0,0.5979672301095198
9093,9093,0.7238267501243635,0.0,0.7238267501243635
9094,9094,0.07466230433905574,0.0,0.07466230433905574
9095,9095,0.6039221591811127,0.0,0.6039221591811127
9096,9096,0.93775596117726,1.0,0.93775596117726
9097,9097,0.7374472890404385,1.0,0.7374472890404385
9098,9098,0.5608253242013134,0.0,0.5608253242013134
9099,9099,0.8141870019664079,1.0,0.8141870019664079
9100,9100,0.18018132001345522,0.0,0.18018132001345522
9101,9101,0.9170015528235678,1.0,0.9170015528235678
9102,9102,0.8929060665036934,1.0,0.8929060665036934
9103,9103,0.6507506072248973,0.0,0.6507506072248973
9104,9104,0.10683388723364318,0.0,0.10683388723364318
9105,9105,0.09397158200686795,1.0,0.09397158200686795
9106,9106,0.1839927739316254,0.0,0.1839927739316254
9107,9107,0.4778811968259207,1.0,0.4778811968259207
9108,9108,0.707516841390636,1.0,0.707516841390636
9109,9109,0.5133888784671307,0.0,0.5133888784671307
9110,9110,0.5578662792571327,1.0,0.5578662792571327
9111,9111,0.07537078826038446,0.0,0.07537078826038446
9112,9112,0.035988519764271865,0.0,0.035988519764271865
9113,9113,0.9169429283515262,1.0,0.9169429283515262
9114,9114,0.49303665910000394,0.0,0.49303665910000394
9115,9115,0.225970209400584,0.0,0.225970209400584
9116,9116,0.7474895311045922,1.0,0.7474895311045922
9117,9117,0.18656308276585065,0.0,0.18656308276585065
9118,9118,0.5100695428739582,1.0,0.5100695428739582
9119,9119,0.8257787965867543,1.0,0.8257787965867543
9120,9120,0.9321739526990143,0.0,0.9321739526990143
9121,9121,0.8269425221452608,1.0,0.8269425221452608
9122,9122,0.3383847758265115,1.0,0.3383847758265115
9123,9123,0.8686969499888226,0.0,0.8686969499888226
9124,9124,0.21952633842686464,0.0,0.21952633842686464
9125,9125,0.9293070431086639,1.0,0.9293070431086639
9126,9126,0.16140808346748792,0.0,0.16140808346748792
9127,9127,0.9097489949435947,1.0,0.9097489949435947
9128,9128,0.38974690681849067,0.0,0.38974690681849067
9129,9129,0.12529069362657952,0.0,0.12529069362657952
9130,9130,0.5389716839648624,1.0,0.5389716839648624
9131,9131,0.5472529789434248,1.0,0.5472529789434248
9132,9132,0.01834174222130236,0.0,0.01834174222130236
9133,9133,0.9535751994729913,1.0,0.9535751994729913
9134,9134,0.8696365885986117,1.0,0.8696365885986117
9135,9135,0.9217631154128045,1.0,0.9217631154128045
9136,9136,0.6456245365151443,0.0,0.6456245365151443
9137,9137,0.15578904519323677,0.0,0.15578904519323677
9138,9138,0.1162949035803863,1.0,0.1162949035803863
9139,9139,0.3852155696975127,0.0,0.3852155696975127
9140,9140,0.13731703356786018,0.0,0.13731703356786018
9141,9141,0.43103178902356487,0.0,0.43103178902356487
9142,9142,0.857801229949357,1.0,0.857801229949357
9143,9143,0.8731092840933652,1.0,0.8731092840933652
9144,9144,0.1643757359504906,0.0,0.1643757359504906
9145,9145,0.6711671838316277,1.0,0.6711671838316277
9146,9146,0.8940336990308684,1.0,0.8940336990308684
9147,9147,0.2506563600081404,0.0,0.2506563600081404
9148,9148,0.42910153074834423,0.0,0.42910153074834423
9149,9149,0.5987167341693066,1.0,0.5987167341693066
9150,9150,0.31293613990085845,0.0,0.31293613990085845
9151,9151,0.004165792932926626,0.0,0.004165792932926626
9152,9152,0.685668423992339,0.0,0.685668423992339
9153,9153,0.927773338392623,1.0,0.927773338392623
9154,9154,0.944557336752352,1.0,0.944557336752352
9155,9155,0.11335119896642809,0.0,0.11335119896642809
9156,9156,0.28574067732417074,0.0,0.28574067732417074
9157,9157,0.2784199565451455,1.0,0.2784199565451455
9158,9158,0.3217891635437471,1.0,0.3217891635437471
9159,9159,0.8108687870043413,1.0,0.8108687870043413
9160,9160,0.8885121693314181,1.0,0.8885121693314181
9161,9161,0.9455436732554703,1.0,0.9455436732554703
9162,9162,0.2670221733538324,0.0,0.2670221733538324
9163,9163,0.03175379506796572,0.0,0.03175379506796572
9164,9164,0.8644127224983168,1.0,0.8644127224983168
9165,9165,0.4850819429753611,1.0,0.4850819429753611
9166,9166,0.762314988582135,1.0,0.762314988582135
9167,9167,0.481181399707891,0.0,0.481181399707891
9168,9168,0.5636819865863663,1.0,0.5636819865863663
9169,9169,0.4382332383144898,1.0,0.4382332383144898
9170,9170,0.6467205862037461,0.0,0.6467205862037461
9171,9171,0.24435102652290674,0.0,0.24435102652290674
9172,9172,0.22899099720809246,1.0,0.22899099720809246
9173,9173,0.11089710231657657,0.0,0.11089710231657657
9174,9174,0.10996004865968212,0.0,0.10996004865968212
9175,9175,0.9155780079069202,0.0,0.9155780079069202
9176,9176,0.31923474038136734,0.0,0.31923474038136734
9177,9177,0.656659111614188,1.0,0.656659111614188
9178,9178,0.8890159811997886,1.0,0.8890159811997886
9179,9179,0.7324139836186812,1.0,0.7324139836186812
9180,9180,0.9970452711591785,1.0,0.9970452711591785
9181,9181,0.03490526275422934,0.0,0.03490526275422934
9182,9182,0.05097784420009477,0.0,0.05097784420009477
9183,9183,0.6572588295981371,0.0,0.6572588295981371
9184,9184,0.31393907106477026,0.0,0.31393907106477026
9185,9185,0.3691102289464947,0.0,0.3691102289464947
9186,9186,0.8974598496578545,1.0,0.8974598496578545
9187,9187,0.263570849380908,0.0,0.263570849380908
9188,9188,0.4348736849199131,1.0,0.4348736849199131
9189,9189,0.40703328989847176,0.0,0.40703328989847176
9190,9190,0.25916746507910327,1.0,0.25916746507910327
9191,9191,0.9276213913161688,1.0,0.9276213913161688
9192,9192,0.43381684972111045,0.0,0.43381684972111045
9193,9193,0.5971665565731337,0.0,0.5971665565731337
9194,9194,0.01581414339338194,0.0,0.01581414339338194
9195,9195,0.011290310845604945,0.0,0.011290310845604945
9196,9196,0.6492662366300533,1.0,0.6492662366300533
9197,9197,0.8347811906648532,1.0,0.8347811906648532
9198,9198,0.0562393177340198,0.0,0.0562393177340198
9199,9199,0.2928373359876699,1.0,0.2928373359876699
9200,9200,0.6845105190599442,1.0,0.6845105190599442
9201,9201,0.6179412745266479,1.0,0.6179412745266479
9202,9202,0.17162035155973965,0.0,0.17162035155973965
9203,9203,0.3608347907206765,0.0,0.3608347907206765
9204,9204,0.7082701341962576,1.0,0.7082701341962576
9205,9205,0.4257527238201855,0.0,0.4257527238201855
9206,9206,0.2970891070458953,0.0,0.2970891070458953
9207,9207,0.06084211290156005,0.0,0.06084211290156005
9208,9208,0.4735699069245999,1.0,0.4735699069245999
9209,9209,0.9215113349727166,1.0,0.9215113349727166
9210,9210,0.40063535062286004,0.0,0.40063535062286004
9211,9211,0.07045240867051294,0.0,0.07045240867051294
9212,9212,0.13135740443913957,0.0,0.13135740443913957
9213,9213,0.2888691719084653,1.0,0.2888691719084653
9214,9214,0.7995459868540029,1.0,0.7995459868540029
9215,9215,0.1288775637013807,0.0,0.1288775637013807
9216,9216,0.22106761142585118,1.0,0.22106761142585118
9217,9217,0.856393700341126,1.0,0.856393700341126
9218,9218,0.8573611061772157,1.0,0.8573611061772157
9219,9219,0.5799699168170678,0.0,0.5799699168170678
9220,9220,0.4745466839246323,0.0,0.4745466839246323
9221,9221,0.31176244274608456,0.0,0.31176244274608456
9222,9222,0.22115177141832565,0.0,0.22115177141832565
9223,9223,0.04783255359211991,0.0,0.04783255359211991
9224,9224,0.9283113743494062,1.0,0.9283113743494062
9225,9225,0.1773030502324644,0.0,0.1773030502324644
9226,9226,0.8631134492344947,1.0,0.8631134492344947
9227,9227,0.5028828421890104,1.0,0.5028828421890104
9228,9228,0.5071811252269124,0.0,0.5071811252269124
9229,9229,0.20421099029735024,0.0,0.20421099029735024
9230,9230,0.6734636888759605,1.0,0.6734636888759605
9231,9231,0.936870868847496,1.0,0.936870868847496
9232,9232,0.8898550617030025,1.0,0.8898550617030025
9233,9233,0.37526983500348776,0.0,0.37526983500348776
9234,9234,0.3524952802356466,0.0,0.3524952802356466
9235,9235,0.9204998327310074,1.0,0.9204998327310074
9236,9236,0.1455637322645552,0.0,0.1455637322645552
9237,9237,0.38449715172081045,1.0,0.38449715172081045
9238,9238,0.3134794741216923,1.0,0.3134794741216923
9239,9239,0.2617356921648534,0.0,0.2617356921648534
9240,9240,0.579087023652959,1.0,0.579087023652959
9241,9241,0.40983342815189816,0.0,0.40983342815189816
9242,9242,0.04519513978507972,0.0,0.04519513978507972
9243,9243,0.2652101479881732,0.0,0.2652101479881732
9244,9244,0.020760464612423535,0.0,0.020760464612423535
9245,9245,0.7520594158154377,0.0,0.7520594158154377
9246,9246,0.07691127009723597,0.0,0.07691127009723597
9247,9247,0.10771757025246997,0.0,0.10771757025246997
9248,9248,0.016151677803262876,0.0,0.016151677803262876
9249,9249,0.9548077287367346,1.0,0.9548077287367346
9250,9250,0.3639088257411365,0.0,0.3639088257411365
9251,9251,0.21762644553396981,0.0,0.21762644553396981
9252,9252,0.10802723395705516,0.0,0.10802723395705516
9253,9253,0.2929533494928531,0.0,0.2929533494928531
9254,9254,0.8630544523734421,1.0,0.8630544523734421
9255,9255,0.1609845260023809,0.0,0.1609845260023809
9256,9256,0.08186067295730293,0.0,0.08186067295730293
9257,9257,0.861199144619199,1.0,0.861199144619199
9258,9258,0.19441263905075812,0.0,0.19441263905075812
9259,9259,0.8509491536351886,1.0,0.8509491536351886
9260,9260,0.8892784940837085,1.0,0.8892784940837085
9261,9261,0.8859666107020019,1.0,0.8859666107020019
9262,9262,0.023241163584660773,0.0,0.023241163584660773
9263,9263,0.39243801784509535,1.0,0.39243801784509535
9264,9264,0.435527986518913,1.0,0.435527986518913
9265,9265,0.17916225221039905,0.0,0.17916225221039905
9266,9266,0.5723436398278101,1.0,0.5723436398278101
9267,9267,0.027714049481784353,0.0,0.027714049481784353
9268,9268,0.5541668945149271,1.0,0.5541668945149271
9269,9269,0.5544272656602257,1.0,0.5544272656602257
9270,9270,0.8703371849472477,1.0,0.8703371849472477
9271,9271,0.5194701520294032,0.0,0.5194701520294032
9272,9272,0.6950583851561876,1.0,0.6950583851561876
9273,9273,0.7530521943682238,1.0,0.7530521943682238
9274,9274,0.25655702479875075,1.0,0.25655702479875075
9275,9275,0.7200250945097135,0.0,0.7200250945097135
9276,9276,0.5681360247023597,0.0,0.5681360247023597
9277,9277,0.11452762118249404,1.0,0.11452762118249404
9278,9278,0.2777285441809342,0.0,0.2777285441809342
9279,9279,0.5662762524206318,0.0,0.5662762524206318
9280,9280,0.12419970318081952,1.0,0.12419970318081952
9281,9281,0.2710069513561123,0.0,0.2710069513561123
9282,9282,0.9592987007169614,1.0,0.9592987007169614
9283,9283,0.911313290931063,1.0,0.911313290931063
9284,9284,0.756998844660252,1.0,0.756998844660252
9285,9285,0.3654031766432584,0.0,0.3654031766432584
9286,9286,0.7255597819851419,1.0,0.7255597819851419
9287,9287,0.3030789557281397,0.0,0.3030789557281397
9288,9288,0.7516108090047351,1.0,0.7516108090047351
9289,9289,0.7965497240262465,1.0,0.7965497240262465
9290,9290,0.8103338252329207,1.0,0.8103338252329207
9291,9291,0.10679489330181935,0.0,0.10679489330181935
9292,9292,0.9646007615064657,1.0,0.9646007615064657
9293,9293,0.9706605813941679,1.0,0.9706605813941679
9294,9294,0.24331144892549283,1.0,0.24331144892549283
9295,9295,0.5004638871198458,1.0,0.5004638871198458
9296,9296,0.22603610252766548,0.0,0.22603610252766548
9297,9297,0.6484870020434622,1.0,0.6484870020434622
9298,9298,0.3415078276139726,1.0,0.3415078276139726
9299,9299,0.9799944736251742,1.0,0.9799944736251742
9300,9300,0.8225447506246821,1.0,0.8225447506246821
9301,9301,0.33308101715736194,0.0,0.33308101715736194
9302,9302,0.006495907988214755,0.0,0.006495907988214755
9303,9303,0.11821618030791059,0.0,0.11821618030791059
9304,9304,0.7615486285813794,1.0,0.7615486285813794
9305,9305,0.8179235390287449,1.0,0.8179235390287449
9306,9306,0.42614405648158094,1.0,0.42614405648158094
9307,9307,0.25650692901891414,0.0,0.25650692901891414
9308,9308,0.41710691960554924,0.0,0.41710691960554924
9309,9309,0.8302099673530393,1.0,0.8302099673530393
9310,9310,0.11461696611411798,0.0,0.11461696611411798
9311,9311,0.615384388510026,1.0,0.615384388510026
9312,9312,0.23775879270560474,1.0,0.23775879270560474
9313,9313,0.4233218760480498,1.0,0.4233218760480498
9314,9314,0.19694459582529844,0.0,0.19694459582529844
9315,9315,0.8886826985932009,1.0,0.8886826985932009
9316,9316,0.03950725235078112,0.0,0.03950725235078112
9317,9317,0.5723252790363202,1.0,0.5723252790363202
9318,9318,0.6069943779368292,1.0,0.6069943779368292
9319,9319,0.6527393271984948,0.0,0.6527393271984948
9320,9320,0.0422934926171763,0.0,0.0422934926171763
9321,9321,0.9452743607245859,1.0,0.9452743607245859
9322,9322,0.5961234211064117,1.0,0.5961234211064117
9323,9323,0.4747383945976742,1.0,0.4747383945976742
9324,9324,0.7247140671239239,1.0,0.7247140671239239
9325,9325,0.9581345878897264,1.0,0.9581345878897264
9326,9326,0.5222634689800749,1.0,0.5222634689800749
9327,9327,0.8683460279141876,1.0,0.8683460279141876
9328,9328,0.35698012917420996,1.0,0.35698012917420996
9329,9329,0.5063835664177032,0.0,0.5063835664177032
9330,9330,0.8170274563469904,0.0,0.8170274563469904
9331,9331,0.7199557672498077,0.0,0.7199557672498077
9332,9332,0.8421910849493807,1.0,0.8421910849493807
9333,9333,0.1234205078972832,1.0,0.1234205078972832
9334,9334,0.9726920235861972,1.0,0.9726920235861972
9335,9335,0.904758552252542,1.0,0.904758552252542
9336,9336,0.376251606503209,1.0,0.376251606503209
9337,9337,0.6888573088574909,1.0,0.6888573088574909
9338,9338,0.17418870846330137,0.0,0.17418870846330137
9339,9339,0.2191377295577015,0.0,0.2191377295577015
9340,9340,0.7498313044667215,0.0,0.7498313044667215
9341,9341,0.6891594058722966,0.0,0.6891594058722966
9342,9342,0.691666057568433,1.0,0.691666057568433
9343,9343,0.13509456712314893,0.0,0.13509456712314893
9344,9344,0.020956843826753557,0.0,0.020956843826753557
9345,9345,0.4803095311969079,0.0,0.4803095311969079
9346,9346,0.13347528421531996,0.0,0.13347528421531996
9347,9347,0.5621196915535316,0.0,0.5621196915535316
9348,9348,0.7696400624078393,0.0,0.7696400624078393
9349,9349,0.03265253757827735,0.0,0.03265253757827735
9350,9350,0.12086461756005462,1.0,0.12086461756005462
9351,9351,0.7861009069094211,1.0,0.7861009069094211
9352,9352,0.08041051499856955,0.0,0.08041051499856955
9353,9353,0.325537445077668,0.0,0.325537445077668
9354,9354,0.5536889680529409,1.0,0.5536889680529409
9355,9355,0.33396282904124086,0.0,0.33396282904124086
9356,9356,0.31006815873584137,0.0,0.31006815873584137
9357,9357,0.5202140920832947,0.0,0.5202140920832947
9358,9358,0.24195484798038314,0.0,0.24195484798038314
9359,9359,0.8228429093013307,1.0,0.8228429093013307
9360,9360,0.725484649019824,0.0,0.725484649019824
9361,9361,0.7199939347636357,1.0,0.7199939347636357
9362,9362,0.5410862454248911,0.0,0.5410862454248911
9363,9363,0.5190044991453981,1.0,0.5190044991453981
9364,9364,0.7473078711085356,1.0,0.7473078711085356
9365,9365,0.5063585783316377,0.0,0.5063585783316377
9366,9366,0.3508128066461559,0.0,0.3508128066461559
9367,9367,0.5684846703168581,1.0,0.5684846703168581
9368,9368,0.820157570999981,1.0,0.820157570999981
9369,9369,0.9177860045347059,0.0,0.9177860045347059
9370,9370,0.2822825344060693,0.0,0.2822825344060693
9371,9371,0.7617592183574605,1.0,0.7617592183574605
9372,9372,0.47307039690806574,1.0,0.47307039690806574
9373,9373,0.9548414209725667,1.0,0.9548414209725667
9374,9374,0.5270386486093678,1.0,0.5270386486093678
9375,9375,0.2818614745358422,1.0,0.2818614745358422
9376,9376,0.6138478230302128,0.0,0.6138478230302128
9377,9377,0.4392605203242971,1.0,0.4392605203242971
9378,9378,0.5146671020080671,1.0,0.5146671020080671
9379,9379,0.49232988636843733,1.0,0.49232988636843733
9380,9380,0.32129129632706077,1.0,0.32129129632706077
9381,9381,0.7433629416259603,1.0,0.7433629416259603
9382,9382,0.38923909172959803,0.0,0.38923909172959803
9383,9383,0.7961627209570356,0.0,0.7961627209570356
9384,9384,0.44605802134442507,0.0,0.44605802134442507
9385,9385,0.20003261322940968,0.0,0.20003261322940968
9386,9386,0.7312216200109978,1.0,0.7312216200109978
9387,9387,0.16280201151055407,0.0,0.16280201151055407
9388,9388,0.6834060539243004,1.0,0.6834060539243004
9389,9389,0.6760491672437496,1.0,0.6760491672437496
9390,9390,0.7947826010831593,1.0,0.7947826010831593
9391,9391,0.826061578826558,1.0,0.826061578826558
9392,9392,0.9516803348883177,1.0,0.9516803348883177
9393,9393,0.39900435106134946,0.0,0.39900435106134946
9394,9394,0.5605764038954657,1.0,0.5605764038954657
9395,9395,0.8877524133241965,1.0,0.8877524133241965
9396,9396,0.12146847599764332,1.0,0.12146847599764332
9397,9397,0.9131396828857886,1.0,0.9131396828857886
9398,9398,0.31032294995748677,1.0,0.31032294995748677
9399,9399,0.9324706780543237,1.0,0.9324706780543237
9400,9400,0.22301054426689393,0.0,0.22301054426689393
9401,9401,0.890790421698538,1.0,0.890790421698538
9402,9402,0.08933208541486293,0.0,0.08933208541486293
9403,9403,0.40045736065168835,0.0,0.40045736065168835
9404,9404,0.6300298599345615,1.0,0.6300298599345615
9405,9405,0.31977643415651313,0.0,0.31977643415651313
9406,9406,0.8288339903847781,0.0,0.8288339903847781
9407,9407,0.563116893818674,0.0,0.563116893818674
9408,9408,0.5682879284076255,1.0,0.5682879284076255
9409,9409,0.26921821298243576,1.0,0.26921821298243576
9410,9410,0.7682230763258964,1.0,0.7682230763258964
9411,9411,0.1161310175146032,1.0,0.1161310175146032
9412,9412,0.9075223644055651,0.0,0.9075223644055651
9413,9413,0.5009116844485016,0.0,0.5009116844485016
9414,9414,0.041748514077987964,0.0,0.041748514077987964
9415,9415,0.8074152819131533,1.0,0.8074152819131533
9416,9416,0.9645191437141765,1.0,0.9645191437141765
9417,9417,0.48671334179746606,1.0,0.48671334179746606
9418,9418,0.09731848369978713,0.0,0.09731848369978713
9419,9419,0.7955183976859665,1.0,0.7955183976859665
9420,9420,0.1574429469249684,0.0,0.1574429469249684
9421,9421,0.33056596852808184,0.0,0.33056596852808184
9422,9422,0.9044830542936874,1.0,0.9044830542936874
9423,9423,0.9969972100180474,1.0,0.9969972100180474
9424,9424,0.009542325033127574,0.0,0.009542325033127574
9425,9425,0.5802826882930352,1.0,0.5802826882930352
9426,9426,0.4253587911325247,1.0,0.4253587911325247
9427,9427,0.12755583615272847,0.0,0.12755583615272847
9428,9428,0.46010505873631546,0.0,0.46010505873631546
9429,9429,0.4119212424702354,0.0,0.4119212424702354
9430,9430,0.7080782043190409,1.0,0.7080782043190409
9431,9431,0.41261178031338597,0.0,0.41261178031338597
9432,9432,0.48037020400245933,1.0,0.48037020400245933
9433,9433,0.055904439587573296,0.0,0.055904439587573296
9434,9434,0.12788480541578162,0.0,0.12788480541578162
9435,9435,0.8430100436396386,0.0,0.8430100436396386
9436,9436,0.2042763046682089,1.0,0.2042763046682089
9437,9437,0.26609598800115686,0.0,0.26609598800115686
9438,9438,0.5923213779460244,0.0,0.5923213779460244
9439,9439,0.309199638632229,0.0,0.309199638632229
9440,9440,0.8561490305578207,1.0,0.8561490305578207
9441,9441,0.7847500631963145,1.0,0.7847500631963145
9442,9442,0.1362022619361567,0.0,0.1362022619361567
9443,9443,0.8274267585853043,1.0,0.8274267585853043
9444,9444,0.6589809721354619,1.0,0.6589809721354619
9445,9445,0.7553557656984307,0.0,0.7553557656984307
9446,9446,0.7115487552658509,1.0,0.7115487552658509
9447,9447,0.9954812278624653,1.0,0.9954812278624653
9448,9448,0.659499427240677,1.0,0.659499427240677
9449,9449,0.12709436921829464,0.0,0.12709436921829464
9450,9450,0.5675440833957734,1.0,0.5675440833957734
9451,9451,0.9368760453034041,1.0,0.9368760453034041
9452,9452,0.20681874406614098,0.0,0.20681874406614098
9453,9453,0.9512679682024621,1.0,0.9512679682024621
9454,9454,0.4570659113504022,0.0,0.4570659113504022
9455,9455,0.22667936770558883,0.0,0.22667936770558883
9456,9456,0.8736093887144324,1.0,0.8736093887144324
9457,9457,0.5585833675562859,1.0,0.5585833675562859
9458,9458,0.17963982727263916,1.0,0.17963982727263916
9459,9459,0.6940941690386572,1.0,0.6940941690386572
9460,9460,0.05811228875215013,0.0,0.05811228875215013
9461,9461,0.4087111377562741,0.0,0.4087111377562741
9462,9462,0.3466774882252728,1.0,0.3466774882252728
9463,9463,0.783674654067223,1.0,0.783674654067223
9464,9464,0.7650665839494675,1.0,0.7650665839494675
9465,9465,0.6657467877579288,1.0,0.6657467877579288
9466,9466,0.642561255456293,0.0,0.642561255456293
9467,9467,0.7646036673631473,1.0,0.7646036673631473
9468,9468,0.5250242006885881,1.0,0.5250242006885881
9469,9469,0.4436855422392256,1.0,0.4436855422392256
9470,9470,0.7955589257081209,0.0,0.7955589257081209
9471,9471,0.9261575418093602,1.0,0.9261575418093602
9472,9472,0.26983746706879563,1.0,0.26983746706879563
9473,9473,0.19215815075337017,0.0,0.19215815075337017
9474,9474,0.7576209621074975,0.0,0.7576209621074975
9475,9475,0.19314666573228778,1.0,0.19314666573228778
9476,9476,0.5475516849588212,0.0,0.5475516849588212
9477,9477,0.4062723126064537,1.0,0.4062723126064537
9478,9478,0.4447191089669449,0.0,0.4447191089669449
9479,9479,0.39444249539807286,0.0,0.39444249539807286
9480,9480,0.698289164713325,1.0,0.698289164713325
9481,9481,0.546990312989201,0.0,0.546990312989201
9482,9482,0.8280426200193459,0.0,0.8280426200193459
9483,9483,0.047407754978482486,0.0,0.047407754978482486
9484,9484,0.2702120904922516,1.0,0.2702120904922516
9485,9485,0.6792269549109237,1.0,0.6792269549109237
9486,9486,0.8549562632235164,1.0,0.8549562632235164
9487,9487,0.48531987542977917,0.0,0.48531987542977917
9488,9488,0.007514844156556788,0.0,0.007514844156556788
9489,9489,0.6313697100321223,1.0,0.6313697100321223
9490,9490,0.869828165201242,1.0,0.869828165201242
9491,9491,0.40936887104364783,1.0,0.40936887104364783
9492,9492,0.9415840293455853,0.0,0.9415840293455853
9493,9493,0.5465356594035158,1.0,0.5465356594035158
9494,9494,0.09391509430017286,0.0,0.09391509430017286
9495,9495,0.35253222044463395,0.0,0.35253222044463395
9496,9496,0.5655764389530347,0.0,0.5655764389530347
9497,9497,0.7546423717134183,1.0,0.7546423717134183
9498,9498,0.20602683635436803,0.0,0.20602683635436803
9499,9499,0.30845648448016894,0.0,0.30845648448016894
9500,9500,0.14101992745195469,0.0,0.14101992745195469
9501,9501,0.7506539327738245,1.0,0.7506539327738245
9502,9502,0.0022189752093925152,0.0,0.0022189752093925152
9503,9503,0.5728857612994446,1.0,0.5728857612994446
9504,9504,0.9040922001420122,1.0,0.9040922001420122
9505,9505,0.2862050987074014,0.0,0.2862050987074014
9506,9506,0.4825253879683946,0.0,0.4825253879683946
9507,9507,0.7665646234146809,0.0,0.7665646234146809
9508,9508,0.21593075596524347,0.0,0.21593075596524347
9509,9509,0.2568007876176085,0.0,0.2568007876176085
9510,9510,0.4894913532790437,0.0,0.4894913532790437
9511,9511,0.9647926949144886,1.0,0.9647926949144886
9512,9512,0.34433832101998096,0.0,0.34433832101998096
9513,9513,0.9324979927029168,1.0,0.9324979927029168
9514,9514,0.6968534281946647,0.0,0.6968534281946647
9515,9515,0.9394411655625716,1.0,0.9394411655625716
9516,9516,0.9744018386895428,1.0,0.9744018386895428
9517,9517,0.46626403140382566,0.0,0.46626403140382566
9518,9518,0.8449680528819565,1.0,0.8449680528819565
9519,9519,0.9763949932411721,1.0,0.9763949932411721
9520,9520,0.5488606297384412,1.0,0.5488606297384412
9521,9521,0.6150018776534067,0.0,0.6150018776534067
9522,9522,0.21888674315981582,0.0,0.21888674315981582
9523,9523,0.12403128780227768,0.0,0.12403128780227768
9524,9524,0.39084506488858284,1.0,0.39084506488858284
9525,9525,0.47067878202389957,0.0,0.47067878202389957
9526,9526,0.9577997382771607,1.0,0.9577997382771607
9527,9527,0.6231759824035439,1.0,0.6231759824035439
9528,9528,0.2186822600209074,0.0,0.2186822600209074
9529,9529,0.5168452463147893,1.0,0.5168452463147893
9530,9530,0.25328755446155704,0.0,0.25328755446155704
9531,9531,0.8641110664405844,0.0,0.8641110664405844
9532,9532,0.1162583813465552,0.0,0.1162583813465552
9533,9533,0.012576768226310375,0.0,0.012576768226310375
9534,9534,0.15486741613425792,0.0,0.15486741613425792
9535,9535,0.6652106010045178,1.0,0.6652106010045178
9536,9536,0.03998308089333369,0.0,0.03998308089333369
9537,9537,0.8765399219578457,1.0,0.8765399219578457
9538,9538,0.6665764939008764,1.0,0.6665764939008764
9539,9539,0.49147510626830637,1.0,0.49147510626830637
9540,9540,0.7713971484768576,1.0,0.7713971484768576
9541,9541,0.04202154307503303,0.0,0.04202154307503303
9542,9542,0.5369643415297722,1.0,0.5369643415297722
9543,9543,0.584163448130811,1.0,0.584163448130811
9544,9544,0.3489893036423193,1.0,0.3489893036423193
9545,9545,0.5554631702260401,1.0,0.5554631702260401
9546,9546,0.4418551765029598,0.0,0.4418551765029598
9547,9547,0.5199780620674959,0.0,0.5199780620674959
9548,9548,0.5064800785744923,1.0,0.5064800785744923
9549,9549,0.020235994586718653,0.0,0.020235994586718653
9550,9550,0.37158535822579464,1.0,0.37158535822579464
9551,9551,0.9565093706608466,1.0,0.9565093706608466
9552,9552,0.47809301587515163,1.0,0.47809301587515163
9553,9553,0.1807907678319025,0.0,0.1807907678319025
9554,9554,0.44469206168183095,1.0,0.44469206168183095
9555,9555,0.8422173208060861,1.0,0.8422173208060861
9556,9556,0.5708189209941487,1.0,0.5708189209941487
9557,9557,0.7956286314601072,0.0,0.7956286314601072
9558,9558,0.7393457872138294,0.0,0.7393457872138294
9559,9559,0.31255919255307363,0.0,0.31255919255307363
9560,9560,0.3805445753187451,1.0,0.3805445753187451
9561,9561,0.6159888060941489,0.0,0.6159888060941489
9562,9562,0.07019420779355956,0.0,0.07019420779355956
9563,9563,0.383409388253266,0.0,0.383409388253266
9564,9564,0.46164229429203985,0.0,0.46164229429203985
9565,9565,0.6620336197690125,1.0,0.6620336197690125
9566,9566,0.8039047897639364,1.0,0.8039047897639364
9567,9567,0.06582014553193971,0.0,0.06582014553193971
9568,9568,0.052091329329763125,0.0,0.052091329329763125
9569,9569,0.3815115422699831,1.0,0.3815115422699831
9570,9570,0.901342465176074,1.0,0.901342465176074
9571,9571,0.1701323547029755,0.0,0.1701323547029755
9572,9572,0.4398511649335435,0.0,0.4398511649335435
9573,9573,0.3649299756290706,0.0,0.3649299756290706
9574,9574,0.7929546582118627,1.0,0.7929546582118627
9575,9575,0.17711437185523393,0.0,0.17711437185523393
9576,9576,0.4451770809175618,0.0,0.4451770809175618
9577,9577,0.4038080500555259,1.0,0.4038080500555259
9578,9578,0.717342759469041,1.0,0.717342759469041
9579,9579,0.973359929383206,1.0,0.973359929383206
9580,9580,0.8298723659759182,0.0,0.8298723659759182
9581,9581,0.6496769093234458,1.0,0.6496769093234458
9582,9582,0.8941981024619717,1.0,0.8941981024619717
9583,9583,0.47168524083584895,0.0,0.47168524083584895
9584,9584,1.276935394933787e-05,0.0,1.276935394933787e-05
9585,9585,0.5952163381877311,0.0,0.5952163381877311
9586,9586,0.373031477047162,1.0,0.373031477047162
9587,9587,0.15354526772363664,1.0,0.15354526772363664
9588,9588,0.09848305416837133,0.0,0.09848305416837133
9589,9589,0.8752558701397093,1.0,0.8752558701397093
9590,9590,0.198480347776941,0.0,0.198480347776941
9591,9591,0.7518745169696215,0.0,0.7518745169696215
9592,9592,0.1540919290181454,0.0,0.1540919290181454
9593,9593,0.4804509327779315,1.0,0.4804509327779315
9594,9594,0.9189017537240857,0.0,0.9189017537240857
9595,9595,0.7538225719626584,1.0,0.7538225719626584
9596,9596,0.4183483447256334,1.0,0.4183483447256334
9597,9597,0.26151384511978915,0.0,0.26151384511978915
9598,9598,0.4762043469587832,1.0,0.4762043469587832
9599,9599,0.5890554708415516,0.0,0.5890554708415516
9600,9600,0.0790523235061843,0.0,0.0790523235061843
9601,9601,0.6057779433115338,1.0,0.6057779433115338
9602,9602,0.414455627187173,0.0,0.414455627187173
9603,9603,0.21117555365751917,1.0,0.21117555365751917
9604,9604,0.3501493176736381,0.0,0.3501493176736381
9605,9605,0.95446723568308,1.0,0.95446723568308
9606,9606,0.04959591004206587,0.0,0.04959591004206587
9607,9607,0.6751220420169948,0.0,0.6751220420169948
9608,9608,0.597011392928,1.0,0.597011392928
9609,9609,0.588667119728528,1.0,0.588667119728528
9610,9610,0.06812096482613439,0.0,0.06812096482613439
9611,9611,0.2498121166940399,0.0,0.2498121166940399
9612,9612,0.7193770758476928,1.0,0.7193770758476928
9613,9613,0.38340369302686295,0.0,0.38340369302686295
9614,9614,0.8232020427653953,0.0,0.8232020427653953
9615,9615,0.08773887375367795,0.0,0.08773887375367795
9616,9616,0.07839545667117587,0.0,0.07839545667117587
9617,9617,0.5546778957901103,1.0,0.5546778957901103
9618,9618,0.22572698918308953,0.0,0.22572698918308953
9619,9619,0.18499609363150438,0.0,0.18499609363150438
9620,9620,0.5625817039052151,1.0,0.5625817039052151
9621,9621,0.9951376269106907,1.0,0.9951376269106907
9622,9622,0.1464459943820473,0.0,0.1464459943820473
9623,9623,0.19882825188775033,0.0,0.19882825188775033
9624,9624,0.5128585743512113,1.0,0.5128585743512113
9625,9625,0.5849147319305152,0.0,0.5849147319305152
9626,9626,0.09288533961756551,0.0,0.09288533961756551
9627,9627,0.7993373161267059,0.0,0.7993373161267059
9628,9628,0.8634624464654878,1.0,0.8634624464654878
9629,9629,0.651522626681214,1.0,0.651522626681214
9630,9630,0.09032050539636494,0.0,0.09032050539636494
9631,9631,0.24747099973130182,0.0,0.24747099973130182
9632,9632,0.9948903122711902,1.0,0.9948903122711902
9633,9633,0.4322336273108891,0.0,0.4322336273108891
9634,9634,0.9106608327213821,1.0,0.9106608327213821
9635,9635,0.8800495652192494,0.0,0.8800495652192494
9636,9636,0.43307365626779515,0.0,0.43307365626779515
9637,9637,0.11498561226456372,0.0,0.11498561226456372
9638,9638,0.7309689344965834,1.0,0.7309689344965834
9639,9639,0.3626694627296121,1.0,0.3626694627296121
9640,9640,0.6810315795837149,1.0,0.6810315795837149
9641,9641,0.6909565113362586,1.0,0.6909565113362586
9642,9642,0.004315451275816229,0.0,0.004315451275816229
9643,9643,0.2960058358937857,0.0,0.2960058358937857
9644,9644,0.8068443174208841,1.0,0.8068443174208841
9645,9645,0.5791259551830321,1.0,0.5791259551830321
9646,9646,0.9596989651138662,1.0,0.9596989651138662
9647,9647,0.08558413260820963,0.0,0.08558413260820963
9648,9648,0.7270630941676758,1.0,0.7270630941676758
9649,9649,0.6290449537818296,1.0,0.6290449537818296
9650,9650,0.4818307676661452,0.0,0.4818307676661452
9651,9651,0.9762187362805708,1.0,0.9762187362805708
9652,9652,0.06604664565292118,0.0,0.06604664565292118
9653,9653,0.9293043425868247,1.0,0.9293043425868247
9654,9654,0.4063052360442947,1.0,0.4063052360442947
9655,9655,0.9877836229956622,1.0,0.9877836229956622
9656,9656,0.3991732109280315,1.0,0.3991732109280315
9657,9657,0.10054287247377547,1.0,0.10054287247377547
9658,9658,0.5491688356653982,0.0,0.5491688356653982
9659,9659,0.47416919896389054,1.0,0.47416919896389054
9660,9660,0.3251747006965283,0.0,0.3251747006965283
9661,9661,0.22862485498248808,1.0,0.22862485498248808
9662,9662,0.34674515100158176,0.0,0.34674515100158176
9663,9663,0.6343805217474269,1.0,0.6343805217474269
9664,9664,0.0141395245843563,0.0,0.0141395245843563
9665,9665,0.08038828850297774,0.0,0.08038828850297774
9666,9666,0.4712236973209909,1.0,0.4712236973209909
9667,9667,0.9249566101484331,1.0,0.9249566101484331
9668,9668,0.2697183176925866,0.0,0.2697183176925866
9669,9669,0.6319665956879079,1.0,0.6319665956879079
9670,9670,0.006192613635601307,0.0,0.006192613635601307
9671,9671,0.7017486118301196,1.0,0.7017486118301196
9672,9672,0.9086651000800687,1.0,0.9086651000800687
9673,9673,0.24297210485746734,1.0,0.24297210485746734
9674,9674,0.29718947987219824,1.0,0.29718947987219824
9675,9675,0.5728149238855064,1.0,0.5728149238855064
9676,9676,0.4560626249767694,1.0,0.4560626249767694
9677,9677,0.017101632782741683,0.0,0.017101632782741683
9678,9678,0.22772519727453278,1.0,0.22772519727453278
9679,9679,0.3242763557617595,0.0,0.3242763557617595
9680,9680,0.38217714465578057,0.0,0.38217714465578057
9681,9681,0.3963979048090207,0.0,0.3963979048090207
9682,9682,0.17136840784208107,0.0,0.17136840784208107
9683,9683,0.3763781015753007,1.0,0.3763781015753007
9684,9684,0.7423395421361141,0.0,0.7423395421361141
9685,9685,0.6617893996158927,1.0,0.6617893996158927
9686,9686,0.8315811756461237,1.0,0.8315811756461237
9687,9687,0.8165212236620947,1.0,0.8165212236620947
9688,9688,0.9447893453515919,1.0,0.9447893453515919
9689,9689,0.7786214914828473,1.0,0.7786214914828473
9690,9690,0.5219696675453184,1.0,0.5219696675453184
9691,9691,0.014077211006769397,0.0,0.014077211006769397
9692,9692,0.15774449166772164,1.0,0.15774449166772164
9693,9693,0.6129970573260672,1.0,0.6129970573260672
9694,9694,0.19970762828139121,0.0,0.19970762828139121
9695,9695,0.6867873146001211,0.0,0.6867873146001211
9696,9696,0.6806947605118234,1.0,0.6806947605118234
9697,9697,0.14770641409565977,0.0,0.14770641409565977
9698,9698,0.32424207881211775,0.0,0.32424207881211775
9699,9699,0.9627201944109239,1.0,0.9627201944109239
9700,9700,0.5835017263449904,0.0,0.5835017263449904
9701,9701,0.9867605653964047,1.0,0.9867605653964047
9702,9702,0.3590113376328402,0.0,0.3590113376328402
9703,9703,0.9312660409072232,1.0,0.9312660409072232
9704,9704,0.23766798242926312,1.0,0.23766798242926312
9705,9705,0.08802836014602544,0.0,0.08802836014602544
9706,9706,0.8105587862350779,0.0,0.8105587862350779
9707,9707,0.5496626497211731,1.0,0.5496626497211731
9708,9708,0.3770659805987475,0.0,0.3770659805987475
9709,9709,0.3305735061556351,0.0,0.3305735061556351
9710,9710,0.1780832176192142,0.0,0.1780832176192142
9711,9711,0.630533010646184,0.0,0.630533010646184
9712,9712,0.11360637533829565,0.0,0.11360637533829565
9713,9713,0.16680080868573832,0.0,0.16680080868573832
9714,9714,0.7537804760142984,1.0,0.7537804760142984
9715,9715,0.6481818424772434,0.0,0.6481818424772434
9716,9716,0.9051900809099858,1.0,0.9051900809099858
9717,9717,0.9715616885055428,1.0,0.9715616885055428
9718,9718,0.9195578855798492,1.0,0.9195578855798492
9719,9719,0.40285600321795656,1.0,0.40285600321795656
9720,9720,0.7150364976748758,1.0,0.7150364976748758
9721,9721,0.2657943232841471,0.0,0.2657943232841471
9722,9722,0.18032074118901387,0.0,0.18032074118901387
9723,9723,0.03098165807702269,0.0,0.03098165807702269
9724,9724,0.3825766218638208,0.0,0.3825766218638208
9725,9725,0.4584599215402435,1.0,0.4584599215402435
9726,9726,0.4854450541773496,1.0,0.4854450541773496
9727,9727,0.9634367256936506,1.0,0.9634367256936506
9728,9728,0.578050549151852,0.0,0.578050549151852
9729,9729,0.41828339643881896,1.0,0.41828339643881896
9730,9730,0.06485589326106223,0.0,0.06485589326106223
9731,9731,0.7621634926062277,1.0,0.7621634926062277
9732,9732,0.4174796887723814,0.0,0.4174796887723814
9733,9733,0.7516154666206544,1.0,0.7516154666206544
9734,9734,0.4119657053323732,0.0,0.4119657053323732
9735,9735,0.8554429068409108,1.0,0.8554429068409108
9736,9736,0.1501229567642255,0.0,0.1501229567642255
9737,9737,0.37086223581831224,1.0,0.37086223581831224
9738,9738,0.7125091094321292,1.0,0.7125091094321292
9739,9739,0.3530454082668709,0.0,0.3530454082668709
9740,9740,0.5106107719945728,0.0,0.5106107719945728
9741,9741,0.7961204583598759,1.0,0.7961204583598759
9742,9742,0.8900048306733203,1.0,0.8900048306733203
9743,9743,0.36738244892403293,1.0,0.36738244892403293
9744,9744,0.6536929750201141,0.0,0.6536929750201141
9745,9745,0.264852991786127,0.0,0.264852991786127
9746,9746,0.0046341776366123355,0.0,0.0046341776366123355
9747,9747,0.26876466935207055,0.0,0.26876466935207055
9748,9748,0.3884593713266258,0.0,0.3884593713266258
9749,9749,0.4031278539545545,1.0,0.4031278539545545
9750,9750,0.866775306876793,0.0,0.866775306876793
9751,9751,0.17295983805491455,0.0,0.17295983805491455
9752,9752,0.2836078749609746,1.0,0.2836078749609746
9753,9753,0.870624418150555,0.0,0.870624418150555
9754,9754,0.8699200838574198,1.0,0.8699200838574198
9755,9755,0.0999410665719439,0.0,0.0999410665719439
9756,9756,0.1363971537427503,0.0,0.1363971537427503
9757,9757,0.5934247379098098,1.0,0.5934247379098098
9758,9758,0.9870090724079734,1.0,0.9870090724079734
9759,9759,0.37407921650383236,0.0,0.37407921650383236
9760,9760,0.28038227062668186,0.0,0.28038227062668186
9761,9761,0.5905153041656322,0.0,0.5905153041656322
9762,9762,0.7050804768108564,1.0,0.7050804768108564
9763,9763,0.776333301974223,1.0,0.776333301974223
9764,9764,0.5016948648674754,0.0,0.5016948648674754
9765,9765,0.9597697715942157,1.0,0.9597697715942157
9766,9766,0.9764061247256797,1.0,0.9764061247256797
9767,9767,0.7806866010979151,1.0,0.7806866010979151
9768,9768,0.6368095485059494,1.0,0.6368095485059494
9769,9769,0.841295653912761,1.0,0.841295653912761
9770,9770,0.16125320416472133,0.0,0.16125320416472133
9771,9771,0.4480303217816377,0.0,0.4480303217816377
9772,9772,0.6900337906523356,1.0,0.6900337906523356
9773,9773,0.5966409640819147,1.0,0.5966409640819147
9774,9774,0.5913374962969765,1.0,0.5913374962969765
9775,9775,0.08230133666622463,0.0,0.08230133666622463
9776,9776,0.43321209065379485,0.0,0.43321209065379485
9777,9777,0.21934733165999143,0.0,0.21934733165999143
9778,9778,0.23625405523289866,1.0,0.23625405523289866
9779,9779,0.7769853928122524,1.0,0.7769853928122524
9780,9780,0.8735073584353875,1.0,0.8735073584353875
9781,9781,0.25300895197855355,0.0,0.25300895197855355
9782,9782,0.7246163149707299,0.0,0.7246163149707299
9783,9783,0.7819768160833639,0.0,0.7819768160833639
9784,9784,0.2249117719245125,0.0,0.2249117719245125
9785,9785,0.2005493754493366,1.0,0.2005493754493366
9786,9786,0.014436381821279598,0.0,0.014436381821279598
9787,9787,0.3507850757666495,0.0,0.3507850757666495
9788,9788,0.32389688759241386,0.0,0.32389688759241386
9789,9789,0.8279558168625445,0.0,0.8279558168625445
9790,9790,0.39597090884871144,0.0,0.39597090884871144
9791,9791,0.26106737646477896,0.0,0.26106737646477896
9792,9792,0.3137662961350831,0.0,0.3137662961350831
9793,9793,0.4806265009226114,1.0,0.4806265009226114
9794,9794,0.5922241933318891,1.0,0.5922241933318891
9795,9795,0.892645252650997,1.0,0.892645252650997
9796,9796,0.2712529414279208,0.0,0.2712529414279208
9797,9797,0.29831388406708714,1.0,0.29831388406708714
9798,9798,0.4689185341294766,1.0,0.4689185341294766
9799,9799,0.17997161329421063,0.0,0.17997161329421063
9800,9800,0.9611012777833065,1.0,0.9611012777833065
9801,9801,0.4701338311821902,1.0,0.4701338311821902
9802,9802,0.9491368961626814,1.0,0.9491368961626814
9803,9803,0.5622740201331926,1.0,0.5622740201331926
9804,9804,0.7040880437003281,1.0,0.7040880437003281
9805,9805,0.4095006464197045,0.0,0.4095006464197045
9806,9806,0.610126871594381,0.0,0.610126871594381
9807,9807,0.4906510372495997,0.0,0.4906510372495997
9808,9808,0.5055654098882196,0.0,0.5055654098882196
9809,9809,0.7603893535486438,1.0,0.7603893535486438
9810,9810,0.889319043152856,1.0,0.889319043152856
9811,9811,0.029496750287244855,0.0,0.029496750287244855
9812,9812,0.5701146010631273,0.0,0.5701146010631273
9813,9813,0.7211084610491846,1.0,0.7211084610491846
9814,9814,0.9126798206819536,1.0,0.9126798206819536
9815,9815,0.6639070016494864,0.0,0.6639070016494864
9816,9816,0.9161453613941987,1.0,0.9161453613941987
9817,9817,0.24456849036377004,0.0,0.24456849036377004
9818,9818,0.3900012069770301,0.0,0.3900012069770301
9819,9819,0.86422241113876,1.0,0.86422241113876
9820,9820,0.7002590911873499,0.0,0.7002590911873499
9821,9821,0.4844067859831569,1.0,0.4844067859831569
9822,9822,0.864645602880965,1.0,0.864645602880965
9823,9823,0.5108830028244873,0.0,0.5108830028244873
9824,9824,0.523745952868596,1.0,0.523745952868596
9825,9825,0.8670166691266109,1.0,0.8670166691266109
9826,9826,0.9504998473157497,1.0,0.9504998473157497
9827,9827,0.527600809612843,1.0,0.527600809612843
9828,9828,0.06284547903291915,0.0,0.06284547903291915
9829,9829,0.2603165171095835,0.0,0.2603165171095835
9830,9830,0.35250747977261465,0.0,0.35250747977261465
9831,9831,0.6221371052377503,1.0,0.6221371052377503
9832,9832,0.39469532153708364,1.0,0.39469532153708364
9833,9833,0.579456480741032,1.0,0.579456480741032
9834,9834,0.011279986724211821,0.0,0.011279986724211821
9835,9835,0.1295474554468854,0.0,0.1295474554468854
9836,9836,0.11979314382243444,0.0,0.11979314382243444
9837,9837,0.05854019581475434,1.0,0.05854019581475434
9838,9838,0.23345328711751312,1.0,0.23345328711751312
9839,9839,0.557532828795534,1.0,0.557532828795534
9840,9840,0.807751720595049,1.0,0.807751720595049
9841,9841,0.7414049008850145,1.0,0.7414049008850145
9842,9842,0.7791754373759986,1.0,0.7791754373759986
9843,9843,0.07975675408552185,0.0,0.07975675408552185
9844,9844,0.4569726446489959,1.0,0.4569726446489959
9845,9845,0.2509188751806902,0.0,0.2509188751806902
9846,9846,0.8364061907373397,0.0,0.8364061907373397
9847,9847,0.6424899585673334,1.0,0.6424899585673334
9848,9848,0.47331100600068066,1.0,0.47331100600068066
9849,9849,0.41609025980325487,1.0,0.41609025980325487
9850,9850,0.6935239351195067,1.0,0.6935239351195067
9851,9851,0.28212644829812794,1.0,0.28212644829812794
9852,9852,0.061358902316144825,0.0,0.061358902316144825
9853,9853,0.21699592553573643,0.0,0.21699592553573643
9854,9854,0.3117056533363042,0.0,0.3117056533363042
9855,9855,0.3133405224510003,0.0,0.3133405224510003
9856,9856,0.23012571787744263,0.0,0.23012571787744263
9857,9857,0.09786286416392986,0.0,0.09786286416392986
9858,9858,0.39037791882655914,1.0,0.39037791882655914
9859,9859,0.12276050573836605,0.0,0.12276050573836605
9860,9860,0.1824400985541118,0.0,0.1824400985541118
9861,9861,0.09769592391966297,0.0,0.09769592391966297
9862,9862,0.9684975258421809,1.0,0.9684975258421809
9863,9863,0.5969839143533018,1.0,0.5969839143533018
9864,9864,0.3240877326638548,1.0,0.3240877326638548
9865,9865,0.8962438345814026,0.0,0.8962438345814026
9866,9866,0.826516280696196,1.0,0.826516280696196
9867,9867,0.9573516047049209,1.0,0.9573516047049209
9868,9868,0.201489211292194,1.0,0.201489211292194
9869,9869,0.751773397481076,1.0,0.751773397481076
9870,9870,0.3197851393198945,1.0,0.3197851393198945
9871,9871,0.009184238719879723,0.0,0.009184238719879723
9872,9872,0.6758556128736306,1.0,0.6758556128736306
9873,9873,0.7104854761820206,1.0,0.7104854761820206
9874,9874,0.7331309291719073,1.0,0.7331309291719073
9875,9875,0.0715466845826277,0.0,0.0715466845826277
9876,9876,0.6472728900544799,1.0,0.6472728900544799
9877,9877,0.9784842625121748,1.0,0.9784842625121748
9878,9878,0.2727500139849012,1.0,0.2727500139849012
9879,9879,0.5480272077661319,0.0,0.5480272077661319
9880,9880,0.4642544912465797,1.0,0.4642544912465797
9881,9881,0.33734215371345944,0.0,0.33734215371345944
9882,9882,0.2168709415777874,1.0,0.2168709415777874
9883,9883,0.8163250650115155,1.0,0.8163250650115155
9884,9884,0.8783066779620387,0.0,0.8783066779620387
9885,9885,0.1727152631270341,0.0,0.1727152631270341
9886,9886,0.27043406681525306,0.0,0.27043406681525306
9887,9887,0.47605404669794316,1.0,0.47605404669794316
9888,9888,0.01768622334125569,0.0,0.01768622334125569
9889,9889,0.8922654008534044,0.0,0.8922654008534044
9890,9890,0.5764091901245564,1.0,0.5764091901245564
9891,9891,0.004304699788600264,0.0,0.004304699788600264
9892,9892,0.7232161639629144,0.0,0.7232161639629144
9893,9893,0.7843198071783337,1.0,0.7843198071783337
9894,9894,0.7981245297041294,1.0,0.7981245297041294
9895,9895,0.21555896396107121,0.0,0.21555896396107121
9896,9896,0.6431789116976508,1.0,0.6431789116976508
9897,9897,0.44106658517629205,0.0,0.44106658517629205
9898,9898,0.13951563977951442,1.0,0.13951563977951442
9899,9899,0.625081139340717,1.0,0.625081139340717
9900,9900,0.5265664372020461,1.0,0.5265664372020461
9901,9901,0.6279850766897933,1.0,0.6279850766897933
9902,9902,0.11598605548657481,1.0,0.11598605548657481
9903,9903,0.037075284806644127,0.0,0.037075284806644127
9904,9904,0.9208245832562942,1.0,0.9208245832562942
9905,9905,0.6113014669163075,0.0,0.6113014669163075
9906,9906,0.3664303266629282,1.0,0.3664303266629282
9907,9907,0.8061129639209309,1.0,0.8061129639209309
9908,9908,0.6508630315260712,1.0,0.6508630315260712
9909,9909,0.2758976700741016,1.0,0.2758976700741016
9910,9910,0.5075639340452719,1.0,0.5075639340452719
9911,9911,0.05661637180287571,0.0,0.05661637180287571
9912,9912,0.20098035881170462,1.0,0.20098035881170462
9913,9913,0.875413165758773,0.0,0.875413165758773
9914,9914,0.6011319053150767,0.0,0.6011319053150767
9915,9915,0.9895277712145666,1.0,0.9895277712145666
9916,9916,0.17059596031207147,0.0,0.17059596031207147
9917,9917,0.9896525952686728,1.0,0.9896525952686728
9918,9918,0.6359709430335272,1.0,0.6359709430335272
9919,9919,0.32294025688668093,0.0,0.32294025688668093
9920,9920,0.25125714131571486,0.0,0.25125714131571486
9921,9921,0.46286252760311497,1.0,0.46286252760311497
9922,9922,0.21579228459350885,0.0,0.21579228459350885
9923,9923,0.48581610736740244,1.0,0.48581610736740244
9924,9924,0.6285383327116123,0.0,0.6285383327116123
9925,9925,0.1747453866861608,0.0,0.1747453866861608
9926,9926,0.3789842936184593,0.0,0.3789842936184593
9927,9927,0.0471784892764362,0.0,0.0471784892764362
9928,9928,0.8811930734010334,1.0,0.8811930734010334
9929,9929,0.7745052602994649,0.0,0.7745052602994649
9930,9930,0.7664767770032295,1.0,0.7664767770032295
9931,9931,0.2910675873934073,0.0,0.2910675873934073
9932,9932,0.002483684256856078,0.0,0.002483684256856078
9933,9933,0.8117911397655978,1.0,0.8117911397655978
9934,9934,0.9378419459159523,1.0,0.9378419459159523
9935,9935,0.9844058839712564,1.0,0.9844058839712564
9936,9936,0.27321544767917694,1.0,0.27321544767917694
9937,9937,0.8223044247975113,1.0,0.8223044247975113
9938,9938,0.24146826342145222,0.0,0.24146826342145222
9939,9939,0.6765517825449555,1.0,0.6765517825449555
9940,9940,0.7141698270849829,1.0,0.7141698270849829
9941,9941,0.22145729095407152,0.0,0.22145729095407152
9942,9942,0.07234347358703097,0.0,0.07234347358703097
9943,9943,0.7306616604283757,1.0,0.7306616604283757
9944,9944,0.24297119976711934,0.0,0.24297119976711934
9945,9945,0.14180802400905634,0.0,0.14180802400905634
9946,9946,0.6605406161570604,0.0,0.6605406161570604
9947,9947,0.6977980584276464,1.0,0.6977980584276464
9948,9948,0.4908904737836748,0.0,0.4908904737836748
9949,9949,0.8195863453706034,1.0,0.8195863453706034
9950,9950,0.8607383504473954,1.0,0.8607383504473954
9951,9951,0.5785816345057339,1.0,0.5785816345057339
9952,9952,0.7195295054300439,0.0,0.7195295054300439
9953,9953,0.9543043805924019,1.0,0.9543043805924019
9954,9954,0.7463174021433405,1.0,0.7463174021433405
9955,9955,0.5944411235734661,1.0,0.5944411235734661
9956,9956,0.7696620653361921,0.0,0.7696620653361921
9957,9957,0.9443960976237179,1.0,0.9443960976237179
9958,9958,0.6091239310223978,1.0,0.6091239310223978
9959,9959,0.459646561808879,0.0,0.459646561808879
9960,9960,0.2899203806700871,0.0,0.2899203806700871
9961,9961,0.16835253525320137,0.0,0.16835253525320137
9962,9962,0.5179784980844576,1.0,0.5179784980844576
9963,9963,0.03841401128633004,0.0,0.03841401128633004
9964,9964,0.7569934037078055,1.0,0.7569934037078055
9965,9965,0.11672884720170285,0.0,0.11672884720170285
9966,9966,0.08239258023703111,0.0,0.08239258023703111
9967,9967,0.7369100345433119,1.0,0.7369100345433119
9968,9968,0.35214226277926364,1.0,0.35214226277926364
9969,9969,0.6482844254559835,1.0,0.6482844254559835
9970,9970,0.27102866307392903,0.0,0.27102866307392903
9971,9971,0.2595437153996676,0.0,0.2595437153996676
9972,9972,0.9493383240144321,1.0,0.9493383240144321
9973,9973,0.0423035240847387,0.0,0.0423035240847387
9974,9974,0.011604806005386048,0.0,0.011604806005386048
9975,9975,0.1696422983804423,0.0,0.1696422983804423
9976,9976,0.8153995508583586,1.0,0.8153995508583586
9977,9977,0.17584137918101406,0.0,0.17584137918101406
9978,9978,0.25391398021418754,1.0,0.25391398021418754
9979,9979,0.27665521039709673,1.0,0.27665521039709673
9980,9980,0.2228233082338269,0.0,0.2228233082338269
9981,9981,0.2996396933771399,0.0,0.2996396933771399
9982,9982,0.6436658815008943,0.0,0.6436658815008943
9983,9983,0.8907556772819629,1.0,0.8907556772819629
9984,9984,0.7322365745212194,1.0,0.7322365745212194
9985,9985,0.5834195209363445,1.0,0.5834195209363445
9986,9986,0.9793918587561554,0.0,0.9793918587561554
9987,9987,0.4195056061764545,0.0,0.4195056061764545
9988,9988,0.9865953923657501,1.0,0.9865953923657501
9989,9989,0.5545050965375479,0.0,0.5545050965375479
9990,9990,0.8304161385782847,1.0,0.8304161385782847
9991,9991,0.0470458794021934,0.0,0.0470458794021934
9992,9992,0.20445954710012326,0.0,0.20445954710012326
9993,9993,0.1299789740760121,0.0,0.1299789740760121
9994,9994,0.9016996336636848,1.0,0.9016996336636848
9995,9995,0.8344399967644757,1.0,0.8344399967644757
9996,9996,0.06851395228882462,0.0,0.06851395228882462
9997,9997,0.26335551482267106,0.0,0.26335551482267106
9998,9998,0.1468686529205181,0.0,0.1468686529205181
9999,9999,0.9772646882331772,1.0,4.91846835285461
