,time,p,input,discounted_p
0,0,0.0,0.0,0.016817215663669515
1,1,9.869571931435076e-06,0.0,9.869571931435076e-06
2,2,3.947789809193986e-05,0.0,3.947789809193986e-05
3,3,8.88238095954951e-05,0.0,8.88238095954951e-05
4,4,0.0001579053583500084,0.0,0.0001579053583500084
5,5,0.00024671981713422146,0.0,0.00024671981713422146
6,6,0.0003552636797053762,0.0,0.0003552636797053762
7,7,0.00048353266093763525,0.0,0.00048353266093763525
8,8,0.0006315216969912512,0.0,0.0006315216969912512
9,9,0.0007992249455124782,0.0,0.0007992249455124782
10,10,0.000986635785864219,0.0,0.000986635785864219
11,11,0.0011937468193873953,0.0,0.0011937468193873953
12,12,0.001420549869693034,0.0,0.001420549869693034
13,13,0.001667035982985058,0.0,0.001667035982985058
14,14,0.0019331954284137678,0.0,0.0019331954284137678
15,15,0.002219017698459994,0.0,0.002219017698459994
16,16,0.0025244915093499214,0.0,0.0025244915093499214
17,17,0.002849604801500553,0.0,0.002849604801500553
18,18,0.0031943447399957955,0.0,0.0031943447399957955
19,19,0.0035586977150931683,0.0,0.0035586977150931683
20,20,0.003942649342761085,0.0,0.003942649342761085
21,21,0.004346184465246716,0.0,0.004346184465246716
22,22,0.00476928715167439,0.0,0.00476928715167439
23,23,0.005211940698674513,0.0,0.005211940698674513
24,24,0.005674127631042996,0.0,0.005674127631042996
25,25,0.0061558297024311365,0.0,0.0061558297024311365
26,26,0.006657027896065963,0.0,0.006657027896065963
27,27,0.007177702425500985,0.0,0.007177702425500985
28,28,0.007717832735397311,0.0,0.007717832735397311
29,29,0.00827739750233516,0.0,0.00827739750233516
30,30,0.00885637463565566,0.0,0.00885637463565566
31,31,0.009454741278332957,0.0,0.009454741278332957
32,32,0.010072473807876568,0.0,0.010072473807876568
33,33,0.010709547837263949,0.0,0.010709547837263949
34,34,0.01136593821590327,0.0,0.01136593821590327
35,35,0.0120416190306263,0.0,0.0120416190306263
36,36,0.012736563606711425,0.0,0.012736563606711425
37,37,0.013450744508936718,1.0,0.013450744508936718
38,38,0.014184133542663034,0.0,0.014184133542663034
39,39,0.01493670175494708,0.0,0.01493670175494708
40,40,0.015708419435684445,0.0,0.015708419435684445
41,41,0.016499256118782477,0.0,0.016499256118782477
42,42,0.01730918058336306,0.0,0.01730918058336306
43,43,0.018138160854995145,0.0,0.018138160854995145
44,44,0.01898616420695706,0.0,0.01898616420695706
45,45,0.019853157161528464,0.0,0.019853157161528464
46,46,0.020739105491312058,0.0,0.020739105491312058
47,47,0.021643974220584755,0.0,0.021643974220584755
48,48,0.022567727626678524,0.0,0.022567727626678524
49,49,0.02351032924139059,0.0,0.02351032924139059
50,50,0.024471741852423214,0.0,0.024471741852423214
51,51,0.025451927504852704,0.0,0.025451927504852704
52,52,0.026450847502627852,0.0,0.026450847502627852
53,53,0.02746846241009758,0.0,0.02746846241009758
54,54,0.028504732053567773,0.0,0.028504732053567773
55,55,0.029559615522887266,0.0,0.029559615522887266
56,56,0.030633071173062965,0.0,0.030633071173062965
57,57,0.03172505662590383,0.0,0.03172505662590383
58,58,0.032835528771693975,0.0,0.032835528771693975
59,59,0.03396444377089452,0.0,0.03396444377089452
60,60,0.0351117570558743,0.0,0.0351117570558743
61,61,0.03627742333266934,0.0,0.03627742333266934
62,62,0.03746139658277098,0.0,0.03746139658277098
63,63,0.03866363006494259,0.0,0.03866363006494259
64,64,0.03988407631706484,0.0,0.03988407631706484
65,65,0.04112268715800943,0.0,0.04112268715800943
66,66,0.04237941368954122,0.0,0.04237941368954122
67,67,0.04365420629824859,0.0,0.04365420629824859
68,68,0.044947014657502164,0.0,0.044947014657502164
69,69,0.04625778772944153,0.0,0.04625778772944153
70,70,0.04758647376699023,0.0,0.04758647376699023
71,71,0.04893302031589858,1.0,0.04893302031589858
72,72,0.050297374216814475,0.0,0.050297374216814475
73,73,0.05167948160738207,0.0,0.05167948160738207
74,74,0.053079287924368106,0.0,0.053079287924368106
75,75,0.05449673790581607,0.0,0.05449673790581607
76,76,0.05593177559322775,0.0,0.05593177559322775
77,77,0.0573843443337724,0.0,0.0573843443337724
78,78,0.05885438678252336,0.0,0.05885438678252336
79,79,0.06034184490472187,0.0,0.06034184490472187
80,80,0.06184665997806821,0.0,0.06184665997806821
81,81,0.06336877259503991,0.0,0.06336877259503991
82,82,0.06490812266523716,0.0,0.06490812266523716
83,83,0.06646464941775497,0.0,0.06646464941775497
84,84,0.06803829140358235,0.0,0.06803829140358235
85,85,0.06962898649802816,0.0,0.06962898649802816
86,86,0.07123667190317387,0.0,0.07123667190317387
87,87,0.07286128415035244,0.0,0.07286128415035244
88,88,0.07450275910265407,0.0,0.07450275910265407
89,89,0.0761610319574584,0.0,0.0761610319574584
90,90,0.07783603724899248,0.0,0.07783603724899248
91,91,0.07952770885091548,0.0,0.07952770885091548
92,92,0.08123597997892913,0.0,0.08123597997892913
93,93,0.08296078319341442,0.0,0.08296078319341442
94,94,0.08470205040209366,0.0,0.08470205040209366
95,95,0.08645971286271911,0.0,0.08645971286271911
96,96,0.08823370118578629,0.0,0.08823370118578629
97,97,0.09002394533727384,1.0,0.09002394533727384
98,98,0.091830374641408,0.0,0.091830374641408
99,99,0.09365291778345305,1.0,0.09365291778345305
100,100,0.09549150281252627,0.0,0.09549150281252627
101,101,0.09734605714443903,0.0,0.09734605714443903
102,102,0.0992165075645617,0.0,0.0992165075645617
103,103,0.10110278023071452,0.0,0.10110278023071452
104,104,0.10300480067608234,0.0,0.10300480067608234
105,105,0.10492249381215481,0.0,0.10492249381215481
106,106,0.10685578393169054,0.0,0.10685578393169054
107,107,0.10880459471170595,0.0,0.10880459471170595
108,108,0.11076884921648832,0.0,0.11076884921648832
109,109,0.11274846990063309,0.0,0.11274846990063309
110,110,0.11474337861210542,0.0,0.11474337861210542
111,111,0.11675349659532507,1.0,0.11675349659532507
112,112,0.11877874449427607,0.0,0.11877874449427607
113,113,0.12081904235563908,1.0,0.12081904235563908
114,114,0.1228743096319481,0.0,0.1228743096319481
115,115,0.12494446518477025,0.0,0.12494446518477025
116,116,0.12702942728790897,0.0,0.12702942728790897
117,117,0.12912911363063037,1.0,0.12912911363063037
118,118,0.13124344132091306,0.0,0.13124344132091306
119,119,0.13337232688872,1.0,0.13337232688872
120,120,0.13551568628929425,0.0,0.13551568628929425
121,121,0.13767343490647668,0.0,0.13767343490647668
122,122,0.13984548755604656,0.0,0.13984548755604656
123,123,0.1420317584890844,0.0,0.1420317584890844
124,124,0.14423216139535733,0.0,0.14423216139535733
125,125,0.14644660940672624,0.0,0.14644660940672624
126,126,0.1486750151005754,0.0,0.1486750151005754
127,127,0.15091729050326363,1.0,0.15091729050326363
128,128,0.15317334709359753,0.0,0.15317334709359753
129,129,0.1554430958063258,1.0,0.1554430958063258
130,130,0.15772644703565566,0.0,0.15772644703565566
131,131,0.16002331063879044,0.0,0.16002331063879044
132,132,0.16233359593948776,0.0,0.16233359593948776
133,133,0.16465721173164,0.0,0.16465721173164
134,134,0.1669940662828742,0.0,0.1669940662828742
135,135,0.1693440673381741,0.0,0.1693440673381741
136,136,0.1717071221235218,0.0,0.1717071221235218
137,137,0.17408313734956063,0.0,0.17408313734956063
138,138,0.17647201921527783,0.0,0.17647201921527783
139,139,0.17887367341170785,0.0,0.17887367341170785
140,140,0.18128800512565516,1.0,0.18128800512565516
141,141,0.1837149190434378,0.0,0.1837149190434378
142,142,0.18615431935464974,0.0,0.18615431935464974
143,143,0.18860610975594377,0.0,0.18860610975594377
144,144,0.1910701934548328,1.0,0.1910701934548328
145,145,0.19354647317351176,1.0,0.19354647317351176
146,146,0.19603485115269728,0.0,0.19603485115269728
147,147,0.19853522915548769,0.0,0.19853522915548769
148,148,0.20104750847124053,0.0,0.20104750847124053
149,149,0.2035715899194704,1.0,0.2035715899194704
150,150,0.20610737385376346,0.0,0.20610737385376346
151,151,0.208654760165712,0.0,0.208654760165712
152,152,0.2112136482888662,0.0,0.2112136482888662
153,153,0.21378393720270458,0.0,0.21378393720270458
154,154,0.21636552543662177,1.0,0.21636552543662177
155,155,0.2189583110739347,0.0,0.2189583110739347
156,156,0.221562191755906,0.0,0.221562191755906
157,157,0.22417706468578485,1.0,0.22417706468578485
158,158,0.22680282663286547,0.0,0.22680282663286547
159,159,0.22943937393656205,0.0,0.22943937393656205
160,160,0.23208660251050173,0.0,0.23208660251050173
161,161,0.234744407846633,0.0,0.234744407846633
162,162,0.23741268501935212,0.0,0.23741268501935212
163,163,0.24009132868964522,0.0,0.24009132868964522
164,164,0.24278023310924676,0.0,0.24278023310924676
165,165,0.24547929212481442,1.0,0.24547929212481442
166,166,0.24818839918211952,0.0,0.24818839918211952
167,167,0.25090744733025455,0.0,0.25090744733025455
168,168,0.25363632922585416,0.0,0.25363632922585416
169,169,0.25637493713733395,0.0,0.25637493713733395
170,170,0.2591231629491424,0.0,0.2591231629491424
171,171,0.26188089816603044,0.0,0.26188089816603044
172,172,0.26464803391733366,0.0,0.26464803391733366
173,173,0.26742446096127087,0.0,0.26742446096127087
174,174,0.27021006968925615,0.0,0.27021006968925615
175,175,0.2730047501302265,0.0,0.2730047501302265
176,176,0.27580839195498386,0.0,0.27580839195498386
177,177,0.2786208844805493,0.0,0.2786208844805493
178,178,0.28144211667453367,0.0,0.28144211667453367
179,179,0.28427197715952046,0.0,0.28427197715952046
180,180,0.2871103542174637,1.0,0.2871103542174637
181,181,0.28995713579409693,1.0,0.28995713579409693
182,182,0.292812209503358,0.0,0.292812209503358
183,183,0.29567546263182537,0.0,0.29567546263182537
184,184,0.2985467821431687,0.0,0.2985467821431687
185,185,0.30142605468260975,1.0,0.30142605468260975
186,186,0.30431316658139884,0.0,0.30431316658139884
187,187,0.30720800386130165,1.0,0.30720800386130165
188,188,0.3101104522390994,0.0,0.3101104522390994
189,189,0.3130203971310998,1.0,0.3130203971310998
190,190,0.315937723657661,1.0,0.315937723657661
191,191,0.31886231664772713,1.0,0.31886231664772713
192,192,0.3217940606433747,1.0,0.3217940606433747
193,193,0.3247328399043705,0.0,0.3247328399043705
194,194,0.32767853841274147,0.0,0.32767853841274147
195,195,0.3306310398773543,0.0,0.3306310398773543
196,196,0.3335902277385067,0.0,0.3335902277385067
197,197,0.3365559851725288,1.0,0.3365559851725288
198,198,0.3395281950963953,0.0,0.3395281950963953
199,199,0.34250674017234767,0.0,0.34250674017234767
200,200,0.3454915028125263,0.0,0.3454915028125263
201,201,0.348482365183613,1.0,0.348482365183613
202,202,0.3514792092114825,1.0,0.3514792092114825
203,203,0.3544819165858641,0.0,0.3544819165858641
204,204,0.3574903687650119,1.0,0.3574903687650119
205,205,0.3605044469803853,1.0,0.3605044469803853
206,206,0.36352403224133734,0.0,0.36352403224133734
207,207,0.3665490053398122,1.0,0.3665490053398122
208,208,0.3695792468550515,0.0,0.3695792468550515
209,209,0.37261463715830895,0.0,0.37261463715830895
210,210,0.3756550564175726,0.0,0.3756550564175726
211,211,0.3787003846022963,1.0,0.3787003846022963
212,212,0.3817505014881376,0.0,0.3817505014881376
213,213,0.3848052866617047,1.0,0.3848052866617047
214,214,0.3878646195253095,1.0,0.3878646195253095
215,215,0.39092837930172875,0.0,0.39092837930172875
216,216,0.3939964450389728,1.0,0.3939964450389728
217,217,0.39706869561505936,1.0,0.39706869561505936
218,218,0.40014500974279643,0.0,0.40014500974279643
219,219,0.4032252659745699,0.0,0.4032252659745699
220,220,0.40630934270713776,0.0,0.40630934270713776
221,221,0.40939711818643126,1.0,0.40939711818643126
222,222,0.41248847051236204,1.0,0.41248847051236204
223,223,0.4155832776436332,0.0,0.4155832776436332
224,224,0.4186814174025582,0.0,0.4186814174025582
225,225,0.4217827674798846,1.0,0.4217827674798846
226,226,0.4248872054396215,0.0,0.4248872054396215
227,227,0.42799460872387396,1.0,0.42799460872387396
228,228,0.43110485465768106,0.0,0.43110485465768106
229,229,0.43421782045385876,1.0,0.43421782045385876
230,230,0.4373333832178478,0.0,0.4373333832178478
231,231,0.4404514199525651,1.0,0.4404514199525651
232,232,0.4435718075632592,1.0,0.4435718075632592
233,233,0.44669442286237004,1.0,0.44669442286237004
234,234,0.4498191425743925,1.0,0.4498191425743925
235,235,0.4529458433407428,0.0,0.4529458433407428
236,236,0.4560744017246285,1.0,0.4560744017246285
237,237,0.4592046942159213,0.0,0.4592046942159213
238,238,0.46233659723603365,1.0,0.46233659723603365
239,239,0.46546998714279714,1.0,0.46546998714279714
240,240,0.4686047402353434,0.0,0.4686047402353434
241,241,0.47174073275898776,0.0,0.47174073275898776
242,242,0.47487784091011526,1.0,0.47487784091011526
243,243,0.47801594084106763,1.0,0.47801594084106763
244,244,0.48115490866503285,1.0,0.48115490866503285
245,245,0.48429462046093597,1.0,0.48429462046093597
246,246,0.48743495227833117,0.0,0.48743495227833117
247,247,0.4905757801422959,0.0,0.4905757801422959
248,248,0.4937169800583237,0.0,0.4937169800583237
249,249,0.49685842801722063,1.0,0.49685842801722063
250,250,0.4999999999999999,1.0,0.4999999999999999
251,251,0.5031415719827794,0.0,0.5031415719827794
252,252,0.5062830199416763,0.0,0.5062830199416763
253,253,0.509424219857704,0.0,0.509424219857704
254,254,0.5125650477216687,1.0,0.5125650477216687
255,255,0.5157053795390641,0.0,0.5157053795390641
256,256,0.5188450913349671,1.0,0.5188450913349671
257,257,0.5219840591589325,0.0,0.5219840591589325
258,258,0.5251221590898848,1.0,0.5251221590898848
259,259,0.5282592672410121,1.0,0.5282592672410121
260,260,0.5313952597646567,0.0,0.5313952597646567
261,261,0.5345300128572029,1.0,0.5345300128572029
262,262,0.5376634027639664,0.0,0.5376634027639664
263,263,0.5407953057840786,0.0,0.5407953057840786
264,264,0.5439255982753717,0.0,0.5439255982753717
265,265,0.5470541566592573,1.0,0.5470541566592573
266,266,0.5501808574256074,0.0,0.5501808574256074
267,267,0.5533055771376298,0.0,0.5533055771376298
268,268,0.5564281924367408,1.0,0.5564281924367408
269,269,0.5595485800474349,0.0,0.5595485800474349
270,270,0.5626666167821522,0.0,0.5626666167821522
271,271,0.5657821795461412,1.0,0.5657821795461412
272,272,0.568895145342319,1.0,0.568895145342319
273,273,0.572005391276126,1.0,0.572005391276126
274,274,0.5751127945603786,0.0,0.5751127945603786
275,275,0.5782172325201155,1.0,0.5782172325201155
276,276,0.5813185825974418,0.0,0.5813185825974418
277,277,0.584416722356367,1.0,0.584416722356367
278,278,0.5875115294876381,0.0,0.5875115294876381
279,279,0.5906028818135688,1.0,0.5906028818135688
280,280,0.5936906572928623,1.0,0.5936906572928623
281,281,0.5967747340254301,1.0,0.5967747340254301
282,282,0.5998549902572036,0.0,0.5998549902572036
283,283,0.6029313043849408,0.0,0.6029313043849408
284,284,0.6060035549610273,1.0,0.6060035549610273
285,285,0.6090716206982713,1.0,0.6090716206982713
286,286,0.6121353804746905,1.0,0.6121353804746905
287,287,0.6151947133382955,1.0,0.6151947133382955
288,288,0.6182494985118624,0.0,0.6182494985118624
289,289,0.6212996153977037,1.0,0.6212996153977037
290,290,0.6243449435824274,1.0,0.6243449435824274
291,291,0.6273853628416912,1.0,0.6273853628416912
292,292,0.6304207531449484,0.0,0.6304207531449484
293,293,0.6334509946601877,0.0,0.6334509946601877
294,294,0.6364759677586626,1.0,0.6364759677586626
295,295,0.6394955530196147,1.0,0.6394955530196147
296,296,0.6425096312349879,1.0,0.6425096312349879
297,297,0.645518083414136,1.0,0.645518083414136
298,298,0.6485207907885175,1.0,0.6485207907885175
299,299,0.651517634816387,1.0,0.651517634816387
300,300,0.6545084971874737,1.0,0.6545084971874737
301,301,0.6574932598276523,1.0,0.6574932598276523
302,302,0.6604718049036047,1.0,0.6604718049036047
303,303,0.6634440148274712,1.0,0.6634440148274712
304,304,0.6664097722614934,0.0,0.6664097722614934
305,305,0.6693689601226457,1.0,0.6693689601226457
306,306,0.6723214615872586,1.0,0.6723214615872586
307,307,0.6752671600956295,1.0,0.6752671600956295
308,308,0.6782059393566254,1.0,0.6782059393566254
309,309,0.6811376833522729,1.0,0.6811376833522729
310,310,0.684062276342339,1.0,0.684062276342339
311,311,0.6869796028689001,1.0,0.6869796028689001
312,312,0.6898895477609006,0.0,0.6898895477609006
313,313,0.6927919961386981,1.0,0.6927919961386981
314,314,0.6956868334186013,1.0,0.6956868334186013
315,315,0.6985739453173904,1.0,0.6985739453173904
316,316,0.7014532178568315,1.0,0.7014532178568315
317,317,0.7043245373681745,1.0,0.7043245373681745
318,318,0.707187790496642,1.0,0.707187790496642
319,319,0.7100428642059032,1.0,0.7100428642059032
320,320,0.7128896457825363,0.0,0.7128896457825363
321,321,0.7157280228404795,1.0,0.7157280228404795
322,322,0.7185578833254664,1.0,0.7185578833254664
323,323,0.7213791155194508,1.0,0.7213791155194508
324,324,0.7241916080450161,0.0,0.7241916080450161
325,325,0.7269952498697734,1.0,0.7269952498697734
326,326,0.7297899303107439,1.0,0.7297899303107439
327,327,0.7325755390387292,0.0,0.7325755390387292
328,328,0.7353519660826664,1.0,0.7353519660826664
329,329,0.7381191018339697,1.0,0.7381191018339697
330,330,0.7408768370508576,1.0,0.7408768370508576
331,331,0.7436250628626662,1.0,0.7436250628626662
332,332,0.7463636707741457,1.0,0.7463636707741457
333,333,0.7490925526697453,1.0,0.7490925526697453
334,334,0.7518116008178803,1.0,0.7518116008178803
335,335,0.7545207078751858,1.0,0.7545207078751858
336,336,0.7572197668907533,0.0,0.7572197668907533
337,337,0.7599086713103548,1.0,0.7599086713103548
338,338,0.7625873149806478,1.0,0.7625873149806478
339,339,0.765255592153367,1.0,0.765255592153367
340,340,0.7679133974894983,1.0,0.7679133974894983
341,341,0.770560626063438,0.0,0.770560626063438
342,342,0.7731971733671344,1.0,0.7731971733671344
343,343,0.7758229353142151,0.0,0.7758229353142151
344,344,0.778437808244094,0.0,0.778437808244094
345,345,0.7810416889260654,1.0,0.7810416889260654
346,346,0.7836344745633783,0.0,0.7836344745633783
347,347,0.7862160627972955,1.0,0.7862160627972955
348,348,0.7887863517111339,1.0,0.7887863517111339
349,349,0.791345239834288,1.0,0.791345239834288
350,350,0.7938926261462367,1.0,0.7938926261462367
351,351,0.7964284100805296,1.0,0.7964284100805296
352,352,0.7989524915287595,1.0,0.7989524915287595
353,353,0.8014647708445124,1.0,0.8014647708445124
354,354,0.8039651488473027,1.0,0.8039651488473027
355,355,0.8064535268264883,1.0,0.8064535268264883
356,356,0.8089298065451672,0.0,0.8089298065451672
357,357,0.8113938902440562,1.0,0.8113938902440562
358,358,0.8138456806453502,1.0,0.8138456806453502
359,359,0.8162850809565623,1.0,0.8162850809565623
360,360,0.818711994874345,1.0,0.818711994874345
361,361,0.8211263265882923,1.0,0.8211263265882923
362,362,0.8235279807847222,1.0,0.8235279807847222
363,363,0.8259168626504395,1.0,0.8259168626504395
364,364,0.8282928778764784,1.0,0.8282928778764784
365,365,0.830655932661826,1.0,0.830655932661826
366,366,0.8330059337171257,1.0,0.8330059337171257
367,367,0.8353427882683601,0.0,0.8353427882683601
368,368,0.8376664040605122,1.0,0.8376664040605122
369,369,0.8399766893612097,1.0,0.8399766893612097
370,370,0.8422735529643444,1.0,0.8422735529643444
371,371,0.8445569041936742,1.0,0.8445569041936742
372,372,0.8468266529064026,1.0,0.8468266529064026
373,373,0.8490827094967364,0.0,0.8490827094967364
374,374,0.8513249848994245,1.0,0.8513249848994245
375,375,0.8535533905932737,1.0,0.8535533905932737
376,376,0.8557678386046427,1.0,0.8557678386046427
377,377,0.8579682415109157,1.0,0.8579682415109157
378,378,0.8601545124439536,1.0,0.8601545124439536
379,379,0.8623265650935233,1.0,0.8623265650935233
380,380,0.8644843137107059,1.0,0.8644843137107059
381,381,0.8666276731112801,1.0,0.8666276731112801
382,382,0.868756558679087,1.0,0.868756558679087
383,383,0.8708708863693695,1.0,0.8708708863693695
384,384,0.872970572712091,1.0,0.872970572712091
385,385,0.8750555348152297,0.0,0.8750555348152297
386,386,0.877125690368052,1.0,0.877125690368052
387,387,0.8791809576443609,1.0,0.8791809576443609
388,388,0.8812212555057239,1.0,0.8812212555057239
389,389,0.8832465034046749,1.0,0.8832465034046749
390,390,0.8852566213878947,1.0,0.8852566213878947
391,391,0.887251530099367,1.0,0.887251530099367
392,392,0.8892311507835116,0.0,0.8892311507835116
393,393,0.8911954052882941,1.0,0.8911954052882941
394,394,0.8931442160683094,1.0,0.8931442160683094
395,395,0.8950775061878451,0.0,0.8950775061878451
396,396,0.8969951993239178,1.0,0.8969951993239178
397,397,0.8988972197692855,0.0,0.8988972197692855
398,398,0.9007834924354383,1.0,0.9007834924354383
399,399,0.9026539428555609,1.0,0.9026539428555609
400,400,0.9045084971874736,1.0,0.9045084971874736
401,401,0.906347082216547,1.0,0.906347082216547
402,402,0.908169625358592,1.0,0.908169625358592
403,403,0.9099760546627261,1.0,0.9099760546627261
404,404,0.9117662988142137,1.0,0.9117662988142137
405,405,0.9135402871372809,0.0,0.9135402871372809
406,406,0.9152979495979064,1.0,0.9152979495979064
407,407,0.9170392168065856,1.0,0.9170392168065856
408,408,0.9187640200210707,1.0,0.9187640200210707
409,409,0.9204722911490846,1.0,0.9204722911490846
410,410,0.9221639627510075,1.0,0.9221639627510075
411,411,0.9238389680425416,1.0,0.9238389680425416
412,412,0.925497240897346,1.0,0.925497240897346
413,413,0.9271387158496477,1.0,0.9271387158496477
414,414,0.9287633280968262,1.0,0.9287633280968262
415,415,0.9303710135019718,1.0,0.9303710135019718
416,416,0.9319617085964177,1.0,0.9319617085964177
417,417,0.9335353505822449,1.0,0.9335353505822449
418,418,0.9350918773347627,1.0,0.9350918773347627
419,419,0.9366312274049601,1.0,0.9366312274049601
420,420,0.9381533400219317,1.0,0.9381533400219317
421,421,0.9396581550952781,1.0,0.9396581550952781
422,422,0.9411456132174768,1.0,0.9411456132174768
423,423,0.9426156556662276,1.0,0.9426156556662276
424,424,0.9440682244067721,1.0,0.9440682244067721
425,425,0.9455032620941839,1.0,0.9455032620941839
426,426,0.9469207120756318,1.0,0.9469207120756318
427,427,0.9483205183926179,1.0,0.9483205183926179
428,428,0.9497026257831854,1.0,0.9497026257831854
429,429,0.9510669796841014,1.0,0.9510669796841014
430,430,0.9524135262330098,1.0,0.9524135262330098
431,431,0.9537422122705584,1.0,0.9537422122705584
432,432,0.9550529853424978,1.0,0.9550529853424978
433,433,0.9563457937017514,1.0,0.9563457937017514
434,434,0.9576205863104588,1.0,0.9576205863104588
435,435,0.9588773128419905,1.0,0.9588773128419905
436,436,0.9601159236829352,1.0,0.9601159236829352
437,437,0.9613363699350574,1.0,0.9613363699350574
438,438,0.9625386034172291,1.0,0.9625386034172291
439,439,0.9637225766673307,1.0,0.9637225766673307
440,440,0.9648882429441258,1.0,0.9648882429441258
441,441,0.9660355562291054,1.0,0.9660355562291054
442,442,0.9671644712283061,1.0,0.9671644712283061
443,443,0.968274943374096,1.0,0.968274943374096
444,444,0.969366928826937,1.0,0.969366928826937
445,445,0.9704403844771127,1.0,0.9704403844771127
446,446,0.9714952679464323,1.0,0.9714952679464323
447,447,0.9725315375899024,1.0,0.9725315375899024
448,448,0.9735491524973721,1.0,0.9735491524973721
449,449,0.9745480724951474,1.0,0.9745480724951474
450,450,0.9755282581475768,1.0,0.9755282581475768
451,451,0.9764896707586095,1.0,0.9764896707586095
452,452,0.9774322723733215,1.0,0.9774322723733215
453,453,0.9783560257794152,1.0,0.9783560257794152
454,454,0.9792608945086879,1.0,0.9792608945086879
455,455,0.9801468428384714,1.0,0.9801468428384714
456,456,0.9810138357930429,1.0,0.9810138357930429
457,457,0.9818618391450048,1.0,0.9818618391450048
458,458,0.9826908194166369,1.0,0.9826908194166369
459,459,0.9835007438812177,1.0,0.9835007438812177
460,460,0.9842915805643156,1.0,0.9842915805643156
461,461,0.9850632982450529,1.0,0.9850632982450529
462,462,0.985815866457337,1.0,0.985815866457337
463,463,0.9865492554910632,1.0,0.9865492554910632
464,464,0.9872634363932885,1.0,0.9872634363932885
465,465,0.9879583809693737,1.0,0.9879583809693737
466,466,0.9886340617840967,1.0,0.9886340617840967
467,467,0.989290452162736,1.0,0.989290452162736
468,468,0.9899275261921234,1.0,0.9899275261921234
469,469,0.990545258721667,1.0,0.990545258721667
470,470,0.9911436253643443,1.0,0.9911436253643443
471,471,0.9917226024976648,1.0,0.9917226024976648
472,472,0.9922821672646027,1.0,0.9922821672646027
473,473,0.992822297574499,1.0,0.992822297574499
474,474,0.993342972103934,1.0,0.993342972103934
475,475,0.9938441702975689,1.0,0.9938441702975689
476,476,0.994325872368957,1.0,0.994325872368957
477,477,0.9947880593013255,1.0,0.9947880593013255
478,478,0.9952307128483256,1.0,0.9952307128483256
479,479,0.9956538155347534,1.0,0.9956538155347534
480,480,0.9960573506572389,1.0,0.9960573506572389
481,481,0.9964413022849069,1.0,0.9964413022849069
482,482,0.9968056552600042,1.0,0.9968056552600042
483,483,0.9971503951984994,1.0,0.9971503951984994
484,484,0.99747550849065,1.0,0.99747550849065
485,485,0.9977809823015401,1.0,0.9977809823015401
486,486,0.9980668045715861,1.0,0.9980668045715861
487,487,0.9983329640170149,1.0,0.9983329640170149
488,488,0.9985794501303069,1.0,0.9985794501303069
489,489,0.9988062531806127,1.0,0.9988062531806127
490,490,0.9990133642141359,1.0,0.9990133642141359
491,491,0.9992007750544876,1.0,0.9992007750544876
492,492,0.9993684783030087,1.0,0.9993684783030087
493,493,0.9995164673390624,1.0,0.9995164673390624
494,494,0.9996447363202945,1.0,0.9996447363202945
495,495,0.9997532801828658,1.0,0.9997532801828658
496,496,0.99984209464165,1.0,0.99984209464165
497,497,0.9999111761904046,1.0,0.9999111761904046
498,498,0.999960522101908,1.0,0.999960522101908
499,499,0.9999901304280686,1.0,0.9999901304280686
500,500,1.0,1.0,1.0
501,501,0.9999901304280686,1.0,0.9999901304280686
502,502,0.999960522101908,1.0,0.999960522101908
503,503,0.9999111761904046,1.0,0.9999111761904046
504,504,0.99984209464165,1.0,0.99984209464165
505,505,0.9997532801828658,1.0,0.9997532801828658
506,506,0.9996447363202945,1.0,0.9996447363202945
507,507,0.9995164673390624,1.0,0.9995164673390624
508,508,0.9993684783030087,1.0,0.9993684783030087
509,509,0.9992007750544876,1.0,0.9992007750544876
510,510,0.9990133642141359,1.0,0.9990133642141359
511,511,0.9988062531806127,1.0,0.9988062531806127
512,512,0.9985794501303069,1.0,0.9985794501303069
513,513,0.9983329640170149,1.0,0.9983329640170149
514,514,0.9980668045715861,1.0,0.9980668045715861
515,515,0.9977809823015401,1.0,0.9977809823015401
516,516,0.99747550849065,1.0,0.99747550849065
517,517,0.9971503951984996,1.0,0.9971503951984996
518,518,0.9968056552600042,1.0,0.9968056552600042
519,519,0.9964413022849069,1.0,0.9964413022849069
520,520,0.9960573506572389,1.0,0.9960573506572389
521,521,0.9956538155347534,1.0,0.9956538155347534
522,522,0.9952307128483256,1.0,0.9952307128483256
523,523,0.9947880593013255,1.0,0.9947880593013255
524,524,0.994325872368957,1.0,0.994325872368957
525,525,0.9938441702975689,1.0,0.9938441702975689
526,526,0.993342972103934,1.0,0.993342972103934
527,527,0.992822297574499,1.0,0.992822297574499
528,528,0.9922821672646027,1.0,0.9922821672646027
529,529,0.9917226024976648,1.0,0.9917226024976648
530,530,0.9911436253643443,1.0,0.9911436253643443
531,531,0.990545258721667,1.0,0.990545258721667
532,532,0.9899275261921234,1.0,0.9899275261921234
533,533,0.989290452162736,1.0,0.989290452162736
534,534,0.9886340617840967,1.0,0.9886340617840967
535,535,0.9879583809693737,1.0,0.9879583809693737
536,536,0.9872634363932885,1.0,0.9872634363932885
537,537,0.9865492554910632,1.0,0.9865492554910632
538,538,0.985815866457337,1.0,0.985815866457337
539,539,0.9850632982450529,1.0,0.9850632982450529
540,540,0.9842915805643154,1.0,0.9842915805643154
541,541,0.9835007438812174,1.0,0.9835007438812174
542,542,0.9826908194166369,1.0,0.9826908194166369
543,543,0.9818618391450048,1.0,0.9818618391450048
544,544,0.9810138357930429,1.0,0.9810138357930429
545,545,0.9801468428384714,1.0,0.9801468428384714
546,546,0.9792608945086879,1.0,0.9792608945086879
547,547,0.9783560257794152,1.0,0.9783560257794152
548,548,0.9774322723733214,1.0,0.9774322723733214
549,549,0.9764896707586093,1.0,0.9764896707586093
550,550,0.9755282581475768,1.0,0.9755282581475768
551,551,0.9745480724951472,1.0,0.9745480724951472
552,552,0.9735491524973721,1.0,0.9735491524973721
553,553,0.9725315375899024,1.0,0.9725315375899024
554,554,0.9714952679464323,1.0,0.9714952679464323
555,555,0.9704403844771127,1.0,0.9704403844771127
556,556,0.969366928826937,1.0,0.969366928826937
557,557,0.968274943374096,1.0,0.968274943374096
558,558,0.9671644712283058,1.0,0.9671644712283058
559,559,0.9660355562291054,1.0,0.9660355562291054
560,560,0.9648882429441258,1.0,0.9648882429441258
561,561,0.9637225766673307,1.0,0.9637225766673307
562,562,0.9625386034172291,1.0,0.9625386034172291
563,563,0.9613363699350574,1.0,0.9613363699350574
564,564,0.9601159236829352,1.0,0.9601159236829352
565,565,0.9588773128419905,1.0,0.9588773128419905
566,566,0.9576205863104588,1.0,0.9576205863104588
567,567,0.9563457937017514,1.0,0.9563457937017514
568,568,0.9550529853424978,1.0,0.9550529853424978
569,569,0.9537422122705584,1.0,0.9537422122705584
570,570,0.9524135262330098,1.0,0.9524135262330098
571,571,0.9510669796841014,1.0,0.9510669796841014
572,572,0.9497026257831854,1.0,0.9497026257831854
573,573,0.9483205183926179,1.0,0.9483205183926179
574,574,0.9469207120756318,1.0,0.9469207120756318
575,575,0.945503262094184,1.0,0.945503262094184
576,576,0.9440682244067723,1.0,0.9440682244067723
577,577,0.9426156556662276,1.0,0.9426156556662276
578,578,0.9411456132174766,1.0,0.9411456132174766
579,579,0.9396581550952781,1.0,0.9396581550952781
580,580,0.9381533400219317,1.0,0.9381533400219317
581,581,0.9366312274049601,1.0,0.9366312274049601
582,582,0.9350918773347627,1.0,0.9350918773347627
583,583,0.9335353505822449,1.0,0.9335353505822449
584,584,0.9319617085964177,1.0,0.9319617085964177
585,585,0.9303710135019718,1.0,0.9303710135019718
586,586,0.9287633280968262,1.0,0.9287633280968262
587,587,0.9271387158496477,0.0,0.9271387158496477
588,588,0.925497240897346,1.0,0.925497240897346
589,589,0.9238389680425416,0.0,0.9238389680425416
590,590,0.9221639627510075,1.0,0.9221639627510075
591,591,0.9204722911490845,1.0,0.9204722911490845
592,592,0.9187640200210709,0.0,0.9187640200210709
593,593,0.9170392168065856,1.0,0.9170392168065856
594,594,0.9152979495979062,1.0,0.9152979495979062
595,595,0.9135402871372809,1.0,0.9135402871372809
596,596,0.9117662988142137,1.0,0.9117662988142137
597,597,0.9099760546627261,1.0,0.9099760546627261
598,598,0.9081696253585918,1.0,0.9081696253585918
599,599,0.906347082216547,1.0,0.906347082216547
600,600,0.9045084971874736,1.0,0.9045084971874736
601,601,0.9026539428555609,1.0,0.9026539428555609
602,602,0.9007834924354383,1.0,0.9007834924354383
603,603,0.8988972197692855,1.0,0.8988972197692855
604,604,0.8969951993239176,1.0,0.8969951993239176
605,605,0.8950775061878451,1.0,0.8950775061878451
606,606,0.8931442160683094,1.0,0.8931442160683094
607,607,0.8911954052882939,0.0,0.8911954052882939
608,608,0.8892311507835116,1.0,0.8892311507835116
609,609,0.887251530099367,1.0,0.887251530099367
610,610,0.8852566213878946,1.0,0.8852566213878946
611,611,0.8832465034046749,0.0,0.8832465034046749
612,612,0.8812212555057239,1.0,0.8812212555057239
613,613,0.8791809576443609,1.0,0.8791809576443609
614,614,0.8771256903680518,1.0,0.8771256903680518
615,615,0.8750555348152297,1.0,0.8750555348152297
616,616,0.872970572712091,1.0,0.872970572712091
617,617,0.8708708863693697,1.0,0.8708708863693697
618,618,0.868756558679087,1.0,0.868756558679087
619,619,0.8666276731112801,1.0,0.8666276731112801
620,620,0.8644843137107057,1.0,0.8644843137107057
621,621,0.8623265650935233,1.0,0.8623265650935233
622,622,0.8601545124439534,1.0,0.8601545124439534
623,623,0.8579682415109154,0.0,0.8579682415109154
624,624,0.8557678386046427,1.0,0.8557678386046427
625,625,0.8535533905932737,1.0,0.8535533905932737
626,626,0.8513249848994247,1.0,0.8513249848994247
627,627,0.8490827094967364,1.0,0.8490827094967364
628,628,0.8468266529064026,1.0,0.8468266529064026
629,629,0.8445569041936742,0.0,0.8445569041936742
630,630,0.8422735529643444,1.0,0.8422735529643444
631,631,0.8399766893612095,1.0,0.8399766893612095
632,632,0.8376664040605122,1.0,0.8376664040605122
633,633,0.8353427882683598,1.0,0.8353427882683598
634,634,0.833005933717126,1.0,0.833005933717126
635,635,0.830655932661826,1.0,0.830655932661826
636,636,0.8282928778764782,1.0,0.8282928778764782
637,637,0.8259168626504393,1.0,0.8259168626504393
638,638,0.8235279807847221,1.0,0.8235279807847221
639,639,0.8211263265882923,1.0,0.8211263265882923
640,640,0.8187119948743448,1.0,0.8187119948743448
641,641,0.8162850809565623,1.0,0.8162850809565623
642,642,0.81384568064535,1.0,0.81384568064535
643,643,0.8113938902440562,1.0,0.8113938902440562
644,644,0.808929806545167,1.0,0.808929806545167
645,645,0.8064535268264883,1.0,0.8064535268264883
646,646,0.8039651488473025,1.0,0.8039651488473025
647,647,0.8014647708445124,0.0,0.8014647708445124
648,648,0.7989524915287596,1.0,0.7989524915287596
649,649,0.7964284100805296,1.0,0.7964284100805296
650,650,0.7938926261462367,1.0,0.7938926261462367
651,651,0.791345239834288,1.0,0.791345239834288
652,652,0.7887863517111339,1.0,0.7887863517111339
653,653,0.7862160627972954,0.0,0.7862160627972954
654,654,0.7836344745633781,1.0,0.7836344745633781
655,655,0.7810416889260654,1.0,0.7810416889260654
656,656,0.778437808244094,1.0,0.778437808244094
657,657,0.7758229353142153,1.0,0.7758229353142153
658,658,0.7731971733671344,1.0,0.7731971733671344
659,659,0.770560626063438,1.0,0.770560626063438
660,660,0.7679133974894982,1.0,0.7679133974894982
661,661,0.765255592153367,1.0,0.765255592153367
662,662,0.7625873149806477,1.0,0.7625873149806477
663,663,0.7599086713103548,1.0,0.7599086713103548
664,664,0.7572197668907533,1.0,0.7572197668907533
665,665,0.7545207078751855,1.0,0.7545207078751855
666,666,0.7518116008178806,1.0,0.7518116008178806
667,667,0.7490925526697453,1.0,0.7490925526697453
668,668,0.7463636707741459,1.0,0.7463636707741459
669,669,0.743625062862666,1.0,0.743625062862666
670,670,0.7408768370508576,1.0,0.7408768370508576
671,671,0.7381191018339692,1.0,0.7381191018339692
672,672,0.7353519660826662,1.0,0.7353519660826662
673,673,0.7325755390387293,0.0,0.7325755390387293
674,674,0.7297899303107439,1.0,0.7297899303107439
675,675,0.7269952498697735,1.0,0.7269952498697735
676,676,0.7241916080450159,0.0,0.7241916080450159
677,677,0.7213791155194508,0.0,0.7213791155194508
678,678,0.7185578833254663,0.0,0.7185578833254663
679,679,0.7157280228404795,1.0,0.7157280228404795
680,680,0.7128896457825366,0.0,0.7128896457825366
681,681,0.710042864205903,0.0,0.710042864205903
682,682,0.7071877904966422,0.0,0.7071877904966422
683,683,0.7043245373681745,1.0,0.7043245373681745
684,684,0.7014532178568315,1.0,0.7014532178568315
685,685,0.6985739453173901,1.0,0.6985739453173901
686,686,0.6956868334186013,1.0,0.6956868334186013
687,687,0.692791996138698,0.0,0.692791996138698
688,688,0.6898895477609004,1.0,0.6898895477609004
689,689,0.6869796028689004,0.0,0.6869796028689004
690,690,0.6840622763423388,0.0,0.6840622763423388
691,691,0.681137683352273,0.0,0.681137683352273
692,692,0.6782059393566252,0.0,0.6782059393566252
693,693,0.6752671600956295,1.0,0.6752671600956295
694,694,0.6723214615872584,1.0,0.6723214615872584
695,695,0.6693689601226457,1.0,0.6693689601226457
696,696,0.6664097722614931,1.0,0.6664097722614931
697,697,0.6634440148274712,0.0,0.6634440148274712
698,698,0.6604718049036049,1.0,0.6604718049036049
699,699,0.6574932598276523,1.0,0.6574932598276523
700,700,0.6545084971874737,1.0,0.6545084971874737
701,701,0.6515176348163869,1.0,0.6515176348163869
702,702,0.6485207907885175,1.0,0.6485207907885175
703,703,0.6455180834141357,0.0,0.6455180834141357
704,704,0.6425096312349879,1.0,0.6425096312349879
705,705,0.6394955530196144,1.0,0.6394955530196144
706,706,0.6364759677586626,1.0,0.6364759677586626
707,707,0.633450994660188,0.0,0.633450994660188
708,708,0.6304207531449484,1.0,0.6304207531449484
709,709,0.6273853628416912,0.0,0.6273853628416912
710,710,0.6243449435824273,1.0,0.6243449435824273
711,711,0.6212996153977037,0.0,0.6212996153977037
712,712,0.6182494985118622,1.0,0.6182494985118622
713,713,0.6151947133382952,0.0,0.6151947133382952
714,714,0.6121353804746907,0.0,0.6121353804746907
715,715,0.6090716206982713,1.0,0.6090716206982713
716,716,0.6060035549610273,0.0,0.6060035549610273
717,717,0.6029313043849405,0.0,0.6029313043849405
718,718,0.5998549902572036,0.0,0.5998549902572036
719,719,0.59677473402543,1.0,0.59677473402543
720,720,0.5936906572928623,0.0,0.5936906572928623
721,721,0.5906028818135685,0.0,0.5906028818135685
722,722,0.5875115294876381,1.0,0.5875115294876381
723,723,0.5844167223563672,1.0,0.5844167223563672
724,724,0.5813185825974416,1.0,0.5813185825974416
725,725,0.5782172325201156,0.0,0.5782172325201156
726,726,0.5751127945603784,1.0,0.5751127945603784
727,727,0.572005391276126,0.0,0.572005391276126
728,728,0.5688951453423188,1.0,0.5688951453423188
729,729,0.5657821795461412,1.0,0.5657821795461412
730,730,0.5626666167821519,0.0,0.5626666167821519
731,731,0.5595485800474349,0.0,0.5595485800474349
732,732,0.5564281924367409,1.0,0.5564281924367409
733,733,0.5533055771376298,1.0,0.5533055771376298
734,734,0.5501808574256074,1.0,0.5501808574256074
735,735,0.5470541566592569,0.0,0.5470541566592569
736,736,0.5439255982753717,0.0,0.5439255982753717
737,737,0.5407953057840785,0.0,0.5407953057840785
738,738,0.5376634027639664,0.0,0.5376634027639664
739,739,0.534530012857203,1.0,0.534530012857203
740,740,0.5313952597646565,1.0,0.5313952597646565
741,741,0.5282592672410124,0.0,0.5282592672410124
742,742,0.5251221590898847,1.0,0.5251221590898847
743,743,0.5219840591589325,0.0,0.5219840591589325
744,744,0.5188450913349671,1.0,0.5188450913349671
745,745,0.5157053795390641,0.0,0.5157053795390641
746,746,0.5125650477216686,1.0,0.5125650477216686
747,747,0.509424219857704,0.0,0.509424219857704
748,748,0.5062830199416765,1.0,0.5062830199416765
749,749,0.5031415719827793,1.0,0.5031415719827793
750,750,0.5000000000000001,1.0,0.5000000000000001
751,751,0.4968584280172203,1.0,0.4968584280172203
752,752,0.4937169800583237,0.0,0.4937169800583237
753,753,0.49057578014229575,0.0,0.49057578014229575
754,754,0.48743495227833133,1.0,0.48743495227833133
755,755,0.4842946204609357,1.0,0.4842946204609357
756,756,0.4811549086650327,1.0,0.4811549086650327
757,757,0.4780159408410678,0.0,0.4780159408410678
758,758,0.4748778409101151,1.0,0.4748778409101151
759,759,0.47174073275898776,0.0,0.47174073275898776
760,760,0.4686047402353431,1.0,0.4686047402353431
761,761,0.46546998714279714,1.0,0.46546998714279714
762,762,0.4623365972360334,1.0,0.4623365972360334
763,763,0.45920469421592114,1.0,0.45920469421592114
764,764,0.4560744017246286,0.0,0.4560744017246286
765,765,0.4529458433407428,0.0,0.4529458433407428
766,766,0.44981914257439265,1.0,0.44981914257439265
767,767,0.4466944228623699,1.0,0.4466944228623699
768,768,0.4435718075632592,0.0,0.4435718075632592
769,769,0.440451419952565,0.0,0.440451419952565
770,770,0.437333383217848,0.0,0.437333383217848
771,771,0.4342178204538585,1.0,0.4342178204538585
772,772,0.43110485465768095,1.0,0.43110485465768095
773,773,0.4279946087238741,0.0,0.4279946087238741
774,774,0.4248872054396214,0.0,0.4248872054396214
775,775,0.4217827674798847,0.0,0.4217827674798847
776,776,0.4186814174025581,0.0,0.4186814174025581
777,777,0.4155832776436332,1.0,0.4155832776436332
778,778,0.41248847051236176,1.0,0.41248847051236176
779,779,0.40939711818643126,0.0,0.40939711818643126
780,780,0.4063093427071374,0.0,0.4063093427071374
781,781,0.40322526597456976,0.0,0.40322526597456976
782,782,0.4001450097427966,1.0,0.4001450097427966
783,783,0.3970686956150592,0.0,0.3970686956150592
784,784,0.3939964450389728,1.0,0.3939964450389728
785,785,0.39092837930172863,1.0,0.39092837930172863
786,786,0.3878646195253095,0.0,0.3878646195253095
787,787,0.38480528666170455,1.0,0.38480528666170455
788,788,0.3817505014881376,0.0,0.3817505014881376
789,789,0.3787003846022965,0.0,0.3787003846022965
790,790,0.3756550564175726,0.0,0.3756550564175726
791,791,0.3726146371583091,0.0,0.3726146371583091
792,792,0.3695792468550514,1.0,0.3695792468550514
793,793,0.3665490053398122,0.0,0.3665490053398122
794,794,0.3635240322413372,0.0,0.3635240322413372
795,795,0.3605044469803853,1.0,0.3605044469803853
796,796,0.3574903687650117,1.0,0.3574903687650117
797,797,0.354481916585864,1.0,0.354481916585864
798,798,0.3514792092114827,0.0,0.3514792092114827
799,799,0.348482365183613,1.0,0.348482365183613
800,800,0.34549150281252644,1.0,0.34549150281252644
801,801,0.3425067401723475,0.0,0.3425067401723475
802,802,0.3395281950963953,0.0,0.3395281950963953
803,803,0.33655598517252855,0.0,0.33655598517252855
804,804,0.3335902277385067,1.0,0.3335902277385067
805,805,0.33063103987735404,0.0,0.33063103987735404
806,806,0.32767853841274136,0.0,0.32767853841274136
807,807,0.32473283990437063,0.0,0.32473283990437063
808,808,0.32179406064337457,0.0,0.32179406064337457
809,809,0.31886231664772724,1.0,0.31886231664772724
810,810,0.3159377236576609,1.0,0.3159377236576609
811,811,0.3130203971310998,1.0,0.3130203971310998
812,812,0.3101104522390993,0.0,0.3101104522390993
813,813,0.30720800386130165,0.0,0.30720800386130165
814,814,0.3043131665813985,0.0,0.3043131665813985
815,815,0.30142605468260963,1.0,0.30142605468260963
816,816,0.2985467821431688,1.0,0.2985467821431688
817,817,0.29567546263182537,0.0,0.29567546263182537
818,818,0.292812209503358,1.0,0.292812209503358
819,819,0.28995713579409665,0.0,0.28995713579409665
820,820,0.2871103542174637,0.0,0.2871103542174637
821,821,0.28427197715952024,0.0,0.28427197715952024
822,822,0.28144211667453356,0.0,0.28144211667453356
823,823,0.2786208844805494,0.0,0.2786208844805494
824,824,0.27580839195498374,0.0,0.27580839195498374
825,825,0.2730047501302266,0.0,0.2730047501302266
826,826,0.2702100696892559,0.0,0.2702100696892559
827,827,0.26742446096127087,0.0,0.26742446096127087
828,828,0.26464803391733355,0.0,0.26464803391733355
829,829,0.26188089816603044,0.0,0.26188089816603044
830,830,0.25912316294914217,0.0,0.25912316294914217
831,831,0.25637493713733384,1.0,0.25637493713733384
832,832,0.2536363292258543,0.0,0.2536363292258543
833,833,0.25090744733025455,1.0,0.25090744733025455
834,834,0.24818839918211963,1.0,0.24818839918211963
835,835,0.2454792921248142,0.0,0.2454792921248142
836,836,0.24278023310924682,0.0,0.24278023310924682
837,837,0.24009132868964508,1.0,0.24009132868964508
838,838,0.23741268501935217,1.0,0.23741268501935217
839,839,0.23474440784663275,0.0,0.23474440784663275
840,840,0.23208660251050164,0.0,0.23208660251050164
841,841,0.22943937393656216,0.0,0.22943937393656216
842,842,0.22680282663286536,0.0,0.22680282663286536
843,843,0.22417706468578497,1.0,0.22417706468578497
844,844,0.22156219175590586,0.0,0.22156219175590586
845,845,0.2189583110739347,0.0,0.2189583110739347
846,846,0.21636552543662158,1.0,0.21636552543662158
847,847,0.21378393720270453,1.0,0.21378393720270453
848,848,0.21121364828886632,0.0,0.21121364828886632
849,849,0.2086547601657119,0.0,0.2086547601657119
850,850,0.2061073738537635,0.0,0.2061073738537635
851,851,0.20357158991947025,1.0,0.20357158991947025
852,852,0.2010475084712406,0.0,0.2010475084712406
853,853,0.1985352291554875,0.0,0.1985352291554875
854,854,0.19603485115269734,0.0,0.19603485115269734
855,855,0.19354647317351156,1.0,0.19354647317351156
856,856,0.1910701934548328,1.0,0.1910701934548328
857,857,0.18860610975594388,1.0,0.18860610975594388
858,858,0.18615431935464966,0.0,0.18615431935464966
859,859,0.18371491904343787,0.0,0.18371491904343787
860,860,0.18128800512565502,0.0,0.18128800512565502
861,861,0.17887367341170785,0.0,0.17887367341170785
862,862,0.1764720192152777,0.0,0.1764720192152777
863,863,0.17408313734956063,0.0,0.17408313734956063
864,864,0.1717071221235216,0.0,0.1717071221235216
865,865,0.169344067338174,0.0,0.169344067338174
866,866,0.16699406628287428,0.0,0.16699406628287428
867,867,0.1646572117316399,0.0,0.1646572117316399
868,868,0.16233359593948785,0.0,0.16233359593948785
869,869,0.16002331063879024,0.0,0.16002331063879024
870,870,0.15772644703565566,0.0,0.15772644703565566
871,871,0.1554430958063256,1.0,0.1554430958063256
872,872,0.15317334709359748,0.0,0.15317334709359748
873,873,0.15091729050326377,0.0,0.15091729050326377
874,874,0.14867501510057535,0.0,0.14867501510057535
875,875,0.14644660940672632,0.0,0.14644660940672632
876,876,0.14423216139535724,0.0,0.14423216139535724
877,877,0.14203175848908445,0.0,0.14203175848908445
878,878,0.13984548755604645,0.0,0.13984548755604645
879,879,0.13767343490647668,0.0,0.13767343490647668
880,880,0.13551568628929408,0.0,0.13551568628929408
881,881,0.13337232688871997,0.0,0.13337232688871997
882,882,0.13124344132091312,0.0,0.13124344132091312
883,883,0.12912911363063034,0.0,0.12912911363063034
884,884,0.127029427287909,0.0,0.127029427287909
885,885,0.12494446518477012,0.0,0.12494446518477012
886,886,0.1228743096319481,0.0,0.1228743096319481
887,887,0.12081904235563895,0.0,0.12081904235563895
888,888,0.11877874449427607,0.0,0.11877874449427607
889,889,0.11675349659532491,0.0,0.11675349659532491
890,890,0.11474337861210533,0.0,0.11474337861210533
891,891,0.11274846990063316,0.0,0.11274846990063316
892,892,0.1107688492164882,0.0,0.1107688492164882
893,893,0.10880459471170599,0.0,0.10880459471170599
894,894,0.10685578393169043,0.0,0.10685578393169043
895,895,0.10492249381215485,0.0,0.10492249381215485
896,896,0.10300480067608218,0.0,0.10300480067608218
897,897,0.10110278023071448,0.0,0.10110278023071448
898,898,0.09921650756456156,0.0,0.09921650756456156
899,899,0.09734605714443896,0.0,0.09734605714443896
900,900,0.09549150281252634,0.0,0.09549150281252634
901,901,0.09365291778345294,1.0,0.09365291778345294
902,902,0.09183037464140807,0.0,0.09183037464140807
903,903,0.09002394533727374,0.0,0.09002394533727374
904,904,0.08823370118578629,1.0,0.08823370118578629
905,905,0.08645971286271895,0.0,0.08645971286271895
906,906,0.08470205040209364,0.0,0.08470205040209364
907,907,0.08296078319341449,0.0,0.08296078319341449
908,908,0.0812359799789291,0.0,0.0812359799789291
909,909,0.07952770885091551,0.0,0.07952770885091551
910,910,0.07783603724899238,0.0,0.07783603724899238
911,911,0.0761610319574584,0.0,0.0761610319574584
912,912,0.07450275910265397,0.0,0.07450275910265397
913,913,0.07286128415035241,0.0,0.07286128415035241
914,914,0.07123667190317372,0.0,0.07123667190317372
915,915,0.06962898649802814,0.0,0.06962898649802814
916,916,0.0680382914035824,0.0,0.0680382914035824
917,917,0.06646464941775491,0.0,0.06646464941775491
918,918,0.06490812266523723,0.0,0.06490812266523723
919,919,0.06336877259503985,0.0,0.06336877259503985
920,920,0.06184665997806822,0.0,0.06184665997806822
921,921,0.06034184490472176,0.0,0.06034184490472176
922,922,0.058854386782523346,0.0,0.058854386782523346
923,923,0.057384344333772264,0.0,0.057384344333772264
924,924,0.05593177559322769,0.0,0.05593177559322769
925,925,0.05449673790581613,0.0,0.05449673790581613
926,926,0.05307928792436805,0.0,0.05307928792436805
927,927,0.05167948160738209,0.0,0.05167948160738209
928,928,0.0502973742168144,0.0,0.0502973742168144
929,929,0.048933020315898586,0.0,0.048933020315898586
930,930,0.047586473766990135,0.0,0.047586473766990135
931,931,0.046257787729441516,0.0,0.046257787729441516
932,932,0.04494701465750223,0.0,0.04494701465750223
933,933,0.04365420629824856,0.0,0.04365420629824856
934,934,0.042379413689541255,0.0,0.042379413689541255
935,935,0.04112268715800937,0.0,0.04112268715800937
936,936,0.039884076317064844,0.0,0.039884076317064844
937,937,0.0386636300649425,0.0,0.0386636300649425
938,938,0.03746139658277098,0.0,0.03746139658277098
939,939,0.03627742333266924,0.0,0.03627742333266924
940,940,0.03511175705587428,0.0,0.03511175705587428
941,941,0.03396444377089456,0.0,0.03396444377089456
942,942,0.03283552877169394,0.0,0.03283552877169394
943,943,0.03172505662590386,0.0,0.03172505662590386
944,944,0.030633071173062895,0.0,0.030633071173062895
945,945,0.029559615522887276,0.0,0.029559615522887276
946,946,0.02850473205356769,0.0,0.02850473205356769
947,947,0.02746846241009757,0.0,0.02746846241009757
948,948,0.02645084750262777,0.0,0.02645084750262777
949,949,0.025451927504852676,0.0,0.025451927504852676
950,950,0.02447174185242325,0.0,0.02447174185242325
951,951,0.023510329241390546,0.0,0.023510329241390546
952,952,0.022567727626678538,0.0,0.022567727626678538
953,953,0.021643974220584707,0.0,0.021643974220584707
954,954,0.020739105491312058,0.0,0.020739105491312058
955,955,0.019853157161528395,0.0,0.019853157161528395
956,956,0.018986164206957045,0.0,0.018986164206957045
957,957,0.01813816085499519,0.0,0.01813816085499519
958,958,0.01730918058336303,0.0,0.01730918058336303
959,959,0.016499256118782498,0.0,0.016499256118782498
960,960,0.015708419435684403,0.0,0.015708419435684403
961,961,0.014936701754947091,0.0,0.014936701754947091
962,962,0.014184133542662986,0.0,0.014184133542662986
963,963,0.013450744508936718,0.0,0.013450744508936718
964,964,0.012736563606711368,0.0,0.012736563606711368
965,965,0.012041619030626288,0.0,0.012041619030626288
966,966,0.0113659382159033,0.0,0.0113659382159033
967,967,0.010709547837263926,0.0,0.010709547837263926
968,968,0.010072473807876585,0.0,0.010072473807876585
969,969,0.009454741278332925,0.0,0.009454741278332925
970,970,0.008856374635655665,0.0,0.008856374635655665
971,971,0.00827739750233512,0.0,0.00827739750233512
972,972,0.0077178327353973055,0.0,0.0077178327353973055
973,973,0.0071777024255009385,0.0,0.0071777024255009385
974,974,0.006657027896065952,0.0,0.006657027896065952
975,975,0.0061558297024311565,0.0,0.0061558297024311565
976,976,0.005674127631042977,0.0,0.005674127631042977
977,977,0.005211940698674523,0.0,0.005211940698674523
978,978,0.004769287151674365,0.0,0.004769287151674365
979,979,0.004346184465246717,0.0,0.004346184465246717
980,980,0.003942649342761054,0.0,0.003942649342761054
981,981,0.0035586977150931626,0.0,0.0035586977150931626
982,982,0.0031943447399957626,0.0,0.0031943447399957626
983,983,0.0028496048015005425,0.0,0.0028496048015005425
984,984,0.002524491509349932,0.0,0.002524491509349932
985,985,0.0022190176984599797,0.0,0.0022190176984599797
986,986,0.001933195428413772,0.0,0.001933195428413772
987,987,0.0016670359829850422,0.0,0.0016670359829850422
988,988,0.0014205498696930334,0.0,0.0014205498696930334
989,989,0.0011937468193873775,0.0,0.0011937468193873775
990,990,0.0009866357858642153,0.0,0.0009866357858642153
991,991,0.0007992249455124861,0.0,0.0007992249455124861
992,992,0.0006315216969912455,0.0,0.0006315216969912455
993,993,0.0004835326609376391,0.0,0.0004835326609376391
994,994,0.0003552636797053702,0.0,0.0003552636797053702
995,995,0.0002467198171342226,0.0,0.0002467198171342226
996,996,0.000157905358350003,0.0,0.000157905358350003
997,997,8.882380959549474e-05,0.0,8.882380959549474e-05
998,998,3.9477898091936493e-05,0.0,3.9477898091936493e-05
999,999,9.869571931434615e-06,0.0,9.869571931434615e-06
1000,1000,1.4997597826618576e-32,0.0,1.4997597826618576e-32
1001,1001,9.869571931435867e-06,0.0,9.869571931435867e-06
1002,1002,3.947789809193899e-05,0.0,3.947789809193899e-05
1003,1003,8.88238095954985e-05,0.0,8.88238095954985e-05
1004,1004,0.00015790535835000802,0.0,0.00015790535835000802
1005,1005,0.0002467198171342288,0.0,0.0002467198171342288
1006,1006,0.0003552636797053777,0.0,0.0003552636797053777
1007,1007,0.00048353266093764777,0.0,0.00048353266093764777
1008,1008,0.0006315216969912556,0.0,0.0006315216969912556
1009,1009,0.0007992249455124723,0.0,0.0007992249455124723
1010,1010,0.000986635785864228,0.0,0.000986635785864228
1011,1011,0.0011937468193873914,0.0,0.0011937468193873914
1012,1012,0.0014205498696930486,0.0,0.0014205498696930486
1013,1013,0.001667035982985058,0.0,0.001667035982985058
1014,1014,0.001933195428413789,0.0,0.001933195428413789
1015,1015,0.0022190176984599984,0.0,0.0022190176984599984
1016,1016,0.0025244915093499075,0.0,0.0025244915093499075
1017,1017,0.002849604801500564,0.0,0.002849604801500564
1018,1018,0.003194344739995785,0.0,0.003194344739995785
1019,1019,0.0035586977150931865,0.0,0.0035586977150931865
1020,1020,0.003942649342761081,0.0,0.003942649342761081
1021,1021,0.004346184465246745,0.0,0.004346184465246745
1022,1022,0.0047692871516743915,0.0,0.0047692871516743915
1023,1023,0.005211940698674553,0.0,0.005211940698674553
1024,1024,0.005674127631043006,0.0,0.005674127631043006
1025,1025,0.006155829702431117,0.0,0.006155829702431117
1026,1026,0.006657027896065986,0.0,0.006657027896065986
1027,1027,0.0071777024255009715,0.0,0.0071777024255009715
1028,1028,0.007717832735397339,0.0,0.007717832735397339
1029,1029,0.008277397502335155,0.0,0.008277397502335155
1030,1030,0.008856374635655702,0.0,0.008856374635655702
1031,1031,0.009454741278332965,0.0,0.009454741278332965
1032,1032,0.010072473807876623,0.0,0.010072473807876623
1033,1033,0.010709547837263966,0.0,0.010709547837263966
1034,1034,0.011365938215903246,0.0,0.011365938215903246
1035,1035,0.012041619030626331,0.0,0.012041619030626331
1036,1036,0.012736563606711415,0.0,0.012736563606711415
1037,1037,0.013450744508936763,0.0,0.013450744508936763
1038,1038,0.01418413354266303,0.0,0.01418413354266303
1039,1039,0.014936701754947138,0.0,0.014936701754947138
1040,1040,0.01570841943568445,0.0,0.01570841943568445
1041,1041,0.016499256118782436,0.0,0.016499256118782436
1042,1042,0.017309180583363087,0.0,0.017309180583363087
1043,1043,0.018138160854995124,0.0,0.018138160854995124
1044,1044,0.018986164206957097,0.0,0.018986164206957097
1045,1045,0.01985315716152845,0.0,0.01985315716152845
1046,1046,0.020739105491312113,0.0,0.020739105491312113
1047,1047,0.021643974220584766,0.0,0.021643974220584766
1048,1048,0.022567727626678597,0.0,0.022567727626678597
1049,1049,0.023510329241390616,1.0,0.023510329241390616
1050,1050,0.024471741852423172,0.0,0.024471741852423172
1051,1051,0.02545192750485275,0.0,0.02545192750485275
1052,1052,0.026450847502627835,0.0,0.026450847502627835
1053,1053,0.027468462410097635,0.0,0.027468462410097635
1054,1054,0.028504732053567756,0.0,0.028504732053567756
1055,1055,0.029559615522887342,0.0,0.029559615522887342
1056,1056,0.03063307117306297,0.0,0.03063307117306297
1057,1057,0.03172505662590393,0.0,0.03172505662590393
1058,1058,0.03283552877169401,1.0,0.03283552877169401
1059,1059,0.03396444377089448,0.0,0.03396444377089448
1060,1060,0.03511175705587435,0.0,0.03511175705587435
1061,1061,0.03627742333266932,0.0,0.03627742333266932
1062,1062,0.037461396582771055,0.0,0.037461396582771055
1063,1063,0.03866363006494258,0.0,0.03866363006494258
1064,1064,0.03988407631706492,0.0,0.03988407631706492
1065,1065,0.041122687158009444,0.0,0.041122687158009444
1066,1066,0.042379413689541165,0.0,0.042379413689541165
1067,1067,0.04365420629824864,0.0,0.04365420629824864
1068,1068,0.044947014657502116,0.0,0.044947014657502116
1069,1069,0.0462577877294416,0.0,0.0462577877294416
1070,1070,0.04758647376699022,0.0,0.04758647376699022
1071,1071,0.048933020315898676,0.0,0.048933020315898676
1072,1072,0.05029737421681449,0.0,0.05029737421681449
1073,1073,0.05167948160738218,0.0,0.05167948160738218
1074,1074,0.05307928792436814,0.0,0.05307928792436814
1075,1075,0.05449673790581601,0.0,0.05449673790581601
1076,1076,0.05593177559322779,0.0,0.05593177559322779
1077,1077,0.05738434433377236,0.0,0.05738434433377236
1078,1078,0.05885438678252344,0.0,0.05885438678252344
1079,1079,0.06034184490472186,0.0,0.06034184490472186
1080,1080,0.06184665997806832,0.0,0.06184665997806832
1081,1081,0.06336877259503994,0.0,0.06336877259503994
1082,1082,0.06490812266523731,0.0,0.06490812266523731
1083,1083,0.06646464941775503,0.0,0.06646464941775503
1084,1084,0.0680382914035823,1.0,0.0680382914035823
1085,1085,0.06962898649802825,0.0,0.06962898649802825
1086,1086,0.07123667190317384,0.0,0.07123667190317384
1087,1087,0.07286128415035249,0.0,0.07286128415035249
1088,1088,0.07450275910265407,0.0,0.07450275910265407
1089,1089,0.07616103195745852,0.0,0.07616103195745852
1090,1090,0.07783603724899248,0.0,0.07783603724899248
1091,1091,0.07952770885091563,0.0,0.07952770885091563
1092,1092,0.0812359799789292,0.0,0.0812359799789292
1093,1093,0.08296078319341435,0.0,0.08296078319341435
1094,1094,0.08470205040209376,1.0,0.08470205040209376
1095,1095,0.08645971286271904,0.0,0.08645971286271904
1096,1096,0.08823370118578638,1.0,0.08823370118578638
1097,1097,0.09002394533727384,0.0,0.09002394533727384
1098,1098,0.09183037464140817,0.0,0.09183037464140817
1099,1099,0.09365291778345305,1.0,0.09365291778345305
1100,1100,0.0954915028125262,0.0,0.0954915028125262
1101,1101,0.0973460571444391,0.0,0.0973460571444391
1102,1102,0.09921650756456167,0.0,0.09921650756456167
1103,1103,0.10110278023071459,0.0,0.10110278023071459
1104,1104,0.10300480067608234,0.0,0.10300480067608234
1105,1105,0.10492249381215495,0.0,0.10492249381215495
1106,1106,0.10685578393169058,0.0,0.10685578393169058
1107,1107,0.1088045947117061,0.0,0.1088045947117061
1108,1108,0.11076884921648834,1.0,0.11076884921648834
1109,1109,0.11274846990063302,0.0,0.11274846990063302
1110,1110,0.11474337861210546,0.0,0.11474337861210546
1111,1111,0.11675349659532502,0.0,0.11675349659532502
1112,1112,0.11877874449427618,0.0,0.11877874449427618
1113,1113,0.12081904235563908,0.0,0.12081904235563908
1114,1114,0.12287430963194826,0.0,0.12287430963194826
1115,1115,0.12494446518477025,1.0,0.12494446518477025
1116,1116,0.1270294272879091,0.0,0.1270294272879091
1117,1117,0.12912911363063045,0.0,0.12912911363063045
1118,1118,0.13124344132091298,0.0,0.13124344132091298
1119,1119,0.13337232688872008,0.0,0.13337232688872008
1120,1120,0.1355156862892942,0.0,0.1355156862892942
1121,1121,0.1376734349064768,1.0,0.1376734349064768
1122,1122,0.13984548755604656,0.0,0.13984548755604656
1123,1123,0.14203175848908461,0.0,0.14203175848908461
1124,1124,0.14423216139535738,0.0,0.14423216139535738
1125,1125,0.14644660940672616,0.0,0.14644660940672616
1126,1126,0.14867501510057549,0.0,0.14867501510057549
1127,1127,0.15091729050326358,1.0,0.15091729050326358
1128,1128,0.15317334709359764,0.0,0.15317334709359764
1129,1129,0.15544309580632573,0.0,0.15544309580632573
1130,1130,0.1577264470356558,0.0,0.1577264470356558
1131,1131,0.16002331063879044,0.0,0.16002331063879044
1132,1132,0.16233359593948798,1.0,0.16233359593948798
1133,1133,0.16465721173164005,0.0,0.16465721173164005
1134,1134,0.16699406628287408,0.0,0.16699406628287408
1135,1135,0.16934406733817414,1.0,0.16934406733817414
1136,1136,0.17170712212352174,0.0,0.17170712212352174
1137,1137,0.17408313734956077,0.0,0.17408313734956077
1138,1138,0.17647201921527783,0.0,0.17647201921527783
1139,1139,0.17887367341170798,0.0,0.17887367341170798
1140,1140,0.18128800512565516,0.0,0.18128800512565516
1141,1141,0.183714919043438,0.0,0.183714919043438
1142,1142,0.18615431935464985,0.0,0.18615431935464985
1143,1143,0.1886061097559437,0.0,0.1886061097559437
1144,1144,0.19107019345483295,0.0,0.19107019345483295
1145,1145,0.1935464731735117,1.0,0.1935464731735117
1146,1146,0.19603485115269748,0.0,0.19603485115269748
1147,1147,0.19853522915548763,0.0,0.19853522915548763
1148,1148,0.20104750847124078,1.0,0.20104750847124078
1149,1149,0.2035715899194704,0.0,0.2035715899194704
1150,1150,0.20610737385376335,0.0,0.20610737385376335
1151,1151,0.20865476016571205,1.0,0.20865476016571205
1152,1152,0.2112136482888661,0.0,0.2112136482888661
1153,1153,0.2137839372027047,0.0,0.2137839372027047
1154,1154,0.21636552543662171,1.0,0.21636552543662171
1155,1155,0.21895831107393487,0.0,0.21895831107393487
1156,1156,0.221562191755906,1.0,0.221562191755906
1157,1157,0.22417706468578513,1.0,0.22417706468578513
1158,1158,0.22680282663286552,1.0,0.22680282663286552
1159,1159,0.22943937393656197,0.0,0.22943937393656197
1160,1160,0.23208660251050178,0.0,0.23208660251050178
1161,1161,0.2347444078466329,0.0,0.2347444078466329
1162,1162,0.23741268501935228,1.0,0.23741268501935228
1163,1163,0.24009132868964522,0.0,0.24009132868964522
1164,1164,0.24278023310924698,0.0,0.24278023310924698
1165,1165,0.24547929212481437,0.0,0.24547929212481437
1166,1166,0.2481883991821198,0.0,0.2481883991821198
1167,1167,0.25090744733025466,0.0,0.25090744733025466
1168,1168,0.25363632922585416,0.0,0.25363632922585416
1169,1169,0.25637493713733395,0.0,0.25637493713733395
1170,1170,0.2591231629491423,0.0,0.2591231629491423
1171,1171,0.26188089816603066,0.0,0.26188089816603066
1172,1172,0.26464803391733366,0.0,0.26464803391733366
1173,1173,0.2674244609612711,0.0,0.2674244609612711
1174,1174,0.27021006968925615,0.0,0.27021006968925615
1175,1175,0.2730047501302269,1.0,0.2730047501302269
1176,1176,0.275808391954984,0.0,0.275808391954984
1177,1177,0.27862088448054917,0.0,0.27862088448054917
1178,1178,0.28144211667453367,0.0,0.28144211667453367
1179,1179,0.28427197715952046,1.0,0.28427197715952046
1180,1180,0.28711035421746384,0.0,0.28711035421746384
1181,1181,0.28995713579409693,0.0,0.28995713579409693
1182,1182,0.2928122095033581,0.0,0.2928122095033581
1183,1183,0.29567546263182554,0.0,0.29567546263182554
1184,1184,0.2985467821431686,0.0,0.2985467821431686
1185,1185,0.30142605468260975,0.0,0.30142605468260975
1186,1186,0.30431316658139873,0.0,0.30431316658139873
1187,1187,0.3072080038613019,0.0,0.3072080038613019
1188,1188,0.3101104522390994,0.0,0.3101104522390994
1189,1189,0.31302039713109997,1.0,0.31302039713109997
1190,1190,0.315937723657661,1.0,0.315937723657661
1191,1191,0.3188623166477274,0.0,0.3188623166477274
1192,1192,0.3217940606433747,0.0,0.3217940606433747
1193,1193,0.32473283990437035,0.0,0.32473283990437035
1194,1194,0.3276785384127416,0.0,0.3276785384127416
1195,1195,0.3306310398773542,1.0,0.3306310398773542
1196,1196,0.33359022773850683,1.0,0.33359022773850683
1197,1197,0.3365559851725288,1.0,0.3365559851725288
1198,1198,0.3395281950963955,0.0,0.3395281950963955
1199,1199,0.34250674017234767,0.0,0.34250674017234767
1200,1200,0.34549150281252655,1.0,0.34549150281252655
1201,1201,0.3484823651836131,1.0,0.3484823651836131
1202,1202,0.3514792092114824,1.0,0.3514792092114824
1203,1203,0.35448191658586425,0.0,0.35448191658586425
1204,1204,0.3574903687650119,0.0,0.3574903687650119
1205,1205,0.3605044469803856,0.0,0.3605044469803856
1206,1206,0.36352403224133734,0.0,0.36352403224133734
1207,1207,0.3665490053398125,1.0,0.3665490053398125
1208,1208,0.36957924685505167,0.0,0.36957924685505167
1209,1209,0.37261463715830884,0.0,0.37261463715830884
1210,1210,0.37565505641757274,1.0,0.37565505641757274
1211,1211,0.3787003846022962,0.0,0.3787003846022962
1212,1212,0.3817505014881378,0.0,0.3817505014881378
1213,1213,0.3848052866617047,0.0,0.3848052866617047
1214,1214,0.3878646195253096,1.0,0.3878646195253096
1215,1215,0.39092837930172875,1.0,0.39092837930172875
1216,1216,0.39399644503897296,1.0,0.39399644503897296
1217,1217,0.39706869561505953,0.0,0.39706869561505953
1218,1218,0.4001450097427963,1.0,0.4001450097427963
1219,1219,0.40322526597457004,0.0,0.40322526597457004
1220,1220,0.4063093427071376,1.0,0.4063093427071376
1221,1221,0.40939711818643154,1.0,0.40939711818643154
1222,1222,0.41248847051236204,1.0,0.41248847051236204
1223,1223,0.4155832776436333,1.0,0.4155832776436333
1224,1224,0.4186814174025582,1.0,0.4186814174025582
1225,1225,0.42178276747988486,1.0,0.42178276747988486
1226,1226,0.4248872054396215,0.0,0.4248872054396215
1227,1227,0.42799460872387385,0.0,0.42799460872387385
1228,1228,0.43110485465768106,0.0,0.43110485465768106
1229,1229,0.43421782045385876,0.0,0.43421782045385876
1230,1230,0.4373333832178481,0.0,0.4373333832178481
1231,1231,0.4404514199525651,1.0,0.4404514199525651
1232,1232,0.44357180756325937,0.0,0.44357180756325937
1233,1233,0.44669442286237004,1.0,0.44669442286237004
1234,1234,0.44981914257439237,1.0,0.44981914257439237
1235,1235,0.45294584334074295,1.0,0.45294584334074295
1236,1236,0.4560744017246283,1.0,0.4560744017246283
1237,1237,0.4592046942159213,0.0,0.4592046942159213
1238,1238,0.46233659723603365,0.0,0.46233659723603365
1239,1239,0.4654699871427973,0.0,0.4654699871427973
1240,1240,0.4686047402353434,0.0,0.4686047402353434
1241,1241,0.4717407327589879,1.0,0.4717407327589879
1242,1242,0.47487784091011526,0.0,0.47487784091011526
1243,1243,0.47801594084106747,1.0,0.47801594084106747
1244,1244,0.48115490866503285,1.0,0.48115490866503285
1245,1245,0.48429462046093585,1.0,0.48429462046093585
1246,1246,0.4874349522783315,1.0,0.4874349522783315
1247,1247,0.4905757801422959,0.0,0.4905757801422959
1248,1248,0.4937169800583238,0.0,0.4937169800583238
1249,1249,0.49685842801722063,0.0,0.49685842801722063
1250,1250,0.5000000000000002,0.0,0.5000000000000002
1251,1251,0.5031415719827796,1.0,0.5031415719827796
1252,1252,0.5062830199416761,0.0,0.5062830199416761
1253,1253,0.5094242198577043,0.0,0.5094242198577043
1254,1254,0.5125650477216687,1.0,0.5125650477216687
1255,1255,0.5157053795390643,1.0,0.5157053795390643
1256,1256,0.5188450913349671,0.0,0.5188450913349671
1257,1257,0.5219840591589328,0.0,0.5219840591589328
1258,1258,0.5251221590898848,1.0,0.5251221590898848
1259,1259,0.5282592672410127,1.0,0.5282592672410127
1260,1260,0.5313952597646568,1.0,0.5313952597646568
1261,1261,0.5345300128572029,0.0,0.5345300128572029
1262,1262,0.5376634027639666,0.0,0.5376634027639666
1263,1263,0.5407953057840786,1.0,0.5407953057840786
1264,1264,0.5439255982753718,0.0,0.5439255982753718
1265,1265,0.5470541566592572,0.0,0.5470541566592572
1266,1266,0.5501808574256077,1.0,0.5501808574256077
1267,1267,0.5533055771376301,0.0,0.5533055771376301
1268,1268,0.5564281924367406,0.0,0.5564281924367406
1269,1269,0.559548580047435,0.0,0.559548580047435
1270,1270,0.562666616782152,1.0,0.562666616782152
1271,1271,0.5657821795461415,0.0,0.5657821795461415
1272,1272,0.568895145342319,1.0,0.568895145342319
1273,1273,0.5720053912761264,1.0,0.5720053912761264
1274,1274,0.5751127945603789,1.0,0.5751127945603789
1275,1275,0.5782172325201158,1.0,0.5782172325201158
1276,1276,0.5813185825974418,0.0,0.5813185825974418
1277,1277,0.5844167223563669,0.0,0.5844167223563669
1278,1278,0.5875115294876376,0.0,0.5875115294876376
1279,1279,0.590602881813569,1.0,0.590602881813569
1280,1280,0.5936906572928625,0.0,0.5936906572928625
1281,1281,0.5967747340254301,1.0,0.5967747340254301
1282,1282,0.5998549902572033,0.0,0.5998549902572033
1283,1283,0.6029313043849411,1.0,0.6029313043849411
1284,1284,0.6060035549610278,0.0,0.6060035549610278
1285,1285,0.6090716206982714,0.0,0.6090716206982714
1286,1286,0.6121353804746905,1.0,0.6121353804746905
1287,1287,0.615194713338295,1.0,0.615194713338295
1288,1288,0.6182494985118627,1.0,0.6182494985118627
1289,1289,0.621299615397704,0.0,0.621299615397704
1290,1290,0.6243449435824274,0.0,0.6243449435824274
1291,1291,0.6273853628416909,1.0,0.6273853628416909
1292,1292,0.6304207531449489,1.0,0.6304207531449489
1293,1293,0.6334509946601881,1.0,0.6334509946601881
1294,1294,0.6364759677586628,1.0,0.6364759677586628
1295,1295,0.6394955530196145,0.0,0.6394955530196145
1296,1296,0.6425096312349878,1.0,0.6425096312349878
1297,1297,0.6455180834141363,1.0,0.6455180834141363
1298,1298,0.6485207907885177,1.0,0.6485207907885177
1299,1299,0.651517634816387,1.0,0.651517634816387
1300,1300,0.6545084971874736,1.0,0.6545084971874736
1301,1301,0.6574932598276522,1.0,0.6574932598276522
1302,1302,0.6604718049036051,0.0,0.6604718049036051
1303,1303,0.6634440148274714,1.0,0.6634440148274714
1304,1304,0.6664097722614933,1.0,0.6664097722614933
1305,1305,0.6693689601226455,0.0,0.6693689601226455
1306,1306,0.6723214615872589,1.0,0.6723214615872589
1307,1307,0.6752671600956297,1.0,0.6752671600956297
1308,1308,0.6782059393566254,0.0,0.6782059393566254
1309,1309,0.6811376833522726,0.0,0.6811376833522726
1310,1310,0.6840622763423386,1.0,0.6840622763423386
1311,1311,0.6869796028689006,1.0,0.6869796028689006
1312,1312,0.6898895477609006,1.0,0.6898895477609006
1313,1313,0.6927919961386981,0.0,0.6927919961386981
1314,1314,0.6956868334186009,1.0,0.6956868334186009
1315,1315,0.6985739453173907,1.0,0.6985739453173907
1316,1316,0.7014532178568316,1.0,0.7014532178568316
1317,1317,0.7043245373681747,0.0,0.7043245373681747
1318,1318,0.707187790496642,1.0,0.707187790496642
1319,1319,0.7100428642059028,0.0,0.7100428642059028
1320,1320,0.7128896457825367,0.0,0.7128896457825367
1321,1321,0.7157280228404798,1.0,0.7157280228404798
1322,1322,0.7185578833254664,0.0,0.7185578833254664
1323,1323,0.7213791155194507,1.0,0.7213791155194507
1324,1324,0.7241916080450165,1.0,0.7241916080450165
1325,1325,0.7269952498697737,1.0,0.7269952498697737
1326,1326,0.7297899303107439,1.0,0.7297899303107439
1327,1327,0.7325755390387292,1.0,0.7325755390387292
1328,1328,0.735351966082666,1.0,0.735351966082666
1329,1329,0.7381191018339699,1.0,0.7381191018339699
1330,1330,0.7408768370508578,1.0,0.7408768370508578
1331,1331,0.7436250628626662,1.0,0.7436250628626662
1332,1332,0.7463636707741457,1.0,0.7463636707741457
1333,1333,0.7490925526697458,1.0,0.7490925526697458
1334,1334,0.7518116008178808,1.0,0.7518116008178808
1335,1335,0.7545207078751858,0.0,0.7545207078751858
1336,1336,0.7572197668907531,0.0,0.7572197668907531
1337,1337,0.7599086713103546,1.0,0.7599086713103546
1338,1338,0.7625873149806482,0.0,0.7625873149806482
1339,1339,0.7652555921533672,0.0,0.7652555921533672
1340,1340,0.7679133974894983,1.0,0.7679133974894983
1341,1341,0.7705606260634378,0.0,0.7705606260634378
1342,1342,0.7731971733671349,0.0,0.7731971733671349
1343,1343,0.7758229353142153,0.0,0.7758229353142153
1344,1344,0.778437808244094,1.0,0.778437808244094
1345,1345,0.7810416889260652,1.0,0.7810416889260652
1346,1346,0.7836344745633781,0.0,0.7836344745633781
1347,1347,0.7862160627972957,1.0,0.7862160627972957
1348,1348,0.7887863517111339,1.0,0.7887863517111339
1349,1349,0.7913452398342882,1.0,0.7913452398342882
1350,1350,0.7938926261462365,1.0,0.7938926261462365
1351,1351,0.79642841008053,1.0,0.79642841008053
1352,1352,0.7989524915287596,1.0,0.7989524915287596
1353,1353,0.8014647708445124,1.0,0.8014647708445124
1354,1354,0.8039651488473027,1.0,0.8039651488473027
1355,1355,0.8064535268264881,1.0,0.8064535268264881
1356,1356,0.8089298065451674,1.0,0.8089298065451674
1357,1357,0.8113938902440564,1.0,0.8113938902440564
1358,1358,0.8138456806453502,1.0,0.8138456806453502
1359,1359,0.816285080956562,1.0,0.816285080956562
1360,1360,0.8187119948743445,1.0,0.8187119948743445
1361,1361,0.8211263265882925,0.0,0.8211263265882925
1362,1362,0.8235279807847222,1.0,0.8235279807847222
1363,1363,0.8259168626504393,1.0,0.8259168626504393
1364,1364,0.828292877876478,1.0,0.828292877876478
1365,1365,0.8306559326618262,1.0,0.8306559326618262
1366,1366,0.833005933717126,0.0,0.833005933717126
1367,1367,0.8353427882683601,1.0,0.8353427882683601
1368,1368,0.8376664040605122,0.0,0.8376664040605122
1369,1369,0.8399766893612093,1.0,0.8399766893612093
1370,1370,0.8422735529643446,1.0,0.8422735529643446
1371,1371,0.8445569041936744,1.0,0.8445569041936744
1372,1372,0.8468266529064026,0.0,0.8468266529064026
1373,1373,0.8490827094967361,1.0,0.8490827094967361
1374,1374,0.8513249848994249,1.0,0.8513249848994249
1375,1375,0.853553390593274,1.0,0.853553390593274
1376,1376,0.8557678386046427,1.0,0.8557678386046427
1377,1377,0.8579682415109154,1.0,0.8579682415109154
1378,1378,0.8601545124439531,1.0,0.8601545124439531
1379,1379,0.8623265650935236,1.0,0.8623265650935236
1380,1380,0.8644843137107059,1.0,0.8644843137107059
1381,1381,0.8666276731112801,1.0,0.8666276731112801
1382,1382,0.8687565586790867,1.0,0.8687565586790867
1383,1383,0.8708708863693699,1.0,0.8708708863693699
1384,1384,0.8729705727120912,1.0,0.8729705727120912
1385,1385,0.8750555348152299,1.0,0.8750555348152299
1386,1386,0.8771256903680518,1.0,0.8771256903680518
1387,1387,0.8791809576443608,1.0,0.8791809576443608
1388,1388,0.8812212555057242,1.0,0.8812212555057242
1389,1389,0.8832465034046751,0.0,0.8832465034046751
1390,1390,0.8852566213878946,1.0,0.8852566213878946
1391,1391,0.8872515300993667,1.0,0.8872515300993667
1392,1392,0.889231150783512,1.0,0.889231150783512
1393,1393,0.8911954052882943,1.0,0.8911954052882943
1394,1394,0.8931442160683096,1.0,0.8931442160683096
1395,1395,0.8950775061878451,0.0,0.8950775061878451
1396,1396,0.8969951993239176,1.0,0.8969951993239176
1397,1397,0.8988972197692857,1.0,0.8988972197692857
1398,1398,0.9007834924354385,1.0,0.9007834924354385
1399,1399,0.9026539428555609,1.0,0.9026539428555609
1400,1400,0.9045084971874736,1.0,0.9045084971874736
1401,1401,0.9063470822165471,1.0,0.9063470822165471
1402,1402,0.9081696253585922,1.0,0.9081696253585922
1403,1403,0.9099760546627261,1.0,0.9099760546627261
1404,1404,0.9117662988142137,1.0,0.9117662988142137
1405,1405,0.9135402871372806,0.0,0.9135402871372806
1406,1406,0.9152979495979067,1.0,0.9152979495979067
1407,1407,0.9170392168065857,1.0,0.9170392168065857
1408,1408,0.9187640200210709,1.0,0.9187640200210709
1409,1409,0.9204722911490845,0.0,0.9204722911490845
1410,1410,0.9221639627510078,1.0,0.9221639627510078
1411,1411,0.9238389680425417,1.0,0.9238389680425417
1412,1412,0.925497240897346,1.0,0.925497240897346
1413,1413,0.9271387158496477,1.0,0.9271387158496477
1414,1414,0.9287633280968259,1.0,0.9287633280968259
1415,1415,0.930371013501972,1.0,0.930371013501972
1416,1416,0.9319617085964179,1.0,0.9319617085964179
1417,1417,0.9335353505822451,1.0,0.9335353505822451
1418,1418,0.9350918773347627,1.0,0.9350918773347627
1419,1419,0.9366312274049599,1.0,0.9366312274049599
1420,1420,0.938153340021932,1.0,0.938153340021932
1421,1421,0.9396581550952783,1.0,0.9396581550952783
1422,1422,0.9411456132174766,1.0,0.9411456132174766
1423,1423,0.9426156556662276,1.0,0.9426156556662276
1424,1424,0.9440682244067725,1.0,0.9440682244067725
1425,1425,0.945503262094184,1.0,0.945503262094184
1426,1426,0.946920712075632,1.0,0.946920712075632
1427,1427,0.9483205183926179,1.0,0.9483205183926179
1428,1428,0.9497026257831854,1.0,0.9497026257831854
1429,1429,0.9510669796841016,1.0,0.9510669796841016
1430,1430,0.9524135262330098,1.0,0.9524135262330098
1431,1431,0.9537422122705584,1.0,0.9537422122705584
1432,1432,0.9550529853424977,1.0,0.9550529853424977
1433,1433,0.9563457937017517,1.0,0.9563457937017517
1434,1434,0.957620586310459,1.0,0.957620586310459
1435,1435,0.9588773128419905,1.0,0.9588773128419905
1436,1436,0.9601159236829352,1.0,0.9601159236829352
1437,1437,0.9613363699350572,1.0,0.9613363699350572
1438,1438,0.9625386034172293,1.0,0.9625386034172293
1439,1439,0.9637225766673307,1.0,0.9637225766673307
1440,1440,0.9648882429441258,1.0,0.9648882429441258
1441,1441,0.9660355562291054,1.0,0.9660355562291054
1442,1442,0.9671644712283061,1.0,0.9671644712283061
1443,1443,0.9682749433740963,1.0,0.9682749433740963
1444,1444,0.9693669288269372,1.0,0.9693669288269372
1445,1445,0.9704403844771127,1.0,0.9704403844771127
1446,1446,0.971495267946432,1.0,0.971495267946432
1447,1447,0.9725315375899026,1.0,0.9725315375899026
1448,1448,0.9735491524973723,1.0,0.9735491524973723
1449,1449,0.9745480724951472,1.0,0.9745480724951472
1450,1450,0.9755282581475766,1.0,0.9755282581475766
1451,1451,0.9764896707586095,1.0,0.9764896707586095
1452,1452,0.9774322723733215,1.0,0.9774322723733215
1453,1453,0.9783560257794152,0.0,0.9783560257794152
1454,1454,0.9792608945086879,1.0,0.9792608945086879
1455,1455,0.9801468428384714,1.0,0.9801468428384714
1456,1456,0.9810138357930431,1.0,0.9810138357930431
1457,1457,0.981861839145005,1.0,0.981861839145005
1458,1458,0.9826908194166369,1.0,0.9826908194166369
1459,1459,0.9835007438812174,1.0,0.9835007438812174
1460,1460,0.9842915805643156,1.0,0.9842915805643156
1461,1461,0.9850632982450529,1.0,0.9850632982450529
1462,1462,0.985815866457337,1.0,0.985815866457337
1463,1463,0.9865492554910632,1.0,0.9865492554910632
1464,1464,0.9872634363932885,1.0,0.9872634363932885
1465,1465,0.9879583809693737,1.0,0.9879583809693737
1466,1466,0.9886340617840967,1.0,0.9886340617840967
1467,1467,0.989290452162736,1.0,0.989290452162736
1468,1468,0.9899275261921234,1.0,0.9899275261921234
1469,1469,0.990545258721667,1.0,0.990545258721667
1470,1470,0.9911436253643443,1.0,0.9911436253643443
1471,1471,0.9917226024976648,1.0,0.9917226024976648
1472,1472,0.9922821672646027,1.0,0.9922821672646027
1473,1473,0.992822297574499,1.0,0.992822297574499
1474,1474,0.993342972103934,1.0,0.993342972103934
1475,1475,0.9938441702975689,1.0,0.9938441702975689
1476,1476,0.994325872368957,1.0,0.994325872368957
1477,1477,0.9947880593013255,1.0,0.9947880593013255
1478,1478,0.9952307128483256,1.0,0.9952307128483256
1479,1479,0.9956538155347534,1.0,0.9956538155347534
1480,1480,0.9960573506572389,1.0,0.9960573506572389
1481,1481,0.9964413022849069,1.0,0.9964413022849069
1482,1482,0.9968056552600042,1.0,0.9968056552600042
1483,1483,0.9971503951984996,1.0,0.9971503951984996
1484,1484,0.99747550849065,1.0,0.99747550849065
1485,1485,0.9977809823015401,1.0,0.9977809823015401
1486,1486,0.9980668045715861,1.0,0.9980668045715861
1487,1487,0.9983329640170149,1.0,0.9983329640170149
1488,1488,0.9985794501303071,1.0,0.9985794501303071
1489,1489,0.9988062531806127,1.0,0.9988062531806127
1490,1490,0.9990133642141359,1.0,0.9990133642141359
1491,1491,0.9992007750544876,1.0,0.9992007750544876
1492,1492,0.9993684783030089,1.0,0.9993684783030089
1493,1493,0.9995164673390624,1.0,0.9995164673390624
1494,1494,0.9996447363202945,1.0,0.9996447363202945
1495,1495,0.9997532801828658,1.0,0.9997532801828658
1496,1496,0.99984209464165,1.0,0.99984209464165
1497,1497,0.9999111761904046,1.0,0.9999111761904046
1498,1498,0.999960522101908,1.0,0.999960522101908
1499,1499,0.9999901304280686,1.0,0.9999901304280686
1500,1500,1.0,1.0,1.0
1501,1501,0.9999901304280686,1.0,0.9999901304280686
1502,1502,0.999960522101908,1.0,0.999960522101908
1503,1503,0.9999111761904046,1.0,0.9999111761904046
1504,1504,0.99984209464165,1.0,0.99984209464165
1505,1505,0.9997532801828658,1.0,0.9997532801828658
1506,1506,0.9996447363202945,1.0,0.9996447363202945
1507,1507,0.9995164673390624,1.0,0.9995164673390624
1508,1508,0.9993684783030087,1.0,0.9993684783030087
1509,1509,0.9992007750544876,1.0,0.9992007750544876
1510,1510,0.9990133642141357,1.0,0.9990133642141357
1511,1511,0.9988062531806127,1.0,0.9988062531806127
1512,1512,0.9985794501303069,1.0,0.9985794501303069
1513,1513,0.9983329640170149,1.0,0.9983329640170149
1514,1514,0.9980668045715861,1.0,0.9980668045715861
1515,1515,0.9977809823015399,1.0,0.9977809823015399
1516,1516,0.99747550849065,1.0,0.99747550849065
1517,1517,0.9971503951984994,1.0,0.9971503951984994
1518,1518,0.9968056552600042,1.0,0.9968056552600042
1519,1519,0.9964413022849069,1.0,0.9964413022849069
1520,1520,0.9960573506572389,1.0,0.9960573506572389
1521,1521,0.9956538155347534,1.0,0.9956538155347534
1522,1522,0.9952307128483256,1.0,0.9952307128483256
1523,1523,0.9947880593013255,1.0,0.9947880593013255
1524,1524,0.994325872368957,1.0,0.994325872368957
1525,1525,0.9938441702975689,1.0,0.9938441702975689
1526,1526,0.993342972103934,1.0,0.993342972103934
1527,1527,0.992822297574499,1.0,0.992822297574499
1528,1528,0.9922821672646027,1.0,0.9922821672646027
1529,1529,0.9917226024976648,1.0,0.9917226024976648
1530,1530,0.9911436253643443,1.0,0.9911436253643443
1531,1531,0.990545258721667,1.0,0.990545258721667
1532,1532,0.9899275261921234,1.0,0.9899275261921234
1533,1533,0.989290452162736,1.0,0.989290452162736
1534,1534,0.9886340617840965,1.0,0.9886340617840965
1535,1535,0.9879583809693737,1.0,0.9879583809693737
1536,1536,0.9872634363932885,1.0,0.9872634363932885
1537,1537,0.9865492554910634,1.0,0.9865492554910634
1538,1538,0.9858158664573368,1.0,0.9858158664573368
1539,1539,0.9850632982450529,1.0,0.9850632982450529
1540,1540,0.9842915805643156,1.0,0.9842915805643156
1541,1541,0.9835007438812177,1.0,0.9835007438812177
1542,1542,0.9826908194166367,1.0,0.9826908194166367
1543,1543,0.9818618391450048,1.0,0.9818618391450048
1544,1544,0.9810138357930429,1.0,0.9810138357930429
1545,1545,0.9801468428384714,0.0,0.9801468428384714
1546,1546,0.9792608945086881,1.0,0.9792608945086881
1547,1547,0.9783560257794152,1.0,0.9783560257794152
1548,1548,0.9774322723733214,1.0,0.9774322723733214
1549,1549,0.9764896707586095,1.0,0.9764896707586095
1550,1550,0.9755282581475768,1.0,0.9755282581475768
1551,1551,0.9745480724951472,1.0,0.9745480724951472
1552,1552,0.9735491524973721,1.0,0.9735491524973721
1553,1553,0.9725315375899024,1.0,0.9725315375899024
1554,1554,0.9714952679464323,1.0,0.9714952679464323
1555,1555,0.9704403844771129,1.0,0.9704403844771129
1556,1556,0.969366928826937,1.0,0.969366928826937
1557,1557,0.968274943374096,1.0,0.968274943374096
1558,1558,0.9671644712283061,1.0,0.9671644712283061
1559,1559,0.9660355562291056,1.0,0.9660355562291056
1560,1560,0.9648882429441256,1.0,0.9648882429441256
1561,1561,0.9637225766673305,1.0,0.9637225766673305
1562,1562,0.9625386034172291,1.0,0.9625386034172291
1563,1563,0.9613363699350574,0.0,0.9613363699350574
1564,1564,0.9601159236829354,1.0,0.9601159236829354
1565,1565,0.9588773128419905,1.0,0.9588773128419905
1566,1566,0.9576205863104588,1.0,0.9576205863104588
1567,1567,0.9563457937017514,1.0,0.9563457937017514
1568,1568,0.9550529853424978,1.0,0.9550529853424978
1569,1569,0.9537422122705582,1.0,0.9537422122705582
1570,1570,0.9524135262330096,1.0,0.9524135262330096
1571,1571,0.9510669796841014,1.0,0.9510669796841014
1572,1572,0.9497026257831854,1.0,0.9497026257831854
1573,1573,0.9483205183926181,1.0,0.9483205183926181
1574,1574,0.9469207120756316,1.0,0.9469207120756316
1575,1575,0.9455032620941839,1.0,0.9455032620941839
1576,1576,0.9440682244067723,1.0,0.9440682244067723
1577,1577,0.9426156556662276,1.0,0.9426156556662276
1578,1578,0.9411456132174768,1.0,0.9411456132174768
1579,1579,0.9396581550952778,1.0,0.9396581550952778
1580,1580,0.9381533400219317,1.0,0.9381533400219317
1581,1581,0.9366312274049601,1.0,0.9366312274049601
1582,1582,0.935091877334763,1.0,0.935091877334763
1583,1583,0.9335353505822447,1.0,0.9335353505822447
1584,1584,0.9319617085964175,1.0,0.9319617085964175
1585,1585,0.9303710135019718,1.0,0.9303710135019718
1586,1586,0.9287633280968262,1.0,0.9287633280968262
1587,1587,0.9271387158496477,1.0,0.9271387158496477
1588,1588,0.9254972408973458,1.0,0.9254972408973458
1589,1589,0.9238389680425416,1.0,0.9238389680425416
1590,1590,0.9221639627510075,1.0,0.9221639627510075
1591,1591,0.9204722911490846,1.0,0.9204722911490846
1592,1592,0.9187640200210705,1.0,0.9187640200210705
1593,1593,0.9170392168065854,1.0,0.9170392168065854
1594,1594,0.9152979495979062,1.0,0.9152979495979062
1595,1595,0.9135402871372809,1.0,0.9135402871372809
1596,1596,0.9117662988142139,1.0,0.9117662988142139
1597,1597,0.909976054662726,1.0,0.909976054662726
1598,1598,0.9081696253585918,1.0,0.9081696253585918
1599,1599,0.906347082216547,1.0,0.906347082216547
1600,1600,0.9045084971874738,1.0,0.9045084971874738
1601,1601,0.9026539428555607,1.0,0.9026539428555607
1602,1602,0.9007834924354381,0.0,0.9007834924354381
1603,1603,0.8988972197692855,1.0,0.8988972197692855
1604,1604,0.8969951993239178,1.0,0.8969951993239178
1605,1605,0.8950775061878453,1.0,0.8950775061878453
1606,1606,0.8931442160683092,1.0,0.8931442160683092
1607,1607,0.8911954052882939,1.0,0.8911954052882939
1608,1608,0.8892311507835116,1.0,0.8892311507835116
1609,1609,0.887251530099367,0.0,0.887251530099367
1610,1610,0.8852566213878944,1.0,0.8852566213878944
1611,1611,0.8832465034046747,0.0,0.8832465034046747
1612,1612,0.8812212555057239,0.0,0.8812212555057239
1613,1613,0.8791809576443609,1.0,0.8791809576443609
1614,1614,0.877125690368052,1.0,0.877125690368052
1615,1615,0.8750555348152295,1.0,0.8750555348152295
1616,1616,0.872970572712091,0.0,0.872970572712091
1617,1617,0.8708708863693695,0.0,0.8708708863693695
1618,1618,0.8687565586790871,1.0,0.8687565586790871
1619,1619,0.8666276731112796,1.0,0.8666276731112796
1620,1620,0.8644843137107054,1.0,0.8644843137107054
1621,1621,0.8623265650935231,1.0,0.8623265650935231
1622,1622,0.8601545124439536,1.0,0.8601545124439536
1623,1623,0.8579682415109157,1.0,0.8579682415109157
1624,1624,0.8557678386046422,1.0,0.8557678386046422
1625,1625,0.8535533905932735,1.0,0.8535533905932735
1626,1626,0.8513249848994245,1.0,0.8513249848994245
1627,1627,0.8490827094967364,1.0,0.8490827094967364
1628,1628,0.8468266529064021,0.0,0.8468266529064021
1629,1629,0.844556904193674,1.0,0.844556904193674
1630,1630,0.8422735529643444,1.0,0.8422735529643444
1631,1631,0.8399766893612097,1.0,0.8399766893612097
1632,1632,0.8376664040605124,0.0,0.8376664040605124
1633,1633,0.8353427882683596,1.0,0.8353427882683596
1634,1634,0.8330059337171255,1.0,0.8330059337171255
1635,1635,0.8306559326618258,1.0,0.8306559326618258
1636,1636,0.8282928778764784,1.0,0.8282928778764784
1637,1637,0.8259168626504396,1.0,0.8259168626504396
1638,1638,0.8235279807847219,0.0,0.8235279807847219
1639,1639,0.8211263265882921,1.0,0.8211263265882921
1640,1640,0.818711994874345,1.0,0.818711994874345
1641,1641,0.8162850809565624,0.0,0.8162850809565624
1642,1642,0.8138456806453499,1.0,0.8138456806453499
1643,1643,0.8113938902440561,0.0,0.8113938902440561
1644,1644,0.808929806545167,1.0,0.808929806545167
1645,1645,0.8064535268264883,1.0,0.8064535268264883
1646,1646,0.803965148847303,1.0,0.803965148847303
1647,1647,0.801464770844512,0.0,0.801464770844512
1648,1648,0.7989524915287592,1.0,0.7989524915287592
1649,1649,0.7964284100805296,0.0,0.7964284100805296
1650,1650,0.7938926261462367,1.0,0.7938926261462367
1651,1651,0.7913452398342877,1.0,0.7913452398342877
1652,1652,0.7887863517111335,1.0,0.7887863517111335
1653,1653,0.7862160627972954,1.0,0.7862160627972954
1654,1654,0.7836344745633783,1.0,0.7836344745633783
1655,1655,0.7810416889260656,0.0,0.7810416889260656
1656,1656,0.7784378082440936,1.0,0.7784378082440936
1657,1657,0.7758229353142149,1.0,0.7758229353142149
1658,1658,0.7731971733671344,1.0,0.7731971733671344
1659,1659,0.7705606260634381,1.0,0.7705606260634381
1660,1660,0.7679133974894979,1.0,0.7679133974894979
1661,1661,0.7652555921533667,1.0,0.7652555921533667
1662,1662,0.7625873149806478,1.0,0.7625873149806478
1663,1663,0.7599086713103548,1.0,0.7599086713103548
1664,1664,0.7572197668907534,1.0,0.7572197668907534
1665,1665,0.7545207078751853,1.0,0.7545207078751853
1666,1666,0.7518116008178802,0.0,0.7518116008178802
1667,1667,0.7490925526697453,1.0,0.7490925526697453
1668,1668,0.7463636707741459,1.0,0.7463636707741459
1669,1669,0.7436250628626656,1.0,0.7436250628626656
1670,1670,0.7408768370508573,1.0,0.7408768370508573
1671,1671,0.7381191018339694,1.0,0.7381191018339694
1672,1672,0.7353519660826664,1.0,0.7353519660826664
1673,1673,0.7325755390387293,1.0,0.7325755390387293
1674,1674,0.7297899303107435,1.0,0.7297899303107435
1675,1675,0.7269952498697732,1.0,0.7269952498697732
1676,1676,0.7241916080450161,0.0,0.7241916080450161
1677,1677,0.7213791155194508,1.0,0.7213791155194508
1678,1678,0.7185578833254659,0.0,0.7185578833254659
1679,1679,0.7157280228404792,1.0,0.7157280228404792
1680,1680,0.7128896457825361,0.0,0.7128896457825361
1681,1681,0.7100428642059032,0.0,0.7100428642059032
1682,1682,0.7071877904966424,1.0,0.7071877904966424
1683,1683,0.7043245373681741,1.0,0.7043245373681741
1684,1684,0.701453217856831,1.0,0.701453217856831
1685,1685,0.6985739453173901,0.0,0.6985739453173901
1686,1686,0.6956868334186013,0.0,0.6956868334186013
1687,1687,0.6927919961386978,1.0,0.6927919961386978
1688,1688,0.6898895477609003,0.0,0.6898895477609003
1689,1689,0.6869796028689,1.0,0.6869796028689
1690,1690,0.684062276342339,1.0,0.684062276342339
1691,1691,0.681137683352273,1.0,0.681137683352273
1692,1692,0.6782059393566249,0.0,0.6782059393566249
1693,1693,0.6752671600956291,1.0,0.6752671600956291
1694,1694,0.6723214615872584,0.0,0.6723214615872584
1695,1695,0.6693689601226458,1.0,0.6693689601226458
1696,1696,0.6664097722614937,1.0,0.6664097722614937
1697,1697,0.6634440148274708,1.0,0.6634440148274708
1698,1698,0.6604718049036046,0.0,0.6604718049036046
1699,1699,0.6574932598276525,1.0,0.6574932598276525
1700,1700,0.654508497187474,0.0,0.654508497187474
1701,1701,0.6515176348163865,0.0,0.6515176348163865
1702,1702,0.6485207907885172,0.0,0.6485207907885172
1703,1703,0.6455180834141357,1.0,0.6455180834141357
1704,1704,0.6425096312349882,0.0,0.6425096312349882
1705,1705,0.6394955530196149,1.0,0.6394955530196149
1706,1706,0.6364759677586622,0.0,0.6364759677586622
1707,1707,0.6334509946601876,1.0,0.6334509946601876
1708,1708,0.6304207531449485,0.0,0.6304207531449485
1709,1709,0.6273853628416912,0.0,0.6273853628416912
1710,1710,0.624344943582427,1.0,0.624344943582427
1711,1711,0.6212996153977034,1.0,0.6212996153977034
1712,1712,0.6182494985118622,1.0,0.6182494985118622
1713,1713,0.6151947133382955,0.0,0.6151947133382955
1714,1714,0.612135380474691,0.0,0.612135380474691
1715,1715,0.6090716206982708,1.0,0.6090716206982708
1716,1716,0.606003554961027,1.0,0.606003554961027
1717,1717,0.6029313043849407,1.0,0.6029313043849407
1718,1718,0.5998549902572037,1.0,0.5998549902572037
1719,1719,0.5967747340254297,0.0,0.5967747340254297
1720,1720,0.593690657292862,1.0,0.593690657292862
1721,1721,0.5906028818135687,0.0,0.5906028818135687
1722,1722,0.5875115294876381,1.0,0.5875115294876381
1723,1723,0.5844167223563672,1.0,0.5844167223563672
1724,1724,0.5813185825974413,1.0,0.5813185825974413
1725,1725,0.5782172325201153,0.0,0.5782172325201153
1726,1726,0.5751127945603786,1.0,0.5751127945603786
1727,1727,0.5720053912761262,1.0,0.5720053912761262
1728,1728,0.5688951453423184,1.0,0.5688951453423184
1729,1729,0.5657821795461409,1.0,0.5657821795461409
1730,1730,0.562666616782152,0.0,0.562666616782152
1731,1731,0.5595485800474349,0.0,0.5595485800474349
1732,1732,0.5564281924367411,0.0,0.5564281924367411
1733,1733,0.5533055771376295,1.0,0.5533055771376295
1734,1734,0.5501808574256073,1.0,0.5501808574256073
1735,1735,0.5470541566592572,0.0,0.5470541566592572
1736,1736,0.5439255982753718,1.0,0.5439255982753718
1737,1737,0.5407953057840782,1.0,0.5407953057840782
1738,1738,0.537663402763966,1.0,0.537663402763966
1739,1739,0.5345300128572027,1.0,0.5345300128572027
1740,1740,0.5313952597646567,0.0,0.5313952597646567
1741,1741,0.5282592672410125,1.0,0.5282592672410125
1742,1742,0.5251221590898844,1.0,0.5251221590898844
1743,1743,0.5219840591589322,0.0,0.5219840591589322
1744,1744,0.5188450913349671,1.0,0.5188450913349671
1745,1745,0.5157053795390643,0.0,0.5157053795390643
1746,1746,0.5125650477216691,1.0,0.5125650477216691
1747,1747,0.5094242198577036,0.0,0.5094242198577036
1748,1748,0.5062830199416761,1.0,0.5062830199416761
1749,1749,0.5031415719827794,0.0,0.5031415719827794
1750,1750,0.5000000000000002,0.0,0.5000000000000002
1751,1751,0.49685842801722013,0.0,0.49685842801722013
1752,1752,0.4937169800583234,1.0,0.4937169800583234
1753,1753,0.4905757801422959,0.0,0.4905757801422959
1754,1754,0.48743495227833133,0.0,0.48743495227833133
1755,1755,0.48429462046093613,0.0,0.48429462046093613
1756,1756,0.48115490866503235,1.0,0.48115490866503235
1757,1757,0.4780159408410673,0.0,0.4780159408410673
1758,1758,0.47487784091011526,1.0,0.47487784091011526
1759,1759,0.4717407327589879,1.0,0.4717407327589879
1760,1760,0.46860474023534276,1.0,0.46860474023534276
1761,1761,0.46546998714279686,1.0,0.46546998714279686
1762,1762,0.46233659723603354,1.0,0.46233659723603354
1763,1763,0.4592046942159213,0.0,0.4592046942159213
1764,1764,0.45607440172462876,0.0,0.45607440172462876
1765,1765,0.4529458433407425,0.0,0.4529458433407425
1766,1766,0.44981914257439237,1.0,0.44981914257439237
1767,1767,0.44669442286237004,0.0,0.44669442286237004
1768,1768,0.44357180756325937,0.0,0.44357180756325937
1769,1769,0.44045141995256465,0.0,0.44045141995256465
1770,1770,0.43733338321784754,1.0,0.43733338321784754
1771,1771,0.43421782045385865,1.0,0.43421782045385865
1772,1772,0.43110485465768106,0.0,0.43110485465768106
1773,1773,0.4279946087238743,0.0,0.4279946087238743
1774,1774,0.4248872054396211,0.0,0.4248872054396211
1775,1775,0.4217827674798843,0.0,0.4217827674798843
1776,1776,0.4186814174025582,1.0,0.4186814174025582
1777,1777,0.4155832776436333,0.0,0.4155832776436333
1778,1778,0.4124884705123615,0.0,0.4124884705123615
1779,1779,0.409397118186431,0.0,0.409397118186431
1780,1780,0.4063093427071376,0.0,0.4063093427071376
1781,1781,0.4032252659745699,0.0,0.4032252659745699
1782,1782,0.40014500974279676,1.0,0.40014500974279676
1783,1783,0.3970686956150589,0.0,0.3970686956150589
1784,1784,0.3939964450389725,0.0,0.3939964450389725
1785,1785,0.39092837930172875,1.0,0.39092837930172875
1786,1786,0.3878646195253096,0.0,0.3878646195253096
1787,1787,0.38480528666170416,0.0,0.38480528666170416
1788,1788,0.3817505014881374,0.0,0.3817505014881374
1789,1789,0.3787003846022962,1.0,0.3787003846022962
1790,1790,0.3756550564175726,0.0,0.3756550564175726
1791,1791,0.3726146371583091,0.0,0.3726146371583091
1792,1792,0.3695792468550511,0.0,0.3695792468550511
1793,1793,0.366549005339812,0.0,0.366549005339812
1794,1794,0.36352403224133734,1.0,0.36352403224133734
1795,1795,0.3605044469803855,0.0,0.3605044469803855
1796,1796,0.3574903687650115,1.0,0.3574903687650115
1797,1797,0.3544819165858637,1.0,0.3544819165858637
1798,1798,0.3514792092114824,1.0,0.3514792092114824
1799,1799,0.3484823651836131,0.0,0.3484823651836131
1800,1800,0.34549150281252655,0.0,0.34549150281252655
1801,1801,0.3425067401723471,0.0,0.3425067401723471
1802,1802,0.3395281950963949,0.0,0.3395281950963949
1803,1803,0.33655598517252866,0.0,0.33655598517252866
1804,1804,0.33359022773850683,1.0,0.33359022773850683
1805,1805,0.3306310398773546,0.0,0.3306310398773546
1806,1806,0.3276785384127411,1.0,0.3276785384127411
1807,1807,0.32473283990437035,0.0,0.32473283990437035
1808,1808,0.3217940606433747,1.0,0.3217940606433747
1809,1809,0.3188623166477274,0.0,0.3188623166477274
1810,1810,0.31593772365766065,0.0,0.31593772365766065
1811,1811,0.3130203971310996,1.0,0.3130203971310996
1812,1812,0.3101104522390994,0.0,0.3101104522390994
1813,1813,0.30720800386130176,0.0,0.30720800386130176
1814,1814,0.3043131665813991,0.0,0.3043131665813991
1815,1815,0.3014260546826094,0.0,0.3014260546826094
1816,1816,0.2985467821431685,0.0,0.2985467821431685
1817,1817,0.29567546263182554,1.0,0.29567546263182554
1818,1818,0.2928122095033581,0.0,0.2928122095033581
1819,1819,0.28995713579409643,0.0,0.28995713579409643
1820,1820,0.28711035421746334,0.0,0.28711035421746334
1821,1821,0.28427197715952035,0.0,0.28427197715952035
1822,1822,0.28144211667453367,0.0,0.28144211667453367
1823,1823,0.27862088448054956,0.0,0.27862088448054956
1824,1824,0.2758083919549835,0.0,0.2758083919549835
1825,1825,0.2730047501302264,1.0,0.2730047501302264
1826,1826,0.27021006968925604,0.0,0.27021006968925604
1827,1827,0.267424460961271,0.0,0.267424460961271
1828,1828,0.2646480339173332,0.0,0.2646480339173332
1829,1829,0.2618808981660302,0.0,0.2618808981660302
1830,1830,0.2591231629491423,0.0,0.2591231629491423
1831,1831,0.25637493713733395,1.0,0.25637493713733395
1832,1832,0.2536363292258544,0.0,0.2536363292258544
1833,1833,0.2509074473302542,0.0,0.2509074473302542
1834,1834,0.24818839918211935,0.0,0.24818839918211935
1835,1835,0.2454792921248143,0.0,0.2454792921248143
1836,1836,0.24278023310924693,0.0,0.24278023310924693
1837,1837,0.2400913286896448,0.0,0.2400913286896448
1838,1838,0.23741268501935184,0.0,0.23741268501935184
1839,1839,0.23474440784663284,0.0,0.23474440784663284
1840,1840,0.23208660251050173,0.0,0.23208660251050173
1841,1841,0.22943937393656227,0.0,0.22943937393656227
1842,1842,0.22680282663286508,0.0,0.22680282663286508
1843,1843,0.22417706468578466,0.0,0.22417706468578466
1844,1844,0.22156219175590597,0.0,0.22156219175590597
1845,1845,0.21895831107393482,0.0,0.21895831107393482
1846,1846,0.2163655254366213,0.0,0.2163655254366213
1847,1847,0.21378393720270428,0.0,0.21378393720270428
1848,1848,0.21121364828886607,0.0,0.21121364828886607
1849,1849,0.208654760165712,0.0,0.208654760165712
1850,1850,0.2061073738537636,0.0,0.2061073738537636
1851,1851,0.20357158991947,0.0,0.20357158991947
1852,1852,0.20104750847124034,0.0,0.20104750847124034
1853,1853,0.19853522915548757,1.0,0.19853522915548757
1854,1854,0.19603485115269742,0.0,0.19603485115269742
1855,1855,0.19354647317351198,1.0,0.19354647317351198
1856,1856,0.1910701934548325,0.0,0.1910701934548325
1857,1857,0.18860610975594358,0.0,0.18860610975594358
1858,1858,0.18615431935464974,1.0,0.18615431935464974
1859,1859,0.18371491904343795,1.0,0.18371491904343795
1860,1860,0.18128800512565477,0.0,0.18128800512565477
1861,1861,0.1788736734117076,0.0,0.1788736734117076
1862,1862,0.1764720192152778,0.0,0.1764720192152778
1863,1863,0.1740831373495607,0.0,0.1740831373495607
1864,1864,0.17170712212352202,1.0,0.17170712212352202
1865,1865,0.16934406733817378,0.0,0.16934406733817378
1866,1866,0.16699406628287405,0.0,0.16699406628287405
1867,1867,0.16465721173164,0.0,0.16465721173164
1868,1868,0.16233359593948793,0.0,0.16233359593948793
1869,1869,0.16002331063879002,0.0,0.16002331063879002
1870,1870,0.15772644703565544,0.0,0.15772644703565544
1871,1871,0.15544309580632568,0.0,0.15544309580632568
1872,1872,0.15317334709359756,0.0,0.15317334709359756
1873,1873,0.15091729050326386,0.0,0.15091729050326386
1874,1874,0.1486750151005751,0.0,0.1486750151005751
1875,1875,0.14644660940672607,0.0,0.14644660940672607
1876,1876,0.14423216139535733,0.0,0.14423216139535733
1877,1877,0.14203175848908453,0.0,0.14203175848908453
1878,1878,0.1398454875560462,0.0,0.1398454875560462
1879,1879,0.13767343490647646,0.0,0.13767343490647646
1880,1880,0.13551568628929417,0.0,0.13551568628929417
1881,1881,0.13337232688872006,0.0,0.13337232688872006
1882,1882,0.13124344132091326,0.0,0.13124344132091326
1883,1883,0.1291291136306301,0.0,0.1291291136306301
1884,1884,0.12702942728790875,0.0,0.12702942728790875
1885,1885,0.1249444651847702,0.0,0.1249444651847702
1886,1886,0.12287430963194822,0.0,0.12287430963194822
1887,1887,0.12081904235563873,0.0,0.12081904235563873
1888,1888,0.11877874449427583,0.0,0.11877874449427583
1889,1889,0.11675349659532498,0.0,0.11675349659532498
1890,1890,0.11474337861210542,0.0,0.11474337861210542
1891,1891,0.11274846990063324,0.0,0.11274846990063324
1892,1892,0.11076884921648801,0.0,0.11076884921648801
1893,1893,0.1088045947117058,0.0,0.1088045947117058
1894,1894,0.1068557839316905,0.0,0.1068557839316905
1895,1895,0.10492249381215492,0.0,0.10492249381215492
1896,1896,0.10300480067608202,0.0,0.10300480067608202
1897,1897,0.10110278023071431,0.0,0.10110278023071431
1898,1898,0.09921650756456163,0.0,0.09921650756456163
1899,1899,0.09734605714443903,0.0,0.09734605714443903
1900,1900,0.09549150281252644,0.0,0.09549150281252644
1901,1901,0.09365291778345275,0.0,0.09365291778345275
1902,1902,0.09183037464140786,0.0,0.09183037464140786
1903,1903,0.0900239453372738,1.0,0.0900239453372738
1904,1904,0.08823370118578636,0.0,0.08823370118578636
1905,1905,0.08645971286271875,0.0,0.08645971286271875
1906,1906,0.08470205040209347,0.0,0.08470205040209347
1907,1907,0.08296078319341432,0.0,0.08296078319341432
1908,1908,0.08123597997892916,0.0,0.08123597997892916
1909,1909,0.07952770885091556,0.0,0.07952770885091556
1910,1910,0.0778360372489922,0.0,0.0778360372489922
1911,1911,0.07616103195745824,0.0,0.07616103195745824
1912,1912,0.07450275910265404,0.0,0.07450275910265404
1913,1913,0.07286128415035246,0.0,0.07286128415035246
1914,1914,0.07123667190317402,0.0,0.07123667190317402
1915,1915,0.06962898649802798,0.0,0.06962898649802798
1916,1916,0.06803829140358225,0.0,0.06803829140358225
1917,1917,0.06646464941775497,1.0,0.06646464941775497
1918,1918,0.06490812266523728,0.0,0.06490812266523728
1919,1919,0.06336877259503969,0.0,0.06336877259503969
1920,1920,0.061846659978068055,0.0,0.061846659978068055
1921,1921,0.06034184490472182,0.0,0.06034184490472182
1922,1922,0.0588543867825234,0.0,0.0588543867825234
1923,1923,0.057384344333772534,1.0,0.057384344333772534
1924,1924,0.05593177559322755,0.0,0.05593177559322755
1925,1925,0.05449673790581597,0.0,0.05449673790581597
1926,1926,0.053079287924368106,0.0,0.053079287924368106
1927,1927,0.05167948160738215,0.0,0.05167948160738215
1928,1928,0.05029737421681426,0.0,0.05029737421681426
1929,1929,0.048933020315898454,0.0,0.048933020315898454
1930,1930,0.047586473766990184,0.0,0.047586473766990184
1931,1931,0.046257787729441564,0.0,0.046257787729441564
1932,1932,0.04494701465750227,1.0,0.04494701465750227
1933,1933,0.04365420629824842,0.0,0.04365420629824842
1934,1934,0.04237941368954113,0.0,0.04237941368954113
1935,1935,0.04112268715800942,0.0,0.04112268715800942
1936,1936,0.0398840763170649,0.0,0.0398840763170649
1937,1937,0.03866363006494238,0.0,0.03866363006494238
1938,1938,0.037461396582770846,0.0,0.037461396582770846
1939,1939,0.03627742333266929,0.0,0.03627742333266929
1940,1940,0.03511175705587432,0.0,0.03511175705587432
1941,1941,0.033964443770894616,0.0,0.033964443770894616
1942,1942,0.032835528771693816,0.0,0.032835528771693816
1943,1943,0.03172505662590374,0.0,0.03172505662590374
1944,1944,0.030633071173062944,0.0,0.030633071173062944
1945,1945,0.029559615522887314,0.0,0.029559615522887314
1946,1946,0.028504732053567586,0.0,0.028504732053567586
1947,1947,0.02746846241009747,0.0,0.02746846241009747
1948,1948,0.026450847502627807,0.0,0.026450847502627807
1949,1949,0.02545192750485272,0.0,0.02545192750485272
1950,1950,0.024471741852423293,0.0,0.024471741852423293
1951,1951,0.023510329241390453,0.0,0.023510329241390453
1952,1952,0.022567727626678448,0.0,0.022567727626678448
1953,1953,0.021643974220584738,0.0,0.021643974220584738
1954,1954,0.020739105491312096,0.0,0.020739105491312096
1955,1955,0.019853157161528308,0.0,0.019853157161528308
1956,1956,0.01898616420695696,0.0,0.01898616420695696
1957,1957,0.0181381608549951,0.0,0.0181381608549951
1958,1958,0.017309180583363067,0.0,0.017309180583363067
1959,1959,0.016499256118782526,0.0,0.016499256118782526
1960,1960,0.015708419435684327,0.0,0.015708419435684327
1961,1961,0.014936701754947013,0.0,0.014936701754947013
1962,1962,0.014184133542663015,0.0,0.014184133542663015
1963,1963,0.013450744508936748,0.0,0.013450744508936748
1964,1964,0.012736563606711297,0.0,0.012736563606711297
1965,1965,0.012041619030626219,0.0,0.012041619030626219
1966,1966,0.011365938215903232,0.0,0.011365938215903232
1967,1967,0.010709547837263952,0.0,0.010709547837263952
1968,1968,0.010072473807876608,0.0,0.010072473807876608
1969,1969,0.009454741278332863,0.0,0.009454741278332863
1970,1970,0.008856374635655606,0.0,0.008856374635655606
1971,1971,0.00827739750233514,0.0,0.00827739750233514
1972,1972,0.007717832735397327,0.0,0.007717832735397327
1973,1973,0.007177702425501035,0.0,0.007177702425501035
1974,1974,0.0066570278960659,0.0,0.0066570278960659
1975,1975,0.006155829702431106,0.0,0.006155829702431106
1976,1976,0.005674127631042996,0.0,0.005674127631042996
1977,1977,0.005211940698674541,0.0,0.005211940698674541
1978,1978,0.00476928715167432,0.0,0.00476928715167432
1979,1979,0.004346184465246676,0.0,0.004346184465246676
1980,1980,0.00394264934276107,0.0,0.00394264934276107
1981,1981,0.0035586977150931774,0.0,0.0035586977150931774
1982,1982,0.0031943447399958268,0.0,0.0031943447399958268
1983,1983,0.0028496048015005083,0.0,0.0028496048015005083
1984,1984,0.0025244915093498997,0.0,0.0025244915093498997
1985,1985,0.0022190176984599914,0.0,0.0022190176984599914
1986,1986,0.0019331954284137823,0.0,0.0019331954284137823
1987,1987,0.0016670359829850155,0.0,0.0016670359829850155
1988,1988,0.0014205498696930093,0.0,0.0014205498696930093
1989,1989,0.0011937468193873862,0.0,0.0011937468193873862
1990,1990,0.0009866357858642233,0.0,0.0009866357858642233
1991,1991,0.0007992249455124931,0.0,0.0007992249455124931
1992,1992,0.0006315216969912295,0.0,0.0006315216969912295
1993,1993,0.0004835326609376249,0.0,0.0004835326609376249
1994,1994,0.00035526367970537475,0.0,0.00035526367970537475
1995,1995,0.0002467198171342264,0.0,0.0002467198171342264
1996,1996,0.00015790535834999493,0.0,0.00015790535834999493
1997,1997,8.88238095954887e-05,0.0,8.88238095954887e-05
1998,1998,3.947789809193803e-05,0.0,3.947789809193803e-05
1999,1999,9.869571931435388e-06,0.0,9.869571931435388e-06
2000,2000,5.99903913064743e-32,0.0,5.99903913064743e-32
2001,2001,9.869571931437888e-06,0.0,9.869571931437888e-06
2002,2002,3.947789809194303e-05,0.0,3.947789809194303e-05
2003,2003,8.882380959549618e-05,0.0,8.882380959549618e-05
2004,2004,0.00015790535835000493,0.0,0.00015790535835000493
2005,2005,0.0002467198171342389,0.0,0.0002467198171342389
2006,2006,0.0003552636797053898,0.0,0.0003552636797053898
2007,2007,0.00048353266093764246,0.0,0.00048353266093764246
2008,2008,0.0006315216969912495,0.0,0.0006315216969912495
2009,2009,0.0007992249455124655,0.0,0.0007992249455124655
2010,2010,0.000986635785864248,0.0,0.000986635785864248
2011,2011,0.0011937468193874135,0.0,0.0011937468193874135
2012,2012,0.0014205498696930393,0.0,0.0014205498696930393
2013,2013,0.0016670359829850485,0.0,0.0016670359829850485
2014,2014,0.0019331954284138172,0.0,0.0019331954284138172
2015,2015,0.0022190176984600287,0.0,0.0022190176984600287
2016,2016,0.0025244915093499396,0.0,0.0025244915093499396
2017,2017,0.0028496048015005508,0.0,0.0028496048015005508
2018,2018,0.0031943447399957713,0.0,0.0031943447399957713
2019,2019,0.0035586977150932246,0.0,0.0035586977150932246
2020,2020,0.003942649342761121,0.0,0.003942649342761121
2021,2021,0.004346184465246729,0.0,0.004346184465246729
2022,2022,0.004769287151674377,0.0,0.004769287151674377
2023,2023,0.005211940698674471,0.0,0.005211940698674471
2024,2024,0.005674127631043054,0.0,0.005674127631043054
2025,2025,0.006155829702431167,0.0,0.006155829702431167
2026,2026,0.006657027896065966,0.0,0.006657027896065966
2027,2027,0.00717770242550095,0.0,0.00717770242550095
2028,2028,0.007717832735397396,0.0,0.007717832735397396
2029,2029,0.008277397502335212,0.0,0.008277397502335212
2030,2030,0.00885637463565568,0.0,0.00885637463565568
2031,2031,0.009454741278332941,0.0,0.009454741278332941
2032,2032,0.01007247380787651,0.0,0.01007247380787651
2033,2033,0.010709547837264032,0.0,0.010709547837264032
2034,2034,0.011365938215903313,0.0,0.011365938215903313
2035,2035,0.012041619030626304,0.0,0.012041619030626304
2036,2036,0.012736563606711387,0.0,0.012736563606711387
2037,2037,0.013450744508936838,0.0,0.013450744508936838
2038,2038,0.014184133542663107,0.0,0.014184133542663107
2039,2039,0.014936701754947108,0.0,0.014936701754947108
2040,2040,0.015708419435684424,0.0,0.015708419435684424
2041,2041,0.016499256118782404,0.0,0.016499256118782404
2042,2042,0.017309180583363167,0.0,0.017309180583363167
2043,2043,0.018138160854995204,0.0,0.018138160854995204
2044,2044,0.018986164206957066,0.0,0.018986164206957066
2045,2045,0.01985315716152842,0.0,0.01985315716152842
2046,2046,0.020739105491312207,0.0,0.020739105491312207
2047,2047,0.021643974220584852,0.0,0.021643974220584852
2048,2048,0.022567727626678566,0.0,0.022567727626678566
2049,2049,0.023510329241390574,0.0,0.023510329241390574
2050,2050,0.024471741852423137,0.0,0.024471741852423137
2051,2051,0.025451927504852846,0.0,0.025451927504852846
2052,2052,0.026450847502627942,0.0,0.026450847502627942
2053,2053,0.027468462410097597,0.0,0.027468462410097597
2054,2054,0.028504732053567718,0.0,0.028504732053567718
2055,2055,0.029559615522887446,0.0,0.029559615522887446
2056,2056,0.03063307117306308,0.0,0.03063307117306308
2057,2057,0.03172505662590388,1.0,0.03172505662590388
2058,2058,0.032835528771693955,0.0,0.032835528771693955
2059,2059,0.03396444377089443,0.0,0.03396444377089443
2060,2060,0.035111757055874465,0.0,0.035111757055874465
2061,2061,0.03627742333266944,0.0,0.03627742333266944
2062,2062,0.037461396582771,0.0,0.037461396582771
2063,2063,0.038663630064942535,0.0,0.038663630064942535
2064,2064,0.03988407631706506,0.0,0.03988407631706506
2065,2065,0.04112268715800958,0.0,0.04112268715800958
2066,2066,0.04237941368954129,0.0,0.04237941368954129
2067,2067,0.04365420629824858,0.0,0.04365420629824858
2068,2068,0.044947014657502074,0.0,0.044947014657502074
2069,2069,0.04625778772944173,0.0,0.04625778772944173
2070,2070,0.04758647376699035,0.0,0.04758647376699035
2071,2071,0.04893302031589863,0.0,0.04893302031589863
2072,2072,0.05029737421681444,0.0,0.05029737421681444
2073,2073,0.05167948160738233,0.0,0.05167948160738233
2074,2074,0.05307928792436828,0.0,0.05307928792436828
2075,2075,0.05449673790581615,0.0,0.05449673790581615
2076,2076,0.055931775593227734,0.0,0.055931775593227734
2077,2077,0.057384344333772305,0.0,0.057384344333772305
2078,2078,0.05885438678252359,0.0,0.05885438678252359
2079,2079,0.06034184490472201,0.0,0.06034184490472201
2080,2080,0.06184665997806825,0.0,0.06184665997806825
2081,2081,0.06336877259503988,0.0,0.06336877259503988
2082,2082,0.06490812266523702,0.0,0.06490812266523702
2083,2083,0.06646464941775516,0.0,0.06646464941775516
2084,2084,0.06803829140358243,0.0,0.06803829140358243
2085,2085,0.06962898649802819,0.0,0.06962898649802819
2086,2086,0.07123667190317379,0.0,0.07123667190317379
2087,2087,0.07286128415035267,0.0,0.07286128415035267
2088,2088,0.07450275910265425,0.0,0.07450275910265425
2089,2089,0.07616103195745845,0.0,0.07616103195745845
2090,2090,0.0778360372489924,0.0,0.0778360372489924
2091,2091,0.07952770885091531,0.0,0.07952770885091531
2092,2092,0.08123597997892938,0.0,0.08123597997892938
2093,2093,0.08296078319341454,0.0,0.08296078319341454
2094,2094,0.0847020504020937,0.0,0.0847020504020937
2095,2095,0.08645971286271899,0.0,0.08645971286271899
2096,2096,0.08823370118578659,0.0,0.08823370118578659
2097,2097,0.09002394533727401,0.0,0.09002394533727401
2098,2098,0.0918303746414081,0.0,0.0918303746414081
2099,2099,0.09365291778345299,0.0,0.09365291778345299
2100,2100,0.09549150281252614,0.0,0.09549150281252614
2101,2101,0.09734605714443928,0.0,0.09734605714443928
2102,2102,0.09921650756456184,0.0,0.09921650756456184
2103,2103,0.10110278023071452,0.0,0.10110278023071452
2104,2104,0.10300480067608223,0.0,0.10300480067608223
2105,2105,0.10492249381215513,0.0,0.10492249381215513
2106,2106,0.10685578393169076,0.0,0.10685578393169076
2107,2107,0.10880459471170602,0.0,0.10880459471170602
2108,2108,0.11076884921648827,0.0,0.11076884921648827
2109,2109,0.11274846990063293,0.0,0.11274846990063293
2110,2110,0.11474337861210568,0.0,0.11474337861210568
2111,2111,0.11675349659532526,0.0,0.11675349659532526
2112,2112,0.11877874449427611,0.0,0.11877874449427611
2113,2113,0.12081904235563899,1.0,0.12081904235563899
2114,2114,0.12287430963194845,0.0,0.12287430963194845
2115,2115,0.12494446518477048,0.0,0.12494446518477048
2116,2116,0.12702942728790903,0.0,0.12702942728790903
2117,2117,0.12912911363063037,0.0,0.12912911363063037
2118,2118,0.1312434413209129,0.0,0.1312434413209129
2119,2119,0.13337232688872033,1.0,0.13337232688872033
2120,2120,0.13551568628929442,0.0,0.13551568628929442
2121,2121,0.1376734349064767,0.0,0.1376734349064767
2122,2122,0.13984548755604648,1.0,0.13984548755604648
2123,2123,0.1420317584890848,1.0,0.1420317584890848
2124,2124,0.14423216139535758,0.0,0.14423216139535758
2125,2125,0.14644660940672638,0.0,0.14644660940672638
2126,2126,0.1486750151005754,0.0,0.1486750151005754
2127,2127,0.1509172905032635,0.0,0.1509172905032635
2128,2128,0.15317334709359787,0.0,0.15317334709359787
2129,2129,0.15544309580632598,0.0,0.15544309580632598
2130,2130,0.15772644703565572,0.0,0.15772644703565572
2131,2131,0.1600233106387903,0.0,0.1600233106387903
2132,2132,0.16233359593948754,0.0,0.16233359593948754
2133,2133,0.16465721173164027,0.0,0.16465721173164027
2134,2134,0.16699406628287433,0.0,0.16699406628287433
2135,2135,0.16934406733817406,0.0,0.16934406733817406
2136,2136,0.17170712212352165,0.0,0.17170712212352165
2137,2137,0.174083137349561,0.0,0.174083137349561
2138,2138,0.17647201921527808,0.0,0.17647201921527808
2139,2139,0.17887367341170787,0.0,0.17887367341170787
2140,2140,0.18128800512565507,0.0,0.18128800512565507
2141,2141,0.18371491904343756,0.0,0.18371491904343756
2142,2142,0.18615431935465007,0.0,0.18615431935465007
2143,2143,0.1886061097559439,0.0,0.1886061097559439
2144,2144,0.19107019345483287,0.0,0.19107019345483287
2145,2145,0.1935464731735116,1.0,0.1935464731735116
2146,2146,0.19603485115269773,0.0,0.19603485115269773
2147,2147,0.19853522915548794,0.0,0.19853522915548794
2148,2148,0.20104750847124064,0.0,0.20104750847124064
2149,2149,0.2035715899194703,0.0,0.2035715899194703
2150,2150,0.20610737385376324,0.0,0.20610737385376324
2151,2151,0.2086547601657123,0.0,0.2086547601657123
2152,2152,0.21121364828886638,1.0,0.21121364828886638
2153,2153,0.21378393720270458,0.0,0.21378393720270458
2154,2154,0.2163655254366216,0.0,0.2163655254366216
2155,2155,0.21895831107393512,0.0,0.21895831107393512
2156,2156,0.22156219175590627,0.0,0.22156219175590627
2157,2157,0.22417706468578502,0.0,0.22417706468578502
2158,2158,0.2268028266328654,0.0,0.2268028266328654
2159,2159,0.22943937393656186,0.0,0.22943937393656186
2160,2160,0.23208660251050206,0.0,0.23208660251050206
2161,2161,0.23474440784663317,1.0,0.23474440784663317
2162,2162,0.23741268501935223,1.0,0.23741268501935223
2163,2163,0.24009132868964514,1.0,0.24009132868964514
2164,2164,0.24278023310924726,0.0,0.24278023310924726
2165,2165,0.24547929212481462,1.0,0.24547929212481462
2166,2166,0.24818839918211968,1.0,0.24818839918211968
2167,2167,0.25090744733025455,1.0,0.25090744733025455
2168,2168,0.25363632922585405,1.0,0.25363632922585405
2169,2169,0.2563749371373343,1.0,0.2563749371373343
2170,2170,0.2591231629491426,1.0,0.2591231629491426
2171,2171,0.26188089816603055,0.0,0.26188089816603055
2172,2172,0.26464803391733355,1.0,0.26464803391733355
2173,2173,0.2674244609612713,0.0,0.2674244609612713
2174,2174,0.27021006968925637,0.0,0.27021006968925637
2175,2175,0.2730047501302268,0.0,0.2730047501302268
2176,2176,0.27580839195498386,1.0,0.27580839195498386
2177,2177,0.27862088448054906,0.0,0.27862088448054906
2178,2178,0.281442116674534,0.0,0.281442116674534
2179,2179,0.28427197715952074,0.0,0.28427197715952074
2180,2180,0.2871103542174637,0.0,0.2871103542174637
2181,2181,0.28995713579409677,0.0,0.28995713579409677
2182,2182,0.29281220950335846,0.0,0.29281220950335846
2183,2183,0.29567546263182587,1.0,0.29567546263182587
2184,2184,0.2985467821431688,0.0,0.2985467821431688
2185,2185,0.30142605468260963,0.0,0.30142605468260963
2186,2186,0.3043131665813986,0.0,0.3043131665813986
2187,2187,0.30720800386130215,1.0,0.30720800386130215
2188,2188,0.3101104522390998,0.0,0.3101104522390998
2189,2189,0.3130203971310998,0.0,0.3130203971310998
2190,2190,0.3159377236576609,0.0,0.3159377236576609
2191,2191,0.3188623166477269,0.0,0.3188623166477269
2192,2192,0.32179406064337507,0.0,0.32179406064337507
2193,2193,0.32473283990437074,0.0,0.32473283990437074
2194,2194,0.32767853841274147,0.0,0.32767853841274147
2195,2195,0.3306310398773542,0.0,0.3306310398773542
2196,2196,0.3335902277385071,0.0,0.3335902277385071
2197,2197,0.33655598517252905,0.0,0.33655598517252905
2198,2198,0.3395281950963953,0.0,0.3395281950963953
2199,2199,0.3425067401723475,1.0,0.3425067401723475
2200,2200,0.34549150281252605,1.0,0.34549150281252605
2201,2201,0.34848236518361336,0.0,0.34848236518361336
2202,2202,0.3514792092114828,0.0,0.3514792092114828
2203,2203,0.3544819165858641,0.0,0.3544819165858641
2204,2204,0.3574903687650117,1.0,0.3574903687650117
2205,2205,0.36050444698038586,1.0,0.36050444698038586
2206,2206,0.3635240322413378,0.0,0.3635240322413378
2207,2207,0.3665490053398124,0.0,0.3665490053398124
2208,2208,0.3695792468550515,0.0,0.3695792468550515
2209,2209,0.37261463715830867,1.0,0.37261463715830867
2210,2210,0.375655056417573,0.0,0.375655056417573
2211,2211,0.3787003846022965,0.0,0.3787003846022965
2212,2212,0.3817505014881378,1.0,0.3817505014881378
2213,2213,0.38480528666170455,0.0,0.38480528666170455
2214,2214,0.3878646195253099,0.0,0.3878646195253099
2215,2215,0.390928379301729,1.0,0.390928379301729
2216,2216,0.3939964450389728,1.0,0.3939964450389728
2217,2217,0.39706869561505936,0.0,0.39706869561505936
2218,2218,0.4001450097427963,0.0,0.4001450097427963
2219,2219,0.40322526597457037,0.0,0.40322526597457037
2220,2220,0.40630934270713787,0.0,0.40630934270713787
2221,2221,0.4093971181864314,0.0,0.4093971181864314
2222,2222,0.41248847051236187,0.0,0.41248847051236187
2223,2223,0.4155832776436336,0.0,0.4155832776436336
2224,2224,0.41868141740255854,0.0,0.41868141740255854
2225,2225,0.4217827674798847,1.0,0.4217827674798847
2226,2226,0.4248872054396215,1.0,0.4248872054396215
2227,2227,0.4279946087238737,0.0,0.4279946087238737
2228,2228,0.4311048546576814,0.0,0.4311048546576814
2229,2229,0.4342178204538591,0.0,0.4342178204538591
2230,2230,0.437333383217848,0.0,0.437333383217848
2231,2231,0.440451419952565,1.0,0.440451419952565
2232,2232,0.4435718075632598,0.0,0.4435718075632598
2233,2233,0.4466944228623703,0.0,0.4466944228623703
2234,2234,0.44981914257439265,1.0,0.44981914257439265
2235,2235,0.4529458433407428,0.0,0.4529458433407428
2236,2236,0.45607440172462815,0.0,0.45607440172462815
2237,2237,0.45920469421592175,1.0,0.45920469421592175
2238,2238,0.462336597236034,1.0,0.462336597236034
2239,2239,0.46546998714279714,1.0,0.46546998714279714
2240,2240,0.4686047402353432,0.0,0.4686047402353432
2241,2241,0.47174073275898837,1.0,0.47174073275898837
2242,2242,0.47487784091011553,0.0,0.47487784091011553
2243,2243,0.4780159408410678,0.0,0.4780159408410678
2244,2244,0.4811549086650327,1.0,0.4811549086650327
2245,2245,0.4842946204609357,0.0,0.4842946204609357
2246,2246,0.4874349522783318,1.0,0.4874349522783318
2247,2247,0.4905757801422962,1.0,0.4905757801422962
2248,2248,0.4937169800583238,1.0,0.4937169800583238
2249,2249,0.49685842801722047,1.0,0.49685842801722047
2250,2250,0.4999999999999998,0.0,0.4999999999999998
2251,2251,0.50314157198278,0.0,0.50314157198278
2252,2252,0.5062830199416765,1.0,0.5062830199416765
2253,2253,0.509424219857704,0.0,0.509424219857704
2254,2254,0.5125650477216686,0.0,0.5125650477216686
2255,2255,0.5157053795390646,0.0,0.5157053795390646
2256,2256,0.5188450913349677,0.0,0.5188450913349677
2257,2257,0.5219840591589325,1.0,0.5219840591589325
2258,2258,0.5251221590898848,1.0,0.5251221590898848
2259,2259,0.528259267241012,0.0,0.528259267241012
2260,2260,0.5313952597646572,1.0,0.5313952597646572
2261,2261,0.5345300128572033,0.0,0.5345300128572033
2262,2262,0.5376634027639664,1.0,0.5376634027639664
2263,2263,0.5407953057840785,1.0,0.5407953057840785
2264,2264,0.5439255982753721,0.0,0.5439255982753721
2265,2265,0.5470541566592575,0.0,0.5470541566592575
2266,2266,0.5501808574256076,0.0,0.5501808574256076
2267,2267,0.5533055771376298,1.0,0.5533055771376298
2268,2268,0.5564281924367406,0.0,0.5564281924367406
2269,2269,0.5595485800474354,1.0,0.5595485800474354
2270,2270,0.5626666167821524,0.0,0.5626666167821524
2271,2271,0.5657821795461414,1.0,0.5657821795461414
2272,2272,0.5688951453423188,0.0,0.5688951453423188
2273,2273,0.5720053912761267,0.0,0.5720053912761267
2274,2274,0.5751127945603789,1.0,0.5751127945603789
2275,2275,0.5782172325201156,1.0,0.5782172325201156
2276,2276,0.5813185825974418,0.0,0.5813185825974418
2277,2277,0.5844167223563667,1.0,0.5844167223563667
2278,2278,0.5875115294876385,0.0,0.5875115294876385
2279,2279,0.590602881813569,1.0,0.590602881813569
2280,2280,0.5936906572928623,0.0,0.5936906572928623
2281,2281,0.59677473402543,1.0,0.59677473402543
2282,2282,0.599854990257204,1.0,0.599854990257204
2283,2283,0.602931304384941,0.0,0.602931304384941
2284,2284,0.6060035549610275,1.0,0.6060035549610275
2285,2285,0.6090716206982713,1.0,0.6090716206982713
2286,2286,0.6121353804746904,0.0,0.6121353804746904
2287,2287,0.6151947133382958,1.0,0.6151947133382958
2288,2288,0.6182494985118625,0.0,0.6182494985118625
2289,2289,0.6212996153977037,1.0,0.6212996153977037
2290,2290,0.6243449435824273,1.0,0.6243449435824273
2291,2291,0.6273853628416918,1.0,0.6273853628416918
2292,2292,0.6304207531449489,0.0,0.6304207531449489
2293,2293,0.633450994660188,1.0,0.633450994660188
2294,2294,0.6364759677586626,1.0,0.6364759677586626
2295,2295,0.6394955530196145,0.0,0.6394955530196145
2296,2296,0.6425096312349885,0.0,0.6425096312349885
2297,2297,0.6455180834141363,1.0,0.6455180834141363
2298,2298,0.6485207907885175,1.0,0.6485207907885175
2299,2299,0.6515176348163869,0.0,0.6515176348163869
2300,2300,0.6545084971874734,1.0,0.6545084971874734
2301,2301,0.6574932598276528,1.0,0.6574932598276528
2302,2302,0.6604718049036049,1.0,0.6604718049036049
2303,2303,0.6634440148274712,0.0,0.6634440148274712
2304,2304,0.6664097722614931,0.0,0.6664097722614931
2305,2305,0.6693689601226462,0.0,0.6693689601226462
2306,2306,0.6723214615872588,0.0,0.6723214615872588
2307,2307,0.6752671600956297,0.0,0.6752671600956297
2308,2308,0.6782059393566252,1.0,0.6782059393566252
2309,2309,0.6811376833522726,0.0,0.6811376833522726
2310,2310,0.6840622763423394,1.0,0.6840622763423394
2311,2311,0.6869796028689004,0.0,0.6869796028689004
2312,2312,0.6898895477609006,0.0,0.6898895477609006
2313,2313,0.6927919961386981,1.0,0.6927919961386981
2314,2314,0.6956868334186017,1.0,0.6956868334186017
2315,2315,0.6985739453173907,0.0,0.6985739453173907
2316,2316,0.7014532178568315,0.0,0.7014532178568315
2317,2317,0.7043245373681745,1.0,0.7043245373681745
2318,2318,0.7071877904966418,1.0,0.7071877904966418
2319,2319,0.7100428642059036,1.0,0.7100428642059036
2320,2320,0.7128896457825366,1.0,0.7128896457825366
2321,2321,0.7157280228404795,0.0,0.7157280228404795
2322,2322,0.7185578833254663,1.0,0.7185578833254663
2323,2323,0.7213791155194512,1.0,0.7213791155194512
2324,2324,0.7241916080450165,1.0,0.7241916080450165
2325,2325,0.7269952498697735,0.0,0.7269952498697735
2326,2326,0.7297899303107439,0.0,0.7297899303107439
2327,2327,0.732575539038729,1.0,0.732575539038729
2328,2328,0.7353519660826667,1.0,0.7353519660826667
2329,2329,0.7381191018339699,1.0,0.7381191018339699
2330,2330,0.7408768370508576,1.0,0.7408768370508576
2331,2331,0.743625062862666,1.0,0.743625062862666
2332,2332,0.7463636707741463,0.0,0.7463636707741463
2333,2333,0.7490925526697456,1.0,0.7490925526697456
2334,2334,0.7518116008178806,1.0,0.7518116008178806
2335,2335,0.7545207078751855,1.0,0.7545207078751855
2336,2336,0.7572197668907531,1.0,0.7572197668907531
2337,2337,0.7599086713103551,1.0,0.7599086713103551
2338,2338,0.762587314980648,1.0,0.762587314980648
2339,2339,0.765255592153367,1.0,0.765255592153367
2340,2340,0.7679133974894982,1.0,0.7679133974894982
2341,2341,0.7705606260634383,1.0,0.7705606260634383
2342,2342,0.7731971733671349,1.0,0.7731971733671349
2343,2343,0.7758229353142153,1.0,0.7758229353142153
2344,2344,0.778437808244094,1.0,0.778437808244094
2345,2345,0.7810416889260652,1.0,0.7810416889260652
2346,2346,0.7836344745633788,1.0,0.7836344745633788
2347,2347,0.7862160627972957,0.0,0.7862160627972957
2348,2348,0.7887863517111339,1.0,0.7887863517111339
2349,2349,0.791345239834288,0.0,0.791345239834288
2350,2350,0.793892626146237,1.0,0.793892626146237
2351,2351,0.79642841008053,1.0,0.79642841008053
2352,2352,0.7989524915287596,1.0,0.7989524915287596
2353,2353,0.8014647708445124,1.0,0.8014647708445124
2354,2354,0.8039651488473025,0.0,0.8039651488473025
2355,2355,0.8064535268264886,0.0,0.8064535268264886
2356,2356,0.8089298065451674,1.0,0.8089298065451674
2357,2357,0.8113938902440564,1.0,0.8113938902440564
2358,2358,0.8138456806453502,1.0,0.8138456806453502
2359,2359,0.816285080956562,1.0,0.816285080956562
2360,2360,0.8187119948743451,1.0,0.8187119948743451
2361,2361,0.8211263265882923,1.0,0.8211263265882923
2362,2362,0.8235279807847222,1.0,0.8235279807847222
2363,2363,0.8259168626504393,1.0,0.8259168626504393
2364,2364,0.8282928778764785,1.0,0.8282928778764785
2365,2365,0.8306559326618262,1.0,0.8306559326618262
2366,2366,0.833005933717126,1.0,0.833005933717126
2367,2367,0.8353427882683601,1.0,0.8353427882683601
2368,2368,0.837666404060512,1.0,0.837666404060512
2369,2369,0.8399766893612098,1.0,0.8399766893612098
2370,2370,0.8422735529643446,0.0,0.8422735529643446
2371,2371,0.8445569041936742,0.0,0.8445569041936742
2372,2372,0.8468266529064024,1.0,0.8468266529064024
2373,2373,0.8490827094967368,1.0,0.8490827094967368
2374,2374,0.8513249848994249,1.0,0.8513249848994249
2375,2375,0.853553390593274,1.0,0.853553390593274
2376,2376,0.8557678386046427,0.0,0.8557678386046427
2377,2377,0.8579682415109154,1.0,0.8579682415109154
2378,2378,0.8601545124439538,1.0,0.8601545124439538
2379,2379,0.8623265650935236,1.0,0.8623265650935236
2380,2380,0.8644843137107059,1.0,0.8644843137107059
2381,2381,0.8666276731112799,1.0,0.8666276731112799
2382,2382,0.8687565586790873,0.0,0.8687565586790873
2383,2383,0.8708708863693699,1.0,0.8708708863693699
2384,2384,0.8729705727120912,1.0,0.8729705727120912
2385,2385,0.8750555348152297,0.0,0.8750555348152297
2386,2386,0.8771256903680518,1.0,0.8771256903680518
2387,2387,0.8791809576443611,0.0,0.8791809576443611
2388,2388,0.8812212555057242,1.0,0.8812212555057242
2389,2389,0.8832465034046749,1.0,0.8832465034046749
2390,2390,0.8852566213878946,1.0,0.8852566213878946
2391,2391,0.8872515300993674,0.0,0.8872515300993674
2392,2392,0.889231150783512,1.0,0.889231150783512
2393,2393,0.8911954052882941,1.0,0.8911954052882941
2394,2394,0.8931442160683094,0.0,0.8931442160683094
2395,2395,0.8950775061878451,1.0,0.8950775061878451
2396,2396,0.896995199323918,1.0,0.896995199323918
2397,2397,0.8988972197692857,1.0,0.8988972197692857
2398,2398,0.9007834924354383,1.0,0.9007834924354383
2399,2399,0.9026539428555609,1.0,0.9026539428555609
2400,2400,0.9045084971874741,1.0,0.9045084971874741
2401,2401,0.9063470822165471,0.0,0.9063470822165471
2402,2402,0.908169625358592,1.0,0.908169625358592
2403,2403,0.9099760546627261,1.0,0.9099760546627261
2404,2404,0.9117662988142137,1.0,0.9117662988142137
2405,2405,0.9135402871372811,1.0,0.9135402871372811
2406,2406,0.9152979495979064,1.0,0.9152979495979064
2407,2407,0.9170392168065856,0.0,0.9170392168065856
2408,2408,0.9187640200210707,1.0,0.9187640200210707
2409,2409,0.9204722911490845,1.0,0.9204722911490845
2410,2410,0.9221639627510078,1.0,0.9221639627510078
2411,2411,0.9238389680425417,1.0,0.9238389680425417
2412,2412,0.925497240897346,1.0,0.925497240897346
2413,2413,0.9271387158496475,1.0,0.9271387158496475
2414,2414,0.9287633280968264,1.0,0.9287633280968264
2415,2415,0.930371013501972,1.0,0.930371013501972
2416,2416,0.9319617085964177,1.0,0.9319617085964177
2417,2417,0.9335353505822449,1.0,0.9335353505822449
2418,2418,0.9350918773347627,1.0,0.9350918773347627
2419,2419,0.9366312274049603,1.0,0.9366312274049603
2420,2420,0.938153340021932,0.0,0.938153340021932
2421,2421,0.9396581550952781,1.0,0.9396581550952781
2422,2422,0.9411456132174766,1.0,0.9411456132174766
2423,2423,0.9426156556662278,1.0,0.9426156556662278
2424,2424,0.9440682244067723,1.0,0.9440682244067723
2425,2425,0.945503262094184,1.0,0.945503262094184
2426,2426,0.9469207120756318,1.0,0.9469207120756318
2427,2427,0.9483205183926179,1.0,0.9483205183926179
2428,2428,0.9497026257831856,1.0,0.9497026257831856
2429,2429,0.9510669796841016,1.0,0.9510669796841016
2430,2430,0.9524135262330098,1.0,0.9524135262330098
2431,2431,0.9537422122705584,1.0,0.9537422122705584
2432,2432,0.955052985342498,1.0,0.955052985342498
2433,2433,0.9563457937017517,1.0,0.9563457937017517
2434,2434,0.957620586310459,1.0,0.957620586310459
2435,2435,0.9588773128419905,1.0,0.9588773128419905
2436,2436,0.9601159236829352,1.0,0.9601159236829352
2437,2437,0.9613363699350577,1.0,0.9613363699350577
2438,2438,0.9625386034172291,1.0,0.9625386034172291
2439,2439,0.9637225766673307,1.0,0.9637225766673307
2440,2440,0.9648882429441256,1.0,0.9648882429441256
2441,2441,0.9660355562291056,1.0,0.9660355562291056
2442,2442,0.9671644712283061,1.0,0.9671644712283061
2443,2443,0.9682749433740963,1.0,0.9682749433740963
2444,2444,0.969366928826937,1.0,0.969366928826937
2445,2445,0.9704403844771127,1.0,0.9704403844771127
2446,2446,0.9714952679464325,1.0,0.9714952679464325
2447,2447,0.9725315375899024,1.0,0.9725315375899024
2448,2448,0.9735491524973721,1.0,0.9735491524973721
2449,2449,0.9745480724951472,1.0,0.9745480724951472
2450,2450,0.9755282581475768,0.0,0.9755282581475768
2451,2451,0.9764896707586095,1.0,0.9764896707586095
2452,2452,0.9774322723733215,1.0,0.9774322723733215
2453,2453,0.9783560257794152,1.0,0.9783560257794152
2454,2454,0.9792608945086879,1.0,0.9792608945086879
2455,2455,0.9801468428384716,1.0,0.9801468428384716
2456,2456,0.9810138357930431,1.0,0.9810138357930431
2457,2457,0.9818618391450048,1.0,0.9818618391450048
2458,2458,0.9826908194166369,1.0,0.9826908194166369
2459,2459,0.9835007438812177,1.0,0.9835007438812177
2460,2460,0.9842915805643156,1.0,0.9842915805643156
2461,2461,0.9850632982450529,1.0,0.9850632982450529
2462,2462,0.985815866457337,1.0,0.985815866457337
2463,2463,0.9865492554910632,1.0,0.9865492554910632
2464,2464,0.9872634363932887,1.0,0.9872634363932887
2465,2465,0.9879583809693737,1.0,0.9879583809693737
2466,2466,0.9886340617840967,1.0,0.9886340617840967
2467,2467,0.989290452162736,1.0,0.989290452162736
2468,2468,0.9899275261921234,1.0,0.9899275261921234
2469,2469,0.990545258721667,1.0,0.990545258721667
2470,2470,0.9911436253643443,1.0,0.9911436253643443
2471,2471,0.9917226024976648,1.0,0.9917226024976648
2472,2472,0.9922821672646027,1.0,0.9922821672646027
2473,2473,0.9928222975744992,1.0,0.9928222975744992
2474,2474,0.993342972103934,1.0,0.993342972103934
2475,2475,0.9938441702975689,1.0,0.9938441702975689
2476,2476,0.994325872368957,1.0,0.994325872368957
2477,2477,0.9947880593013253,1.0,0.9947880593013253
2478,2478,0.9952307128483256,1.0,0.9952307128483256
2479,2479,0.9956538155347534,1.0,0.9956538155347534
2480,2480,0.9960573506572389,1.0,0.9960573506572389
2481,2481,0.9964413022849069,1.0,0.9964413022849069
2482,2482,0.9968056552600042,1.0,0.9968056552600042
2483,2483,0.9971503951984996,1.0,0.9971503951984996
2484,2484,0.99747550849065,1.0,0.99747550849065
2485,2485,0.9977809823015401,1.0,0.9977809823015401
2486,2486,0.9980668045715861,1.0,0.9980668045715861
2487,2487,0.9983329640170149,1.0,0.9983329640170149
2488,2488,0.9985794501303069,1.0,0.9985794501303069
2489,2489,0.9988062531806127,1.0,0.9988062531806127
2490,2490,0.9990133642141359,1.0,0.9990133642141359
2491,2491,0.9992007750544876,1.0,0.9992007750544876
2492,2492,0.9993684783030087,1.0,0.9993684783030087
2493,2493,0.9995164673390624,1.0,0.9995164673390624
2494,2494,0.9996447363202945,1.0,0.9996447363202945
2495,2495,0.9997532801828658,1.0,0.9997532801828658
2496,2496,0.99984209464165,1.0,0.99984209464165
2497,2497,0.9999111761904046,1.0,0.9999111761904046
2498,2498,0.999960522101908,1.0,0.999960522101908
2499,2499,0.9999901304280686,1.0,0.9999901304280686
2500,2500,1.0,1.0,1.0
2501,2501,0.9999901304280686,1.0,0.9999901304280686
2502,2502,0.999960522101908,1.0,0.999960522101908
2503,2503,0.9999111761904046,1.0,0.9999111761904046
2504,2504,0.99984209464165,1.0,0.99984209464165
2505,2505,0.9997532801828658,1.0,0.9997532801828658
2506,2506,0.9996447363202945,1.0,0.9996447363202945
2507,2507,0.9995164673390624,1.0,0.9995164673390624
2508,2508,0.9993684783030087,1.0,0.9993684783030087
2509,2509,0.9992007750544876,1.0,0.9992007750544876
2510,2510,0.9990133642141357,1.0,0.9990133642141357
2511,2511,0.9988062531806127,1.0,0.9988062531806127
2512,2512,0.9985794501303069,1.0,0.9985794501303069
2513,2513,0.9983329640170149,1.0,0.9983329640170149
2514,2514,0.9980668045715861,1.0,0.9980668045715861
2515,2515,0.9977809823015399,1.0,0.9977809823015399
2516,2516,0.99747550849065,1.0,0.99747550849065
2517,2517,0.9971503951984996,1.0,0.9971503951984996
2518,2518,0.9968056552600042,1.0,0.9968056552600042
2519,2519,0.9964413022849069,1.0,0.9964413022849069
2520,2520,0.9960573506572389,1.0,0.9960573506572389
2521,2521,0.9956538155347534,1.0,0.9956538155347534
2522,2522,0.9952307128483256,1.0,0.9952307128483256
2523,2523,0.9947880593013253,1.0,0.9947880593013253
2524,2524,0.994325872368957,1.0,0.994325872368957
2525,2525,0.9938441702975689,1.0,0.9938441702975689
2526,2526,0.993342972103934,1.0,0.993342972103934
2527,2527,0.992822297574499,1.0,0.992822297574499
2528,2528,0.9922821672646025,1.0,0.9922821672646025
2529,2529,0.9917226024976648,0.0,0.9917226024976648
2530,2530,0.9911436253643443,1.0,0.9911436253643443
2531,2531,0.990545258721667,1.0,0.990545258721667
2532,2532,0.9899275261921232,1.0,0.9899275261921232
2533,2533,0.989290452162736,1.0,0.989290452162736
2534,2534,0.9886340617840967,1.0,0.9886340617840967
2535,2535,0.9879583809693737,1.0,0.9879583809693737
2536,2536,0.9872634363932885,1.0,0.9872634363932885
2537,2537,0.9865492554910632,1.0,0.9865492554910632
2538,2538,0.9858158664573368,1.0,0.9858158664573368
2539,2539,0.9850632982450529,1.0,0.9850632982450529
2540,2540,0.9842915805643156,1.0,0.9842915805643156
2541,2541,0.9835007438812174,1.0,0.9835007438812174
2542,2542,0.9826908194166367,1.0,0.9826908194166367
2543,2543,0.9818618391450048,1.0,0.9818618391450048
2544,2544,0.9810138357930429,1.0,0.9810138357930429
2545,2545,0.9801468428384716,1.0,0.9801468428384716
2546,2546,0.9792608945086879,1.0,0.9792608945086879
2547,2547,0.9783560257794154,1.0,0.9783560257794154
2548,2548,0.9774322723733212,1.0,0.9774322723733212
2549,2549,0.9764896707586093,1.0,0.9764896707586093
2550,2550,0.9755282581475766,1.0,0.9755282581475766
2551,2551,0.9745480724951472,1.0,0.9745480724951472
2552,2552,0.9735491524973721,1.0,0.9735491524973721
2553,2553,0.9725315375899024,1.0,0.9725315375899024
2554,2554,0.9714952679464323,1.0,0.9714952679464323
2555,2555,0.9704403844771129,0.0,0.9704403844771129
2556,2556,0.9693669288269372,1.0,0.9693669288269372
2557,2557,0.9682749433740958,1.0,0.9682749433740958
2558,2558,0.9671644712283056,1.0,0.9671644712283056
2559,2559,0.9660355562291052,1.0,0.9660355562291052
2560,2560,0.9648882429441256,1.0,0.9648882429441256
2561,2561,0.9637225766673305,1.0,0.9637225766673305
2562,2562,0.9625386034172291,1.0,0.9625386034172291
2563,2563,0.9613363699350574,1.0,0.9613363699350574
2564,2564,0.9601159236829354,0.0,0.9601159236829354
2565,2565,0.9588773128419907,1.0,0.9588773128419907
2566,2566,0.9576205863104583,1.0,0.9576205863104583
2567,2567,0.956345793701751,1.0,0.956345793701751
2568,2568,0.9550529853424977,1.0,0.9550529853424977
2569,2569,0.9537422122705582,1.0,0.9537422122705582
2570,2570,0.9524135262330096,1.0,0.9524135262330096
2571,2571,0.9510669796841014,1.0,0.9510669796841014
2572,2572,0.9497026257831856,1.0,0.9497026257831856
2573,2573,0.9483205183926181,1.0,0.9483205183926181
2574,2574,0.9469207120756322,1.0,0.9469207120756322
2575,2575,0.9455032620941834,1.0,0.9455032620941834
2576,2576,0.944068224406772,1.0,0.944068224406772
2577,2577,0.9426156556662274,1.0,0.9426156556662274
2578,2578,0.9411456132174764,1.0,0.9411456132174764
2579,2579,0.9396581550952781,1.0,0.9396581550952781
2580,2580,0.9381533400219317,1.0,0.9381533400219317
2581,2581,0.9366312274049601,1.0,0.9366312274049601
2582,2582,0.935091877334763,1.0,0.935091877334763
2583,2583,0.9335353505822453,1.0,0.9335353505822453
2584,2584,0.9319617085964172,1.0,0.9319617085964172
2585,2585,0.9303710135019714,1.0,0.9303710135019714
2586,2586,0.9287633280968257,1.0,0.9287633280968257
2587,2587,0.9271387158496475,1.0,0.9271387158496475
2588,2588,0.9254972408973458,1.0,0.9254972408973458
2589,2589,0.9238389680425416,1.0,0.9238389680425416
2590,2590,0.9221639627510075,1.0,0.9221639627510075
2591,2591,0.9204722911490846,1.0,0.9204722911490846
2592,2592,0.9187640200210712,1.0,0.9187640200210712
2593,2593,0.917039216806585,1.0,0.917039216806585
2594,2594,0.9152979495979058,1.0,0.9152979495979058
2595,2595,0.9135402871372805,1.0,0.9135402871372805
2596,2596,0.9117662988142134,1.0,0.9117662988142134
2597,2597,0.909976054662726,1.0,0.909976054662726
2598,2598,0.9081696253585918,0.0,0.9081696253585918
2599,2599,0.906347082216547,1.0,0.906347082216547
2600,2600,0.9045084971874738,1.0,0.9045084971874738
2601,2601,0.9026539428555613,1.0,0.9026539428555613
2602,2602,0.9007834924354388,1.0,0.9007834924354388
2603,2603,0.8988972197692849,1.0,0.8988972197692849
2604,2604,0.8969951993239174,1.0,0.8969951993239174
2605,2605,0.895077506187845,1.0,0.895077506187845
2606,2606,0.8931442160683092,0.0,0.8931442160683092
2607,2607,0.8911954052882939,1.0,0.8911954052882939
2608,2608,0.8892311507835118,1.0,0.8892311507835118
2609,2609,0.8872515300993672,1.0,0.8872515300993672
2610,2610,0.885256621387895,1.0,0.885256621387895
2611,2611,0.8832465034046753,1.0,0.8832465034046753
2612,2612,0.8812212555057233,1.0,0.8812212555057233
2613,2613,0.8791809576443606,1.0,0.8791809576443606
2614,2614,0.8771256903680515,1.0,0.8771256903680515
2615,2615,0.8750555348152295,1.0,0.8750555348152295
2616,2616,0.872970572712091,1.0,0.872970572712091
2617,2617,0.8708708863693697,0.0,0.8708708863693697
2618,2618,0.8687565586790871,1.0,0.8687565586790871
2619,2619,0.8666276731112803,1.0,0.8666276731112803
2620,2620,0.8644843137107063,1.0,0.8644843137107063
2621,2621,0.8623265650935228,1.0,0.8623265650935228
2622,2622,0.8601545124439529,1.0,0.8601545124439529
2623,2623,0.8579682415109153,1.0,0.8579682415109153
2624,2624,0.8557678386046425,1.0,0.8557678386046425
2625,2625,0.8535533905932737,0.0,0.8535533905932737
2626,2626,0.8513249848994247,1.0,0.8513249848994247
2627,2627,0.8490827094967366,0.0,0.8490827094967366
2628,2628,0.8468266529064028,1.0,0.8468266529064028
2629,2629,0.8445569041936748,1.0,0.8445569041936748
2630,2630,0.8422735529643437,1.0,0.8422735529643437
2631,2631,0.8399766893612091,1.0,0.8399766893612091
2632,2632,0.8376664040605117,1.0,0.8376664040605117
2633,2633,0.8353427882683598,1.0,0.8353427882683598
2634,2634,0.8330059337171257,1.0,0.8330059337171257
2635,2635,0.830655932661826,1.0,0.830655932661826
2636,2636,0.8282928778764784,1.0,0.8282928778764784
2637,2637,0.8259168626504396,1.0,0.8259168626504396
2638,2638,0.8235279807847227,1.0,0.8235279807847227
2639,2639,0.8211263265882915,1.0,0.8211263265882915
2640,2640,0.8187119948743443,1.0,0.8187119948743443
2641,2641,0.8162850809565618,0.0,0.8162850809565618
2642,2642,0.81384568064535,1.0,0.81384568064535
2643,2643,0.8113938902440562,1.0,0.8113938902440562
2644,2644,0.8089298065451672,0.0,0.8089298065451672
2645,2645,0.8064535268264885,1.0,0.8064535268264885
2646,2646,0.8039651488473031,1.0,0.8039651488473031
2647,2647,0.8014647708445128,1.0,0.8014647708445128
2648,2648,0.7989524915287587,0.0,0.7989524915287587
2649,2649,0.796428410080529,1.0,0.796428410080529
2650,2650,0.793892626146236,1.0,0.793892626146236
2651,2651,0.7913452398342877,1.0,0.7913452398342877
2652,2652,0.7887863517111338,1.0,0.7887863517111338
2653,2653,0.7862160627972955,1.0,0.7862160627972955
2654,2654,0.7836344745633783,1.0,0.7836344745633783
2655,2655,0.7810416889260656,1.0,0.7810416889260656
2656,2656,0.7784378082440946,1.0,0.7784378082440946
2657,2657,0.7758229353142143,0.0,0.7758229353142143
2658,2658,0.7731971733671339,1.0,0.7731971733671339
2659,2659,0.7705606260634373,1.0,0.7705606260634373
2660,2660,0.7679133974894979,1.0,0.7679133974894979
2661,2661,0.7652555921533669,0.0,0.7652555921533669
2662,2662,0.7625873149806478,1.0,0.7625873149806478
2663,2663,0.7599086713103549,1.0,0.7599086713103549
2664,2664,0.7572197668907537,1.0,0.7572197668907537
2665,2665,0.7545207078751861,1.0,0.7545207078751861
2666,2666,0.7518116008178796,0.0,0.7518116008178796
2667,2667,0.7490925526697447,1.0,0.7490925526697447
2668,2668,0.7463636707741453,1.0,0.7463636707741453
2669,2669,0.7436250628626658,0.0,0.7436250628626658
2670,2670,0.7408768370508575,1.0,0.7408768370508575
2671,2671,0.7381191018339694,0.0,0.7381191018339694
2672,2672,0.7353519660826664,1.0,0.7353519660826664
2673,2673,0.7325755390387295,1.0,0.7325755390387295
2674,2674,0.7297899303107445,1.0,0.7297899303107445
2675,2675,0.7269952498697726,0.0,0.7269952498697726
2676,2676,0.7241916080450154,0.0,0.7241916080450154
2677,2677,0.7213791155194502,0.0,0.7213791155194502
2678,2678,0.7185578833254661,0.0,0.7185578833254661
2679,2679,0.7157280228404793,1.0,0.7157280228404793
2680,2680,0.7128896457825363,0.0,0.7128896457825363
2681,2681,0.7100428642059033,1.0,0.7100428642059033
2682,2682,0.7071877904966424,1.0,0.7071877904966424
2683,2683,0.704324537368175,0.0,0.704324537368175
2684,2684,0.7014532178568305,1.0,0.7014532178568305
2685,2685,0.6985739453173896,1.0,0.6985739453173896
2686,2686,0.6956868334186006,1.0,0.6956868334186006
2687,2687,0.6927919961386978,0.0,0.6927919961386978
2688,2688,0.6898895477609004,1.0,0.6898895477609004
2689,2689,0.6869796028689001,1.0,0.6869796028689001
2690,2690,0.6840622763423392,1.0,0.6840622763423392
2691,2691,0.6811376833522732,0.0,0.6811376833522732
2692,2692,0.678205939356626,1.0,0.678205939356626
2693,2693,0.6752671600956286,1.0,0.6752671600956286
2694,2694,0.6723214615872577,1.0,0.6723214615872577
2695,2695,0.6693689601226451,1.0,0.6693689601226451
2696,2696,0.6664097722614929,1.0,0.6664097722614929
2697,2697,0.6634440148274711,0.0,0.6634440148274711
2698,2698,0.6604718049036047,1.0,0.6604718049036047
2699,2699,0.6574932598276525,0.0,0.6574932598276525
2700,2700,0.6545084971874742,1.0,0.6545084971874742
2701,2701,0.6515176348163876,1.0,0.6515176348163876
2702,2702,0.6485207907885164,1.0,0.6485207907885164
2703,2703,0.6455180834141351,0.0,0.6455180834141351
2704,2704,0.6425096312349875,1.0,0.6425096312349875
2705,2705,0.6394955530196141,1.0,0.6394955530196141
2706,2706,0.6364759677586624,0.0,0.6364759677586624
2707,2707,0.6334509946601877,1.0,0.6334509946601877
2708,2708,0.6304207531449485,1.0,0.6304207531449485
2709,2709,0.6273853628416913,1.0,0.6273853628416913
2710,2710,0.6243449435824279,1.0,0.6243449435824279
2711,2711,0.6212996153977027,1.0,0.6212996153977027
2712,2712,0.6182494985118615,1.0,0.6182494985118615
2713,2713,0.6151947133382946,1.0,0.6151947133382946
2714,2714,0.6121353804746901,1.0,0.6121353804746901
2715,2715,0.609071620698271,1.0,0.609071620698271
2716,2716,0.6060035549610272,1.0,0.6060035549610272
2717,2717,0.6029313043849408,0.0,0.6029313043849408
2718,2718,0.5998549902572039,1.0,0.5998549902572039
2719,2719,0.5967747340254307,1.0,0.5967747340254307
2720,2720,0.5936906572928631,1.0,0.5936906572928631
2721,2721,0.5906028818135678,1.0,0.5906028818135678
2722,2722,0.5875115294876373,0.0,0.5875115294876373
2723,2723,0.5844167223563663,0.0,0.5844167223563663
2724,2724,0.5813185825974415,0.0,0.5813185825974415
2725,2725,0.5782172325201153,0.0,0.5782172325201153
2726,2726,0.5751127945603786,0.0,0.5751127945603786
2727,2727,0.5720053912761264,1.0,0.5720053912761264
2728,2728,0.5688951453423194,1.0,0.5688951453423194
2729,2729,0.5657821795461419,0.0,0.5657821795461419
2730,2730,0.5626666167821512,1.0,0.5626666167821512
2731,2731,0.5595485800474342,1.0,0.5595485800474342
2732,2732,0.5564281924367404,0.0,0.5564281924367404
2733,2733,0.5533055771376295,0.0,0.5533055771376295
2734,2734,0.5501808574256073,1.0,0.5501808574256073
2735,2735,0.5470541566592573,0.0,0.5470541566592573
2736,2736,0.5439255982753718,0.0,0.5439255982753718
2737,2737,0.5407953057840792,0.0,0.5407953057840792
2738,2738,0.5376634027639671,0.0,0.5376634027639671
2739,2739,0.534530012857202,1.0,0.534530012857202
2740,2740,0.531395259764656,0.0,0.531395259764656
2741,2741,0.5282592672410117,0.0,0.5282592672410117
2742,2742,0.5251221590898845,1.0,0.5251221590898845
2743,2743,0.5219840591589322,1.0,0.5219840591589322
2744,2744,0.5188450913349674,1.0,0.5188450913349674
2745,2745,0.5157053795390643,0.0,0.5157053795390643
2746,2746,0.5125650477216691,1.0,0.5125650477216691
2747,2747,0.5094242198577047,1.0,0.5094242198577047
2748,2748,0.5062830199416753,1.0,0.5062830199416753
2749,2749,0.5031415719827786,1.0,0.5031415719827786
2750,2750,0.49999999999999944,0.0,0.49999999999999944
2751,2751,0.49685842801722013,0.0,0.49685842801722013
2752,2752,0.49371698005832354,0.0,0.49371698005832354
2753,2753,0.490575780142296,0.0,0.490575780142296
2754,2754,0.4874349522783315,1.0,0.4874349522783315
2755,2755,0.4842946204609363,1.0,0.4842946204609363
2756,2756,0.4811549086650333,1.0,0.4811549086650333
2757,2757,0.4780159408410665,1.0,0.4780159408410665
2758,2758,0.4748778409101145,0.0,0.4748778409101145
2759,2759,0.47174073275898715,0.0,0.47174073275898715
2760,2760,0.46860474023534293,1.0,0.46860474023534293
2761,2761,0.46546998714279686,1.0,0.46546998714279686
2762,2762,0.46233659723603365,0.0,0.46233659723603365
2763,2763,0.45920469421592147,0.0,0.45920469421592147
2764,2764,0.45607440172462876,0.0,0.45607440172462876
2765,2765,0.4529458433407434,1.0,0.4529458433407434
2766,2766,0.4498191425743916,1.0,0.4498191425743916
2767,2767,0.4466944228623693,0.0,0.4466944228623693
2768,2768,0.44357180756325865,0.0,0.44357180756325865
2769,2769,0.4404514199525648,0.0,0.4404514199525648
2770,2770,0.43733338321784765,0.0,0.43733338321784765
2771,2771,0.43421782045385876,1.0,0.43421782045385876
2772,2772,0.4311048546576812,1.0,0.4311048546576812
2773,2773,0.4279946087238743,1.0,0.4279946087238743
2774,2774,0.4248872054396221,0.0,0.4248872054396221
2775,2775,0.4217827674798836,1.0,0.4217827674798836
2776,2776,0.4186814174025574,1.0,0.4186814174025574
2777,2777,0.41558327764363245,0.0,0.41558327764363245
2778,2778,0.4124884705123616,0.0,0.4124884705123616
2779,2779,0.4093971181864311,0.0,0.4093971181864311
2780,2780,0.40630934270713776,1.0,0.40630934270713776
2781,2781,0.40322526597457004,1.0,0.40322526597457004
2782,2782,0.4001450097427969,1.0,0.4001450097427969
2783,2783,0.3970686956150599,1.0,0.3970686956150599
2784,2784,0.3939964450389717,0.0,0.3939964450389717
2785,2785,0.3909283793017279,0.0,0.3909283793017279
2786,2786,0.38786461952530876,1.0,0.38786461952530876
2787,2787,0.38480528666170427,1.0,0.38480528666170427
2788,2788,0.3817505014881375,0.0,0.3817505014881375
2789,2789,0.3787003846022963,1.0,0.3787003846022963
2790,2790,0.37565505641757274,0.0,0.37565505641757274
2791,2791,0.3726146371583092,0.0,0.3726146371583092
2792,2792,0.36957924685505206,0.0,0.36957924685505206
2793,2793,0.3665490053398113,0.0,0.3665490053398113
2794,2794,0.36352403224133656,1.0,0.36352403224133656
2795,2795,0.3605044469803848,0.0,0.3605044469803848
2796,2796,0.3574903687650115,0.0,0.3574903687650115
2797,2797,0.35448191658586387,0.0,0.35448191658586387
2798,2798,0.3514792092114825,1.0,0.3514792092114825
2799,2799,0.3484823651836131,0.0,0.3484823651836131
2800,2800,0.34549150281252655,1.0,0.34549150281252655
2801,2801,0.34250674017234817,1.0,0.34250674017234817
2802,2802,0.3395281950963943,1.0,0.3395281950963943
2803,2803,0.33655598517252805,1.0,0.33655598517252805
2804,2804,0.3335902277385061,0.0,0.3335902277385061
2805,2805,0.3306310398773539,1.0,0.3306310398773539
2806,2806,0.32767853841274125,0.0,0.32767853841274125
2807,2807,0.3247328399043705,1.0,0.3247328399043705
2808,2808,0.3217940606433748,0.0,0.3217940606433748
2809,2809,0.3188623166477275,1.0,0.3188623166477275
2810,2810,0.3159377236576615,1.0,0.3159377236576615
2811,2811,0.3130203971310988,0.0,0.3130203971310988
2812,2812,0.31011045223909867,0.0,0.31011045223909867
2813,2813,0.30720800386130115,0.0,0.30720800386130115
2814,2814,0.30431316658139834,0.0,0.30431316658139834
2815,2815,0.3014260546826095,0.0,0.3014260546826095
2816,2816,0.2985467821431686,0.0,0.2985467821431686
2817,2817,0.29567546263182565,0.0,0.29567546263182565
2818,2818,0.29281220950335823,0.0,0.29281220950335823
2819,2819,0.2899571357940974,1.0,0.2899571357940974
2820,2820,0.28711035421746267,0.0,0.28711035421746267
2821,2821,0.2842719771595198,0.0,0.2842719771595198
2822,2822,0.28144211667453295,1.0,0.28144211667453295
2823,2823,0.27862088448054884,0.0,0.27862088448054884
2824,2824,0.27580839195498363,0.0,0.27580839195498363
2825,2825,0.2730047501302265,1.0,0.2730047501302265
2826,2826,0.27021006968925615,0.0,0.27021006968925615
2827,2827,0.2674244609612711,1.0,0.2674244609612711
2828,2828,0.26464803391733416,0.0,0.26464803391733416
2829,2829,0.261880898166031,0.0,0.261880898166031
2830,2830,0.2591231629491416,0.0,0.2591231629491416
2831,2831,0.2563749371373333,1.0,0.2563749371373333
2832,2832,0.25363632922585383,1.0,0.25363632922585383
2833,2833,0.25090744733025433,0.0,0.25090744733025433
2834,2834,0.24818839918211946,0.0,0.24818839918211946
2835,2835,0.24547929212481442,1.0,0.24547929212481442
2836,2836,0.24278023310924698,0.0,0.24278023310924698
2837,2837,0.24009132868964567,0.0,0.24009132868964567
2838,2838,0.2374126850193527,1.0,0.2374126850193527
2839,2839,0.2347444078466322,1.0,0.2347444078466322
2840,2840,0.2320866025105011,0.0,0.2320866025105011
2841,2841,0.22943937393656164,0.0,0.22943937393656164
2842,2842,0.2268028266328652,0.0,0.2268028266328652
2843,2843,0.22417706468578474,0.0,0.22417706468578474
2844,2844,0.22156219175590605,0.0,0.22156219175590605
2845,2845,0.21895831107393493,0.0,0.21895831107393493
2846,2846,0.21636552543662213,0.0,0.21636552543662213
2847,2847,0.2137839372027051,1.0,0.2137839372027051
2848,2848,0.21121364828886546,0.0,0.21121364828886546
2849,2849,0.20865476016571138,1.0,0.20865476016571138
2850,2850,0.206107373853763,0.0,0.206107373853763
2851,2851,0.2035715899194701,0.0,0.2035715899194701
2852,2852,0.20104750847124045,1.0,0.20104750847124045
2853,2853,0.19853522915548769,0.0,0.19853522915548769
2854,2854,0.19603485115269753,0.0,0.19603485115269753
2855,2855,0.1935464731735121,0.0,0.1935464731735121
2856,2856,0.19107019345483334,0.0,0.19107019345483334
2857,2857,0.188606109755943,0.0,0.188606109755943
2858,2858,0.18615431935464918,0.0,0.18615431935464918
2859,2859,0.18371491904343734,0.0,0.18371491904343734
2860,2860,0.18128800512565488,0.0,0.18128800512565488
2861,2861,0.17887367341170768,0.0,0.17887367341170768
2862,2862,0.1764720192152779,0.0,0.1764720192152779
2863,2863,0.1740831373495608,0.0,0.1740831373495608
2864,2864,0.1717071221235221,0.0,0.1717071221235221
2865,2865,0.1693440673381745,0.0,0.1693440673381745
2866,2866,0.16699406628287344,0.0,0.16699406628287344
2867,2867,0.1646572117316394,0.0,0.1646572117316394
2868,2868,0.16233359593948735,0.0,0.16233359593948735
2869,2869,0.16002331063879013,0.0,0.16002331063879013
2870,2870,0.15772644703565553,0.0,0.15772644703565553
2871,2871,0.1554430958063258,0.0,0.1554430958063258
2872,2872,0.15317334709359764,0.0,0.15317334709359764
2873,2873,0.15091729050326394,0.0,0.15091729050326394
2874,2874,0.14867501510057582,0.0,0.14867501510057582
2875,2875,0.14644660940672552,0.0,0.14644660940672552
2876,2876,0.14423216139535677,0.0,0.14423216139535677
2877,2877,0.14203175848908398,0.0,0.14203175848908398
2878,2878,0.13984548755604628,0.0,0.13984548755604628
2879,2879,0.13767343490647654,0.0,0.13767343490647654
2880,2880,0.13551568628929425,0.0,0.13551568628929425
2881,2881,0.13337232688872014,0.0,0.13337232688872014
2882,2882,0.13124344132091328,0.0,0.13124344132091328
2883,2883,0.1291291136306308,0.0,0.1291291136306308
2884,2884,0.12702942728790825,0.0,0.12702942728790825
2885,2885,0.12494446518476969,0.0,0.12494446518476969
2886,2886,0.12287430963194772,0.0,0.12287430963194772
2887,2887,0.1208190423556388,1.0,0.1208190423556388
2888,2888,0.11877874449427592,0.0,0.11877874449427592
2889,2889,0.11675349659532507,0.0,0.11675349659532507
2890,2890,0.11474337861210548,0.0,0.11474337861210548
2891,2891,0.11274846990063331,1.0,0.11274846990063331
2892,2892,0.11076884921648865,0.0,0.11076884921648865
2893,2893,0.10880459471170532,0.0,0.10880459471170532
2894,2894,0.10685578393169003,0.0,0.10685578393169003
2895,2895,0.10492249381215445,0.0,0.10492249381215445
2896,2896,0.10300480067608209,0.0,0.10300480067608209
2897,2897,0.10110278023071438,0.0,0.10110278023071438
2898,2898,0.0992165075645617,0.0,0.0992165075645617
2899,2899,0.0973460571444391,0.0,0.0973460571444391
2900,2900,0.09549150281252651,0.0,0.09549150281252651
2901,2901,0.09365291778345336,0.0,0.09365291778345336
2902,2902,0.09183037464140743,0.0,0.09183037464140743
2903,2903,0.09002394533727334,1.0,0.09002394533727334
2904,2904,0.08823370118578593,0.0,0.08823370118578593
2905,2905,0.08645971286271885,0.0,0.08645971286271885
2906,2906,0.08470205040209354,1.0,0.08470205040209354
2907,2907,0.08296078319341439,0.0,0.08296078319341439
2908,2908,0.08123597997892923,0.0,0.08123597997892923
2909,2909,0.07952770885091563,0.0,0.07952770885091563
2910,2910,0.07783603724899275,0.0,0.07783603724899275
2911,2911,0.07616103195745781,0.0,0.07616103195745781
2912,2912,0.07450275910265364,0.0,0.07450275910265364
2913,2913,0.07286128415035208,0.0,0.07286128415035208
2914,2914,0.07123667190317363,0.0,0.07123667190317363
2915,2915,0.06962898649802805,0.0,0.06962898649802805
2916,2916,0.06803829140358232,0.0,0.06803829140358232
2917,2917,0.06646464941775503,0.0,0.06646464941775503
2918,2918,0.06490812266523734,1.0,0.06490812266523734
2919,2919,0.06336877259504019,0.0,0.06336877259504019
2920,2920,0.0618466599780677,0.0,0.0618466599780677
2921,2921,0.06034184490472146,1.0,0.06034184490472146
2922,2922,0.05885438678252304,0.0,0.05885438678252304
2923,2923,0.05738434433377217,0.0,0.05738434433377217
2924,2924,0.0559317755932276,0.0,0.0559317755932276
2925,2925,0.05449673790581604,0.0,0.05449673790581604
2926,2926,0.05307928792436817,0.0,0.05307928792436817
2927,2927,0.051679481607382206,0.0,0.051679481607382206
2928,2928,0.0502973742168147,0.0,0.0502973742168147
2929,2929,0.04893302031589812,0.0,0.04893302031589812
2930,2930,0.04758647376698985,0.0,0.04758647376698985
2931,2931,0.04625778772944124,0.0,0.04625778772944124
2932,2932,0.044947014657501956,0.0,0.044947014657501956
2933,2933,0.043654206298248475,0.0,0.043654206298248475
2934,2934,0.04237941368954117,0.0,0.04237941368954117
2935,2935,0.041122687158009465,0.0,0.041122687158009465
2936,2936,0.03988407631706495,0.0,0.03988407631706495
2937,2937,0.03866363006494277,0.0,0.03866363006494277
2938,2938,0.037461396582771235,0.0,0.037461396582771235
2939,2939,0.036277423332669,0.0,0.036277423332669
2940,2940,0.035111757055874035,0.0,0.035111757055874035
2941,2941,0.03396444377089434,0.0,0.03396444377089434
2942,2942,0.032835528771693864,0.0,0.032835528771693864
2943,2943,0.03172505662590379,0.0,0.03172505662590379
2944,2944,0.030633071173062982,0.0,0.030633071173062982
2945,2945,0.029559615522887352,0.0,0.029559615522887352
2946,2946,0.028504732053567926,0.0,0.028504732053567926
2947,2947,0.0274684624100978,0.0,0.0274684624100978
2948,2948,0.026450847502627564,0.0,0.026450847502627564
2949,2949,0.025451927504852482,0.0,0.025451927504852482
2950,2950,0.02447174185242305,0.0,0.02447174185242305
2951,2951,0.023510329241390487,0.0,0.023510329241390487
2952,2952,0.022567727626678483,0.0,0.022567727626678483
2953,2953,0.021643974220584773,0.0,0.021643974220584773
2954,2954,0.020739105491312127,0.0,0.020739105491312127
2955,2955,0.019853157161528592,0.0,0.019853157161528592
2956,2956,0.018986164206957236,0.0,0.018986164206957236
2957,2957,0.018138160854994898,0.0,0.018138160854994898
2958,2958,0.01730918058336287,0.0,0.01730918058336287
2959,2959,0.016499256118782335,0.0,0.016499256118782335
2960,2960,0.015708419435684354,0.0,0.015708419435684354
2961,2961,0.014936701754947043,0.0,0.014936701754947043
2962,2962,0.014184133542663045,0.0,0.014184133542663045
2963,2963,0.013450744508936774,0.0,0.013450744508936774
2964,2964,0.012736563606711524,0.0,0.012736563606711524
2965,2965,0.012041619030626437,0.0,0.012041619030626437
2966,2966,0.011365938215903069,0.0,0.011365938215903069
2967,2967,0.010709547837263795,0.0,0.010709547837263795
2968,2968,0.010072473807876453,0.0,0.010072473807876453
2969,2969,0.009454741278332887,0.0,0.009454741278332887
2970,2970,0.008856374635655627,0.0,0.008856374635655627
2971,2971,0.008277397502335162,0.0,0.008277397502335162
2972,2972,0.00771783273539735,0.0,0.00771783273539735
2973,2973,0.007177702425501054,0.0,0.007177702425501054
2974,2974,0.006657027896066065,0.0,0.006657027896066065
2975,2975,0.0061558297024309865,0.0,0.0061558297024309865
2976,2976,0.0056741276310428804,0.0,0.0056741276310428804
2977,2977,0.005211940698674431,0.0,0.005211940698674431
2978,2978,0.004769287151674338,0.0,0.004769287151674338
2979,2979,0.004346184465246692,0.0,0.004346184465246692
2980,2980,0.003942649342761086,0.0,0.003942649342761086
2981,2981,0.003558697715093192,0.0,0.003558697715093192
2982,2982,0.003194344739995841,0.0,0.003194344739995841
2983,2983,0.002849604801500616,0.0,0.002849604801500616
2984,2984,0.0025244915093498225,0.0,0.0025244915093498225
2985,2985,0.0022190176984599195,0.0,0.0022190176984599195
2986,2986,0.0019331954284137153,0.0,0.0019331954284137153
2987,2987,0.0016670359829850257,0.0,0.0016670359829850257
2988,2988,0.0014205498696930182,0.0,0.0014205498696930182
2989,2989,0.0011937468193873948,0.0,0.0011937468193873948
2990,2990,0.0009866357858642307,0.0,0.0009866357858642307
2991,2991,0.0007992249455125,0.0,0.0007992249455125
2992,2992,0.0006315216969912802,0.0,0.0006315216969912802
2993,2993,0.0004835326609375912,0.0,0.0004835326609375912
2994,2994,0.00035526367970534586,0.0,0.00035526367970534586
2995,2995,0.0002467198171342023,0.0,0.0002467198171342023
2996,2996,0.000157905358349998,0.0,0.000157905358349998
2997,2997,8.882380959549098e-05,0.0,8.882380959549098e-05
2998,2998,3.947789809193957e-05,0.0,3.947789809193957e-05
2999,2999,9.869571931436155e-06,0.0,9.869571931436155e-06
3000,3000,1.3497838043956716e-31,0.0,1.3497838043956716e-31
3001,3001,9.869571931431539e-06,0.0,9.869571931431539e-06
3002,3002,3.9477898091952655e-05,0.0,3.9477898091952655e-05
3003,3003,8.882380959551064e-05,0.0,8.882380959551064e-05
3004,3004,0.0001579053583500242,0.0,0.0001579053583500242
3005,3005,0.000246719817134235,0.0,0.000246719817134235
3006,3006,0.0003552636797053851,0.0,0.0003552636797053851
3007,3007,0.0004835326609376371,0.0,0.0004835326609376371
3008,3008,0.0006315216969912433,0.0,0.0006315216969912433
3009,3009,0.0007992249455124584,0.0,0.0007992249455124584
3010,3010,0.000986635785864185,0.0,0.000986635785864185
3011,3011,0.0011937468193874666,0.0,0.0011937468193874666
3012,3012,0.0014205498696930967,0.0,0.0014205498696930967
3013,3013,0.0016670359829851107,0.0,0.0016670359829851107
3014,3014,0.0019331954284138068,0.0,0.0019331954284138068
3015,3015,0.0022190176984600175,0.0,0.0022190176984600175
3016,3016,0.002524491509349927,0.0,0.002524491509349927
3017,3017,0.002849604801500538,0.0,0.002849604801500538
3018,3018,0.003194344739995758,0.0,0.003194344739995758
3019,3019,0.0035586977150931045,0.0,0.0035586977150931045
3020,3020,0.0039426493427612164,0.0,0.0039426493427612164
3021,3021,0.004346184465246829,0.0,0.004346184465246829
3022,3022,0.004769287151674482,0.0,0.004769287151674482
3023,3023,0.005211940698674581,0.0,0.005211940698674581
3024,3024,0.005674127631043036,0.0,0.005674127631043036
3025,3025,0.006155829702431148,0.0,0.006155829702431148
3026,3026,0.006657027896065946,0.0,0.006657027896065946
3027,3027,0.007177702425500932,0.0,0.007177702425500932
3028,3028,0.0077178327353972205,0.0,0.0077178327353972205
3029,3029,0.008277397502335351,0.0,0.008277397502335351
3030,3030,0.008856374635655823,0.0,0.008856374635655823
3031,3031,0.00945474127833309,0.0,0.00945474127833309
3032,3032,0.010072473807876663,0.0,0.010072473807876663
3033,3033,0.01070954783726401,0.0,0.01070954783726401
3034,3034,0.01136593821590329,0.0,0.01136593821590329
3035,3035,0.012041619030626276,0.0,0.012041619030626276
3036,3036,0.01273656360671136,0.0,0.01273656360671136
3037,3037,0.013450744508936605,0.0,0.013450744508936605
3038,3038,0.014184133542663289,0.0,0.014184133542663289
3039,3039,0.014936701754947294,0.0,0.014936701754947294
3040,3040,0.01570841943568461,0.0,0.01570841943568461
3041,3041,0.0164992561187826,0.0,0.0164992561187826
3042,3042,0.01730918058336314,0.0,0.01730918058336314
3043,3043,0.018138160854995176,0.0,0.018138160854995176
3044,3044,0.018986164206957028,0.0,0.018986164206957028
3045,3045,0.019853157161528388,0.0,0.019853157161528388
3046,3046,0.02073910549131192,0.0,0.02073910549131192
3047,3047,0.02164397422058456,0.0,0.02164397422058456
3048,3048,0.02256772762667879,0.0,0.02256772762667879
3049,3049,0.023510329241390803,0.0,0.023510329241390803
3050,3050,0.02447174185242337,0.0,0.02447174185242337
3051,3051,0.02545192750485281,0.0,0.02545192750485281
3052,3052,0.026450847502627897,0.0,0.026450847502627897
3053,3053,0.02746846241009756,0.0,0.02746846241009756
3054,3054,0.02850473205356768,0.0,0.02850473205356768
3055,3055,0.029559615522887103,0.0,0.029559615522887103
3056,3056,0.03063307117306273,0.0,0.03063307117306273
3057,3057,0.031725056625904156,0.0,0.031725056625904156
3058,3058,0.03283552877169424,0.0,0.03283552877169424
3059,3059,0.03396444377089471,0.0,0.03396444377089471
3060,3060,0.035111757055874424,0.0,0.035111757055874424
3061,3061,0.036277423332669395,0.0,0.036277423332669395
3062,3062,0.03746139658277096,0.0,0.03746139658277096
3063,3063,0.038663630064942486,0.0,0.038663630064942486
3064,3064,0.03988407631706466,0.0,0.03988407631706466
3065,3065,0.04112268715800917,0.0,0.04112268715800917
3066,3066,0.042379413689541595,0.0,0.042379413689541595
3067,3067,0.04365420629824889,1.0,0.04365420629824889
3068,3068,0.044947014657502386,1.0,0.044947014657502386
3069,3069,0.04625778772944168,0.0,0.04625778772944168
3070,3070,0.0475864737669903,0.0,0.0475864737669903
3071,3071,0.048933020315898565,0.0,0.048933020315898565
3072,3072,0.05029737421681438,0.0,0.05029737421681438
3073,3073,0.05167948160738187,0.0,0.05167948160738187
3074,3074,0.053079287924367835,0.0,0.053079287924367835
3075,3075,0.0544967379058165,0.0,0.0544967379058165
3076,3076,0.05593177559322809,0.0,0.05593177559322809
3077,3077,0.05738434433377265,0.0,0.05738434433377265
3078,3078,0.05885438678252354,0.0,0.05885438678252354
3079,3079,0.060341844904721956,0.0,0.060341844904721956
3080,3080,0.061846659978068194,0.0,0.061846659978068194
3081,3081,0.06336877259503983,0.0,0.06336877259503983
3082,3082,0.06490812266523696,0.0,0.06490812266523696
3083,3083,0.06646464941775468,0.0,0.06646464941775468
3084,3084,0.06803829140358283,0.0,0.06803829140358283
3085,3085,0.06962898649802858,0.0,0.06962898649802858
3086,3086,0.07123667190317416,0.0,0.07123667190317416
3087,3087,0.07286128415035262,0.0,0.07286128415035262
3088,3088,0.07450275910265418,0.0,0.07450275910265418
3089,3089,0.0761610319574584,0.0,0.0761610319574584
3090,3090,0.07783603724899235,0.0,0.07783603724899235
3091,3091,0.07952770885091526,0.0,0.07952770885091526
3092,3092,0.08123597997892881,0.0,0.08123597997892881
3093,3093,0.08296078319341496,0.0,0.08296078319341496
3094,3094,0.08470205040209412,0.0,0.08470205040209412
3095,3095,0.08645971286271945,0.0,0.08645971286271945
3096,3096,0.08823370118578652,0.0,0.08823370118578652
3097,3097,0.09002394533727394,0.0,0.09002394533727394
3098,3098,0.09183037464140804,0.0,0.09183037464140804
3099,3099,0.09365291778345292,0.0,0.09365291778345292
3100,3100,0.09549150281252607,0.0,0.09549150281252607
3101,3101,0.09734605714443868,0.0,0.09734605714443868
3102,3102,0.09921650756456234,0.0,0.09921650756456234
3103,3103,0.10110278023071498,0.0,0.10110278023071498
3104,3104,0.10300480067608273,0.0,0.10300480067608273
3105,3105,0.10492249381215506,0.0,0.10492249381215506
3106,3106,0.10685578393169068,0.0,0.10685578393169068
3107,3107,0.10880459471170595,0.0,0.10880459471170595
3108,3108,0.1107688492164882,0.0,0.1107688492164882
3109,3109,0.11274846990063286,0.0,0.11274846990063286
3110,3110,0.11474337861210504,0.0,0.11474337861210504
3111,3111,0.11675349659532575,0.0,0.11675349659532575
3112,3112,0.1187787444942766,0.0,0.1187787444942766
3113,3113,0.12081904235563949,0.0,0.12081904235563949
3114,3114,0.12287430963194837,1.0,0.12287430963194837
3115,3115,0.1249444651847704,1.0,0.1249444651847704
3116,3116,0.12702942728790897,1.0,0.12702942728790897
3117,3117,0.1291291136306303,0.0,0.1291291136306303
3118,3118,0.1312434413209128,0.0,0.1312434413209128
3119,3119,0.13337232688871964,0.0,0.13337232688871964
3120,3120,0.13551568628929495,0.0,0.13551568628929495
3121,3121,0.13767343490647727,0.0,0.13767343490647727
3122,3122,0.13984548755604703,1.0,0.13984548755604703
3123,3123,0.14203175848908473,1.0,0.14203175848908473
3124,3124,0.1442321613953575,0.0,0.1442321613953575
3125,3125,0.1464466094067263,0.0,0.1464466094067263
3126,3126,0.14867501510057532,0.0,0.14867501510057532
3127,3127,0.1509172905032634,0.0,0.1509172905032634
3128,3128,0.15317334709359715,0.0,0.15317334709359715
3129,3129,0.1554430958063265,0.0,0.1554430958063265
3130,3130,0.15772644703565628,0.0,0.15772644703565628
3131,3131,0.16002331063879088,0.0,0.16002331063879088
3132,3132,0.16233359593948812,0.0,0.16233359593948812
3133,3133,0.1646572117316402,1.0,0.1646572117316402
3134,3134,0.16699406628287422,0.0,0.16699406628287422
3135,3135,0.16934406733817398,0.0,0.16934406733817398
3136,3136,0.17170712212352154,0.0,0.17170712212352154
3137,3137,0.17408313734956024,0.0,0.17408313734956024
3138,3138,0.1764720192152787,0.0,0.1764720192152787
3139,3139,0.17887367341170848,0.0,0.17887367341170848
3140,3140,0.18128800512565568,0.0,0.18128800512565568
3141,3141,0.18371491904343815,0.0,0.18371491904343815
3142,3142,0.18615431935465,0.0,0.18615431935465
3143,3143,0.18860610975594383,0.0,0.18860610975594383
3144,3144,0.19107019345483275,0.0,0.19107019345483275
3145,3145,0.1935464731735115,0.0,0.1935464731735115
3146,3146,0.19603485115269692,0.0,0.19603485115269692
3147,3147,0.19853522915548852,0.0,0.19853522915548852
3148,3148,0.20104750847124128,0.0,0.20104750847124128
3149,3149,0.20357158991947097,0.0,0.20357158991947097
3150,3150,0.20610737385376385,0.0,0.20610737385376385
3151,3151,0.20865476016571222,0.0,0.20865476016571222
3152,3152,0.21121364828886632,1.0,0.21121364828886632
3153,3153,0.21378393720270447,0.0,0.21378393720270447
3154,3154,0.21636552543662152,0.0,0.21636552543662152
3155,3155,0.2189583110739343,0.0,0.2189583110739343
3156,3156,0.22156219175590544,0.0,0.22156219175590544
3157,3157,0.22417706468578566,0.0,0.22417706468578566
3158,3158,0.22680282663286605,0.0,0.22680282663286605
3159,3159,0.22943937393656255,0.0,0.22943937393656255
3160,3160,0.23208660251050195,0.0,0.23208660251050195
3161,3161,0.23474440784663306,0.0,0.23474440784663306
3162,3162,0.23741268501935212,0.0,0.23741268501935212
3163,3163,0.24009132868964503,1.0,0.24009132868964503
3164,3164,0.24278023310924637,0.0,0.24278023310924637
3165,3165,0.2454792921248138,1.0,0.2454792921248138
3166,3166,0.24818839918212035,0.0,0.24818839918212035
3167,3167,0.2509074473302552,0.0,0.2509074473302552
3168,3168,0.2536363292258547,0.0,0.2536363292258547
3169,3169,0.25637493713733417,0.0,0.25637493713733417
3170,3170,0.2591231629491425,0.0,0.2591231629491425
3171,3171,0.26188089816603044,1.0,0.26188089816603044
3172,3172,0.26464803391733344,0.0,0.26464803391733344
3173,3173,0.2674244609612704,0.0,0.2674244609612704
3174,3174,0.2702100696892554,0.0,0.2702100696892554
3175,3175,0.27300475013022746,0.0,0.27300475013022746
3176,3176,0.2758083919549846,0.0,0.2758083919549846
3177,3177,0.2786208844805498,1.0,0.2786208844805498
3178,3178,0.2814421166745339,0.0,0.2814421166745339
3179,3179,0.2842719771595206,0.0,0.2842719771595206
3180,3180,0.2871103542174636,1.0,0.2871103542174636
3181,3181,0.28995713579409665,0.0,0.28995713579409665
3182,3182,0.2928122095033575,0.0,0.2928122095033575
3183,3183,0.2956754626318249,0.0,0.2956754626318249
3184,3184,0.29854678214316954,0.0,0.29854678214316954
3185,3185,0.30142605468261036,1.0,0.30142605468261036
3186,3186,0.30431316658139934,1.0,0.30431316658139934
3187,3187,0.30720800386130204,1.0,0.30720800386130204
3188,3188,0.3101104522390996,0.0,0.3101104522390996
3189,3189,0.3130203971310998,0.0,0.3130203971310998
3190,3190,0.31593772365766076,0.0,0.31593772365766076
3191,3191,0.31886231664772674,0.0,0.31886231664772674
3192,3192,0.32179406064337407,0.0,0.32179406064337407
3193,3193,0.3247328399043714,0.0,0.3247328399043714
3194,3194,0.32767853841274225,1.0,0.32767853841274225
3195,3195,0.3306310398773548,0.0,0.3306310398773548
3196,3196,0.3335902277385071,1.0,0.3335902277385071
3197,3197,0.33655598517252894,0.0,0.33655598517252894
3198,3198,0.3395281950963952,0.0,0.3395281950963952
3199,3199,0.3425067401723474,0.0,0.3425067401723474
3200,3200,0.3454915028125259,0.0,0.3454915028125259
3201,3201,0.3484823651836124,1.0,0.3484823651836124
3202,3202,0.35147920921148346,0.0,0.35147920921148346
3203,3203,0.35448191658586475,1.0,0.35448191658586475
3204,3204,0.35749036876501256,0.0,0.35749036876501256
3205,3205,0.36050444698038575,0.0,0.36050444698038575
3206,3206,0.3635240322413376,0.0,0.3635240322413376
3207,3207,0.3665490053398122,0.0,0.3665490053398122
3208,3208,0.3695792468550514,0.0,0.3695792468550514
3209,3209,0.37261463715830856,1.0,0.37261463715830856
3210,3210,0.3756550564175721,1.0,0.3756550564175721
3211,3211,0.37870038460229727,1.0,0.37870038460229727
3212,3212,0.38175050148813844,0.0,0.38175050148813844
3213,3213,0.38480528666170527,0.0,0.38480528666170527
3214,3214,0.38786461952530976,0.0,0.38786461952530976
3215,3215,0.3909283793017289,1.0,0.3909283793017289
3216,3216,0.3939964450389727,1.0,0.3939964450389727
3217,3217,0.3970686956150592,0.0,0.3970686956150592
3218,3218,0.40014500974279615,1.0,0.40014500974279615
3219,3219,0.40322526597456937,1.0,0.40322526597456937
3220,3220,0.4063093427071387,0.0,0.4063093427071387
3221,3221,0.4093971181864321,0.0,0.4093971181864321
3222,3222,0.4124884705123626,1.0,0.4124884705123626
3223,3223,0.41558327764363345,0.0,0.41558327764363345
3224,3224,0.4186814174025584,0.0,0.4186814174025584
3225,3225,0.4217827674798846,1.0,0.4217827674798846
3226,3226,0.4248872054396214,0.0,0.4248872054396214
3227,3227,0.42799460872387357,0.0,0.42799460872387357
3228,3228,0.4311048546576805,0.0,0.4311048546576805
3229,3229,0.4342178204538598,1.0,0.4342178204538598
3230,3230,0.4373333832178487,0.0,0.4373333832178487
3231,3231,0.44045141995256587,0.0,0.44045141995256587
3232,3232,0.44357180756325953,0.0,0.44357180756325953
3233,3233,0.4466944228623703,1.0,0.4466944228623703
3234,3234,0.44981914257439265,0.0,0.44981914257439265
3235,3235,0.45294584334074267,1.0,0.45294584334074267
3236,3236,0.456074401724628,1.0,0.456074401724628
3237,3237,0.4592046942159207,0.0,0.4592046942159207
3238,3238,0.46233659723603476,1.0,0.46233659723603476
3239,3239,0.4654699871427979,0.0,0.4654699871427979
3240,3240,0.468604740235344,1.0,0.468604740235344
3241,3241,0.4717407327589882,0.0,0.4717407327589882
3242,3242,0.47487784091011553,1.0,0.47487784091011553
3243,3243,0.47801594084106763,0.0,0.47801594084106763
3244,3244,0.4811549086650327,0.0,0.4811549086650327
3245,3245,0.4842946204609355,0.0,0.4842946204609355
3246,3246,0.4874349522783307,1.0,0.4874349522783307
3247,3247,0.49057578014229697,0.0,0.49057578014229697
3248,3248,0.4937169800583246,1.0,0.4937169800583246
3249,3249,0.49685842801722124,1.0,0.49685842801722124
3250,3250,0.5000000000000006,1.0,0.5000000000000006
3251,3251,0.5031415719827798,0.0,0.5031415719827798
3252,3252,0.5062830199416763,1.0,0.5062830199416763
3253,3253,0.5094242198577039,0.0,0.5094242198577039
3254,3254,0.5125650477216683,0.0,0.5125650477216683
3255,3255,0.5157053795390636,0.0,0.5157053795390636
3256,3256,0.5188450913349683,1.0,0.5188450913349683
3257,3257,0.5219840591589333,0.0,0.5219840591589333
3258,3258,0.5251221590898855,1.0,0.5251221590898855
3259,3259,0.5282592672410128,0.0,0.5282592672410128
3260,3260,0.5313952597646571,0.0,0.5313952597646571
3261,3261,0.534530012857203,1.0,0.534530012857203
3262,3262,0.5376634027639663,0.0,0.5376634027639663
3263,3263,0.5407953057840785,1.0,0.5407953057840785
3264,3264,0.5439255982753711,0.0,0.5439255982753711
3265,3265,0.5470541566592583,0.0,0.5470541566592583
3266,3266,0.5501808574256084,0.0,0.5501808574256084
3267,3267,0.5533055771376307,0.0,0.5533055771376307
3268,3268,0.5564281924367412,1.0,0.5564281924367412
3269,3269,0.5595485800474352,0.0,0.5595485800474352
3270,3270,0.5626666167821522,1.0,0.5626666167821522
3271,3271,0.5657821795461412,1.0,0.5657821795461412
3272,3272,0.5688951453423188,1.0,0.5688951453423188
3273,3273,0.5720053912761257,0.0,0.5720053912761257
3274,3274,0.5751127945603779,0.0,0.5751127945603779
3275,3275,0.5782172325201165,1.0,0.5782172325201165
3276,3276,0.5813185825974425,0.0,0.5813185825974425
3277,3277,0.5844167223563675,0.0,0.5844167223563675
3278,3278,0.5875115294876384,0.0,0.5875115294876384
3279,3279,0.5906028818135688,1.0,0.5906028818135688
3280,3280,0.5936906572928623,1.0,0.5936906572928623
3281,3281,0.5967747340254298,0.0,0.5967747340254298
3282,3282,0.599854990257203,1.0,0.599854990257203
3283,3283,0.6029313043849401,1.0,0.6029313043849401
3284,3284,0.6060035549610282,1.0,0.6060035549610282
3285,3285,0.609071620698272,1.0,0.609071620698272
3286,3286,0.6121353804746911,0.0,0.6121353804746911
3287,3287,0.6151947133382956,1.0,0.6151947133382956
3288,3288,0.6182494985118625,1.0,0.6182494985118625
3289,3289,0.6212996153977037,1.0,0.6212996153977037
3290,3290,0.6243449435824271,1.0,0.6243449435824271
3291,3291,0.6273853628416907,1.0,0.6273853628416907
3292,3292,0.6304207531449478,1.0,0.6304207531449478
3293,3293,0.6334509946601888,0.0,0.6334509946601888
3294,3294,0.6364759677586633,1.0,0.6364759677586633
3295,3295,0.6394955530196152,1.0,0.6394955530196152
3296,3296,0.6425096312349884,0.0,0.6425096312349884
3297,3297,0.6455180834141361,0.0,0.6455180834141361
3298,3298,0.6485207907885173,1.0,0.6485207907885173
3299,3299,0.6515176348163869,1.0,0.6515176348163869
3300,3300,0.6545084971874734,0.0,0.6545084971874734
3301,3301,0.6574932598276518,0.0,0.6574932598276518
3302,3302,0.6604718049036057,0.0,0.6604718049036057
3303,3303,0.663444014827472,1.0,0.663444014827472
3304,3304,0.6664097722614939,1.0,0.6664097722614939
3305,3305,0.669368960122646,0.0,0.669368960122646
3306,3306,0.6723214615872588,1.0,0.6723214615872588
3307,3307,0.6752671600956295,1.0,0.6752671600956295
3308,3308,0.6782059393566252,1.0,0.6782059393566252
3309,3309,0.6811376833522724,1.0,0.6811376833522724
3310,3310,0.6840622763423384,0.0,0.6840622763423384
3311,3311,0.6869796028689011,1.0,0.6869796028689011
3312,3312,0.6898895477609014,1.0,0.6898895477609014
3313,3313,0.6927919961386989,1.0,0.6927919961386989
3314,3314,0.6956868334186017,1.0,0.6956868334186017
3315,3315,0.6985739453173905,1.0,0.6985739453173905
3316,3316,0.7014532178568315,1.0,0.7014532178568315
3317,3317,0.7043245373681744,1.0,0.7043245373681744
3318,3318,0.7071877904966416,0.0,0.7071877904966416
3319,3319,0.7100428642059027,1.0,0.7100428642059027
3320,3320,0.7128896457825372,1.0,0.7128896457825372
3321,3321,0.7157280228404803,1.0,0.7157280228404803
3322,3322,0.718557883325467,1.0,0.718557883325467
3323,3323,0.7213791155194512,1.0,0.7213791155194512
3324,3324,0.7241916080450163,1.0,0.7241916080450163
3325,3325,0.7269952498697735,1.0,0.7269952498697735
3326,3326,0.7297899303107437,1.0,0.7297899303107437
3327,3327,0.7325755390387287,1.0,0.7325755390387287
3328,3328,0.7353519660826658,1.0,0.7353519660826658
3329,3329,0.7381191018339704,1.0,0.7381191018339704
3330,3330,0.7408768370508584,1.0,0.7408768370508584
3331,3331,0.7436250628626667,1.0,0.7436250628626667
3332,3332,0.7463636707741461,1.0,0.7463636707741461
3333,3333,0.7490925526697456,1.0,0.7490925526697456
3334,3334,0.7518116008178803,0.0,0.7518116008178803
3335,3335,0.7545207078751855,0.0,0.7545207078751855
3336,3336,0.7572197668907529,1.0,0.7572197668907529
3337,3337,0.7599086713103543,1.0,0.7599086713103543
3338,3338,0.7625873149806488,1.0,0.7625873149806488
3339,3339,0.7652555921533677,1.0,0.7652555921533677
3340,3340,0.7679133974894989,1.0,0.7679133974894989
3341,3341,0.7705606260634383,1.0,0.7705606260634383
3342,3342,0.7731971733671347,1.0,0.7731971733671347
3343,3343,0.7758229353142151,0.0,0.7758229353142151
3344,3344,0.7784378082440938,1.0,0.7784378082440938
3345,3345,0.781041688926065,1.0,0.781041688926065
3346,3346,0.7836344745633779,0.0,0.7836344745633779
3347,3347,0.7862160627972963,1.0,0.7862160627972963
3348,3348,0.7887863517111345,1.0,0.7887863517111345
3349,3349,0.7913452398342885,1.0,0.7913452398342885
3350,3350,0.793892626146237,1.0,0.793892626146237
3351,3351,0.7964284100805298,1.0,0.7964284100805298
3352,3352,0.7989524915287595,0.0,0.7989524915287595
3353,3353,0.8014647708445122,0.0,0.8014647708445122
3354,3354,0.8039651488473025,0.0,0.8039651488473025
3355,3355,0.8064535268264879,1.0,0.8064535268264879
3356,3356,0.808929806545168,1.0,0.808929806545168
3357,3357,0.8113938902440571,1.0,0.8113938902440571
3358,3358,0.8138456806453509,1.0,0.8138456806453509
3359,3359,0.8162850809565626,0.0,0.8162850809565626
3360,3360,0.8187119948743451,1.0,0.8187119948743451
3361,3361,0.8211263265882923,1.0,0.8211263265882923
3362,3362,0.8235279807847221,0.0,0.8235279807847221
3363,3363,0.8259168626504393,0.0,0.8259168626504393
3364,3364,0.8282928778764778,1.0,0.8282928778764778
3365,3365,0.8306559326618268,1.0,0.8306559326618268
3366,3366,0.8330059337171265,1.0,0.8330059337171265
3367,3367,0.8353427882683606,1.0,0.8353427882683606
3368,3368,0.8376664040605125,1.0,0.8376664040605125
3369,3369,0.8399766893612098,1.0,0.8399766893612098
3370,3370,0.8422735529643446,1.0,0.8422735529643446
3371,3371,0.8445569041936742,1.0,0.8445569041936742
3372,3372,0.8468266529064024,1.0,0.8468266529064024
3373,3373,0.849082709496736,0.0,0.849082709496736
3374,3374,0.8513249848994253,1.0,0.8513249848994253
3375,3375,0.8535533905932744,1.0,0.8535533905932744
3376,3376,0.8557678386046431,0.0,0.8557678386046431
3377,3377,0.8579682415109159,1.0,0.8579682415109159
3378,3378,0.8601545124439538,0.0,0.8601545124439538
3379,3379,0.8623265650935233,1.0,0.8623265650935233
3380,3380,0.8644843137107057,0.0,0.8644843137107057
3381,3381,0.8666276731112799,0.0,0.8666276731112799
3382,3382,0.8687565586790867,1.0,0.8687565586790867
3383,3383,0.870870886369369,0.0,0.870870886369369
3384,3384,0.8729705727120917,1.0,0.8729705727120917
3385,3385,0.8750555348152302,1.0,0.8750555348152302
3386,3386,0.8771256903680522,0.0,0.8771256903680522
3387,3387,0.8791809576443611,1.0,0.8791809576443611
3388,3388,0.8812212555057242,0.0,0.8812212555057242
3389,3389,0.8832465034046749,1.0,0.8832465034046749
3390,3390,0.8852566213878944,0.0,0.8852566213878944
3391,3391,0.8872515300993667,1.0,0.8872515300993667
3392,3392,0.8892311507835114,1.0,0.8892311507835114
3393,3393,0.8911954052882946,1.0,0.8911954052882946
3394,3394,0.8931442160683098,1.0,0.8931442160683098
3395,3395,0.8950775061878455,1.0,0.8950775061878455
3396,3396,0.8969951993239178,1.0,0.8969951993239178
3397,3397,0.8988972197692855,1.0,0.8988972197692855
3398,3398,0.9007834924354383,1.0,0.9007834924354383
3399,3399,0.9026539428555609,1.0,0.9026539428555609
3400,3400,0.9045084971874734,1.0,0.9045084971874734
3401,3401,0.9063470822165466,1.0,0.9063470822165466
3402,3402,0.9081696253585925,1.0,0.9081696253585925
3403,3403,0.9099760546627266,1.0,0.9099760546627266
3404,3404,0.9117662988142141,1.0,0.9117662988142141
3405,3405,0.9135402871372811,1.0,0.9135402871372811
3406,3406,0.9152979495979064,1.0,0.9152979495979064
3407,3407,0.9170392168065856,1.0,0.9170392168065856
3408,3408,0.9187640200210707,1.0,0.9187640200210707
3409,3409,0.9204722911490845,1.0,0.9204722911490845
3410,3410,0.9221639627510073,1.0,0.9221639627510073
3411,3411,0.9238389680425422,1.0,0.9238389680425422
3412,3412,0.9254972408973464,0.0,0.9254972408973464
3413,3413,0.9271387158496479,1.0,0.9271387158496479
3414,3414,0.9287633280968264,1.0,0.9287633280968264
3415,3415,0.930371013501972,1.0,0.930371013501972
3416,3416,0.9319617085964177,1.0,0.9319617085964177
3417,3417,0.9335353505822449,1.0,0.9335353505822449
3418,3418,0.9350918773347627,1.0,0.9350918773347627
3419,3419,0.9366312274049599,1.0,0.9366312274049599
3420,3420,0.9381533400219324,1.0,0.9381533400219324
3421,3421,0.9396581550952785,1.0,0.9396581550952785
3422,3422,0.941145613217477,1.0,0.941145613217477
3423,3423,0.9426156556662278,1.0,0.9426156556662278
3424,3424,0.9440682244067723,1.0,0.9440682244067723
3425,3425,0.9455032620941839,0.0,0.9455032620941839
3426,3426,0.9469207120756318,1.0,0.9469207120756318
3427,3427,0.9483205183926177,1.0,0.9483205183926177
3428,3428,0.9497026257831852,1.0,0.9497026257831852
3429,3429,0.9510669796841018,0.0,0.9510669796841018
3430,3430,0.95241352623301,0.0,0.95241352623301
3431,3431,0.9537422122705587,1.0,0.9537422122705587
3432,3432,0.955052985342498,1.0,0.955052985342498
3433,3433,0.9563457937017514,1.0,0.9563457937017514
3434,3434,0.9576205863104588,1.0,0.9576205863104588
3435,3435,0.9588773128419905,1.0,0.9588773128419905
3436,3436,0.960115923682935,1.0,0.960115923682935
3437,3437,0.9613363699350572,1.0,0.9613363699350572
3438,3438,0.9625386034172294,1.0,0.9625386034172294
3439,3439,0.963722576667331,1.0,0.963722576667331
3440,3440,0.964888242944126,1.0,0.964888242944126
3441,3441,0.9660355562291056,1.0,0.9660355562291056
3442,3442,0.9671644712283061,1.0,0.9671644712283061
3443,3443,0.9682749433740963,1.0,0.9682749433740963
3444,3444,0.969366928826937,1.0,0.969366928826937
3445,3445,0.9704403844771127,1.0,0.9704403844771127
3446,3446,0.971495267946432,1.0,0.971495267946432
3447,3447,0.9725315375899026,1.0,0.9725315375899026
3448,3448,0.9735491524973725,1.0,0.9735491524973725
3449,3449,0.9745480724951474,1.0,0.9745480724951474
3450,3450,0.9755282581475768,1.0,0.9755282581475768
3451,3451,0.9764896707586095,1.0,0.9764896707586095
3452,3452,0.9774322723733215,1.0,0.9774322723733215
3453,3453,0.9783560257794152,1.0,0.9783560257794152
3454,3454,0.9792608945086879,1.0,0.9792608945086879
3455,3455,0.9801468428384714,1.0,0.9801468428384714
3456,3456,0.9810138357930434,1.0,0.9810138357930434
3457,3457,0.981861839145005,1.0,0.981861839145005
3458,3458,0.9826908194166372,1.0,0.9826908194166372
3459,3459,0.9835007438812177,1.0,0.9835007438812177
3460,3460,0.9842915805643156,1.0,0.9842915805643156
3461,3461,0.9850632982450529,1.0,0.9850632982450529
3462,3462,0.985815866457337,1.0,0.985815866457337
3463,3463,0.9865492554910632,1.0,0.9865492554910632
3464,3464,0.9872634363932885,1.0,0.9872634363932885
3465,3465,0.9879583809693739,1.0,0.9879583809693739
3466,3466,0.988634061784097,1.0,0.988634061784097
3467,3467,0.9892904521627363,1.0,0.9892904521627363
3468,3468,0.9899275261921234,1.0,0.9899275261921234
3469,3469,0.990545258721667,1.0,0.990545258721667
3470,3470,0.9911436253643443,1.0,0.9911436253643443
3471,3471,0.9917226024976648,1.0,0.9917226024976648
3472,3472,0.9922821672646025,1.0,0.9922821672646025
3473,3473,0.992822297574499,1.0,0.992822297574499
3474,3474,0.9933429721039342,1.0,0.9933429721039342
3475,3475,0.9938441702975691,1.0,0.9938441702975691
3476,3476,0.994325872368957,1.0,0.994325872368957
3477,3477,0.9947880593013255,1.0,0.9947880593013255
3478,3478,0.9952307128483256,1.0,0.9952307128483256
3479,3479,0.9956538155347534,1.0,0.9956538155347534
3480,3480,0.9960573506572389,1.0,0.9960573506572389
3481,3481,0.9964413022849069,1.0,0.9964413022849069
3482,3482,0.9968056552600042,1.0,0.9968056552600042
3483,3483,0.9971503951984996,1.0,0.9971503951984996
3484,3484,0.9974755084906503,1.0,0.9974755084906503
3485,3485,0.9977809823015401,1.0,0.9977809823015401
3486,3486,0.9980668045715861,1.0,0.9980668045715861
3487,3487,0.9983329640170149,1.0,0.9983329640170149
3488,3488,0.9985794501303069,1.0,0.9985794501303069
3489,3489,0.9988062531806127,1.0,0.9988062531806127
3490,3490,0.9990133642141359,1.0,0.9990133642141359
3491,3491,0.9992007750544876,1.0,0.9992007750544876
3492,3492,0.9993684783030087,1.0,0.9993684783030087
3493,3493,0.9995164673390624,1.0,0.9995164673390624
3494,3494,0.9996447363202947,1.0,0.9996447363202947
3495,3495,0.9997532801828658,1.0,0.9997532801828658
3496,3496,0.99984209464165,1.0,0.99984209464165
3497,3497,0.9999111761904046,1.0,0.9999111761904046
3498,3498,0.999960522101908,1.0,0.999960522101908
3499,3499,0.9999901304280686,1.0,0.9999901304280686
3500,3500,1.0,1.0,1.0
3501,3501,0.9999901304280686,1.0,0.9999901304280686
3502,3502,0.999960522101908,1.0,0.999960522101908
3503,3503,0.9999111761904046,1.0,0.9999111761904046
3504,3504,0.99984209464165,1.0,0.99984209464165
3505,3505,0.9997532801828658,1.0,0.9997532801828658
3506,3506,0.9996447363202945,1.0,0.9996447363202945
3507,3507,0.9995164673390624,1.0,0.9995164673390624
3508,3508,0.9993684783030087,1.0,0.9993684783030087
3509,3509,0.9992007750544876,1.0,0.9992007750544876
3510,3510,0.9990133642141359,1.0,0.9990133642141359
3511,3511,0.9988062531806127,1.0,0.9988062531806127
3512,3512,0.9985794501303069,1.0,0.9985794501303069
3513,3513,0.9983329640170149,1.0,0.9983329640170149
3514,3514,0.9980668045715861,1.0,0.9980668045715861
3515,3515,0.9977809823015401,1.0,0.9977809823015401
3516,3516,0.99747550849065,1.0,0.99747550849065
3517,3517,0.9971503951984996,1.0,0.9971503951984996
3518,3518,0.9968056552600042,1.0,0.9968056552600042
3519,3519,0.9964413022849069,1.0,0.9964413022849069
3520,3520,0.9960573506572387,1.0,0.9960573506572387
3521,3521,0.9956538155347532,1.0,0.9956538155347532
3522,3522,0.9952307128483254,1.0,0.9952307128483254
3523,3523,0.9947880593013253,1.0,0.9947880593013253
3524,3524,0.994325872368957,1.0,0.994325872368957
3525,3525,0.9938441702975689,1.0,0.9938441702975689
3526,3526,0.993342972103934,1.0,0.993342972103934
3527,3527,0.992822297574499,1.0,0.992822297574499
3528,3528,0.9922821672646027,1.0,0.9922821672646027
3529,3529,0.9917226024976645,1.0,0.9917226024976645
3530,3530,0.9911436253643441,1.0,0.9911436253643441
3531,3531,0.990545258721667,1.0,0.990545258721667
3532,3532,0.9899275261921232,1.0,0.9899275261921232
3533,3533,0.989290452162736,1.0,0.989290452162736
3534,3534,0.9886340617840967,1.0,0.9886340617840967
3535,3535,0.9879583809693737,1.0,0.9879583809693737
3536,3536,0.9872634363932885,1.0,0.9872634363932885
3537,3537,0.9865492554910634,1.0,0.9865492554910634
3538,3538,0.9858158664573368,1.0,0.9858158664573368
3539,3539,0.9850632982450527,1.0,0.9850632982450527
3540,3540,0.9842915805643154,1.0,0.9842915805643154
3541,3541,0.9835007438812174,1.0,0.9835007438812174
3542,3542,0.9826908194166369,1.0,0.9826908194166369
3543,3543,0.9818618391450048,1.0,0.9818618391450048
3544,3544,0.9810138357930429,1.0,0.9810138357930429
3545,3545,0.9801468428384716,1.0,0.9801468428384716
3546,3546,0.9792608945086881,1.0,0.9792608945086881
3547,3547,0.9783560257794149,1.0,0.9783560257794149
3548,3548,0.9774322723733212,1.0,0.9774322723733212
3549,3549,0.9764896707586093,1.0,0.9764896707586093
3550,3550,0.9755282581475766,1.0,0.9755282581475766
3551,3551,0.9745480724951472,1.0,0.9745480724951472
3552,3552,0.9735491524973721,1.0,0.9735491524973721
3553,3553,0.9725315375899024,1.0,0.9725315375899024
3554,3554,0.9714952679464323,1.0,0.9714952679464323
3555,3555,0.9704403844771129,1.0,0.9704403844771129
3556,3556,0.9693669288269368,1.0,0.9693669288269368
3557,3557,0.9682749433740958,1.0,0.9682749433740958
3558,3558,0.9671644712283058,1.0,0.9671644712283058
3559,3559,0.9660355562291054,1.0,0.9660355562291054
3560,3560,0.9648882429441256,1.0,0.9648882429441256
3561,3561,0.9637225766673305,1.0,0.9637225766673305
3562,3562,0.9625386034172291,1.0,0.9625386034172291
3563,3563,0.9613363699350574,1.0,0.9613363699350574
3564,3564,0.9601159236829354,1.0,0.9601159236829354
3565,3565,0.9588773128419901,1.0,0.9588773128419901
3566,3566,0.9576205863104585,1.0,0.9576205863104585
3567,3567,0.9563457937017512,1.0,0.9563457937017512
3568,3568,0.9550529853424977,1.0,0.9550529853424977
3569,3569,0.9537422122705582,1.0,0.9537422122705582
3570,3570,0.9524135262330096,1.0,0.9524135262330096
3571,3571,0.9510669796841016,1.0,0.9510669796841016
3572,3572,0.9497026257831856,1.0,0.9497026257831856
3573,3573,0.9483205183926181,1.0,0.9483205183926181
3574,3574,0.9469207120756313,1.0,0.9469207120756313
3575,3575,0.9455032620941837,1.0,0.9455032620941837
3576,3576,0.944068224406772,1.0,0.944068224406772
3577,3577,0.9426156556662274,1.0,0.9426156556662274
3578,3578,0.9411456132174766,1.0,0.9411456132174766
3579,3579,0.9396581550952781,1.0,0.9396581550952781
3580,3580,0.938153340021932,1.0,0.938153340021932
3581,3581,0.9366312274049603,1.0,0.9366312274049603
3582,3582,0.9350918773347632,1.0,0.9350918773347632
3583,3583,0.9335353505822445,1.0,0.9335353505822445
3584,3584,0.9319617085964172,1.0,0.9319617085964172
3585,3585,0.9303710135019714,1.0,0.9303710135019714
3586,3586,0.9287633280968259,1.0,0.9287633280968259
3587,3587,0.9271387158496475,0.0,0.9271387158496475
3588,3588,0.9254972408973458,1.0,0.9254972408973458
3589,3589,0.9238389680425416,1.0,0.9238389680425416
3590,3590,0.9221639627510078,1.0,0.9221639627510078
3591,3591,0.9204722911490848,1.0,0.9204722911490848
3592,3592,0.9187640200210704,0.0,0.9187640200210704
3593,3593,0.9170392168065852,1.0,0.9170392168065852
3594,3594,0.9152979495979058,1.0,0.9152979495979058
3595,3595,0.9135402871372806,1.0,0.9135402871372806
3596,3596,0.9117662988142134,0.0,0.9117662988142134
3597,3597,0.909976054662726,1.0,0.909976054662726
3598,3598,0.908169625358592,0.0,0.908169625358592
3599,3599,0.9063470822165471,1.0,0.9063470822165471
3600,3600,0.9045084971874741,1.0,0.9045084971874741
3601,3601,0.9026539428555613,1.0,0.9026539428555613
3602,3602,0.9007834924354376,1.0,0.9007834924354376
3603,3603,0.8988972197692852,1.0,0.8988972197692852
3604,3604,0.8969951993239174,1.0,0.8969951993239174
3605,3605,0.895077506187845,1.0,0.895077506187845
3606,3606,0.8931442160683094,1.0,0.8931442160683094
3607,3607,0.8911954052882941,1.0,0.8911954052882941
3608,3608,0.8892311507835118,1.0,0.8892311507835118
3609,3609,0.8872515300993672,1.0,0.8872515300993672
3610,3610,0.885256621387895,0.0,0.885256621387895
3611,3611,0.8832465034046743,1.0,0.8832465034046743
3612,3612,0.8812212555057235,1.0,0.8812212555057235
3613,3613,0.8791809576443606,1.0,0.8791809576443606
3614,3614,0.8771256903680515,1.0,0.8771256903680515
3615,3615,0.8750555348152297,0.0,0.8750555348152297
3616,3616,0.872970572712091,0.0,0.872970572712091
3617,3617,0.8708708863693697,1.0,0.8708708863693697
3618,3618,0.8687565586790871,1.0,0.8687565586790871
3619,3619,0.8666276731112805,1.0,0.8666276731112805
3620,3620,0.864484313710705,0.0,0.864484313710705
3621,3621,0.8623265650935228,0.0,0.8623265650935228
3622,3622,0.8601545124439531,1.0,0.8601545124439531
3623,3623,0.8579682415109153,1.0,0.8579682415109153
3624,3624,0.8557678386046425,1.0,0.8557678386046425
3625,3625,0.8535533905932737,1.0,0.8535533905932737
3626,3626,0.8513249848994247,1.0,0.8513249848994247
3627,3627,0.8490827094967366,0.0,0.8490827094967366
3628,3628,0.846826652906403,1.0,0.846826652906403
3629,3629,0.8445569041936736,1.0,0.8445569041936736
3630,3630,0.8422735529643437,1.0,0.8422735529643437
3631,3631,0.8399766893612091,1.0,0.8399766893612091
3632,3632,0.837666404060512,1.0,0.837666404060512
3633,3633,0.8353427882683598,1.0,0.8353427882683598
3634,3634,0.8330059337171257,1.0,0.8330059337171257
3635,3635,0.830655932661826,0.0,0.830655932661826
3636,3636,0.8282928778764785,1.0,0.8282928778764785
3637,3637,0.8259168626504398,1.0,0.8259168626504398
3638,3638,0.8235279807847214,1.0,0.8235279807847214
3639,3639,0.8211263265882915,1.0,0.8211263265882915
3640,3640,0.8187119948743443,1.0,0.8187119948743443
3641,3641,0.8162850809565618,1.0,0.8162850809565618
3642,3642,0.81384568064535,1.0,0.81384568064535
3643,3643,0.8113938902440562,1.0,0.8113938902440562
3644,3644,0.8089298065451672,0.0,0.8089298065451672
3645,3645,0.8064535268264885,1.0,0.8064535268264885
3646,3646,0.8039651488473031,1.0,0.8039651488473031
3647,3647,0.8014647708445116,1.0,0.8014647708445116
3648,3648,0.7989524915287588,1.0,0.7989524915287588
3649,3649,0.7964284100805292,1.0,0.7964284100805292
3650,3650,0.7938926261462362,1.0,0.7938926261462362
3651,3651,0.791345239834288,1.0,0.791345239834288
3652,3652,0.7887863517111338,0.0,0.7887863517111338
3653,3653,0.7862160627972955,1.0,0.7862160627972955
3654,3654,0.7836344745633785,1.0,0.7836344745633785
3655,3655,0.7810416889260657,0.0,0.7810416889260657
3656,3656,0.7784378082440933,1.0,0.7784378082440933
3657,3657,0.7758229353142143,1.0,0.7758229353142143
3658,3658,0.7731971733671339,0.0,0.7731971733671339
3659,3659,0.7705606260634376,1.0,0.7705606260634376
3660,3660,0.7679133974894982,1.0,0.7679133974894982
3661,3661,0.7652555921533669,1.0,0.7652555921533669
3662,3662,0.762587314980648,1.0,0.762587314980648
3663,3663,0.7599086713103549,1.0,0.7599086713103549
3664,3664,0.7572197668907537,1.0,0.7572197668907537
3665,3665,0.7545207078751848,1.0,0.7545207078751848
3666,3666,0.7518116008178796,1.0,0.7518116008178796
3667,3667,0.749092552669745,1.0,0.749092552669745
3668,3668,0.7463636707741453,0.0,0.7463636707741453
3669,3669,0.7436250628626658,1.0,0.7436250628626658
3670,3670,0.7408768370508575,1.0,0.7408768370508575
3671,3671,0.7381191018339697,1.0,0.7381191018339697
3672,3672,0.7353519660826666,1.0,0.7353519660826666
3673,3673,0.7325755390387295,1.0,0.7325755390387295
3674,3674,0.7297899303107429,0.0,0.7297899303107429
3675,3675,0.7269952498697726,1.0,0.7269952498697726
3676,3676,0.7241916080450155,1.0,0.7241916080450155
3677,3677,0.7213791155194502,1.0,0.7213791155194502
3678,3678,0.7185578833254663,1.0,0.7185578833254663
3679,3679,0.7157280228404793,1.0,0.7157280228404793
3680,3680,0.7128896457825363,0.0,0.7128896457825363
3681,3681,0.7100428642059033,0.0,0.7100428642059033
3682,3682,0.7071877904966426,1.0,0.7071877904966426
3683,3683,0.7043245373681736,1.0,0.7043245373681736
3684,3684,0.7014532178568305,0.0,0.7014532178568305
3685,3685,0.6985739453173896,0.0,0.6985739453173896
3686,3686,0.6956868334186007,0.0,0.6956868334186007
3687,3687,0.692791996138698,1.0,0.692791996138698
3688,3688,0.6898895477609004,1.0,0.6898895477609004
3689,3689,0.6869796028689004,0.0,0.6869796028689004
3690,3690,0.6840622763423392,1.0,0.6840622763423392
3691,3691,0.6811376833522734,1.0,0.6811376833522734
3692,3692,0.6782059393566243,1.0,0.6782059393566243
3693,3693,0.6752671600956286,1.0,0.6752671600956286
3694,3694,0.6723214615872579,1.0,0.6723214615872579
3695,3695,0.6693689601226451,1.0,0.6693689601226451
3696,3696,0.6664097722614929,1.0,0.6664097722614929
3697,3697,0.6634440148274711,0.0,0.6634440148274711
3698,3698,0.6604718049036047,1.0,0.6604718049036047
3699,3699,0.6574932598276527,0.0,0.6574932598276527
3700,3700,0.6545084971874742,0.0,0.6545084971874742
3701,3701,0.6515176348163859,1.0,0.6515176348163859
3702,3702,0.6485207907885164,0.0,0.6485207907885164
3703,3703,0.6455180834141352,1.0,0.6455180834141352
3704,3704,0.6425096312349876,0.0,0.6425096312349876
3705,3705,0.6394955530196144,1.0,0.6394955530196144
3706,3706,0.6364759677586624,0.0,0.6364759677586624
3707,3707,0.633450994660188,1.0,0.633450994660188
3708,3708,0.6304207531449487,1.0,0.6304207531449487
3709,3709,0.6273853628416916,0.0,0.6273853628416916
3710,3710,0.624344943582428,1.0,0.624344943582428
3711,3711,0.6212996153977028,1.0,0.6212996153977028
3712,3712,0.6182494985118617,1.0,0.6182494985118617
3713,3713,0.6151947133382947,1.0,0.6151947133382947
3714,3714,0.6121353804746902,1.0,0.6121353804746902
3715,3715,0.609071620698271,1.0,0.609071620698271
3716,3716,0.6060035549610273,0.0,0.6060035549610273
3717,3717,0.602931304384941,0.0,0.602931304384941
3718,3718,0.5998549902572039,0.0,0.5998549902572039
3719,3719,0.5967747340254307,1.0,0.5967747340254307
3720,3720,0.5936906572928613,0.0,0.5936906572928613
3721,3721,0.590602881813568,1.0,0.590602881813568
3722,3722,0.5875115294876375,1.0,0.5875115294876375
3723,3723,0.5844167223563665,1.0,0.5844167223563665
3724,3724,0.5813185825974416,1.0,0.5813185825974416
3725,3725,0.5782172325201155,1.0,0.5782172325201155
3726,3726,0.5751127945603788,0.0,0.5751127945603788
3727,3727,0.5720053912761265,1.0,0.5720053912761265
3728,3728,0.5688951453423197,1.0,0.5688951453423197
3729,3729,0.5657821795461404,0.0,0.5657821795461404
3730,3730,0.5626666167821514,0.0,0.5626666167821514
3731,3731,0.5595485800474342,1.0,0.5595485800474342
3732,3732,0.5564281924367405,1.0,0.5564281924367405
3733,3733,0.5533055771376297,1.0,0.5533055771376297
3734,3734,0.5501808574256074,1.0,0.5501808574256074
3735,3735,0.5470541566592575,0.0,0.5470541566592575
3736,3736,0.543925598275372,0.0,0.543925598275372
3737,3737,0.5407953057840793,1.0,0.5407953057840793
3738,3738,0.5376634027639654,0.0,0.5376634027639654
3739,3739,0.534530012857202,0.0,0.534530012857202
3740,3740,0.5313952597646561,1.0,0.5313952597646561
3741,3741,0.5282592672410118,1.0,0.5282592672410118
3742,3742,0.5251221590898845,1.0,0.5251221590898845
3743,3743,0.5219840591589324,0.0,0.5219840591589324
3744,3744,0.5188450913349675,1.0,0.5188450913349675
3745,3745,0.5157053795390645,1.0,0.5157053795390645
3746,3746,0.5125650477216693,0.0,0.5125650477216693
3747,3747,0.5094242198577029,0.0,0.5094242198577029
3748,3748,0.5062830199416756,0.0,0.5062830199416756
3749,3749,0.5031415719827789,0.0,0.5031415719827789
3750,3750,0.4999999999999996,0.0,0.4999999999999996
3751,3751,0.4968584280172203,0.0,0.4968584280172203
3752,3752,0.4937169800583237,0.0,0.4937169800583237
3753,3753,0.490575780142296,1.0,0.490575780142296
3754,3754,0.48743495227833167,0.0,0.48743495227833167
3755,3755,0.48429462046093646,1.0,0.48429462046093646
3756,3756,0.48115490866503174,1.0,0.48115490866503174
3757,3757,0.4780159408410667,1.0,0.4780159408410667
3758,3758,0.47487784091011465,0.0,0.47487784091011465
3759,3759,0.4717407327589873,0.0,0.4717407327589873
3760,3760,0.4686047402353431,1.0,0.4686047402353431
3761,3761,0.465469987142797,1.0,0.465469987142797
3762,3762,0.4623365972360338,0.0,0.4623365972360338
3763,3763,0.45920469421592164,1.0,0.45920469421592164
3764,3764,0.45607440172462893,1.0,0.45607440172462893
3765,3765,0.4529458433407418,0.0,0.4529458433407418
3766,3766,0.44981914257439176,1.0,0.44981914257439176
3767,3767,0.44669442286236943,1.0,0.44669442286236943
3768,3768,0.44357180756325876,0.0,0.44357180756325876
3769,3769,0.4404514199525648,1.0,0.4404514199525648
3770,3770,0.4373333832178478,0.0,0.4373333832178478
3771,3771,0.4342178204538589,0.0,0.4342178204538589
3772,3772,0.4311048546576812,1.0,0.4311048546576812
3773,3773,0.4279946087238744,0.0,0.4279946087238744
3774,3774,0.4248872054396204,1.0,0.4248872054396204
3775,3775,0.4217827674798837,0.0,0.4217827674798837
3776,3776,0.4186814174025575,0.0,0.4186814174025575
3777,3777,0.4155832776436326,1.0,0.4155832776436326
3778,3778,0.41248847051236176,1.0,0.41248847051236176
3779,3779,0.40939711818643126,0.0,0.40939711818643126
3780,3780,0.40630934270713776,0.0,0.40630934270713776
3781,3781,0.4032252659745702,0.0,0.4032252659745702
3782,3782,0.40014500974279704,0.0,0.40014500974279704
3783,3783,0.39706869561505825,0.0,0.39706869561505825
3784,3784,0.39399644503897185,0.0,0.39399644503897185
3785,3785,0.3909283793017281,0.0,0.3909283793017281
3786,3786,0.38786461952530893,1.0,0.38786461952530893
3787,3787,0.38480528666170444,0.0,0.38480528666170444
3788,3788,0.3817505014881375,0.0,0.3817505014881375
3789,3789,0.3787003846022963,1.0,0.3787003846022963
3790,3790,0.37565505641757285,0.0,0.37565505641757285
3791,3791,0.3726146371583094,0.0,0.3726146371583094
3792,3792,0.36957924685505045,1.0,0.36957924685505045
3793,3793,0.3665490053398113,1.0,0.3665490053398113
3794,3794,0.36352403224133667,0.0,0.36352403224133667
3795,3795,0.3605044469803849,1.0,0.3605044469803849
3796,3796,0.3574903687650116,0.0,0.3574903687650116
3797,3797,0.354481916585864,1.0,0.354481916585864
3798,3798,0.3514792092114827,0.0,0.3514792092114827
3799,3799,0.34848236518361325,1.0,0.34848236518361325
3800,3800,0.34549150281252666,0.0,0.34549150281252666
3801,3801,0.3425067401723466,0.0,0.3425067401723466
3802,3802,0.3395281950963944,1.0,0.3395281950963944
3803,3803,0.33655598517252805,1.0,0.33655598517252805
3804,3804,0.3335902277385062,1.0,0.3335902277385062
3805,3805,0.33063103987735404,0.0,0.33063103987735404
3806,3806,0.32767853841274136,1.0,0.32767853841274136
3807,3807,0.3247328399043705,0.0,0.3247328399043705
3808,3808,0.3217940606433749,0.0,0.3217940606433749
3809,3809,0.31886231664772763,0.0,0.31886231664772763
3810,3810,0.31593772365766,0.0,0.31593772365766
3811,3811,0.31302039713109897,0.0,0.31302039713109897
3812,3812,0.3101104522390988,0.0,0.3101104522390988
3813,3813,0.3072080038613013,1.0,0.3072080038613013
3814,3814,0.3043131665813985,0.0,0.3043131665813985
3815,3815,0.3014260546826095,1.0,0.3014260546826095
3816,3816,0.2985467821431687,0.0,0.2985467821431687
3817,3817,0.29567546263182576,0.0,0.29567546263182576
3818,3818,0.29281220950335834,0.0,0.29281220950335834
3819,3819,0.2899571357940958,0.0,0.2899571357940958
3820,3820,0.2871103542174629,0.0,0.2871103542174629
3821,3821,0.2842719771595199,0.0,0.2842719771595199
3822,3822,0.28144211667453306,0.0,0.28144211667453306
3823,3823,0.27862088448054895,0.0,0.27862088448054895
3824,3824,0.27580839195498374,1.0,0.27580839195498374
3825,3825,0.2730047501302266,0.0,0.2730047501302266
3826,3826,0.27021006968925626,0.0,0.27021006968925626
3827,3827,0.2674244609612712,1.0,0.2674244609612712
3828,3828,0.26464803391733427,0.0,0.26464803391733427
3829,3829,0.26188089816602966,0.0,0.26188089816602966
3830,3830,0.2591231629491417,1.0,0.2591231629491417
3831,3831,0.2563749371373334,1.0,0.2563749371373334
3832,3832,0.25363632922585383,0.0,0.25363632922585383
3833,3833,0.25090744733025444,1.0,0.25090744733025444
3834,3834,0.24818839918211957,0.0,0.24818839918211957
3835,3835,0.24547929212481454,0.0,0.24547929212481454
3836,3836,0.2427802331092471,0.0,0.2427802331092471
3837,3837,0.24009132868964578,0.0,0.24009132868964578
3838,3838,0.23741268501935128,1.0,0.23741268501935128
3839,3839,0.2347444078466323,0.0,0.2347444078466323
3840,3840,0.2320866025105012,0.0,0.2320866025105012
3841,3841,0.22943937393656175,0.0,0.22943937393656175
3842,3842,0.2268028266328653,0.0,0.2268028266328653
3843,3843,0.22417706468578485,1.0,0.22417706468578485
3844,3844,0.22156219175590616,0.0,0.22156219175590616
3845,3845,0.21895831107393504,0.0,0.21895831107393504
3846,3846,0.21636552543662224,1.0,0.21636552543662224
3847,3847,0.21378393720270372,0.0,0.21378393720270372
3848,3848,0.21121364828886555,0.0,0.21121364828886555
3849,3849,0.2086547601657115,0.0,0.2086547601657115
3850,3850,0.2061073738537631,0.0,0.2061073738537631
3851,3851,0.20357158991947022,0.0,0.20357158991947022
3852,3852,0.20104750847124053,0.0,0.20104750847124053
3853,3853,0.19853522915548777,0.0,0.19853522915548777
3854,3854,0.19603485115269761,1.0,0.19603485115269761
3855,3855,0.1935464731735122,0.0,0.1935464731735122
3856,3856,0.19107019345483203,0.0,0.19107019345483203
3857,3857,0.1886061097559431,0.0,0.1886061097559431
3858,3858,0.18615431935464927,0.0,0.18615431935464927
3859,3859,0.18371491904343742,0.0,0.18371491904343742
3860,3860,0.18128800512565496,1.0,0.18128800512565496
3861,3861,0.1788736734117078,0.0,0.1788736734117078
3862,3862,0.17647201921527797,0.0,0.17647201921527797
3863,3863,0.1740831373495609,0.0,0.1740831373495609
3864,3864,0.1717071221235222,1.0,0.1717071221235222
3865,3865,0.16934406733817328,0.0,0.16934406733817328
3866,3866,0.16699406628287355,0.0,0.16699406628287355
3867,3867,0.1646572117316395,0.0,0.1646572117316395
3868,3868,0.16233359593948746,0.0,0.16233359593948746
3869,3869,0.16002331063879022,0.0,0.16002331063879022
3870,3870,0.15772644703565564,0.0,0.15772644703565564
3871,3871,0.15544309580632587,0.0,0.15544309580632587
3872,3872,0.15317334709359773,0.0,0.15317334709359773
3873,3873,0.15091729050326402,1.0,0.15091729050326402
3874,3874,0.14867501510057465,0.0,0.14867501510057465
3875,3875,0.14644660940672566,0.0,0.14644660940672566
3876,3876,0.14423216139535688,0.0,0.14423216139535688
3877,3877,0.14203175848908411,1.0,0.14203175848908411
3878,3878,0.13984548755604637,0.0,0.13984548755604637
3879,3879,0.13767343490647663,0.0,0.13767343490647663
3880,3880,0.13551568628929433,0.0,0.13551568628929433
3881,3881,0.1333723268887202,0.0,0.1333723268887202
3882,3882,0.13124344132091342,0.0,0.13124344132091342
3883,3883,0.12912911363062965,0.0,0.12912911363062965
3884,3884,0.12702942728790834,0.0,0.12702942728790834
3885,3885,0.12494446518476977,0.0,0.12494446518476977
3886,3886,0.12287430963194779,0.0,0.12287430963194779
3887,3887,0.12081904235563888,0.0,0.12081904235563888
3888,3888,0.11877874449427599,0.0,0.11877874449427599
3889,3889,0.11675349659532513,0.0,0.11675349659532513
3890,3890,0.11474337861210557,0.0,0.11474337861210557
3891,3891,0.11274846990063338,0.0,0.11274846990063338
3892,3892,0.11076884921648761,0.0,0.11076884921648761
3893,3893,0.1088045947117054,0.0,0.1088045947117054
3894,3894,0.10685578393169011,0.0,0.10685578393169011
3895,3895,0.10492249381215452,1.0,0.10492249381215452
3896,3896,0.10300480067608216,0.0,0.10300480067608216
3897,3897,0.10110278023071445,0.0,0.10110278023071445
3898,3898,0.09921650756456177,0.0,0.09921650756456177
3899,3899,0.09734605714443921,0.0,0.09734605714443921
3900,3900,0.09549150281252658,1.0,0.09549150281252658
3901,3901,0.09365291778345237,0.0,0.09365291778345237
3902,3902,0.0918303746414075,0.0,0.0918303746414075
3903,3903,0.09002394533727344,0.0,0.09002394533727344
3904,3904,0.088233701185786,0.0,0.088233701185786
3905,3905,0.08645971286271892,0.0,0.08645971286271892
3906,3906,0.08470205040209361,0.0,0.08470205040209361
3907,3907,0.08296078319341445,0.0,0.08296078319341445
3908,3908,0.08123597997892928,0.0,0.08123597997892928
3909,3909,0.07952770885091573,0.0,0.07952770885091573
3910,3910,0.07783603724899185,0.0,0.07783603724899185
3911,3911,0.07616103195745791,0.0,0.07616103195745791
3912,3912,0.07450275910265369,0.0,0.07450275910265369
3913,3913,0.07286128415035215,0.0,0.07286128415035215
3914,3914,0.07123667190317369,0.0,0.07123667190317369
3915,3915,0.06962898649802811,0.0,0.06962898649802811
3916,3916,0.06803829140358238,0.0,0.06803829140358238
3917,3917,0.06646464941775511,0.0,0.06646464941775511
3918,3918,0.06490812266523739,0.0,0.06490812266523739
3919,3919,0.06336877259503937,0.0,0.06336877259503937
3920,3920,0.06184665997806776,0.0,0.06184665997806776
3921,3921,0.06034184490472152,0.0,0.06034184490472152
3922,3922,0.0588543867825231,0.0,0.0588543867825231
3923,3923,0.05738434433377223,0.0,0.05738434433377223
3924,3924,0.05593177559322767,0.0,0.05593177559322767
3925,3925,0.054496737905816085,0.0,0.054496737905816085
3926,3926,0.05307928792436822,0.0,0.05307928792436822
3927,3927,0.051679481607382255,0.0,0.051679481607382255
3928,3928,0.050297374216813975,0.0,0.050297374216813975
3929,3929,0.04893302031589817,0.0,0.04893302031589817
3930,3930,0.04758647376698991,0.0,0.04758647376698991
3931,3931,0.04625778772944129,0.0,0.04625778772944129
3932,3932,0.044947014657502,0.0,0.044947014657502
3933,3933,0.043654206298248524,0.0,0.043654206298248524
3934,3934,0.042379413689541234,0.0,0.042379413689541234
3935,3935,0.04112268715800951,0.0,0.04112268715800951
3936,3936,0.03988407631706499,0.0,0.03988407631706499
3937,3937,0.03866363006494282,0.0,0.03866363006494282
3938,3938,0.03746139658277061,0.0,0.03746139658277061
3939,3939,0.03627742333266905,0.0,0.03627742333266905
3940,3940,0.03511175705587408,0.0,0.03511175705587408
3941,3941,0.03396444377089438,0.0,0.03396444377089438
3942,3942,0.032835528771693906,0.0,0.032835528771693906
3943,3943,0.03172505662590383,0.0,0.03172505662590383
3944,3944,0.03063307117306302,0.0,0.03063307117306302
3945,3945,0.0295596155228874,0.0,0.0295596155228874
3946,3946,0.02850473205356796,0.0,0.02850473205356796
3947,3947,0.027468462410097257,0.0,0.027468462410097257
3948,3948,0.0264508475026276,0.0,0.0264508475026276
3949,3949,0.02545192750485252,0.0,0.02545192750485252
3950,3950,0.024471741852423092,0.0,0.024471741852423092
3951,3951,0.02351032924139053,0.0,0.02351032924139053
3952,3952,0.022567727626678514,0.0,0.022567727626678514
3953,3953,0.021643974220584814,0.0,0.021643974220584814
3954,3954,0.020739105491312162,0.0,0.020739105491312162
3955,3955,0.019853157161528624,0.0,0.019853157161528624
3956,3956,0.018986164206956785,0.0,0.018986164206956785
3957,3957,0.01813816085499493,0.0,0.01813816085499493
3958,3958,0.017309180583362897,0.0,0.017309180583362897
3959,3959,0.016499256118782363,0.0,0.016499256118782363
3960,3960,0.015708419435684382,0.0,0.015708419435684382
3961,3961,0.01493670175494707,0.0,0.01493670175494707
3962,3962,0.01418413354266307,0.0,0.01418413354266307
3963,3963,0.013450744508936801,0.0,0.013450744508936801
3964,3964,0.01273656360671155,0.0,0.01273656360671155
3965,3965,0.012041619030626078,0.0,0.012041619030626078
3966,3966,0.011365938215903095,0.0,0.011365938215903095
3967,3967,0.01070954783726382,0.0,0.01070954783726382
3968,3968,0.01007247380787648,0.0,0.01007247380787648
3969,3969,0.009454741278332911,0.0,0.009454741278332911
3970,3970,0.00885637463565565,0.0,0.00885637463565565
3971,3971,0.008277397502335184,0.0,0.008277397502335184
3972,3972,0.007717832735397369,0.0,0.007717832735397369
3973,3973,0.007177702425501075,0.0,0.007177702425501075
3974,3974,0.006657027896065796,0.0,0.006657027896065796
3975,3975,0.006155829702431004,0.0,0.006155829702431004
3976,3976,0.005674127631042898,0.0,0.005674127631042898
3977,3977,0.005211940698674449,0.0,0.005211940698674449
3978,3978,0.004769287151674355,0.0,0.004769287151674355
3979,3979,0.004346184465246709,0.0,0.004346184465246709
3980,3980,0.003942649342761102,0.0,0.003942649342761102
3981,3981,0.0035586977150932064,0.0,0.0035586977150932064
3982,3982,0.003194344739995854,0.0,0.003194344739995854
3983,3983,0.0028496048015004397,0.0,0.0028496048015004397
3984,3984,0.002524491509349835,0.0,0.002524491509349835
3985,3985,0.0022190176984599307,0.0,0.0022190176984599307
3986,3986,0.0019331954284137261,0.0,0.0019331954284137261
3987,3987,0.001667035982985036,0.0,0.001667035982985036
3988,3988,0.0014205498696930278,0.0,0.0014205498696930278
3989,3989,0.0011937468193874029,0.0,0.0011937468193874029
3990,3990,0.0009866357858642385,0.0,0.0009866357858642385
3991,3991,0.0007992249455125068,0.0,0.0007992249455125068
3992,3992,0.0006315216969911971,0.0,0.0006315216969911971
3993,3993,0.00048353266093759665,0.0,0.00048353266093759665
3994,3994,0.00035526367970535047,0.0,0.00035526367970535047
3995,3995,0.0002467198171342062,0.0,0.0002467198171342062
3996,3996,0.00015790535835000108,0.0,0.00015790535835000108
3997,3997,8.88238095954933e-05,0.0,8.88238095954933e-05
3998,3998,3.94778980919411e-05,0.0,3.94778980919411e-05
3999,3999,9.869571931436924e-06,0.0,9.869571931436924e-06
4000,4000,2.399615652258972e-31,0.0,2.399615652258972e-31
4001,4001,9.86957193144193e-06,0.0,9.86957193144193e-06
4002,4002,3.947789809195112e-05,0.0,3.947789809195112e-05
4003,4003,8.882380959550831e-05,0.0,8.882380959550831e-05
4004,4004,0.0001579053583500211,0.0,0.0001579053583500211
4005,4005,0.00024671981713423116,0.0,0.00024671981713423116
4006,4006,0.00035526367970538055,0.0,0.00035526367970538055
4007,4007,0.0004835326609376316,0.0,0.0004835326609376316
4008,4008,0.0006315216969912372,0.0,0.0006315216969912372
4009,4009,0.0007992249455124515,0.0,0.0007992249455124515
4010,4010,0.0009866357858642886,0.0,0.0009866357858642886
4011,4011,0.0011937468193874581,0.0,0.0011937468193874581
4012,4012,0.0014205498696930878,0.0,0.0014205498696930878
4013,4013,0.0016670359829851005,0.0,0.0016670359829851005
4014,4014,0.0019331954284137957,0.0,0.0019331954284137957
4015,4015,0.0022190176984600058,0.0,0.0022190176984600058
4016,4016,0.0025244915093499153,0.0,0.0025244915093499153
4017,4017,0.0028496048015005247,0.0,0.0028496048015005247
4018,4018,0.0031943447399957435,0.0,0.0031943447399957435
4019,4019,0.0035586977150933014,0.0,0.0035586977150933014
4020,4020,0.003942649342761201,0.0,0.003942649342761201
4021,4021,0.004346184465246813,0.0,0.004346184465246813
4022,4022,0.004769287151674464,0.0,0.004769287151674464
4023,4023,0.005211940698674563,0.0,0.005211940698674563
4024,4024,0.005674127631043018,0.0,0.005674127631043018
4025,4025,0.0061558297024311304,0.0,0.0061558297024311304
4026,4026,0.006657027896065925,0.0,0.006657027896065925
4027,4027,0.00717770242550091,0.0,0.00717770242550091
4028,4028,0.00771783273539751,0.0,0.00771783273539751
4029,4029,0.008277397502335328,0.0,0.008277397502335328
4030,4030,0.008856374635655799,0.0,0.008856374635655799
4031,4031,0.009454741278333066,0.0,0.009454741278333066
4032,4032,0.010072473807876637,0.0,0.010072473807876637
4033,4033,0.010709547837263984,0.0,0.010709547837263984
4034,4034,0.011365938215903263,0.0,0.011365938215903263
4035,4035,0.012041619030626251,0.0,0.012041619030626251
4036,4036,0.01273656360671133,0.0,0.01273656360671133
4037,4037,0.013450744508936985,0.0,0.013450744508936985
4038,4038,0.01418413354266326,0.0,0.01418413354266326
4039,4039,0.014936701754947265,0.0,0.014936701754947265
4040,4040,0.015708419435684583,0.0,0.015708419435684583
4041,4041,0.01649925611878257,0.0,0.01649925611878257
4042,4042,0.0173091805833631,0.0,0.0173091805833631
4043,4043,0.018138160854995145,0.0,0.018138160854995145
4044,4044,0.018986164206956996,0.0,0.018986164206956996
4045,4045,0.01985315716152835,0.0,0.01985315716152835
4046,4046,0.020739105491311888,0.0,0.020739105491311888
4047,4047,0.021643974220585043,0.0,0.021643974220585043
4048,4048,0.022567727626678757,0.0,0.022567727626678757
4049,4049,0.02351032924139077,0.0,0.02351032924139077
4050,4050,0.024471741852423335,0.0,0.024471741852423335
4051,4051,0.025451927504852766,0.0,0.025451927504852766
4052,4052,0.02645084750262786,0.0,0.02645084750262786
4053,4053,0.027468462410097514,0.0,0.027468462410097514
4054,4054,0.028504732053567634,0.0,0.028504732053567634
4055,4055,0.029559615522887064,0.0,0.029559615522887064
4056,4056,0.030633071173063305,0.0,0.030633071173063305
4057,4057,0.03172505662590411,0.0,0.03172505662590411
4058,4058,0.03283552877169419,0.0,0.03283552877169419
4059,4059,0.033964443770894664,0.0,0.033964443770894664
4060,4060,0.03511175705587438,0.0,0.03511175705587438
4061,4061,0.036277423332669353,0.0,0.036277423332669353
4062,4062,0.037461396582770916,0.0,0.037461396582770916
4063,4063,0.03866363006494244,0.0,0.03866363006494244
4064,4064,0.039884076317064615,0.0,0.039884076317064615
4065,4065,0.041122687158009825,0.0,0.041122687158009825
4066,4066,0.042379413689541554,0.0,0.042379413689541554
4067,4067,0.04365420629824885,0.0,0.04365420629824885
4068,4068,0.044947014657502345,0.0,0.044947014657502345
4069,4069,0.046257787729441634,0.0,0.046257787729441634
4070,4070,0.04758647376699025,0.0,0.04758647376699025
4071,4071,0.048933020315898516,0.0,0.048933020315898516
4072,4072,0.05029737421681432,0.0,0.05029737421681432
4073,4073,0.051679481607381825,1.0,0.051679481607381825
4074,4074,0.05307928792436858,0.0,0.05307928792436858
4075,4075,0.054496737905816446,0.0,0.054496737905816446
4076,4076,0.05593177559322804,0.0,0.05593177559322804
4077,4077,0.0573843443337726,0.0,0.0573843443337726
4078,4078,0.05885438678252347,0.0,0.05885438678252347
4079,4079,0.0603418449047219,0.0,0.0603418449047219
4080,4080,0.06184665997806814,0.0,0.06184665997806814
4081,4081,0.06336877259503977,0.0,0.06336877259503977
4082,4082,0.0649081226652369,0.0,0.0649081226652369
4083,4083,0.06646464941775548,0.0,0.06646464941775548
4084,4084,0.06803829140358278,0.0,0.06803829140358278
4085,4085,0.06962898649802851,0.0,0.06962898649802851
4086,4086,0.0712366719031741,0.0,0.0712366719031741
4087,4087,0.07286128415035256,0.0,0.07286128415035256
4088,4088,0.0745027591026541,0.0,0.0745027591026541
4089,4089,0.0761610319574583,0.0,0.0761610319574583
4090,4090,0.07783603724899228,0.0,0.07783603724899228
4091,4091,0.07952770885091519,0.0,0.07952770885091519
4092,4092,0.08123597997892973,0.0,0.08123597997892973
4093,4093,0.08296078319341489,0.0,0.08296078319341489
4094,4094,0.08470205040209405,0.0,0.08470205040209405
4095,4095,0.08645971286271933,0.0,0.08645971286271933
4096,4096,0.08823370118578645,0.0,0.08823370118578645
4097,4097,0.09002394533727387,0.0,0.09002394533727387
4098,4098,0.09183037464140797,0.0,0.09183037464140797
4099,4099,0.09365291778345285,0.0,0.09365291778345285
4100,4100,0.095491502812526,0.0,0.095491502812526
4101,4101,0.09734605714443965,0.0,0.09734605714443965
4102,4102,0.09921650756456227,0.0,0.09921650756456227
4103,4103,0.10110278023071491,0.0,0.10110278023071491
4104,4104,0.10300480067608261,0.0,0.10300480067608261
4105,4105,0.10492249381215499,0.0,0.10492249381215499
4106,4106,0.10685578393169061,0.0,0.10685578393169061
4107,4107,0.10880459471170588,0.0,0.10880459471170588
4108,4108,0.1107688492164881,0.0,0.1107688492164881
4109,4109,0.1127484699006328,0.0,0.1127484699006328
4110,4110,0.1147433786121061,0.0,0.1147433786121061
4111,4111,0.11675349659532568,1.0,0.11675349659532568
4112,4112,0.11877874449427653,0.0,0.11877874449427653
4113,4113,0.12081904235563942,0.0,0.12081904235563942
4114,4114,0.1228743096319483,1.0,0.1228743096319483
4115,4115,0.12494446518477031,0.0,0.12494446518477031
4116,4116,0.1270294272879089,0.0,0.1270294272879089
4117,4117,0.12912911363063023,0.0,0.12912911363063023
4118,4118,0.13124344132091273,0.0,0.13124344132091273
4119,4119,0.13337232688872072,0.0,0.13337232688872072
4120,4120,0.13551568628929486,0.0,0.13551568628929486
4121,4121,0.13767343490647718,0.0,0.13767343490647718
4122,4122,0.13984548755604695,0.0,0.13984548755604695
4123,4123,0.14203175848908464,0.0,0.14203175848908464
4124,4124,0.1442321613953574,0.0,0.1442321613953574
4125,4125,0.1464466094067262,0.0,0.1464466094067262
4126,4126,0.1486750151005752,0.0,0.1486750151005752
4127,4127,0.15091729050326333,0.0,0.15091729050326333
4128,4128,0.15317334709359834,0.0,0.15317334709359834
4129,4129,0.15544309580632643,0.0,0.15544309580632643
4130,4130,0.1577264470356562,0.0,0.1577264470356562
4131,4131,0.1600233106387908,1.0,0.1600233106387908
4132,4132,0.16233359593948804,1.0,0.16233359593948804
4133,4133,0.16465721173164008,0.0,0.16465721173164008
4134,4134,0.16699406628287414,0.0,0.16699406628287414
4135,4135,0.16934406733817386,0.0,0.16934406733817386
4136,4136,0.17170712212352146,0.0,0.17170712212352146
4137,4137,0.1740831373495615,0.0,0.1740831373495615
4138,4138,0.17647201921527858,0.0,0.17647201921527858
4139,4139,0.1788736734117084,0.0,0.1788736734117084
4140,4140,0.18128800512565557,0.0,0.18128800512565557
4141,4141,0.18371491904343804,0.0,0.18371491904343804
4142,4142,0.1861543193546499,0.0,0.1861543193546499
4143,4143,0.18860610975594372,0.0,0.18860610975594372
4144,4144,0.19107019345483267,0.0,0.19107019345483267
4145,4145,0.1935464731735114,1.0,0.1935464731735114
4146,4146,0.1960348511526982,0.0,0.1960348511526982
4147,4147,0.19853522915548844,0.0,0.19853522915548844
4148,4148,0.2010475084712412,0.0,0.2010475084712412
4149,4149,0.20357158991947086,0.0,0.20357158991947086
4150,4150,0.20610737385376374,0.0,0.20610737385376374
4151,4151,0.2086547601657121,0.0,0.2086547601657121
4152,4152,0.2112136482888662,1.0,0.2112136482888662
4153,4153,0.2137839372027044,0.0,0.2137839372027044
4154,4154,0.2163655254366214,0.0,0.2163655254366214
4155,4155,0.2189583110739342,0.0,0.2189583110739342
4156,4156,0.22156219175590686,1.0,0.22156219175590686
4157,4157,0.22417706468578555,0.0,0.22417706468578555
4158,4158,0.22680282663286594,0.0,0.22680282663286594
4159,4159,0.22943937393656244,0.0,0.22943937393656244
4160,4160,0.23208660251050184,0.0,0.23208660251050184
4161,4161,0.23474440784663295,1.0,0.23474440784663295
4162,4162,0.237412685019352,1.0,0.237412685019352
4163,4163,0.24009132868964492,0.0,0.24009132868964492
4164,4164,0.2427802331092463,0.0,0.2427802331092463
4165,4165,0.24547929212481517,0.0,0.24547929212481517
4166,4166,0.24818839918212024,0.0,0.24818839918212024
4167,4167,0.2509074473302551,0.0,0.2509074473302551
4168,4168,0.2536363292258546,1.0,0.2536363292258546
4169,4169,0.25637493713733406,1.0,0.25637493713733406
4170,4170,0.2591231629491424,0.0,0.2591231629491424
4171,4171,0.26188089816603033,0.0,0.26188089816603033
4172,4172,0.2646480339173333,1.0,0.2646480339173333
4173,4173,0.26742446096127026,1.0,0.26742446096127026
4174,4174,0.270210069689257,0.0,0.270210069689257
4175,4175,0.27300475013022735,0.0,0.27300475013022735
4176,4176,0.27580839195498447,0.0,0.27580839195498447
4177,4177,0.27862088448054967,0.0,0.27862088448054967
4178,4178,0.2814421166745338,0.0,0.2814421166745338
4179,4179,0.28427197715952046,1.0,0.28427197715952046
4180,4180,0.2871103542174635,0.0,0.2871103542174635
4181,4181,0.28995713579409654,0.0,0.28995713579409654
4182,4182,0.2928122095033574,0.0,0.2928122095033574
4183,4183,0.29567546263182637,0.0,0.29567546263182637
4184,4184,0.29854678214316943,0.0,0.29854678214316943
4185,4185,0.30142605468261024,0.0,0.30142605468261024
4186,4186,0.30431316658139923,1.0,0.30431316658139923
4187,4187,0.3072080038613019,1.0,0.3072080038613019
4188,4188,0.3101104522390995,1.0,0.3101104522390995
4189,4189,0.3130203971310997,0.0,0.3130203971310997
4190,4190,0.31593772365766076,0.0,0.31593772365766076
4191,4191,0.31886231664772663,0.0,0.31886231664772663
4192,4192,0.32179406064337557,1.0,0.32179406064337557
4193,4193,0.32473283990437124,1.0,0.32473283990437124
4194,4194,0.32767853841274214,0.0,0.32767853841274214
4195,4195,0.3306310398773547,1.0,0.3306310398773547
4196,4196,0.333590227738507,1.0,0.333590227738507
4197,4197,0.3365559851725288,0.0,0.3365559851725288
4198,4198,0.3395281950963951,0.0,0.3395281950963951
4199,4199,0.3425067401723473,0.0,0.3425067401723473
4200,4200,0.3454915028125258,1.0,0.3454915028125258
4201,4201,0.34848236518361403,0.0,0.34848236518361403
4202,4202,0.3514792092114833,1.0,0.3514792092114833
4203,4203,0.35448191658586475,0.0,0.35448191658586475
4204,4204,0.3574903687650124,1.0,0.3574903687650124
4205,4205,0.3605044469803856,1.0,0.3605044469803856
4206,4206,0.3635240322413375,1.0,0.3635240322413375
4207,4207,0.3665490053398121,1.0,0.3665490053398121
4208,4208,0.3695792468550512,1.0,0.3695792468550512
4209,4209,0.3726146371583084,0.0,0.3726146371583084
4210,4210,0.3756550564175737,0.0,0.3756550564175737
4211,4211,0.37870038460229716,0.0,0.37870038460229716
4212,4212,0.3817505014881383,0.0,0.3817505014881383
4213,4213,0.3848052866617051,0.0,0.3848052866617051
4214,4214,0.38786461952530976,0.0,0.38786461952530976
4215,4215,0.39092837930172875,0.0,0.39092837930172875
4216,4216,0.3939964450389725,1.0,0.3939964450389725
4217,4217,0.3970686956150591,0.0,0.3970686956150591
4218,4218,0.40014500974279604,1.0,0.40014500974279604
4219,4219,0.4032252659745709,0.0,0.4032252659745709
4220,4220,0.4063093427071386,1.0,0.4063093427071386
4221,4221,0.40939711818643193,0.0,0.40939711818643193
4222,4222,0.4124884705123625,0.0,0.4124884705123625
4223,4223,0.4155832776436333,0.0,0.4155832776436333
4224,4224,0.4186814174025584,0.0,0.4186814174025584
4225,4225,0.4217827674798844,1.0,0.4217827674798844
4226,4226,0.4248872054396212,0.0,0.4248872054396212
4227,4227,0.4279946087238734,0.0,0.4279946087238734
4228,4228,0.4311048546576821,0.0,0.4311048546576821
4229,4229,0.43421782045385965,0.0,0.43421782045385965
4230,4230,0.43733338321784854,0.0,0.43733338321784854
4231,4231,0.4404514199525657,1.0,0.4404514199525657
4232,4232,0.44357180756325953,0.0,0.44357180756325953
4233,4233,0.4466944228623702,1.0,0.4466944228623702
4234,4234,0.4498191425743925,1.0,0.4498191425743925
4235,4235,0.4529458433407425,1.0,0.4529458433407425
4236,4236,0.456074401724628,1.0,0.456074401724628
4237,4237,0.45920469421592236,0.0,0.45920469421592236
4238,4238,0.4623365972360346,0.0,0.4623365972360346
4239,4239,0.46546998714279775,0.0,0.46546998714279775
4240,4240,0.4686047402353438,0.0,0.4686047402353438
4241,4241,0.4717407327589881,0.0,0.4717407327589881
4242,4242,0.47487784091011537,1.0,0.47487784091011537
4243,4243,0.47801594084106747,1.0,0.47801594084106747
4244,4244,0.4811549086650325,1.0,0.4811549086650325
4245,4245,0.48429462046093535,0.0,0.48429462046093535
4246,4246,0.48743495227833245,1.0,0.48743495227833245
4247,4247,0.4905757801422968,1.0,0.4905757801422968
4248,4248,0.4937169800583245,1.0,0.4937169800583245
4249,4249,0.4968584280172211,1.0,0.4968584280172211
4250,4250,0.5000000000000003,1.0,0.5000000000000003
4251,4251,0.5031415719827796,1.0,0.5031415719827796
4252,4252,0.5062830199416763,0.0,0.5062830199416763
4253,4253,0.5094242198577039,0.0,0.5094242198577039
4254,4254,0.5125650477216683,1.0,0.5125650477216683
4255,4255,0.5157053795390653,0.0,0.5157053795390653
4256,4256,0.5188450913349683,0.0,0.5188450913349683
4257,4257,0.5219840591589332,1.0,0.5219840591589332
4258,4258,0.5251221590898854,1.0,0.5251221590898854
4259,4259,0.5282592672410127,1.0,0.5282592672410127
4260,4260,0.5313952597646568,1.0,0.5313952597646568
4261,4261,0.5345300128572029,0.0,0.5345300128572029
4262,4262,0.5376634027639661,0.0,0.5376634027639661
4263,4263,0.5407953057840784,1.0,0.5407953057840784
4264,4264,0.543925598275371,1.0,0.543925598275371
4265,4265,0.5470541566592582,1.0,0.5470541566592582
4266,4266,0.5501808574256083,0.0,0.5501808574256083
4267,4267,0.5533055771376305,0.0,0.5533055771376305
4268,4268,0.5564281924367412,1.0,0.5564281924367412
4269,4269,0.559548580047435,1.0,0.559548580047435
4270,4270,0.5626666167821522,1.0,0.5626666167821522
4271,4271,0.5657821795461411,0.0,0.5657821795461411
4272,4272,0.5688951453423187,1.0,0.5688951453423187
4273,4273,0.5720053912761255,1.0,0.5720053912761255
4274,4274,0.5751127945603796,1.0,0.5751127945603796
4275,4275,0.5782172325201163,0.0,0.5782172325201163
4276,4276,0.5813185825974425,1.0,0.5813185825974425
4277,4277,0.5844167223563673,1.0,0.5844167223563673
4278,4278,0.5875115294876382,0.0,0.5875115294876382
4279,4279,0.5906028818135687,1.0,0.5906028818135687
4280,4280,0.5936906572928622,1.0,0.5936906572928622
4281,4281,0.5967747340254298,0.0,0.5967747340254298
4282,4282,0.599854990257203,1.0,0.599854990257203
4283,4283,0.6029313043849417,1.0,0.6029313043849417
4284,4284,0.6060035549610281,0.0,0.6060035549610281
4285,4285,0.6090716206982719,1.0,0.6090716206982719
4286,4286,0.6121353804746911,0.0,0.6121353804746911
4287,4287,0.6151947133382956,0.0,0.6151947133382956
4288,4288,0.6182494985118624,1.0,0.6182494985118624
4289,4289,0.6212996153977036,1.0,0.6212996153977036
4290,4290,0.6243449435824271,1.0,0.6243449435824271
4291,4291,0.6273853628416906,1.0,0.6273853628416906
4292,4292,0.6304207531449494,1.0,0.6304207531449494
4293,4293,0.6334509946601886,1.0,0.6334509946601886
4294,4294,0.6364759677586633,0.0,0.6364759677586633
4295,4295,0.639495553019615,1.0,0.639495553019615
4296,4296,0.6425096312349884,0.0,0.6425096312349884
4297,4297,0.645518083414136,1.0,0.645518083414136
4298,4298,0.6485207907885173,0.0,0.6485207907885173
4299,4299,0.6515176348163867,1.0,0.6515176348163867
4300,4300,0.6545084971874732,1.0,0.6545084971874732
4301,4301,0.6574932598276534,0.0,0.6574932598276534
4302,4302,0.6604718049036057,0.0,0.6604718049036057
4303,4303,0.663444014827472,1.0,0.663444014827472
4304,4304,0.6664097722614939,0.0,0.6664097722614939
4305,4305,0.669368960122646,1.0,0.669368960122646
4306,4306,0.6723214615872586,1.0,0.6723214615872586
4307,4307,0.6752671600956294,0.0,0.6752671600956294
4308,4308,0.678205939356625,1.0,0.678205939356625
4309,4309,0.6811376833522723,1.0,0.6811376833522723
4310,4310,0.68406227634234,1.0,0.68406227634234
4311,4311,0.6869796028689011,1.0,0.6869796028689011
4312,4312,0.6898895477609012,1.0,0.6898895477609012
4313,4313,0.6927919961386987,1.0,0.6927919961386987
4314,4314,0.6956868334186015,1.0,0.6956868334186015
4315,4315,0.6985739453173904,1.0,0.6985739453173904
4316,4316,0.7014532178568312,0.0,0.7014532178568312
4317,4317,0.7043245373681744,1.0,0.7043245373681744
4318,4318,0.7071877904966416,1.0,0.7071877904966416
4319,4319,0.7100428642059041,0.0,0.7100428642059041
4320,4320,0.7128896457825371,0.0,0.7128896457825371
4321,4321,0.7157280228404801,1.0,0.7157280228404801
4322,4322,0.7185578833254669,0.0,0.7185578833254669
4323,4323,0.721379115519451,1.0,0.721379115519451
4324,4324,0.7241916080450163,1.0,0.7241916080450163
4325,4325,0.7269952498697734,1.0,0.7269952498697734
4326,4326,0.7297899303107437,1.0,0.7297899303107437
4327,4327,0.7325755390387287,1.0,0.7325755390387287
4328,4328,0.7353519660826673,1.0,0.7353519660826673
4329,4329,0.7381191018339704,1.0,0.7381191018339704
4330,4330,0.7408768370508583,0.0,0.7408768370508583
4331,4331,0.7436250628626666,1.0,0.7436250628626666
4332,4332,0.7463636707741461,1.0,0.7463636707741461
4333,4333,0.7490925526697455,1.0,0.7490925526697455
4334,4334,0.7518116008178803,0.0,0.7518116008178803
4335,4335,0.7545207078751853,0.0,0.7545207078751853
4336,4336,0.7572197668907529,1.0,0.7572197668907529
4337,4337,0.7599086713103557,0.0,0.7599086713103557
4338,4338,0.7625873149806486,1.0,0.7625873149806486
4339,4339,0.7652555921533677,0.0,0.7652555921533677
4340,4340,0.7679133974894987,0.0,0.7679133974894987
4341,4341,0.7705606260634381,0.0,0.7705606260634381
4342,4342,0.7731971733671347,1.0,0.7731971733671347
4343,4343,0.7758229353142151,1.0,0.7758229353142151
4344,4344,0.7784378082440938,1.0,0.7784378082440938
4345,4345,0.781041688926065,1.0,0.781041688926065
4346,4346,0.7836344745633791,1.0,0.7836344745633791
4347,4347,0.7862160627972962,1.0,0.7862160627972962
4348,4348,0.7887863517111345,1.0,0.7887863517111345
4349,4349,0.7913452398342885,1.0,0.7913452398342885
4350,4350,0.7938926261462368,0.0,0.7938926261462368
4351,4351,0.7964284100805298,0.0,0.7964284100805298
4352,4352,0.7989524915287595,1.0,0.7989524915287595
4353,4353,0.8014647708445122,1.0,0.8014647708445122
4354,4354,0.8039651488473023,1.0,0.8039651488473023
4355,4355,0.8064535268264891,1.0,0.8064535268264891
4356,4356,0.8089298065451679,1.0,0.8089298065451679
4357,4357,0.8113938902440568,1.0,0.8113938902440568
4358,4358,0.8138456806453507,1.0,0.8138456806453507
4359,4359,0.8162850809565624,1.0,0.8162850809565624
4360,4360,0.818711994874345,1.0,0.818711994874345
4361,4361,0.8211263265882921,1.0,0.8211263265882921
4362,4362,0.8235279807847221,0.0,0.8235279807847221
4363,4363,0.8259168626504391,1.0,0.8259168626504391
4364,4364,0.8282928778764792,1.0,0.8282928778764792
4365,4365,0.8306559326618266,1.0,0.8306559326618266
4366,4366,0.8330059337171263,1.0,0.8330059337171263
4367,4367,0.8353427882683604,1.0,0.8353427882683604
4368,4368,0.8376664040605125,1.0,0.8376664040605125
4369,4369,0.8399766893612097,0.0,0.8399766893612097
4370,4370,0.8422735529643444,1.0,0.8422735529643444
4371,4371,0.844556904193674,1.0,0.844556904193674
4372,4372,0.8468266529064021,0.0,0.8468266529064021
4373,4373,0.849082709496736,1.0,0.849082709496736
4374,4374,0.8513249848994253,0.0,0.8513249848994253
4375,4375,0.8535533905932744,0.0,0.8535533905932744
4376,4376,0.8557678386046431,1.0,0.8557678386046431
4377,4377,0.8579682415109159,1.0,0.8579682415109159
4378,4378,0.8601545124439536,1.0,0.8601545124439536
4379,4379,0.8623265650935233,0.0,0.8623265650935233
4380,4380,0.8644843137107057,1.0,0.8644843137107057
4381,4381,0.8666276731112796,1.0,0.8666276731112796
4382,4382,0.8687565586790865,1.0,0.8687565586790865
4383,4383,0.8708708863693704,1.0,0.8708708863693704
4384,4384,0.8729705727120917,1.0,0.8729705727120917
4385,4385,0.8750555348152301,1.0,0.8750555348152301
4386,4386,0.8771256903680522,1.0,0.8771256903680522
4387,4387,0.8791809576443611,1.0,0.8791809576443611
4388,4388,0.8812212555057239,1.0,0.8812212555057239
4389,4389,0.8832465034046749,1.0,0.8832465034046749
4390,4390,0.8852566213878944,1.0,0.8852566213878944
4391,4391,0.8872515300993665,0.0,0.8872515300993665
4392,4392,0.8892311507835124,1.0,0.8892311507835124
4393,4393,0.8911954052882946,1.0,0.8911954052882946
4394,4394,0.8931442160683098,0.0,0.8931442160683098
4395,4395,0.8950775061878453,1.0,0.8950775061878453
4396,4396,0.8969951993239178,1.0,0.8969951993239178
4397,4397,0.8988972197692855,1.0,0.8988972197692855
4398,4398,0.9007834924354381,1.0,0.9007834924354381
4399,4399,0.9026539428555607,1.0,0.9026539428555607
4400,4400,0.9045084971874734,1.0,0.9045084971874734
4401,4401,0.9063470822165476,1.0,0.9063470822165476
4402,4402,0.9081696253585925,1.0,0.9081696253585925
4403,4403,0.9099760546627266,1.0,0.9099760546627266
4404,4404,0.9117662988142139,1.0,0.9117662988142139
4405,4405,0.9135402871372811,1.0,0.9135402871372811
4406,4406,0.9152979495979064,1.0,0.9152979495979064
4407,4407,0.9170392168065856,1.0,0.9170392168065856
4408,4408,0.9187640200210707,1.0,0.9187640200210707
4409,4409,0.9204722911490842,1.0,0.9204722911490842
4410,4410,0.9221639627510082,1.0,0.9221639627510082
4411,4411,0.923838968042542,0.0,0.923838968042542
4412,4412,0.9254972408973462,1.0,0.9254972408973462
4413,4413,0.9271387158496479,1.0,0.9271387158496479
4414,4414,0.9287633280968264,1.0,0.9287633280968264
4415,4415,0.9303710135019718,1.0,0.9303710135019718
4416,4416,0.9319617085964177,1.0,0.9319617085964177
4417,4417,0.9335353505822449,1.0,0.9335353505822449
4418,4418,0.9350918773347625,1.0,0.9350918773347625
4419,4419,0.9366312274049607,1.0,0.9366312274049607
4420,4420,0.9381533400219322,1.0,0.9381533400219322
4421,4421,0.9396581550952785,1.0,0.9396581550952785
4422,4422,0.9411456132174768,1.0,0.9411456132174768
4423,4423,0.9426156556662278,1.0,0.9426156556662278
4424,4424,0.9440682244067723,1.0,0.9440682244067723
4425,4425,0.9455032620941839,1.0,0.9455032620941839
4426,4426,0.9469207120756318,1.0,0.9469207120756318
4427,4427,0.9483205183926177,1.0,0.9483205183926177
4428,4428,0.9497026257831859,1.0,0.9497026257831859
4429,4429,0.9510669796841018,1.0,0.9510669796841018
4430,4430,0.95241352623301,1.0,0.95241352623301
4431,4431,0.9537422122705587,1.0,0.9537422122705587
4432,4432,0.9550529853424978,1.0,0.9550529853424978
4433,4433,0.9563457937017514,1.0,0.9563457937017514
4434,4434,0.9576205863104588,1.0,0.9576205863104588
4435,4435,0.9588773128419905,1.0,0.9588773128419905
4436,4436,0.960115923682935,1.0,0.960115923682935
4437,4437,0.9613363699350579,1.0,0.9613363699350579
4438,4438,0.9625386034172294,1.0,0.9625386034172294
4439,4439,0.963722576667331,1.0,0.963722576667331
4440,4440,0.964888242944126,1.0,0.964888242944126
4441,4441,0.9660355562291056,1.0,0.9660355562291056
4442,4442,0.9671644712283061,1.0,0.9671644712283061
4443,4443,0.968274943374096,1.0,0.968274943374096
4444,4444,0.969366928826937,1.0,0.969366928826937
4445,4445,0.9704403844771127,1.0,0.9704403844771127
4446,4446,0.9714952679464327,1.0,0.9714952679464327
4447,4447,0.9725315375899026,1.0,0.9725315375899026
4448,4448,0.9735491524973723,1.0,0.9735491524973723
4449,4449,0.9745480724951474,1.0,0.9745480724951474
4450,4450,0.9755282581475768,1.0,0.9755282581475768
4451,4451,0.9764896707586095,1.0,0.9764896707586095
4452,4452,0.9774322723733214,1.0,0.9774322723733214
4453,4453,0.9783560257794152,1.0,0.9783560257794152
4454,4454,0.9792608945086879,1.0,0.9792608945086879
4455,4455,0.9801468428384719,1.0,0.9801468428384719
4456,4456,0.9810138357930431,1.0,0.9810138357930431
4457,4457,0.981861839145005,1.0,0.981861839145005
4458,4458,0.9826908194166369,1.0,0.9826908194166369
4459,4459,0.9835007438812177,1.0,0.9835007438812177
4460,4460,0.9842915805643156,1.0,0.9842915805643156
4461,4461,0.9850632982450529,1.0,0.9850632982450529
4462,4462,0.9858158664573368,1.0,0.9858158664573368
4463,4463,0.9865492554910632,1.0,0.9865492554910632
4464,4464,0.9872634363932887,1.0,0.9872634363932887
4465,4465,0.9879583809693739,1.0,0.9879583809693739
4466,4466,0.9886340617840967,1.0,0.9886340617840967
4467,4467,0.9892904521627363,1.0,0.9892904521627363
4468,4468,0.9899275261921234,1.0,0.9899275261921234
4469,4469,0.990545258721667,1.0,0.990545258721667
4470,4470,0.9911436253643443,1.0,0.9911436253643443
4471,4471,0.9917226024976648,1.0,0.9917226024976648
4472,4472,0.9922821672646025,1.0,0.9922821672646025
4473,4473,0.9928222975744992,1.0,0.9928222975744992
4474,4474,0.9933429721039342,1.0,0.9933429721039342
4475,4475,0.9938441702975691,1.0,0.9938441702975691
4476,4476,0.994325872368957,1.0,0.994325872368957
4477,4477,0.9947880593013255,1.0,0.9947880593013255
4478,4478,0.9952307128483256,1.0,0.9952307128483256
4479,4479,0.9956538155347534,1.0,0.9956538155347534
4480,4480,0.9960573506572389,1.0,0.9960573506572389
4481,4481,0.9964413022849069,1.0,0.9964413022849069
4482,4482,0.9968056552600044,1.0,0.9968056552600044
4483,4483,0.9971503951984996,1.0,0.9971503951984996
4484,4484,0.9974755084906503,1.0,0.9974755084906503
4485,4485,0.9977809823015401,1.0,0.9977809823015401
4486,4486,0.9980668045715861,1.0,0.9980668045715861
4487,4487,0.9983329640170149,1.0,0.9983329640170149
4488,4488,0.9985794501303069,1.0,0.9985794501303069
4489,4489,0.9988062531806127,1.0,0.9988062531806127
4490,4490,0.9990133642141359,1.0,0.9990133642141359
4491,4491,0.9992007750544876,1.0,0.9992007750544876
4492,4492,0.9993684783030089,1.0,0.9993684783030089
4493,4493,0.9995164673390624,1.0,0.9995164673390624
4494,4494,0.9996447363202947,1.0,0.9996447363202947
4495,4495,0.9997532801828658,1.0,0.9997532801828658
4496,4496,0.99984209464165,1.0,0.99984209464165
4497,4497,0.9999111761904046,1.0,0.9999111761904046
4498,4498,0.999960522101908,1.0,0.999960522101908
4499,4499,0.9999901304280686,1.0,0.9999901304280686
4500,4500,1.0,1.0,1.0
4501,4501,0.9999901304280686,1.0,0.9999901304280686
4502,4502,0.999960522101908,1.0,0.999960522101908
4503,4503,0.9999111761904046,1.0,0.9999111761904046
4504,4504,0.99984209464165,1.0,0.99984209464165
4505,4505,0.9997532801828658,1.0,0.9997532801828658
4506,4506,0.9996447363202945,1.0,0.9996447363202945
4507,4507,0.9995164673390624,1.0,0.9995164673390624
4508,4508,0.9993684783030087,1.0,0.9993684783030087
4509,4509,0.9992007750544876,1.0,0.9992007750544876
4510,4510,0.9990133642141357,1.0,0.9990133642141357
4511,4511,0.9988062531806127,1.0,0.9988062531806127
4512,4512,0.9985794501303069,1.0,0.9985794501303069
4513,4513,0.9983329640170149,1.0,0.9983329640170149
4514,4514,0.9980668045715861,1.0,0.9980668045715861
4515,4515,0.9977809823015401,1.0,0.9977809823015401
4516,4516,0.99747550849065,1.0,0.99747550849065
4517,4517,0.9971503951984996,1.0,0.9971503951984996
4518,4518,0.9968056552600042,1.0,0.9968056552600042
4519,4519,0.9964413022849067,1.0,0.9964413022849067
4520,4520,0.9960573506572389,1.0,0.9960573506572389
4521,4521,0.9956538155347532,1.0,0.9956538155347532
4522,4522,0.9952307128483256,1.0,0.9952307128483256
4523,4523,0.9947880593013253,1.0,0.9947880593013253
4524,4524,0.994325872368957,1.0,0.994325872368957
4525,4525,0.9938441702975689,1.0,0.9938441702975689
4526,4526,0.993342972103934,1.0,0.993342972103934
4527,4527,0.9928222975744992,1.0,0.9928222975744992
4528,4528,0.9922821672646025,1.0,0.9922821672646025
4529,4529,0.9917226024976648,1.0,0.9917226024976648
4530,4530,0.9911436253643443,1.0,0.9911436253643443
4531,4531,0.990545258721667,1.0,0.990545258721667
4532,4532,0.9899275261921234,1.0,0.9899275261921234
4533,4533,0.989290452162736,1.0,0.989290452162736
4534,4534,0.9886340617840967,1.0,0.9886340617840967
4535,4535,0.9879583809693737,1.0,0.9879583809693737
4536,4536,0.9872634363932887,1.0,0.9872634363932887
4537,4537,0.986549255491063,1.0,0.986549255491063
4538,4538,0.9858158664573368,1.0,0.9858158664573368
4539,4539,0.9850632982450527,1.0,0.9850632982450527
4540,4540,0.9842915805643154,1.0,0.9842915805643154
4541,4541,0.9835007438812174,1.0,0.9835007438812174
4542,4542,0.9826908194166369,1.0,0.9826908194166369
4543,4543,0.9818618391450048,1.0,0.9818618391450048
4544,4544,0.9810138357930431,1.0,0.9810138357930431
4545,4545,0.9801468428384716,1.0,0.9801468428384716
4546,4546,0.9792608945086877,1.0,0.9792608945086877
4547,4547,0.9783560257794149,1.0,0.9783560257794149
4548,4548,0.9774322723733214,1.0,0.9774322723733214
4549,4549,0.9764896707586093,1.0,0.9764896707586093
4550,4550,0.9755282581475766,1.0,0.9755282581475766
4551,4551,0.9745480724951472,1.0,0.9745480724951472
4552,4552,0.9735491524973721,1.0,0.9735491524973721
4553,4553,0.9725315375899024,1.0,0.9725315375899024
4554,4554,0.9714952679464325,1.0,0.9714952679464325
4555,4555,0.9704403844771124,1.0,0.9704403844771124
4556,4556,0.9693669288269368,1.0,0.9693669288269368
4557,4557,0.9682749433740958,1.0,0.9682749433740958
4558,4558,0.9671644712283058,1.0,0.9671644712283058
4559,4559,0.9660355562291054,1.0,0.9660355562291054
4560,4560,0.9648882429441256,1.0,0.9648882429441256
4561,4561,0.9637225766673307,1.0,0.9637225766673307
4562,4562,0.9625386034172291,1.0,0.9625386034172291
4563,4563,0.9613363699350577,1.0,0.9613363699350577
4564,4564,0.9601159236829347,1.0,0.9601159236829347
4565,4565,0.9588773128419903,1.0,0.9588773128419903
4566,4566,0.9576205863104585,1.0,0.9576205863104585
4567,4567,0.9563457937017512,1.0,0.9563457937017512
4568,4568,0.9550529853424977,1.0,0.9550529853424977
4569,4569,0.9537422122705584,1.0,0.9537422122705584
4570,4570,0.9524135262330098,1.0,0.9524135262330098
4571,4571,0.9510669796841016,1.0,0.9510669796841016
4572,4572,0.9497026257831856,1.0,0.9497026257831856
4573,4573,0.9483205183926174,1.0,0.9483205183926174
4574,4574,0.9469207120756313,1.0,0.9469207120756313
4575,4575,0.9455032620941837,1.0,0.9455032620941837
4576,4576,0.944068224406772,1.0,0.944068224406772
4577,4577,0.9426156556662274,1.0,0.9426156556662274
4578,4578,0.9411456132174766,1.0,0.9411456132174766
4579,4579,0.9396581550952781,1.0,0.9396581550952781
4580,4580,0.938153340021932,1.0,0.938153340021932
4581,4581,0.9366312274049603,1.0,0.9366312274049603
4582,4582,0.9350918773347623,1.0,0.9350918773347623
4583,4583,0.9335353505822445,1.0,0.9335353505822445
4584,4584,0.9319617085964172,0.0,0.9319617085964172
4585,4585,0.9303710135019716,1.0,0.9303710135019716
4586,4586,0.9287633280968259,0.0,0.9287633280968259
4587,4587,0.9271387158496475,1.0,0.9271387158496475
4588,4588,0.925497240897346,0.0,0.925497240897346
4589,4589,0.9238389680425417,1.0,0.9238389680425417
4590,4590,0.9221639627510078,1.0,0.9221639627510078
4591,4591,0.920472291149084,1.0,0.920472291149084
4592,4592,0.9187640200210704,1.0,0.9187640200210704
4593,4593,0.9170392168065852,1.0,0.9170392168065852
4594,4594,0.915297949597906,1.0,0.915297949597906
4595,4595,0.9135402871372806,1.0,0.9135402871372806
4596,4596,0.9117662988142134,1.0,0.9117662988142134
4597,4597,0.9099760546627261,1.0,0.9099760546627261
4598,4598,0.908169625358592,1.0,0.908169625358592
4599,4599,0.9063470822165471,1.0,0.9063470822165471
4600,4600,0.9045084971874741,1.0,0.9045084971874741
4601,4601,0.9026539428555603,0.0,0.9026539428555603
4602,4602,0.9007834924354379,1.0,0.9007834924354379
4603,4603,0.8988972197692852,1.0,0.8988972197692852
4604,4604,0.8969951993239174,1.0,0.8969951993239174
4605,4605,0.8950775061878451,1.0,0.8950775061878451
4606,4606,0.8931442160683094,1.0,0.8931442160683094
4607,4607,0.8911954052882941,1.0,0.8911954052882941
4608,4608,0.889231150783512,1.0,0.889231150783512
4609,4609,0.8872515300993672,1.0,0.8872515300993672
4610,4610,0.885256621387894,1.0,0.885256621387894
4611,4611,0.8832465034046745,1.0,0.8832465034046745
4612,4612,0.8812212555057235,1.0,0.8812212555057235
4613,4613,0.8791809576443608,1.0,0.8791809576443608
4614,4614,0.8771256903680518,1.0,0.8771256903680518
4615,4615,0.8750555348152297,1.0,0.8750555348152297
4616,4616,0.8729705727120912,1.0,0.8729705727120912
4617,4617,0.8708708863693699,1.0,0.8708708863693699
4618,4618,0.8687565586790873,1.0,0.8687565586790873
4619,4619,0.8666276731112793,1.0,0.8666276731112793
4620,4620,0.8644843137107052,1.0,0.8644843137107052
4621,4621,0.8623265650935229,1.0,0.8623265650935229
4622,4622,0.8601545124439531,1.0,0.8601545124439531
4623,4623,0.8579682415109154,1.0,0.8579682415109154
4624,4624,0.8557678386046427,0.0,0.8557678386046427
4625,4625,0.853553390593274,0.0,0.853553390593274
4626,4626,0.8513249848994249,0.0,0.8513249848994249
4627,4627,0.8490827094967368,0.0,0.8490827094967368
4628,4628,0.8468266529064018,1.0,0.8468266529064018
4629,4629,0.8445569041936736,1.0,0.8445569041936736
4630,4630,0.8422735529643439,1.0,0.8422735529643439
4631,4631,0.8399766893612093,0.0,0.8399766893612093
4632,4632,0.837666404060512,1.0,0.837666404060512
4633,4633,0.8353427882683601,1.0,0.8353427882683601
4634,4634,0.833005933717126,0.0,0.833005933717126
4635,4635,0.8306559326618262,1.0,0.8306559326618262
4636,4636,0.8282928778764785,1.0,0.8282928778764785
4637,4637,0.8259168626504386,1.0,0.8259168626504386
4638,4638,0.8235279807847214,1.0,0.8235279807847214
4639,4639,0.8211263265882917,1.0,0.8211263265882917
4640,4640,0.8187119948743445,0.0,0.8187119948743445
4641,4641,0.816285080956562,1.0,0.816285080956562
4642,4642,0.8138456806453502,0.0,0.8138456806453502
4643,4643,0.8113938902440562,1.0,0.8113938902440562
4644,4644,0.8089298065451674,1.0,0.8089298065451674
4645,4645,0.8064535268264886,0.0,0.8064535268264886
4646,4646,0.8039651488473017,1.0,0.8039651488473017
4647,4647,0.8014647708445116,1.0,0.8014647708445116
4648,4648,0.7989524915287588,1.0,0.7989524915287588
4649,4649,0.7964284100805292,1.0,0.7964284100805292
4650,4650,0.7938926261462362,0.0,0.7938926261462362
4651,4651,0.791345239834288,1.0,0.791345239834288
4652,4652,0.7887863517111339,0.0,0.7887863517111339
4653,4653,0.7862160627972957,1.0,0.7862160627972957
4654,4654,0.7836344745633788,1.0,0.7836344745633788
4655,4655,0.7810416889260644,1.0,0.7810416889260644
4656,4656,0.7784378082440933,1.0,0.7784378082440933
4657,4657,0.7758229353142145,0.0,0.7758229353142145
4658,4658,0.7731971733671341,1.0,0.7731971733671341
4659,4659,0.7705606260634376,1.0,0.7705606260634376
4660,4660,0.7679133974894982,1.0,0.7679133974894982
4661,4661,0.765255592153367,1.0,0.765255592153367
4662,4662,0.762587314980648,1.0,0.762587314980648
4663,4663,0.7599086713103551,1.0,0.7599086713103551
4664,4664,0.7572197668907523,1.0,0.7572197668907523
4665,4665,0.7545207078751848,1.0,0.7545207078751848
4666,4666,0.7518116008178798,1.0,0.7518116008178798
4667,4667,0.749092552669745,1.0,0.749092552669745
4668,4668,0.7463636707741456,1.0,0.7463636707741456
4669,4669,0.743625062862666,1.0,0.743625062862666
4670,4670,0.7408768370508576,0.0,0.7408768370508576
4671,4671,0.7381191018339699,0.0,0.7381191018339699
4672,4672,0.7353519660826666,1.0,0.7353519660826666
4673,4673,0.7325755390387282,0.0,0.7325755390387282
4674,4674,0.7297899303107431,0.0,0.7297899303107431
4675,4675,0.7269952498697727,1.0,0.7269952498697727
4676,4676,0.7241916080450157,1.0,0.7241916080450157
4677,4677,0.7213791155194504,1.0,0.7213791155194504
4678,4678,0.7185578833254663,0.0,0.7185578833254663
4679,4679,0.7157280228404795,0.0,0.7157280228404795
4680,4680,0.7128896457825366,1.0,0.7128896457825366
4681,4681,0.7100428642059036,0.0,0.7100428642059036
4682,4682,0.707187790496641,0.0,0.707187790496641
4683,4683,0.7043245373681736,0.0,0.7043245373681736
4684,4684,0.7014532178568307,1.0,0.7014532178568307
4685,4685,0.6985739453173898,1.0,0.6985739453173898
4686,4686,0.6956868334186009,0.0,0.6956868334186009
4687,4687,0.6927919961386981,0.0,0.6927919961386981
4688,4688,0.6898895477609006,0.0,0.6898895477609006
4689,4689,0.6869796028689004,1.0,0.6869796028689004
4690,4690,0.6840622763423394,0.0,0.6840622763423394
4691,4691,0.6811376833522718,1.0,0.6811376833522718
4692,4692,0.6782059393566244,1.0,0.6782059393566244
4693,4693,0.6752671600956288,1.0,0.6752671600956288
4694,4694,0.672321461587258,0.0,0.672321461587258
4695,4695,0.6693689601226452,1.0,0.6693689601226452
4696,4696,0.6664097722614931,1.0,0.6664097722614931
4697,4697,0.6634440148274712,0.0,0.6634440148274712
4698,4698,0.6604718049036049,1.0,0.6604718049036049
4699,4699,0.6574932598276527,1.0,0.6574932598276527
4700,4700,0.6545084971874725,1.0,0.6545084971874725
4701,4701,0.6515176348163859,1.0,0.6515176348163859
4702,4702,0.6485207907885167,1.0,0.6485207907885167
4703,4703,0.6455180834141354,1.0,0.6455180834141354
4704,4704,0.6425096312349876,0.0,0.6425096312349876
4705,4705,0.6394955530196144,0.0,0.6394955530196144
4706,4706,0.6364759677586626,1.0,0.6364759677586626
4707,4707,0.633450994660188,1.0,0.633450994660188
4708,4708,0.6304207531449487,1.0,0.6304207531449487
4709,4709,0.6273853628416916,1.0,0.6273853628416916
4710,4710,0.6243449435824264,0.0,0.6243449435824264
4711,4711,0.6212996153977028,0.0,0.6212996153977028
4712,4712,0.6182494985118617,1.0,0.6182494985118617
4713,4713,0.6151947133382949,0.0,0.6151947133382949
4714,4714,0.6121353804746904,0.0,0.6121353804746904
4715,4715,0.6090716206982713,1.0,0.6090716206982713
4716,4716,0.6060035549610275,0.0,0.6060035549610275
4717,4717,0.602931304384941,1.0,0.602931304384941
4718,4718,0.599854990257204,0.0,0.599854990257204
4719,4719,0.5967747340254291,1.0,0.5967747340254291
4720,4720,0.5936906572928615,0.0,0.5936906572928615
4721,4721,0.590602881813568,0.0,0.590602881813568
4722,4722,0.5875115294876375,1.0,0.5875115294876375
4723,4723,0.5844167223563667,0.0,0.5844167223563667
4724,4724,0.5813185825974418,1.0,0.5813185825974418
4725,4725,0.5782172325201156,1.0,0.5782172325201156
4726,4726,0.5751127945603788,1.0,0.5751127945603788
4727,4727,0.5720053912761265,0.0,0.5720053912761265
4728,4728,0.568895145342318,1.0,0.568895145342318
4729,4729,0.5657821795461404,0.0,0.5657821795461404
4730,4730,0.5626666167821516,1.0,0.5626666167821516
4731,4731,0.5595485800474344,1.0,0.5595485800474344
4732,4732,0.5564281924367405,1.0,0.5564281924367405
4733,4733,0.5533055771376298,0.0,0.5533055771376298
4734,4734,0.5501808574256074,1.0,0.5501808574256074
4735,4735,0.5470541566592575,1.0,0.5470541566592575
4736,4736,0.5439255982753721,0.0,0.5439255982753721
4737,4737,0.5407953057840778,1.0,0.5407953057840778
4738,4738,0.5376634027639654,1.0,0.5376634027639654
4739,4739,0.5345300128572023,0.0,0.5345300128572023
4740,4740,0.5313952597646563,0.0,0.5313952597646563
4741,4741,0.528259267241012,0.0,0.528259267241012
4742,4742,0.5251221590898847,0.0,0.5251221590898847
4743,4743,0.5219840591589325,0.0,0.5219840591589325
4744,4744,0.5188450913349675,0.0,0.5188450913349675
4745,4745,0.5157053795390646,0.0,0.5157053795390646
4746,4746,0.5125650477216676,1.0,0.5125650477216676
4747,4747,0.5094242198577031,0.0,0.5094242198577031
4748,4748,0.5062830199416756,0.0,0.5062830199416756
4749,4749,0.503141571982779,0.0,0.503141571982779
4750,4750,0.4999999999999996,0.0,0.4999999999999996
4751,4751,0.49685842801722047,0.0,0.49685842801722047
4752,4752,0.4937169800583238,0.0,0.4937169800583238
4753,4753,0.4905757801422962,1.0,0.4905757801422962
4754,4754,0.48743495227833167,0.0,0.48743495227833167
4755,4755,0.48429462046093474,1.0,0.48429462046093474
4756,4756,0.48115490866503174,1.0,0.48115490866503174
4757,4757,0.47801594084106686,1.0,0.47801594084106686
4758,4758,0.47487784091011465,1.0,0.47487784091011465
4759,4759,0.4717407327589875,0.0,0.4717407327589875
4760,4760,0.4686047402353431,0.0,0.4686047402353431
4761,4761,0.46546998714279714,0.0,0.46546998714279714
4762,4762,0.4623365972360338,0.0,0.4623365972360338
4763,4763,0.45920469421592164,1.0,0.45920469421592164
4764,4764,0.45607440172462727,0.0,0.45607440172462727
4765,4765,0.4529458433407419,1.0,0.4529458433407419
4766,4766,0.44981914257439176,0.0,0.44981914257439176
4767,4767,0.44669442286236943,1.0,0.44669442286236943
4768,4768,0.44357180756325876,0.0,0.44357180756325876
4769,4769,0.440451419952565,1.0,0.440451419952565
4770,4770,0.437333383217848,0.0,0.437333383217848
4771,4771,0.4342178204538589,1.0,0.4342178204538589
4772,4772,0.4311048546576814,0.0,0.4311048546576814
4773,4773,0.4279946087238728,1.0,0.4279946087238728
4774,4774,0.4248872054396205,1.0,0.4248872054396205
4775,4775,0.42178276747988386,0.0,0.42178276747988386
4776,4776,0.41868141740255765,0.0,0.41868141740255765
4777,4777,0.41558327764363273,0.0,0.41558327764363273
4778,4778,0.41248847051236176,1.0,0.41248847051236176
4779,4779,0.4093971181864314,1.0,0.4093971181864314
4780,4780,0.40630934270713787,1.0,0.40630934270713787
4781,4781,0.40322526597457037,0.0,0.40322526597457037
4782,4782,0.4001450097427953,0.0,0.4001450097427953
4783,4783,0.39706869561505836,1.0,0.39706869561505836
4784,4784,0.39399644503897197,1.0,0.39399644503897197
4785,4785,0.3909283793017282,1.0,0.3909283793017282
4786,4786,0.38786461952530904,0.0,0.38786461952530904
4787,4787,0.38480528666170455,1.0,0.38480528666170455
4788,4788,0.3817505014881376,1.0,0.3817505014881376
4789,4789,0.3787003846022965,1.0,0.3787003846022965
4790,4790,0.375655056417573,0.0,0.375655056417573
4791,4791,0.3726146371583077,0.0,0.3726146371583077
4792,4792,0.36957924685505056,0.0,0.36957924685505056
4793,4793,0.36654900533981144,0.0,0.36654900533981144
4794,4794,0.36352403224133684,1.0,0.36352403224133684
4795,4795,0.3605044469803849,1.0,0.3605044469803849
4796,4796,0.3574903687650117,1.0,0.3574903687650117
4797,4797,0.3544819165858641,0.0,0.3544819165858641
4798,4798,0.3514792092114827,0.0,0.3514792092114827
4799,4799,0.34848236518361336,1.0,0.34848236518361336
4800,4800,0.3454915028125251,0.0,0.3454915028125251
4801,4801,0.3425067401723466,1.0,0.3425067401723466
4802,4802,0.33952819509639454,0.0,0.33952819509639454
4803,4803,0.33655598517252816,1.0,0.33655598517252816
4804,4804,0.33359022773850633,0.0,0.33359022773850633
4805,4805,0.33063103987735404,0.0,0.33063103987735404
4806,4806,0.32767853841274147,1.0,0.32767853841274147
4807,4807,0.32473283990437063,1.0,0.32473283990437063
4808,4808,0.32179406064337507,0.0,0.32179406064337507
4809,4809,0.318862316647726,0.0,0.318862316647726
4810,4810,0.31593772365766,0.0,0.31593772365766
4811,4811,0.3130203971310991,0.0,0.3130203971310991
4812,4812,0.3101104522390989,0.0,0.3101104522390989
4813,4813,0.3072080038613013,0.0,0.3072080038613013
4814,4814,0.3043131665813986,0.0,0.3043131665813986
4815,4815,0.30142605468260963,0.0,0.30142605468260963
4816,4816,0.2985467821431688,0.0,0.2985467821431688
4817,4817,0.29567546263182576,0.0,0.29567546263182576
4818,4818,0.29281220950335846,0.0,0.29281220950335846
4819,4819,0.28995713579409593,0.0,0.28995713579409593
4820,4820,0.2871103542174629,1.0,0.2871103542174629
4821,4821,0.2842719771595199,0.0,0.2842719771595199
4822,4822,0.28144211667453317,1.0,0.28144211667453317
4823,4823,0.27862088448054906,1.0,0.27862088448054906
4824,4824,0.27580839195498374,0.0,0.27580839195498374
4825,4825,0.2730047501302268,0.0,0.2730047501302268
4826,4826,0.27021006968925637,1.0,0.27021006968925637
4827,4827,0.2674244609612713,0.0,0.2674244609612713
4828,4828,0.26464803391733277,0.0,0.26464803391733277
4829,4829,0.26188089816602966,0.0,0.26188089816602966
4830,4830,0.25912316294914184,1.0,0.25912316294914184
4831,4831,0.2563749371373335,1.0,0.2563749371373335
4832,4832,0.25363632922585394,0.0,0.25363632922585394
4833,4833,0.25090744733025455,0.0,0.25090744733025455
4834,4834,0.24818839918211968,0.0,0.24818839918211968
4835,4835,0.24547929212481462,0.0,0.24547929212481462
4836,4836,0.2427802331092472,1.0,0.2427802331092472
4837,4837,0.24009132868964436,1.0,0.24009132868964436
4838,4838,0.2374126850193514,0.0,0.2374126850193514
4839,4839,0.23474440784663242,0.0,0.23474440784663242
4840,4840,0.2320866025105013,0.0,0.2320866025105013
4841,4841,0.22943937393656186,0.0,0.22943937393656186
4842,4842,0.2268028266328654,0.0,0.2268028266328654
4843,4843,0.22417706468578497,0.0,0.22417706468578497
4844,4844,0.22156219175590627,0.0,0.22156219175590627
4845,4845,0.21895831107393512,0.0,0.21895831107393512
4846,4846,0.21636552543662085,0.0,0.21636552543662085
4847,4847,0.2137839372027038,1.0,0.2137839372027038
4848,4848,0.21121364828886566,0.0,0.21121364828886566
4849,4849,0.2086547601657116,0.0,0.2086547601657116
4850,4850,0.20610737385376318,1.0,0.20610737385376318
4851,4851,0.2035715899194703,0.0,0.2035715899194703
4852,4852,0.20104750847124064,0.0,0.20104750847124064
4853,4853,0.19853522915548788,1.0,0.19853522915548788
4854,4854,0.19603485115269773,0.0,0.19603485115269773
4855,4855,0.19354647317351087,0.0,0.19354647317351087
4856,4856,0.19107019345483212,0.0,0.19107019345483212
4857,4857,0.1886061097559432,0.0,0.1886061097559432
4858,4858,0.18615431935464938,0.0,0.18615431935464938
4859,4859,0.18371491904343754,0.0,0.18371491904343754
4860,4860,0.18128800512565507,0.0,0.18128800512565507
4861,4861,0.17887367341170787,0.0,0.17887367341170787
4862,4862,0.17647201921527808,0.0,0.17647201921527808
4863,4863,0.174083137349561,0.0,0.174083137349561
4864,4864,0.17170712212352096,0.0,0.17170712212352096
4865,4865,0.16934406733817337,0.0,0.16934406733817337
4866,4866,0.16699406628287364,0.0,0.16699406628287364
4867,4867,0.1646572117316396,0.0,0.1646572117316396
4868,4868,0.16233359593948754,0.0,0.16233359593948754
4869,4869,0.1600233106387903,0.0,0.1600233106387903
4870,4870,0.15772644703565572,1.0,0.15772644703565572
4871,4871,0.15544309580632595,0.0,0.15544309580632595
4872,4872,0.15317334709359784,0.0,0.15317334709359784
4873,4873,0.15091729050326286,0.0,0.15091729050326286
4874,4874,0.14867501510057474,0.0,0.14867501510057474
4875,4875,0.14644660940672574,0.0,0.14644660940672574
4876,4876,0.14423216139535697,0.0,0.14423216139535697
4877,4877,0.1420317584890842,0.0,0.1420317584890842
4878,4878,0.13984548755604645,0.0,0.13984548755604645
4879,4879,0.1376734349064767,0.0,0.1376734349064767
4880,4880,0.13551568628929442,0.0,0.13551568628929442
4881,4881,0.13337232688872028,1.0,0.13337232688872028
4882,4882,0.13124344132091229,0.0,0.13124344132091229
4883,4883,0.12912911363062973,0.0,0.12912911363062973
4884,4884,0.12702942728790845,0.0,0.12702942728790845
4885,4885,0.12494446518476984,1.0,0.12494446518476984
4886,4886,0.12287430963194787,0.0,0.12287430963194787
4887,4887,0.12081904235563895,0.0,0.12081904235563895
4888,4888,0.11877874449427611,0.0,0.11877874449427611
4889,4889,0.11675349659532522,0.0,0.11675349659532522
4890,4890,0.11474337861210564,0.0,0.11474337861210564
4891,4891,0.11274846990063234,0.0,0.11274846990063234
4892,4892,0.11076884921648768,0.0,0.11076884921648768
4893,4893,0.10880459471170548,0.0,0.10880459471170548
4894,4894,0.10685578393169021,1.0,0.10685578393169021
4895,4895,0.10492249381215459,0.0,0.10492249381215459
4896,4896,0.10300480067608223,0.0,0.10300480067608223
4897,4897,0.10110278023071452,0.0,0.10110278023071452
4898,4898,0.09921650756456184,0.0,0.09921650756456184
4899,4899,0.09734605714443928,0.0,0.09734605714443928
4900,4900,0.09549150281252558,0.0,0.09549150281252558
4901,4901,0.09365291778345244,0.0,0.09365291778345244
4902,4902,0.09183037464140757,0.0,0.09183037464140757
4903,4903,0.09002394533727351,0.0,0.09002394533727351
4904,4904,0.08823370118578606,0.0,0.08823370118578606
4905,4905,0.08645971286271899,0.0,0.08645971286271899
4906,4906,0.08470205040209366,0.0,0.08470205040209366
4907,4907,0.08296078319341452,0.0,0.08296078319341452
4908,4908,0.08123597997892935,0.0,0.08123597997892935
4909,4909,0.07952770885091481,1.0,0.07952770885091481
4910,4910,0.07783603724899192,0.0,0.07783603724899192
4911,4911,0.07616103195745796,0.0,0.07616103195745796
4912,4912,0.07450275910265376,0.0,0.07450275910265376
4913,4913,0.0728612841503522,1.0,0.0728612841503522
4914,4914,0.07123667190317376,0.0,0.07123667190317376
4915,4915,0.06962898649802816,0.0,0.06962898649802816
4916,4916,0.06803829140358243,0.0,0.06803829140358243
4917,4917,0.06646464941775516,0.0,0.06646464941775516
4918,4918,0.06490812266523657,0.0,0.06490812266523657
4919,4919,0.06336877259503942,0.0,0.06336877259503942
4920,4920,0.06184665997806781,0.0,0.06184665997806781
4921,4921,0.060341844904721574,0.0,0.060341844904721574
4922,4922,0.05885438678252316,0.0,0.05885438678252316
4923,4923,0.05738434433377228,1.0,0.05738434433377228
4924,4924,0.05593177559322772,0.0,0.05593177559322772
4925,4925,0.054496737905816134,0.0,0.054496737905816134
4926,4926,0.053079287924368265,0.0,0.053079287924368265
4927,4927,0.05167948160738232,0.0,0.05167948160738232
4928,4928,0.050297374216814024,0.0,0.050297374216814024
4929,4929,0.04893302031589822,0.0,0.04893302031589822
4930,4930,0.04758647376698996,0.0,0.04758647376698996
4931,4931,0.04625778772944135,0.0,0.04625778772944135
4932,4932,0.04494701465750206,0.0,0.04494701465750206
4933,4933,0.04365420629824857,0.0,0.04365420629824857
4934,4934,0.042379413689541276,0.0,0.042379413689541276
4935,4935,0.04112268715800957,0.0,0.04112268715800957
4936,4936,0.039884076317065045,0.0,0.039884076317065045
4937,4937,0.038663630064942174,0.0,0.038663630064942174
4938,4938,0.03746139658277065,0.0,0.03746139658277065
4939,4939,0.0362774233326691,0.0,0.0362774233326691
4940,4940,0.03511175705587413,0.0,0.03511175705587413
4941,4941,0.03396444377089442,0.0,0.03396444377089442
4942,4942,0.03283552877169395,0.0,0.03283552877169395
4943,4943,0.03172505662590387,0.0,0.03172505662590387
4944,4944,0.03063307117306307,0.0,0.03063307117306307
4945,4945,0.02955961552288744,0.0,0.02955961552288744
4946,4946,0.02850473205356741,0.0,0.02850473205356741
4947,4947,0.027468462410097295,0.0,0.027468462410097295
4948,4948,0.026450847502627644,0.0,0.026450847502627644
4949,4949,0.025451927504852555,0.0,0.025451927504852555
4950,4950,0.024471741852423127,0.0,0.024471741852423127
4951,4951,0.023510329241390564,0.0,0.023510329241390564
4952,4952,0.022567727626678556,0.0,0.022567727626678556
4953,4953,0.021643974220584845,0.0,0.021643974220584845
4954,4954,0.0207391054913122,0.0,0.0207391054913122
4955,4955,0.019853157161528162,0.0,0.019853157161528162
4956,4956,0.018986164206956816,0.0,0.018986164206956816
4957,4957,0.018138160854994964,0.0,0.018138160854994964
4958,4958,0.017309180583362928,0.0,0.017309180583362928
4959,4959,0.016499256118782397,0.0,0.016499256118782397
4960,4960,0.015708419435684417,0.0,0.015708419435684417
4961,4961,0.014936701754947102,0.0,0.014936701754947102
4962,4962,0.0141841335426631,0.0,0.0141841335426631
4963,4963,0.01345074450893683,0.0,0.01345074450893683
4964,4964,0.01273656360671118,0.0,0.01273656360671118
4965,4965,0.012041619030626102,0.0,0.012041619030626102
4966,4966,0.011365938215903123,0.0,0.011365938215903123
4967,4967,0.010709547837263843,0.0,0.010709547837263843
4968,4968,0.010072473807876504,0.0,0.010072473807876504
4969,4969,0.009454741278332936,0.0,0.009454741278332936
4970,4970,0.008856374635655674,0.0,0.008856374635655674
4971,4971,0.008277397502335207,0.0,0.008277397502335207
4972,4972,0.0077178327353973905,0.0,0.0077178327353973905
4973,4973,0.0071777024255007945,0.0,0.0071777024255007945
4974,4974,0.006657027896065816,0.0,0.006657027896065816
4975,4975,0.006155829702431024,0.0,0.006155829702431024
4976,4976,0.005674127631042916,0.0,0.005674127631042916
4977,4977,0.005211940698674467,1.0,0.005211940698674467
4978,4978,0.004769287151674371,0.0,0.004769287151674371
4979,4979,0.004346184465246725,0.0,0.004346184465246725
4980,4980,0.003942649342761116,0.0,0.003942649342761116
4981,4981,0.003558697715093221,0.0,0.003558697715093221
4982,4982,0.0031943447399956676,0.0,0.0031943447399956676
4983,4983,0.0028496048015004528,0.0,0.0028496048015004528
4984,4984,0.0025244915093498477,0.0,0.0025244915093498477
4985,4985,0.0022190176984599424,0.0,0.0022190176984599424
4986,4986,0.0019331954284137365,0.0,0.0019331954284137365
4987,4987,0.0016670359829850457,0.0,0.0016670359829850457
4988,4988,0.001420549869693037,0.0,0.001420549869693037
4989,4989,0.0011937468193874115,0.0,0.0011937468193874115
4990,4990,0.0009866357858642463,0.0,0.0009866357858642463
4991,4991,0.0007992249455124134,0.0,0.0007992249455124134
4992,4992,0.0006315216969912034,0.0,0.0006315216969912034
4993,4993,0.000483532660937602,0.0,0.000483532660937602
4994,4994,0.0003552636797053552,0.0,0.0003552636797053552
4995,4995,0.00024671981713421,0.0,0.00024671981713421
4996,4996,0.00015790535835000414,0.0,0.00015790535835000414
4997,4997,8.88238095954956e-05,0.0,8.88238095954956e-05
4998,4998,3.947789809194264e-05,0.0,3.947789809194264e-05
4999,4999,9.869571931437695e-06,0.0,9.869571931437695e-06
5000,5000,1.3549738490344862e-30,0.0,1.3549738490344862e-30
5001,5001,9.869571931441161e-06,0.0,9.869571931441161e-06
5002,5002,3.947789809194957e-05,0.0,3.947789809194957e-05
5003,5003,8.882380959550599e-05,0.0,8.882380959550599e-05
5004,5004,0.000157905358350018,0.0,0.000157905358350018
5005,5005,0.00024671981713422737,0.0,0.00024671981713422737
5006,5006,0.00035526367970537594,0.0,0.00035526367970537594
5007,5007,0.00048353266093762625,0.0,0.00048353266093762625
5008,5008,0.0006315216969912311,0.0,0.0006315216969912311
5009,5009,0.0007992249455125448,0.0,0.0007992249455125448
5010,5010,0.0009866357858642808,0.0,0.0009866357858642808
5011,5011,0.0011937468193874495,0.0,0.0011937468193874495
5012,5012,0.0014205498696930785,0.0,0.0014205498696930785
5013,5013,0.001667035982985091,0.0,0.001667035982985091
5014,5014,0.0019331954284137853,0.0,0.0019331954284137853
5015,5015,0.002219017698459994,0.0,0.002219017698459994
5016,5016,0.0025244915093499028,0.0,0.0025244915093499028
5017,5017,0.0028496048015005113,0.0,0.0028496048015005113
5018,5018,0.0031943447399959304,0.0,0.0031943447399959304
5019,5019,0.0035586977150932867,0.0,0.0035586977150932867
5020,5020,0.003942649342761185,0.0,0.003942649342761185
5021,5021,0.004346184465246796,0.0,0.004346184465246796
5022,5022,0.004769287151674447,0.0,0.004769287151674447
5023,5023,0.005211940698674545,0.0,0.005211940698674545
5024,5024,0.005674127631043,0.0,0.005674127631043
5025,5025,0.0061558297024311105,0.0,0.0061558297024311105
5026,5026,0.006657027896065905,0.0,0.006657027896065905
5027,5027,0.00717770242550119,0.0,0.00717770242550119
5028,5028,0.0077178327353974886,0.0,0.0077178327353974886
5029,5029,0.008277397502335306,0.0,0.008277397502335306
5030,5030,0.008856374635655778,0.0,0.008856374635655778
5031,5031,0.009454741278333042,0.0,0.009454741278333042
5032,5032,0.010072473807876616,0.0,0.010072473807876616
5033,5033,0.010709547837263958,0.0,0.010709547837263958
5034,5034,0.011365938215903237,0.0,0.011365938215903237
5035,5035,0.012041619030626225,0.0,0.012041619030626225
5036,5036,0.012736563606711703,0.0,0.012736563606711703
5037,5037,0.013450744508936956,0.0,0.013450744508936956
5038,5038,0.014184133542663232,0.0,0.014184133542663232
5039,5039,0.014936701754947237,0.0,0.014936701754947237
5040,5040,0.015708419435684556,0.0,0.015708419435684556
5041,5041,0.01649925611878254,0.0,0.01649925611878254
5042,5042,0.017309180583363074,0.0,0.017309180583363074
5043,5043,0.018138160854995106,0.0,0.018138160854995106
5044,5044,0.01898616420695697,0.0,0.01898616420695697
5045,5045,0.019853157161528318,0.0,0.019853157161528318
5046,5046,0.020739105491312353,0.0,0.020739105491312353
5047,5047,0.02164397422058501,0.0,0.02164397422058501
5048,5048,0.022567727626678715,0.0,0.022567727626678715
5049,5049,0.023510329241390734,0.0,0.023510329241390734
5050,5050,0.0244717418524233,0.0,0.0244717418524233
5051,5051,0.02545192750485273,0.0,0.02545192750485273
5052,5052,0.026450847502627814,0.0,0.026450847502627814
5053,5053,0.02746846241009748,0.0,0.02746846241009748
5054,5054,0.028504732053567596,0.0,0.028504732053567596
5055,5055,0.02955961552288763,0.0,0.02955961552288763
5056,5056,0.030633071173063256,0.0,0.030633071173063256
5057,5057,0.031725056625904066,0.0,0.031725056625904066
5058,5058,0.03283552877169415,0.0,0.03283552877169415
5059,5059,0.03396444377089462,0.0,0.03396444377089462
5060,5060,0.035111757055874326,0.0,0.035111757055874326
5061,5061,0.0362774233326693,0.0,0.0362774233326693
5062,5062,0.03746139658277086,0.0,0.03746139658277086
5063,5063,0.03866363006494239,0.0,0.03866363006494239
5064,5064,0.039884076317065253,0.0,0.039884076317065253
5065,5065,0.041122687158009784,0.0,0.041122687158009784
5066,5066,0.0423794136895415,0.0,0.0423794136895415
5067,5067,0.0436542062982488,1.0,0.0436542062982488
5068,5068,0.04494701465750228,0.0,0.04494701465750228
5069,5069,0.04625778772944158,0.0,0.04625778772944158
5070,5070,0.04758647376699019,0.0,0.04758647376699019
5071,5071,0.04893302031589847,0.0,0.04893302031589847
5072,5072,0.050297374216814274,0.0,0.050297374216814274
5073,5073,0.05167948160738255,0.0,0.05167948160738255
5074,5074,0.053079287924368515,0.0,0.053079287924368515
5075,5075,0.0544967379058164,0.0,0.0544967379058164
5076,5076,0.05593177559322797,1.0,0.05593177559322797
5077,5077,0.05738434433377255,0.0,0.05738434433377255
5078,5078,0.058854386782523416,0.0,0.058854386782523416
5079,5079,0.060341844904721845,0.0,0.060341844904721845
5080,5080,0.06184665997806807,0.0,0.06184665997806807
5081,5081,0.06336877259503969,0.0,0.06336877259503969
5082,5082,0.06490812266523772,0.0,0.06490812266523772
5083,5083,0.06646464941775543,0.0,0.06646464941775543
5084,5084,0.0680382914035827,0.0,0.0680382914035827
5085,5085,0.06962898649802846,0.0,0.06962898649802846
5086,5086,0.07123667190317405,0.0,0.07123667190317405
5087,5087,0.07286128415035249,0.0,0.07286128415035249
5088,5088,0.07450275910265404,0.0,0.07450275910265404
5089,5089,0.07616103195745824,0.0,0.07616103195745824
5090,5090,0.07783603724899223,1.0,0.07783603724899223
5091,5091,0.07952770885091606,0.0,0.07952770885091606
5092,5092,0.08123597997892967,0.0,0.08123597997892967
5093,5093,0.08296078319341481,0.0,0.08296078319341481
5094,5094,0.08470205040209298,0.0,0.08470205040209298
5095,5095,0.08645971286271928,0.0,0.08645971286271928
5096,5096,0.08823370118578738,0.0,0.08823370118578738
5097,5097,0.0900239453372738,1.0,0.0900239453372738
5098,5098,0.09183037464140892,0.0,0.09183037464140892
5099,5099,0.09365291778345278,0.0,0.09365291778345278
5100,5100,0.09549150281252695,0.0,0.09549150281252695
5101,5101,0.09734605714443854,1.0,0.09734605714443854
5102,5102,0.09921650756456216,1.0,0.09921650756456216
5103,5103,0.10110278023071377,0.0,0.10110278023071377
5104,5104,0.10300480067608254,0.0,0.10300480067608254
5105,5105,0.10492249381215603,0.0,0.10492249381215603
5106,5106,0.10685578393169054,0.0,0.10685578393169054
5107,5107,0.1088045947117069,0.0,0.1088045947117069
5108,5108,0.11076884921648801,0.0,0.11076884921648801
5109,5109,0.11274846990063384,0.0,0.11274846990063384
5110,5110,0.11474337861210489,0.0,0.11474337861210489
5111,5111,0.11675349659532559,0.0,0.11675349659532559
5112,5112,0.1187787444942753,1.0,0.1187787444942753
5113,5113,0.12081904235563934,0.0,0.12081904235563934
5114,5114,0.12287430963194938,1.0,0.12287430963194938
5115,5115,0.12494446518477025,0.0,0.12494446518477025
5116,5116,0.12702942728791,0.0,0.12702942728791
5117,5117,0.12912911363063015,0.0,0.12912911363063015
5118,5118,0.13124344132091387,0.0,0.13124344132091387
5119,5119,0.13337232688871944,0.0,0.13337232688871944
5120,5120,0.13551568628929478,0.0,0.13551568628929478
5121,5121,0.13767343490647585,0.0,0.13767343490647585
5122,5122,0.1398454875560468,1.0,0.1398454875560468
5123,5123,0.14203175848908578,0.0,0.14203175848908578
5124,5124,0.14423216139535733,0.0,0.14423216139535733
5125,5125,0.14644660940672735,0.0,0.14644660940672735
5126,5126,0.14867501510057513,0.0,0.14867501510057513
5127,5127,0.15091729050326455,0.0,0.15091729050326455
5128,5128,0.15317334709359695,0.0,0.15317334709359695
5129,5129,0.15544309580632634,0.0,0.15544309580632634
5130,5130,0.15772644703565483,0.0,0.15772644703565483
5131,5131,0.1600233106387907,0.0,0.1600233106387907
5132,5132,0.16233359593948923,0.0,0.16233359593948923
5133,5133,0.16465721173164,1.0,0.16465721173164
5134,5134,0.16699406628287541,0.0,0.16699406628287541
5135,5135,0.16934406733817378,0.0,0.16934406733817378
5136,5136,0.1717071221235227,0.0,0.1717071221235227
5137,5137,0.17408313734956007,1.0,0.17408313734956007
5138,5138,0.1764720192152785,0.0,0.1764720192152785
5139,5139,0.17887367341170693,0.0,0.17887367341170693
5140,5140,0.1812880051256555,0.0,0.1812880051256555
5141,5141,0.18371491904343934,1.0,0.18371491904343934
5142,5142,0.1861543193546498,0.0,0.1861543193546498
5143,5143,0.18860610975594502,0.0,0.18860610975594502
5144,5144,0.19107019345483256,0.0,0.19107019345483256
5145,5145,0.19354647317351273,0.0,0.19354647317351273
5146,5146,0.19603485115269673,1.0,0.19603485115269673
5147,5147,0.19853522915548832,1.0,0.19853522915548832
5148,5148,0.20104750847123964,0.0,0.20104750847123964
5149,5149,0.20357158991947075,0.0,0.20357158991947075
5150,5150,0.2061073738537651,0.0,0.2061073738537651
5151,5151,0.208654760165712,0.0,0.208654760165712
5152,5152,0.21121364828886754,0.0,0.21121364828886754
5153,5153,0.21378393720270428,0.0,0.21378393720270428
5154,5154,0.2163655254366228,1.0,0.2163655254366228
5155,5155,0.2189583110739341,0.0,0.2189583110739341
5156,5156,0.22156219175590675,0.0,0.22156219175590675
5157,5157,0.22417706468578397,0.0,0.22417706468578397
5158,5158,0.22680282663286583,0.0,0.22680282663286583
5159,5159,0.22943937393656383,1.0,0.22943937393656383
5160,5160,0.23208660251050178,0.0,0.23208660251050178
5161,5161,0.23474440784663442,0.0,0.23474440784663442
5162,5162,0.2374126850193519,0.0,0.2374126850193519
5163,5163,0.2400913286896464,0.0,0.2400913286896464
5164,5164,0.24278023310924618,1.0,0.24278023310924618
5165,5165,0.24547929212481512,0.0,0.24547929212481512
5166,5166,0.24818839918211866,0.0,0.24818839918211866
5167,5167,0.250907447330255,1.0,0.250907447330255
5168,5168,0.2536363292258561,0.0,0.2536363292258561
5169,5169,0.25637493713733395,1.0,0.25637493713733395
5170,5170,0.25912316294914384,0.0,0.25912316294914384
5171,5171,0.2618808981660302,0.0,0.2618808981660302
5172,5172,0.2646480339173348,0.0,0.2646480339173348
5173,5173,0.26742446096127026,0.0,0.26742446096127026
5174,5174,0.2702100696892568,1.0,0.2702100696892568
5175,5175,0.2730047501302256,0.0,0.2730047501302256
5176,5176,0.27580839195498436,0.0,0.27580839195498436
5177,5177,0.27862088448055117,0.0,0.27862088448055117
5178,5178,0.28144211667453367,0.0,0.28144211667453367
5179,5179,0.284271977159522,0.0,0.284271977159522
5180,5180,0.2871103542174635,0.0,0.2871103542174635
5181,5181,0.2899571357940981,0.0,0.2899571357940981
5182,5182,0.2928122095033574,0.0,0.2928122095033574
5183,5183,0.29567546263182637,0.0,0.29567546263182637
5184,5184,0.2985467821431677,0.0,0.2985467821431677
5185,5185,0.30142605468261024,0.0,0.30142605468261024
5186,5186,0.3043131665814007,1.0,0.3043131665814007
5187,5187,0.3072080038613019,0.0,0.3072080038613019
5188,5188,0.310110452239101,0.0,0.310110452239101
5189,5189,0.3130203971310996,1.0,0.3130203971310996
5190,5190,0.31593772365766226,0.0,0.31593772365766226
5191,5191,0.3188623166477265,0.0,0.3188623166477265
5192,5192,0.32179406064337557,1.0,0.32179406064337557
5193,5193,0.32473283990436946,0.0,0.32473283990436946
5194,5194,0.32767853841274197,0.0,0.32767853841274197
5195,5195,0.33063103987735637,1.0,0.33063103987735637
5196,5196,0.33359022773850683,0.0,0.33359022773850683
5197,5197,0.3365559851725303,0.0,0.3365559851725303
5198,5198,0.3395281950963951,1.0,0.3395281950963951
5199,5199,0.34250674017234883,1.0,0.34250674017234883
5200,5200,0.34549150281252566,0.0,0.34549150281252566
5201,5201,0.34848236518361386,0.0,0.34848236518361386
5202,5202,0.3514792092114816,0.0,0.3514792092114816
5203,5203,0.35448191658586464,0.0,0.35448191658586464
5204,5204,0.35749036876501056,0.0,0.35749036876501056
5205,5205,0.3605044469803856,0.0,0.3605044469803856
5206,5206,0.3635240322413391,0.0,0.3635240322413391
5207,5207,0.366549005339812,1.0,0.366549005339812
5208,5208,0.3695792468550529,0.0,0.3695792468550529
5209,5209,0.3726146371583083,1.0,0.3726146371583083
5210,5210,0.3756550564175736,1.0,0.3756550564175736
5211,5211,0.3787003846022954,0.0,0.3787003846022954
5212,5212,0.38175050148813816,1.0,0.38175050148813816
5213,5213,0.3848052866617033,1.0,0.3848052866617033
5214,5214,0.3878646195253096,0.0,0.3878646195253096
5215,5215,0.3909283793017304,0.0,0.3909283793017304
5216,5216,0.3939964450389725,1.0,0.3939964450389725
5217,5217,0.39706869561506064,1.0,0.39706869561506064
5218,5218,0.4001450097427959,0.0,0.4001450097427959
5219,5219,0.4032252659745709,1.0,0.4032252659745709
5220,5220,0.40630934270713676,0.0,0.40630934270713676
5221,5221,0.40939711818643193,0.0,0.40939711818643193
5222,5222,0.4124884705123606,1.0,0.4124884705123606
5223,5223,0.4155832776436333,0.0,0.4155832776436333
5224,5224,0.41868141740255993,0.0,0.41868141740255993
5225,5225,0.4217827674798844,0.0,0.4217827674798844
5226,5226,0.42488720543962283,1.0,0.42488720543962283
5227,5227,0.4279946087238734,0.0,0.4279946087238734
5228,5228,0.43110485465768195,0.0,0.43110485465768195
5229,5229,0.43421782045385776,1.0,0.43421782045385776
5230,5230,0.43733338321784854,0.0,0.43733338321784854
5231,5231,0.44045141995256376,0.0,0.44045141995256376
5232,5232,0.44357180756325937,1.0,0.44357180756325937
5233,5233,0.4466944228623718,1.0,0.4466944228623718
5234,5234,0.44981914257439237,0.0,0.44981914257439237
5235,5235,0.4529458433407443,0.0,0.4529458433407443
5236,5236,0.4560744017246279,0.0,0.4560744017246279
5237,5237,0.4592046942159222,0.0,0.4592046942159222
5238,5238,0.46233659723603276,0.0,0.46233659723603276
5239,5239,0.46546998714279775,0.0,0.46546998714279775
5240,5240,0.46860474023534204,1.0,0.46860474023534204
5241,5241,0.4717407327589879,0.0,0.4717407327589879
5242,5242,0.4748778409101171,0.0,0.4748778409101171
5243,5243,0.47801594084106747,0.0,0.47801594084106747
5244,5244,0.48115490866503424,1.0,0.48115490866503424
5245,5245,0.48429462046093535,0.0,0.48429462046093535
5246,5246,0.4874349522783323,1.0,0.4874349522783323
5247,5247,0.49057578014229497,0.0,0.49057578014229497
5248,5248,0.4937169800583243,0.0,0.4937169800583243
5249,5249,0.4968584280172192,1.0,0.4968584280172192
5250,5250,0.5000000000000002,1.0,0.5000000000000002
5251,5251,0.5031415719827813,1.0,0.5031415719827813
5252,5252,0.5062830199416761,1.0,0.5062830199416761
5253,5253,0.5094242198577055,1.0,0.5094242198577055
5254,5254,0.5125650477216682,0.0,0.5125650477216682
5255,5255,0.515705379539065,1.0,0.515705379539065
5256,5256,0.5188450913349664,1.0,0.5188450913349664
5257,5257,0.5219840591589331,1.0,0.5219840591589331
5258,5258,0.5251221590898834,1.0,0.5251221590898834
5259,5259,0.5282592672410125,0.0,0.5282592672410125
5260,5260,0.5313952597646585,0.0,0.5313952597646585
5261,5261,0.5345300128572029,1.0,0.5345300128572029
5262,5262,0.5376634027639678,0.0,0.5376634027639678
5263,5263,0.5407953057840782,1.0,0.5407953057840782
5264,5264,0.5439255982753726,0.0,0.5439255982753726
5265,5265,0.5470541566592563,0.0,0.5470541566592563
5266,5266,0.5501808574256081,1.0,0.5501808574256081
5267,5267,0.5533055771376285,0.0,0.5533055771376285
5268,5268,0.5564281924367411,0.0,0.5564281924367411
5269,5269,0.5595485800474367,1.0,0.5595485800474367
5270,5270,0.562666616782152,1.0,0.562666616782152
5271,5271,0.5657821795461427,1.0,0.5657821795461427
5272,5272,0.5688951453423187,1.0,0.5688951453423187
5273,5273,0.572005391276127,0.0,0.572005391276127
5274,5274,0.5751127945603778,0.0,0.5751127945603778
5275,5275,0.5782172325201161,1.0,0.5782172325201161
5276,5276,0.5813185825974405,0.0,0.5813185825974405
5277,5277,0.5844167223563672,0.0,0.5844167223563672
5278,5278,0.5875115294876398,1.0,0.5875115294876398
5279,5279,0.5906028818135687,0.0,0.5906028818135687
5280,5280,0.5936906572928637,0.0,0.5936906572928637
5281,5281,0.5967747340254297,0.0,0.5967747340254297
5282,5282,0.5998549902572046,1.0,0.5998549902572046
5283,5283,0.6029313043849398,1.0,0.6029313043849398
5284,5284,0.6060035549610281,1.0,0.6060035549610281
5285,5285,0.60907162069827,0.0,0.60907162069827
5286,5286,0.612135380474691,1.0,0.612135380474691
5287,5287,0.6151947133382971,0.0,0.6151947133382971
5288,5288,0.6182494985118622,1.0,0.6182494985118622
5289,5289,0.6212996153977052,1.0,0.6212996153977052
5290,5290,0.624344943582427,0.0,0.624344943582427
5291,5291,0.6273853628416921,0.0,0.6273853628416921
5292,5292,0.6304207531449477,1.0,0.6304207531449477
5293,5293,0.6334509946601884,1.0,0.6334509946601884
5294,5294,0.6364759677586613,1.0,0.6364759677586613
5295,5295,0.6394955530196149,1.0,0.6394955530196149
5296,5296,0.6425096312349899,1.0,0.6425096312349899
5297,5297,0.645518083414136,1.0,0.645518083414136
5298,5298,0.648520790788519,1.0,0.648520790788519
5299,5299,0.6515176348163865,1.0,0.6515176348163865
5300,5300,0.6545084971874748,1.0,0.6545084971874748
5301,5301,0.6574932598276516,0.0,0.6574932598276516
5302,5302,0.6604718049036055,1.0,0.6604718049036055
5303,5303,0.6634440148274702,1.0,0.6634440148274702
5304,5304,0.6664097722614937,0.0,0.6664097722614937
5305,5305,0.6693689601226475,1.0,0.6693689601226475
5306,5306,0.6723214615872586,0.0,0.6723214615872586
5307,5307,0.675267160095631,1.0,0.675267160095631
5308,5308,0.6782059393566249,1.0,0.6782059393566249
5309,5309,0.681137683352274,1.0,0.681137683352274
5310,5310,0.6840622763423383,0.0,0.6840622763423383
5311,5311,0.6869796028689009,1.0,0.6869796028689009
5312,5312,0.6898895477608995,1.0,0.6898895477608995
5313,5313,0.6927919961386986,1.0,0.6927919961386986
5314,5314,0.6956868334186029,0.0,0.6956868334186029
5315,5315,0.6985739453173904,1.0,0.6985739453173904
5316,5316,0.7014532178568327,1.0,0.7014532178568327
5317,5317,0.7043245373681741,1.0,0.7043245373681741
5318,5318,0.7071877904966432,1.0,0.7071877904966432
5319,5319,0.7100428642059025,1.0,0.7100428642059025
5320,5320,0.7128896457825371,1.0,0.7128896457825371
5321,5321,0.7157280228404784,1.0,0.7157280228404784
5322,5322,0.7185578833254669,0.0,0.7185578833254669
5323,5323,0.7213791155194526,1.0,0.7213791155194526
5324,5324,0.7241916080450161,1.0,0.7241916080450161
5325,5325,0.7269952498697748,0.0,0.7269952498697748
5326,5326,0.7297899303107435,1.0,0.7297899303107435
5327,5327,0.7325755390387303,1.0,0.7325755390387303
5328,5328,0.7353519660826656,1.0,0.7353519660826656
5329,5329,0.7381191018339702,0.0,0.7381191018339702
5330,5330,0.7408768370508565,1.0,0.7408768370508565
5331,5331,0.7436250628626666,1.0,0.7436250628626666
5332,5332,0.7463636707741474,1.0,0.7463636707741474
5333,5333,0.7490925526697455,1.0,0.7490925526697455
5334,5334,0.7518116008178817,1.0,0.7518116008178817
5335,5335,0.7545207078751853,1.0,0.7545207078751853
5336,5336,0.7572197668907542,1.0,0.7572197668907542
5337,5337,0.7599086713103541,1.0,0.7599086713103541
5338,5338,0.7625873149806486,1.0,0.7625873149806486
5339,5339,0.7652555921533661,1.0,0.7652555921533661
5340,5340,0.7679133974894987,1.0,0.7679133974894987
5341,5341,0.7705606260634396,0.0,0.7705606260634396
5342,5342,0.7731971733671344,0.0,0.7731971733671344
5343,5343,0.7758229353142164,0.0,0.7758229353142164
5344,5344,0.7784378082440936,1.0,0.7784378082440936
5345,5345,0.7810416889260664,1.0,0.7810416889260664
5346,5346,0.7836344745633775,1.0,0.7836344745633775
5347,5347,0.7862160627972962,1.0,0.7862160627972962
5348,5348,0.7887863517111329,1.0,0.7887863517111329
5349,5349,0.7913452398342883,1.0,0.7913452398342883
5350,5350,0.7938926261462382,1.0,0.7938926261462382
5351,5351,0.7964284100805296,1.0,0.7964284100805296
5352,5352,0.7989524915287608,1.0,0.7989524915287608
5353,5353,0.801464770844512,1.0,0.801464770844512
5354,5354,0.8039651488473037,1.0,0.8039651488473037
5355,5355,0.8064535268264876,0.0,0.8064535268264876
5356,5356,0.8089298065451679,1.0,0.8089298065451679
5357,5357,0.8113938902440554,1.0,0.8113938902440554
5358,5358,0.8138456806453507,1.0,0.8138456806453507
5359,5359,0.8162850809565638,1.0,0.8162850809565638
5360,5360,0.818711994874345,1.0,0.818711994874345
5361,5361,0.8211263265882935,1.0,0.8211263265882935
5362,5362,0.8235279807847219,1.0,0.8235279807847219
5363,5363,0.8259168626504403,1.0,0.8259168626504403
5364,5364,0.8282928778764775,1.0,0.8282928778764775
5365,5365,0.8306559326618266,1.0,0.8306559326618266
5366,5366,0.833005933717125,1.0,0.833005933717125
5367,5367,0.8353427882683604,1.0,0.8353427882683604
5368,5368,0.8376664040605137,1.0,0.8376664040605137
5369,5369,0.8399766893612097,0.0,0.8399766893612097
5370,5370,0.8422735529643456,1.0,0.8422735529643456
5371,5371,0.844556904193674,0.0,0.844556904193674
5372,5372,0.8468266529064034,1.0,0.8468266529064034
5373,5373,0.8490827094967358,1.0,0.8490827094967358
5374,5374,0.8513249848994253,1.0,0.8513249848994253
5375,5375,0.853553390593273,1.0,0.853553390593273
5376,5376,0.8557678386046431,1.0,0.8557678386046431
5377,5377,0.8579682415109169,0.0,0.8579682415109169
5378,5378,0.8601545124439536,1.0,0.8601545124439536
5379,5379,0.8623265650935243,1.0,0.8623265650935243
5380,5380,0.8644843137107057,1.0,0.8644843137107057
5381,5381,0.8666276731112809,0.0,0.8666276731112809
5382,5382,0.8687565586790865,1.0,0.8687565586790865
5383,5383,0.8708708863693702,1.0,0.8708708863693702
5384,5384,0.8729705727120904,1.0,0.8729705727120904
5385,5385,0.8750555348152301,1.0,0.8750555348152301
5386,5386,0.8771256903680532,1.0,0.8771256903680532
5387,5387,0.8791809576443609,1.0,0.8791809576443609
5388,5388,0.8812212555057249,1.0,0.8812212555057249
5389,5389,0.8832465034046747,1.0,0.8832465034046747
5390,5390,0.8852566213878954,1.0,0.8852566213878954
5391,5391,0.8872515300993665,1.0,0.8872515300993665
5392,5392,0.8892311507835122,1.0,0.8892311507835122
5393,5393,0.8911954052882933,1.0,0.8911954052882933
5394,5394,0.8931442160683098,1.0,0.8931442160683098
5395,5395,0.8950775061878464,1.0,0.8950775061878464
5396,5396,0.8969951993239178,1.0,0.8969951993239178
5397,5397,0.8988972197692866,1.0,0.8988972197692866
5398,5398,0.9007834924354381,1.0,0.9007834924354381
5399,5399,0.9026539428555618,0.0,0.9026539428555618
5400,5400,0.9045084971874734,1.0,0.9045084971874734
5401,5401,0.9063470822165474,1.0,0.9063470822165474
5402,5402,0.9081696253585915,1.0,0.9081696253585915
5403,5403,0.9099760546627264,1.0,0.9099760546627264
5404,5404,0.911766298814215,1.0,0.911766298814215
5405,5405,0.9135402871372809,1.0,0.9135402871372809
5406,5406,0.9152979495979073,1.0,0.9152979495979073
5407,5407,0.9170392168065854,1.0,0.9170392168065854
5408,5408,0.9187640200210716,0.0,0.9187640200210716
5409,5409,0.9204722911490842,1.0,0.9204722911490842
5410,5410,0.922163962751008,1.0,0.922163962751008
5411,5411,0.9238389680425412,1.0,0.9238389680425412
5412,5412,0.9254972408973462,1.0,0.9254972408973462
5413,5413,0.9271387158496487,1.0,0.9271387158496487
5414,5414,0.9287633280968262,1.0,0.9287633280968262
5415,5415,0.9303710135019726,1.0,0.9303710135019726
5416,5416,0.9319617085964175,1.0,0.9319617085964175
5417,5417,0.9335353505822458,1.0,0.9335353505822458
5418,5418,0.9350918773347625,0.0,0.9350918773347625
5419,5419,0.9366312274049605,1.0,0.9366312274049605
5420,5420,0.9381533400219313,1.0,0.9381533400219313
5421,5421,0.9396581550952783,1.0,0.9396581550952783
5422,5422,0.9411456132174776,1.0,0.9411456132174776
5423,5423,0.9426156556662276,1.0,0.9426156556662276
5424,5424,0.944068224406773,1.0,0.944068224406773
5425,5425,0.9455032620941839,1.0,0.9455032620941839
5426,5426,0.9469207120756324,1.0,0.9469207120756324
5427,5427,0.9483205183926177,1.0,0.9483205183926177
5428,5428,0.9497026257831859,1.0,0.9497026257831859
5429,5429,0.9510669796841009,1.0,0.9510669796841009
5430,5430,0.95241352623301,1.0,0.95241352623301
5431,5431,0.9537422122705578,1.0,0.9537422122705578
5432,5432,0.9550529853424978,1.0,0.9550529853424978
5433,5433,0.9563457937017521,1.0,0.9563457937017521
5434,5434,0.9576205863104588,1.0,0.9576205863104588
5435,5435,0.9588773128419912,1.0,0.9588773128419912
5436,5436,0.960115923682935,1.0,0.960115923682935
5437,5437,0.9613363699350579,1.0,0.9613363699350579
5438,5438,0.9625386034172286,1.0,0.9625386034172286
5439,5439,0.963722576667331,1.0,0.963722576667331
5440,5440,0.9648882429441251,1.0,0.9648882429441251
5441,5441,0.9660355562291056,1.0,0.9660355562291056
5442,5442,0.9671644712283067,1.0,0.9671644712283067
5443,5443,0.968274943374096,1.0,0.968274943374096
5444,5444,0.9693669288269376,1.0,0.9693669288269376
5445,5445,0.9704403844771127,1.0,0.9704403844771127
5446,5446,0.9714952679464325,1.0,0.9714952679464325
5447,5447,0.972531537589902,1.0,0.972531537589902
5448,5448,0.9735491524973723,1.0,0.9735491524973723
5449,5449,0.9745480724951467,1.0,0.9745480724951467
5450,5450,0.9755282581475768,1.0,0.9755282581475768
5451,5451,0.9764896707586099,1.0,0.9764896707586099
5452,5452,0.9774322723733214,1.0,0.9774322723733214
5453,5453,0.9783560257794156,1.0,0.9783560257794156
5454,5454,0.9792608945086879,1.0,0.9792608945086879
5455,5455,0.9801468428384719,1.0,0.9801468428384719
5456,5456,0.9810138357930427,1.0,0.9810138357930427
5457,5457,0.981861839145005,1.0,0.981861839145005
5458,5458,0.9826908194166365,1.0,0.9826908194166365
5459,5459,0.9835007438812177,1.0,0.9835007438812177
5460,5460,0.9842915805643161,1.0,0.9842915805643161
5461,5461,0.9850632982450529,1.0,0.9850632982450529
5462,5462,0.9858158664573372,1.0,0.9858158664573372
5463,5463,0.9865492554910632,1.0,0.9865492554910632
5464,5464,0.9872634363932887,1.0,0.9872634363932887
5465,5465,0.9879583809693735,1.0,0.9879583809693735
5466,5466,0.9886340617840967,1.0,0.9886340617840967
5467,5467,0.9892904521627358,1.0,0.9892904521627358
5468,5468,0.9899275261921234,1.0,0.9899275261921234
5469,5469,0.9905452587216674,1.0,0.9905452587216674
5470,5470,0.9911436253643443,1.0,0.9911436253643443
5471,5471,0.991722602497665,1.0,0.991722602497665
5472,5472,0.9922821672646025,1.0,0.9922821672646025
5473,5473,0.9928222975744992,1.0,0.9928222975744992
5474,5474,0.9933429721039337,1.0,0.9933429721039337
5475,5475,0.9938441702975691,1.0,0.9938441702975691
5476,5476,0.9943258723689568,1.0,0.9943258723689568
5477,5477,0.9947880593013255,1.0,0.9947880593013255
5478,5478,0.9952307128483259,1.0,0.9952307128483259
5479,5479,0.9956538155347534,1.0,0.9956538155347534
5480,5480,0.9960573506572391,1.0,0.9960573506572391
5481,5481,0.9964413022849069,1.0,0.9964413022849069
5482,5482,0.9968056552600044,1.0,0.9968056552600044
5483,5483,0.9971503951984994,1.0,0.9971503951984994
5484,5484,0.9974755084906503,1.0,0.9974755084906503
5485,5485,0.9977809823015399,1.0,0.9977809823015399
5486,5486,0.9980668045715861,1.0,0.9980668045715861
5487,5487,0.9983329640170151,1.0,0.9983329640170151
5488,5488,0.9985794501303069,1.0,0.9985794501303069
5489,5489,0.9988062531806127,1.0,0.9988062531806127
5490,5490,0.9990133642141357,1.0,0.9990133642141357
5491,5491,0.9992007750544876,1.0,0.9992007750544876
5492,5492,0.9993684783030087,1.0,0.9993684783030087
5493,5493,0.9995164673390624,1.0,0.9995164673390624
5494,5494,0.9996447363202945,1.0,0.9996447363202945
5495,5495,0.9997532801828658,1.0,0.9997532801828658
5496,5496,0.99984209464165,1.0,0.99984209464165
5497,5497,0.9999111761904046,1.0,0.9999111761904046
5498,5498,0.999960522101908,1.0,0.999960522101908
5499,5499,0.9999901304280686,1.0,0.9999901304280686
5500,5500,1.0,1.0,1.0
5501,5501,0.9999901304280686,1.0,0.9999901304280686
5502,5502,0.999960522101908,1.0,0.999960522101908
5503,5503,0.9999111761904046,1.0,0.9999111761904046
5504,5504,0.99984209464165,1.0,0.99984209464165
5505,5505,0.9997532801828658,1.0,0.9997532801828658
5506,5506,0.9996447363202945,1.0,0.9996447363202945
5507,5507,0.9995164673390624,1.0,0.9995164673390624
5508,5508,0.9993684783030087,1.0,0.9993684783030087
5509,5509,0.9992007750544876,1.0,0.9992007750544876
5510,5510,0.9990133642141359,1.0,0.9990133642141359
5511,5511,0.9988062531806127,1.0,0.9988062531806127
5512,5512,0.9985794501303071,1.0,0.9985794501303071
5513,5513,0.9983329640170149,1.0,0.9983329640170149
5514,5514,0.9980668045715859,1.0,0.9980668045715859
5515,5515,0.9977809823015401,1.0,0.9977809823015401
5516,5516,0.99747550849065,1.0,0.99747550849065
5517,5517,0.9971503951984996,1.0,0.9971503951984996
5518,5518,0.9968056552600042,1.0,0.9968056552600042
5519,5519,0.9964413022849069,1.0,0.9964413022849069
5520,5520,0.9960573506572389,1.0,0.9960573506572389
5521,5521,0.9956538155347534,1.0,0.9956538155347534
5522,5522,0.9952307128483256,1.0,0.9952307128483256
5523,5523,0.9947880593013251,1.0,0.9947880593013251
5524,5524,0.994325872368957,1.0,0.994325872368957
5525,5525,0.9938441702975687,1.0,0.9938441702975687
5526,5526,0.993342972103934,1.0,0.993342972103934
5527,5527,0.9928222975744988,1.0,0.9928222975744988
5528,5528,0.9922821672646027,1.0,0.9922821672646027
5529,5529,0.9917226024976648,1.0,0.9917226024976648
5530,5530,0.9911436253643445,1.0,0.9911436253643445
5531,5531,0.990545258721667,1.0,0.990545258721667
5532,5532,0.989927526192123,1.0,0.989927526192123
5533,5533,0.989290452162736,1.0,0.989290452162736
5534,5534,0.9886340617840963,1.0,0.9886340617840963
5535,5535,0.9879583809693737,0.0,0.9879583809693737
5536,5536,0.9872634363932883,1.0,0.9872634363932883
5537,5537,0.9865492554910634,1.0,0.9865492554910634
5538,5538,0.9858158664573368,1.0,0.9858158664573368
5539,5539,0.9850632982450531,1.0,0.9850632982450531
5540,5540,0.9842915805643154,1.0,0.9842915805643154
5541,5541,0.983500743881217,1.0,0.983500743881217
5542,5542,0.9826908194166369,1.0,0.9826908194166369
5543,5543,0.9818618391450044,1.0,0.9818618391450044
5544,5544,0.9810138357930431,1.0,0.9810138357930431
5545,5545,0.9801468428384713,1.0,0.9801468428384713
5546,5546,0.9792608945086881,1.0,0.9792608945086881
5547,5547,0.9783560257794149,1.0,0.9783560257794149
5548,5548,0.9774322723733218,1.0,0.9774322723733218
5549,5549,0.9764896707586093,1.0,0.9764896707586093
5550,5550,0.9755282581475763,1.0,0.9755282581475763
5551,5551,0.9745480724951472,1.0,0.9745480724951472
5552,5552,0.9735491524973716,1.0,0.9735491524973716
5553,5553,0.9725315375899024,1.0,0.9725315375899024
5554,5554,0.9714952679464318,1.0,0.9714952679464318
5555,5555,0.9704403844771131,1.0,0.9704403844771131
5556,5556,0.9693669288269368,1.0,0.9693669288269368
5557,5557,0.9682749433740965,1.0,0.9682749433740965
5558,5558,0.9671644712283058,1.0,0.9671644712283058
5559,5559,0.9660355562291048,1.0,0.9660355562291048
5560,5560,0.9648882429441258,1.0,0.9648882429441258
5561,5561,0.9637225766673301,1.0,0.9637225766673301
5562,5562,0.9625386034172293,1.0,0.9625386034172293
5563,5563,0.961336369935057,1.0,0.961336369935057
5564,5564,0.9601159236829354,1.0,0.9601159236829354
5565,5565,0.9588773128419903,1.0,0.9588773128419903
5566,5566,0.9576205863104591,1.0,0.9576205863104591
5567,5567,0.9563457937017512,1.0,0.9563457937017512
5568,5568,0.955052985342497,1.0,0.955052985342497
5569,5569,0.9537422122705584,1.0,0.9537422122705584
5570,5570,0.952413526233009,1.0,0.952413526233009
5571,5571,0.9510669796841016,1.0,0.9510669796841016
5572,5572,0.9497026257831851,1.0,0.9497026257831851
5573,5573,0.9483205183926183,0.0,0.9483205183926183
5574,5574,0.9469207120756316,1.0,0.9469207120756316
5575,5575,0.9455032620941844,1.0,0.9455032620941844
5576,5576,0.9440682244067721,1.0,0.9440682244067721
5577,5577,0.9426156556662267,1.0,0.9426156556662267
5578,5578,0.9411456132174766,1.0,0.9411456132174766
5579,5579,0.9396581550952774,1.0,0.9396581550952774
5580,5580,0.938153340021932,0.0,0.938153340021932
5581,5581,0.9366312274049594,1.0,0.9366312274049594
5582,5582,0.9350918773347632,1.0,0.9350918773347632
5583,5583,0.9335353505822447,1.0,0.9335353505822447
5584,5584,0.9319617085964182,1.0,0.9319617085964182
5585,5585,0.9303710135019716,1.0,0.9303710135019716
5586,5586,0.928763328096825,1.0,0.928763328096825
5587,5587,0.9271387158496475,1.0,0.9271387158496475
5588,5588,0.9254972408973452,1.0,0.9254972408973452
5589,5589,0.9238389680425417,1.0,0.9238389680425417
5590,5590,0.9221639627510069,1.0,0.9221639627510069
5591,5591,0.9204722911490848,1.0,0.9204722911490848
5592,5592,0.9187640200210704,1.0,0.9187640200210704
5593,5593,0.9170392168065862,1.0,0.9170392168065862
5594,5594,0.915297949597906,1.0,0.915297949597906
5595,5595,0.9135402871372799,1.0,0.9135402871372799
5596,5596,0.9117662988142137,1.0,0.9117662988142137
5597,5597,0.9099760546627251,1.0,0.9099760546627251
5598,5598,0.908169625358592,1.0,0.908169625358592
5599,5599,0.9063470822165461,1.0,0.9063470822165461
5600,5600,0.9045084971874741,1.0,0.9045084971874741
5601,5601,0.9026539428555604,1.0,0.9026539428555604
5602,5602,0.900783492435439,1.0,0.900783492435439
5603,5603,0.8988972197692852,1.0,0.8988972197692852
5604,5604,0.8969951993239164,1.0,0.8969951993239164
5605,5605,0.8950775061878451,1.0,0.8950775061878451
5606,5606,0.8931442160683084,1.0,0.8931442160683084
5607,5607,0.8911954052882941,1.0,0.8911954052882941
5608,5608,0.889231150783511,1.0,0.889231150783511
5609,5609,0.8872515300993674,1.0,0.8872515300993674
5610,5610,0.885256621387894,1.0,0.885256621387894
5611,5611,0.8832465034046755,1.0,0.8832465034046755
5612,5612,0.8812212555057237,1.0,0.8812212555057237
5613,5613,0.8791809576443594,1.0,0.8791809576443594
5614,5614,0.8771256903680518,0.0,0.8771256903680518
5615,5615,0.8750555348152286,1.0,0.8750555348152286
5616,5616,0.8729705727120912,1.0,0.8729705727120912
5617,5617,0.8708708863693687,1.0,0.8708708863693687
5618,5618,0.8687565586790873,0.0,0.8687565586790873
5619,5619,0.8666276731112794,1.0,0.8666276731112794
5620,5620,0.8644843137107064,1.0,0.8644843137107064
5621,5621,0.8623265650935229,1.0,0.8623265650935229
5622,5622,0.8601545124439519,1.0,0.8601545124439519
5623,5623,0.8579682415109154,1.0,0.8579682415109154
5624,5624,0.8557678386046415,1.0,0.8557678386046415
5625,5625,0.853553390593274,1.0,0.853553390593274
5626,5626,0.8513249848994237,0.0,0.8513249848994237
5627,5627,0.8490827094967368,0.0,0.8490827094967368
5628,5628,0.8468266529064018,1.0,0.8468266529064018
5629,5629,0.844556904193675,1.0,0.844556904193675
5630,5630,0.8422735529643439,0.0,0.8422735529643439
5631,5631,0.8399766893612081,0.0,0.8399766893612081
5632,5632,0.8376664040605122,1.0,0.8376664040605122
5633,5633,0.8353427882683588,1.0,0.8353427882683588
5634,5634,0.833005933717126,1.0,0.833005933717126
5635,5635,0.830655932661825,0.0,0.830655932661825
5636,5636,0.8282928778764788,1.0,0.8282928778764788
5637,5637,0.8259168626504386,1.0,0.8259168626504386
5638,5638,0.8235279807847229,1.0,0.8235279807847229
5639,5639,0.8211263265882917,1.0,0.8211263265882917
5640,5640,0.8187119948743431,1.0,0.8187119948743431
5641,5641,0.816285080956562,1.0,0.816285080956562
5642,5642,0.8138456806453489,1.0,0.8138456806453489
5643,5643,0.8113938902440564,1.0,0.8113938902440564
5644,5644,0.808929806545166,0.0,0.808929806545166
5645,5645,0.8064535268264886,1.0,0.8064535268264886
5646,5646,0.803965148847302,1.0,0.803965148847302
5647,5647,0.8014647708445132,1.0,0.8014647708445132
5648,5648,0.798952491528759,1.0,0.798952491528759
5649,5649,0.7964284100805308,0.0,0.7964284100805308
5650,5650,0.7938926261462365,1.0,0.7938926261462365
5651,5651,0.7913452398342865,1.0,0.7913452398342865
5652,5652,0.7887863517111339,1.0,0.7887863517111339
5653,5653,0.7862160627972944,0.0,0.7862160627972944
5654,5654,0.7836344745633788,0.0,0.7836344745633788
5655,5655,0.7810416889260644,1.0,0.7810416889260644
5656,5656,0.7784378082440948,1.0,0.7784378082440948
5657,5657,0.7758229353142145,0.0,0.7758229353142145
5658,5658,0.7731971733671357,1.0,0.7731971733671357
5659,5659,0.7705606260634378,1.0,0.7705606260634378
5660,5660,0.7679133974894967,1.0,0.7679133974894967
5661,5661,0.7652555921533672,1.0,0.7652555921533672
5662,5662,0.7625873149806467,0.0,0.7625873149806467
5663,5663,0.7599086713103553,1.0,0.7599086713103553
5664,5664,0.7572197668907523,1.0,0.7572197668907523
5665,5665,0.7545207078751865,1.0,0.7545207078751865
5666,5666,0.7518116008178798,1.0,0.7518116008178798
5667,5667,0.7490925526697466,1.0,0.7490925526697466
5668,5668,0.7463636707741456,1.0,0.7463636707741456
5669,5669,0.7436250628626647,1.0,0.7436250628626647
5670,5670,0.7408768370508578,0.0,0.7408768370508578
5671,5671,0.7381191018339683,0.0,0.7381191018339683
5672,5672,0.7353519660826667,1.0,0.7353519660826667
5673,5673,0.7325755390387282,1.0,0.7325755390387282
5674,5674,0.7297899303107448,1.0,0.7297899303107448
5675,5675,0.7269952498697727,1.0,0.7269952498697727
5676,5676,0.7241916080450173,1.0,0.7241916080450173
5677,5677,0.7213791155194504,1.0,0.7213791155194504
5678,5678,0.7185578833254648,1.0,0.7185578833254648
5679,5679,0.7157280228404795,1.0,0.7157280228404795
5680,5680,0.712889645782535,1.0,0.712889645782535
5681,5681,0.7100428642059036,1.0,0.7100428642059036
5682,5682,0.707187790496641,0.0,0.707187790496641
5683,5683,0.7043245373681755,1.0,0.7043245373681755
5684,5684,0.7014532178568307,1.0,0.7014532178568307
5685,5685,0.6985739453173915,0.0,0.6985739453173915
5686,5686,0.6956868334186009,1.0,0.6956868334186009
5687,5687,0.6927919961386965,0.0,0.6927919961386965
5688,5688,0.6898895477609006,1.0,0.6898895477609006
5689,5689,0.6869796028688989,0.0,0.6869796028688989
5690,5690,0.6840622763423395,1.0,0.6840622763423395
5691,5691,0.6811376833522719,1.0,0.6811376833522719
5692,5692,0.6782059393566261,0.0,0.6782059393566261
5693,5693,0.6752671600956288,1.0,0.6752671600956288
5694,5694,0.6723214615872597,1.0,0.6723214615872597
5695,5695,0.6693689601226455,1.0,0.6693689601226455
5696,5696,0.6664097722614915,1.0,0.6664097722614915
5697,5697,0.6634440148274714,0.0,0.6634440148274714
5698,5698,0.6604718049036032,1.0,0.6604718049036032
5699,5699,0.6574932598276528,1.0,0.6574932598276528
5700,5700,0.6545084971874727,0.0,0.6545084971874727
5701,5701,0.6515176348163878,1.0,0.6515176348163878
5702,5702,0.6485207907885168,0.0,0.6485207907885168
5703,5703,0.6455180834141372,0.0,0.6455180834141372
5704,5704,0.6425096312349878,0.0,0.6425096312349878
5705,5705,0.6394955530196127,1.0,0.6394955530196127
5706,5706,0.6364759677586628,1.0,0.6364759677586628
5707,5707,0.6334509946601863,0.0,0.6334509946601863
5708,5708,0.6304207531449489,0.0,0.6304207531449489
5709,5709,0.62738536284169,1.0,0.62738536284169
5710,5710,0.6243449435824282,1.0,0.6243449435824282
5711,5711,0.6212996153977031,0.0,0.6212996153977031
5712,5712,0.6182494985118636,1.0,0.6182494985118636
5713,5713,0.615194713338295,0.0,0.615194713338295
5714,5714,0.6121353804746889,0.0,0.6121353804746889
5715,5715,0.6090716206982714,0.0,0.6090716206982714
5716,5716,0.6060035549610258,1.0,0.6060035549610258
5717,5717,0.6029313043849411,0.0,0.6029313043849411
5718,5718,0.5998549902572025,0.0,0.5998549902572025
5719,5719,0.596774734025431,1.0,0.596774734025431
5720,5720,0.5936906572928616,1.0,0.5936906572928616
5721,5721,0.5906028818135699,1.0,0.5906028818135699
5722,5722,0.5875115294876376,0.0,0.5875115294876376
5723,5723,0.5844167223563651,1.0,0.5844167223563651
5724,5724,0.5813185825974418,1.0,0.5813185825974418
5725,5725,0.5782172325201139,1.0,0.5782172325201139
5726,5726,0.5751127945603789,0.0,0.5751127945603789
5727,5727,0.572005391276125,0.0,0.572005391276125
5728,5728,0.5688951453423198,0.0,0.5688951453423198
5729,5729,0.5657821795461405,0.0,0.5657821795461405
5730,5730,0.5626666167821534,0.0,0.5626666167821534
5731,5731,0.5595485800474346,1.0,0.5595485800474346
5732,5732,0.556428192436739,1.0,0.556428192436739
5733,5733,0.5533055771376301,1.0,0.5533055771376301
5734,5734,0.550180857425606,1.0,0.550180857425606
5735,5735,0.5470541566592576,0.0,0.5470541566592576
5736,5736,0.5439255982753705,1.0,0.5439255982753705
5737,5737,0.5407953057840795,0.0,0.5407953057840795
5738,5738,0.5376634027639656,0.0,0.5376634027639656
5739,5739,0.5345300128572041,0.0,0.5345300128572041
5740,5740,0.5313952597646564,1.0,0.5313952597646564
5741,5741,0.5282592672410104,0.0,0.5282592672410104
5742,5742,0.5251221590898848,1.0,0.5251221590898848
5743,5743,0.5219840591589308,0.0,0.5219840591589308
5744,5744,0.5188450913349677,1.0,0.5188450913349677
5745,5745,0.515705379539063,1.0,0.515705379539063
5746,5746,0.5125650477216697,0.0,0.5125650477216697
5747,5747,0.5094242198577033,0.0,0.5094242198577033
5748,5748,0.5062830199416776,0.0,0.5062830199416776
5749,5749,0.503141571982779,0.0,0.503141571982779
5750,5750,0.499999999999998,0.0,0.499999999999998
5751,5751,0.49685842801722047,1.0,0.49685842801722047
5752,5752,0.49371698005832215,0.0,0.49371698005832215
5753,5753,0.49057578014229636,1.0,0.49057578014229636
5754,5754,0.4874349522783301,1.0,0.4874349522783301
5755,5755,0.4842946204609366,0.0,0.4842946204609366
5756,5756,0.4811549086650319,1.0,0.4811549086650319
5757,5757,0.4780159408410687,1.0,0.4780159408410687
5758,5758,0.47487784091011476,1.0,0.47487784091011476
5759,5759,0.47174073275898576,1.0,0.47174073275898576
5760,5760,0.4686047402353434,0.0,0.4686047402353434
5761,5761,0.46546998714279547,0.0,0.46546998714279547
5762,5762,0.462336597236034,0.0,0.462336597236034
5763,5763,0.45920469421592014,1.0,0.45920469421592014
5764,5764,0.4560744017246292,0.0,0.4560744017246292
5765,5765,0.45294584334074206,0.0,0.45294584334074206
5766,5766,0.4498191425743937,0.0,0.4498191425743937
5767,5767,0.4466944228623696,0.0,0.4466944228623696
5768,5768,0.44357180756325715,0.0,0.44357180756325715
5769,5769,0.4404514199525651,1.0,0.4404514199525651
5770,5770,0.4373333832178463,1.0,0.4373333832178463
5771,5771,0.4342178204538591,0.0,0.4342178204538591
5772,5772,0.4311048546576798,1.0,0.4311048546576798
5773,5773,0.4279946087238747,0.0,0.4279946087238747
5774,5774,0.42488720543962066,0.0,0.42488720543962066
5775,5775,0.42178276747988575,1.0,0.42178276747988575
5776,5776,0.4186814174025578,1.0,0.4186814174025578
5777,5777,0.415583277643631,0.0,0.415583277643631
5778,5778,0.41248847051236187,0.0,0.41248847051236187
5779,5779,0.40939711818642965,1.0,0.40939711818642965
5780,5780,0.40630934270713803,0.0,0.40630934270713803
5781,5781,0.40322526597456865,0.0,0.40322526597456865
5782,5782,0.40014500974279715,0.0,0.40014500974279715
5783,5783,0.39706869561505853,1.0,0.39706869561505853
5784,5784,0.3939964450389738,0.0,0.3939964450389738
5785,5785,0.39092837930172836,1.0,0.39092837930172836
5786,5786,0.38786461952530743,0.0,0.38786461952530743
5787,5787,0.3848052866617047,0.0,0.3848052866617047
5788,5788,0.3817505014881361,1.0,0.3817505014881361
5789,5789,0.3787003846022966,1.0,0.3787003846022966
5790,5790,0.37565505641757135,0.0,0.37565505641757135
5791,5791,0.3726146371583096,0.0,0.3726146371583096
5792,5792,0.3695792468550507,0.0,0.3695792468550507
5793,5793,0.3665490053398133,0.0,0.3665490053398133
5794,5794,0.36352403224133695,0.0,0.36352403224133695
5795,5795,0.3605044469803833,1.0,0.3605044469803833
5796,5796,0.3574903687650119,0.0,0.3574903687650119
5797,5797,0.35448191658586253,1.0,0.35448191658586253
5798,5798,0.3514792092114828,0.0,0.3514792092114828
5799,5799,0.3484823651836118,1.0,0.3484823651836118
5800,5800,0.34549150281252694,0.0,0.34549150281252694
5801,5801,0.3425067401723467,1.0,0.3425067401723467
5802,5802,0.33952819509639637,1.0,0.33952819509639637
5803,5803,0.33655598517252827,1.0,0.33655598517252827
5804,5804,0.33359022773850466,0.0,0.33359022773850466
5805,5805,0.3306310398773542,1.0,0.3306310398773542
5806,5806,0.32767853841274,0.0,0.32767853841274
5807,5807,0.32473283990437074,0.0,0.32473283990437074
5808,5808,0.3217940606433734,0.0,0.3217940606433734
5809,5809,0.31886231664772774,0.0,0.31886231664772774
5810,5810,0.31593772365766026,1.0,0.31593772365766026
5811,5811,0.3130203971311008,0.0,0.3130203971311008
5812,5812,0.310110452239099,0.0,0.310110452239099
5813,5813,0.3072080038612998,1.0,0.3072080038612998
5814,5814,0.30431316658139873,0.0,0.30431316658139873
5815,5815,0.3014260546826082,1.0,0.3014260546826082
5816,5816,0.29854678214316893,0.0,0.29854678214316893
5817,5817,0.2956754626318243,1.0,0.2956754626318243
5818,5818,0.29281220950335857,0.0,0.29281220950335857
5819,5819,0.28995713579409604,0.0,0.28995713579409604
5820,5820,0.28711035421746467,0.0,0.28711035421746467
5821,5821,0.28427197715952,0.0,0.28427197715952
5822,5822,0.2814421166745317,1.0,0.2814421166745317
5823,5823,0.27862088448054906,0.0,0.27862088448054906
5824,5824,0.27580839195498236,1.0,0.27580839195498236
5825,5825,0.2730047501302269,1.0,0.2730047501302269
5826,5826,0.2702100696892549,0.0,0.2702100696892549
5827,5827,0.2674244609612714,0.0,0.2674244609612714
5828,5828,0.2646480339173329,0.0,0.2646480339173329
5829,5829,0.26188089816603133,0.0,0.26188089816603133
5830,5830,0.25912316294914195,0.0,0.25912316294914195
5831,5831,0.256374937137332,0.0,0.256374937137332
5832,5832,0.25363632922585405,0.0,0.25363632922585405
5833,5833,0.2509074473302531,1.0,0.2509074473302531
5834,5834,0.2481883991821198,1.0,0.2481883991821198
5835,5835,0.2454792921248132,0.0,0.2454792921248132
5836,5836,0.24278023310924732,0.0,0.24278023310924732
5837,5837,0.24009132868964447,0.0,0.24009132868964447
5838,5838,0.23741268501935303,0.0,0.23741268501935303
5839,5839,0.23474440784663253,1.0,0.23474440784663253
5840,5840,0.23208660251049992,1.0,0.23208660251049992
5841,5841,0.22943937393656197,0.0,0.22943937393656197
5842,5842,0.22680282663286397,0.0,0.22680282663286397
5843,5843,0.22417706468578508,0.0,0.22417706468578508
5844,5844,0.22156219175590486,0.0,0.22156219175590486
5845,5845,0.21895831107393524,0.0,0.21895831107393524
5846,5846,0.21636552543662094,0.0,0.21636552543662094
5847,5847,0.21378393720270542,1.0,0.21378393720270542
5848,5848,0.21121364828886577,0.0,0.21121364828886577
5849,5849,0.20865476016571022,0.0,0.20865476016571022
5850,5850,0.2061073738537633,1.0,0.2061073738537633
5851,5851,0.20357158991946894,0.0,0.20357158991946894
5852,5852,0.20104750847124073,0.0,0.20104750847124073
5853,5853,0.19853522915548655,0.0,0.19853522915548655
5854,5854,0.1960348511526978,0.0,0.1960348511526978
5855,5855,0.19354647317351098,0.0,0.19354647317351098
5856,5856,0.19107019345483364,1.0,0.19107019345483364
5857,5857,0.1886061097559433,0.0,0.1886061097559433
5858,5858,0.18615431935464807,0.0,0.18615431935464807
5859,5859,0.18371491904343762,0.0,0.18371491904343762
5860,5860,0.1812880051256538,0.0,0.1812880051256538
5861,5861,0.17887367341170798,0.0,0.17887367341170798
5862,5862,0.1764720192152768,0.0,0.1764720192152768
5863,5863,0.17408313734956107,0.0,0.17408313734956107
5864,5864,0.17170712212352104,0.0,0.17170712212352104
5865,5865,0.16934406733817478,0.0,0.16934406733817478
5866,5866,0.16699406628287372,1.0,0.16699406628287372
5867,5867,0.1646572117316384,0.0,0.1646572117316384
5868,5868,0.16233359593948762,0.0,0.16233359593948762
5869,5869,0.1600233106387891,1.0,0.1600233106387891
5870,5870,0.1577264470356558,0.0,0.1577264470356558
5871,5871,0.15544309580632476,0.0,0.15544309580632476
5872,5872,0.15317334709359792,0.0,0.15317334709359792
5873,5873,0.15091729050326294,0.0,0.15091729050326294
5874,5874,0.14867501510057607,0.0,0.14867501510057607
5875,5875,0.14644660940672583,0.0,0.14644660940672583
5876,5876,0.1442321613953583,0.0,0.1442321613953583
5877,5877,0.14203175848908428,0.0,0.14203175848908428
5878,5878,0.1398454875560453,0.0,0.1398454875560453
5879,5879,0.1376734349064768,1.0,0.1376734349064768
5880,5880,0.13551568628929328,0.0,0.13551568628929328
5881,5881,0.13337232688872036,0.0,0.13337232688872036
5882,5882,0.13124344132091237,1.0,0.13124344132091237
5883,5883,0.129129113630631,0.0,0.129129113630631
5884,5884,0.12702942728790853,0.0,0.12702942728790853
5885,5885,0.1249444651847711,0.0,0.1249444651847711
5886,5886,0.12287430963194794,0.0,0.12287430963194794
5887,5887,0.12081904235563787,1.0,0.12081904235563787
5888,5888,0.11877874449427618,0.0,0.11877874449427618
5889,5889,0.11675349659532415,1.0,0.11675349659532415
5890,5890,0.11474337861210572,0.0,0.11474337861210572
5891,5891,0.11274846990063242,0.0,0.11274846990063242
5892,5892,0.11076884921648887,0.0,0.11076884921648887
5893,5893,0.10880459471170555,0.0,0.10880459471170555
5894,5894,0.10685578393169137,0.0,0.10685578393169137
5895,5895,0.10492249381215467,1.0,0.10492249381215467
5896,5896,0.10300480067608123,0.0,0.10300480067608123
5897,5897,0.10110278023071459,1.0,0.10110278023071459
5898,5898,0.09921650756456087,0.0,0.09921650756456087
5899,5899,0.09734605714443935,0.0,0.09734605714443935
5900,5900,0.09549150281252565,0.0,0.09549150281252565
5901,5901,0.09365291778345355,0.0,0.09365291778345355
5902,5902,0.09183037464140763,0.0,0.09183037464140763
5903,5903,0.09002394533727458,0.0,0.09002394533727458
5904,5904,0.08823370118578612,0.0,0.08823370118578612
5905,5905,0.08645971286271803,0.0,0.08645971286271803
5906,5906,0.08470205040209373,0.0,0.08470205040209373
5907,5907,0.08296078319341359,0.0,0.08296078319341359
5908,5908,0.08123597997892941,0.0,0.08123597997892941
5909,5909,0.07952770885091488,0.0,0.07952770885091488
5910,5910,0.07783603724899293,0.0,0.07783603724899293
5911,5911,0.07616103195745803,0.0,0.07616103195745803
5912,5912,0.07450275910265476,0.0,0.07450275910265476
5913,5913,0.07286128415035226,0.0,0.07286128415035226
5914,5914,0.07123667190317293,1.0,0.07123667190317293
5915,5915,0.06962898649802822,0.0,0.06962898649802822
5916,5916,0.06803829140358159,0.0,0.06803829140358159
5917,5917,0.06646464941775522,1.0,0.06646464941775522
5918,5918,0.06490812266523663,0.0,0.06490812266523663
5919,5919,0.06336877259504035,0.0,0.06336877259504035
5920,5920,0.06184665997806786,0.0,0.06184665997806786
5921,5921,0.06034184490472249,0.0,0.06034184490472249
5922,5922,0.058854386782523214,0.0,0.058854386782523214
5923,5923,0.05738434433377152,0.0,0.05738434433377152
5924,5924,0.055931775593227775,0.0,0.055931775593227775
5925,5925,0.054496737905815384,0.0,0.054496737905815384
5926,5926,0.05307928792436832,0.0,0.05307928792436832
5927,5927,0.05167948160738158,0.0,0.05167948160738158
5928,5928,0.050297374216814864,0.0,0.050297374216814864
5929,5929,0.04893302031589828,0.0,0.04893302031589828
5930,5930,0.047586473766990774,0.0,0.047586473766990774
5931,5931,0.0462577877294414,0.0,0.0462577877294414
5932,5932,0.04494701465750137,1.0,0.04494701465750137
5933,5933,0.04365420629824863,0.0,0.04365420629824863
5934,5934,0.04237941368954062,0.0,0.04237941368954062
5935,5935,0.04112268715800961,0.0,0.04112268715800961
5936,5936,0.03988407631706439,0.0,0.03988407631706439
5937,5937,0.03866363006494292,0.0,0.03866363006494292
5938,5938,0.0374613965827707,0.0,0.0374613965827707
5939,5939,0.036277423332669805,0.0,0.036277423332669805
5940,5940,0.035111757055874174,0.0,0.035111757055874174
5941,5941,0.033964443770893825,1.0,0.033964443770893825
5942,5942,0.032835528771693996,0.0,0.032835528771693996
5943,5943,0.031725056625903296,0.0,0.031725056625903296
5944,5944,0.03063307117306311,0.0,0.03063307117306311
5945,5945,0.029559615522886874,0.0,0.029559615522886874
5946,5946,0.028504732053568047,0.0,0.028504732053568047
5947,5947,0.02746846241009734,0.0,0.02746846241009734
5948,5948,0.026450847502628248,0.0,0.026450847502628248
5949,5949,0.025451927504852596,0.0,0.025451927504852596
5950,5950,0.024471741852422613,0.0,0.024471741852422613
5951,5951,0.0235103292413906,0.0,0.0235103292413906
5952,5952,0.022567727626678063,0.0,0.022567727626678063
5953,5953,0.021643974220584877,0.0,0.021643974220584877
5954,5954,0.020739105491311728,0.0,0.020739105491311728
5955,5955,0.019853157161528693,0.0,0.019853157161528693
5956,5956,0.018986164206956844,0.0,0.018986164206956844
5957,5957,0.018138160854995467,0.0,0.018138160854995467
5958,5958,0.017309180583362963,0.0,0.017309180583362963
5959,5959,0.016499256118781978,0.0,0.016499256118781978
5960,5960,0.015708419435684445,0.0,0.015708419435684445
5961,5961,0.0149367017549467,0.0,0.0149367017549467
5962,5962,0.01418413354266313,0.0,0.01418413354266313
5963,5963,0.01345074450893645,0.0,0.01345074450893645
5964,5964,0.012736563606711606,0.0,0.012736563606711606
5965,5965,0.01204161903062613,0.0,0.01204161903062613
5966,5966,0.011365938215903525,0.0,0.011365938215903525
5967,5967,0.01070954783726387,0.0,0.01070954783726387
5968,5968,0.010072473807876172,0.0,0.010072473807876172
5969,5969,0.009454741278332957,0.0,0.009454741278332957
5970,5970,0.008856374635655364,0.0,0.008856374635655364
5971,5971,0.008277397502335231,0.0,0.008277397502335231
5972,5972,0.0077178327353971034,0.0,0.0077178327353971034
5973,5973,0.007177702425501117,0.0,0.007177702425501117
5974,5974,0.006657027896065836,0.0,0.006657027896065836
5975,5975,0.006155829702431322,0.0,0.006155829702431322
5976,5976,0.005674127631042935,0.0,0.005674127631042935
5977,5977,0.005211940698674229,0.0,0.005211940698674229
5978,5978,0.004769287151674388,0.0,0.004769287151674388
5979,5979,0.0043461844652465075,0.0,0.0043461844652465075
5980,5980,0.0039426493427611314,0.0,0.0039426493427611314
5981,5981,0.0035586977150930243,0.0,0.0035586977150930243
5982,5982,0.003194344739995882,0.0,0.003194344739995882
5983,5983,0.002849604801500466,0.0,0.002849604801500466
5984,5984,0.002524491509350038,0.0,0.002524491509350038
5985,5985,0.002219017698459954,0.0,0.002219017698459954
5986,5986,0.0019331954284135915,0.0,0.0019331954284135915
5987,5987,0.0016670359829850559,0.0,0.0016670359829850559
5988,5988,0.0014205498696929126,0.0,0.0014205498696929126
5989,5989,0.0011937468193874202,0.0,0.0011937468193874202
5990,5990,0.0009866357858641422,0.0,0.0009866357858641422
5991,5991,0.0007992249455125208,0.0,0.0007992249455125208
5992,5992,0.0006315216969912094,0.0,0.0006315216969912094
5993,5993,0.00048353266093768545,0.0,0.00048353266093768545
5994,5994,0.00035526367970535974,0.0,0.00035526367970535974
5995,5995,0.00024671981713415803,0.0,0.00024671981713415803
5996,5996,0.00015790535835000723,0.0,0.00015790535835000723
5997,5997,8.882380959546443e-05,0.0,8.882380959546443e-05
5998,5998,3.947789809194418e-05,0.0,3.947789809194418e-05
5999,5999,9.869571931427302e-06,0.0,9.869571931427302e-06
6000,6000,5.3991352175826865e-31,0.0,5.3991352175826865e-31
6001,6001,9.86957193144039e-06,0.0,9.86957193144039e-06
6002,6002,3.947789809192571e-05,0.0,3.947789809192571e-05
6003,6003,8.88238095955037e-05,0.0,8.88238095955037e-05
6004,6004,0.0001579053583500596,0.0,0.0001579053583500596
6005,6005,0.0002467198171342236,0.0,0.0002467198171342236
6006,6006,0.00035526367970543823,0.0,0.00035526367970543823
6007,6007,0.00048353266093762094,0.0,0.00048353266093762094
6008,6008,0.0006315216969913141,0.0,0.0006315216969913141
6009,6009,0.0007992249455124376,0.0,0.0007992249455124376
6010,6010,0.0009866357858642734,0.0,0.0009866357858642734
6011,6011,0.0011937468193873185,0.0,0.0011937468193873185
6012,6012,0.0014205498696930696,0.0,0.0014205498696930696
6013,6013,0.0016670359829852259,0.0,0.0016670359829852259
6014,6014,0.0019331954284137745,0.0,0.0019331954284137745
6015,6015,0.00221901769846015,0.0,0.00221901769846015
6016,6016,0.00252449150934989,0.0,0.00252449150934989
6017,6017,0.002849604801500688,0.0,0.002849604801500688
6018,6018,0.003194344739995716,0.0,0.003194344739995716
6019,6019,0.0035586977150932728,0.0,0.0035586977150932728
6020,6020,0.003942649342760948,0.0,0.003942649342760948
6021,6021,0.00434618446524678,0.0,0.00434618446524678
6022,6022,0.004769287151674675,0.0,0.004769287151674675
6023,6023,0.005211940698674527,0.0,0.005211940698674527
6024,6024,0.005674127631043249,0.0,0.005674127631043249
6025,6025,0.0061558297024310905,0.0,0.0061558297024310905
6026,6026,0.006657027896066174,0.0,0.006657027896066174
6027,6027,0.007177702425500867,0.0,0.007177702425500867
6028,6028,0.007717832735397466,0.0,0.007717832735397466
6029,6029,0.008277397502334962,0.0,0.008277397502334962
6030,6030,0.008856374635655754,0.0,0.008856374635655754
6031,6031,0.009454741278333362,0.0,0.009454741278333362
6032,6032,0.01007247380787659,0.0,0.01007247380787659
6033,6033,0.0107095478372643,0.0,0.0107095478372643
6034,6034,0.011365938215903211,0.0,0.011365938215903211
6035,6035,0.012041619030626585,0.0,0.012041619030626585
6036,6036,0.012736563606711278,0.0,0.012736563606711278
6037,6037,0.01345074450893693,0.0,0.01345074450893693
6038,6038,0.014184133542662783,0.0,0.014184133542662783
6039,6039,0.014936701754947206,0.0,0.014936701754947206
6040,6040,0.015708419435684965,0.0,0.015708419435684965
6041,6041,0.016499256118782505,0.0,0.016499256118782505
6042,6042,0.017309180583363504,0.0,0.017309180583363504
6043,6043,0.01813816085499508,0.0,0.01813816085499508
6044,6044,0.01898616420695742,0.0,0.01898616420695742
6045,6045,0.019853157161528287,0.0,0.019853157161528287
6046,6046,0.02073910549131232,0.0,0.02073910549131232
6047,6047,0.021643974220584453,0.0,0.021643974220584453
6048,6048,0.02256772762667868,0.0,0.02256772762667868
6049,6049,0.023510329241391237,0.0,0.023510329241391237
6050,6050,0.02447174185242326,0.0,0.02447174185242326
6051,6051,0.025451927504853252,0.0,0.025451927504853252
6052,6052,0.02645084750262778,0.0,0.02645084750262778
6053,6053,0.02746846241009802,0.0,0.02746846241009802
6054,6054,0.028504732053567558,0.0,0.028504732053567558
6055,6055,0.02955961552288758,1.0,0.02955961552288758
6056,6056,0.030633071173062604,0.0,0.030633071173062604
6057,6057,0.03172505662590402,0.0,0.03172505662590402
6058,6058,0.032835528771694746,0.0,0.032835528771694746
6059,6059,0.033964443770894574,0.0,0.033964443770894574
6060,6060,0.035111757055874944,0.0,0.035111757055874944
6061,6061,0.036277423332669256,0.0,0.036277423332669256
6062,6062,0.03746139658277149,0.0,0.03746139658277149
6063,6063,0.03866363006494235,0.0,0.03866363006494235
6064,6064,0.03988407631706521,0.0,0.03988407631706521
6065,6065,0.04112268715800903,0.0,0.04112268715800903
6066,6066,0.04237941368954145,0.0,0.04237941368954145
6067,6067,0.043654206298249475,0.0,0.043654206298249475
6068,6068,0.044947014657502234,0.0,0.044947014657502234
6069,6069,0.046257787729442265,0.0,0.046257787729442265
6070,6070,0.04758647376699014,0.0,0.04758647376699014
6071,6071,0.048933020315899176,0.0,0.048933020315899176
6072,6072,0.05029737421681421,0.0,0.05029737421681421
6073,6073,0.051679481607382505,0.0,0.051679481607382505
6074,6074,0.05307928792436767,1.0,0.05307928792436767
6075,6075,0.05449673790581633,0.0,0.05449673790581633
6076,6076,0.05593177559322873,0.0,0.05593177559322873
6077,6077,0.05738434433377248,0.0,0.05738434433377248
6078,6078,0.0588543867825242,0.0,0.0588543867825242
6079,6079,0.060341844904721775,0.0,0.060341844904721775
6080,6080,0.061846659978068874,0.0,0.061846659978068874
6081,6081,0.06336877259503963,0.0,0.06336877259503963
6082,6082,0.06490812266523767,0.0,0.06490812266523767
6083,6083,0.06646464941775448,0.0,0.06646464941775448
6084,6084,0.06803829140358264,1.0,0.06803829140358264
6085,6085,0.0696289864980293,0.0,0.0696289864980293
6086,6086,0.071236671903174,0.0,0.071236671903174
6087,6087,0.07286128415035334,0.0,0.07286128415035334
6088,6088,0.07450275910265397,0.0,0.07450275910265397
6089,6089,0.07616103195745913,0.0,0.07616103195745913
6090,6090,0.07783603724899217,0.0,0.07783603724899217
6091,6091,0.079527708850916,0.0,0.079527708850916
6092,6092,0.08123597997892862,0.0,0.08123597997892862
6093,6093,0.08296078319341474,0.0,0.08296078319341474
6094,6094,0.08470205040209293,0.0,0.08470205040209293
6095,6095,0.08645971286271921,0.0,0.08645971286271921
6096,6096,0.08823370118578731,0.0,0.08823370118578731
6097,6097,0.09002394533727374,0.0,0.09002394533727374
6098,6098,0.09183037464140885,0.0,0.09183037464140885
6099,6099,0.09365291778345271,0.0,0.09365291778345271
6100,6100,0.09549150281252688,0.0,0.09549150281252688
6101,6101,0.09734605714443847,0.0,0.09734605714443847
6102,6102,0.09921650756456209,0.0,0.09921650756456209
6103,6103,0.1011027802307137,0.0,0.1011027802307137
6104,6104,0.10300480067608248,0.0,0.10300480067608248
6105,6105,0.10492249381215592,0.0,0.10492249381215592
6106,6106,0.10685578393169047,0.0,0.10685578393169047
6107,6107,0.10880459471170682,0.0,0.10880459471170682
6108,6108,0.11076884921648794,1.0,0.11076884921648794
6109,6109,0.11274846990063375,0.0,0.11274846990063375
6110,6110,0.11474337861210478,0.0,0.11474337861210478
6111,6111,0.11675349659532548,0.0,0.11675349659532548
6112,6112,0.11877874449427522,0.0,0.11877874449427522
6113,6113,0.12081904235563927,0.0,0.12081904235563927
6114,6114,0.12287430963194931,0.0,0.12287430963194931
6115,6115,0.12494446518477012,0.0,0.12494446518477012
6116,6116,0.12702942728790992,0.0,0.12702942728790992
6117,6117,0.12912911363063007,0.0,0.12912911363063007
6118,6118,0.13124344132091378,1.0,0.13124344132091378
6119,6119,0.13337232688871936,0.0,0.13337232688871936
6120,6120,0.1355156862892947,0.0,0.1355156862892947
6121,6121,0.13767343490647577,0.0,0.13767343490647577
6122,6122,0.13984548755604673,0.0,0.13984548755604673
6123,6123,0.1420317584890857,0.0,0.1420317584890857
6124,6124,0.14423216139535724,0.0,0.14423216139535724
6125,6125,0.14644660940672727,0.0,0.14644660940672727
6126,6126,0.14867501510057504,0.0,0.14867501510057504
6127,6127,0.15091729050326444,0.0,0.15091729050326444
6128,6128,0.15317334709359687,1.0,0.15317334709359687
6129,6129,0.15544309580632626,1.0,0.15544309580632626
6130,6130,0.15772644703565475,0.0,0.15772644703565475
6131,6131,0.1600233106387906,0.0,0.1600233106387906
6132,6132,0.16233359593948915,0.0,0.16233359593948915
6133,6133,0.1646572117316399,1.0,0.1646572117316399
6134,6134,0.1669940662828753,0.0,0.1669940662828753
6135,6135,0.1693440673381737,0.0,0.1693440673381737
6136,6136,0.17170712212352263,1.0,0.17170712212352263
6137,6137,0.17408313734955996,0.0,0.17408313734955996
6138,6138,0.1764720192152784,0.0,0.1764720192152784
6139,6139,0.17887367341170685,0.0,0.17887367341170685
6140,6140,0.18128800512565538,0.0,0.18128800512565538
6141,6141,0.18371491904343923,0.0,0.18371491904343923
6142,6142,0.1861543193546497,0.0,0.1861543193546497
6143,6143,0.18860610975594494,0.0,0.18860610975594494
6144,6144,0.19107019345483248,1.0,0.19107019345483248
6145,6145,0.19354647317351262,0.0,0.19354647317351262
6146,6146,0.19603485115269664,0.0,0.19603485115269664
6147,6147,0.1985352291554882,0.0,0.1985352291554882
6148,6148,0.20104750847123953,0.0,0.20104750847123953
6149,6149,0.20357158991947066,0.0,0.20357158991947066
6150,6150,0.20610737385376496,0.0,0.20610737385376496
6151,6151,0.2086547601657119,0.0,0.2086547601657119
6152,6152,0.21121364828886743,0.0,0.21121364828886743
6153,6153,0.21378393720270417,0.0,0.21378393720270417
6154,6154,0.2163655254366227,0.0,0.2163655254366227
6155,6155,0.218958311073934,0.0,0.218958311073934
6156,6156,0.22156219175590663,0.0,0.22156219175590663
6157,6157,0.22417706468578386,0.0,0.22417706468578386
6158,6158,0.22680282663286572,0.0,0.22680282663286572
6159,6159,0.22943937393656372,0.0,0.22943937393656372
6160,6160,0.23208660251050167,1.0,0.23208660251050167
6161,6161,0.2347444078466343,0.0,0.2347444078466343
6162,6162,0.23741268501935178,0.0,0.23741268501935178
6163,6163,0.24009132868964628,1.0,0.24009132868964628
6164,6164,0.24278023310924607,0.0,0.24278023310924607
6165,6165,0.245479292124815,0.0,0.245479292124815
6166,6166,0.24818839918211855,0.0,0.24818839918211855
6167,6167,0.2509074473302549,1.0,0.2509074473302549
6168,6168,0.253636329225856,0.0,0.253636329225856
6169,6169,0.25637493713733384,0.0,0.25637493713733384
6170,6170,0.2591231629491437,0.0,0.2591231629491437
6171,6171,0.2618808981660301,0.0,0.2618808981660301
6172,6172,0.2646480339173347,0.0,0.2646480339173347
6173,6173,0.26742446096127015,0.0,0.26742446096127015
6174,6174,0.2702100696892567,0.0,0.2702100696892567
6175,6175,0.2730047501302255,0.0,0.2730047501302255
6176,6176,0.27580839195498424,0.0,0.27580839195498424
6177,6177,0.27862088448055106,0.0,0.27862088448055106
6178,6178,0.28144211667453356,0.0,0.28144211667453356
6179,6179,0.2842719771595219,0.0,0.2842719771595219
6180,6180,0.28711035421746334,0.0,0.28711035421746334
6181,6181,0.289957135794098,1.0,0.289957135794098
6182,6182,0.2928122095033573,0.0,0.2928122095033573
6183,6183,0.29567546263182626,0.0,0.29567546263182626
6184,6184,0.2985467821431676,0.0,0.2985467821431676
6185,6185,0.30142605468261013,1.0,0.30142605468261013
6186,6186,0.30431316658140056,0.0,0.30431316658140056
6187,6187,0.30720800386130176,0.0,0.30720800386130176
6188,6188,0.3101104522391009,0.0,0.3101104522391009
6189,6189,0.31302039713109947,1.0,0.31302039713109947
6190,6190,0.31593772365766215,1.0,0.31593772365766215
6191,6191,0.3188623166477265,0.0,0.3188623166477265
6192,6192,0.3217940606433754,0.0,0.3217940606433754
6193,6193,0.32473283990436935,0.0,0.32473283990436935
6194,6194,0.32767853841274186,0.0,0.32767853841274186
6195,6195,0.3306310398773562,0.0,0.3306310398773562
6196,6196,0.3335902277385067,0.0,0.3335902277385067
6197,6197,0.3365559851725303,0.0,0.3365559851725303
6198,6198,0.3395281950963949,0.0,0.3395281950963949
6199,6199,0.34250674017234883,0.0,0.34250674017234883
6200,6200,0.3454915028125255,0.0,0.3454915028125255
6201,6201,0.34848236518361375,0.0,0.34848236518361375
6202,6202,0.35147920921148146,0.0,0.35147920921148146
6203,6203,0.35448191658586453,1.0,0.35448191658586453
6204,6204,0.3574903687650139,0.0,0.3574903687650139
6205,6205,0.3605044469803855,0.0,0.3605044469803855
6206,6206,0.36352403224133895,0.0,0.36352403224133895
6207,6207,0.36654900533981183,0.0,0.36654900533981183
6208,6208,0.3695792468550527,0.0,0.3695792468550527
6209,6209,0.3726146371583083,0.0,0.3726146371583083
6210,6210,0.3756550564175734,1.0,0.3756550564175734
6211,6211,0.3787003846022952,1.0,0.3787003846022952
6212,6212,0.38175050148813816,0.0,0.38175050148813816
6213,6213,0.38480528666170677,0.0,0.38480528666170677
6214,6214,0.3878646195253095,1.0,0.3878646195253095
6215,6215,0.3909283793017303,0.0,0.3909283793017303
6216,6216,0.3939964450389724,0.0,0.3939964450389724
6217,6217,0.39706869561506064,0.0,0.39706869561506064
6218,6218,0.40014500974279577,1.0,0.40014500974279577
6219,6219,0.40322526597457076,1.0,0.40322526597457076
6220,6220,0.4063093427071366,0.0,0.4063093427071366
6221,6221,0.4093971181864318,0.0,0.4093971181864318
6222,6222,0.41248847051236404,1.0,0.41248847051236404
6223,6223,0.4155832776436332,0.0,0.4155832776436332
6224,6224,0.4186814174025598,1.0,0.4186814174025598
6225,6225,0.4217827674798843,0.0,0.4217827674798843
6226,6226,0.42488720543962283,0.0,0.42488720543962283
6227,6227,0.42799460872387324,0.0,0.42799460872387324
6228,6228,0.43110485465768184,0.0,0.43110485465768184
6229,6229,0.4342178204538576,0.0,0.4342178204538576
6230,6230,0.43733338321784837,1.0,0.43733338321784837
6231,6231,0.44045141995256715,0.0,0.44045141995256715
6232,6232,0.4435718075632592,1.0,0.4435718075632592
6233,6233,0.44669442286237165,1.0,0.44669442286237165
6234,6234,0.4498191425743922,0.0,0.4498191425743922
6235,6235,0.45294584334074417,0.0,0.45294584334074417
6236,6236,0.4560744017246277,0.0,0.4560744017246277
6237,6237,0.4592046942159222,1.0,0.4592046942159222
6238,6238,0.4623365972360326,0.0,0.4623365972360326
6239,6239,0.46546998714279764,1.0,0.46546998714279764
6240,6240,0.4686047402353454,0.0,0.4686047402353454
6241,6241,0.4717407327589879,1.0,0.4717407327589879
6242,6242,0.4748778409101169,1.0,0.4748778409101169
6243,6243,0.4780159408410673,0.0,0.4780159408410673
6244,6244,0.4811549086650341,0.0,0.4811549086650341
6245,6245,0.4842946204609352,1.0,0.4842946204609352
6246,6246,0.4874349522783323,1.0,0.4874349522783323
6247,6247,0.4905757801422948,1.0,0.4905757801422948
6248,6248,0.49371698005832415,0.0,0.49371698005832415
6249,6249,0.49685842801722263,1.0,0.49685842801722263
6250,6250,0.5000000000000002,1.0,0.5000000000000002
6251,6251,0.5031415719827812,0.0,0.5031415719827812
6252,6252,0.506283019941676,0.0,0.506283019941676
6253,6253,0.5094242198577055,1.0,0.5094242198577055
6254,6254,0.512565047721668,0.0,0.512565047721668
6255,6255,0.515705379539065,1.0,0.515705379539065
6256,6256,0.5188450913349663,1.0,0.5188450913349663
6257,6257,0.5219840591589331,0.0,0.5219840591589331
6258,6258,0.5251221590898868,0.0,0.5251221590898868
6259,6259,0.5282592672410124,1.0,0.5282592672410124
6260,6260,0.5313952597646584,1.0,0.5313952597646584
6261,6261,0.5345300128572027,1.0,0.5345300128572027
6262,6262,0.5376634027639677,1.0,0.5376634027639677
6263,6263,0.5407953057840782,0.0,0.5407953057840782
6264,6264,0.5439255982753725,0.0,0.5439255982753725
6265,6265,0.5470541566592562,1.0,0.5470541566592562
6266,6266,0.550180857425608,1.0,0.550180857425608
6267,6267,0.5533055771376322,1.0,0.5533055771376322
6268,6268,0.5564281924367409,1.0,0.5564281924367409
6269,6269,0.5595485800474367,1.0,0.5595485800474367
6270,6270,0.5626666167821519,0.0,0.5626666167821519
6271,6271,0.5657821795461425,0.0,0.5657821795461425
6272,6272,0.5688951453423184,0.0,0.5688951453423184
6273,6273,0.572005391276127,1.0,0.572005391276127
6274,6274,0.5751127945603776,1.0,0.5751127945603776
6275,6275,0.5782172325201159,0.0,0.5782172325201159
6276,6276,0.5813185825974438,0.0,0.5813185825974438
6277,6277,0.5844167223563672,1.0,0.5844167223563672
6278,6278,0.5875115294876397,1.0,0.5875115294876397
6279,6279,0.5906028818135685,0.0,0.5906028818135685
6280,6280,0.5936906572928637,1.0,0.5936906572928637
6281,6281,0.5967747340254295,0.0,0.5967747340254295
6282,6282,0.5998549902572046,1.0,0.5998549902572046
6283,6283,0.6029313043849396,1.0,0.6029313043849396
6284,6284,0.6060035549610279,1.0,0.6060035549610279
6285,6285,0.6090716206982735,0.0,0.6090716206982735
6286,6286,0.6121353804746907,0.0,0.6121353804746907
6287,6287,0.615194713338297,1.0,0.615194713338297
6288,6288,0.6182494985118622,1.0,0.6182494985118622
6289,6289,0.621299615397705,0.0,0.621299615397705
6290,6290,0.6243449435824268,1.0,0.6243449435824268
6291,6291,0.6273853628416921,1.0,0.6273853628416921
6292,6292,0.6304207531449475,1.0,0.6304207531449475
6293,6293,0.6334509946601884,1.0,0.6334509946601884
6294,6294,0.6364759677586648,1.0,0.6364759677586648
6295,6295,0.6394955530196149,1.0,0.6394955530196149
6296,6296,0.6425096312349897,0.0,0.6425096312349897
6297,6297,0.6455180834141357,0.0,0.6455180834141357
6298,6298,0.6485207907885188,0.0,0.6485207907885188
6299,6299,0.6515176348163865,0.0,0.6515176348163865
6300,6300,0.6545084971874746,0.0,0.6545084971874746
6301,6301,0.6574932598276514,0.0,0.6574932598276514
6302,6302,0.6604718049036052,1.0,0.6604718049036052
6303,6303,0.6634440148274734,1.0,0.6634440148274734
6304,6304,0.6664097722614934,1.0,0.6664097722614934
6305,6305,0.6693689601226475,1.0,0.6693689601226475
6306,6306,0.6723214615872584,1.0,0.6723214615872584
6307,6307,0.6752671600956308,1.0,0.6752671600956308
6308,6308,0.6782059393566249,1.0,0.6782059393566249
6309,6309,0.6811376833522738,1.0,0.6811376833522738
6310,6310,0.6840622763423381,1.0,0.6840622763423381
6311,6311,0.6869796028689007,1.0,0.6869796028689007
6312,6312,0.6898895477608993,1.0,0.6898895477608993
6313,6313,0.6927919961386986,1.0,0.6927919961386986
6314,6314,0.6956868334186028,1.0,0.6956868334186028
6315,6315,0.6985739453173901,1.0,0.6985739453173901
6316,6316,0.7014532178568327,0.0,0.7014532178568327
6317,6317,0.7043245373681741,0.0,0.7043245373681741
6318,6318,0.7071877904966429,1.0,0.7071877904966429
6319,6319,0.7100428642059022,1.0,0.7100428642059022
6320,6320,0.7128896457825369,0.0,0.7128896457825369
6321,6321,0.7157280228404782,1.0,0.7157280228404782
6322,6322,0.7185578833254667,1.0,0.7185578833254667
6323,6323,0.7213791155194523,0.0,0.7213791155194523
6324,6324,0.7241916080450159,1.0,0.7241916080450159
6325,6325,0.7269952498697746,0.0,0.7269952498697746
6326,6326,0.7297899303107435,1.0,0.7297899303107435
6327,6327,0.7325755390387301,1.0,0.7325755390387301
6328,6328,0.7353519660826654,1.0,0.7353519660826654
6329,6329,0.7381191018339702,1.0,0.7381191018339702
6330,6330,0.7408768370508565,1.0,0.7408768370508565
6331,6331,0.7436250628626664,1.0,0.7436250628626664
6332,6332,0.7463636707741474,1.0,0.7463636707741474
6333,6333,0.7490925526697453,1.0,0.7490925526697453
6334,6334,0.7518116008178817,1.0,0.7518116008178817
6335,6335,0.7545207078751852,1.0,0.7545207078751852
6336,6336,0.7572197668907541,1.0,0.7572197668907541
6337,6337,0.759908671310354,1.0,0.759908671310354
6338,6338,0.7625873149806485,0.0,0.7625873149806485
6339,6339,0.7652555921533659,1.0,0.7652555921533659
6340,6340,0.7679133974894985,1.0,0.7679133974894985
6341,6341,0.7705606260634396,1.0,0.7705606260634396
6342,6342,0.7731971733671344,1.0,0.7731971733671344
6343,6343,0.7758229353142163,1.0,0.7758229353142163
6344,6344,0.7784378082440936,1.0,0.7784378082440936
6345,6345,0.7810416889260662,1.0,0.7810416889260662
6346,6346,0.7836344745633775,1.0,0.7836344745633775
6347,6347,0.7862160627972962,1.0,0.7862160627972962
6348,6348,0.7887863517111328,1.0,0.7887863517111328
6349,6349,0.7913452398342883,1.0,0.7913452398342883
6350,6350,0.793892626146238,1.0,0.793892626146238
6351,6351,0.7964284100805296,1.0,0.7964284100805296
6352,6352,0.7989524915287606,1.0,0.7989524915287606
6353,6353,0.801464770844512,1.0,0.801464770844512
6354,6354,0.8039651488473035,1.0,0.8039651488473035
6355,6355,0.8064535268264875,1.0,0.8064535268264875
6356,6356,0.8089298065451677,1.0,0.8089298065451677
6357,6357,0.8113938902440552,1.0,0.8113938902440552
6358,6358,0.8138456806453505,1.0,0.8138456806453505
6359,6359,0.8162850809565636,1.0,0.8162850809565636
6360,6360,0.8187119948743448,0.0,0.8187119948743448
6361,6361,0.8211263265882933,1.0,0.8211263265882933
6362,6362,0.8235279807847219,1.0,0.8235279807847219
6363,6363,0.8259168626504403,1.0,0.8259168626504403
6364,6364,0.8282928778764775,1.0,0.8282928778764775
6365,6365,0.8306559326618265,1.0,0.8306559326618265
6366,6366,0.833005933717125,1.0,0.833005933717125
6367,6367,0.8353427882683602,0.0,0.8353427882683602
6368,6368,0.8376664040605136,1.0,0.8376664040605136
6369,6369,0.8399766893612095,1.0,0.8399766893612095
6370,6370,0.8422735529643454,0.0,0.8422735529643454
6371,6371,0.844556904193674,1.0,0.844556904193674
6372,6372,0.8468266529064034,1.0,0.8468266529064034
6373,6373,0.8490827094967358,0.0,0.8490827094967358
6374,6374,0.8513249848994251,1.0,0.8513249848994251
6375,6375,0.853553390593273,1.0,0.853553390593273
6376,6376,0.8557678386046429,1.0,0.8557678386046429
6377,6377,0.8579682415109169,0.0,0.8579682415109169
6378,6378,0.8601545124439534,1.0,0.8601545124439534
6379,6379,0.8623265650935243,1.0,0.8623265650935243
6380,6380,0.8644843137107054,1.0,0.8644843137107054
6381,6381,0.8666276731112807,1.0,0.8666276731112807
6382,6382,0.8687565586790863,0.0,0.8687565586790863
6383,6383,0.8708708863693702,1.0,0.8708708863693702
6384,6384,0.8729705727120902,1.0,0.8729705727120902
6385,6385,0.8750555348152301,1.0,0.8750555348152301
6386,6386,0.8771256903680532,1.0,0.8771256903680532
6387,6387,0.8791809576443609,0.0,0.8791809576443609
6388,6388,0.8812212555057249,1.0,0.8812212555057249
6389,6389,0.8832465034046747,1.0,0.8832465034046747
6390,6390,0.8852566213878954,1.0,0.8852566213878954
6391,6391,0.8872515300993663,1.0,0.8872515300993663
6392,6392,0.8892311507835122,1.0,0.8892311507835122
6393,6393,0.8911954052882933,1.0,0.8911954052882933
6394,6394,0.8931442160683096,1.0,0.8931442160683096
6395,6395,0.8950775061878464,1.0,0.8950775061878464
6396,6396,0.8969951993239176,1.0,0.8969951993239176
6397,6397,0.8988972197692864,1.0,0.8988972197692864
6398,6398,0.9007834924354381,1.0,0.9007834924354381
6399,6399,0.9026539428555618,1.0,0.9026539428555618
6400,6400,0.9045084971874732,1.0,0.9045084971874732
6401,6401,0.9063470822165474,1.0,0.9063470822165474
6402,6402,0.9081696253585912,1.0,0.9081696253585912
6403,6403,0.9099760546627264,1.0,0.9099760546627264
6404,6404,0.9117662988142148,1.0,0.9117662988142148
6405,6405,0.9135402871372809,1.0,0.9135402871372809
6406,6406,0.9152979495979073,1.0,0.9152979495979073
6407,6407,0.9170392168065854,1.0,0.9170392168065854
6408,6408,0.9187640200210716,1.0,0.9187640200210716
6409,6409,0.9204722911490842,1.0,0.9204722911490842
6410,6410,0.922163962751008,1.0,0.922163962751008
6411,6411,0.923838968042541,0.0,0.923838968042541
6412,6412,0.9254972408973462,1.0,0.9254972408973462
6413,6413,0.9271387158496486,1.0,0.9271387158496486
6414,6414,0.9287633280968262,1.0,0.9287633280968262
6415,6415,0.9303710135019726,1.0,0.9303710135019726
6416,6416,0.9319617085964175,1.0,0.9319617085964175
6417,6417,0.9335353505822456,1.0,0.9335353505822456
6418,6418,0.9350918773347625,1.0,0.9350918773347625
6419,6419,0.9366312274049605,1.0,0.9366312274049605
6420,6420,0.9381533400219313,1.0,0.9381533400219313
6421,6421,0.9396581550952783,1.0,0.9396581550952783
6422,6422,0.9411456132174776,1.0,0.9411456132174776
6423,6423,0.9426156556662276,0.0,0.9426156556662276
6424,6424,0.944068224406773,1.0,0.944068224406773
6425,6425,0.9455032620941839,1.0,0.9455032620941839
6426,6426,0.9469207120756324,1.0,0.9469207120756324
6427,6427,0.9483205183926177,1.0,0.9483205183926177
6428,6428,0.9497026257831859,1.0,0.9497026257831859
6429,6429,0.9510669796841009,1.0,0.9510669796841009
6430,6430,0.95241352623301,1.0,0.95241352623301
6431,6431,0.9537422122705593,1.0,0.9537422122705593
6432,6432,0.9550529853424978,0.0,0.9550529853424978
6433,6433,0.9563457937017521,1.0,0.9563457937017521
6434,6434,0.9576205863104588,1.0,0.9576205863104588
6435,6435,0.9588773128419912,1.0,0.9588773128419912
6436,6436,0.960115923682935,1.0,0.960115923682935
6437,6437,0.9613363699350577,1.0,0.9613363699350577
6438,6438,0.9625386034172286,0.0,0.9625386034172286
6439,6439,0.9637225766673307,1.0,0.9637225766673307
6440,6440,0.9648882429441265,1.0,0.9648882429441265
6441,6441,0.9660355562291056,1.0,0.9660355562291056
6442,6442,0.9671644712283065,1.0,0.9671644712283065
6443,6443,0.968274943374096,1.0,0.968274943374096
6444,6444,0.9693669288269374,1.0,0.9693669288269374
6445,6445,0.9704403844771124,1.0,0.9704403844771124
6446,6446,0.9714952679464325,1.0,0.9714952679464325
6447,6447,0.972531537589902,1.0,0.972531537589902
6448,6448,0.9735491524973723,1.0,0.9735491524973723
6449,6449,0.9745480724951479,1.0,0.9745480724951479
6450,6450,0.9755282581475768,1.0,0.9755282581475768
6451,6451,0.9764896707586099,1.0,0.9764896707586099
6452,6452,0.9774322723733214,1.0,0.9774322723733214
6453,6453,0.9783560257794156,1.0,0.9783560257794156
6454,6454,0.9792608945086877,1.0,0.9792608945086877
6455,6455,0.9801468428384716,0.0,0.9801468428384716
6456,6456,0.9810138357930427,1.0,0.9810138357930427
6457,6457,0.981861839145005,1.0,0.981861839145005
6458,6458,0.9826908194166374,1.0,0.9826908194166374
6459,6459,0.9835007438812177,1.0,0.9835007438812177
6460,6460,0.9842915805643161,1.0,0.9842915805643161
6461,6461,0.9850632982450529,1.0,0.9850632982450529
6462,6462,0.9858158664573372,1.0,0.9858158664573372
6463,6463,0.9865492554910632,1.0,0.9865492554910632
6464,6464,0.9872634363932887,1.0,0.9872634363932887
6465,6465,0.9879583809693735,1.0,0.9879583809693735
6466,6466,0.9886340617840967,1.0,0.9886340617840967
6467,6467,0.9892904521627365,1.0,0.9892904521627365
6468,6468,0.9899275261921234,1.0,0.9899275261921234
6469,6469,0.9905452587216674,1.0,0.9905452587216674
6470,6470,0.9911436253643443,0.0,0.9911436253643443
6471,6471,0.991722602497665,1.0,0.991722602497665
6472,6472,0.9922821672646025,1.0,0.9922821672646025
6473,6473,0.9928222975744992,1.0,0.9928222975744992
6474,6474,0.9933429721039337,1.0,0.9933429721039337
6475,6475,0.9938441702975689,1.0,0.9938441702975689
6476,6476,0.9943258723689572,1.0,0.9943258723689572
6477,6477,0.9947880593013255,1.0,0.9947880593013255
6478,6478,0.9952307128483259,1.0,0.9952307128483259
6479,6479,0.9956538155347534,1.0,0.9956538155347534
6480,6480,0.9960573506572391,1.0,0.9960573506572391
6481,6481,0.9964413022849067,1.0,0.9964413022849067
6482,6482,0.9968056552600044,1.0,0.9968056552600044
6483,6483,0.9971503951984994,1.0,0.9971503951984994
6484,6484,0.9974755084906503,1.0,0.9974755084906503
6485,6485,0.9977809823015403,1.0,0.9977809823015403
6486,6486,0.9980668045715861,1.0,0.9980668045715861
6487,6487,0.9983329640170151,1.0,0.9983329640170151
6488,6488,0.9985794501303069,1.0,0.9985794501303069
6489,6489,0.9988062531806127,1.0,0.9988062531806127
6490,6490,0.9990133642141357,1.0,0.9990133642141357
6491,6491,0.9992007750544876,1.0,0.9992007750544876
6492,6492,0.9993684783030087,1.0,0.9993684783030087
6493,6493,0.9995164673390624,1.0,0.9995164673390624
6494,6494,0.9996447363202947,1.0,0.9996447363202947
6495,6495,0.9997532801828658,1.0,0.9997532801828658
6496,6496,0.99984209464165,1.0,0.99984209464165
6497,6497,0.9999111761904046,1.0,0.9999111761904046
6498,6498,0.999960522101908,1.0,0.999960522101908
6499,6499,0.9999901304280686,1.0,0.9999901304280686
6500,6500,1.0,1.0,1.0
6501,6501,0.9999901304280686,1.0,0.9999901304280686
6502,6502,0.999960522101908,1.0,0.999960522101908
6503,6503,0.9999111761904046,1.0,0.9999111761904046
6504,6504,0.99984209464165,1.0,0.99984209464165
6505,6505,0.9997532801828658,1.0,0.9997532801828658
6506,6506,0.9996447363202945,1.0,0.9996447363202945
6507,6507,0.9995164673390624,1.0,0.9995164673390624
6508,6508,0.9993684783030089,1.0,0.9993684783030089
6509,6509,0.9992007750544876,1.0,0.9992007750544876
6510,6510,0.9990133642141359,1.0,0.9990133642141359
6511,6511,0.9988062531806127,1.0,0.9988062531806127
6512,6512,0.9985794501303069,1.0,0.9985794501303069
6513,6513,0.9983329640170149,1.0,0.9983329640170149
6514,6514,0.9980668045715859,1.0,0.9980668045715859
6515,6515,0.9977809823015401,1.0,0.9977809823015401
6516,6516,0.99747550849065,1.0,0.99747550849065
6517,6517,0.9971503951984996,1.0,0.9971503951984996
6518,6518,0.9968056552600042,1.0,0.9968056552600042
6519,6519,0.9964413022849069,1.0,0.9964413022849069
6520,6520,0.9960573506572389,1.0,0.9960573506572389
6521,6521,0.995653815534753,1.0,0.995653815534753
6522,6522,0.9952307128483256,1.0,0.9952307128483256
6523,6523,0.9947880593013251,1.0,0.9947880593013251
6524,6524,0.994325872368957,1.0,0.994325872368957
6525,6525,0.9938441702975687,1.0,0.9938441702975687
6526,6526,0.9933429721039342,1.0,0.9933429721039342
6527,6527,0.9928222975744988,1.0,0.9928222975744988
6528,6528,0.9922821672646027,1.0,0.9922821672646027
6529,6529,0.9917226024976648,1.0,0.9917226024976648
6530,6530,0.9911436253643439,1.0,0.9911436253643439
6531,6531,0.990545258721667,1.0,0.990545258721667
6532,6532,0.989927526192123,1.0,0.989927526192123
6533,6533,0.989290452162736,1.0,0.989290452162736
6534,6534,0.9886340617840963,1.0,0.9886340617840963
6535,6535,0.9879583809693737,1.0,0.9879583809693737
6536,6536,0.9872634363932883,1.0,0.9872634363932883
6537,6537,0.9865492554910634,1.0,0.9865492554910634
6538,6538,0.9858158664573368,1.0,0.9858158664573368
6539,6539,0.9850632982450533,1.0,0.9850632982450533
6540,6540,0.9842915805643154,1.0,0.9842915805643154
6541,6541,0.983500743881217,1.0,0.983500743881217
6542,6542,0.9826908194166369,1.0,0.9826908194166369
6543,6543,0.9818618391450046,1.0,0.9818618391450046
6544,6544,0.9810138357930431,1.0,0.9810138357930431
6545,6545,0.9801468428384713,1.0,0.9801468428384713
6546,6546,0.9792608945086884,1.0,0.9792608945086884
6547,6547,0.9783560257794149,1.0,0.9783560257794149
6548,6548,0.9774322723733218,1.0,0.9774322723733218
6549,6549,0.9764896707586093,1.0,0.9764896707586093
6550,6550,0.9755282581475763,1.0,0.9755282581475763
6551,6551,0.9745480724951474,1.0,0.9745480724951474
6552,6552,0.9735491524973716,1.0,0.9735491524973716
6553,6553,0.9725315375899026,1.0,0.9725315375899026
6554,6554,0.9714952679464318,0.0,0.9714952679464318
6555,6555,0.9704403844771131,1.0,0.9704403844771131
6556,6556,0.9693669288269368,1.0,0.9693669288269368
6557,6557,0.9682749433740965,1.0,0.9682749433740965
6558,6558,0.9671644712283058,1.0,0.9671644712283058
6559,6559,0.9660355562291048,1.0,0.9660355562291048
6560,6560,0.9648882429441258,1.0,0.9648882429441258
6561,6561,0.9637225766673301,1.0,0.9637225766673301
6562,6562,0.9625386034172293,1.0,0.9625386034172293
6563,6563,0.961336369935057,1.0,0.961336369935057
6564,6564,0.9601159236829356,1.0,0.9601159236829356
6565,6565,0.9588773128419903,1.0,0.9588773128419903
6566,6566,0.9576205863104593,1.0,0.9576205863104593
6567,6567,0.9563457937017512,1.0,0.9563457937017512
6568,6568,0.955052985342497,1.0,0.955052985342497
6569,6569,0.9537422122705584,1.0,0.9537422122705584
6570,6570,0.9524135262330092,1.0,0.9524135262330092
6571,6571,0.9510669796841016,1.0,0.9510669796841016
6572,6572,0.9497026257831851,1.0,0.9497026257831851
6573,6573,0.9483205183926183,1.0,0.9483205183926183
6574,6574,0.9469207120756316,1.0,0.9469207120756316
6575,6575,0.9455032620941844,1.0,0.9455032620941844
6576,6576,0.9440682244067721,1.0,0.9440682244067721
6577,6577,0.9426156556662267,1.0,0.9426156556662267
6578,6578,0.9411456132174768,1.0,0.9411456132174768
6579,6579,0.9396581550952774,1.0,0.9396581550952774
6580,6580,0.938153340021932,1.0,0.938153340021932
6581,6581,0.9366312274049594,0.0,0.9366312274049594
6582,6582,0.9350918773347632,1.0,0.9350918773347632
6583,6583,0.9335353505822447,1.0,0.9335353505822447
6584,6584,0.9319617085964182,1.0,0.9319617085964182
6585,6585,0.9303710135019716,1.0,0.9303710135019716
6586,6586,0.928763328096825,1.0,0.928763328096825
6587,6587,0.9271387158496477,1.0,0.9271387158496477
6588,6588,0.9254972408973452,1.0,0.9254972408973452
6589,6589,0.9238389680425417,1.0,0.9238389680425417
6590,6590,0.9221639627510069,0.0,0.9221639627510069
6591,6591,0.920472291149085,1.0,0.920472291149085
6592,6592,0.9187640200210705,1.0,0.9187640200210705
6593,6593,0.9170392168065862,1.0,0.9170392168065862
6594,6594,0.915297949597906,1.0,0.915297949597906
6595,6595,0.9135402871372799,0.0,0.9135402871372799
6596,6596,0.9117662988142137,1.0,0.9117662988142137
6597,6597,0.9099760546627254,0.0,0.9099760546627254
6598,6598,0.9081696253585922,1.0,0.9081696253585922
6599,6599,0.9063470822165464,1.0,0.9063470822165464
6600,6600,0.9045084971874743,0.0,0.9045084971874743
6601,6601,0.9026539428555604,1.0,0.9026539428555604
6602,6602,0.900783492435439,1.0,0.900783492435439
6603,6603,0.8988972197692853,1.0,0.8988972197692853
6604,6604,0.8969951993239165,1.0,0.8969951993239165
6605,6605,0.8950775061878451,1.0,0.8950775061878451
6606,6606,0.8931442160683085,1.0,0.8931442160683085
6607,6607,0.8911954052882943,1.0,0.8911954052882943
6608,6608,0.889231150783511,1.0,0.889231150783511
6609,6609,0.8872515300993674,1.0,0.8872515300993674
6610,6610,0.8852566213878942,1.0,0.8852566213878942
6611,6611,0.8832465034046757,1.0,0.8832465034046757
6612,6612,0.8812212555057237,0.0,0.8812212555057237
6613,6613,0.8791809576443597,1.0,0.8791809576443597
6614,6614,0.877125690368052,1.0,0.877125690368052
6615,6615,0.8750555348152286,1.0,0.8750555348152286
6616,6616,0.8729705727120914,1.0,0.8729705727120914
6617,6617,0.8708708863693688,0.0,0.8708708863693688
6618,6618,0.8687565586790875,1.0,0.8687565586790875
6619,6619,0.8666276731112794,1.0,0.8666276731112794
6620,6620,0.8644843137107064,1.0,0.8644843137107064
6621,6621,0.8623265650935229,1.0,0.8623265650935229
6622,6622,0.8601545124439521,1.0,0.8601545124439521
6623,6623,0.8579682415109154,1.0,0.8579682415109154
6624,6624,0.8557678386046417,0.0,0.8557678386046417
6625,6625,0.853553390593274,1.0,0.853553390593274
6626,6626,0.8513249848994237,1.0,0.8513249848994237
6627,6627,0.8490827094967368,1.0,0.8490827094967368
6628,6628,0.8468266529064019,1.0,0.8468266529064019
6629,6629,0.844556904193675,1.0,0.844556904193675
6630,6630,0.8422735529643439,1.0,0.8422735529643439
6631,6631,0.8399766893612081,0.0,0.8399766893612081
6632,6632,0.8376664040605122,1.0,0.8376664040605122
6633,6633,0.8353427882683588,1.0,0.8353427882683588
6634,6634,0.8330059337171262,1.0,0.8330059337171262
6635,6635,0.830655932661825,0.0,0.830655932661825
6636,6636,0.8282928778764788,1.0,0.8282928778764788
6637,6637,0.8259168626504386,1.0,0.8259168626504386
6638,6638,0.8235279807847231,0.0,0.8235279807847231
6639,6639,0.8211263265882919,1.0,0.8211263265882919
6640,6640,0.8187119948743433,1.0,0.8187119948743433
6641,6641,0.8162850809565623,1.0,0.8162850809565623
6642,6642,0.813845680645349,1.0,0.813845680645349
6643,6643,0.8113938902440564,1.0,0.8113938902440564
6644,6644,0.8089298065451662,0.0,0.8089298065451662
6645,6645,0.8064535268264889,0.0,0.8064535268264889
6646,6646,0.803965148847302,0.0,0.803965148847302
6647,6647,0.8014647708445132,1.0,0.8014647708445132
6648,6648,0.798952491528759,1.0,0.798952491528759
6649,6649,0.796428410080528,1.0,0.796428410080528
6650,6650,0.7938926261462365,1.0,0.7938926261462365
6651,6651,0.7913452398342867,1.0,0.7913452398342867
6652,6652,0.7887863517111341,1.0,0.7887863517111341
6653,6653,0.7862160627972944,1.0,0.7862160627972944
6654,6654,0.7836344745633789,1.0,0.7836344745633789
6655,6655,0.7810416889260646,1.0,0.7810416889260646
6656,6656,0.778437808244095,0.0,0.778437808244095
6657,6657,0.7758229353142148,1.0,0.7758229353142148
6658,6658,0.7731971733671328,0.0,0.7731971733671328
6659,6659,0.7705606260634378,1.0,0.7705606260634378
6660,6660,0.7679133974894969,0.0,0.7679133974894969
6661,6661,0.7652555921533672,0.0,0.7652555921533672
6662,6662,0.7625873149806469,1.0,0.7625873149806469
6663,6663,0.7599086713103553,1.0,0.7599086713103553
6664,6664,0.7572197668907525,1.0,0.7572197668907525
6665,6665,0.7545207078751865,1.0,0.7545207078751865
6666,6666,0.75181160081788,1.0,0.75181160081788
6667,6667,0.7490925526697435,1.0,0.7490925526697435
6668,6668,0.7463636707741457,1.0,0.7463636707741457
6669,6669,0.7436250628626647,1.0,0.7436250628626647
6670,6670,0.7408768370508578,1.0,0.7408768370508578
6671,6671,0.7381191018339684,0.0,0.7381191018339684
6672,6672,0.735351966082667,1.0,0.735351966082667
6673,6673,0.7325755390387284,1.0,0.7325755390387284
6674,6674,0.7297899303107448,0.0,0.7297899303107448
6675,6675,0.7269952498697729,1.0,0.7269952498697729
6676,6676,0.7241916080450143,0.0,0.7241916080450143
6677,6677,0.7213791155194507,0.0,0.7213791155194507
6678,6678,0.718557883325465,1.0,0.718557883325465
6679,6679,0.7157280228404798,0.0,0.7157280228404798
6680,6680,0.7128896457825352,1.0,0.7128896457825352
6681,6681,0.7100428642059038,1.0,0.7100428642059038
6682,6682,0.7071877904966413,0.0,0.7071877904966413
6683,6683,0.7043245373681755,0.0,0.7043245373681755
6684,6684,0.7014532178568309,1.0,0.7014532178568309
6685,6685,0.6985739453173885,1.0,0.6985739453173885
6686,6686,0.6956868334186012,1.0,0.6956868334186012
6687,6687,0.6927919961386967,1.0,0.6927919961386967
6688,6688,0.6898895477609008,1.0,0.6898895477609008
6689,6689,0.6869796028688989,1.0,0.6869796028688989
6690,6690,0.6840622763423395,1.0,0.6840622763423395
6691,6691,0.6811376833522719,1.0,0.6811376833522719
6692,6692,0.6782059393566263,0.0,0.6782059393566263
6693,6693,0.6752671600956289,0.0,0.6752671600956289
6694,6694,0.6723214615872566,1.0,0.6723214615872566
6695,6695,0.6693689601226457,1.0,0.6693689601226457
6696,6696,0.6664097722614917,1.0,0.6664097722614917
6697,6697,0.6634440148274714,1.0,0.6634440148274714
6698,6698,0.6604718049036035,1.0,0.6604718049036035
6699,6699,0.657493259827653,1.0,0.657493259827653
6700,6700,0.6545084971874728,1.0,0.6545084971874728
6701,6701,0.6515176348163879,1.0,0.6515176348163879
6702,6702,0.648520790788517,0.0,0.648520790788517
6703,6703,0.6455180834141337,1.0,0.6455180834141337
6704,6704,0.6425096312349879,1.0,0.6425096312349879
6705,6705,0.6394955530196129,1.0,0.6394955530196129
6706,6706,0.6364759677586628,1.0,0.6364759677586628
6707,6707,0.6334509946601865,0.0,0.6334509946601865
6708,6708,0.630420753144949,0.0,0.630420753144949
6709,6709,0.6273853628416901,1.0,0.6273853628416901
6710,6710,0.6243449435824283,1.0,0.6243449435824283
6711,6711,0.6212996153977033,0.0,0.6212996153977033
6712,6712,0.6182494985118603,1.0,0.6182494985118603
6713,6713,0.615194713338295,0.0,0.615194713338295
6714,6714,0.6121353804746889,0.0,0.6121353804746889
6715,6715,0.6090716206982716,1.0,0.6090716206982716
6716,6716,0.606003554961026,1.0,0.606003554961026
6717,6717,0.6029313043849414,1.0,0.6029313043849414
6718,6718,0.5998549902572025,0.0,0.5998549902572025
6719,6719,0.596774734025431,1.0,0.596774734025431
6720,6720,0.5936906572928616,1.0,0.5936906572928616
6721,6721,0.5906028818135666,0.0,0.5906028818135666
6722,6722,0.5875115294876379,0.0,0.5875115294876379
6723,6723,0.5844167223563651,0.0,0.5844167223563651
6724,6724,0.581318582597442,1.0,0.581318582597442
6725,6725,0.578217232520114,1.0,0.578217232520114
6726,6726,0.5751127945603791,1.0,0.5751127945603791
6727,6727,0.572005391276125,0.0,0.572005391276125
6728,6728,0.56889514534232,1.0,0.56889514534232
6729,6729,0.5657821795461407,1.0,0.5657821795461407
6730,6730,0.56266661678215,0.0,0.56266661678215
6731,6731,0.5595485800474347,0.0,0.5595485800474347
6732,6732,0.556428192436739,1.0,0.556428192436739
6733,6733,0.5533055771376302,0.0,0.5533055771376302
6734,6734,0.550180857425606,1.0,0.550180857425606
6735,6735,0.5470541566592578,0.0,0.5470541566592578
6736,6736,0.5439255982753707,0.0,0.5439255982753707
6737,6737,0.5407953057840796,1.0,0.5407953057840796
6738,6738,0.5376634027639656,1.0,0.5376634027639656
6739,6739,0.5345300128572008,0.0,0.5345300128572008
6740,6740,0.5313952597646564,0.0,0.5313952597646564
6741,6741,0.5282592672410104,1.0,0.5282592672410104
6742,6742,0.525122159089885,1.0,0.525122159089885
6743,6743,0.521984059158931,0.0,0.521984059158931
6744,6744,0.5188450913349678,1.0,0.5188450913349678
6745,6745,0.515705379539063,1.0,0.515705379539063
6746,6746,0.5125650477216697,1.0,0.5125650477216697
6747,6747,0.5094242198577035,0.0,0.5094242198577035
6748,6748,0.5062830199416741,0.0,0.5062830199416741
6749,6749,0.5031415719827792,0.0,0.5031415719827792
6750,6750,0.49999999999999817,0.0,0.49999999999999817
6751,6751,0.49685842801722063,0.0,0.49685842801722063
6752,6752,0.49371698005832226,0.0,0.49371698005832226
6753,6753,0.49057578014229636,0.0,0.49057578014229636
6754,6754,0.4874349522783302,1.0,0.4874349522783302
6755,6755,0.48429462046093674,1.0,0.48429462046093674
6756,6756,0.4811549086650321,0.0,0.4811549086650321
6757,6757,0.47801594084106885,0.0,0.47801594084106885
6758,6758,0.4748778409101149,0.0,0.4748778409101149
6759,6759,0.4717407327589859,1.0,0.4717407327589859
6760,6760,0.4686047402353434,1.0,0.4686047402353434
6761,6761,0.46546998714279564,0.0,0.46546998714279564
6762,6762,0.46233659723603415,1.0,0.46233659723603415
6763,6763,0.45920469421592014,1.0,0.45920469421592014
6764,6764,0.4560744017246294,1.0,0.4560744017246294
6765,6765,0.4529458433407422,1.0,0.4529458433407422
6766,6766,0.44981914257439387,0.0,0.44981914257439387
6767,6767,0.44669442286236977,1.0,0.44669442286236977
6768,6768,0.4435718075632573,1.0,0.4435718075632573
6769,6769,0.44045141995256526,1.0,0.44045141995256526
6770,6770,0.4373333832178463,1.0,0.4373333832178463
6771,6771,0.4342178204538592,0.0,0.4342178204538592
6772,6772,0.4311048546576799,0.0,0.4311048546576799
6773,6773,0.42799460872387485,0.0,0.42799460872387485
6774,6774,0.4248872054396208,0.0,0.4248872054396208
6775,6775,0.42178276747988586,1.0,0.42178276747988586
6776,6776,0.41868141740255793,0.0,0.41868141740255793
6777,6777,0.4155832776436312,1.0,0.4155832776436312
6778,6778,0.41248847051236204,1.0,0.41248847051236204
6779,6779,0.4093971181864298,0.0,0.4093971181864298
6780,6780,0.40630934270713814,1.0,0.40630934270713814
6781,6781,0.4032252659745688,0.0,0.4032252659745688
6782,6782,0.4001450097427973,0.0,0.4001450097427973
6783,6783,0.39706869561505864,0.0,0.39706869561505864
6784,6784,0.3939964450389739,0.0,0.3939964450389739
6785,6785,0.39092837930172836,0.0,0.39092837930172836
6786,6786,0.38786461952530754,0.0,0.38786461952530754
6787,6787,0.3848052866617048,1.0,0.3848052866617048
6788,6788,0.3817505014881361,1.0,0.3817505014881361
6789,6789,0.3787003846022967,1.0,0.3787003846022967
6790,6790,0.3756550564175715,1.0,0.3756550564175715
6791,6791,0.3726146371583098,0.0,0.3726146371583098
6792,6792,0.36957924685505084,0.0,0.36957924685505084
6793,6793,0.36654900533981344,1.0,0.36654900533981344
6794,6794,0.3635240322413371,0.0,0.3635240322413371
6795,6795,0.3605044469803835,0.0,0.3605044469803835
6796,6796,0.357490368765012,0.0,0.357490368765012
6797,6797,0.35448191658586264,0.0,0.35448191658586264
6798,6798,0.3514792092114829,1.0,0.3514792092114829
6799,6799,0.3484823651836119,0.0,0.3484823651836119
6800,6800,0.3454915028125271,1.0,0.3454915028125271
6801,6801,0.3425067401723469,0.0,0.3425067401723469
6802,6802,0.33952819509639637,0.0,0.33952819509639637
6803,6803,0.33655598517252844,0.0,0.33655598517252844
6804,6804,0.3335902277385048,1.0,0.3335902277385048
6805,6805,0.3306310398773543,1.0,0.3306310398773543
6806,6806,0.3276785384127401,0.0,0.3276785384127401
6807,6807,0.3247328399043709,0.0,0.3247328399043709
6808,6808,0.3217940606433735,0.0,0.3217940606433735
6809,6809,0.3188623166477279,0.0,0.3188623166477279
6810,6810,0.31593772365766026,1.0,0.31593772365766026
6811,6811,0.3130203971311009,1.0,0.3130203971311009
6812,6812,0.31011045223909917,0.0,0.31011045223909917
6813,6813,0.3072080038612999,0.0,0.3072080038612999
6814,6814,0.30431316658139884,0.0,0.30431316658139884
6815,6815,0.3014260546826083,0.0,0.3014260546826083
6816,6816,0.2985467821431691,0.0,0.2985467821431691
6817,6817,0.2956754626318244,0.0,0.2956754626318244
6818,6818,0.29281220950335873,0.0,0.29281220950335873
6819,6819,0.2899571357940962,0.0,0.2899571357940962
6820,6820,0.2871103542174648,1.0,0.2871103542174648
6821,6821,0.28427197715952013,0.0,0.28427197715952013
6822,6822,0.2814421166745318,0.0,0.2814421166745318
6823,6823,0.27862088448054917,0.0,0.27862088448054917
6824,6824,0.27580839195498247,0.0,0.27580839195498247
6825,6825,0.273004750130227,1.0,0.273004750130227
6826,6826,0.270210069689255,1.0,0.270210069689255
6827,6827,0.26742446096127154,0.0,0.26742446096127154
6828,6828,0.264648033917333,1.0,0.264648033917333
6829,6829,0.26188089816603144,1.0,0.26188089816603144
6830,6830,0.25912316294914206,0.0,0.25912316294914206
6831,6831,0.2563749371373321,1.0,0.2563749371373321
6832,6832,0.25363632922585416,1.0,0.25363632922585416
6833,6833,0.2509074473302532,0.0,0.2509074473302532
6834,6834,0.2481883991821199,0.0,0.2481883991821199
6835,6835,0.24547929212481331,0.0,0.24547929212481331
6836,6836,0.24278023310924743,0.0,0.24278023310924743
6837,6837,0.24009132868964458,0.0,0.24009132868964458
6838,6838,0.23741268501935314,0.0,0.23741268501935314
6839,6839,0.23474440784663264,0.0,0.23474440784663264
6840,6840,0.23208660251050003,0.0,0.23208660251050003
6841,6841,0.22943937393656205,0.0,0.22943937393656205
6842,6842,0.22680282663286408,1.0,0.22680282663286408
6843,6843,0.22417706468578516,0.0,0.22417706468578516
6844,6844,0.22156219175590497,0.0,0.22156219175590497
6845,6845,0.21895831107393535,0.0,0.21895831107393535
6846,6846,0.21636552543662105,0.0,0.21636552543662105
6847,6847,0.2137839372027055,1.0,0.2137839372027055
6848,6848,0.21121364828886585,0.0,0.21121364828886585
6849,6849,0.20865476016571033,0.0,0.20865476016571033
6850,6850,0.2061073738537634,0.0,0.2061073738537634
6851,6851,0.20357158991946905,0.0,0.20357158991946905
6852,6852,0.20104750847124084,0.0,0.20104750847124084
6853,6853,0.19853522915548663,0.0,0.19853522915548663
6854,6854,0.19603485115269792,0.0,0.19603485115269792
6855,6855,0.19354647317351112,0.0,0.19354647317351112
6856,6856,0.19107019345483373,1.0,0.19107019345483373
6857,6857,0.18860610975594339,0.0,0.18860610975594339
6858,6858,0.18615431935464816,1.0,0.18615431935464816
6859,6859,0.1837149190434377,1.0,0.1837149190434377
6860,6860,0.18128800512565388,0.0,0.18128800512565388
6861,6861,0.17887367341170807,0.0,0.17887367341170807
6862,6862,0.17647201921527692,0.0,0.17647201921527692
6863,6863,0.17408313734956118,0.0,0.17408313734956118
6864,6864,0.17170712212352116,0.0,0.17170712212352116
6865,6865,0.16934406733817486,1.0,0.16934406733817486
6866,6866,0.16699406628287383,0.0,0.16699406628287383
6867,6867,0.16465721173163847,0.0,0.16465721173163847
6868,6868,0.1623335959394877,1.0,0.1623335959394877
6869,6869,0.1600233106387892,0.0,0.1600233106387892
6870,6870,0.1577264470356559,0.0,0.1577264470356559
6871,6871,0.15544309580632484,0.0,0.15544309580632484
6872,6872,0.153173347093598,0.0,0.153173347093598
6873,6873,0.15091729050326302,0.0,0.15091729050326302
6874,6874,0.14867501510057615,0.0,0.14867501510057615
6875,6875,0.1464466094067259,0.0,0.1464466094067259
6876,6876,0.14423216139535586,1.0,0.14423216139535586
6877,6877,0.14203175848908436,0.0,0.14203175848908436
6878,6878,0.1398454875560454,0.0,0.1398454875560454
6879,6879,0.13767343490647688,0.0,0.13767343490647688
6880,6880,0.13551568628929336,0.0,0.13551568628929336
6881,6881,0.13337232688872044,0.0,0.13337232688872044
6882,6882,0.13124344132091245,0.0,0.13124344132091245
6883,6883,0.1291291136306311,1.0,0.1291291136306311
6884,6884,0.12702942728790861,0.0,0.12702942728790861
6885,6885,0.12494446518476887,0.0,0.12494446518476887
6886,6886,0.12287430963194802,0.0,0.12287430963194802
6887,6887,0.12081904235563799,0.0,0.12081904235563799
6888,6888,0.11877874449427626,1.0,0.11877874449427626
6889,6889,0.11675349659532423,0.0,0.11675349659532423
6890,6890,0.11474337861210583,0.0,0.11474337861210583
6891,6891,0.11274846990063253,0.0,0.11274846990063253
6892,6892,0.11076884921648894,0.0,0.11076884921648894
6893,6893,0.10880459471170562,0.0,0.10880459471170562
6894,6894,0.10685578393168924,0.0,0.10685578393168924
6895,6895,0.10492249381215474,0.0,0.10492249381215474
6896,6896,0.1030048006760813,1.0,0.1030048006760813
6897,6897,0.10110278023071466,1.0,0.10110278023071466
6898,6898,0.09921650756456094,0.0,0.09921650756456094
6899,6899,0.09734605714443942,0.0,0.09734605714443942
6900,6900,0.09549150281252576,0.0,0.09549150281252576
6901,6901,0.09365291778345362,0.0,0.09365291778345362
6902,6902,0.0918303746414077,0.0,0.0918303746414077
6903,6903,0.0900239453372726,0.0,0.0900239453372726
6904,6904,0.08823370118578619,0.0,0.08823370118578619
6905,6905,0.0864597128627181,0.0,0.0864597128627181
6906,6906,0.0847020504020938,0.0,0.0847020504020938
6907,6907,0.08296078319341368,0.0,0.08296078319341368
6908,6908,0.08123597997892948,0.0,0.08123597997892948
6909,6909,0.07952770885091494,0.0,0.07952770885091494
6910,6910,0.077836037248993,0.0,0.077836037248993
6911,6911,0.07616103195745809,0.0,0.07616103195745809
6912,6912,0.07450275910265294,0.0,0.07450275910265294
6913,6913,0.07286128415035231,0.0,0.07286128415035231
6914,6914,0.07123667190317298,0.0,0.07123667190317298
6915,6915,0.06962898649802832,0.0,0.06962898649802832
6916,6916,0.06803829140358165,0.0,0.06803829140358165
6917,6917,0.06646464941775528,0.0,0.06646464941775528
6918,6918,0.06490812266523668,0.0,0.06490812266523668
6919,6919,0.06336877259504041,0.0,0.06336877259504041
6920,6920,0.06184665997806793,0.0,0.06184665997806793
6921,6921,0.06034184490472085,0.0,0.06034184490472085
6922,6922,0.05885438678252327,0.0,0.05885438678252327
6923,6923,0.05738434433377158,0.0,0.05738434433377158
6924,6924,0.05593177559322784,0.0,0.05593177559322784
6925,6925,0.05449673790581545,0.0,0.05449673790581545
6926,6926,0.05307928792436838,0.0,0.05307928792436838
6927,6927,0.05167948160738164,0.0,0.05167948160738164
6928,6928,0.05029737421681491,0.0,0.05029737421681491
6929,6929,0.04893302031589833,0.0,0.04893302031589833
6930,6930,0.04758647376698931,0.0,0.04758647376698931
6931,6931,0.046257787729441446,0.0,0.046257787729441446
6932,6932,0.04494701465750142,0.0,0.04494701465750142
6933,6933,0.04365420629824868,0.0,0.04365420629824868
6934,6934,0.04237941368954066,0.0,0.04237941368954066
6935,6935,0.04112268715800966,0.0,0.04112268715800966
6936,6936,0.039884076317064435,0.0,0.039884076317064435
6937,6937,0.03866363006494296,0.0,0.03866363006494296
6938,6938,0.03746139658277075,0.0,0.03746139658277075
6939,6939,0.03627742333266853,0.0,0.03627742333266853
6940,6940,0.035111757055874215,1.0,0.035111757055874215
6941,6941,0.033964443770893867,0.0,0.033964443770893867
6942,6942,0.03283552877169404,0.0,0.03283552877169404
6943,6943,0.03172505662590334,0.0,0.03172505662590334
6944,6944,0.03063307117306316,0.0,0.03063307117306316
6945,6945,0.029559615522886922,0.0,0.029559615522886922
6946,6946,0.028504732053568082,0.0,0.028504732053568082
6947,6947,0.027468462410097375,0.0,0.027468462410097375
6948,6948,0.026450847502627148,0.0,0.026450847502627148
6949,6949,0.025451927504852635,0.0,0.025451927504852635
6950,6950,0.024471741852422648,0.0,0.024471741852422648
6951,6951,0.02351032924139064,0.0,0.02351032924139064
6952,6952,0.022567727626678098,0.0,0.022567727626678098
6953,6953,0.021643974220584918,0.0,0.021643974220584918
6954,6954,0.02073910549131176,0.0,0.02073910549131176
6955,6955,0.019853157161528724,0.0,0.019853157161528724
6956,6956,0.018986164206956882,0.0,0.018986164206956882
6957,6957,0.018138160854994555,0.0,0.018138160854994555
6958,6958,0.017309180583362994,0.0,0.017309180583362994
6959,6959,0.016499256118782005,0.0,0.016499256118782005
6960,6960,0.01570841943568448,0.0,0.01570841943568448
6961,6961,0.014936701754946732,0.0,0.014936701754946732
6962,6962,0.01418413354266316,1.0,0.01418413354266316
6963,6963,0.013450744508936477,0.0,0.013450744508936477
6964,6964,0.012736563606711635,0.0,0.012736563606711635
6965,6965,0.012041619030626158,0.0,0.012041619030626158
6966,6966,0.011365938215902796,0.0,0.011365938215902796
6967,6967,0.010709547837263895,0.0,0.010709547837263895
6968,6968,0.010072473807876198,0.0,0.010072473807876198
6969,6969,0.00945474127833298,0.0,0.00945474127833298
6970,6970,0.008856374635655386,0.0,0.008856374635655386
6971,6971,0.00827739750233525,0.0,0.00827739750233525
6972,6972,0.0077178327353971225,0.0,0.0077178327353971225
6973,6973,0.007177702425501138,0.0,0.007177702425501138
6974,6974,0.006657027896065855,0.0,0.006657027896065855
6975,6975,0.0061558297024313395,0.0,0.0061558297024313395
6976,6976,0.005674127631042954,0.0,0.005674127631042954
6977,6977,0.005211940698674246,0.0,0.005211940698674246
6978,6978,0.004769287151674405,0.0,0.004769287151674405
6979,6979,0.004346184465246522,0.0,0.004346184465246522
6980,6980,0.003942649342761147,0.0,0.003942649342761147
6981,6981,0.003558697715093039,0.0,0.003558697715093039
6982,6982,0.0031943447399958957,0.0,0.0031943447399958957
6983,6983,0.0028496048015004788,0.0,0.0028496048015004788
6984,6984,0.0025244915093500507,0.0,0.0025244915093500507
6985,6985,0.002219017698459965,0.0,0.002219017698459965
6986,6986,0.0019331954284136023,0.0,0.0019331954284136023
6987,6987,0.001667035982985066,0.0,0.001667035982985066
6988,6988,0.0014205498696929215,0.0,0.0014205498696929215
6989,6989,0.0011937468193874284,0.0,0.0011937468193874284
6990,6990,0.00098663578586415,0.0,0.00098663578586415
6991,6991,0.0007992249455125276,0.0,0.0007992249455125276
6992,6992,0.0006315216969912156,0.0,0.0006315216969912156
6993,6993,0.0004835326609376908,0.0,0.0004835326609376908
6994,6994,0.0003552636797053643,0.0,0.0003552636797053643
6995,6995,0.0002467198171341619,0.0,0.0002467198171341619
6996,6996,0.00015790535835001032,0.0,0.00015790535835001032
6997,6997,8.882380959546676e-05,0.0,8.882380959546676e-05
6998,6998,3.947789809194572e-05,0.0,3.947789809194572e-05
6999,6999,9.869571931428071e-06,0.0,9.869571931428071e-06
7000,7000,7.348822935043102e-31,0.0,7.348822935043102e-31
7001,7001,9.869571931439621e-06,0.0,9.869571931439621e-06
7002,7002,3.9477898091924174e-05,0.0,3.9477898091924174e-05
7003,7003,8.882380959550138e-05,0.0,8.882380959550138e-05
7004,7004,0.0001579053583500565,0.0,0.0001579053583500565
7005,7005,0.0002467198171342196,0.0,0.0002467198171342196
7006,7006,0.0003552636797054336,0.0,0.0003552636797054336
7007,7007,0.0004835326609376154,0.0,0.0004835326609376154
7008,7008,0.000631521696991308,0.0,0.000631521696991308
7009,7009,0.0007992249455124307,0.0,0.0007992249455124307
7010,7010,0.0009866357858642656,0.0,0.0009866357858642656
7011,7011,0.0011937468193873098,0.0,0.0011937468193873098
7012,7012,0.00142054986969306,0.0,0.00142054986969306
7013,7013,0.0016670359829852157,0.0,0.0016670359829852157
7014,7014,0.0019331954284137634,0.0,0.0019331954284137634
7015,7015,0.0022190176984601385,0.0,0.0022190176984601385
7016,7016,0.0025244915093498785,0.0,0.0025244915093498785
7017,7017,0.0028496048015006752,0.0,0.0028496048015006752
7018,7018,0.0031943447399957023,0.0,0.0031943447399957023
7019,7019,0.0035586977150932576,0.0,0.0035586977150932576
7020,7020,0.003942649342760933,0.0,0.003942649342760933
7021,7021,0.004346184465246765,0.0,0.004346184465246765
7022,7022,0.004769287151674658,0.0,0.004769287151674658
7023,7023,0.005211940698674511,0.0,0.005211940698674511
7024,7024,0.00567412763104323,0.0,0.00567412763104323
7025,7025,0.0061558297024310715,0.0,0.0061558297024310715
7026,7026,0.006657027896066154,0.0,0.006657027896066154
7027,7027,0.007177702425500849,0.0,0.007177702425500849
7028,7028,0.007717832735397444,0.0,0.007717832735397444
7029,7029,0.00827739750233494,0.0,0.00827739750233494
7030,7030,0.008856374635655731,0.0,0.008856374635655731
7031,7031,0.009454741278333338,0.0,0.009454741278333338
7032,7032,0.010072473807876566,0.0,0.010072473807876566
7033,7033,0.010709547837264273,1.0,0.010709547837264273
7034,7034,0.011365938215903187,0.0,0.011365938215903187
7035,7035,0.01204161903062656,0.0,0.01204161903062656
7036,7036,0.012736563606711248,0.0,0.012736563606711248
7037,7037,0.013450744508936902,0.0,0.013450744508936902
7038,7038,0.014184133542662753,0.0,0.014184133542662753
7039,7039,0.014936701754947176,0.0,0.014936701754947176
7040,7040,0.01570841943568493,0.0,0.01570841943568493
7041,7041,0.016499256118782477,0.0,0.016499256118782477
7042,7042,0.017309180583363476,0.0,0.017309180583363476
7043,7043,0.018138160854995047,0.0,0.018138160854995047
7044,7044,0.01898616420695738,0.0,0.01898616420695738
7045,7045,0.019853157161528245,1.0,0.019853157161528245
7046,7046,0.020739105491312287,0.0,0.020739105491312287
7047,7047,0.021643974220584422,0.0,0.021643974220584422
7048,7048,0.02256772762667865,0.0,0.02256772762667865
7049,7049,0.023510329241391195,0.0,0.023510329241391195
7050,7050,0.024471741852423224,0.0,0.024471741852423224
7051,7051,0.02545192750485321,0.0,0.02545192750485321
7052,7052,0.026450847502627745,0.0,0.026450847502627745
7053,7053,0.027468462410097975,0.0,0.027468462410097975
7054,7054,0.028504732053567513,0.0,0.028504732053567513
7055,7055,0.029559615522887543,0.0,0.029559615522887543
7056,7056,0.030633071173062566,0.0,0.030633071173062566
7057,7057,0.031725056625903976,0.0,0.031725056625903976
7058,7058,0.03283552877169469,0.0,0.03283552877169469
7059,7059,0.03396444377089453,0.0,0.03396444377089453
7060,7060,0.0351117570558749,0.0,0.0351117570558749
7061,7061,0.036277423332669215,0.0,0.036277423332669215
7062,7062,0.03746139658277145,0.0,0.03746139658277145
7063,7063,0.03866363006494229,0.0,0.03866363006494229
7064,7064,0.039884076317065156,0.0,0.039884076317065156
7065,7065,0.041122687158008986,0.0,0.041122687158008986
7066,7066,0.0423794136895414,0.0,0.0423794136895414
7067,7067,0.043654206298249426,0.0,0.043654206298249426
7068,7068,0.044947014657502185,0.0,0.044947014657502185
7069,7069,0.04625778772944222,0.0,0.04625778772944222
7070,7070,0.047586473766990094,0.0,0.047586473766990094
7071,7071,0.04893302031589912,0.0,0.04893302031589912
7072,7072,0.05029737421681416,0.0,0.05029737421681416
7073,7073,0.05167948160738244,0.0,0.05167948160738244
7074,7074,0.05307928792436761,0.0,0.05307928792436761
7075,7075,0.05449673790581628,0.0,0.05449673790581628
7076,7076,0.05593177559322868,0.0,0.05593177559322868
7077,7077,0.05738434433377242,0.0,0.05738434433377242
7078,7078,0.058854386782524144,0.0,0.058854386782524144
7079,7079,0.06034184490472172,0.0,0.06034184490472172
7080,7080,0.06184665997806882,0.0,0.06184665997806882
7081,7081,0.06336877259503956,0.0,0.06336877259503956
7082,7082,0.06490812266523759,0.0,0.06490812266523759
7083,7083,0.06646464941775443,0.0,0.06646464941775443
7084,7084,0.06803829140358257,0.0,0.06803829140358257
7085,7085,0.06962898649802922,0.0,0.06962898649802922
7086,7086,0.07123667190317393,0.0,0.07123667190317393
7087,7087,0.07286128415035328,0.0,0.07286128415035328
7088,7088,0.07450275910265391,0.0,0.07450275910265391
7089,7089,0.07616103195745907,0.0,0.07616103195745907
7090,7090,0.0778360372489921,0.0,0.0778360372489921
7091,7091,0.07952770885091594,1.0,0.07952770885091594
7092,7092,0.08123597997892856,0.0,0.08123597997892856
7093,7093,0.08296078319341467,0.0,0.08296078319341467
7094,7094,0.08470205040209483,0.0,0.08470205040209483
7095,7095,0.08645971286271914,0.0,0.08645971286271914
7096,7096,0.08823370118578724,0.0,0.08823370118578724
7097,7097,0.09002394533727368,0.0,0.09002394533727368
7098,7098,0.09183037464140878,0.0,0.09183037464140878
7099,7099,0.09365291778345264,0.0,0.09365291778345264
7100,7100,0.09549150281252682,0.0,0.09549150281252682
7101,7101,0.0973460571444384,0.0,0.0973460571444384
7102,7102,0.09921650756456202,0.0,0.09921650756456202
7103,7103,0.10110278023071576,0.0,0.10110278023071576
7104,7104,0.1030048006760824,0.0,0.1030048006760824
7105,7105,0.10492249381215585,0.0,0.10492249381215585
7106,7106,0.1068557839316904,0.0,0.1068557839316904
7107,7107,0.10880459471170675,0.0,0.10880459471170675
7108,7108,0.11076884921648787,0.0,0.11076884921648787
7109,7109,0.11274846990063368,0.0,0.11274846990063368
7110,7110,0.1147433786121047,1.0,0.1147433786121047
7111,7111,0.1167534965953254,1.0,0.1167534965953254
7112,7112,0.11877874449427744,0.0,0.11877874449427744
7113,7113,0.12081904235563919,0.0,0.12081904235563919
7114,7114,0.12287430963194923,0.0,0.12287430963194923
7115,7115,0.12494446518477005,0.0,0.12494446518477005
7116,7116,0.12702942728790984,0.0,0.12702942728790984
7117,7117,0.12912911363062998,0.0,0.12912911363062998
7118,7118,0.1312434413209137,0.0,0.1312434413209137
7119,7119,0.13337232688871928,0.0,0.13337232688871928
7120,7120,0.1355156862892946,0.0,0.1355156862892946
7121,7121,0.13767343490647815,0.0,0.13767343490647815
7122,7122,0.13984548755604664,0.0,0.13984548755604664
7123,7123,0.1420317584890856,0.0,0.1420317584890856
7124,7124,0.14423216139535716,0.0,0.14423216139535716
7125,7125,0.14644660940672719,1.0,0.14644660940672719
7126,7126,0.14867501510057496,0.0,0.14867501510057496
7127,7127,0.15091729050326436,0.0,0.15091729050326436
7128,7128,0.15317334709359678,0.0,0.15317334709359678
7129,7129,0.15544309580632618,1.0,0.15544309580632618
7130,7130,0.15772644703565722,0.0,0.15772644703565722
7131,7131,0.16002331063879052,1.0,0.16002331063879052
7132,7132,0.16233359593948907,0.0,0.16233359593948907
7133,7133,0.16465721173163983,0.0,0.16465721173163983
7134,7134,0.16699406628287522,0.0,0.16699406628287522
7135,7135,0.1693440673381736,0.0,0.1693440673381736
7136,7136,0.17170712212352252,1.0,0.17170712212352252
7137,7137,0.17408313734955988,0.0,0.17408313734955988
7138,7138,0.1764720192152783,0.0,0.1764720192152783
7139,7139,0.17887367341170948,1.0,0.17887367341170948
7140,7140,0.1812880051256553,1.0,0.1812880051256553
7141,7141,0.18371491904343915,0.0,0.18371491904343915
7142,7142,0.1861543193546496,0.0,0.1861543193546496
7143,7143,0.18860610975594483,1.0,0.18860610975594483
7144,7144,0.19107019345483237,0.0,0.19107019345483237
7145,7145,0.19354647317351253,0.0,0.19354647317351253
7146,7146,0.19603485115269653,0.0,0.19603485115269653
7147,7147,0.19853522915548813,0.0,0.19853522915548813
7148,7148,0.20104750847124234,0.0,0.20104750847124234
7149,7149,0.20357158991947055,0.0,0.20357158991947055
7150,7150,0.20610737385376485,0.0,0.20610737385376485
7151,7151,0.2086547601657118,0.0,0.2086547601657118
7152,7152,0.21121364828886735,0.0,0.21121364828886735
7153,7153,0.21378393720270408,0.0,0.21378393720270408
7154,7154,0.2163655254366226,0.0,0.2163655254366226
7155,7155,0.21895831107393388,1.0,0.21895831107393388
7156,7156,0.22156219175590652,1.0,0.22156219175590652
7157,7157,0.2241770646857867,0.0,0.2241770646857867
7158,7158,0.2268028266328656,0.0,0.2268028266328656
7159,7159,0.2294393739365636,1.0,0.2294393739365636
7160,7160,0.2320866025105016,0.0,0.2320866025105016
7161,7161,0.2347444078466342,1.0,0.2347444078466342
7162,7162,0.23741268501935167,0.0,0.23741268501935167
7163,7163,0.24009132868964617,0.0,0.24009132868964617
7164,7164,0.24278023310924596,0.0,0.24278023310924596
7165,7165,0.2454792921248149,0.0,0.2454792921248149
7166,7166,0.24818839918212152,0.0,0.24818839918212152
7167,7167,0.2509074473302548,0.0,0.2509074473302548
7168,7168,0.2536363292258558,0.0,0.2536363292258558
7169,7169,0.2563749371373337,0.0,0.2563749371373337
7170,7170,0.2591231629491436,0.0,0.2591231629491436
7171,7171,0.26188089816603,1.0,0.26188089816603
7172,7172,0.2646480339173346,0.0,0.2646480339173346
7173,7173,0.26742446096127004,0.0,0.26742446096127004
7174,7174,0.2702100696892566,0.0,0.2702100696892566
7175,7175,0.2730047501302286,0.0,0.2730047501302286
7176,7176,0.27580839195498413,0.0,0.27580839195498413
7177,7177,0.27862088448055095,0.0,0.27862088448055095
7178,7178,0.28144211667453345,1.0,0.28144211667453345
7179,7179,0.2842719771595218,0.0,0.2842719771595218
7180,7180,0.2871103542174632,0.0,0.2871103542174632
7181,7181,0.2899571357940979,0.0,0.2899571357940979
7182,7182,0.2928122095033571,0.0,0.2928122095033571
7183,7183,0.29567546263182615,0.0,0.29567546263182615
7184,7184,0.29854678214317076,0.0,0.29854678214317076
7185,7185,0.30142605468260997,1.0,0.30142605468260997
7186,7186,0.30431316658140056,0.0,0.30431316658140056
7187,7187,0.30720800386130165,1.0,0.30720800386130165
7188,7188,0.3101104522391008,1.0,0.3101104522391008
7189,7189,0.3130203971310993,0.0,0.3130203971310993
7190,7190,0.315937723657662,0.0,0.315937723657662
7191,7191,0.3188623166477264,0.0,0.3188623166477264
7192,7192,0.3217940606433753,1.0,0.3217940606433753
7193,7193,0.3247328399043726,1.0,0.3247328399043726
7194,7194,0.32767853841274175,0.0,0.32767853841274175
7195,7195,0.3306310398773561,0.0,0.3306310398773561
7196,7196,0.3335902277385066,0.0,0.3335902277385066
7197,7197,0.3365559851725302,0.0,0.3365559851725302
7198,7198,0.3395281950963948,0.0,0.3395281950963948
7199,7199,0.34250674017234867,0.0,0.34250674017234867
7200,7200,0.3454915028125255,0.0,0.3454915028125255
7201,7201,0.34848236518361364,0.0,0.34848236518361364
7202,7202,0.35147920921148135,1.0,0.35147920921148135
7203,7203,0.35448191658586437,0.0,0.35448191658586437
7204,7204,0.3574903687650137,0.0,0.3574903687650137
7205,7205,0.3605044469803853,1.0,0.3605044469803853
7206,7206,0.36352403224133883,1.0,0.36352403224133883
7207,7207,0.3665490053398117,0.0,0.3665490053398117
7208,7208,0.3695792468550526,0.0,0.3695792468550526
7209,7209,0.37261463715830817,1.0,0.37261463715830817
7210,7210,0.3756550564175733,0.0,0.3756550564175733
7211,7211,0.3787003846022951,1.0,0.3787003846022951
7212,7212,0.38175050148813805,0.0,0.38175050148813805
7213,7213,0.3848052866617066,0.0,0.3848052866617066
7214,7214,0.3878646195253093,1.0,0.3878646195253093
7215,7215,0.39092837930173013,0.0,0.39092837930173013
7216,7216,0.39399644503897224,0.0,0.39399644503897224
7217,7217,0.3970686956150605,0.0,0.3970686956150605
7218,7218,0.4001450097427956,0.0,0.4001450097427956
7219,7219,0.40322526597457065,0.0,0.40322526597457065
7220,7220,0.4063093427071365,0.0,0.4063093427071365
7221,7221,0.40939711818643165,0.0,0.40939711818643165
7222,7222,0.41248847051236387,1.0,0.41248847051236387
7223,7223,0.415583277643633,1.0,0.415583277643633
7224,7224,0.41868141740255965,0.0,0.41868141740255965
7225,7225,0.42178276747988414,1.0,0.42178276747988414
7226,7226,0.42488720543962266,0.0,0.42488720543962266
7227,7227,0.4279946087238731,0.0,0.4279946087238731
7228,7228,0.43110485465768184,0.0,0.43110485465768184
7229,7229,0.4342178204538576,0.0,0.4342178204538576
7230,7230,0.43733338321784826,0.0,0.43733338321784826
7231,7231,0.44045141995256704,0.0,0.44045141995256704
7232,7232,0.4435718075632592,0.0,0.4435718075632592
7233,7233,0.44669442286237154,1.0,0.44669442286237154
7234,7234,0.4498191425743922,1.0,0.4498191425743922
7235,7235,0.452945843340744,1.0,0.452945843340744
7236,7236,0.45607440172462754,0.0,0.45607440172462754
7237,7237,0.4592046942159219,1.0,0.4592046942159219
7238,7238,0.4623365972360325,0.0,0.4623365972360325
7239,7239,0.46546998714279747,0.0,0.46546998714279747
7240,7240,0.4686047402353452,0.0,0.4686047402353452
7241,7241,0.47174073275898776,0.0,0.47174073275898776
7242,7242,0.47487784091011676,0.0,0.47487784091011676
7243,7243,0.4780159408410672,0.0,0.4780159408410672
7244,7244,0.4811549086650339,1.0,0.4811549086650339
7245,7245,0.4842946204609351,1.0,0.4842946204609351
7246,7246,0.4874349522783321,0.0,0.4874349522783321
7247,7247,0.4905757801422948,1.0,0.4905757801422948
7248,7248,0.49371698005832415,0.0,0.49371698005832415
7249,7249,0.49685842801722246,1.0,0.49685842801722246
7250,7250,0.5000000000000001,1.0,0.5000000000000001
7251,7251,0.5031415719827811,0.0,0.5031415719827811
7252,7252,0.5062830199416758,1.0,0.5062830199416758
7253,7253,0.5094242198577054,1.0,0.5094242198577054
7254,7254,0.5125650477216679,0.0,0.5125650477216679
7255,7255,0.5157053795390649,0.0,0.5157053795390649
7256,7256,0.518845091334966,0.0,0.518845091334966
7257,7257,0.5219840591589329,1.0,0.5219840591589329
7258,7258,0.5251221590898868,1.0,0.5251221590898868
7259,7259,0.5282592672410124,1.0,0.5282592672410124
7260,7260,0.5313952597646584,0.0,0.5313952597646584
7261,7261,0.5345300128572026,1.0,0.5345300128572026
7262,7262,0.5376634027639675,0.0,0.5376634027639675
7263,7263,0.5407953057840781,0.0,0.5407953057840781
7264,7264,0.5439255982753725,0.0,0.5439255982753725
7265,7265,0.5470541566592559,0.0,0.5470541566592559
7266,7266,0.550180857425608,0.0,0.550180857425608
7267,7267,0.5533055771376321,1.0,0.5533055771376321
7268,7268,0.5564281924367408,0.0,0.5564281924367408
7269,7269,0.5595485800474366,1.0,0.5595485800474366
7270,7270,0.5626666167821519,1.0,0.5626666167821519
7271,7271,0.5657821795461425,1.0,0.5657821795461425
7272,7272,0.5688951453423183,1.0,0.5688951453423183
7273,7273,0.5720053912761268,1.0,0.5720053912761268
7274,7274,0.5751127945603774,0.0,0.5751127945603774
7275,7275,0.5782172325201159,0.0,0.5782172325201159
7276,7276,0.5813185825974437,1.0,0.5813185825974437
7277,7277,0.584416722356367,1.0,0.584416722356367
7278,7278,0.5875115294876395,0.0,0.5875115294876395
7279,7279,0.5906028818135683,0.0,0.5906028818135683
7280,7280,0.5936906572928635,1.0,0.5936906572928635
7281,7281,0.5967747340254295,0.0,0.5967747340254295
7282,7282,0.5998549902572043,1.0,0.5998549902572043
7283,7283,0.6029313043849396,0.0,0.6029313043849396
7284,7284,0.6060035549610278,0.0,0.6060035549610278
7285,7285,0.6090716206982733,1.0,0.6090716206982733
7286,7286,0.6121353804746907,1.0,0.6121353804746907
7287,7287,0.615194713338297,0.0,0.615194713338297
7288,7288,0.6182494985118621,0.0,0.6182494985118621
7289,7289,0.621299615397705,1.0,0.621299615397705
7290,7290,0.6243449435824268,1.0,0.6243449435824268
7291,7291,0.6273853628416919,1.0,0.6273853628416919
7292,7292,0.6304207531449473,1.0,0.6304207531449473
7293,7293,0.6334509946601883,0.0,0.6334509946601883
7294,7294,0.6364759677586646,0.0,0.6364759677586646
7295,7295,0.6394955530196147,1.0,0.6394955530196147
7296,7296,0.6425096312349896,0.0,0.6425096312349896
7297,7297,0.6455180834141355,1.0,0.6455180834141355
7298,7298,0.6485207907885187,1.0,0.6485207907885187
7299,7299,0.6515176348163864,1.0,0.6515176348163864
7300,7300,0.6545084971874745,1.0,0.6545084971874745
7301,7301,0.6574932598276514,1.0,0.6574932598276514
7302,7302,0.6604718049036051,1.0,0.6604718049036051
7303,7303,0.6634440148274732,1.0,0.6634440148274732
7304,7304,0.6664097722614934,1.0,0.6664097722614934
7305,7305,0.6693689601226472,1.0,0.6693689601226472
7306,7306,0.6723214615872583,0.0,0.6723214615872583
7307,7307,0.6752671600956306,1.0,0.6752671600956306
7308,7308,0.6782059393566247,1.0,0.6782059393566247
7309,7309,0.6811376833522738,1.0,0.6811376833522738
7310,7310,0.6840622763423378,1.0,0.6840622763423378
7311,7311,0.6869796028689007,1.0,0.6869796028689007
7312,7312,0.6898895477609025,1.0,0.6898895477609025
7313,7313,0.6927919961386984,0.0,0.6927919961386984
7314,7314,0.6956868334186028,0.0,0.6956868334186028
7315,7315,0.6985739453173901,1.0,0.6985739453173901
7316,7316,0.7014532178568326,1.0,0.7014532178568326
7317,7317,0.7043245373681739,1.0,0.7043245373681739
7318,7318,0.7071877904966429,1.0,0.7071877904966429
7319,7319,0.7100428642059022,1.0,0.7100428642059022
7320,7320,0.7128896457825367,1.0,0.7128896457825367
7321,7321,0.7157280228404814,1.0,0.7157280228404814
7322,7322,0.7185578833254664,1.0,0.7185578833254664
7323,7323,0.7213791155194523,1.0,0.7213791155194523
7324,7324,0.7241916080450159,1.0,0.7241916080450159
7325,7325,0.7269952498697746,1.0,0.7269952498697746
7326,7326,0.7297899303107434,1.0,0.7297899303107434
7327,7327,0.7325755390387301,1.0,0.7325755390387301
7328,7328,0.7353519660826654,0.0,0.7353519660826654
7329,7329,0.73811910183397,1.0,0.73811910183397
7330,7330,0.7408768370508596,1.0,0.7408768370508596
7331,7331,0.7436250628626662,0.0,0.7436250628626662
7332,7332,0.7463636707741472,1.0,0.7463636707741472
7333,7333,0.7490925526697453,1.0,0.7490925526697453
7334,7334,0.7518116008178816,1.0,0.7518116008178816
7335,7335,0.7545207078751852,1.0,0.7545207078751852
7336,7336,0.7572197668907541,1.0,0.7572197668907541
7337,7337,0.7599086713103538,1.0,0.7599086713103538
7338,7338,0.7625873149806485,1.0,0.7625873149806485
7339,7339,0.7652555921533688,1.0,0.7652555921533688
7340,7340,0.7679133974894985,0.0,0.7679133974894985
7341,7341,0.7705606260634393,1.0,0.7705606260634393
7342,7342,0.7731971733671343,0.0,0.7731971733671343
7343,7343,0.7758229353142163,1.0,0.7758229353142163
7344,7344,0.7784378082440934,0.0,0.7784378082440934
7345,7345,0.7810416889260662,1.0,0.7810416889260662
7346,7346,0.7836344745633773,0.0,0.7836344745633773
7347,7347,0.786216062797296,0.0,0.786216062797296
7348,7348,0.7887863517111355,1.0,0.7887863517111355
7349,7349,0.7913452398342882,1.0,0.7913452398342882
7350,7350,0.793892626146238,1.0,0.793892626146238
7351,7351,0.7964284100805294,1.0,0.7964284100805294
7352,7352,0.7989524915287606,0.0,0.7989524915287606
7353,7353,0.8014647708445118,1.0,0.8014647708445118
7354,7354,0.8039651488473035,1.0,0.8039651488473035
7355,7355,0.8064535268264875,1.0,0.8064535268264875
7356,7356,0.8089298065451677,0.0,0.8089298065451677
7357,7357,0.8113938902440581,1.0,0.8113938902440581
7358,7358,0.8138456806453505,1.0,0.8138456806453505
7359,7359,0.8162850809565636,1.0,0.8162850809565636
7360,7360,0.8187119948743448,1.0,0.8187119948743448
7361,7361,0.8211263265882933,0.0,0.8211263265882933
7362,7362,0.8235279807847217,1.0,0.8235279807847217
7363,7363,0.8259168626504401,1.0,0.8259168626504401
7364,7364,0.8282928778764775,0.0,0.8282928778764775
7365,7365,0.8306559326618265,0.0,0.8306559326618265
7366,7366,0.8330059337171275,0.0,0.8330059337171275
7367,7367,0.8353427882683602,1.0,0.8353427882683602
7368,7368,0.8376664040605136,1.0,0.8376664040605136
7369,7369,0.8399766893612095,1.0,0.8399766893612095
7370,7370,0.8422735529643454,0.0,0.8422735529643454
7371,7371,0.8445569041936738,1.0,0.8445569041936738
7372,7372,0.8468266529064031,0.0,0.8468266529064031
7373,7373,0.8490827094967356,1.0,0.8490827094967356
7374,7374,0.8513249848994251,1.0,0.8513249848994251
7375,7375,0.8535533905932754,1.0,0.8535533905932754
7376,7376,0.8557678386046429,1.0,0.8557678386046429
7377,7377,0.8579682415109169,0.0,0.8579682415109169
7378,7378,0.8601545124439534,1.0,0.8601545124439534
7379,7379,0.8623265650935243,1.0,0.8623265650935243
7380,7380,0.8644843137107054,1.0,0.8644843137107054
7381,7381,0.8666276731112807,1.0,0.8666276731112807
7382,7382,0.8687565586790863,0.0,0.8687565586790863
7383,7383,0.8708708863693702,1.0,0.8708708863693702
7384,7384,0.8729705727120924,1.0,0.8729705727120924
7385,7385,0.8750555348152299,1.0,0.8750555348152299
7386,7386,0.877125690368053,1.0,0.877125690368053
7387,7387,0.8791809576443609,1.0,0.8791809576443609
7388,7388,0.8812212555057249,1.0,0.8812212555057249
7389,7389,0.8832465034046747,1.0,0.8832465034046747
7390,7390,0.8852566213878952,1.0,0.8852566213878952
7391,7391,0.8872515300993663,1.0,0.8872515300993663
7392,7392,0.8892311507835122,1.0,0.8892311507835122
7393,7393,0.8911954052882954,1.0,0.8911954052882954
7394,7394,0.8931442160683096,1.0,0.8931442160683096
7395,7395,0.8950775061878464,1.0,0.8950775061878464
7396,7396,0.8969951993239176,1.0,0.8969951993239176
7397,7397,0.8988972197692864,1.0,0.8988972197692864
7398,7398,0.9007834924354379,1.0,0.9007834924354379
7399,7399,0.9026539428555616,1.0,0.9026539428555616
7400,7400,0.9045084971874732,0.0,0.9045084971874732
7401,7401,0.9063470822165474,1.0,0.9063470822165474
7402,7402,0.9081696253585934,1.0,0.9081696253585934
7403,7403,0.9099760546627264,0.0,0.9099760546627264
7404,7404,0.9117662988142148,1.0,0.9117662988142148
7405,7405,0.9135402871372809,1.0,0.9135402871372809
7406,7406,0.9152979495979071,1.0,0.9152979495979071
7407,7407,0.9170392168065854,1.0,0.9170392168065854
7408,7408,0.9187640200210714,1.0,0.9187640200210714
7409,7409,0.920472291149084,1.0,0.920472291149084
7410,7410,0.922163962751008,1.0,0.922163962751008
7411,7411,0.9238389680425428,1.0,0.9238389680425428
7412,7412,0.925497240897346,1.0,0.925497240897346
7413,7413,0.9271387158496486,0.0,0.9271387158496486
7414,7414,0.9287633280968262,1.0,0.9287633280968262
7415,7415,0.9303710135019726,1.0,0.9303710135019726
7416,7416,0.9319617085964175,1.0,0.9319617085964175
7417,7417,0.9335353505822456,1.0,0.9335353505822456
7418,7418,0.9350918773347625,1.0,0.9350918773347625
7419,7419,0.9366312274049605,0.0,0.9366312274049605
7420,7420,0.9381533400219313,1.0,0.9381533400219313
7421,7421,0.9396581550952783,1.0,0.9396581550952783
7422,7422,0.9411456132174776,1.0,0.9411456132174776
7423,7423,0.9426156556662276,1.0,0.9426156556662276
7424,7424,0.944068224406773,1.0,0.944068224406773
7425,7425,0.9455032620941837,1.0,0.9455032620941837
7426,7426,0.9469207120756324,1.0,0.9469207120756324
7427,7427,0.9483205183926174,1.0,0.9483205183926174
7428,7428,0.9497026257831859,1.0,0.9497026257831859
7429,7429,0.9510669796841009,1.0,0.9510669796841009
7430,7430,0.9524135262330098,1.0,0.9524135262330098
7431,7431,0.9537422122705593,1.0,0.9537422122705593
7432,7432,0.9550529853424978,1.0,0.9550529853424978
7433,7433,0.9563457937017521,1.0,0.9563457937017521
7434,7434,0.9576205863104585,1.0,0.9576205863104585
7435,7435,0.958877312841991,1.0,0.958877312841991
7436,7436,0.960115923682935,1.0,0.960115923682935
7437,7437,0.9613363699350577,1.0,0.9613363699350577
7438,7438,0.9625386034172286,1.0,0.9625386034172286
7439,7439,0.9637225766673307,1.0,0.9637225766673307
7440,7440,0.9648882429441265,1.0,0.9648882429441265
7441,7441,0.9660355562291054,1.0,0.9660355562291054
7442,7442,0.9671644712283065,1.0,0.9671644712283065
7443,7443,0.968274943374096,1.0,0.968274943374096
7444,7444,0.9693669288269374,1.0,0.9693669288269374
7445,7445,0.9704403844771124,1.0,0.9704403844771124
7446,7446,0.9714952679464325,1.0,0.9714952679464325
7447,7447,0.972531537589902,1.0,0.972531537589902
7448,7448,0.9735491524973723,1.0,0.9735491524973723
7449,7449,0.9745480724951479,1.0,0.9745480724951479
7450,7450,0.9755282581475768,1.0,0.9755282581475768
7451,7451,0.9764896707586099,1.0,0.9764896707586099
7452,7452,0.9774322723733214,1.0,0.9774322723733214
7453,7453,0.9783560257794156,1.0,0.9783560257794156
7454,7454,0.9792608945086877,1.0,0.9792608945086877
7455,7455,0.9801468428384716,1.0,0.9801468428384716
7456,7456,0.9810138357930427,1.0,0.9810138357930427
7457,7457,0.981861839145005,1.0,0.981861839145005
7458,7458,0.9826908194166374,1.0,0.9826908194166374
7459,7459,0.9835007438812177,1.0,0.9835007438812177
7460,7460,0.9842915805643159,1.0,0.9842915805643159
7461,7461,0.9850632982450529,1.0,0.9850632982450529
7462,7462,0.9858158664573372,1.0,0.9858158664573372
7463,7463,0.9865492554910632,1.0,0.9865492554910632
7464,7464,0.9872634363932887,1.0,0.9872634363932887
7465,7465,0.9879583809693735,1.0,0.9879583809693735
7466,7466,0.9886340617840967,1.0,0.9886340617840967
7467,7467,0.9892904521627365,1.0,0.9892904521627365
7468,7468,0.9899275261921234,1.0,0.9899275261921234
7469,7469,0.9905452587216672,1.0,0.9905452587216672
7470,7470,0.9911436253643443,1.0,0.9911436253643443
7471,7471,0.991722602497665,1.0,0.991722602497665
7472,7472,0.9922821672646025,1.0,0.9922821672646025
7473,7473,0.9928222975744992,1.0,0.9928222975744992
7474,7474,0.9933429721039337,1.0,0.9933429721039337
7475,7475,0.9938441702975689,1.0,0.9938441702975689
7476,7476,0.9943258723689572,1.0,0.9943258723689572
7477,7477,0.9947880593013255,1.0,0.9947880593013255
7478,7478,0.9952307128483259,1.0,0.9952307128483259
7479,7479,0.9956538155347532,1.0,0.9956538155347532
7480,7480,0.9960573506572391,1.0,0.9960573506572391
7481,7481,0.9964413022849067,1.0,0.9964413022849067
7482,7482,0.9968056552600044,1.0,0.9968056552600044
7483,7483,0.9971503951984994,1.0,0.9971503951984994
7484,7484,0.99747550849065,1.0,0.99747550849065
7485,7485,0.9977809823015401,1.0,0.9977809823015401
7486,7486,0.9980668045715861,1.0,0.9980668045715861
7487,7487,0.9983329640170151,1.0,0.9983329640170151
7488,7488,0.9985794501303069,1.0,0.9985794501303069
7489,7489,0.9988062531806127,1.0,0.9988062531806127
7490,7490,0.9990133642141357,1.0,0.9990133642141357
7491,7491,0.9992007750544876,1.0,0.9992007750544876
7492,7492,0.9993684783030087,1.0,0.9993684783030087
7493,7493,0.9995164673390624,1.0,0.9995164673390624
7494,7494,0.9996447363202947,1.0,0.9996447363202947
7495,7495,0.9997532801828658,1.0,0.9997532801828658
7496,7496,0.99984209464165,1.0,0.99984209464165
7497,7497,0.9999111761904046,1.0,0.9999111761904046
7498,7498,0.999960522101908,1.0,0.999960522101908
7499,7499,0.9999901304280686,1.0,0.9999901304280686
7500,7500,1.0,1.0,1.0
7501,7501,0.9999901304280686,1.0,0.9999901304280686
7502,7502,0.999960522101908,1.0,0.999960522101908
7503,7503,0.9999111761904046,1.0,0.9999111761904046
7504,7504,0.99984209464165,1.0,0.99984209464165
7505,7505,0.9997532801828658,1.0,0.9997532801828658
7506,7506,0.9996447363202945,1.0,0.9996447363202945
7507,7507,0.9995164673390624,1.0,0.9995164673390624
7508,7508,0.9993684783030089,1.0,0.9993684783030089
7509,7509,0.9992007750544876,1.0,0.9992007750544876
7510,7510,0.9990133642141359,1.0,0.9990133642141359
7511,7511,0.9988062531806127,1.0,0.9988062531806127
7512,7512,0.9985794501303069,1.0,0.9985794501303069
7513,7513,0.9983329640170149,1.0,0.9983329640170149
7514,7514,0.9980668045715861,1.0,0.9980668045715861
7515,7515,0.9977809823015401,1.0,0.9977809823015401
7516,7516,0.99747550849065,1.0,0.99747550849065
7517,7517,0.9971503951984996,1.0,0.9971503951984996
7518,7518,0.9968056552600042,1.0,0.9968056552600042
7519,7519,0.9964413022849069,1.0,0.9964413022849069
7520,7520,0.9960573506572389,1.0,0.9960573506572389
7521,7521,0.995653815534753,1.0,0.995653815534753
7522,7522,0.9952307128483256,1.0,0.9952307128483256
7523,7523,0.9947880593013253,1.0,0.9947880593013253
7524,7524,0.994325872368957,1.0,0.994325872368957
7525,7525,0.9938441702975687,1.0,0.9938441702975687
7526,7526,0.9933429721039342,1.0,0.9933429721039342
7527,7527,0.9928222975744988,1.0,0.9928222975744988
7528,7528,0.9922821672646027,1.0,0.9922821672646027
7529,7529,0.9917226024976648,1.0,0.9917226024976648
7530,7530,0.9911436253643439,1.0,0.9911436253643439
7531,7531,0.990545258721667,1.0,0.990545258721667
7532,7532,0.989927526192123,1.0,0.989927526192123
7533,7533,0.989290452162736,1.0,0.989290452162736
7534,7534,0.9886340617840963,1.0,0.9886340617840963
7535,7535,0.9879583809693737,1.0,0.9879583809693737
7536,7536,0.9872634363932883,1.0,0.9872634363932883
7537,7537,0.9865492554910634,1.0,0.9865492554910634
7538,7538,0.9858158664573368,1.0,0.9858158664573368
7539,7539,0.9850632982450525,1.0,0.9850632982450525
7540,7540,0.9842915805643154,1.0,0.9842915805643154
7541,7541,0.9835007438812172,1.0,0.9835007438812172
7542,7542,0.9826908194166369,1.0,0.9826908194166369
7543,7543,0.9818618391450046,1.0,0.9818618391450046
7544,7544,0.9810138357930431,1.0,0.9810138357930431
7545,7545,0.9801468428384713,1.0,0.9801468428384713
7546,7546,0.9792608945086884,1.0,0.9792608945086884
7547,7547,0.9783560257794149,1.0,0.9783560257794149
7548,7548,0.977432272373321,1.0,0.977432272373321
7549,7549,0.9764896707586093,1.0,0.9764896707586093
7550,7550,0.9755282581475763,1.0,0.9755282581475763
7551,7551,0.9745480724951474,1.0,0.9745480724951474
7552,7552,0.9735491524973716,1.0,0.9735491524973716
7553,7553,0.9725315375899026,1.0,0.9725315375899026
7554,7554,0.9714952679464318,1.0,0.9714952679464318
7555,7555,0.9704403844771131,1.0,0.9704403844771131
7556,7556,0.969366928826937,1.0,0.969366928826937
7557,7557,0.9682749433740955,1.0,0.9682749433740955
7558,7558,0.9671644712283058,1.0,0.9671644712283058
7559,7559,0.9660355562291048,1.0,0.9660355562291048
7560,7560,0.9648882429441258,1.0,0.9648882429441258
7561,7561,0.9637225766673301,1.0,0.9637225766673301
7562,7562,0.9625386034172293,1.0,0.9625386034172293
7563,7563,0.961336369935057,1.0,0.961336369935057
7564,7564,0.9601159236829356,1.0,0.9601159236829356
7565,7565,0.9588773128419903,1.0,0.9588773128419903
7566,7566,0.9576205863104579,1.0,0.9576205863104579
7567,7567,0.9563457937017514,1.0,0.9563457937017514
7568,7568,0.955052985342497,1.0,0.955052985342497
7569,7569,0.9537422122705584,1.0,0.9537422122705584
7570,7570,0.9524135262330092,1.0,0.9524135262330092
7571,7571,0.9510669796841018,1.0,0.9510669796841018
7572,7572,0.9497026257831851,1.0,0.9497026257831851
7573,7573,0.9483205183926183,1.0,0.9483205183926183
7574,7574,0.9469207120756316,1.0,0.9469207120756316
7575,7575,0.945503262094183,1.0,0.945503262094183
7576,7576,0.9440682244067721,1.0,0.9440682244067721
7577,7577,0.9426156556662267,1.0,0.9426156556662267
7578,7578,0.9411456132174768,1.0,0.9411456132174768
7579,7579,0.9396581550952774,1.0,0.9396581550952774
7580,7580,0.9381533400219322,1.0,0.9381533400219322
7581,7581,0.9366312274049596,1.0,0.9366312274049596
7582,7582,0.9350918773347634,1.0,0.9350918773347634
7583,7583,0.9335353505822447,1.0,0.9335353505822447
7584,7584,0.9319617085964166,1.0,0.9319617085964166
7585,7585,0.9303710135019718,1.0,0.9303710135019718
7586,7586,0.9287633280968253,1.0,0.9287633280968253
7587,7587,0.9271387158496477,1.0,0.9271387158496477
7588,7588,0.9254972408973452,1.0,0.9254972408973452
7589,7589,0.923838968042542,1.0,0.923838968042542
7590,7590,0.9221639627510069,1.0,0.9221639627510069
7591,7591,0.920472291149085,1.0,0.920472291149085
7592,7592,0.9187640200210705,1.0,0.9187640200210705
7593,7593,0.9170392168065843,0.0,0.9170392168065843
7594,7594,0.9152979495979062,1.0,0.9152979495979062
7595,7595,0.9135402871372799,0.0,0.9135402871372799
7596,7596,0.9117662988142137,1.0,0.9117662988142137
7597,7597,0.9099760546627254,1.0,0.9099760546627254
7598,7598,0.9081696253585922,1.0,0.9081696253585922
7599,7599,0.9063470822165464,1.0,0.9063470822165464
7600,7600,0.9045084971874743,1.0,0.9045084971874743
7601,7601,0.9026539428555604,1.0,0.9026539428555604
7602,7602,0.9007834924354371,0.0,0.9007834924354371
7603,7603,0.8988972197692853,1.0,0.8988972197692853
7604,7604,0.8969951993239165,1.0,0.8969951993239165
7605,7605,0.8950775061878453,1.0,0.8950775061878453
7606,7606,0.8931442160683085,1.0,0.8931442160683085
7607,7607,0.8911954052882943,1.0,0.8911954052882943
7608,7608,0.889231150783511,1.0,0.889231150783511
7609,7609,0.8872515300993675,1.0,0.8872515300993675
7610,7610,0.8852566213878942,1.0,0.8852566213878942
7611,7611,0.8832465034046735,0.0,0.8832465034046735
7612,7612,0.8812212555057237,1.0,0.8812212555057237
7613,7613,0.8791809576443597,0.0,0.8791809576443597
7614,7614,0.877125690368052,1.0,0.877125690368052
7615,7615,0.8750555348152288,1.0,0.8750555348152288
7616,7616,0.8729705727120914,1.0,0.8729705727120914
7617,7617,0.8708708863693688,1.0,0.8708708863693688
7618,7618,0.8687565586790875,1.0,0.8687565586790875
7619,7619,0.8666276731112794,1.0,0.8666276731112794
7620,7620,0.8644843137107042,1.0,0.8644843137107042
7621,7621,0.8623265650935231,1.0,0.8623265650935231
7622,7622,0.8601545124439521,1.0,0.8601545124439521
7623,7623,0.8579682415109157,0.0,0.8579682415109157
7624,7624,0.8557678386046417,1.0,0.8557678386046417
7625,7625,0.8535533905932742,1.0,0.8535533905932742
7626,7626,0.8513249848994239,1.0,0.8513249848994239
7627,7627,0.849082709496737,1.0,0.849082709496737
7628,7628,0.8468266529064019,1.0,0.8468266529064019
7629,7629,0.8445569041936726,1.0,0.8445569041936726
7630,7630,0.8422735529643441,1.0,0.8422735529643441
7631,7631,0.8399766893612083,0.0,0.8399766893612083
7632,7632,0.8376664040605124,1.0,0.8376664040605124
7633,7633,0.835342788268359,1.0,0.835342788268359
7634,7634,0.8330059337171262,1.0,0.8330059337171262
7635,7635,0.8306559326618252,1.0,0.8306559326618252
7636,7636,0.8282928778764788,1.0,0.8282928778764788
7637,7637,0.8259168626504388,1.0,0.8259168626504388
7638,7638,0.8235279807847204,0.0,0.8235279807847204
7639,7639,0.8211263265882919,0.0,0.8211263265882919
7640,7640,0.8187119948743433,0.0,0.8187119948743433
7641,7641,0.8162850809565623,0.0,0.8162850809565623
7642,7642,0.813845680645349,1.0,0.813845680645349
7643,7643,0.8113938902440566,1.0,0.8113938902440566
7644,7644,0.8089298065451662,1.0,0.8089298065451662
7645,7645,0.8064535268264889,1.0,0.8064535268264889
7646,7646,0.8039651488473021,0.0,0.8039651488473021
7647,7647,0.8014647708445134,1.0,0.8014647708445134
7648,7648,0.7989524915287592,1.0,0.7989524915287592
7649,7649,0.796428410080528,1.0,0.796428410080528
7650,7650,0.7938926261462367,1.0,0.7938926261462367
7651,7651,0.7913452398342867,1.0,0.7913452398342867
7652,7652,0.7887863517111341,0.0,0.7887863517111341
7653,7653,0.7862160627972945,1.0,0.7862160627972945
7654,7654,0.7836344745633789,1.0,0.7836344745633789
7655,7655,0.7810416889260646,0.0,0.7810416889260646
7656,7656,0.778437808244095,0.0,0.778437808244095
7657,7657,0.7758229353142149,1.0,0.7758229353142149
7658,7658,0.7731971733671329,1.0,0.7731971733671329
7659,7659,0.770560626063438,0.0,0.770560626063438
7660,7660,0.7679133974894969,1.0,0.7679133974894969
7661,7661,0.7652555921533672,0.0,0.7652555921533672
7662,7662,0.7625873149806469,1.0,0.7625873149806469
7663,7663,0.7599086713103556,0.0,0.7599086713103556
7664,7664,0.7572197668907525,1.0,0.7572197668907525
7665,7665,0.7545207078751868,1.0,0.7545207078751868
7666,7666,0.75181160081788,1.0,0.75181160081788
7667,7667,0.7490925526697437,1.0,0.7490925526697437
7668,7668,0.7463636707741459,0.0,0.7463636707741459
7669,7669,0.7436250628626648,1.0,0.7436250628626648
7670,7670,0.740876837050858,1.0,0.740876837050858
7671,7671,0.7381191018339684,0.0,0.7381191018339684
7672,7672,0.735351966082667,1.0,0.735351966082667
7673,7673,0.7325755390387285,1.0,0.7325755390387285
7674,7674,0.729789930310745,1.0,0.729789930310745
7675,7675,0.7269952498697729,1.0,0.7269952498697729
7676,7676,0.7241916080450144,1.0,0.7241916080450144
7677,7677,0.7213791155194508,1.0,0.7213791155194508
7678,7678,0.718557883325465,1.0,0.718557883325465
7679,7679,0.7157280228404799,1.0,0.7157280228404799
7680,7680,0.7128896457825352,1.0,0.7128896457825352
7681,7681,0.7100428642059038,1.0,0.7100428642059038
7682,7682,0.7071877904966415,1.0,0.7071877904966415
7683,7683,0.7043245373681756,0.0,0.7043245373681756
7684,7684,0.701453217856831,1.0,0.701453217856831
7685,7685,0.6985739453173885,1.0,0.6985739453173885
7686,7686,0.6956868334186013,1.0,0.6956868334186013
7687,7687,0.6927919961386969,1.0,0.6927919961386969
7688,7688,0.689889547760901,1.0,0.689889547760901
7689,7689,0.686979602868899,1.0,0.686979602868899
7690,7690,0.6840622763423397,0.0,0.6840622763423397
7691,7691,0.6811376833522721,1.0,0.6811376833522721
7692,7692,0.6782059393566265,1.0,0.6782059393566265
7693,7693,0.6752671600956291,0.0,0.6752671600956291
7694,7694,0.6723214615872566,1.0,0.6723214615872566
7695,7695,0.6693689601226457,0.0,0.6693689601226457
7696,7696,0.6664097722614919,0.0,0.6664097722614919
7697,7697,0.6634440148274716,0.0,0.6634440148274716
7698,7698,0.6604718049036037,1.0,0.6604718049036037
7699,7699,0.657493259827653,1.0,0.657493259827653
7700,7700,0.6545084971874728,1.0,0.6545084971874728
7701,7701,0.6515176348163881,0.0,0.6515176348163881
7702,7702,0.648520790788517,1.0,0.648520790788517
7703,7703,0.645518083414134,0.0,0.645518083414134
7704,7704,0.6425096312349879,1.0,0.6425096312349879
7705,7705,0.6394955530196131,1.0,0.6394955530196131
7706,7706,0.636475967758663,1.0,0.636475967758663
7707,7707,0.6334509946601865,1.0,0.6334509946601865
7708,7708,0.630420753144949,1.0,0.630420753144949
7709,7709,0.6273853628416903,1.0,0.6273853628416903
7710,7710,0.6243449435824285,0.0,0.6243449435824285
7711,7711,0.6212996153977033,0.0,0.6212996153977033
7712,7712,0.6182494985118603,1.0,0.6182494985118603
7713,7713,0.6151947133382952,0.0,0.6151947133382952
7714,7714,0.612135380474689,0.0,0.612135380474689
7715,7715,0.6090716206982716,0.0,0.6090716206982716
7716,7716,0.6060035549610262,0.0,0.6060035549610262
7717,7717,0.6029313043849414,1.0,0.6029313043849414
7718,7718,0.5998549902572027,0.0,0.5998549902572027
7719,7719,0.5967747340254312,1.0,0.5967747340254312
7720,7720,0.5936906572928619,0.0,0.5936906572928619
7721,7721,0.5906028818135666,1.0,0.5906028818135666
7722,7722,0.5875115294876381,1.0,0.5875115294876381
7723,7723,0.5844167223563653,0.0,0.5844167223563653
7724,7724,0.5813185825974422,1.0,0.5813185825974422
7725,7725,0.5782172325201143,0.0,0.5782172325201143
7726,7726,0.5751127945603792,1.0,0.5751127945603792
7727,7727,0.5720053912761252,1.0,0.5720053912761252
7728,7728,0.5688951453423201,1.0,0.5688951453423201
7729,7729,0.5657821795461407,0.0,0.5657821795461407
7730,7730,0.56266661678215,0.0,0.56266661678215
7731,7731,0.5595485800474349,1.0,0.5595485800474349
7732,7732,0.5564281924367391,1.0,0.5564281924367391
7733,7733,0.5533055771376302,1.0,0.5533055771376302
7734,7734,0.5501808574256061,0.0,0.5501808574256061
7735,7735,0.5470541566592578,1.0,0.5470541566592578
7736,7736,0.5439255982753707,0.0,0.5439255982753707
7737,7737,0.5407953057840799,0.0,0.5407953057840799
7738,7738,0.5376634027639657,0.0,0.5376634027639657
7739,7739,0.5345300128572008,0.0,0.5345300128572008
7740,7740,0.5313952597646565,1.0,0.5313952597646565
7741,7741,0.5282592672410106,0.0,0.5282592672410106
7742,7742,0.525122159089885,1.0,0.525122159089885
7743,7743,0.5219840591589311,1.0,0.5219840591589311
7744,7744,0.5188450913349679,0.0,0.5188450913349679
7745,7745,0.5157053795390631,0.0,0.5157053795390631
7746,7746,0.5125650477216698,1.0,0.5125650477216698
7747,7747,0.5094242198577036,0.0,0.5094242198577036
7748,7748,0.5062830199416742,1.0,0.5062830199416742
7749,7749,0.5031415719827793,1.0,0.5031415719827793
7750,7750,0.49999999999999833,1.0,0.49999999999999833
7751,7751,0.49685842801722074,0.0,0.49685842801722074
7752,7752,0.49371698005832243,0.0,0.49371698005832243
7753,7753,0.4905757801422965,1.0,0.4905757801422965
7754,7754,0.4874349522783302,1.0,0.4874349522783302
7755,7755,0.4842946204609369,1.0,0.4842946204609369
7756,7756,0.48115490866503224,0.0,0.48115490866503224
7757,7757,0.47801594084106547,1.0,0.47801594084106547
7758,7758,0.4748778409101151,1.0,0.4748778409101151
7759,7759,0.4717407327589861,0.0,0.4717407327589861
7760,7760,0.46860474023534354,0.0,0.46860474023534354
7761,7761,0.4654699871427958,1.0,0.4654699871427958
7762,7762,0.46233659723603426,0.0,0.46233659723603426
7763,7763,0.45920469421592025,0.0,0.45920469421592025
7764,7764,0.4560744017246294,0.0,0.4560744017246294
7765,7765,0.4529458433407422,0.0,0.4529458433407422
7766,7766,0.44981914257439043,0.0,0.44981914257439043
7767,7767,0.4466944228623699,0.0,0.4466944228623699
7768,7768,0.4435718075632574,0.0,0.4435718075632574
7769,7769,0.4404514199525654,1.0,0.4404514199525654
7770,7770,0.4373333832178465,1.0,0.4373333832178465
7771,7771,0.43421782045385937,1.0,0.43421782045385937
7772,7772,0.43110485465768006,0.0,0.43110485465768006
7773,7773,0.42799460872387485,0.0,0.42799460872387485
7774,7774,0.42488720543962094,0.0,0.42488720543962094
7775,7775,0.4217827674798824,1.0,0.4217827674798824
7776,7776,0.41868141740255793,0.0,0.41868141740255793
7777,7777,0.4155832776436313,0.0,0.4155832776436313
7778,7778,0.4124884705123622,1.0,0.4124884705123622
7779,7779,0.40939711818643,1.0,0.40939711818643
7780,7780,0.4063093427071383,0.0,0.4063093427071383
7781,7781,0.4032252659745689,0.0,0.4032252659745689
7782,7782,0.40014500974279743,0.0,0.40014500974279743
7783,7783,0.3970686956150588,0.0,0.3970686956150588
7784,7784,0.3939964450389706,0.0,0.3939964450389706
7785,7785,0.39092837930172847,0.0,0.39092837930172847
7786,7786,0.3878646195253077,0.0,0.3878646195253077
7787,7787,0.3848052866617048,0.0,0.3848052866617048
7788,7788,0.3817505014881363,0.0,0.3817505014881363
7789,7789,0.3787003846022969,0.0,0.3787003846022969
7790,7790,0.37565505641757163,0.0,0.37565505641757163
7791,7791,0.3726146371583099,1.0,0.3726146371583099
7792,7792,0.369579246855051,0.0,0.369579246855051
7793,7793,0.3665490053398101,0.0,0.3665490053398101
7794,7794,0.3635240322413372,0.0,0.3635240322413372
7795,7795,0.3605044469803836,0.0,0.3605044469803836
7796,7796,0.3574903687650121,0.0,0.3574903687650121
7797,7797,0.3544819165858628,0.0,0.3544819165858628
7798,7798,0.35147920921148307,0.0,0.35147920921148307
7799,7799,0.34848236518361203,0.0,0.34848236518361203
7800,7800,0.3454915028125272,0.0,0.3454915028125272
7801,7801,0.342506740172347,0.0,0.342506740172347
7802,7802,0.33952819509639315,0.0,0.33952819509639315
7803,7803,0.33655598517252855,0.0,0.33655598517252855
7804,7804,0.33359022773850494,1.0,0.33359022773850494
7805,7805,0.3306310398773544,0.0,0.3306310398773544
7806,7806,0.3276785384127401,0.0,0.3276785384127401
7807,7807,0.324732839904371,1.0,0.324732839904371
7808,7808,0.3217940606433737,1.0,0.3217940606433737
7809,7809,0.318862316647728,0.0,0.318862316647728
7810,7810,0.3159377236576604,0.0,0.3159377236576604
7811,7811,0.3130203971310977,1.0,0.3130203971310977
7812,7812,0.3101104522390993,0.0,0.3101104522390993
7813,7813,0.30720800386130004,0.0,0.30720800386130004
7814,7814,0.30431316658139895,1.0,0.30431316658139895
7815,7815,0.3014260546826084,0.0,0.3014260546826084
7816,7816,0.2985467821431692,0.0,0.2985467821431692
7817,7817,0.29567546263182454,0.0,0.29567546263182454
7818,7818,0.29281220950335873,0.0,0.29281220950335873
7819,7819,0.2899571357940963,0.0,0.2899571357940963
7820,7820,0.28711035421746167,0.0,0.28711035421746167
7821,7821,0.28427197715952024,0.0,0.28427197715952024
7822,7822,0.2814421166745319,0.0,0.2814421166745319
7823,7823,0.2786208844805493,1.0,0.2786208844805493
7824,7824,0.2758083919549826,1.0,0.2758083919549826
7825,7825,0.2730047501302271,0.0,0.2730047501302271
7826,7826,0.2702100696892551,0.0,0.2702100696892551
7827,7827,0.26742446096127165,0.0,0.26742446096127165
7828,7828,0.2646480339173331,0.0,0.2646480339173331
7829,7829,0.2618808981660285,1.0,0.2618808981660285
7830,7830,0.25912316294914217,0.0,0.25912316294914217
7831,7831,0.2563749371373322,0.0,0.2563749371373322
7832,7832,0.2536363292258543,0.0,0.2536363292258543
7833,7833,0.25090744733025333,0.0,0.25090744733025333
7834,7834,0.24818839918212002,0.0,0.24818839918212002
7835,7835,0.24547929212481343,0.0,0.24547929212481343
7836,7836,0.24278023310924754,0.0,0.24278023310924754
7837,7837,0.2400913286896447,1.0,0.2400913286896447
7838,7838,0.2374126850193502,1.0,0.2374126850193502
7839,7839,0.23474440784663275,0.0,0.23474440784663275
7840,7840,0.2320866025105001,1.0,0.2320866025105001
7841,7841,0.22943937393656216,0.0,0.22943937393656216
7842,7842,0.2268028266328642,0.0,0.2268028266328642
7843,7843,0.22417706468578527,0.0,0.22417706468578527
7844,7844,0.22156219175590508,0.0,0.22156219175590508
7845,7845,0.21895831107393546,0.0,0.21895831107393546
7846,7846,0.21636552543662116,0.0,0.21636552543662116
7847,7847,0.2137839372027027,0.0,0.2137839372027027
7848,7848,0.21121364828886596,0.0,0.21121364828886596
7849,7849,0.20865476016571044,1.0,0.20865476016571044
7850,7850,0.2061073738537635,0.0,0.2061073738537635
7851,7851,0.20357158991946916,0.0,0.20357158991946916
7852,7852,0.20104750847124095,0.0,0.20104750847124095
7853,7853,0.19853522915548674,0.0,0.19853522915548674
7854,7854,0.19603485115269798,0.0,0.19603485115269798
7855,7855,0.19354647317351117,0.0,0.19354647317351117
7856,7856,0.191070193454831,0.0,0.191070193454831
7857,7857,0.1886061097559435,0.0,0.1886061097559435
7858,7858,0.18615431935464827,0.0,0.18615431935464827
7859,7859,0.1837149190434378,0.0,0.1837149190434378
7860,7860,0.18128800512565396,0.0,0.18128800512565396
7861,7861,0.17887367341170815,0.0,0.17887367341170815
7862,7862,0.176472019215277,0.0,0.176472019215277
7863,7863,0.17408313734956127,0.0,0.17408313734956127
7864,7864,0.17170712212352124,0.0,0.17170712212352124
7865,7865,0.16934406733817498,0.0,0.16934406733817498
7866,7866,0.16699406628287392,0.0,0.16699406628287392
7867,7867,0.16465721173163855,1.0,0.16465721173163855
7868,7868,0.16233359593948782,0.0,0.16233359593948782
7869,7869,0.16002331063878927,0.0,0.16002331063878927
7870,7870,0.15772644703565597,0.0,0.15772644703565597
7871,7871,0.15544309580632495,0.0,0.15544309580632495
7872,7872,0.1531733470935981,0.0,0.1531733470935981
7873,7873,0.1509172905032631,0.0,0.1509172905032631
7874,7874,0.14867501510057624,0.0,0.14867501510057624
7875,7875,0.146446609406726,0.0,0.146446609406726
7876,7876,0.14423216139535594,0.0,0.14423216139535594
7877,7877,0.14203175848908445,0.0,0.14203175848908445
7878,7878,0.13984548755604548,0.0,0.13984548755604548
7879,7879,0.13767343490647696,0.0,0.13767343490647696
7880,7880,0.13551568628929342,1.0,0.13551568628929342
7881,7881,0.13337232688872053,0.0,0.13337232688872053
7882,7882,0.13124344132091254,0.0,0.13124344132091254
7883,7883,0.12912911363063118,0.0,0.12912911363063118
7884,7884,0.1270294272879087,0.0,0.1270294272879087
7885,7885,0.12494446518476894,0.0,0.12494446518476894
7886,7886,0.1228743096319481,1.0,0.1228743096319481
7887,7887,0.12081904235563806,0.0,0.12081904235563806
7888,7888,0.11877874449427633,0.0,0.11877874449427633
7889,7889,0.1167534965953243,0.0,0.1167534965953243
7890,7890,0.1147433786121059,0.0,0.1147433786121059
7891,7891,0.1127484699006326,0.0,0.1127484699006326
7892,7892,0.11076884921648901,0.0,0.11076884921648901
7893,7893,0.1088045947117057,0.0,0.1088045947117057
7894,7894,0.10685578393168935,0.0,0.10685578393168935
7895,7895,0.10492249381215481,0.0,0.10492249381215481
7896,7896,0.10300480067608137,0.0,0.10300480067608137
7897,7897,0.10110278023071473,0.0,0.10110278023071473
7898,7898,0.099216507564561,0.0,0.099216507564561
7899,7899,0.09734605714443949,0.0,0.09734605714443949
7900,7900,0.09549150281252583,0.0,0.09549150281252583
7901,7901,0.09365291778345369,0.0,0.09365291778345369
7902,7902,0.09183037464140777,0.0,0.09183037464140777
7903,7903,0.0900239453372727,0.0,0.0900239453372727
7904,7904,0.08823370118578626,0.0,0.08823370118578626
7905,7905,0.0864597128627182,0.0,0.0864597128627182
7906,7906,0.0847020504020939,0.0,0.0847020504020939
7907,7907,0.08296078319341375,0.0,0.08296078319341375
7908,7908,0.08123597997892955,0.0,0.08123597997892955
7909,7909,0.07952770885091501,0.0,0.07952770885091501
7910,7910,0.07783603724899306,0.0,0.07783603724899306
7911,7911,0.07616103195745814,0.0,0.07616103195745814
7912,7912,0.074502759102653,0.0,0.074502759102653
7913,7913,0.07286128415035238,0.0,0.07286128415035238
7914,7914,0.07123667190317304,0.0,0.07123667190317304
7915,7915,0.06962898649802837,0.0,0.06962898649802837
7916,7916,0.06803829140358171,0.0,0.06803829140358171
7917,7917,0.06646464941775534,0.0,0.06646464941775534
7918,7918,0.06490812266523677,1.0,0.06490812266523677
7919,7919,0.06336877259504047,0.0,0.06336877259504047
7920,7920,0.061846659978067986,0.0,0.061846659978067986
7921,7921,0.06034184490472091,0.0,0.06034184490472091
7922,7922,0.05885438678252333,1.0,0.05885438678252333
7923,7923,0.057384344333771625,0.0,0.057384344333771625
7924,7924,0.05593177559322789,0.0,0.05593177559322789
7925,7925,0.0544967379058155,0.0,0.0544967379058155
7926,7926,0.05307928792436843,0.0,0.05307928792436843
7927,7927,0.051679481607381686,0.0,0.051679481607381686
7928,7928,0.050297374216814975,0.0,0.050297374216814975
7929,7929,0.04893302031589838,1.0,0.04893302031589838
7930,7930,0.04758647376698937,0.0,0.04758647376698937
7931,7931,0.0462577877294415,0.0,0.0462577877294415
7932,7932,0.04494701465750147,0.0,0.04494701465750147
7933,7933,0.04365420629824872,0.0,0.04365420629824872
7934,7934,0.04237941368954071,0.0,0.04237941368954071
7935,7935,0.041122687158009714,1.0,0.041122687158009714
7936,7936,0.03988407631706449,0.0,0.03988407631706449
7937,7937,0.038663630064943,0.0,0.038663630064943
7938,7938,0.0374613965827708,0.0,0.0374613965827708
7939,7939,0.03627742333266857,0.0,0.03627742333266857
7940,7940,0.035111757055874264,0.0,0.035111757055874264
7941,7941,0.03396444377089391,0.0,0.03396444377089391
7942,7942,0.03283552877169408,0.0,0.03283552877169408
7943,7943,0.03172505662590337,0.0,0.03172505662590337
7944,7944,0.030633071173063197,0.0,0.030633071173063197
7945,7945,0.02955961552288696,0.0,0.02955961552288696
7946,7946,0.02850473205356812,0.0,0.02850473205356812
7947,7947,0.027468462410097413,0.0,0.027468462410097413
7948,7948,0.026450847502627193,0.0,0.026450847502627193
7949,7949,0.02545192750485267,0.0,0.02545192750485267
7950,7950,0.024471741852422693,0.0,0.024471741852422693
7951,7951,0.023510329241390675,0.0,0.023510329241390675
7952,7952,0.022567727626678132,0.0,0.022567727626678132
7953,7953,0.021643974220584953,0.0,0.021643974220584953
7954,7954,0.0207391054913118,0.0,0.0207391054913118
7955,7955,0.019853157161528762,0.0,0.019853157161528762
7956,7956,0.018986164206956913,0.0,0.018986164206956913
7957,7957,0.018138160854994582,0.0,0.018138160854994582
7958,7958,0.01730918058336302,0.0,0.01730918058336302
7959,7959,0.016499256118782033,0.0,0.016499256118782033
7960,7960,0.015708419435684507,0.0,0.015708419435684507
7961,7961,0.014936701754946758,0.0,0.014936701754946758
7962,7962,0.014184133542663187,0.0,0.014184133542663187
7963,7963,0.013450744508936505,0.0,0.013450744508936505
7964,7964,0.01273656360671166,0.0,0.01273656360671166
7965,7965,0.012041619030626186,0.0,0.012041619030626186
7966,7966,0.011365938215902822,0.0,0.011365938215902822
7967,7967,0.010709547837263921,0.0,0.010709547837263921
7968,7968,0.010072473807876223,0.0,0.010072473807876223
7969,7969,0.009454741278333005,0.0,0.009454741278333005
7970,7970,0.00885637463565541,0.0,0.00885637463565541
7971,7971,0.008277397502335273,0.0,0.008277397502335273
7972,7972,0.007717832735397144,0.0,0.007717832735397144
7973,7973,0.007177702425501157,0.0,0.007177702425501157
7974,7974,0.006657027896065875,0.0,0.006657027896065875
7975,7975,0.0061558297024308034,0.0,0.0061558297024308034
7976,7976,0.005674127631042972,0.0,0.005674127631042972
7977,7977,0.0052119406986742625,0.0,0.0052119406986742625
7978,7978,0.004769287151674423,0.0,0.004769287151674423
7979,7979,0.004346184465246539,0.0,0.004346184465246539
7980,7980,0.003942649342761163,0.0,0.003942649342761163
7981,7981,0.0035586977150930533,0.0,0.0035586977150930533
7982,7982,0.00319434473999591,0.0,0.00319434473999591
7983,7983,0.0028496048015004922,0.0,0.0028496048015004922
7984,7984,0.0025244915093497063,0.0,0.0025244915093497063
7985,7985,0.002219017698459977,0.0,0.002219017698459977
7986,7986,0.0019331954284136127,0.0,0.0019331954284136127
7987,7987,0.0016670359829850756,0.0,0.0016670359829850756
7988,7988,0.001420549869692931,0.0,0.001420549869692931
7989,7989,0.001193746819387437,0.0,0.001193746819387437
7990,7990,0.0009866357858641578,0.0,0.0009866357858641578
7991,7991,0.0007992249455125345,0.0,0.0007992249455125345
7992,7992,0.0006315216969912217,0.0,0.0006315216969912217
7993,7993,0.00048353266093754005,0.0,0.00048353266093754005
7994,7994,0.000355263679705369,0.0,0.000355263679705369
7995,7995,0.0002467198171341658,0.0,0.0002467198171341658
7996,7996,0.0001579053583500134,0.0,0.0001579053583500134
7997,7997,8.882380959546905e-05,0.0,8.882380959546905e-05
7998,7998,3.947789809194726e-05,0.0,3.947789809194726e-05
7999,7999,9.869571931428842e-06,0.0,9.869571931428842e-06
8000,8000,9.598462609035889e-31,0.0,9.598462609035889e-31
8001,8001,9.869571931438854e-06,0.0,9.869571931438854e-06
8002,8002,3.9477898091967285e-05,0.0,3.9477898091967285e-05
8003,8003,8.882380959549909e-05,0.0,8.882380959549909e-05
8004,8004,0.00015790535835005345,0.0,0.00015790535835005345
8005,8005,0.0002467198171342158,0.0,0.0002467198171342158
8006,8006,0.00035526367970542907,0.0,0.00035526367970542907
8007,8007,0.0004835326609376101,0.0,0.0004835326609376101
8008,8008,0.0006315216969913019,0.0,0.0006315216969913019
8009,8009,0.0007992249455124239,0.0,0.0007992249455124239
8010,8010,0.0009866357858642576,0.0,0.0009866357858642576
8011,8011,0.0011937468193875468,0.0,0.0011937468193875468
8012,8012,0.0014205498696930508,0.0,0.0014205498696930508
8013,8013,0.001667035982985206,0.0,0.001667035982985206
8014,8014,0.001933195428413753,0.0,0.001933195428413753
8015,8015,0.0022190176984601268,0.0,0.0022190176984601268
8016,8016,0.002524491509349866,0.0,0.002524491509349866
8017,8017,0.002849604801500662,0.0,0.002849604801500662
8018,8018,0.003194344739995689,0.0,0.003194344739995689
8019,8019,0.003558697715093243,0.0,0.003558697715093243
8020,8020,0.003942649342761361,0.0,0.003942649342761361
8021,8021,0.004346184465246749,0.0,0.004346184465246749
8022,8022,0.00476928715167464,0.0,0.00476928715167464
8023,8023,0.005211940698674493,0.0,0.005211940698674493
8024,8024,0.005674127631043211,0.0,0.005674127631043211
8025,8025,0.0061558297024310515,0.0,0.0061558297024310515
8026,8026,0.006657027896066136,0.0,0.006657027896066136
8027,8027,0.0071777024255008275,0.0,0.0071777024255008275
8028,8028,0.007717832735397423,0.0,0.007717832735397423
8029,8029,0.008277397502335564,0.0,0.008277397502335564
8030,8030,0.008856374635655707,0.0,0.008856374635655707
8031,8031,0.009454741278333314,0.0,0.009454741278333314
8032,8032,0.01007247380787654,0.0,0.01007247380787654
8033,8033,0.010709547837264249,0.0,0.010709547837264249
8034,8034,0.01136593821590316,0.0,0.01136593821590316
8035,8035,0.012041619030626532,0.0,0.012041619030626532
8036,8036,0.01273656360671122,0.0,0.01273656360671122
8037,8037,0.013450744508936872,0.0,0.013450744508936872
8038,8038,0.014184133542663563,0.0,0.014184133542663563
8039,8039,0.014936701754947145,0.0,0.014936701754947145
8040,8040,0.015708419435684903,0.0,0.015708419435684903
8041,8041,0.016499256118782443,0.0,0.016499256118782443
8042,8042,0.017309180583363438,0.0,0.017309180583363438
8043,8043,0.01813816085499501,0.0,0.01813816085499501
8044,8044,0.01898616420695735,0.0,0.01898616420695735
8045,8045,0.019853157161528214,0.0,0.019853157161528214
8046,8046,0.02073910549131225,0.0,0.02073910549131225
8047,8047,0.021643974220585418,0.0,0.021643974220585418
8048,8048,0.022567727626678608,0.0,0.022567727626678608
8049,8049,0.02351032924139116,0.0,0.02351032924139116
8050,8050,0.02447174185242319,0.0,0.02447174185242319
8051,8051,0.025451927504853172,0.0,0.025451927504853172
8052,8052,0.0264508475026277,0.0,0.0264508475026277
8053,8053,0.027468462410097937,0.0,0.027468462410097937
8054,8054,0.028504732053567475,0.0,0.028504732053567475
8055,8055,0.029559615522887505,0.0,0.029559615522887505
8056,8056,0.03063307117306374,0.0,0.03063307117306374
8057,8057,0.03172505662590394,0.0,0.03172505662590394
8058,8058,0.03283552877169465,0.0,0.03283552877169465
8059,8059,0.03396444377089449,0.0,0.03396444377089449
8060,8060,0.03511175705587485,0.0,0.03511175705587485
8061,8061,0.03627742333266916,0.0,0.03627742333266916
8062,8062,0.037461396582771395,0.0,0.037461396582771395
8063,8063,0.03866363006494225,0.0,0.03866363006494225
8064,8064,0.039884076317065115,0.0,0.039884076317065115
8065,8065,0.041122687158010346,0.0,0.041122687158010346
8066,8066,0.042379413689541345,0.0,0.042379413689541345
8067,8067,0.04365420629824937,0.0,0.04365420629824937
8068,8068,0.04494701465750213,0.0,0.04494701465750213
8069,8069,0.046257787729442175,0.0,0.046257787729442175
8070,8070,0.047586473766990045,0.0,0.047586473766990045
8071,8071,0.048933020315899065,0.0,0.048933020315899065
8072,8072,0.050297374216814114,0.0,0.050297374216814114
8073,8073,0.051679481607382394,0.0,0.051679481607382394
8074,8074,0.05307928792436915,0.0,0.05307928792436915
8075,8075,0.05449673790581623,0.0,0.05449673790581623
8076,8076,0.05593177559322863,0.0,0.05593177559322863
8077,8077,0.057384344333772375,0.0,0.057384344333772375
8078,8078,0.058854386782524075,0.0,0.058854386782524075
8079,8079,0.06034184490472167,0.0,0.06034184490472167
8080,8080,0.06184665997806876,0.0,0.06184665997806876
8081,8081,0.06336877259503951,0.0,0.06336877259503951
8082,8082,0.06490812266523753,0.0,0.06490812266523753
8083,8083,0.06646464941775436,0.0,0.06646464941775436
8084,8084,0.06803829140358252,0.0,0.06803829140358252
8085,8085,0.06962898649802916,0.0,0.06962898649802916
8086,8086,0.07123667190317384,0.0,0.07123667190317384
8087,8087,0.07286128415035321,0.0,0.07286128415035321
8088,8088,0.07450275910265385,0.0,0.07450275910265385
8089,8089,0.076161031957459,0.0,0.076161031957459
8090,8090,0.07783603724899205,0.0,0.07783603724899205
8091,8091,0.07952770885091588,1.0,0.07952770885091588
8092,8092,0.0812359799789285,0.0,0.0812359799789285
8093,8093,0.08296078319341461,0.0,0.08296078319341461
8094,8094,0.08470205040209476,0.0,0.08470205040209476
8095,8095,0.08645971286271908,0.0,0.08645971286271908
8096,8096,0.08823370118578718,0.0,0.08823370118578718
8097,8097,0.0900239453372736,0.0,0.0900239453372736
8098,8098,0.09183037464140871,0.0,0.09183037464140871
8099,8099,0.09365291778345257,0.0,0.09365291778345257
8100,8100,0.09549150281252675,1.0,0.09549150281252675
8101,8101,0.09734605714443831,0.0,0.09734605714443831
8102,8102,0.09921650756456195,0.0,0.09921650756456195
8103,8103,0.10110278023071569,0.0,0.10110278023071569
8104,8104,0.10300480067608234,0.0,0.10300480067608234
8105,8105,0.10492249381215578,0.0,0.10492249381215578
8106,8106,0.10685578393169032,0.0,0.10685578393169032
8107,8107,0.10880459471170668,0.0,0.10880459471170668
8108,8108,0.11076884921648779,1.0,0.11076884921648779
8109,8109,0.11274846990063361,0.0,0.11274846990063361
8110,8110,0.11474337861210462,0.0,0.11474337861210462
8111,8111,0.11675349659532533,0.0,0.11675349659532533
8112,8112,0.11877874449427736,0.0,0.11877874449427736
8113,8113,0.1208190423556391,0.0,0.1208190423556391
8114,8114,0.12287430963194915,0.0,0.12287430963194915
8115,8115,0.12494446518476997,0.0,0.12494446518476997
8116,8116,0.12702942728790975,0.0,0.12702942728790975
8117,8117,0.1291291136306299,0.0,0.1291291136306299
8118,8118,0.13124344132091362,0.0,0.13124344132091362
8119,8119,0.1333723268887192,0.0,0.1333723268887192
8120,8120,0.13551568628929453,0.0,0.13551568628929453
8121,8121,0.13767343490647807,0.0,0.13767343490647807
8122,8122,0.13984548755604656,0.0,0.13984548755604656
8123,8123,0.14203175848908553,0.0,0.14203175848908553
8124,8124,0.14423216139535708,0.0,0.14423216139535708
8125,8125,0.1464466094067271,0.0,0.1464466094067271
8126,8126,0.14867501510057488,0.0,0.14867501510057488
8127,8127,0.15091729050326427,0.0,0.15091729050326427
8128,8128,0.1531733470935967,1.0,0.1531733470935967
8129,8129,0.1554430958063261,1.0,0.1554430958063261
8130,8130,0.15772644703565714,0.0,0.15772644703565714
8131,8131,0.16002331063879044,0.0,0.16002331063879044
8132,8132,0.16233359593948898,0.0,0.16233359593948898
8133,8133,0.16465721173163972,1.0,0.16465721173163972
8134,8134,0.16699406628287514,0.0,0.16699406628287514
8135,8135,0.1693440673381735,0.0,0.1693440673381735
8136,8136,0.17170712212352243,1.0,0.17170712212352243
8137,8137,0.1740831373495598,0.0,0.1740831373495598
8138,8138,0.17647201921527822,0.0,0.17647201921527822
8139,8139,0.17887367341170937,0.0,0.17887367341170937
8140,8140,0.1812880051256552,0.0,0.1812880051256552
8141,8141,0.18371491904343903,0.0,0.18371491904343903
8142,8142,0.18615431935464952,0.0,0.18615431935464952
8143,8143,0.18860610975594475,0.0,0.18860610975594475
8144,8144,0.19107019345483228,0.0,0.19107019345483228
8145,8145,0.19354647317351242,0.0,0.19354647317351242
8146,8146,0.19603485115269645,1.0,0.19603485115269645
8147,8147,0.19853522915548802,0.0,0.19853522915548802
8148,8148,0.20104750847124223,0.0,0.20104750847124223
8149,8149,0.20357158991947047,0.0,0.20357158991947047
8150,8150,0.20610737385376482,0.0,0.20610737385376482
8151,8151,0.20865476016571174,0.0,0.20865476016571174
8152,8152,0.21121364828886724,0.0,0.21121364828886724
8153,8153,0.21378393720270397,1.0,0.21378393720270397
8154,8154,0.2163655254366225,0.0,0.2163655254366225
8155,8155,0.2189583110739338,0.0,0.2189583110739338
8156,8156,0.2215621917559064,0.0,0.2215621917559064
8157,8157,0.2241770646857866,0.0,0.2241770646857866
8158,8158,0.22680282663286558,0.0,0.22680282663286558
8159,8159,0.2294393739365635,0.0,0.2294393739365635
8160,8160,0.23208660251050148,1.0,0.23208660251050148
8161,8161,0.23474440784663408,0.0,0.23474440784663408
8162,8162,0.23741268501935156,0.0,0.23741268501935156
8163,8163,0.24009132868964606,0.0,0.24009132868964606
8164,8164,0.24278023310924585,0.0,0.24278023310924585
8165,8165,0.24547929212481479,1.0,0.24547929212481479
8166,8166,0.2481883991821214,0.0,0.2481883991821214
8167,8167,0.25090744733025466,0.0,0.25090744733025466
8168,8168,0.2536363292258557,0.0,0.2536363292258557
8169,8169,0.2563749371373336,0.0,0.2563749371373336
8170,8170,0.2591231629491435,0.0,0.2591231629491435
8171,8171,0.2618808981660299,0.0,0.2618808981660299
8172,8172,0.2646480339173345,0.0,0.2646480339173345
8173,8173,0.2674244609612699,0.0,0.2674244609612699
8174,8174,0.2702100696892565,0.0,0.2702100696892565
8175,8175,0.2730047501302285,0.0,0.2730047501302285
8176,8176,0.275808391954984,0.0,0.275808391954984
8177,8177,0.27862088448055083,0.0,0.27862088448055083
8178,8178,0.2814421166745333,0.0,0.2814421166745333
8179,8179,0.2842719771595217,0.0,0.2842719771595217
8180,8180,0.2871103542174631,0.0,0.2871103542174631
8181,8181,0.28995713579409776,1.0,0.28995713579409776
8182,8182,0.292812209503357,0.0,0.292812209503357
8183,8183,0.295675462631826,0.0,0.295675462631826
8184,8184,0.29854678214317065,1.0,0.29854678214317065
8185,8185,0.30142605468260986,0.0,0.30142605468260986
8186,8186,0.30431316658140045,0.0,0.30431316658140045
8187,8187,0.30720800386130154,0.0,0.30720800386130154
8188,8188,0.3101104522391008,1.0,0.3101104522391008
8189,8189,0.3130203971310992,1.0,0.3130203971310992
8190,8190,0.3159377236576619,0.0,0.3159377236576619
8191,8191,0.31886231664772624,0.0,0.31886231664772624
8192,8192,0.3217940606433752,1.0,0.3217940606433752
8193,8193,0.3247328399043725,1.0,0.3247328399043725
8194,8194,0.3276785384127416,1.0,0.3276785384127416
8195,8195,0.330631039877356,0.0,0.330631039877356
8196,8196,0.33359022773850644,0.0,0.33359022773850644
8197,8197,0.3365559851725301,0.0,0.3365559851725301
8198,8198,0.3395281950963947,0.0,0.3395281950963947
8199,8199,0.34250674017234856,1.0,0.34250674017234856
8200,8200,0.3454915028125254,1.0,0.3454915028125254
8201,8201,0.34848236518361364,1.0,0.34848236518361364
8202,8202,0.3514792092114846,0.0,0.3514792092114846
8203,8203,0.35448191658586425,0.0,0.35448191658586425
8204,8204,0.3574903687650136,0.0,0.3574903687650136
8205,8205,0.3605044469803852,0.0,0.3605044469803852
8206,8206,0.36352403224133867,0.0,0.36352403224133867
8207,8207,0.3665490053398117,0.0,0.3665490053398117
8208,8208,0.36957924685505245,0.0,0.36957924685505245
8209,8209,0.372614637158308,0.0,0.372614637158308
8210,8210,0.37565505641757313,0.0,0.37565505641757313
8211,8211,0.3787003846022984,1.0,0.3787003846022984
8212,8212,0.3817505014881379,0.0,0.3817505014881379
8213,8213,0.3848052866617065,0.0,0.3848052866617065
8214,8214,0.3878646195253092,0.0,0.3878646195253092
8215,8215,0.39092837930173013,0.0,0.39092837930173013
8216,8216,0.39399644503897213,0.0,0.39399644503897213
8217,8217,0.39706869561506036,0.0,0.39706869561506036
8218,8218,0.4001450097427955,0.0,0.4001450097427955
8219,8219,0.4032252659745705,0.0,0.4032252659745705
8220,8220,0.40630934270713986,0.0,0.40630934270713986
8221,8221,0.40939711818643154,0.0,0.40939711818643154
8222,8222,0.41248847051236376,0.0,0.41248847051236376
8223,8223,0.4155832776436329,0.0,0.4155832776436329
8224,8224,0.41868141740255965,1.0,0.41868141740255965
8225,8225,0.42178276747988397,1.0,0.42178276747988397
8226,8226,0.42488720543962255,1.0,0.42488720543962255
8227,8227,0.42799460872387296,0.0,0.42799460872387296
8228,8228,0.43110485465768167,1.0,0.43110485465768167
8229,8229,0.434217820453861,0.0,0.434217820453861
8230,8230,0.4373333832178481,0.0,0.4373333832178481
8231,8231,0.44045141995256704,0.0,0.44045141995256704
8232,8232,0.4435718075632589,1.0,0.4435718075632589
8233,8233,0.44669442286237154,1.0,0.44669442286237154
8234,8234,0.44981914257439204,1.0,0.44981914257439204
8235,8235,0.45294584334074384,0.0,0.45294584334074384
8236,8236,0.45607440172462754,0.0,0.45607440172462754
8237,8237,0.4592046942159219,1.0,0.4592046942159219
8238,8238,0.4623365972360358,0.0,0.4623365972360358
8239,8239,0.4654699871427973,1.0,0.4654699871427973
8240,8240,0.4686047402353452,0.0,0.4686047402353452
8241,8241,0.4717407327589876,1.0,0.4717407327589876
8242,8242,0.4748778409101166,1.0,0.4748778409101166
8243,8243,0.478015940841067,0.0,0.478015940841067
8244,8244,0.48115490866503374,0.0,0.48115490866503374
8245,8245,0.4842946204609349,1.0,0.4842946204609349
8246,8246,0.48743495227833195,0.0,0.48743495227833195
8247,8247,0.49057578014229825,0.0,0.49057578014229825
8248,8248,0.493716980058324,0.0,0.493716980058324
8249,8249,0.49685842801722235,1.0,0.49685842801722235
8250,8250,0.4999999999999999,1.0,0.4999999999999999
8251,8251,0.5031415719827809,0.0,0.5031415719827809
8252,8252,0.5062830199416758,1.0,0.5062830199416758
8253,8253,0.5094242198577051,0.0,0.5094242198577051
8254,8254,0.5125650477216679,1.0,0.5125650477216679
8255,8255,0.5157053795390648,1.0,0.5157053795390648
8256,8256,0.5188450913349696,0.0,0.5188450913349696
8257,8257,0.5219840591589328,1.0,0.5219840591589328
8258,8258,0.5251221590898866,0.0,0.5251221590898866
8259,8259,0.5282592672410121,1.0,0.5282592672410121
8260,8260,0.5313952597646582,1.0,0.5313952597646582
8261,8261,0.5345300128572024,1.0,0.5345300128572024
8262,8262,0.5376634027639675,0.0,0.5376634027639675
8263,8263,0.5407953057840779,1.0,0.5407953057840779
8264,8264,0.5439255982753722,0.0,0.5439255982753722
8265,8265,0.5470541566592594,1.0,0.5470541566592594
8266,8266,0.5501808574256077,1.0,0.5501808574256077
8267,8267,0.5533055771376318,0.0,0.5533055771376318
8268,8268,0.5564281924367408,1.0,0.5564281924367408
8269,8269,0.5595485800474364,1.0,0.5595485800474364
8270,8270,0.5626666167821517,1.0,0.5626666167821517
8271,8271,0.5657821795461424,1.0,0.5657821795461424
8272,8272,0.5688951453423181,1.0,0.5688951453423181
8273,8273,0.5720053912761268,1.0,0.5720053912761268
8274,8274,0.5751127945603808,1.0,0.5751127945603808
8275,8275,0.5782172325201158,1.0,0.5782172325201158
8276,8276,0.5813185825974437,1.0,0.5813185825974437
8277,8277,0.5844167223563669,1.0,0.5844167223563669
8278,8278,0.5875115294876395,0.0,0.5875115294876395
8279,8279,0.5906028818135681,1.0,0.5906028818135681
8280,8280,0.5936906572928634,1.0,0.5936906572928634
8281,8281,0.5967747340254294,1.0,0.5967747340254294
8282,8282,0.5998549902572042,1.0,0.5998549902572042
8283,8283,0.6029313043849429,1.0,0.6029313043849429
8284,8284,0.6060035549610278,0.0,0.6060035549610278
8285,8285,0.6090716206982731,0.0,0.6090716206982731
8286,8286,0.6121353804746905,1.0,0.6121353804746905
8287,8287,0.6151947133382968,1.0,0.6151947133382968
8288,8288,0.6182494985118618,0.0,0.6182494985118618
8289,8289,0.6212996153977048,1.0,0.6212996153977048
8290,8290,0.6243449435824266,0.0,0.6243449435824266
8291,8291,0.6273853628416918,1.0,0.6273853628416918
8292,8292,0.6304207531449507,0.0,0.6304207531449507
8293,8293,0.6334509946601881,1.0,0.6334509946601881
8294,8294,0.6364759677586643,1.0,0.6364759677586643
8295,8295,0.6394955530196145,0.0,0.6394955530196145
8296,8296,0.6425096312349896,1.0,0.6425096312349896
8297,8297,0.6455180834141355,0.0,0.6455180834141355
8298,8298,0.6485207907885187,1.0,0.6485207907885187
8299,8299,0.6515176348163861,1.0,0.6515176348163861
8300,8300,0.6545084971874745,1.0,0.6545084971874745
8301,8301,0.6574932598276546,1.0,0.6574932598276546
8302,8302,0.6604718049036051,1.0,0.6604718049036051
8303,8303,0.6634440148274731,0.0,0.6634440148274731
8304,8304,0.6664097722614933,0.0,0.6664097722614933
8305,8305,0.6693689601226471,1.0,0.6693689601226471
8306,8306,0.6723214615872583,1.0,0.6723214615872583
8307,8307,0.6752671600956306,1.0,0.6752671600956306
8308,8308,0.6782059393566247,1.0,0.6782059393566247
8309,8309,0.6811376833522735,1.0,0.6811376833522735
8310,8310,0.6840622763423378,0.0,0.6840622763423378
8311,8311,0.6869796028689006,1.0,0.6869796028689006
8312,8312,0.6898895477609025,0.0,0.6898895477609025
8313,8313,0.6927919961386984,0.0,0.6927919961386984
8314,8314,0.6956868334186026,1.0,0.6956868334186026
8315,8315,0.6985739453173899,1.0,0.6985739453173899
8316,8316,0.7014532178568323,0.0,0.7014532178568323
8317,8317,0.7043245373681737,1.0,0.7043245373681737
8318,8318,0.7071877904966427,0.0,0.7071877904966427
8319,8319,0.7100428642059021,1.0,0.7100428642059021
8320,8320,0.7128896457825367,1.0,0.7128896457825367
8321,8321,0.7157280228404812,1.0,0.7157280228404812
8322,8322,0.7185578833254664,0.0,0.7185578833254664
8323,8323,0.7213791155194521,0.0,0.7213791155194521
8324,8324,0.7241916080450157,1.0,0.7241916080450157
8325,8325,0.7269952498697745,1.0,0.7269952498697745
8326,8326,0.7297899303107431,0.0,0.7297899303107431
8327,8327,0.7325755390387299,1.0,0.7325755390387299
8328,8328,0.7353519660826653,1.0,0.7353519660826653
8329,8329,0.7381191018339699,1.0,0.7381191018339699
8330,8330,0.7408768370508594,1.0,0.7408768370508594
8331,8331,0.7436250628626662,0.0,0.7436250628626662
8332,8332,0.7463636707741472,0.0,0.7463636707741472
8333,8333,0.7490925526697451,1.0,0.7490925526697451
8334,8334,0.7518116008178816,1.0,0.7518116008178816
8335,8335,0.754520707875185,1.0,0.754520707875185
8336,8336,0.7572197668907539,1.0,0.7572197668907539
8337,8337,0.7599086713103538,1.0,0.7599086713103538
8338,8338,0.7625873149806482,1.0,0.7625873149806482
8339,8339,0.7652555921533686,1.0,0.7652555921533686
8340,8340,0.7679133974894983,1.0,0.7679133974894983
8341,8341,0.7705606260634393,0.0,0.7705606260634393
8342,8342,0.7731971733671343,1.0,0.7731971733671343
8343,8343,0.7758229353142161,0.0,0.7758229353142161
8344,8344,0.7784378082440934,1.0,0.7784378082440934
8345,8345,0.781041688926066,0.0,0.781041688926066
8346,8346,0.7836344745633773,0.0,0.7836344745633773
8347,8347,0.7862160627972957,1.0,0.7862160627972957
8348,8348,0.7887863517111355,1.0,0.7887863517111355
8349,8349,0.7913452398342882,1.0,0.7913452398342882
8350,8350,0.7938926261462378,1.0,0.7938926261462378
8351,8351,0.7964284100805294,0.0,0.7964284100805294
8352,8352,0.7989524915287605,1.0,0.7989524915287605
8353,8353,0.8014647708445118,1.0,0.8014647708445118
8354,8354,0.8039651488473033,1.0,0.8039651488473033
8355,8355,0.8064535268264873,1.0,0.8064535268264873
8356,8356,0.8089298065451674,0.0,0.8089298065451674
8357,8357,0.8113938902440578,1.0,0.8113938902440578
8358,8358,0.8138456806453502,0.0,0.8138456806453502
8359,8359,0.8162850809565634,1.0,0.8162850809565634
8360,8360,0.8187119948743445,1.0,0.8187119948743445
8361,8361,0.8211263265882931,1.0,0.8211263265882931
8362,8362,0.8235279807847217,1.0,0.8235279807847217
8363,8363,0.8259168626504401,0.0,0.8259168626504401
8364,8364,0.8282928778764773,0.0,0.8282928778764773
8365,8365,0.8306559326618262,1.0,0.8306559326618262
8366,8366,0.8330059337171274,1.0,0.8330059337171274
8367,8367,0.8353427882683601,1.0,0.8353427882683601
8368,8368,0.8376664040605134,1.0,0.8376664040605134
8369,8369,0.8399766893612093,1.0,0.8399766893612093
8370,8370,0.8422735529643454,1.0,0.8422735529643454
8371,8371,0.8445569041936738,1.0,0.8445569041936738
8372,8372,0.8468266529064031,1.0,0.8468266529064031
8373,8373,0.8490827094967356,1.0,0.8490827094967356
8374,8374,0.8513249848994249,1.0,0.8513249848994249
8375,8375,0.8535533905932752,0.0,0.8535533905932752
8376,8376,0.8557678386046427,1.0,0.8557678386046427
8377,8377,0.8579682415109168,1.0,0.8579682415109168
8378,8378,0.8601545124439531,1.0,0.8601545124439531
8379,8379,0.8623265650935242,0.0,0.8623265650935242
8380,8380,0.8644843137107052,1.0,0.8644843137107052
8381,8381,0.8666276731112807,1.0,0.8666276731112807
8382,8382,0.8687565586790863,1.0,0.8687565586790863
8383,8383,0.8708708863693699,0.0,0.8708708863693699
8384,8384,0.8729705727120924,1.0,0.8729705727120924
8385,8385,0.8750555348152299,1.0,0.8750555348152299
8386,8386,0.877125690368053,1.0,0.877125690368053
8387,8387,0.8791809576443608,1.0,0.8791809576443608
8388,8388,0.8812212555057247,1.0,0.8812212555057247
8389,8389,0.8832465034046745,1.0,0.8832465034046745
8390,8390,0.8852566213878952,1.0,0.8852566213878952
8391,8391,0.8872515300993663,1.0,0.8872515300993663
8392,8392,0.889231150783512,1.0,0.889231150783512
8393,8393,0.8911954052882954,1.0,0.8911954052882954
8394,8394,0.8931442160683096,1.0,0.8931442160683096
8395,8395,0.8950775061878462,1.0,0.8950775061878462
8396,8396,0.8969951993239176,1.0,0.8969951993239176
8397,8397,0.8988972197692864,1.0,0.8988972197692864
8398,8398,0.9007834924354379,1.0,0.9007834924354379
8399,8399,0.9026539428555616,1.0,0.9026539428555616
8400,8400,0.9045084971874732,1.0,0.9045084971874732
8401,8401,0.9063470822165474,1.0,0.9063470822165474
8402,8402,0.9081696253585931,1.0,0.9081696253585931
8403,8403,0.9099760546627261,1.0,0.9099760546627261
8404,8404,0.9117662988142148,1.0,0.9117662988142148
8405,8405,0.9135402871372806,1.0,0.9135402871372806
8406,8406,0.9152979495979071,1.0,0.9152979495979071
8407,8407,0.9170392168065852,1.0,0.9170392168065852
8408,8408,0.9187640200210714,0.0,0.9187640200210714
8409,8409,0.920472291149084,1.0,0.920472291149084
8410,8410,0.922163962751008,1.0,0.922163962751008
8411,8411,0.9238389680425428,1.0,0.9238389680425428
8412,8412,0.925497240897346,1.0,0.925497240897346
8413,8413,0.9271387158496486,1.0,0.9271387158496486
8414,8414,0.9287633280968259,1.0,0.9287633280968259
8415,8415,0.9303710135019724,1.0,0.9303710135019724
8416,8416,0.9319617085964175,1.0,0.9319617085964175
8417,8417,0.9335353505822456,1.0,0.9335353505822456
8418,8418,0.9350918773347623,1.0,0.9350918773347623
8419,8419,0.9366312274049603,1.0,0.9366312274049603
8420,8420,0.9381533400219327,1.0,0.9381533400219327
8421,8421,0.9396581550952783,1.0,0.9396581550952783
8422,8422,0.9411456132174774,1.0,0.9411456132174774
8423,8423,0.9426156556662276,1.0,0.9426156556662276
8424,8424,0.944068224406773,1.0,0.944068224406773
8425,8425,0.9455032620941837,1.0,0.9455032620941837
8426,8426,0.9469207120756322,1.0,0.9469207120756322
8427,8427,0.9483205183926174,1.0,0.9483205183926174
8428,8428,0.9497026257831856,1.0,0.9497026257831856
8429,8429,0.9510669796841024,1.0,0.9510669796841024
8430,8430,0.9524135262330098,1.0,0.9524135262330098
8431,8431,0.9537422122705593,1.0,0.9537422122705593
8432,8432,0.9550529853424977,1.0,0.9550529853424977
8433,8433,0.9563457937017521,1.0,0.9563457937017521
8434,8434,0.9576205863104585,1.0,0.9576205863104585
8435,8435,0.958877312841991,1.0,0.958877312841991
8436,8436,0.9601159236829347,1.0,0.9601159236829347
8437,8437,0.9613363699350577,1.0,0.9613363699350577
8438,8438,0.9625386034172299,1.0,0.9625386034172299
8439,8439,0.9637225766673307,1.0,0.9637225766673307
8440,8440,0.9648882429441265,1.0,0.9648882429441265
8441,8441,0.9660355562291054,1.0,0.9660355562291054
8442,8442,0.9671644712283065,1.0,0.9671644712283065
8443,8443,0.968274943374096,0.0,0.968274943374096
8444,8444,0.9693669288269374,1.0,0.9693669288269374
8445,8445,0.9704403844771124,1.0,0.9704403844771124
8446,8446,0.9714952679464325,1.0,0.9714952679464325
8447,8447,0.9725315375899031,1.0,0.9725315375899031
8448,8448,0.9735491524973723,1.0,0.9735491524973723
8449,8449,0.9745480724951479,1.0,0.9745480724951479
8450,8450,0.9755282581475766,1.0,0.9755282581475766
8451,8451,0.9764896707586099,1.0,0.9764896707586099
8452,8452,0.9774322723733214,1.0,0.9774322723733214
8453,8453,0.9783560257794156,1.0,0.9783560257794156
8454,8454,0.9792608945086877,1.0,0.9792608945086877
8455,8455,0.9801468428384716,1.0,0.9801468428384716
8456,8456,0.9810138357930436,1.0,0.9810138357930436
8457,8457,0.981861839145005,1.0,0.981861839145005
8458,8458,0.9826908194166374,1.0,0.9826908194166374
8459,8459,0.9835007438812174,1.0,0.9835007438812174
8460,8460,0.9842915805643159,1.0,0.9842915805643159
8461,8461,0.9850632982450529,1.0,0.9850632982450529
8462,8462,0.9858158664573372,1.0,0.9858158664573372
8463,8463,0.986549255491063,1.0,0.986549255491063
8464,8464,0.9872634363932887,1.0,0.9872634363932887
8465,8465,0.9879583809693742,1.0,0.9879583809693742
8466,8466,0.9886340617840967,1.0,0.9886340617840967
8467,8467,0.9892904521627365,1.0,0.9892904521627365
8468,8468,0.9899275261921234,1.0,0.9899275261921234
8469,8469,0.9905452587216672,1.0,0.9905452587216672
8470,8470,0.9911436253643443,1.0,0.9911436253643443
8471,8471,0.991722602497665,1.0,0.991722602497665
8472,8472,0.9922821672646025,1.0,0.9922821672646025
8473,8473,0.9928222975744992,1.0,0.9928222975744992
8474,8474,0.9933429721039344,1.0,0.9933429721039344
8475,8475,0.9938441702975689,1.0,0.9938441702975689
8476,8476,0.9943258723689572,1.0,0.9943258723689572
8477,8477,0.9947880593013255,1.0,0.9947880593013255
8478,8478,0.9952307128483259,1.0,0.9952307128483259
8479,8479,0.9956538155347532,1.0,0.9956538155347532
8480,8480,0.9960573506572391,1.0,0.9960573506572391
8481,8481,0.9964413022849067,1.0,0.9964413022849067
8482,8482,0.9968056552600044,1.0,0.9968056552600044
8483,8483,0.9971503951984998,1.0,0.9971503951984998
8484,8484,0.99747550849065,1.0,0.99747550849065
8485,8485,0.9977809823015401,1.0,0.9977809823015401
8486,8486,0.9980668045715861,1.0,0.9980668045715861
8487,8487,0.9983329640170151,1.0,0.9983329640170151
8488,8488,0.9985794501303069,1.0,0.9985794501303069
8489,8489,0.9988062531806127,1.0,0.9988062531806127
8490,8490,0.9990133642141357,1.0,0.9990133642141357
8491,8491,0.9992007750544876,1.0,0.9992007750544876
8492,8492,0.9993684783030089,1.0,0.9993684783030089
8493,8493,0.9995164673390624,1.0,0.9995164673390624
8494,8494,0.9996447363202947,1.0,0.9996447363202947
8495,8495,0.9997532801828658,1.0,0.9997532801828658
8496,8496,0.99984209464165,1.0,0.99984209464165
8497,8497,0.9999111761904046,1.0,0.9999111761904046
8498,8498,0.999960522101908,1.0,0.999960522101908
8499,8499,0.9999901304280686,1.0,0.9999901304280686
8500,8500,1.0,1.0,1.0
8501,8501,0.9999901304280686,1.0,0.9999901304280686
8502,8502,0.999960522101908,1.0,0.999960522101908
8503,8503,0.9999111761904046,1.0,0.9999111761904046
8504,8504,0.99984209464165,1.0,0.99984209464165
8505,8505,0.9997532801828658,1.0,0.9997532801828658
8506,8506,0.9996447363202945,1.0,0.9996447363202945
8507,8507,0.9995164673390624,1.0,0.9995164673390624
8508,8508,0.9993684783030089,1.0,0.9993684783030089
8509,8509,0.9992007750544876,1.0,0.9992007750544876
8510,8510,0.9990133642141357,1.0,0.9990133642141357
8511,8511,0.9988062531806127,1.0,0.9988062531806127
8512,8512,0.9985794501303069,1.0,0.9985794501303069
8513,8513,0.9983329640170149,1.0,0.9983329640170149
8514,8514,0.9980668045715861,1.0,0.9980668045715861
8515,8515,0.9977809823015401,1.0,0.9977809823015401
8516,8516,0.99747550849065,1.0,0.99747550849065
8517,8517,0.9971503951984996,1.0,0.9971503951984996
8518,8518,0.9968056552600042,1.0,0.9968056552600042
8519,8519,0.9964413022849067,1.0,0.9964413022849067
8520,8520,0.9960573506572389,1.0,0.9960573506572389
8521,8521,0.9956538155347532,1.0,0.9956538155347532
8522,8522,0.9952307128483256,1.0,0.9952307128483256
8523,8523,0.9947880593013253,1.0,0.9947880593013253
8524,8524,0.994325872368957,1.0,0.994325872368957
8525,8525,0.9938441702975687,1.0,0.9938441702975687
8526,8526,0.9933429721039342,1.0,0.9933429721039342
8527,8527,0.992822297574499,1.0,0.992822297574499
8528,8528,0.9922821672646029,1.0,0.9922821672646029
8529,8529,0.9917226024976648,0.0,0.9917226024976648
8530,8530,0.9911436253643439,1.0,0.9911436253643439
8531,8531,0.990545258721667,1.0,0.990545258721667
8532,8532,0.989927526192123,1.0,0.989927526192123
8533,8533,0.9892904521627363,1.0,0.9892904521627363
8534,8534,0.9886340617840965,1.0,0.9886340617840965
8535,8535,0.9879583809693739,1.0,0.9879583809693739
8536,8536,0.9872634363932883,1.0,0.9872634363932883
8537,8537,0.9865492554910636,1.0,0.9865492554910636
8538,8538,0.9858158664573368,1.0,0.9858158664573368
8539,8539,0.9850632982450525,1.0,0.9850632982450525
8540,8540,0.9842915805643156,1.0,0.9842915805643156
8541,8541,0.9835007438812172,1.0,0.9835007438812172
8542,8542,0.9826908194166369,1.0,0.9826908194166369
8543,8543,0.9818618391450046,1.0,0.9818618391450046
8544,8544,0.9810138357930431,1.0,0.9810138357930431
8545,8545,0.9801468428384713,1.0,0.9801468428384713
8546,8546,0.9792608945086884,1.0,0.9792608945086884
8547,8547,0.9783560257794152,1.0,0.9783560257794152
8548,8548,0.977432272373321,1.0,0.977432272373321
8549,8549,0.9764896707586095,1.0,0.9764896707586095
8550,8550,0.9755282581475763,1.0,0.9755282581475763
8551,8551,0.9745480724951474,1.0,0.9745480724951474
8552,8552,0.9735491524973716,1.0,0.9735491524973716
8553,8553,0.9725315375899026,1.0,0.9725315375899026
8554,8554,0.971495267946432,1.0,0.971495267946432
8555,8555,0.9704403844771131,1.0,0.9704403844771131
8556,8556,0.969366928826937,1.0,0.969366928826937
8557,8557,0.9682749433740955,0.0,0.9682749433740955
8558,8558,0.9671644712283061,1.0,0.9671644712283061
8559,8559,0.966035556229105,1.0,0.966035556229105
8560,8560,0.9648882429441258,0.0,0.9648882429441258
8561,8561,0.9637225766673301,1.0,0.9637225766673301
8562,8562,0.9625386034172293,1.0,0.9625386034172293
8563,8563,0.961336369935057,1.0,0.961336369935057
8564,8564,0.9601159236829356,1.0,0.9601159236829356
8565,8565,0.9588773128419903,1.0,0.9588773128419903
8566,8566,0.9576205863104579,1.0,0.9576205863104579
8567,8567,0.9563457937017514,1.0,0.9563457937017514
8568,8568,0.9550529853424973,1.0,0.9550529853424973
8569,8569,0.9537422122705587,1.0,0.9537422122705587
8570,8570,0.9524135262330092,1.0,0.9524135262330092
8571,8571,0.9510669796841018,1.0,0.9510669796841018
8572,8572,0.9497026257831851,1.0,0.9497026257831851
8573,8573,0.9483205183926183,1.0,0.9483205183926183
8574,8574,0.9469207120756316,1.0,0.9469207120756316
8575,8575,0.945503262094183,1.0,0.945503262094183
8576,8576,0.9440682244067721,1.0,0.9440682244067721
8577,8577,0.9426156556662267,1.0,0.9426156556662267
8578,8578,0.9411456132174768,1.0,0.9411456132174768
8579,8579,0.9396581550952774,1.0,0.9396581550952774
8580,8580,0.9381533400219322,1.0,0.9381533400219322
8581,8581,0.9366312274049596,1.0,0.9366312274049596
8582,8582,0.9350918773347634,1.0,0.9350918773347634
8583,8583,0.9335353505822447,1.0,0.9335353505822447
8584,8584,0.9319617085964166,1.0,0.9319617085964166
8585,8585,0.9303710135019718,1.0,0.9303710135019718
8586,8586,0.9287633280968253,1.0,0.9287633280968253
8587,8587,0.9271387158496477,1.0,0.9271387158496477
8588,8588,0.9254972408973452,1.0,0.9254972408973452
8589,8589,0.923838968042542,1.0,0.923838968042542
8590,8590,0.9221639627510071,1.0,0.9221639627510071
8591,8591,0.920472291149085,1.0,0.920472291149085
8592,8592,0.9187640200210705,1.0,0.9187640200210705
8593,8593,0.9170392168065845,1.0,0.9170392168065845
8594,8594,0.9152979495979062,1.0,0.9152979495979062
8595,8595,0.9135402871372801,1.0,0.9135402871372801
8596,8596,0.9117662988142139,1.0,0.9117662988142139
8597,8597,0.9099760546627254,1.0,0.9099760546627254
8598,8598,0.9081696253585922,1.0,0.9081696253585922
8599,8599,0.9063470822165464,1.0,0.9063470822165464
8600,8600,0.9045084971874743,0.0,0.9045084971874743
8601,8601,0.9026539428555607,1.0,0.9026539428555607
8602,8602,0.9007834924354371,1.0,0.9007834924354371
8603,8603,0.8988972197692853,1.0,0.8988972197692853
8604,8604,0.8969951993239165,1.0,0.8969951993239165
8605,8605,0.8950775061878453,1.0,0.8950775061878453
8606,8606,0.8931442160683085,1.0,0.8931442160683085
8607,8607,0.8911954052882946,1.0,0.8911954052882946
8608,8608,0.8892311507835112,1.0,0.8892311507835112
8609,8609,0.8872515300993675,1.0,0.8872515300993675
8610,8610,0.8852566213878942,1.0,0.8852566213878942
8611,8611,0.8832465034046736,1.0,0.8832465034046736
8612,8612,0.8812212555057239,1.0,0.8812212555057239
8613,8613,0.8791809576443599,0.0,0.8791809576443599
8614,8614,0.877125690368052,1.0,0.877125690368052
8615,8615,0.8750555348152288,1.0,0.8750555348152288
8616,8616,0.8729705727120914,1.0,0.8729705727120914
8617,8617,0.8708708863693688,1.0,0.8708708863693688
8618,8618,0.8687565586790877,0.0,0.8687565586790877
8619,8619,0.8666276731112796,1.0,0.8666276731112796
8620,8620,0.8644843137107042,1.0,0.8644843137107042
8621,8621,0.8623265650935231,1.0,0.8623265650935231
8622,8622,0.8601545124439524,1.0,0.8601545124439524
8623,8623,0.8579682415109157,1.0,0.8579682415109157
8624,8624,0.8557678386046417,0.0,0.8557678386046417
8625,8625,0.8535533905932742,1.0,0.8535533905932742
8626,8626,0.8513249848994239,0.0,0.8513249848994239
8627,8627,0.849082709496737,0.0,0.849082709496737
8628,8628,0.8468266529064021,1.0,0.8468266529064021
8629,8629,0.8445569041936728,1.0,0.8445569041936728
8630,8630,0.8422735529643441,1.0,0.8422735529643441
8631,8631,0.8399766893612083,1.0,0.8399766893612083
8632,8632,0.8376664040605124,1.0,0.8376664040605124
8633,8633,0.835342788268359,1.0,0.835342788268359
8634,8634,0.8330059337171263,1.0,0.8330059337171263
8635,8635,0.8306559326618252,1.0,0.8306559326618252
8636,8636,0.828292877876479,1.0,0.828292877876479
8637,8637,0.8259168626504388,1.0,0.8259168626504388
8638,8638,0.8235279807847204,1.0,0.8235279807847204
8639,8639,0.8211263265882921,1.0,0.8211263265882921
8640,8640,0.8187119948743435,1.0,0.8187119948743435
8641,8641,0.8162850809565624,1.0,0.8162850809565624
8642,8642,0.8138456806453492,1.0,0.8138456806453492
8643,8643,0.8113938902440566,0.0,0.8113938902440566
8644,8644,0.8089298065451664,1.0,0.8089298065451664
8645,8645,0.8064535268264891,1.0,0.8064535268264891
8646,8646,0.8039651488473021,1.0,0.8039651488473021
8647,8647,0.8014647708445106,1.0,0.8014647708445106
8648,8648,0.7989524915287592,1.0,0.7989524915287592
8649,8649,0.7964284100805282,1.0,0.7964284100805282
8650,8650,0.7938926261462367,1.0,0.7938926261462367
8651,8651,0.791345239834287,0.0,0.791345239834287
8652,8652,0.7887863517111343,1.0,0.7887863517111343
8653,8653,0.7862160627972945,1.0,0.7862160627972945
8654,8654,0.7836344745633791,1.0,0.7836344745633791
8655,8655,0.7810416889260647,1.0,0.7810416889260647
8656,8656,0.7784378082440923,1.0,0.7784378082440923
8657,8657,0.7758229353142149,1.0,0.7758229353142149
8658,8658,0.7731971733671329,1.0,0.7731971733671329
8659,8659,0.7705606260634381,1.0,0.7705606260634381
8660,8660,0.7679133974894972,1.0,0.7679133974894972
8661,8661,0.7652555921533675,1.0,0.7652555921533675
8662,8662,0.7625873149806469,1.0,0.7625873149806469
8663,8663,0.7599086713103556,1.0,0.7599086713103556
8664,8664,0.7572197668907527,0.0,0.7572197668907527
8665,8665,0.7545207078751837,1.0,0.7545207078751837
8666,8666,0.7518116008178802,1.0,0.7518116008178802
8667,8667,0.7490925526697437,1.0,0.7490925526697437
8668,8668,0.7463636707741459,1.0,0.7463636707741459
8669,8669,0.7436250628626648,1.0,0.7436250628626648
8670,8670,0.740876837050858,0.0,0.740876837050858
8671,8671,0.7381191018339687,1.0,0.7381191018339687
8672,8672,0.7353519660826672,1.0,0.7353519660826672
8673,8673,0.7325755390387285,0.0,0.7325755390387285
8674,8674,0.729789930310742,0.0,0.729789930310742
8675,8675,0.7269952498697732,1.0,0.7269952498697732
8676,8676,0.7241916080450144,1.0,0.7241916080450144
8677,8677,0.7213791155194508,1.0,0.7213791155194508
8678,8678,0.7185578833254651,1.0,0.7185578833254651
8679,8679,0.7157280228404799,1.0,0.7157280228404799
8680,8680,0.7128896457825353,0.0,0.7128896457825353
8681,8681,0.7100428642059039,0.0,0.7100428642059039
8682,8682,0.7071877904966415,1.0,0.7071877904966415
8683,8683,0.7043245373681725,0.0,0.7043245373681725
8684,8684,0.701453217856831,0.0,0.701453217856831
8685,8685,0.6985739453173887,0.0,0.6985739453173887
8686,8686,0.6956868334186013,0.0,0.6956868334186013
8687,8687,0.6927919961386969,0.0,0.6927919961386969
8688,8688,0.689889547760901,1.0,0.689889547760901
8689,8689,0.6869796028688993,0.0,0.6869796028688993
8690,8690,0.68406227634234,1.0,0.68406227634234
8691,8691,0.6811376833522723,1.0,0.6811376833522723
8692,8692,0.6782059393566232,1.0,0.6782059393566232
8693,8693,0.6752671600956291,1.0,0.6752671600956291
8694,8694,0.6723214615872568,1.0,0.6723214615872568
8695,8695,0.6693689601226458,1.0,0.6693689601226458
8696,8696,0.6664097722614919,1.0,0.6664097722614919
8697,8697,0.6634440148274717,1.0,0.6634440148274717
8698,8698,0.6604718049036037,1.0,0.6604718049036037
8699,8699,0.6574932598276532,1.0,0.6574932598276532
8700,8700,0.6545084971874731,1.0,0.6545084971874731
8701,8701,0.6515176348163847,1.0,0.6515176348163847
8702,8702,0.6485207907885172,1.0,0.6485207907885172
8703,8703,0.6455180834141342,0.0,0.6455180834141342
8704,8704,0.6425096312349882,1.0,0.6425096312349882
8705,8705,0.6394955530196131,1.0,0.6394955530196131
8706,8706,0.6364759677586631,1.0,0.6364759677586631
8707,8707,0.6334509946601867,0.0,0.6334509946601867
8708,8708,0.6304207531449493,1.0,0.6304207531449493
8709,8709,0.6273853628416903,1.0,0.6273853628416903
8710,8710,0.6243449435824252,1.0,0.6243449435824252
8711,8711,0.6212996153977034,0.0,0.6212996153977034
8712,8712,0.6182494985118605,1.0,0.6182494985118605
8713,8713,0.6151947133382955,1.0,0.6151947133382955
8714,8714,0.612135380474689,0.0,0.612135380474689
8715,8715,0.6090716206982717,1.0,0.6090716206982717
8716,8716,0.6060035549610262,1.0,0.6060035549610262
8717,8717,0.6029313043849415,0.0,0.6029313043849415
8718,8718,0.5998549902572028,0.0,0.5998549902572028
8719,8719,0.5967747340254278,1.0,0.5967747340254278
8720,8720,0.593690657292862,1.0,0.593690657292862
8721,8721,0.5906028818135668,0.0,0.5906028818135668
8722,8722,0.5875115294876381,1.0,0.5875115294876381
8723,8723,0.5844167223563654,1.0,0.5844167223563654
8724,8724,0.5813185825974422,1.0,0.5813185825974422
8725,8725,0.5782172325201143,1.0,0.5782172325201143
8726,8726,0.5751127945603794,1.0,0.5751127945603794
8727,8727,0.5720053912761254,1.0,0.5720053912761254
8728,8728,0.5688951453423168,0.0,0.5688951453423168
8729,8729,0.5657821795461409,1.0,0.5657821795461409
8730,8730,0.5626666167821502,1.0,0.5626666167821502
8731,8731,0.5595485800474349,0.0,0.5595485800474349
8732,8732,0.5564281924367394,1.0,0.5564281924367394
8733,8733,0.5533055771376304,0.0,0.5533055771376304
8734,8734,0.5501808574256063,1.0,0.5501808574256063
8735,8735,0.5470541566592579,1.0,0.5470541566592579
8736,8736,0.5439255982753708,1.0,0.5439255982753708
8737,8737,0.5407953057840764,0.0,0.5407953057840764
8738,8738,0.537663402763966,1.0,0.537663402763966
8739,8739,0.5345300128572009,0.0,0.5345300128572009
8740,8740,0.5313952597646567,0.0,0.5313952597646567
8741,8741,0.5282592672410107,1.0,0.5282592672410107
8742,8742,0.5251221590898851,1.0,0.5251221590898851
8743,8743,0.5219840591589313,1.0,0.5219840591589313
8744,8744,0.5188450913349679,1.0,0.5188450913349679
8745,8745,0.5157053795390634,1.0,0.5157053795390634
8746,8746,0.5125650477216699,1.0,0.5125650477216699
8747,8747,0.5094242198577036,1.0,0.5094242198577036
8748,8748,0.5062830199416745,1.0,0.5062830199416745
8749,8749,0.5031415719827794,1.0,0.5031415719827794
8750,8750,0.49999999999999833,1.0,0.49999999999999833
8751,8751,0.4968584280172209,1.0,0.4968584280172209
8752,8752,0.49371698005832243,0.0,0.49371698005832243
8753,8753,0.4905757801422967,1.0,0.4905757801422967
8754,8754,0.4874349522783304,1.0,0.4874349522783304
8755,8755,0.4842946204609371,0.0,0.4842946204609371
8756,8756,0.48115490866503235,0.0,0.48115490866503235
8757,8757,0.47801594084106563,0.0,0.47801594084106563
8758,8758,0.47487784091011526,1.0,0.47487784091011526
8759,8759,0.4717407327589861,1.0,0.4717407327589861
8760,8760,0.4686047402353437,0.0,0.4686047402353437
8761,8761,0.46546998714279597,1.0,0.46546998714279597
8762,8762,0.46233659723603443,0.0,0.46233659723603443
8763,8763,0.4592046942159204,1.0,0.4592046942159204
8764,8764,0.4560744017246295,1.0,0.4560744017246295
8765,8765,0.45294584334074234,1.0,0.45294584334074234
8766,8766,0.4498191425743906,0.0,0.4498191425743906
8767,8767,0.44669442286237004,0.0,0.44669442286237004
8768,8768,0.4435718075632576,0.0,0.4435718075632576
8769,8769,0.44045141995256554,0.0,0.44045141995256554
8770,8770,0.43733338321784665,1.0,0.43733338321784665
8771,8771,0.43421782045385954,1.0,0.43421782045385954
8772,8772,0.4311048546576802,0.0,0.4311048546576802
8773,8773,0.427994608723875,1.0,0.427994608723875
8774,8774,0.4248872054396211,0.0,0.4248872054396211
8775,8775,0.4217827674798825,0.0,0.4217827674798825
8776,8776,0.4186814174025581,0.0,0.4186814174025581
8777,8777,0.41558327764363145,1.0,0.41558327764363145
8778,8778,0.4124884705123623,1.0,0.4124884705123623
8779,8779,0.4093971181864301,1.0,0.4093971181864301
8780,8780,0.4063093427071384,1.0,0.4063093427071384
8781,8781,0.4032252659745691,0.0,0.4032252659745691
8782,8782,0.4001450097427976,0.0,0.4001450097427976
8783,8783,0.3970686956150589,1.0,0.3970686956150589
8784,8784,0.3939964450389707,0.0,0.3939964450389707
8785,8785,0.39092837930172863,1.0,0.39092837930172863
8786,8786,0.3878646195253078,0.0,0.3878646195253078
8787,8787,0.384805286661705,1.0,0.384805286661705
8788,8788,0.3817505014881364,1.0,0.3817505014881364
8789,8789,0.378700384602297,0.0,0.378700384602297
8790,8790,0.3756550564175718,1.0,0.3756550564175718
8791,8791,0.37261463715831006,0.0,0.37261463715831006
8792,8792,0.3695792468550511,0.0,0.3695792468550511
8793,8793,0.3665490053398102,0.0,0.3665490053398102
8794,8794,0.36352403224133734,0.0,0.36352403224133734
8795,8795,0.36050444698038375,0.0,0.36050444698038375
8796,8796,0.3574903687650123,1.0,0.3574903687650123
8797,8797,0.3544819165858629,1.0,0.3544819165858629
8798,8798,0.3514792092114832,0.0,0.3514792092114832
8799,8799,0.3484823651836122,0.0,0.3484823651836122
8800,8800,0.34549150281252733,1.0,0.34549150281252733
8801,8801,0.3425067401723471,0.0,0.3425067401723471
8802,8802,0.33952819509639326,1.0,0.33952819509639326
8803,8803,0.33655598517252866,1.0,0.33655598517252866
8804,8804,0.33359022773850505,0.0,0.33359022773850505
8805,8805,0.3306310398773546,0.0,0.3306310398773546
8806,8806,0.3276785384127402,0.0,0.3276785384127402
8807,8807,0.32473283990437113,0.0,0.32473283990437113
8808,8808,0.3217940606433738,1.0,0.3217940606433738
8809,8809,0.31886231664772813,0.0,0.31886231664772813
8810,8810,0.3159377236576605,0.0,0.3159377236576605
8811,8811,0.3130203971310978,0.0,0.3130203971310978
8812,8812,0.3101104522390993,0.0,0.3101104522390993
8813,8813,0.3072080038613002,0.0,0.3072080038613002
8814,8814,0.30431316658139895,0.0,0.30431316658139895
8815,8815,0.3014260546826085,1.0,0.3014260546826085
8816,8816,0.2985467821431693,0.0,0.2985467821431693
8817,8817,0.29567546263182465,1.0,0.29567546263182465
8818,8818,0.29281220950335884,0.0,0.29281220950335884
8819,8819,0.28995713579409643,0.0,0.28995713579409643
8820,8820,0.28711035421746184,0.0,0.28711035421746184
8821,8821,0.28427197715952035,0.0,0.28427197715952035
8822,8822,0.281442116674532,0.0,0.281442116674532
8823,8823,0.2786208844805494,0.0,0.2786208844805494
8824,8824,0.2758083919549827,0.0,0.2758083919549827
8825,8825,0.2730047501302271,0.0,0.2730047501302271
8826,8826,0.2702100696892552,0.0,0.2702100696892552
8827,8827,0.26742446096127176,0.0,0.26742446096127176
8828,8828,0.2646480339173332,0.0,0.2646480339173332
8829,8829,0.2618808981660286,0.0,0.2618808981660286
8830,8830,0.2591231629491423,1.0,0.2591231629491423
8831,8831,0.25637493713733234,0.0,0.25637493713733234
8832,8832,0.2536363292258544,1.0,0.2536363292258544
8833,8833,0.25090744733025344,0.0,0.25090744733025344
8834,8834,0.24818839918212013,0.0,0.24818839918212013
8835,8835,0.24547929212481354,1.0,0.24547929212481354
8836,8836,0.24278023310924765,0.0,0.24278023310924765
8837,8837,0.2400913286896448,0.0,0.2400913286896448
8838,8838,0.2374126850193503,0.0,0.2374126850193503
8839,8839,0.23474440784663284,1.0,0.23474440784663284
8840,8840,0.23208660251050017,1.0,0.23208660251050017
8841,8841,0.22943937393656227,0.0,0.22943937393656227
8842,8842,0.2268028266328643,0.0,0.2268028266328643
8843,8843,0.22417706468578538,1.0,0.22417706468578538
8844,8844,0.22156219175590516,0.0,0.22156219175590516
8845,8845,0.21895831107393554,0.0,0.21895831107393554
8846,8846,0.21636552543662124,0.0,0.21636552543662124
8847,8847,0.21378393720270278,0.0,0.21378393720270278
8848,8848,0.21121364828886607,0.0,0.21121364828886607
8849,8849,0.20865476016571052,0.0,0.20865476016571052
8850,8850,0.2061073738537636,0.0,0.2061073738537636
8851,8851,0.20357158991946925,0.0,0.20357158991946925
8852,8852,0.20104750847124103,0.0,0.20104750847124103
8853,8853,0.19853522915548685,0.0,0.19853522915548685
8854,8854,0.19603485115269806,0.0,0.19603485115269806
8855,8855,0.19354647317351126,0.0,0.19354647317351126
8856,8856,0.19107019345483112,0.0,0.19107019345483112
8857,8857,0.18860610975594358,0.0,0.18860610975594358
8858,8858,0.18615431935464835,0.0,0.18615431935464835
8859,8859,0.1837149190434379,0.0,0.1837149190434379
8860,8860,0.18128800512565407,0.0,0.18128800512565407
8861,8861,0.17887367341170826,0.0,0.17887367341170826
8862,8862,0.17647201921527708,0.0,0.17647201921527708
8863,8863,0.17408313734956135,0.0,0.17408313734956135
8864,8864,0.17170712212352132,0.0,0.17170712212352132
8865,8865,0.16934406733817242,0.0,0.16934406733817242
8866,8866,0.166994066282874,0.0,0.166994066282874
8867,8867,0.16465721173163864,0.0,0.16465721173163864
8868,8868,0.1623335959394879,0.0,0.1623335959394879
8869,8869,0.16002331063878936,0.0,0.16002331063878936
8870,8870,0.15772644703565605,0.0,0.15772644703565605
8871,8871,0.15544309580632504,0.0,0.15544309580632504
8872,8872,0.15317334709359823,1.0,0.15317334709359823
8873,8873,0.1509172905032632,1.0,0.1509172905032632
8874,8874,0.14867501510057382,0.0,0.14867501510057382
8875,8875,0.14644660940672607,0.0,0.14644660940672607
8876,8876,0.14423216139535602,0.0,0.14423216139535602
8877,8877,0.14203175848908453,0.0,0.14203175848908453
8878,8878,0.13984548755604556,0.0,0.13984548755604556
8879,8879,0.13767343490647704,0.0,0.13767343490647704
8880,8880,0.1355156862892935,1.0,0.1355156862892935
8881,8881,0.1333723268887206,0.0,0.1333723268887206
8882,8882,0.13124344132091262,1.0,0.13124344132091262
8883,8883,0.1291291136306289,0.0,0.1291291136306289
8884,8884,0.12702942728790875,0.0,0.12702942728790875
8885,8885,0.12494446518476902,0.0,0.12494446518476902
8886,8886,0.12287430963194818,0.0,0.12287430963194818
8887,8887,0.12081904235563815,1.0,0.12081904235563815
8888,8888,0.11877874449427642,0.0,0.11877874449427642
8889,8889,0.11675349659532439,0.0,0.11675349659532439
8890,8890,0.11474337861210598,0.0,0.11474337861210598
8891,8891,0.11274846990063267,0.0,0.11274846990063267
8892,8892,0.11076884921648687,0.0,0.11076884921648687
8893,8893,0.10880459471170577,0.0,0.10880459471170577
8894,8894,0.10685578393168942,0.0,0.10685578393168942
8895,8895,0.10492249381215488,1.0,0.10492249381215488
8896,8896,0.10300480067608143,0.0,0.10300480067608143
8897,8897,0.1011027802307148,0.0,0.1011027802307148
8898,8898,0.09921650756456107,0.0,0.09921650756456107
8899,8899,0.09734605714443956,0.0,0.09734605714443956
8900,8900,0.0954915028125259,0.0,0.0954915028125259
8901,8901,0.0936529177834517,0.0,0.0936529177834517
8902,8902,0.09183037464140784,0.0,0.09183037464140784
8903,8903,0.09002394533727277,0.0,0.09002394533727277
8904,8904,0.08823370118578633,0.0,0.08823370118578633
8905,8905,0.08645971286271827,0.0,0.08645971286271827
8906,8906,0.08470205040209396,0.0,0.08470205040209396
8907,8907,0.08296078319341381,0.0,0.08296078319341381
8908,8908,0.08123597997892963,0.0,0.08123597997892963
8909,8909,0.07952770885091506,0.0,0.07952770885091506
8910,8910,0.07783603724899124,0.0,0.07783603724899124
8911,8911,0.07616103195745821,0.0,0.07616103195745821
8912,8912,0.07450275910265307,0.0,0.07450275910265307
8913,8913,0.07286128415035246,0.0,0.07286128415035246
8914,8914,0.07123667190317311,0.0,0.07123667190317311
8915,8915,0.06962898649802843,0.0,0.06962898649802843
8916,8916,0.0680382914035818,1.0,0.0680382914035818
8917,8917,0.0664646494177554,0.0,0.0664646494177554
8918,8918,0.06490812266523682,0.0,0.06490812266523682
8919,8919,0.06336877259503879,0.0,0.06336877259503879
8920,8920,0.06184665997806804,0.0,0.06184665997806804
8921,8921,0.060341844904720957,0.0,0.060341844904720957
8922,8922,0.05885438678252339,0.0,0.05885438678252339
8923,8923,0.05738434433377168,0.0,0.05738434433377168
8924,8924,0.05593177559322794,0.0,0.05593177559322794
8925,8925,0.05449673790581555,0.0,0.05449673790581555
8926,8926,0.05307928792436849,0.0,0.05307928792436849
8927,8927,0.051679481607381735,1.0,0.051679481607381735
8928,8928,0.05029737421681347,0.0,0.05029737421681347
8929,8929,0.048933020315898426,0.0,0.048933020315898426
8930,8930,0.04758647376698942,0.0,0.04758647376698942
8931,8931,0.04625778772944155,0.0,0.04625778772944155
8932,8932,0.04494701465750152,0.0,0.04494701465750152
8933,8933,0.04365420629824877,0.0,0.04365420629824877
8934,8934,0.04237941368954076,0.0,0.04237941368954076
8935,8935,0.041122687158009756,0.0,0.041122687158009756
8936,8936,0.03988407631706453,0.0,0.03988407631706453
8937,8937,0.03866363006494168,0.0,0.03866363006494168
8938,8938,0.03746139658277084,0.0,0.03746139658277084
8939,8939,0.03627742333266861,0.0,0.03627742333266861
8940,8940,0.035111757055874306,1.0,0.035111757055874306
8941,8941,0.03396444377089396,0.0,0.03396444377089396
8942,8942,0.03283552877169413,0.0,0.03283552877169413
8943,8943,0.03172505662590343,0.0,0.03172505662590343
8944,8944,0.030633071173063235,0.0,0.030633071173063235
8945,8945,0.029559615522887,0.0,0.029559615522887
8946,8946,0.028504732053566986,0.0,0.028504732053566986
8947,8947,0.02746846241009746,0.0,0.02746846241009746
8948,8948,0.026450847502627228,0.0,0.026450847502627228
8949,8949,0.025451927504852714,0.0,0.025451927504852714
8950,8950,0.024471741852422728,0.0,0.024471741852422728
8951,8951,0.023510329241390716,0.0,0.023510329241390716
8952,8952,0.022567727626678174,0.0,0.022567727626678174
8953,8953,0.02164397422058499,0.0,0.02164397422058499
8954,8954,0.020739105491311832,0.0,0.020739105491311832
8955,8955,0.0198531571615278,0.0,0.0198531571615278
8956,8956,0.018986164206956944,0.0,0.018986164206956944
8957,8957,0.01813816085499462,0.0,0.01813816085499462
8958,8958,0.01730918058336306,0.0,0.01730918058336306
8959,8959,0.01649925611878207,0.0,0.01649925611878207
8960,8960,0.015708419435684535,0.0,0.015708419435684535
8961,8961,0.01493670175494679,0.0,0.01493670175494679
8962,8962,0.014184133542663216,0.0,0.014184133542663216
8963,8963,0.013450744508936534,0.0,0.013450744508936534
8964,8964,0.012736563606710893,0.0,0.012736563606710893
8965,8965,0.01204161903062621,0.0,0.01204161903062621
8966,8966,0.011365938215902847,0.0,0.011365938215902847
8967,8967,0.010709547837263947,0.0,0.010709547837263947
8968,8968,0.010072473807876249,0.0,0.010072473807876249
8969,8969,0.00945474127833303,0.0,0.00945474127833303
8970,8970,0.008856374635655433,0.0,0.008856374635655433
8971,8971,0.008277397502335295,0.0,0.008277397502335295
8972,8972,0.007717832735397167,0.0,0.007717832735397167
8973,8973,0.007177702425501178,0.0,0.007177702425501178
8974,8974,0.006657027896065895,0.0,0.006657027896065895
8975,8975,0.006155829702430823,0.0,0.006155829702430823
8976,8976,0.00567412763104299,0.0,0.00567412763104299
8977,8977,0.005211940698674281,0.0,0.005211940698674281
8978,8978,0.004769287151674439,0.0,0.004769287151674439
8979,8979,0.004346184465246555,0.0,0.004346184465246555
8980,8980,0.003942649342761178,0.0,0.003942649342761178
8981,8981,0.003558697715093068,0.0,0.003558697715093068
8982,8982,0.0031943447399959235,0.0,0.0031943447399959235
8983,8983,0.002849604801500505,0.0,0.002849604801500505
8984,8984,0.002524491509349718,0.0,0.002524491509349718
8985,8985,0.002219017698459989,0.0,0.002219017698459989
8986,8986,0.0019331954284136238,0.0,0.0019331954284136238
8987,8987,0.0016670359829850858,0.0,0.0016670359829850858
8988,8988,0.00142054986969294,0.0,0.00142054986969294
8989,8989,0.0011937468193874451,0.0,0.0011937468193874451
8990,8990,0.0009866357858641652,0.0,0.0009866357858641652
8991,8991,0.0007992249455125416,0.0,0.0007992249455125416
8992,8992,0.000631521696991228,0.0,0.000631521696991228
8993,8993,0.00048353266093754537,0.0,0.00048353266093754537
8994,8994,0.0003552636797053736,0.0,0.0003552636797053736
8995,8995,0.0002467198171341696,0.0,0.0002467198171341696
8996,8996,0.00015790535835001648,0.0,0.00015790535835001648
8997,8997,8.882380959547136e-05,0.0,8.882380959547136e-05
8998,8998,3.94778980919488e-05,0.0,3.94778980919488e-05
8999,8999,9.869571931429611e-06,0.0,9.869571931429611e-06
9000,9000,1.2148054239561048e-30,0.0,1.2148054239561048e-30
9001,9001,9.869571931438081e-06,0.0,9.869571931438081e-06
9002,9002,3.9477898091965747e-05,0.0,3.9477898091965747e-05
9003,9003,8.882380959549678e-05,0.0,8.882380959549678e-05
9004,9004,0.00015790535835005036,0.0,0.00015790535835005036
9005,9005,0.000246719817134212,0.0,0.000246719817134212
9006,9006,0.00035526367970542435,0.0,0.00035526367970542435
9007,9007,0.0004835326609376047,0.0,0.0004835326609376047
9008,9008,0.0006315216969912956,0.0,0.0006315216969912956
9009,9009,0.000799224945512417,0.0,0.000799224945512417
9010,9010,0.0009866357858642502,0.0,0.0009866357858642502
9011,9011,0.0011937468193875386,0.0,0.0011937468193875386
9012,9012,0.0014205498696930419,0.0,0.0014205498696930419
9013,9013,0.0016670359829851957,0.0,0.0016670359829851957
9014,9014,0.0019331954284137422,0.0,0.0019331954284137422
9015,9015,0.0022190176984601155,0.0,0.0022190176984601155
9016,9016,0.0025244915093498538,0.0,0.0025244915093498538
9017,9017,0.002849604801500649,0.0,0.002849604801500649
9018,9018,0.0031943447399956745,0.0,0.0031943447399956745
9019,9019,0.0035586977150932285,0.0,0.0035586977150932285
9020,9020,0.003942649342761347,0.0,0.003942649342761347
9021,9021,0.004346184465246732,0.0,0.004346184465246732
9022,9022,0.004769287151674626,0.0,0.004769287151674626
9023,9023,0.005211940698674475,0.0,0.005211940698674475
9024,9024,0.005674127631043192,0.0,0.005674127631043192
9025,9025,0.006155829702431034,0.0,0.006155829702431034
9026,9026,0.006657027896066115,0.0,0.006657027896066115
9027,9027,0.007177702425500807,0.0,0.007177702425500807
9028,9028,0.007717832735397403,0.0,0.007717832735397403
9029,9029,0.008277397502335542,0.0,0.008277397502335542
9030,9030,0.008856374635655685,0.0,0.008856374635655685
9031,9031,0.00945474127833329,0.0,0.00945474127833329
9032,9032,0.010072473807876516,0.0,0.010072473807876516
9033,9033,0.010709547837264223,0.0,0.010709547837264223
9034,9034,0.011365938215903133,0.0,0.011365938215903133
9035,9035,0.012041619030626505,0.0,0.012041619030626505
9036,9036,0.012736563606711193,0.0,0.012736563606711193
9037,9037,0.013450744508936843,0.0,0.013450744508936843
9038,9038,0.014184133542663537,0.0,0.014184133542663537
9039,9039,0.014936701754947117,0.0,0.014936701754947117
9040,9040,0.015708419435684875,0.0,0.015708419435684875
9041,9041,0.01649925611878241,0.0,0.01649925611878241
9042,9042,0.01730918058336341,0.0,0.01730918058336341
9043,9043,0.01813816085499498,0.0,0.01813816085499498
9044,9044,0.01898616420695732,0.0,0.01898616420695732
9045,9045,0.019853157161528183,0.0,0.019853157161528183
9046,9046,0.020739105491312217,0.0,0.020739105491312217
9047,9047,0.021643974220585383,0.0,0.021643974220585383
9048,9048,0.022567727626678573,0.0,0.022567727626678573
9049,9049,0.023510329241391126,0.0,0.023510329241391126
9050,9050,0.024471741852423144,0.0,0.024471741852423144
9051,9051,0.025451927504853138,0.0,0.025451927504853138
9052,9052,0.02645084750262766,1.0,0.02645084750262766
9053,9053,0.027468462410097903,0.0,0.027468462410097903
9054,9054,0.028504732053567437,0.0,0.028504732053567437
9055,9055,0.029559615522887456,0.0,0.029559615522887456
9056,9056,0.0306330711730637,0.0,0.0306330711730637
9057,9057,0.031725056625903886,0.0,0.031725056625903886
9058,9058,0.0328355287716946,0.0,0.0328355287716946
9059,9059,0.03396444377089444,0.0,0.03396444377089444
9060,9060,0.035111757055874805,0.0,0.035111757055874805
9061,9061,0.03627742333266912,0.0,0.03627742333266912
9062,9062,0.03746139658277135,0.0,0.03746139658277135
9063,9063,0.03866363006494221,0.0,0.03866363006494221
9064,9064,0.039884076317065066,0.0,0.039884076317065066
9065,9065,0.04112268715801029,0.0,0.04112268715801029
9066,9066,0.042379413689541304,0.0,0.042379413689541304
9067,9067,0.04365420629824932,0.0,0.04365420629824932
9068,9068,0.04494701465750208,0.0,0.04494701465750208
9069,9069,0.04625778772944211,0.0,0.04625778772944211
9070,9070,0.04758647376698999,0.0,0.04758647376698999
9071,9071,0.048933020315899016,0.0,0.048933020315899016
9072,9072,0.050297374216814066,0.0,0.050297374216814066
9073,9073,0.051679481607382345,0.0,0.051679481607382345
9074,9074,0.0530792879243691,0.0,0.0530792879243691
9075,9075,0.054496737905816175,0.0,0.054496737905816175
9076,9076,0.05593177559322856,0.0,0.05593177559322856
9077,9077,0.05738434433377232,0.0,0.05738434433377232
9078,9078,0.05885438678252402,1.0,0.05885438678252402
9079,9079,0.0603418449047216,0.0,0.0603418449047216
9080,9080,0.061846659978068694,0.0,0.061846659978068694
9081,9081,0.06336877259503945,0.0,0.06336877259503945
9082,9082,0.06490812266523747,0.0,0.06490812266523747
9083,9083,0.06646464941775608,0.0,0.06646464941775608
9084,9084,0.06803829140358246,0.0,0.06803829140358246
9085,9085,0.06962898649802911,0.0,0.06962898649802911
9086,9086,0.07123667190317379,0.0,0.07123667190317379
9087,9087,0.07286128415035316,0.0,0.07286128415035316
9088,9088,0.07450275910265379,0.0,0.07450275910265379
9089,9089,0.07616103195745895,0.0,0.07616103195745895
9090,9090,0.07783603724899195,0.0,0.07783603724899195
9091,9091,0.07952770885091581,0.0,0.07952770885091581
9092,9092,0.08123597997893037,0.0,0.08123597997893037
9093,9093,0.08296078319341454,0.0,0.08296078319341454
9094,9094,0.0847020504020947,1.0,0.0847020504020947
9095,9095,0.08645971286271902,0.0,0.08645971286271902
9096,9096,0.08823370118578712,0.0,0.08823370118578712
9097,9097,0.09002394533727354,0.0,0.09002394533727354
9098,9098,0.09183037464140864,0.0,0.09183037464140864
9099,9099,0.0936529177834525,0.0,0.0936529177834525
9100,9100,0.09549150281252668,0.0,0.09549150281252668
9101,9101,0.09734605714444035,0.0,0.09734605714444035
9102,9102,0.09921650756456188,0.0,0.09921650756456188
9103,9103,0.10110278023071562,0.0,0.10110278023071562
9104,9104,0.10300480067608227,1.0,0.10300480067608227
9105,9105,0.10492249381215571,0.0,0.10492249381215571
9106,9106,0.10685578393169025,0.0,0.10685578393169025
9107,9107,0.10880459471170661,0.0,0.10880459471170661
9108,9108,0.11076884921648772,0.0,0.11076884921648772
9109,9109,0.11274846990063353,0.0,0.11274846990063353
9110,9110,0.11474337861210684,0.0,0.11474337861210684
9111,9111,0.11675349659532526,0.0,0.11675349659532526
9112,9112,0.11877874449427729,0.0,0.11877874449427729
9113,9113,0.12081904235563899,0.0,0.12081904235563899
9114,9114,0.12287430963194908,0.0,0.12287430963194908
9115,9115,0.12494446518476988,0.0,0.12494446518476988
9116,9116,0.12702942728790964,0.0,0.12702942728790964
9117,9117,0.12912911363062982,0.0,0.12912911363062982
9118,9118,0.13124344132091353,1.0,0.13124344132091353
9119,9119,0.13337232688872155,0.0,0.13337232688872155
9120,9120,0.13551568628929445,1.0,0.13551568628929445
9121,9121,0.13767343490647796,0.0,0.13767343490647796
9122,9122,0.13984548755604648,0.0,0.13984548755604648
9123,9123,0.14203175848908545,0.0,0.14203175848908545
9124,9124,0.144232161395357,1.0,0.144232161395357
9125,9125,0.14644660940672702,0.0,0.14644660940672702
9126,9126,0.1486750151005748,0.0,0.1486750151005748
9127,9127,0.1509172905032642,1.0,0.1509172905032642
9128,9128,0.15317334709359917,0.0,0.15317334709359917
9129,9129,0.15544309580632598,0.0,0.15544309580632598
9130,9130,0.15772644703565702,0.0,0.15772644703565702
9131,9131,0.16002331063879036,0.0,0.16002331063879036
9132,9132,0.16233359593948887,0.0,0.16233359593948887
9133,9133,0.16465721173163964,0.0,0.16465721173163964
9134,9134,0.16699406628287505,0.0,0.16699406628287505
9135,9135,0.16934406733817342,0.0,0.16934406733817342
9136,9136,0.17170712212352235,0.0,0.17170712212352235
9137,9137,0.17408313734956238,0.0,0.17408313734956238
9138,9138,0.1764720192152781,0.0,0.1764720192152781
9139,9139,0.1788736734117093,1.0,0.1788736734117093
9140,9140,0.1812880051256551,0.0,0.1812880051256551
9141,9141,0.18371491904343895,0.0,0.18371491904343895
9142,9142,0.1861543193546494,0.0,0.1861543193546494
9143,9143,0.18860610975594463,0.0,0.18860610975594463
9144,9144,0.19107019345483217,0.0,0.19107019345483217
9145,9145,0.19354647317351234,0.0,0.19354647317351234
9146,9146,0.19603485115269914,0.0,0.19603485115269914
9147,9147,0.19853522915548794,1.0,0.19853522915548794
9148,9148,0.20104750847124214,0.0,0.20104750847124214
9149,9149,0.20357158991947036,1.0,0.20357158991947036
9150,9150,0.2061073738537647,0.0,0.2061073738537647
9151,9151,0.20865476016571163,0.0,0.20865476016571163
9152,9152,0.21121364828886713,1.0,0.21121364828886713
9153,9153,0.21378393720270386,0.0,0.21378393720270386
9154,9154,0.21636552543662238,1.0,0.21636552543662238
9155,9155,0.21895831107393665,0.0,0.21895831107393665
9156,9156,0.22156219175590633,0.0,0.22156219175590633
9157,9157,0.22417706468578655,1.0,0.22417706468578655
9158,9158,0.22680282663286547,0.0,0.22680282663286547
9159,9159,0.22943937393656338,0.0,0.22943937393656338
9160,9160,0.23208660251050137,0.0,0.23208660251050137
9161,9161,0.23474440784663397,1.0,0.23474440784663397
9162,9162,0.23741268501935145,0.0,0.23741268501935145
9163,9163,0.24009132868964594,0.0,0.24009132868964594
9164,9164,0.2427802331092488,0.0,0.2427802331092488
9165,9165,0.24547929212481467,0.0,0.24547929212481467
9166,9166,0.2481883991821213,0.0,0.2481883991821213
9167,9167,0.25090744733025466,0.0,0.25090744733025466
9168,9168,0.2536363292258556,0.0,0.2536363292258556
9169,9169,0.2563749371373335,0.0,0.2563749371373335
9170,9170,0.2591231629491434,0.0,0.2591231629491434
9171,9171,0.2618808981660298,1.0,0.2618808981660298
9172,9172,0.2646480339173344,0.0,0.2646480339173344
9173,9173,0.2674244609612729,0.0,0.2674244609612729
9174,9174,0.27021006968925637,0.0,0.27021006968925637
9175,9175,0.2730047501302284,0.0,0.2730047501302284
9176,9176,0.27580839195498386,0.0,0.27580839195498386
9177,9177,0.2786208844805507,1.0,0.2786208844805507
9178,9178,0.28144211667453317,0.0,0.28144211667453317
9179,9179,0.28427197715952157,0.0,0.28427197715952157
9180,9180,0.287110354217463,0.0,0.287110354217463
9181,9181,0.2899571357940976,0.0,0.2899571357940976
9182,9182,0.2928122095033602,0.0,0.2928122095033602
9183,9183,0.29567546263182587,0.0,0.29567546263182587
9184,9184,0.29854678214317054,0.0,0.29854678214317054
9185,9185,0.30142605468260975,0.0,0.30142605468260975
9186,9186,0.30431316658140034,0.0,0.30431316658140034
9187,9187,0.3072080038613014,0.0,0.3072080038613014
9188,9188,0.3101104522391006,1.0,0.3101104522391006
9189,9189,0.3130203971310991,0.0,0.3130203971310991
9190,9190,0.31593772365766176,0.0,0.31593772365766176
9191,9191,0.31886231664772613,1.0,0.31886231664772613
9192,9192,0.32179406064337507,1.0,0.32179406064337507
9193,9193,0.3247328399043724,0.0,0.3247328399043724
9194,9194,0.32767853841274147,0.0,0.32767853841274147
9195,9195,0.33063103987735587,0.0,0.33063103987735587
9196,9196,0.33359022773850633,1.0,0.33359022773850633
9197,9197,0.33655598517252994,1.0,0.33655598517252994
9198,9198,0.33952819509639454,0.0,0.33952819509639454
9199,9199,0.34250674017234845,0.0,0.34250674017234845
9200,9200,0.3454915028125253,1.0,0.3454915028125253
9201,9201,0.3484823651836135,1.0,0.3484823651836135
9202,9202,0.3514792092114845,0.0,0.3514792092114845
9203,9203,0.3544819165858641,1.0,0.3544819165858641
9204,9204,0.35749036876501344,1.0,0.35749036876501344
9205,9205,0.3605044469803851,0.0,0.3605044469803851
9206,9206,0.36352403224133856,1.0,0.36352403224133856
9207,9207,0.36654900533981155,1.0,0.36654900533981155
9208,9208,0.36957924685505233,0.0,0.36957924685505233
9209,9209,0.3726146371583079,1.0,0.3726146371583079
9210,9210,0.375655056417573,0.0,0.375655056417573
9211,9211,0.37870038460229827,0.0,0.37870038460229827
9212,9212,0.3817505014881378,0.0,0.3817505014881378
9213,9213,0.3848052866617063,0.0,0.3848052866617063
9214,9214,0.38786461952530904,1.0,0.38786461952530904
9215,9215,0.39092837930173,0.0,0.39092837930173
9216,9216,0.39399644503897197,0.0,0.39399644503897197
9217,9217,0.3970686956150602,0.0,0.3970686956150602
9218,9218,0.4001450097427955,0.0,0.4001450097427955
9219,9219,0.40322526597457037,0.0,0.40322526597457037
9220,9220,0.4063093427071397,1.0,0.4063093427071397
9221,9221,0.4093971181864314,1.0,0.4093971181864314
9222,9222,0.4124884705123636,0.0,0.4124884705123636
9223,9223,0.41558327764363273,1.0,0.41558327764363273
9224,9224,0.41868141740255954,0.0,0.41868141740255954
9225,9225,0.42178276747988386,0.0,0.42178276747988386
9226,9226,0.4248872054396224,0.0,0.4248872054396224
9227,9227,0.4279946087238728,0.0,0.4279946087238728
9228,9228,0.4311048546576815,1.0,0.4311048546576815
9229,9229,0.4342178204538608,1.0,0.4342178204538608
9230,9230,0.437333383217848,1.0,0.437333383217848
9231,9231,0.44045141995256687,0.0,0.44045141995256687
9232,9232,0.4435718075632589,1.0,0.4435718075632589
9233,9233,0.4466944228623714,1.0,0.4466944228623714
9234,9234,0.44981914257439193,0.0,0.44981914257439193
9235,9235,0.4529458433407437,1.0,0.4529458433407437
9236,9236,0.45607440172462743,0.0,0.45607440172462743
9237,9237,0.45920469421592175,1.0,0.45920469421592175
9238,9238,0.4623365972360358,0.0,0.4623365972360358
9239,9239,0.46546998714279714,0.0,0.46546998714279714
9240,9240,0.46860474023534504,1.0,0.46860474023534504
9241,9241,0.4717407327589875,0.0,0.4717407327589875
9242,9242,0.4748778409101166,0.0,0.4748778409101166
9243,9243,0.47801594084106686,0.0,0.47801594084106686
9244,9244,0.48115490866503363,1.0,0.48115490866503363
9245,9245,0.48429462046093474,0.0,0.48429462046093474
9246,9246,0.4874349522783318,1.0,0.4874349522783318
9247,9247,0.4905757801422981,1.0,0.4905757801422981
9248,9248,0.4937169800583238,0.0,0.4937169800583238
9249,9249,0.49685842801722235,0.0,0.49685842801722235
9250,9250,0.4999999999999998,1.0,0.4999999999999998
9251,9251,0.5031415719827809,0.0,0.5031415719827809
9252,9252,0.5062830199416757,0.0,0.5062830199416757
9253,9253,0.509424219857705,0.0,0.509424219857705
9254,9254,0.5125650477216677,0.0,0.5125650477216677
9255,9255,0.5157053795390648,1.0,0.5157053795390648
9256,9256,0.5188450913349694,0.0,0.5188450913349694
9257,9257,0.5219840591589328,1.0,0.5219840591589328
9258,9258,0.5251221590898865,0.0,0.5251221590898865
9259,9259,0.528259267241012,0.0,0.528259267241012
9260,9260,0.5313952597646581,1.0,0.5313952597646581
9261,9261,0.5345300128572023,1.0,0.5345300128572023
9262,9262,0.5376634027639674,1.0,0.5376634027639674
9263,9263,0.5407953057840778,0.0,0.5407953057840778
9264,9264,0.5439255982753721,0.0,0.5439255982753721
9265,9265,0.5470541566592593,0.0,0.5470541566592593
9266,9266,0.5501808574256076,1.0,0.5501808574256076
9267,9267,0.5533055771376317,0.0,0.5533055771376317
9268,9268,0.5564281924367406,0.0,0.5564281924367406
9269,9269,0.5595485800474362,1.0,0.5595485800474362
9270,9270,0.5626666167821516,1.0,0.5626666167821516
9271,9271,0.5657821795461422,1.0,0.5657821795461422
9272,9272,0.568895145342318,1.0,0.568895145342318
9273,9273,0.5720053912761267,0.0,0.5720053912761267
9274,9274,0.5751127945603806,1.0,0.5751127945603806
9275,9275,0.5782172325201156,1.0,0.5782172325201156
9276,9276,0.5813185825974435,1.0,0.5813185825974435
9277,9277,0.5844167223563667,1.0,0.5844167223563667
9278,9278,0.5875115294876394,0.0,0.5875115294876394
9279,9279,0.5906028818135681,0.0,0.5906028818135681
9280,9280,0.5936906572928634,0.0,0.5936906572928634
9281,9281,0.5967747340254291,1.0,0.5967747340254291
9282,9282,0.599854990257204,1.0,0.599854990257204
9283,9283,0.6029313043849429,1.0,0.6029313043849429
9284,9284,0.6060035549610275,1.0,0.6060035549610275
9285,9285,0.6090716206982731,1.0,0.6090716206982731
9286,9286,0.6121353804746904,0.0,0.6121353804746904
9287,9287,0.6151947133382967,1.0,0.6151947133382967
9288,9288,0.6182494985118618,1.0,0.6182494985118618
9289,9289,0.6212996153977046,1.0,0.6212996153977046
9290,9290,0.6243449435824264,1.0,0.6243449435824264
9291,9291,0.6273853628416918,0.0,0.6273853628416918
9292,9292,0.6304207531449507,1.0,0.6304207531449507
9293,9293,0.6334509946601881,1.0,0.6334509946601881
9294,9294,0.6364759677586643,0.0,0.6364759677586643
9295,9295,0.6394955530196145,1.0,0.6394955530196145
9296,9296,0.6425096312349894,1.0,0.6425096312349894
9297,9297,0.6455180834141354,1.0,0.6455180834141354
9298,9298,0.6485207907885184,0.0,0.6485207907885184
9299,9299,0.6515176348163861,1.0,0.6515176348163861
9300,9300,0.6545084971874743,1.0,0.6545084971874743
9301,9301,0.6574932598276545,0.0,0.6574932598276545
9302,9302,0.6604718049036049,1.0,0.6604718049036049
9303,9303,0.6634440148274731,0.0,0.6634440148274731
9304,9304,0.6664097722614931,0.0,0.6664097722614931
9305,9305,0.6693689601226471,0.0,0.6693689601226471
9306,9306,0.672321461587258,0.0,0.672321461587258
9307,9307,0.6752671600956305,1.0,0.6752671600956305
9308,9308,0.6782059393566244,0.0,0.6782059393566244
9309,9309,0.6811376833522734,1.0,0.6811376833522734
9310,9310,0.684062276342341,1.0,0.684062276342341
9311,9311,0.6869796028689006,1.0,0.6869796028689006
9312,9312,0.6898895477609023,1.0,0.6898895477609023
9313,9313,0.6927919961386981,1.0,0.6927919961386981
9314,9314,0.6956868334186026,0.0,0.6956868334186026
9315,9315,0.6985739453173898,1.0,0.6985739453173898
9316,9316,0.7014532178568323,1.0,0.7014532178568323
9317,9317,0.7043245373681737,1.0,0.7043245373681737
9318,9318,0.7071877904966427,1.0,0.7071877904966427
9319,9319,0.7100428642059052,1.0,0.7100428642059052
9320,9320,0.7128896457825366,1.0,0.7128896457825366
9321,9321,0.7157280228404812,1.0,0.7157280228404812
9322,9322,0.7185578833254663,0.0,0.7185578833254663
9323,9323,0.7213791155194521,0.0,0.7213791155194521
9324,9324,0.7241916080450157,0.0,0.7241916080450157
9325,9325,0.7269952498697745,1.0,0.7269952498697745
9326,9326,0.7297899303107431,1.0,0.7297899303107431
9327,9327,0.7325755390387297,0.0,0.7325755390387297
9328,9328,0.7353519660826683,1.0,0.7353519660826683
9329,9329,0.7381191018339699,0.0,0.7381191018339699
9330,9330,0.7408768370508594,0.0,0.7408768370508594
9331,9331,0.743625062862666,1.0,0.743625062862666
9332,9332,0.746363670774147,1.0,0.746363670774147
9333,9333,0.749092552669745,1.0,0.749092552669745
9334,9334,0.7518116008178813,1.0,0.7518116008178813
9335,9335,0.7545207078751848,1.0,0.7545207078751848
9336,9336,0.7572197668907539,1.0,0.7572197668907539
9337,9337,0.7599086713103567,1.0,0.7599086713103567
9338,9338,0.762587314980648,1.0,0.762587314980648
9339,9339,0.7652555921533686,0.0,0.7652555921533686
9340,9340,0.7679133974894983,1.0,0.7679133974894983
9341,9341,0.7705606260634391,0.0,0.7705606260634391
9342,9342,0.7731971733671341,1.0,0.7731971733671341
9343,9343,0.7758229353142161,1.0,0.7758229353142161
9344,9344,0.7784378082440933,1.0,0.7784378082440933
9345,9345,0.781041688926066,1.0,0.781041688926066
9346,9346,0.7836344745633801,1.0,0.7836344745633801
9347,9347,0.7862160627972957,1.0,0.7862160627972957
9348,9348,0.7887863517111353,0.0,0.7887863517111353
9349,9349,0.791345239834288,1.0,0.791345239834288
9350,9350,0.7938926261462378,1.0,0.7938926261462378
9351,9351,0.7964284100805292,1.0,0.7964284100805292
9352,9352,0.7989524915287605,1.0,0.7989524915287605
9353,9353,0.8014647708445116,1.0,0.8014647708445116
9354,9354,0.8039651488473033,1.0,0.8039651488473033
9355,9355,0.8064535268264901,1.0,0.8064535268264901
9356,9356,0.8089298065451674,1.0,0.8089298065451674
9357,9357,0.8113938902440578,1.0,0.8113938902440578
9358,9358,0.8138456806453502,1.0,0.8138456806453502
9359,9359,0.8162850809565634,1.0,0.8162850809565634
9360,9360,0.8187119948743445,1.0,0.8187119948743445
9361,9361,0.8211263265882931,0.0,0.8211263265882931
9362,9362,0.8235279807847214,1.0,0.8235279807847214
9363,9363,0.8259168626504398,1.0,0.8259168626504398
9364,9364,0.82829287787648,1.0,0.82829287787648
9365,9365,0.8306559326618262,1.0,0.8306559326618262
9366,9366,0.8330059337171274,1.0,0.8330059337171274
9367,9367,0.8353427882683601,1.0,0.8353427882683601
9368,9368,0.8376664040605134,1.0,0.8376664040605134
9369,9369,0.8399766893612093,1.0,0.8399766893612093
9370,9370,0.8422735529643451,1.0,0.8422735529643451
9371,9371,0.8445569041936736,0.0,0.8445569041936736
9372,9372,0.846826652906403,1.0,0.846826652906403
9373,9373,0.849082709496738,1.0,0.849082709496738
9374,9374,0.8513249848994249,1.0,0.8513249848994249
9375,9375,0.8535533905932752,1.0,0.8535533905932752
9376,9376,0.8557678386046427,1.0,0.8557678386046427
9377,9377,0.8579682415109168,1.0,0.8579682415109168
9378,9378,0.8601545124439531,1.0,0.8601545124439531
9379,9379,0.8623265650935242,1.0,0.8623265650935242
9380,9380,0.8644843137107052,1.0,0.8644843137107052
9381,9381,0.8666276731112805,1.0,0.8666276731112805
9382,9382,0.8687565586790886,1.0,0.8687565586790886
9383,9383,0.8708708863693699,1.0,0.8708708863693699
9384,9384,0.8729705727120924,0.0,0.8729705727120924
9385,9385,0.8750555348152297,1.0,0.8750555348152297
9386,9386,0.877125690368053,1.0,0.877125690368053
9387,9387,0.8791809576443608,1.0,0.8791809576443608
9388,9388,0.8812212555057247,1.0,0.8812212555057247
9389,9389,0.8832465034046745,1.0,0.8832465034046745
9390,9390,0.8852566213878952,1.0,0.8852566213878952
9391,9391,0.8872515300993684,0.0,0.8872515300993684
9392,9392,0.889231150783512,1.0,0.889231150783512
9393,9393,0.8911954052882954,1.0,0.8911954052882954
9394,9394,0.8931442160683094,1.0,0.8931442160683094
9395,9395,0.8950775061878462,1.0,0.8950775061878462
9396,9396,0.8969951993239174,1.0,0.8969951993239174
9397,9397,0.8988972197692862,1.0,0.8988972197692862
9398,9398,0.9007834924354379,1.0,0.9007834924354379
9399,9399,0.9026539428555616,1.0,0.9026539428555616
9400,9400,0.9045084971874751,1.0,0.9045084971874751
9401,9401,0.9063470822165471,1.0,0.9063470822165471
9402,9402,0.9081696253585931,1.0,0.9081696253585931
9403,9403,0.9099760546627261,1.0,0.9099760546627261
9404,9404,0.9117662988142146,1.0,0.9117662988142146
9405,9405,0.9135402871372806,1.0,0.9135402871372806
9406,9406,0.9152979495979071,1.0,0.9152979495979071
9407,9407,0.9170392168065852,1.0,0.9170392168065852
9408,9408,0.9187640200210714,1.0,0.9187640200210714
9409,9409,0.9204722911490859,1.0,0.9204722911490859
9410,9410,0.9221639627510078,1.0,0.9221639627510078
9411,9411,0.9238389680425426,1.0,0.9238389680425426
9412,9412,0.925497240897346,1.0,0.925497240897346
9413,9413,0.9271387158496486,1.0,0.9271387158496486
9414,9414,0.9287633280968259,1.0,0.9287633280968259
9415,9415,0.9303710135019724,0.0,0.9303710135019724
9416,9416,0.9319617085964172,0.0,0.9319617085964172
9417,9417,0.9335353505822453,1.0,0.9335353505822453
9418,9418,0.9350918773347623,1.0,0.9350918773347623
9419,9419,0.9366312274049603,0.0,0.9366312274049603
9420,9420,0.9381533400219327,0.0,0.9381533400219327
9421,9421,0.9396581550952781,1.0,0.9396581550952781
9422,9422,0.9411456132174774,0.0,0.9411456132174774
9423,9423,0.9426156556662274,1.0,0.9426156556662274
9424,9424,0.9440682244067727,1.0,0.9440682244067727
9425,9425,0.9455032620941837,1.0,0.9455032620941837
9426,9426,0.9469207120756322,1.0,0.9469207120756322
9427,9427,0.9483205183926174,1.0,0.9483205183926174
9428,9428,0.9497026257831856,1.0,0.9497026257831856
9429,9429,0.9510669796841023,1.0,0.9510669796841023
9430,9430,0.9524135262330098,1.0,0.9524135262330098
9431,9431,0.9537422122705591,1.0,0.9537422122705591
9432,9432,0.9550529853424977,1.0,0.9550529853424977
9433,9433,0.9563457937017519,0.0,0.9563457937017519
9434,9434,0.9576205863104585,1.0,0.9576205863104585
9435,9435,0.958877312841991,1.0,0.958877312841991
9436,9436,0.9601159236829347,1.0,0.9601159236829347
9437,9437,0.9613363699350577,1.0,0.9613363699350577
9438,9438,0.9625386034172299,1.0,0.9625386034172299
9439,9439,0.9637225766673307,1.0,0.9637225766673307
9440,9440,0.9648882429441262,1.0,0.9648882429441262
9441,9441,0.9660355562291054,1.0,0.9660355562291054
9442,9442,0.9671644712283065,1.0,0.9671644712283065
9443,9443,0.9682749433740958,1.0,0.9682749433740958
9444,9444,0.9693669288269374,1.0,0.9693669288269374
9445,9445,0.9704403844771124,1.0,0.9704403844771124
9446,9446,0.9714952679464325,1.0,0.9714952679464325
9447,9447,0.9725315375899031,1.0,0.9725315375899031
9448,9448,0.9735491524973721,1.0,0.9735491524973721
9449,9449,0.9745480724951479,1.0,0.9745480724951479
9450,9450,0.9755282581475766,1.0,0.9755282581475766
9451,9451,0.9764896707586097,1.0,0.9764896707586097
9452,9452,0.9774322723733214,1.0,0.9774322723733214
9453,9453,0.9783560257794154,1.0,0.9783560257794154
9454,9454,0.9792608945086877,1.0,0.9792608945086877
9455,9455,0.9801468428384716,1.0,0.9801468428384716
9456,9456,0.9810138357930436,1.0,0.9810138357930436
9457,9457,0.9818618391450048,1.0,0.9818618391450048
9458,9458,0.9826908194166374,1.0,0.9826908194166374
9459,9459,0.9835007438812174,1.0,0.9835007438812174
9460,9460,0.9842915805643159,1.0,0.9842915805643159
9461,9461,0.9850632982450527,1.0,0.9850632982450527
9462,9462,0.9858158664573372,1.0,0.9858158664573372
9463,9463,0.986549255491063,1.0,0.986549255491063
9464,9464,0.9872634363932887,1.0,0.9872634363932887
9465,9465,0.9879583809693742,1.0,0.9879583809693742
9466,9466,0.9886340617840967,1.0,0.9886340617840967
9467,9467,0.9892904521627365,1.0,0.9892904521627365
9468,9468,0.9899275261921234,1.0,0.9899275261921234
9469,9469,0.9905452587216672,1.0,0.9905452587216672
9470,9470,0.9911436253643443,1.0,0.9911436253643443
9471,9471,0.991722602497665,1.0,0.991722602497665
9472,9472,0.9922821672646025,1.0,0.9922821672646025
9473,9473,0.9928222975744992,1.0,0.9928222975744992
9474,9474,0.9933429721039344,1.0,0.9933429721039344
9475,9475,0.9938441702975689,1.0,0.9938441702975689
9476,9476,0.9943258723689572,1.0,0.9943258723689572
9477,9477,0.9947880593013253,1.0,0.9947880593013253
9478,9478,0.9952307128483259,1.0,0.9952307128483259
9479,9479,0.9956538155347532,1.0,0.9956538155347532
9480,9480,0.9960573506572391,1.0,0.9960573506572391
9481,9481,0.9964413022849067,1.0,0.9964413022849067
9482,9482,0.9968056552600042,1.0,0.9968056552600042
9483,9483,0.9971503951984998,1.0,0.9971503951984998
9484,9484,0.99747550849065,1.0,0.99747550849065
9485,9485,0.9977809823015401,1.0,0.9977809823015401
9486,9486,0.9980668045715861,1.0,0.9980668045715861
9487,9487,0.9983329640170151,1.0,0.9983329640170151
9488,9488,0.9985794501303069,1.0,0.9985794501303069
9489,9489,0.9988062531806127,1.0,0.9988062531806127
9490,9490,0.9990133642141357,1.0,0.9990133642141357
9491,9491,0.9992007750544876,1.0,0.9992007750544876
9492,9492,0.9993684783030089,1.0,0.9993684783030089
9493,9493,0.9995164673390624,1.0,0.9995164673390624
9494,9494,0.9996447363202947,1.0,0.9996447363202947
9495,9495,0.9997532801828658,1.0,0.9997532801828658
9496,9496,0.99984209464165,1.0,0.99984209464165
9497,9497,0.9999111761904046,1.0,0.9999111761904046
9498,9498,0.999960522101908,1.0,0.999960522101908
9499,9499,0.9999901304280686,1.0,0.9999901304280686
9500,9500,1.0,1.0,1.0
9501,9501,0.9999901304280686,1.0,0.9999901304280686
9502,9502,0.999960522101908,1.0,0.999960522101908
9503,9503,0.9999111761904046,1.0,0.9999111761904046
9504,9504,0.99984209464165,1.0,0.99984209464165
9505,9505,0.9997532801828658,1.0,0.9997532801828658
9506,9506,0.9996447363202945,1.0,0.9996447363202945
9507,9507,0.9995164673390624,1.0,0.9995164673390624
9508,9508,0.9993684783030089,1.0,0.9993684783030089
9509,9509,0.9992007750544876,1.0,0.9992007750544876
9510,9510,0.9990133642141357,1.0,0.9990133642141357
9511,9511,0.9988062531806127,1.0,0.9988062531806127
9512,9512,0.9985794501303069,1.0,0.9985794501303069
9513,9513,0.9983329640170149,1.0,0.9983329640170149
9514,9514,0.9980668045715861,1.0,0.9980668045715861
9515,9515,0.9977809823015401,1.0,0.9977809823015401
9516,9516,0.99747550849065,1.0,0.99747550849065
9517,9517,0.9971503951984996,1.0,0.9971503951984996
9518,9518,0.9968056552600042,1.0,0.9968056552600042
9519,9519,0.9964413022849067,1.0,0.9964413022849067
9520,9520,0.9960573506572389,1.0,0.9960573506572389
9521,9521,0.9956538155347532,1.0,0.9956538155347532
9522,9522,0.9952307128483256,1.0,0.9952307128483256
9523,9523,0.9947880593013253,1.0,0.9947880593013253
9524,9524,0.994325872368957,1.0,0.994325872368957
9525,9525,0.9938441702975687,1.0,0.9938441702975687
9526,9526,0.9933429721039342,1.0,0.9933429721039342
9527,9527,0.992822297574499,1.0,0.992822297574499
9528,9528,0.9922821672646023,1.0,0.9922821672646023
9529,9529,0.9917226024976648,1.0,0.9917226024976648
9530,9530,0.9911436253643441,1.0,0.9911436253643441
9531,9531,0.990545258721667,1.0,0.990545258721667
9532,9532,0.9899275261921232,1.0,0.9899275261921232
9533,9533,0.9892904521627363,1.0,0.9892904521627363
9534,9534,0.9886340617840965,1.0,0.9886340617840965
9535,9535,0.9879583809693739,1.0,0.9879583809693739
9536,9536,0.9872634363932883,1.0,0.9872634363932883
9537,9537,0.9865492554910628,1.0,0.9865492554910628
9538,9538,0.9858158664573368,1.0,0.9858158664573368
9539,9539,0.9850632982450525,1.0,0.9850632982450525
9540,9540,0.9842915805643156,1.0,0.9842915805643156
9541,9541,0.9835007438812172,1.0,0.9835007438812172
9542,9542,0.9826908194166369,1.0,0.9826908194166369
9543,9543,0.9818618391450046,1.0,0.9818618391450046
9544,9544,0.9810138357930431,1.0,0.9810138357930431
9545,9545,0.9801468428384713,1.0,0.9801468428384713
9546,9546,0.9792608945086873,1.0,0.9792608945086873
9547,9547,0.9783560257794152,1.0,0.9783560257794152
9548,9548,0.977432272373321,1.0,0.977432272373321
9549,9549,0.9764896707586095,0.0,0.9764896707586095
9550,9550,0.9755282581475763,1.0,0.9755282581475763
9551,9551,0.9745480724951474,1.0,0.9745480724951474
9552,9552,0.9735491524973718,1.0,0.9735491524973718
9553,9553,0.9725315375899026,1.0,0.9725315375899026
9554,9554,0.971495267946432,1.0,0.971495267946432
9555,9555,0.970440384477112,1.0,0.970440384477112
9556,9556,0.969366928826937,1.0,0.969366928826937
9557,9557,0.9682749433740955,1.0,0.9682749433740955
9558,9558,0.9671644712283061,1.0,0.9671644712283061
9559,9559,0.966035556229105,1.0,0.966035556229105
9560,9560,0.9648882429441258,1.0,0.9648882429441258
9561,9561,0.9637225766673303,1.0,0.9637225766673303
9562,9562,0.9625386034172293,1.0,0.9625386034172293
9563,9563,0.9613363699350572,1.0,0.9613363699350572
9564,9564,0.9601159236829343,1.0,0.9601159236829343
9565,9565,0.9588773128419905,1.0,0.9588773128419905
9566,9566,0.9576205863104581,1.0,0.9576205863104581
9567,9567,0.9563457937017514,1.0,0.9563457937017514
9568,9568,0.9550529853424973,1.0,0.9550529853424973
9569,9569,0.9537422122705587,1.0,0.9537422122705587
9570,9570,0.9524135262330092,1.0,0.9524135262330092
9571,9571,0.9510669796841018,1.0,0.9510669796841018
9572,9572,0.9497026257831852,1.0,0.9497026257831852
9573,9573,0.9483205183926168,1.0,0.9483205183926168
9574,9574,0.9469207120756318,1.0,0.9469207120756318
9575,9575,0.945503262094183,1.0,0.945503262094183
9576,9576,0.9440682244067723,1.0,0.9440682244067723
9577,9577,0.942615655666227,1.0,0.942615655666227
9578,9578,0.9411456132174768,1.0,0.9411456132174768
9579,9579,0.9396581550952776,1.0,0.9396581550952776
9580,9580,0.9381533400219322,1.0,0.9381533400219322
9581,9581,0.9366312274049596,1.0,0.9366312274049596
9582,9582,0.9350918773347616,1.0,0.9350918773347616
9583,9583,0.9335353505822449,1.0,0.9335353505822449
9584,9584,0.9319617085964166,1.0,0.9319617085964166
9585,9585,0.9303710135019718,1.0,0.9303710135019718
9586,9586,0.9287633280968253,1.0,0.9287633280968253
9587,9587,0.9271387158496479,0.0,0.9271387158496479
9588,9588,0.9254972408973454,1.0,0.9254972408973454
9589,9589,0.923838968042542,1.0,0.923838968042542
9590,9590,0.9221639627510071,1.0,0.9221639627510071
9591,9591,0.9204722911490834,1.0,0.9204722911490834
9592,9592,0.9187640200210705,1.0,0.9187640200210705
9593,9593,0.9170392168065845,1.0,0.9170392168065845
9594,9594,0.9152979495979062,1.0,0.9152979495979062
9595,9595,0.9135402871372801,1.0,0.9135402871372801
9596,9596,0.9117662988142139,1.0,0.9117662988142139
9597,9597,0.9099760546627256,1.0,0.9099760546627256
9598,9598,0.9081696253585925,1.0,0.9081696253585925
9599,9599,0.9063470822165466,1.0,0.9063470822165466
9600,9600,0.9045084971874724,1.0,0.9045084971874724
9601,9601,0.9026539428555607,1.0,0.9026539428555607
9602,9602,0.9007834924354371,1.0,0.9007834924354371
9603,9603,0.8988972197692855,1.0,0.8988972197692855
9604,9604,0.8969951993239167,1.0,0.8969951993239167
9605,9605,0.8950775061878453,1.0,0.8950775061878453
9606,9606,0.8931442160683087,1.0,0.8931442160683087
9607,9607,0.8911954052882946,1.0,0.8911954052882946
9608,9608,0.8892311507835112,1.0,0.8892311507835112
9609,9609,0.8872515300993655,1.0,0.8872515300993655
9610,9610,0.8852566213878944,1.0,0.8852566213878944
9611,9611,0.8832465034046736,1.0,0.8832465034046736
9612,9612,0.8812212555057239,1.0,0.8812212555057239
9613,9613,0.8791809576443599,1.0,0.8791809576443599
9614,9614,0.8771256903680522,1.0,0.8771256903680522
9615,9615,0.875055534815229,1.0,0.875055534815229
9616,9616,0.8729705727120917,1.0,0.8729705727120917
9617,9617,0.870870886369369,1.0,0.870870886369369
9618,9618,0.8687565586790853,1.0,0.8687565586790853
9619,9619,0.8666276731112796,1.0,0.8666276731112796
9620,9620,0.8644843137107044,0.0,0.8644843137107044
9621,9621,0.8623265650935233,1.0,0.8623265650935233
9622,9622,0.8601545124439524,1.0,0.8601545124439524
9623,9623,0.8579682415109159,1.0,0.8579682415109159
9624,9624,0.8557678386046419,1.0,0.8557678386046419
9625,9625,0.8535533905932744,1.0,0.8535533905932744
9626,9626,0.8513249848994241,1.0,0.8513249848994241
9627,9627,0.8490827094967346,1.0,0.8490827094967346
9628,9628,0.8468266529064021,1.0,0.8468266529064021
9629,9629,0.8445569041936728,1.0,0.8445569041936728
9630,9630,0.8422735529643444,1.0,0.8422735529643444
9631,9631,0.8399766893612085,0.0,0.8399766893612085
9632,9632,0.8376664040605124,0.0,0.8376664040605124
9633,9633,0.835342788268359,1.0,0.835342788268359
9634,9634,0.8330059337171263,1.0,0.8330059337171263
9635,9635,0.8306559326618252,1.0,0.8306559326618252
9636,9636,0.828292877876479,1.0,0.828292877876479
9637,9637,0.8259168626504391,0.0,0.8259168626504391
9638,9638,0.8235279807847207,1.0,0.8235279807847207
9639,9639,0.8211263265882921,0.0,0.8211263265882921
9640,9640,0.8187119948743435,1.0,0.8187119948743435
9641,9641,0.8162850809565624,1.0,0.8162850809565624
9642,9642,0.8138456806453492,1.0,0.8138456806453492
9643,9643,0.8113938902440568,0.0,0.8113938902440568
9644,9644,0.8089298065451664,1.0,0.8089298065451664
9645,9645,0.8064535268264891,1.0,0.8064535268264891
9646,9646,0.8039651488473023,1.0,0.8039651488473023
9647,9647,0.8014647708445106,1.0,0.8014647708445106
9648,9648,0.7989524915287595,1.0,0.7989524915287595
9649,9649,0.7964284100805282,1.0,0.7964284100805282
9650,9650,0.7938926261462368,1.0,0.7938926261462368
9651,9651,0.791345239834287,1.0,0.791345239834287
9652,9652,0.7887863517111343,1.0,0.7887863517111343
9653,9653,0.7862160627972947,1.0,0.7862160627972947
9654,9654,0.7836344745633791,1.0,0.7836344745633791
9655,9655,0.781041688926065,1.0,0.781041688926065
9656,9656,0.7784378082440923,1.0,0.7784378082440923
9657,9657,0.7758229353142151,1.0,0.7758229353142151
9658,9658,0.7731971733671331,1.0,0.7731971733671331
9659,9659,0.7705606260634381,1.0,0.7705606260634381
9660,9660,0.7679133974894972,1.0,0.7679133974894972
9661,9661,0.7652555921533677,1.0,0.7652555921533677
9662,9662,0.762587314980647,1.0,0.762587314980647
9663,9663,0.7599086713103557,0.0,0.7599086713103557
9664,9664,0.7572197668907527,1.0,0.7572197668907527
9665,9665,0.7545207078751839,1.0,0.7545207078751839
9666,9666,0.7518116008178803,0.0,0.7518116008178803
9667,9667,0.749092552669744,1.0,0.749092552669744
9668,9668,0.7463636707741461,1.0,0.7463636707741461
9669,9669,0.743625062862665,0.0,0.743625062862665
9670,9670,0.7408768370508583,0.0,0.7408768370508583
9671,9671,0.7381191018339687,1.0,0.7381191018339687
9672,9672,0.7353519660826672,1.0,0.7353519660826672
9673,9673,0.7325755390387287,0.0,0.7325755390387287
9674,9674,0.729789930310742,1.0,0.729789930310742
9675,9675,0.7269952498697734,0.0,0.7269952498697734
9676,9676,0.7241916080450146,1.0,0.7241916080450146
9677,9677,0.721379115519451,1.0,0.721379115519451
9678,9678,0.7185578833254653,1.0,0.7185578833254653
9679,9679,0.7157280228404801,1.0,0.7157280228404801
9680,9680,0.7128896457825353,0.0,0.7128896457825353
9681,9681,0.7100428642059041,1.0,0.7100428642059041
9682,9682,0.7071877904966416,1.0,0.7071877904966416
9683,9683,0.7043245373681726,1.0,0.7043245373681726
9684,9684,0.7014532178568312,1.0,0.7014532178568312
9685,9685,0.6985739453173887,1.0,0.6985739453173887
9686,9686,0.6956868334186015,1.0,0.6956868334186015
9687,9687,0.692791996138697,1.0,0.692791996138697
9688,9688,0.6898895477609012,1.0,0.6898895477609012
9689,9689,0.6869796028688993,0.0,0.6869796028688993
9690,9690,0.68406227634234,1.0,0.68406227634234
9691,9691,0.6811376833522723,0.0,0.6811376833522723
9692,9692,0.6782059393566234,0.0,0.6782059393566234
9693,9693,0.6752671600956294,0.0,0.6752671600956294
9694,9694,0.6723214615872569,0.0,0.6723214615872569
9695,9695,0.6693689601226458,1.0,0.6693689601226458
9696,9696,0.666409772261492,1.0,0.666409772261492
9697,9697,0.6634440148274717,0.0,0.6634440148274717
9698,9698,0.6604718049036038,0.0,0.6604718049036038
9699,9699,0.6574932598276534,1.0,0.6574932598276534
9700,9700,0.6545084971874732,0.0,0.6545084971874732
9701,9701,0.6515176348163849,0.0,0.6515176348163849
9702,9702,0.6485207907885173,1.0,0.6485207907885173
9703,9703,0.6455180834141343,1.0,0.6455180834141343
9704,9704,0.6425096312349882,0.0,0.6425096312349882
9705,9705,0.6394955530196132,1.0,0.6394955530196132
9706,9706,0.6364759677586631,1.0,0.6364759677586631
9707,9707,0.6334509946601868,1.0,0.6334509946601868
9708,9708,0.6304207531449494,0.0,0.6304207531449494
9709,9709,0.6273853628416906,0.0,0.6273853628416906
9710,9710,0.6243449435824253,1.0,0.6243449435824253
9711,9711,0.6212996153977034,0.0,0.6212996153977034
9712,9712,0.6182494985118606,0.0,0.6182494985118606
9713,9713,0.6151947133382955,0.0,0.6151947133382955
9714,9714,0.6121353804746892,1.0,0.6121353804746892
9715,9715,0.6090716206982719,0.0,0.6090716206982719
9716,9716,0.6060035549610263,1.0,0.6060035549610263
9717,9717,0.6029313043849417,1.0,0.6029313043849417
9718,9718,0.5998549902572028,1.0,0.5998549902572028
9719,9719,0.5967747340254279,1.0,0.5967747340254279
9720,9720,0.593690657292862,0.0,0.593690657292862
9721,9721,0.5906028818135669,1.0,0.5906028818135669
9722,9722,0.5875115294876382,1.0,0.5875115294876382
9723,9723,0.5844167223563654,1.0,0.5844167223563654
9724,9724,0.5813185825974423,0.0,0.5813185825974423
9725,9725,0.5782172325201144,0.0,0.5782172325201144
9726,9726,0.5751127945603794,1.0,0.5751127945603794
9727,9727,0.5720053912761254,1.0,0.5720053912761254
9728,9728,0.5688951453423168,0.0,0.5688951453423168
9729,9729,0.5657821795461411,1.0,0.5657821795461411
9730,9730,0.5626666167821504,1.0,0.5626666167821504
9731,9731,0.559548580047435,0.0,0.559548580047435
9732,9732,0.5564281924367395,1.0,0.5564281924367395
9733,9733,0.5533055771376305,1.0,0.5533055771376305
9734,9734,0.5501808574256064,0.0,0.5501808574256064
9735,9735,0.5470541566592582,1.0,0.5470541566592582
9736,9736,0.543925598275371,0.0,0.543925598275371
9737,9737,0.5407953057840765,0.0,0.5407953057840765
9738,9738,0.5376634027639661,1.0,0.5376634027639661
9739,9739,0.5345300128572011,1.0,0.5345300128572011
9740,9740,0.5313952597646568,1.0,0.5313952597646568
9741,9741,0.5282592672410107,0.0,0.5282592672410107
9742,9742,0.5251221590898854,1.0,0.5251221590898854
9743,9743,0.5219840591589314,1.0,0.5219840591589314
9744,9744,0.5188450913349681,0.0,0.5188450913349681
9745,9745,0.5157053795390635,1.0,0.5157053795390635
9746,9746,0.5125650477216664,1.0,0.5125650477216664
9747,9747,0.5094242198577037,1.0,0.5094242198577037
9748,9748,0.5062830199416745,0.0,0.5062830199416745
9749,9749,0.5031415719827796,0.0,0.5031415719827796
9750,9750,0.4999999999999985,0.0,0.4999999999999985
9751,9751,0.4968584280172211,1.0,0.4968584280172211
9752,9752,0.4937169800583226,1.0,0.4937169800583226
9753,9753,0.4905757801422968,0.0,0.4905757801422968
9754,9754,0.48743495227833056,0.0,0.48743495227833056
9755,9755,0.4842946204609335,0.0,0.4842946204609335
9756,9756,0.48115490866503235,0.0,0.48115490866503235
9757,9757,0.47801594084106563,1.0,0.47801594084106563
9758,9758,0.47487784091011526,1.0,0.47487784091011526
9759,9759,0.47174073275898626,1.0,0.47174073275898626
9760,9760,0.4686047402353438,1.0,0.4686047402353438
9761,9761,0.46546998714279597,0.0,0.46546998714279597
9762,9762,0.4623365972360346,0.0,0.4623365972360346
9763,9763,0.4592046942159206,0.0,0.4592046942159206
9764,9764,0.4560744017246262,0.0,0.4560744017246262
9765,9765,0.4529458433407425,1.0,0.4529458433407425
9766,9766,0.4498191425743907,0.0,0.4498191425743907
9767,9767,0.4466944228623702,0.0,0.4466944228623702
9768,9768,0.44357180756325776,0.0,0.44357180756325776
9769,9769,0.44045141995256554,1.0,0.44045141995256554
9770,9770,0.43733338321784676,0.0,0.43733338321784676
9771,9771,0.43421782045385965,0.0,0.43421782045385965
9772,9772,0.4311048546576802,0.0,0.4311048546576802
9773,9773,0.4279946087238717,0.0,0.4279946087238717
9774,9774,0.4248872054396211,1.0,0.4248872054396211
9775,9775,0.4217827674798827,1.0,0.4217827674798827
9776,9776,0.4186814174025582,0.0,0.4186814174025582
9777,9777,0.41558327764363157,0.0,0.41558327764363157
9778,9778,0.4124884705123625,1.0,0.4124884705123625
9779,9779,0.40939711818643026,1.0,0.40939711818643026
9780,9780,0.4063093427071386,0.0,0.4063093427071386
9781,9781,0.4032252659745692,0.0,0.4032252659745692
9782,9782,0.4001450097427942,0.0,0.4001450097427942
9783,9783,0.3970686956150589,1.0,0.3970686956150589
9784,9784,0.39399644503897086,0.0,0.39399644503897086
9785,9785,0.39092837930172875,1.0,0.39092837930172875
9786,9786,0.387864619525308,1.0,0.387864619525308
9787,9787,0.3848052866617051,0.0,0.3848052866617051
9788,9788,0.38175050148813655,0.0,0.38175050148813655
9789,9789,0.37870038460229716,0.0,0.37870038460229716
9790,9790,0.3756550564175719,0.0,0.3756550564175719
9791,9791,0.37261463715830667,1.0,0.37261463715830667
9792,9792,0.3695792468550511,0.0,0.3695792468550511
9793,9793,0.3665490053398104,0.0,0.3665490053398104
9794,9794,0.36352403224133734,0.0,0.36352403224133734
9795,9795,0.36050444698038386,0.0,0.36050444698038386
9796,9796,0.3574903687650123,0.0,0.3574903687650123
9797,9797,0.3544819165858629,0.0,0.3544819165858629
9798,9798,0.3514792092114833,0.0,0.3514792092114833
9799,9799,0.3484823651836123,0.0,0.3484823651836123
9800,9800,0.34549150281252405,1.0,0.34549150281252405
9801,9801,0.3425067401723473,0.0,0.3425067401723473
9802,9802,0.33952819509639337,0.0,0.33952819509639337
9803,9803,0.3365559851725288,1.0,0.3365559851725288
9804,9804,0.33359022773850516,1.0,0.33359022773850516
9805,9805,0.3306310398773547,1.0,0.3306310398773547
9806,9806,0.32767853841274036,0.0,0.32767853841274036
9807,9807,0.32473283990437124,0.0,0.32473283990437124
9808,9808,0.3217940606433739,0.0,0.3217940606433739
9809,9809,0.318862316647725,1.0,0.318862316647725
9810,9810,0.31593772365766065,0.0,0.31593772365766065
9811,9811,0.31302039713109797,1.0,0.31302039713109797
9812,9812,0.3101104522390994,0.0,0.3101104522390994
9813,9813,0.3072080038613003,0.0,0.3072080038613003
9814,9814,0.3043131665813991,0.0,0.3043131665813991
9815,9815,0.3014260546826085,0.0,0.3014260546826085
9816,9816,0.29854678214316943,0.0,0.29854678214316943
9817,9817,0.2956754626318248,1.0,0.2956754626318248
9818,9818,0.2928122095033557,0.0,0.2928122095033557
9819,9819,0.28995713579409654,0.0,0.28995713579409654
9820,9820,0.28711035421746195,1.0,0.28711035421746195
9821,9821,0.28427197715952046,0.0,0.28427197715952046
9822,9822,0.2814421166745321,0.0,0.2814421166745321
9823,9823,0.27862088448054956,0.0,0.27862088448054956
9824,9824,0.27580839195498286,0.0,0.27580839195498286
9825,9825,0.27300475013022724,0.0,0.27300475013022724
9826,9826,0.2702100696892553,0.0,0.2702100696892553
9827,9827,0.2674244609612687,0.0,0.2674244609612687
9828,9828,0.2646480339173333,0.0,0.2646480339173333
9829,9829,0.2618808981660287,0.0,0.2618808981660287
9830,9830,0.2591231629491424,0.0,0.2591231629491424
9831,9831,0.25637493713733245,1.0,0.25637493713733245
9832,9832,0.2536363292258545,0.0,0.2536363292258545
9833,9833,0.25090744733025355,0.0,0.25090744733025355
9834,9834,0.24818839918212018,0.0,0.24818839918212018
9835,9835,0.24547929212481365,0.0,0.24547929212481365
9836,9836,0.24278023310924468,0.0,0.24278023310924468
9837,9837,0.24009132868964486,0.0,0.24009132868964486
9838,9838,0.23741268501935042,0.0,0.23741268501935042
9839,9839,0.23474440784663295,0.0,0.23474440784663295
9840,9840,0.23208660251050028,0.0,0.23208660251050028
9841,9841,0.22943937393656239,0.0,0.22943937393656239
9842,9842,0.2268028266328644,0.0,0.2268028266328644
9843,9843,0.2241770646857855,0.0,0.2241770646857855
9844,9844,0.22156219175590527,0.0,0.22156219175590527
9845,9845,0.21895831107393268,1.0,0.21895831107393268
9846,9846,0.21636552543662135,0.0,0.21636552543662135
9847,9847,0.2137839372027029,0.0,0.2137839372027029
9848,9848,0.21121364828886616,1.0,0.21121364828886616
9849,9849,0.20865476016571063,0.0,0.20865476016571063
9850,9850,0.2061073738537637,0.0,0.2061073738537637
9851,9851,0.20357158991946936,0.0,0.20357158991946936
9852,9852,0.20104750847124114,1.0,0.20104750847124114
9853,9853,0.19853522915548694,0.0,0.19853522915548694
9854,9854,0.19603485115269817,0.0,0.19603485115269817
9855,9855,0.19354647317351137,0.0,0.19354647317351137
9856,9856,0.1910701934548312,0.0,0.1910701934548312
9857,9857,0.1886061097559437,0.0,0.1886061097559437
9858,9858,0.18615431935464846,0.0,0.18615431935464846
9859,9859,0.183714919043438,0.0,0.183714919043438
9860,9860,0.18128800512565416,0.0,0.18128800512565416
9861,9861,0.17887367341170834,0.0,0.17887367341170834
9862,9862,0.1764720192152772,0.0,0.1764720192152772
9863,9863,0.17408313734956146,0.0,0.17408313734956146
9864,9864,0.1717071221235214,0.0,0.1717071221235214
9865,9865,0.1693440673381725,0.0,0.1693440673381725
9866,9866,0.16699406628287408,0.0,0.16699406628287408
9867,9867,0.16465721173163875,0.0,0.16465721173163875
9868,9868,0.16233359593948798,0.0,0.16233359593948798
9869,9869,0.16002331063878947,1.0,0.16002331063878947
9870,9870,0.15772644703565616,0.0,0.15772644703565616
9871,9871,0.15544309580632512,0.0,0.15544309580632512
9872,9872,0.1531733470935983,0.0,0.1531733470935983
9873,9873,0.15091729050326327,0.0,0.15091729050326327
9874,9874,0.1486750151005739,0.0,0.1486750151005739
9875,9875,0.14644660940672616,0.0,0.14644660940672616
9876,9876,0.1442321613953561,0.0,0.1442321613953561
9877,9877,0.14203175848908461,0.0,0.14203175848908461
9878,9878,0.13984548755604564,0.0,0.13984548755604564
9879,9879,0.13767343490647713,0.0,0.13767343490647713
9880,9880,0.13551568628929359,0.0,0.13551568628929359
9881,9881,0.1333723268887207,1.0,0.1333723268887207
9882,9882,0.1312434413209127,0.0,0.1312434413209127
9883,9883,0.12912911363062898,0.0,0.12912911363062898
9884,9884,0.12702942728790884,0.0,0.12702942728790884
9885,9885,0.12494446518476911,0.0,0.12494446518476911
9886,9886,0.12287430963194826,0.0,0.12287430963194826
9887,9887,0.12081904235563823,0.0,0.12081904235563823
9888,9888,0.11877874449427649,0.0,0.11877874449427649
9889,9889,0.11675349659532445,0.0,0.11675349659532445
9890,9890,0.11474337861210605,0.0,0.11474337861210605
9891,9891,0.11274846990063275,0.0,0.11274846990063275
9892,9892,0.11076884921648694,0.0,0.11076884921648694
9893,9893,0.10880459471170584,0.0,0.10880459471170584
9894,9894,0.10685578393168949,0.0,0.10685578393168949
9895,9895,0.10492249381215495,0.0,0.10492249381215495
9896,9896,0.10300480067608152,0.0,0.10300480067608152
9897,9897,0.10110278023071487,1.0,0.10110278023071487
9898,9898,0.09921650756456114,0.0,0.09921650756456114
9899,9899,0.09734605714443963,0.0,0.09734605714443963
9900,9900,0.09549150281252596,0.0,0.09549150281252596
9901,9901,0.09365291778345176,0.0,0.09365291778345176
9902,9902,0.09183037464140793,0.0,0.09183037464140793
9903,9903,0.09002394533727284,0.0,0.09002394533727284
9904,9904,0.08823370118578643,0.0,0.08823370118578643
9905,9905,0.08645971286271834,0.0,0.08645971286271834
9906,9906,0.08470205040209403,0.0,0.08470205040209403
9907,9907,0.08296078319341388,0.0,0.08296078319341388
9908,9908,0.0812359799789297,0.0,0.0812359799789297
9909,9909,0.07952770885091516,0.0,0.07952770885091516
9910,9910,0.0778360372489913,0.0,0.0778360372489913
9911,9911,0.07616103195745827,0.0,0.07616103195745827
9912,9912,0.07450275910265315,0.0,0.07450275910265315
9913,9913,0.07286128415035253,0.0,0.07286128415035253
9914,9914,0.07123667190317316,0.0,0.07123667190317316
9915,9915,0.06962898649802848,0.0,0.06962898649802848
9916,9916,0.06803829140358185,0.0,0.06803829140358185
9917,9917,0.06646464941775546,0.0,0.06646464941775546
9918,9918,0.06490812266523688,0.0,0.06490812266523688
9919,9919,0.06336877259503887,0.0,0.06336877259503887
9920,9920,0.06184665997806811,0.0,0.06184665997806811
9921,9921,0.060341844904721026,0.0,0.060341844904721026
9922,9922,0.05885438678252344,0.0,0.05885438678252344
9923,9923,0.05738434433377175,0.0,0.05738434433377175
9924,9924,0.055931775593228,0.0,0.055931775593228
9925,9925,0.05449673790581562,0.0,0.05449673790581562
9926,9926,0.05307928792436855,0.0,0.05307928792436855
9927,9927,0.0516794816073818,0.0,0.0516794816073818
9928,9928,0.05029737421681352,0.0,0.05029737421681352
9929,9929,0.04893302031589849,0.0,0.04893302031589849
9930,9930,0.04758647376698947,0.0,0.04758647376698947
9931,9931,0.0462577877294416,0.0,0.0462577877294416
9932,9932,0.044947014657501574,0.0,0.044947014657501574
9933,9933,0.04365420629824882,0.0,0.04365420629824882
9934,9934,0.04237941368954081,0.0,0.04237941368954081
9935,9935,0.041122687158009805,0.0,0.041122687158009805
9936,9936,0.03988407631706458,0.0,0.03988407631706458
9937,9937,0.03866363006494172,0.0,0.03866363006494172
9938,9938,0.037461396582770895,1.0,0.037461396582770895
9939,9939,0.03627742333266867,0.0,0.03627742333266867
9940,9940,0.03511175705587435,0.0,0.03511175705587435
9941,9941,0.033964443770894,0.0,0.033964443770894
9942,9942,0.03283552877169417,0.0,0.03283552877169417
9943,9943,0.03172505662590346,0.0,0.03172505662590346
9944,9944,0.030633071173063284,0.0,0.030633071173063284
9945,9945,0.029559615522887047,0.0,0.029559615522887047
9946,9946,0.028504732053567024,0.0,0.028504732053567024
9947,9947,0.027468462410097497,0.0,0.027468462410097497
9948,9948,0.026450847502627266,0.0,0.026450847502627266
9949,9949,0.02545192750485275,0.0,0.02545192750485275
9950,9950,0.02447174185242277,0.0,0.02447174185242277
9951,9951,0.02351032924139075,0.0,0.02351032924139075
9952,9952,0.022567727626678205,0.0,0.022567727626678205
9953,9953,0.021643974220585026,0.0,0.021643974220585026
9954,9954,0.020739105491311863,0.0,0.020739105491311863
9955,9955,0.01985315716152784,0.0,0.01985315716152784
9956,9956,0.018986164206956983,0.0,0.018986164206956983
9957,9957,0.018138160854994652,0.0,0.018138160854994652
9958,9958,0.017309180583363087,0.0,0.017309180583363087
9959,9959,0.0164992561187821,0.0,0.0164992561187821
9960,9960,0.01570841943568457,0.0,0.01570841943568457
9961,9961,0.014936701754946819,0.0,0.014936701754946819
9962,9962,0.014184133542663246,0.0,0.014184133542663246
9963,9963,0.013450744508936564,0.0,0.013450744508936564
9964,9964,0.01273656360671092,0.0,0.01273656360671092
9965,9965,0.012041619030626238,0.0,0.012041619030626238
9966,9966,0.011365938215902873,0.0,0.011365938215902873
9967,9967,0.01070954783726397,0.0,0.01070954783726397
9968,9968,0.010072473807876273,0.0,0.010072473807876273
9969,9969,0.009454741278333054,0.0,0.009454741278333054
9970,9970,0.008856374635655454,0.0,0.008856374635655454
9971,9971,0.00827739750233532,0.0,0.00827739750233532
9972,9972,0.0077178327353971884,0.0,0.0077178327353971884
9973,9973,0.007177702425500599,0.0,0.007177702425500599
9974,9974,0.006657027896065916,0.0,0.006657027896065916
9975,9975,0.0061558297024308425,0.0,0.0061558297024308425
9976,9976,0.005674127631043008,0.0,0.005674127631043008
9977,9977,0.005211940698674298,0.0,0.005211940698674298
9978,9978,0.004769287151674455,0.0,0.004769287151674455
9979,9979,0.004346184465246572,0.0,0.004346184465246572
9980,9980,0.003942649342761194,0.0,0.003942649342761194
9981,9981,0.0035586977150930824,0.0,0.0035586977150930824
9982,9982,0.0031943447399955366,0.0,0.0031943447399955366
9983,9983,0.0028496048015005182,0.0,0.0028496048015005182
9984,9984,0.0025244915093497306,0.0,0.0025244915093497306
9985,9985,0.0022190176984599997,0.0,0.0022190176984599997
9986,9986,0.0019331954284136346,0.0,0.0019331954284136346
9987,9987,0.0016670359829850955,0.0,0.0016670359829850955
9988,9988,0.0014205498696929493,0.0,0.0014205498696929493
9989,9989,0.0011937468193874538,0.0,0.0011937468193874538
9990,9990,0.000986635785864173,0.0,0.000986635785864173
9991,9991,0.0007992249455123475,0.0,0.0007992249455123475
9992,9992,0.0006315216969912341,0.0,0.0006315216969912341
9993,9993,0.0004835326609375509,0.0,0.0004835326609375509
9994,9994,0.00035526367970537817,0.0,0.00035526367970537817
9995,9995,0.00024671981713417343,0.0,0.00024671981713417343
9996,9996,0.00015790535835001954,0.0,0.00015790535835001954
9997,9997,8.882380959547365e-05,0.0,8.882380959547365e-05
9998,9998,3.947789809195034e-05,0.0,3.947789809195034e-05
9999,9999,9.869571931430382e-06,0.0,0.018685795181854595
