,input,verdict,time_verdict,valL,valU,active_monitors,wait_time,active_monitors_normalized
0,1.0,,,,,0.0,,0.0
1,1.0,,,,,0.0,,0.0
2,1.0,,,,,0.0,,0.0
3,1.0,,,,,0.0,,0.0
4,1.0,,,,,0.0,,0.0
5,1.0,,,,,0.0,,0.0
6,1.0,,,,,0.0,,0.0
7,1.0,,,,,0.0,,0.0
8,1.0,,,,,0.0,,0.0
9,1.0,,,,,0.0,,0.0
10,1.0,,,,,0.0,,0.0
11,1.0,,,,,0.0,,0.0
12,1.0,,,,,0.0,,0.0
13,1.0,,,,,0.0,,0.0
14,1.0,,,,,0.0,,0.0
15,1.0,,,,,0.0,,0.0
16,1.0,,,,,0.0,,0.0
17,1.0,,,,,0.0,,0.0
18,1.0,,,,,0.0,,0.0
19,1.0,,,,,0.0,,0.0
20,1.0,,,,,0.0,,0.0
21,1.0,,,,,0.0,,0.0
22,1.0,,,,,0.0,,0.0
23,1.0,,,,,0.0,,0.0
24,1.0,,,,,0.0,,0.0
25,1.0,,,,,0.0,,0.0
26,1.0,,,,,0.0,,0.0
27,1.0,,,,,0.0,,0.0
28,1.0,,,,,0.0,,0.0
29,1.0,,,,,0.0,,0.0
30,1.0,,,,,0.0,,0.0
31,1.0,,,,,0.0,,0.0
32,1.0,,,,,0.0,,0.0
33,1.0,,,,,0.0,,0.0
34,1.0,,,,,0.0,,0.0
35,1.0,,,,,0.0,,0.0
36,1.0,,,,,0.0,,0.0
37,1.0,,,,,0.0,,0.0
38,1.0,,,,,0.0,,0.0
39,1.0,,,,,0.0,,0.0
40,1.0,,,,,0.0,,0.0
41,1.0,,,,,0.0,,0.0
42,1.0,,,,,0.0,,0.0
43,1.0,,,,,0.0,,0.0
44,1.0,,,,,0.0,,0.0
45,1.0,,,,,0.0,,0.0
46,1.0,,,,,0.0,,0.0
47,1.0,,,,,0.0,,0.0
48,1.0,,,,,0.0,,0.0
49,1.0,,,,,0.0,,0.0
50,1.0,,,,,0.0,,0.0
51,1.0,,,,,0.0,,0.0
52,1.0,,,,,0.0,,0.0
53,1.0,,,,,0.0,,0.0
54,0.0,,,,,0.0,,0.0
55,1.0,,,,,0.0,,0.0
56,1.0,,,,,0.0,,0.0
57,1.0,,,,,0.0,,0.0
58,1.0,,,,,0.0,,0.0
59,1.0,,,,,0.0,,0.0
60,1.0,,,,,0.0,,0.0
61,1.0,,,,,0.0,,0.0
62,1.0,,,,,0.0,,0.0
63,1.0,,,,,0.0,,0.0
64,1.0,,,,,0.0,,0.0
65,1.0,,,,,0.0,,0.0
66,1.0,,,,,0.0,,0.0
67,1.0,,,,,0.0,,0.0
68,1.0,,,,,0.0,,0.0
69,1.0,,,,,0.0,,0.0
70,1.0,,,,,0.0,,0.0
71,1.0,,,,,0.0,,0.0
72,1.0,,,,,0.0,,0.0
73,1.0,,,,,0.0,,0.0
74,1.0,,,,,0.0,,0.0
75,1.0,,,,,0.0,,0.0
76,1.0,,,,,0.0,,0.0
77,1.0,,,,,0.0,,0.0
78,1.0,,,,,0.0,,0.0
79,1.0,,,,,0.0,,0.0
80,1.0,,,,,0.0,,0.0
81,1.0,,,,,0.0,,0.0
82,1.0,,,,,0.0,,0.0
83,1.0,,,,,0.0,,0.0
84,1.0,,,,,0.0,,0.0
85,1.0,,,,,0.0,,0.0
86,1.0,,,,,0.0,,0.0
87,1.0,,,,,0.0,,0.0
88,1.0,,,,,0.0,,0.0
89,1.0,,,,,0.0,,0.0
90,1.0,,,,,0.0,,0.0
91,1.0,,,,,0.0,,0.0
92,1.0,,,,,0.0,,0.0
93,1.0,,,,,0.0,,0.0
94,1.0,,,,,0.0,,0.0
95,1.0,,,,,0.0,,0.0
96,1.0,,,,,0.0,,0.0
97,1.0,,,,,0.0,,0.0
98,1.0,,,,,0.0,,0.0
99,1.0,,,,,0.0,,0.0
100,1.0,,,,,0.0,,0.0
101,1.0,,,,,0.0,,0.0
102,1.0,,,,,0.0,,0.0
103,1.0,,,,,0.0,,0.0
104,1.0,,,,,0.0,,0.0
105,1.0,,,,,0.0,,0.0
106,1.0,,,,,0.0,,0.0
107,1.0,,,,,0.0,,0.0
108,1.0,,,,,0.0,,0.0
109,1.0,,,,,0.0,,0.0
110,1.0,,,,,0.0,,0.0
111,1.0,,,,,0.0,,0.0
112,1.0,,,,,0.0,,0.0
113,1.0,,,,,0.0,,0.0
114,1.0,,,,,0.0,,0.0
115,1.0,,,,,0.0,,0.0
116,1.0,,,,,0.0,,0.0
117,1.0,,,,,0.0,,0.0
118,1.0,,,,,0.0,,0.0
119,1.0,,,,,0.0,,0.0
120,1.0,,,,,0.0,,0.0
121,1.0,,,,,0.0,,0.0
122,1.0,,,,,0.0,,0.0
123,1.0,,,,,0.0,,0.0
124,1.0,,,,,0.0,,0.0
125,1.0,,,,,0.0,,0.0
126,1.0,,,,,0.0,,0.0
127,1.0,,,,,0.0,,0.0
128,1.0,,,,,0.0,,0.0
129,1.0,,,,,0.0,,0.0
130,1.0,,,,,0.0,,0.0
131,1.0,,,,,0.0,,0.0
132,1.0,,,,,0.0,,0.0
133,1.0,,,,,0.0,,0.0
134,1.0,,,,,0.0,,0.0
135,1.0,,,,,0.0,,0.0
136,1.0,,,,,0.0,,0.0
137,1.0,,,,,0.0,,0.0
138,1.0,,,,,0.0,,0.0
139,1.0,,,,,0.0,,0.0
140,1.0,,,,,0.0,,0.0
141,1.0,,,,,0.0,,0.0
142,1.0,,,,,0.0,,0.0
143,1.0,,,,,0.0,,0.0
144,1.0,,,,,0.0,,0.0
145,1.0,,,,,0.0,,0.0
146,1.0,,,,,0.0,,0.0
147,1.0,,,,,0.0,,0.0
148,1.0,,,,,0.0,,0.0
149,1.0,,,,,0.0,,0.0
150,1.0,,,,,0.0,,0.0
151,1.0,,,,,0.0,,0.0
152,1.0,,,,,0.0,,0.0
153,1.0,,,,,0.0,,0.0
154,1.0,,,,,0.0,,0.0
155,1.0,,,,,0.0,,0.0
156,1.0,,,,,0.0,,0.0
157,1.0,,,,,0.0,,0.0
158,1.0,,,,,0.0,,0.0
159,1.0,,,,,0.0,,0.0
160,1.0,,,,,0.0,,0.0
161,1.0,,,,,0.0,,0.0
162,1.0,,,,,0.0,,0.0
163,1.0,,,,,0.0,,0.0
164,1.0,,,,,0.0,,0.0
165,1.0,,,,,0.0,,0.0
166,1.0,,,,,0.0,,0.0
167,1.0,,,,,0.0,,0.0
168,1.0,,,,,0.0,,0.0
169,1.0,,,,,0.0,,0.0
170,1.0,,,,,0.0,,0.0
171,1.0,,,,,0.0,,0.0
172,1.0,,,,,0.0,,0.0
173,1.0,,,,,0.0,,0.0
174,0.0,,,,,0.0,,0.0
175,1.0,,,,,0.0,,0.0
176,1.0,,,,,0.0,,0.0
177,1.0,,,,,0.0,,0.0
178,1.0,,,,,0.0,,0.0
179,1.0,,,,,0.0,,0.0
180,1.0,,,,,0.0,,0.0
181,1.0,,,,,0.0,,0.0
182,1.0,,,,,0.0,,0.0
183,1.0,,,,,0.0,,0.0
184,1.0,,,,,0.0,,0.0
185,1.0,,,,,0.0,,0.0
186,1.0,,,,,0.0,,0.0
187,1.0,,,,,0.0,,0.0
188,1.0,,,,,0.0,,0.0
189,1.0,,,,,0.0,,0.0
190,1.0,,,,,0.0,,0.0
191,1.0,,,,,0.0,,0.0
192,1.0,,,,,0.0,,0.0
193,1.0,,,,,0.0,,0.0
194,1.0,,,,,0.0,,0.0
195,1.0,,,,,0.0,,0.0
196,1.0,,,,,0.0,,0.0
197,1.0,,,,,0.0,,0.0
198,1.0,,,,,0.0,,0.0
199,1.0,,,,,0.0,,0.0
200,1.0,,,,,0.0,,0.0
201,1.0,,,,,0.0,,0.0
202,1.0,,,,,0.0,,0.0
203,1.0,,,,,0.0,,0.0
204,1.0,,,,,0.0,,0.0
205,1.0,,,,,0.0,,0.0
206,1.0,,,,,0.0,,0.0
207,1.0,,,,,0.0,,0.0
208,1.0,,,,,0.0,,0.0
209,1.0,,,,,0.0,,0.0
210,1.0,,,,,0.0,,0.0
211,1.0,,,,,0.0,,0.0
212,1.0,,,,,0.0,,0.0
213,1.0,,,,,0.0,,0.0
214,1.0,,,,,0.0,,0.0
215,1.0,,,,,0.0,,0.0
216,1.0,,,,,0.0,,0.0
217,1.0,,,,,0.0,,0.0
218,1.0,,,,,0.0,,0.0
219,1.0,,,,,0.0,,0.0
220,1.0,,,,,0.0,,0.0
221,1.0,,,,,0.0,,0.0
222,1.0,,,,,0.0,,0.0
223,1.0,,,,,0.0,,0.0
224,1.0,,,,,0.0,,0.0
225,1.0,,,,,0.0,,0.0
226,1.0,,,,,0.0,,0.0
227,1.0,,,,,0.0,,0.0
228,1.0,,,,,0.0,,0.0
229,1.0,,,,,0.0,,0.0
230,1.0,,,,,0.0,,0.0
231,1.0,,,,,0.0,,0.0
232,1.0,,,,,0.0,,0.0
233,1.0,,,,,0.0,,0.0
234,1.0,,,,,0.0,,0.0
235,1.0,,,,,0.0,,0.0
236,1.0,,,,,0.0,,0.0
237,1.0,,,,,0.0,,0.0
238,1.0,,,,,0.0,,0.0
239,1.0,,,,,0.0,,0.0
240,1.0,,,,,0.0,,0.0
241,1.0,,,,,0.0,,0.0
242,1.0,,,,,0.0,,0.0
243,1.0,,,,,0.0,,0.0
244,1.0,,,,,0.0,,0.0
245,1.0,,,,,0.0,,0.0
246,1.0,,,,,0.0,,0.0
247,1.0,,,,,0.0,,0.0
248,1.0,,,,,0.0,,0.0
249,1.0,,,,,0.0,,0.0
250,1.0,,,,,0.0,,0.0
251,1.0,,,,,0.0,,0.0
252,1.0,,,,,0.0,,0.0
253,1.0,,,,,0.0,,0.0
254,1.0,,,,,0.0,,0.0
255,1.0,,,,,0.0,,0.0
256,1.0,,,,,0.0,,0.0
257,1.0,,,,,0.0,,0.0
258,1.0,,,,,0.0,,0.0
259,1.0,,,,,0.0,,0.0
260,1.0,,,,,0.0,,0.0
261,1.0,,,,,0.0,,0.0
262,1.0,,,,,0.0,,0.0
263,1.0,,,,,0.0,,0.0
264,1.0,,,,,0.0,,0.0
265,1.0,,,,,0.0,,0.0
266,1.0,,,,,0.0,,0.0
267,1.0,,,,,0.0,,0.0
268,1.0,,,,,0.0,,0.0
269,1.0,,,,,0.0,,0.0
270,1.0,,,,,0.0,,0.0
271,1.0,,,,,0.0,,0.0
272,1.0,,,,,0.0,,0.0
273,1.0,,,,,0.0,,0.0
274,1.0,,,,,0.0,,0.0
275,1.0,,,,,0.0,,0.0
276,1.0,,,,,0.0,,0.0
277,1.0,,,,,0.0,,0.0
278,1.0,,,,,0.0,,0.0
279,1.0,1.0,410.0,0.9761528209196447,1.000309734855584,1.0,131.0,0.00392156862745098
280,1.0,1.0,410.0,0.9749098180576599,1.0003368976905964,2.0,130.0,0.00784313725490196
281,0.0,1.0,410.0,0.9736007884010899,1.0003649470984786,3.0,129.0,0.011764705882352941
282,1.0,1.0,412.0,0.9749207489810354,1.0003466997435546,4.0,130.0,0.01568627450980392
283,1.0,1.0,414.0,0.9761747115319837,1.000329364756377,5.0,131.0,0.0196078431372549
284,1.0,1.0,416.0,0.9773659759553845,1.0003128965185581,6.0,132.0,0.023529411764705882
285,1.0,1.0,418.0,0.9784976771576153,1.00029725169263,7.0,133.0,0.027450980392156862
286,1.0,1.0,420.0,0.9795448566130973,1.0002544524213615,8.0,134.0,0.03137254901960784
287,1.0,1.0,422.0,0.9805647465961824,1.0002388626140333,9.0,135.0,0.03529411764705882
288,1.0,1.0,424.0,0.9815334911755732,1.0002239013925316,10.0,136.0,0.0392156862745098
289,1.0,1.0,426.0,0.9824536396791101,1.0002095293852207,11.0,137.0,0.043137254901960784
290,1.0,1.0,428.0,0.9833276135502238,1.0001957087710287,12.0,138.0,0.047058823529411764
291,1.0,1.0,430.0,0.9841577127201537,1.0001824031799185,13.0,139.0,0.050980392156862744
292,1.0,1.0,431.0,0.9849266124301921,1.0009509736070863,14.0,139.0,0.054901960784313725
293,1.0,1.0,433.0,0.9856763813626339,1.0008995244806833,15.0,140.0,0.058823529411764705
294,1.0,1.0,435.0,0.9863884565618195,1.0008504425239666,16.0,141.0,0.06274509803921569
295,1.0,1.0,437.0,0.987064711909852,1.0008035985738917,17.0,142.0,0.06666666666666667
296,1.0,1.0,439.0,0.9877069270260683,1.000758869356906,18.0,143.0,0.07058823529411765
297,1.0,1.0,441.0,0.988316791950248,1.0007161371645439,19.0,144.0,0.07450980392156863
298,1.0,1.0,443.0,0.9888959115900863,1.0006752895436672,20.0,145.0,0.0784313725490196
299,1.0,1.0,445.0,0.9894458099446353,1.0006362190005371,21.0,146.0,0.08235294117647059
300,1.0,1.0,447.0,0.989967934114828,1.0005988227179348,22.0,147.0,0.08627450980392157
301,1.0,1.0,449.0,0.9904636581116387,1.0005630022845902,23.0,148.0,0.09019607843137255
302,1.0,1.0,451.0,0.9909342864719011,1.000528663436205,24.0,149.0,0.09411764705882353
303,1.0,1.0,452.0,0.9913693767945184,1.0009635664626952,25.0,149.0,0.09803921568627451
304,1.0,1.0,454.0,0.9917940506316283,1.0009085308163963,26.0,150.0,0.10196078431372549
305,1.0,1.0,456.0,0.9921971298651371,1.0008558860406667,27.0,151.0,0.10588235294117647
306,1.0,1.0,458.0,0.9925691332205248,1.0007949515872778,28.0,152.0,0.10980392156862745
307,1.0,1.0,460.0,0.9929315965722127,1.0007461240206281,29.0,153.0,0.11372549019607843
308,1.0,1.0,462.0,0.993275458862249,1.0006992599382436,30.0,154.0,0.11764705882352941
309,1.0,1.0,464.0,0.9936016249913961,1.000654236013591,31.0,155.0,0.12156862745098039
310,1.0,1.0,465.0,0.9939023667590738,1.0009548469853977,32.0,155.0,0.12549019607843137
311,1.0,1.0,467.0,0.9941961005787486,1.0008959567937563,33.0,156.0,0.12941176470588237
312,1.0,1.0,469.0,0.9944745609788936,1.0008394243831509,34.0,157.0,0.13333333333333333
313,1.0,1.0,471.0,0.9947384807500359,1.0007851009840805,35.0,158.0,0.13725490196078433
314,1.0,1.0,473.0,0.9949885544178887,1.000732843640231,36.0,159.0,0.1411764705882353
315,1.0,1.0,474.0,0.9952184462866653,1.000962634301656,37.0,159.0,0.1450980392156863
316,1.0,1.0,476.0,0.9954431169976556,1.0009000956118967,38.0,160.0,0.14901960784313725
317,1.0,1.0,478.0,0.9956557959112715,1.0008399255948004,39.0,161.0,0.15294117647058825
318,1.0,1.0,480.0,0.9958570427088643,1.0007819659082169,40.0,162.0,0.1568627450980392
319,1.0,1.0,481.0,0.9960413906913815,1.0009662314567136,41.0,162.0,0.1607843137254902
320,1.0,1.0,483.0,0.9962216331713902,1.0009002318984557,42.0,163.0,0.16470588235294117
321,1.0,1.0,485.0,0.9963919325807973,1.0008366013715095,43.0,164.0,0.16862745098039217
322,1.0,1.0,486.0,0.9965473254189041,1.000991923532748,44.0,164.0,0.17254901960784313
323,1.0,1.0,488.0,0.9966993287523651,1.0009216969605168,45.0,165.0,0.17647058823529413
324,1.0,1.0,490.0,0.9968426461088586,1.0008538959066027,46.0,166.0,0.1803921568627451
325,1.0,1.0,491.0,0.9969727706188448,1.000983959820009,47.0,166.0,0.1843137254901961
326,1.0,1.0,493.0,0.9971000698099101,1.000910699551016,48.0,167.0,0.18823529411764706
327,1.0,1.0,495.0,0.9972197376057383,1.000839835859789,49.0,168.0,0.19215686274509805
328,1.0,1.0,496.0,0.9973276810931002,1.000947727393158,50.0,168.0,0.19607843137254902
329,1.0,1.0,498.0,0.9974332319817403,1.0008722759667952,51.0,169.0,0.2
330,1.0,1.0,499.0,0.9975278407806432,1.0009668378772196,52.0,169.0,0.20392156862745098
331,1.0,1.0,501.0,0.9976203517258715,1.0008873989676192,53.0,170.0,0.20784313725490197
332,1.0,1.0,502.0,0.9977026223735949,1.0009696272984907,54.0,170.0,0.21176470588235294
333,1.0,1.0,504.0,0.9977830347277797,1.0008866894064308,55.0,171.0,0.21568627450980393
334,1.0,1.0,505.0,0.997853833800883,1.0009574502885754,56.0,171.0,0.2196078431372549
335,1.0,1.0,507.0,0.9979229631334036,1.0008713987967113,57.0,172.0,0.2235294117647059
336,1.0,1.0,508.0,0.997983036375586,1.0009314375715535,58.0,172.0,0.22745098039215686
337,1.0,1.0,509.0,0.9980379907768541,1.0009863592288482,59.0,172.0,0.23137254901960785
338,1.0,1.0,511.0,0.9980915611579002,1.0008925111872946,60.0,173.0,0.23529411764705882
339,1.0,1.0,512.0,0.9981366986378125,1.000937619115771,61.0,173.0,0.23921568627450981
340,1.0,1.0,513.0,0.9981771122032799,1.0009780046073744,62.0,173.0,0.24313725490196078
341,1.0,1.0,515.0,0.9982163188994448,1.0008771666833347,63.0,174.0,0.24705882352941178
342,1.0,1.0,516.0,0.998247591539005,1.0009084139862325,64.0,174.0,0.25098039215686274
343,1.0,1.0,517.0,0.9982744231120346,1.000935221489433,65.0,174.0,0.2549019607843137
344,1.0,1.0,518.0,0.9982934735342819,1.0009542490453422,66.0,174.0,0.25882352941176473
345,1.0,1.0,519.0,0.9983114437910635,1.000972197579103,67.0,174.0,0.2627450980392157
346,1.0,1.0,520.0,0.998325141013557,1.0009858741647268,68.0,174.0,0.26666666666666666
347,1.0,1.0,521.0,0.9983346012470846,1.000995314793228,69.0,174.0,0.27058823529411763
348,1.0,1.0,523.0,0.9983398493869979,1.0008675272558343,70.0,175.0,0.27450980392156865
349,1.0,1.0,523.0,0.9983374885505367,1.0009981657783689,71.0,174.0,0.2784313725490196
350,1.0,1.0,524.0,0.9983341633776,1.0009948237965727,72.0,174.0,0.2823529411764706
351,1.0,1.0,525.0,0.9983266249587606,1.0009872694093167,73.0,174.0,0.28627450980392155
352,1.0,1.0,526.0,0.9983148534560744,1.000975482736635,74.0,174.0,0.2901960784313726
353,1.0,1.0,527.0,0.9982988178919028,1.0009594327609674,75.0,174.0,0.29411764705882354
354,1.0,1.0,528.0,0.9982784760673926,1.0009390772455362,76.0,174.0,0.2980392156862745
355,1.0,1.0,529.0,0.9982537744514267,1.0009143626231953,77.0,174.0,0.30196078431372547
356,1.0,1.0,530.0,0.9982246480397525,1.0008852238554649,78.0,174.0,0.3058823529411765
357,1.0,1.0,530.0,0.9981876094902635,1.0009881915177563,79.0,173.0,0.30980392156862746
358,1.0,1.0,531.0,0.9981493916959119,1.000949962572064,80.0,173.0,0.3137254901960784
359,1.0,1.0,532.0,0.9981064833898996,1.0009070436722778,81.0,173.0,0.3176470588235294
360,1.0,1.0,533.0,0.9980587716556322,1.0008593218739252,82.0,173.0,0.3215686274509804
361,1.0,1.0,533.0,0.998002540732067,1.0009504687053044,83.0,172.0,0.3254901960784314
362,1.0,1.0,534.0,0.9979448324986882,1.0008927513890888,84.0,172.0,0.32941176470588235
363,1.0,1.0,534.0,0.9978781257259327,1.0009811805306121,85.0,171.0,0.3333333333333333
364,1.0,1.0,535.0,0.997809813138713,1.0009128597461323,86.0,171.0,0.33725490196078434
365,1.0,1.0,535.0,0.9977319577399141,1.0009983066051718,87.0,170.0,0.3411764705882353
366,1.0,1.0,536.0,0.9976523212459092,1.0009186627131397,88.0,170.0,0.34509803921568627
367,1.0,1.0,537.0,0.9975667160217727,1.0008330504608771,89.0,170.0,0.34901960784313724
368,1.0,1.0,537.0,0.9974707293535416,1.0009089624267007,90.0,169.0,0.35294117647058826
369,1.0,1.0,537.0,0.9973680867099253,1.0009872663989106,91.0,168.0,0.3568627450980392
370,1.0,1.0,538.0,0.9972631577981574,1.0008823314614033,92.0,168.0,0.3607843137254902
371,1.0,1.0,538.0,0.9971466188415876,1.0009562635790228,93.0,167.0,0.36470588235294116
372,1.0,1.0,539.0,0.9970274550077105,1.0008370943069158,94.0,167.0,0.3686274509803922
373,1.0,1.0,539.0,0.9968958288675576,1.0009059648937517,95.0,166.0,0.37254901960784315
374,1.0,1.0,539.0,0.9967560338560032,1.0009772195987288,96.0,165.0,0.3764705882352941
375,1.0,1.0,540.0,0.9966131137484778,1.000834294828601,97.0,165.0,0.3803921568627451
376,1.0,1.0,540.0,0.9964561397082083,1.0008994791215267,98.0,164.0,0.3843137254901961
377,1.0,1.0,540.0,0.9962898397198026,1.000967030464772,99.0,163.0,0.38823529411764707
378,1.0,1.0,541.0,0.9961197724476006,1.0007969591949712,100.0,163.0,0.39215686274509803
379,1.0,1.0,541.0,0.9959337975691667,1.0008571442447658,101.0,162.0,0.396078431372549
380,1.0,1.0,541.0,0.99573712215802,1.0009195849373096,102.0,161.0,0.4
381,1.0,1.0,541.0,0.9955292286472893,1.0009844455902148,103.0,160.0,0.403921568627451
382,1.0,1.0,542.0,0.9953165637331747,1.000771777420031,104.0,160.0,0.40784313725490196
383,1.0,1.0,542.0,0.9950849298916119,1.0008272537389682,105.0,159.0,0.4117647058823529
384,1.0,1.0,542.0,0.994840361655027,1.0008849070414287,106.0,158.0,0.41568627450980394
385,1.0,1.0,542.0,0.9945822154227972,1.0009448890466297,107.0,157.0,0.4196078431372549
386,1.0,1.0,543.0,0.9943179690686074,1.0006806400403512,108.0,157.0,0.4235294117647059
387,1.0,1.0,543.0,0.9940310206558594,1.0007285638755956,109.0,156.0,0.42745098039215684
388,1.0,1.0,543.0,0.993728364402732,1.0007784049841972,110.0,155.0,0.43137254901960786
389,1.0,1.0,543.0,0.9934092038454014,1.0008302945269676,111.0,154.0,0.43529411764705883
390,1.0,1.0,543.0,0.9930726990876639,1.0008843690553353,112.0,153.0,0.4392156862745098
391,1.0,1.0,543.0,0.9927179645906834,1.0009407708706906,113.0,152.0,0.44313725490196076
392,1.0,1.0,543.0,0.9923440668426258,1.0009996483988635,114.0,151.0,0.4470588235294118
393,1.0,1.0,544.0,0.9919611187539913,1.0006166984581766,115.0,151.0,0.45098039215686275
394,1.0,1.0,544.0,0.991546473705364,1.0006576066245831,116.0,150.0,0.4549019607843137
395,1.0,1.0,544.0,0.9911095825349087,1.0007002453347387,117.0,149.0,0.4588235294117647
396,1.0,1.0,544.0,0.9906492955290189,1.000744726795775,118.0,148.0,0.4627450980392157
397,1.0,1.0,544.0,0.9901644014061002,1.0007911680641686,119.0,147.0,0.4666666666666667
398,1.0,1.0,544.0,0.989653624128987,1.0008396913537836,120.0,146.0,0.47058823529411764
399,1.0,1.0,544.0,0.9891156195469504,1.0008904243574879,121.0,145.0,0.4745098039215686
400,1.0,1.0,544.0,0.9885489718584581,1.0009435005831853,122.0,144.0,0.47843137254901963
401,1.0,1.0,544.0,0.9879521898853827,1.0009990597051541,123.0,143.0,0.4823529411764706
402,1.0,1.0,545.0,0.9873404298750976,1.000387298527614,124.0,143.0,0.48627450980392156
403,1.0,1.0,545.0,0.9866794648166518,1.000413008490522,125.0,142.0,0.49019607843137253
404,1.0,1.0,545.0,0.9859834457182499,1.0004398053178787,126.0,141.0,0.49411764705882355
405,1.0,1.0,545.0,0.9852505409506855,1.000467759527651,127.0,140.0,0.4980392156862745
406,1.0,1.0,545.0,0.9844788218172019,1.0004969446835488,128.0,139.0,0.5019607843137255
407,1.0,1.0,545.0,0.983666257477974,1.0005274375886135,129.0,138.0,0.5058823529411764
408,1.0,1.0,545.0,0.9828107096057934,1.0005593184873325,130.0,137.0,0.5098039215686274
409,1.0,1.0,545.0,0.9819099267588913,1.0005926712768078,131.0,136.0,0.5137254901960784
410,1.0,1.0,545.0,0.9809615384560915,1.0006275837275378,129.0,135.0,0.5058823529411764
411,1.0,1.0,545.0,0.9799630489387023,1.0006641477143927,130.0,134.0,0.5098039215686274
412,1.0,1.0,545.0,0.9789118306027309,1.000702459458391,130.0,133.0,0.5098039215686274
413,1.0,1.0,545.0,0.9778051170841351,1.0007426197799112,131.0,132.0,0.5137254901960784
414,1.0,1.0,545.0,0.9766399959789186,1.0007847343640104,131.0,131.0,0.5137254901960784
415,1.0,1.0,545.0,0.9754134011789097,1.000828914038541,132.0,130.0,0.5176470588235295
416,1.0,1.0,545.0,0.9741221048030558,1.0008752750658045,132.0,129.0,0.5176470588235295
417,1.0,1.0,545.0,0.9727627087029995,1.0009239394485043,133.0,128.0,0.5215686274509804
418,1.0,1.0,545.0,0.9713316355205828,1.0009750352508058,133.0,127.0,0.5215686274509804
419,0.0,1.0,546.0,0.9698631236198607,0.9995065228620306,134.0,127.0,0.5254901960784314
420,1.0,1.0,547.0,0.9709487833143914,1.000592182092911,134.0,127.0,0.5254901960784314
421,1.0,1.0,549.0,0.9719959967848111,1.0001572256244047,135.0,128.0,0.5294117647058824
422,1.0,1.0,551.0,0.9729695155099276,0.9997226829075415,135.0,129.0,0.5294117647058824
423,1.0,1.0,552.0,0.9738393174048732,1.0005924844049647,136.0,129.0,0.5333333333333333
424,1.0,1.0,554.0,0.9746745743206208,1.0000900829707078,136.0,130.0,0.5333333333333333
425,1.0,1.0,555.0,0.9754122306018801,1.0008277388932034,137.0,130.0,0.5372549019607843
426,1.0,1.0,557.0,0.9761177662030783,1.0002624990798354,137.0,131.0,0.5372549019607843
427,1.0,1.0,558.0,0.9767310467820352,1.0008757793350078,138.0,131.0,0.5411764705882353
428,1.0,1.0,560.0,0.9773140480510134,1.0002515439763375,138.0,132.0,0.5411764705882353
429,1.0,1.0,561.0,0.9778094127598046,1.0007469083929132,139.0,132.0,0.5450980392156862
430,1.0,1.0,563.0,0.9782757882249502,1.0000664090764035,139.0,133.0,0.5450980392156862
431,1.0,1.0,564.0,0.978658454859435,1.000449075447164,139.0,133.0,0.5450980392156862
432,1.0,1.0,565.0,0.9789863563673555,1.0007769767045462,140.0,133.0,0.5490196078431373
433,1.0,1.0,567.0,0.9792603556474169,0.9999614449677481,140.0,134.0,0.5490196078431373
434,1.0,1.0,568.0,0.979479776916024,1.0001808660102445,141.0,134.0,0.5529411764705883
435,1.0,1.0,569.0,0.9796465245901832,1.0003476134695986,141.0,134.0,0.5529411764705883
436,1.0,1.0,570.0,0.9797610374795633,1.0004621261549138,142.0,134.0,0.5568627450980392
437,1.0,1.0,571.0,0.9798236169338735,1.0005247054153623,142.0,134.0,0.5568627450980392
438,1.0,1.0,572.0,0.9798344276358881,1.0005355159332083,143.0,134.0,0.5607843137254902
439,1.0,1.0,573.0,0.9797934980348229,1.000494586157183,143.0,134.0,0.5607843137254902
440,1.0,1.0,574.0,0.9797007204212014,1.0004018083773494,144.0,134.0,0.5647058823529412
441,1.0,1.0,575.0,0.9795558506434088,1.0002569384416553,144.0,134.0,0.5647058823529412
442,1.0,1.0,576.0,0.9793585074651878,1.000059595113428,145.0,134.0,0.5686274509803921
443,1.0,1.0,576.0,0.9790816317100801,1.0008722499946623,145.0,133.0,0.5686274509803921
444,1.0,1.0,577.0,0.9787776443040044,1.0005682624532057,146.0,133.0,0.5725490196078431
445,1.0,1.0,578.0,0.9784192054277974,1.000209823448387,146.0,133.0,0.5725490196078431
446,1.0,1.0,578.0,0.9779774351346214,1.0009149275370806,147.0,132.0,0.5764705882352941
447,1.0,1.0,579.0,0.977507117761944,1.000444610048331,147.0,132.0,0.5764705882352941
448,1.0,1.0,580.0,0.9769790789458316,0.9999165711219501,148.0,132.0,0.5803921568627451
449,1.0,1.0,580.0,0.9763625220718868,1.0005072504633037,148.0,131.0,0.5803921568627451
450,1.0,1.0,581.0,0.9757147160860948,0.9998594443779945,149.0,131.0,0.5843137254901961
451,1.0,1.0,581.0,0.974973594419859,1.0003890976909577,149.0,130.0,0.5843137254901961
452,1.0,1.0,581.0,0.9741666137915698,1.0009197749452126,149.0,129.0,0.5843137254901961
453,1.0,1.0,582.0,0.9733259494903634,1.0000791105586824,150.0,129.0,0.5882352941176471
454,1.0,1.0,582.0,0.9723825063431453,1.000543728353942,150.0,128.0,0.5882352941176471
455,1.0,1.0,583.0,0.9714024897098492,0.9995637116436413,151.0,128.0,0.592156862745098
456,1.0,1.0,583.0,0.9703129175481583,0.9999563089072542,151.0,127.0,0.592156862745098
457,1.0,1.0,583.0,0.9691452214852783,1.000348791194307,152.0,126.0,0.596078431372549
458,0.0,1.0,583.0,0.9678963286368332,1.000742191352924,152.0,125.0,0.596078431372549
459,1.0,1.0,585.0,0.9692766460437182,1.0004802156240045,153.0,126.0,0.6
460,1.0,1.0,587.0,0.9705761125191392,1.0002195036204111,153.0,127.0,0.6
461,1.0,1.0,589.0,0.9717981477117159,0.9999593692579242,154.0,128.0,0.6039215686274509
462,1.0,1.0,591.0,0.9729459675035339,0.9996991279724318,154.0,129.0,0.6039215686274509
463,1.0,1.0,592.0,0.973990008496743,1.0007431689145545,155.0,129.0,0.6078431372549019
464,1.0,1.0,594.0,0.9749999010662593,1.0004154034631803,155.0,130.0,0.6078431372549019
465,1.0,1.0,596.0,0.9759440039017392,1.000088731178814,155.0,131.0,0.6078431372549019
466,1.0,1.0,597.0,0.9767644396683264,1.000909166901601,156.0,131.0,0.611764705882353
467,1.0,1.0,599.0,0.977584091039517,1.000521581911128,156.0,132.0,0.611764705882353
468,1.0,1.0,601.0,0.9783447531766012,1.0001353695046316,157.0,133.0,0.615686274509804
469,1.0,1.0,602.0,0.9790218879697395,1.0008125042602165,157.0,133.0,0.615686274509804
470,1.0,1.0,604.0,0.9796717538915407,1.000372839367494,158.0,134.0,0.6196078431372549
471,1.0,1.0,605.0,0.9802429115691558,1.0009439970112173,158.0,134.0,0.6196078431372549
472,1.0,1.0,607.0,0.9807886167611003,1.0004546479310588,159.0,135.0,0.6235294117647059
473,1.0,1.0,608.0,0.981259813464658,1.000925844604029,159.0,135.0,0.6235294117647059
474,1.0,1.0,610.0,0.9817069067475496,1.000389636329952,159.0,136.0,0.6235294117647059
475,1.0,1.0,611.0,0.9820831057054855,1.0007658352602828,160.0,136.0,0.6274509803921569
476,1.0,1.0,613.0,0.9824361071582992,1.0001847002353568,160.0,137.0,0.6274509803921569
477,1.0,1.0,614.0,0.9827212709649003,1.0004698640170442,161.0,137.0,0.6313725490196078
478,1.0,1.0,615.0,0.9829621021622287,1.0007106951907048,161.0,137.0,0.6313725490196078
479,1.0,1.0,616.0,0.9831592345165934,1.000907827522585,162.0,137.0,0.6352941176470588
480,1.0,1.0,618.0,0.9833348036729246,1.0001959670286165,162.0,138.0,0.6352941176470588
481,1.0,1.0,619.0,0.9834459810176497,1.0003071443530493,162.0,138.0,0.6352941176470588
482,1.0,1.0,620.0,0.9835146759983056,1.0003758393144275,163.0,138.0,0.6392156862745098
483,1.0,1.0,621.0,0.9835410693911566,1.0004022326889648,163.0,138.0,0.6392156862745098
484,1.0,1.0,622.0,0.9835252306525002,1.0003863939329103,164.0,138.0,0.6431372549019608
485,1.0,1.0,623.0,0.9834671181014449,1.000328281365327,164.0,138.0,0.6431372549019608
486,1.0,1.0,624.0,0.983366578810225,1.0002277420584054,164.0,138.0,0.6431372549019608
487,1.0,1.0,624.0,0.9832017313261814,1.0009503241883841,165.0,137.0,0.6470588235294118
488,1.0,1.0,625.0,0.9830154324778139,1.0007640253258459,165.0,137.0,0.6470588235294118
489,1.0,1.0,626.0,0.9827855751294183,1.000534167963988,166.0,137.0,0.6509803921568628
490,1.0,1.0,627.0,0.9825115543932357,1.000260147215016,166.0,137.0,0.6509803921568628
491,1.0,1.0,627.0,0.9821698945561953,1.0008526238173412,166.0,136.0,0.6509803921568628
492,1.0,1.0,628.0,0.9818052656057452,1.000487994855349,167.0,136.0,0.6549019607843137
493,1.0,1.0,629.0,0.9813939533861455,1.000076682624784,167.0,136.0,0.6549019607843137
494,1.0,1.0,629.0,0.9809109232801129,1.000576954036245,168.0,135.0,0.6588235294117647
495,1.0,1.0,630.0,0.9804028716213495,1.0000689023675857,168.0,135.0,0.6588235294117647
496,1.0,1.0,630.0,0.9798192963554105,1.0005203813321513,168.0,134.0,0.6588235294117647
497,1.0,1.0,630.0,0.9791826139746173,1.0009732297212752,169.0,133.0,0.6627450980392157
498,1.0,1.0,631.0,0.9785190856856576,1.000309701423831,169.0,133.0,0.6627450980392157
499,1.0,1.0,631.0,0.9777724888225128,1.0007099790566765,169.0,132.0,0.6627450980392157
500,1.0,1.0,632.0,0.9769968055474663,0.9999342957739726,170.0,132.0,0.6666666666666666
501,1.0,1.0,632.0,0.9761326508635393,1.0002773774028246,170.0,131.0,0.6666666666666666
502,1.0,1.0,632.0,0.9752056873660949,1.00062118897221,170.0,130.0,0.6666666666666666
503,1.0,1.0,632.0,0.9742134756775089,1.0009666352494173,171.0,129.0,0.6705882352941176
504,1.0,1.0,633.0,0.9731877036367581,0.9999408632024296,171.0,129.0,0.6705882352941176
505,1.0,1.0,633.0,0.9720587889451175,1.000220009528399,171.0,128.0,0.6705882352941176
506,1.0,1.0,633.0,0.970856344750701,1.0004997348268119,172.0,127.0,0.6745098039215687
507,1.0,1.0,633.0,0.9695772067266809,1.0007807752168738,172.0,126.0,0.6745098039215687
508,1.0,1.0,634.0,0.9682580132952199,0.9994615817803328,172.0,126.0,0.6745098039215687
509,1.0,1.0,634.0,0.9668172839736846,0.9996631455270553,172.0,125.0,0.6745098039215687
510,1.0,1.0,634.0,0.965289231715238,0.9998638228146384,173.0,124.0,0.6784313725490196
511,1.0,1.0,634.0,0.9636698353297259,1.0000641417412073,173.0,123.0,0.6784313725490196
512,1.0,1.0,634.0,0.9619548332477136,1.0002646294618323,173.0,122.0,0.6784313725490196
513,1.0,1.0,634.0,0.9601397123058266,1.0004658135757776,173.0,121.0,0.6784313725490196
514,1.0,1.0,662.0,0.9590077848483025,0.969103186015845,174.0,148.0,0.6823529411764706
515,1.0,0.0,682.0,0.9571742618083485,0.9609837978485901,174.0,167.0,0.6823529411764706
516,1.0,0.0,675.0,0.9550386291417101,0.9607808942810527,174.0,159.0,0.6823529411764706
517,1.0,0.0,669.0,0.9527717019808097,0.960994469331072,174.0,152.0,0.6823529411764706
518,0.0,0.0,666.0,0.9503958239765281,0.9604912251309095,174.0,148.0,0.6823529411764706
519,1.0,0.0,667.0,0.9505672501942783,0.9606626513457702,174.0,148.0,0.6823529411764706
520,1.0,0.0,668.0,0.9506092373694253,0.960704638518172,174.0,148.0,0.6823529411764706
521,1.0,0.0,669.0,0.950521895994535,0.9606172971406739,174.0,148.0,0.6823529411764706
522,1.0,0.0,669.0,0.9502920534019654,0.9609187914454476,175.0,147.0,0.6862745098039216
523,0.0,0.0,670.0,0.949945024446684,0.9605717624878126,174.0,147.0,0.6823529411764706
524,1.0,0.0,675.0,0.952146548271513,0.9608020928291839,174.0,151.0,0.6823529411764706
525,1.0,0.0,681.0,0.9542223766207658,0.9609198720106594,174.0,156.0,0.6823529411764706
526,1.0,0.0,689.0,0.9561796852928863,0.9608567961242215,174.0,163.0,0.6823529411764706
527,1.0,0.0,699.0,0.9580148882114832,0.9609626345644078,174.0,172.0,0.6823529411764706
528,1.0,1.0,654.0,0.9590310014371825,0.9902345698603758,174.0,126.0,0.6823529411764706
529,1.0,1.0,650.0,0.9603868330083332,1.0007129342364696,174.0,121.0,0.6823529411764706
530,1.0,1.0,652.0,0.9619123350756542,1.0002221312423838,173.0,122.0,0.6784313725490196
531,1.0,1.0,654.0,0.9633376064458059,0.9997319128041989,173.0,123.0,0.6784313725490196
532,1.0,1.0,656.0,0.9646663978329202,0.9992409888733935,173.0,124.0,0.6784313725490196
533,1.0,1.0,657.0,0.9658600959776398,1.000434687016704,172.0,124.0,0.6745098039215687
534,1.0,1.0,659.0,0.9670082786684028,0.9998541401555138,171.0,125.0,0.6705882352941176
535,1.0,1.0,660.0,0.9680296364650149,1.000875497950854,170.0,125.0,0.6666666666666666
536,1.0,1.0,662.0,0.9690089718048056,1.0002125402163529,170.0,126.0,0.6666666666666666
537,1.0,1.0,664.0,0.9699067518072406,0.9995501417982106,168.0,127.0,0.6588235294117647
538,1.0,1.0,665.0,0.970689234922465,1.0003326249123445,167.0,127.0,0.6549019607843137
539,1.0,1.0,667.0,0.9713945844453802,0.9995558049357658,165.0,128.0,0.6470588235294118
540,1.0,1.0,668.0,0.9720264617653813,1.0001876822547828,163.0,128.0,0.6392156862745098
541,1.0,1.0,669.0,0.9725865297175214,1.000747750205988,160.0,128.0,0.6274509803921569
542,1.0,1.0,671.0,0.9731105610872004,0.9998637205512437,157.0,129.0,0.615686274509804
543,1.0,1.0,672.0,0.9735312467992803,1.0002844062624798,151.0,129.0,0.592156862745098
544,1.0,1.0,673.0,0.9738839928437923,1.0006371523061903,143.0,129.0,0.5607843137254902
545,1.0,1.0,674.0,0.9741697274998011,1.0009228869614377,127.0,129.0,0.4980392156862745
546,1.0,1.0,676.0,0.9744217866768619,0.9998372881654166,127.0,130.0,0.4980392156862745
547,1.0,1.0,677.0,0.9745755799887929,0.9999910814766604,127.0,130.0,0.4980392156862745
548,1.0,1.0,678.0,0.9746640961310857,1.0000795976183003,128.0,130.0,0.5019607843137255
549,1.0,1.0,679.0,0.9746875680409572,1.0001030695275517,128.0,130.0,0.5019607843137255
550,1.0,1.0,680.0,0.974646057486591,1.0000615589725963,129.0,130.0,0.5058823529411764
551,1.0,1.0,681.0,0.9745394552296862,0.9999549567151318,129.0,130.0,0.5058823529411764
552,1.0,1.0,682.0,0.9743674807379877,0.9997829822229015,129.0,130.0,0.5058823529411764
553,1.0,1.0,682.0,0.9740970974707942,1.0008502569275612,130.0,129.0,0.5098039215686274
554,1.0,1.0,683.0,0.9737928475929972,1.0005460070492844,130.0,129.0,0.5098039215686274
555,1.0,1.0,684.0,0.9734213464707739,1.0001745059266052,130.0,129.0,0.5098039215686274
556,1.0,1.0,685.0,0.9729816164695921,0.9997347759249904,131.0,129.0,0.5137254901960784
557,1.0,1.0,685.0,0.9724382014828701,1.000599421961392,131.0,128.0,0.5137254901960784
558,1.0,1.0,686.0,0.9718583595762271,1.000019580054358,131.0,128.0,0.5137254901960784
559,1.0,1.0,686.0,0.9711701617987325,1.0008135517749503,132.0,127.0,0.5176470588235295
560,1.0,1.0,687.0,0.9704441003720857,1.0000874903479509,132.0,127.0,0.5176470588235295
561,1.0,1.0,687.0,0.969604156133399,1.0008077245283586,132.0,126.0,0.5176470588235295
562,1.0,1.0,688.0,0.9687242274067627,0.9999277958014039,133.0,126.0,0.5215686274509804
563,1.0,1.0,688.0,0.9677239896692929,1.0005698511367154,133.0,125.0,0.5215686274509804
564,1.0,1.0,689.0,0.9666809251413289,0.9995267866084641,133.0,125.0,0.5215686274509804
565,1.0,1.0,689.0,0.9655101742625636,1.0000847652800402,133.0,124.0,0.5215686274509804
566,1.0,1.0,689.0,0.9642486606844896,1.0006429670181434,134.0,123.0,0.5254901960784314
567,0.0,1.0,690.0,0.9629397240016206,0.999334030335028,134.0,123.0,0.5254901960784314
568,1.0,1.0,691.0,0.9641671721923734,1.0005614785255468,134.0,123.0,0.5254901960784314
569,1.0,1.0,693.0,0.965346982834931,0.9999215738514458,134.0,124.0,0.5254901960784314
570,1.0,1.0,694.0,0.9663934912482572,1.0009680822645608,134.0,124.0,0.5254901960784314
571,1.0,1.0,696.0,0.9673958878793916,1.0002417493448799,134.0,125.0,0.5254901960784314
572,1.0,1.0,698.0,0.9683124842154716,0.9995160526076854,134.0,126.0,0.5254901960784314
573,1.0,1.0,699.0,0.9691076880060044,1.0003112563980372,134.0,126.0,0.5254901960784314
574,1.0,1.0,701.0,0.9698616008135155,0.9995049907859466,134.0,127.0,0.5254901960784314
575,1.0,1.0,702.0,0.9705000979154115,1.0001434878876792,134.0,127.0,0.5254901960784314
576,1.0,1.0,703.0,0.9710628639133378,1.0007062538854503,133.0,127.0,0.5215686274509804
577,1.0,1.0,705.0,0.9715874838992558,0.9997487043727625,133.0,128.0,0.5215686274509804
578,1.0,1.0,706.0,0.9720030351835931,1.0001642556569599,132.0,128.0,0.5176470588235295
579,1.0,1.0,707.0,0.9723467154511696,1.0005079359244031,132.0,128.0,0.5176470588235295
580,1.0,1.0,708.0,0.9726194291237424,1.0007806495968494,131.0,128.0,0.5137254901960784
581,1.0,1.0,709.0,0.9728218938688706,1.0009831143418575,129.0,128.0,0.5058823529411764
582,1.0,1.0,711.0,0.9729889414108835,0.9997421008602212,128.0,129.0,0.5019607843137255
583,1.0,1.0,712.0,0.9730523232435173,0.9998054826927465,125.0,129.0,0.49019607843137253
584,1.0,1.0,713.0,0.9730465050834368,0.999799664532563,126.0,129.0,0.49411764705882355
585,1.0,1.0,714.0,0.9729714716196943,0.9997246310687227,126.0,129.0,0.49411764705882355
586,1.0,1.0,714.0,0.972792726473438,1.0009539469459086,127.0,128.0,0.4980392156862745
587,1.0,1.0,715.0,0.9725784873677625,1.0007397078401448,127.0,128.0,0.4980392156862745
588,1.0,1.0,716.0,0.9722938915931794,1.0004551120654777,128.0,128.0,0.5019607843137255
589,1.0,1.0,717.0,0.9719381902134399,1.0000994106856584,128.0,128.0,0.5019607843137255
590,1.0,1.0,718.0,0.9715104471722813,0.9996716676444243,129.0,128.0,0.5058823529411764
591,1.0,1.0,718.0,0.9709734327013133,1.0006168226718424,129.0,127.0,0.5058823529411764
592,1.0,1.0,719.0,0.970398036873042,1.0000414268435027,129.0,127.0,0.5058823529411764
593,1.0,1.0,719.0,0.9697086370129965,1.0009122054028219,130.0,126.0,0.5098039215686274
594,1.0,1.0,720.0,0.9689795276146844,1.0001830960044482,130.0,126.0,0.5098039215686274
595,1.0,1.0,720.0,0.9681307810481914,1.0009766425109803,131.0,125.0,0.5137254901960784
596,1.0,1.0,721.0,0.9672402781948328,1.0000861396575662,131.0,125.0,0.5137254901960784
597,0.0,1.0,721.0,0.9662235609723928,1.000798151985688,131.0,124.0,0.5137254901960784
598,1.0,1.0,723.0,0.9678359738089899,1.00068183527162,132.0,125.0,0.5176470588235295
599,1.0,1.0,725.0,0.9693637444714001,1.0005673128608987,132.0,126.0,0.5176470588235295
600,1.0,1.0,727.0,0.9708108934087349,1.0004542833787586,133.0,127.0,0.5215686274509804
601,1.0,1.0,729.0,0.9721812289076718,1.0003424493791944,133.0,128.0,0.5215686274509804
602,1.0,1.0,731.0,0.9734783571142605,1.0002315165622069,133.0,129.0,0.5215686274509804
603,1.0,1.0,733.0,0.9747056915237813,1.0001211929993303,134.0,130.0,0.5254901960784314
604,1.0,1.0,735.0,0.9758664619636279,1.0000111883653995,134.0,131.0,0.5254901960784314
605,1.0,1.0,737.0,0.9769637230928525,0.9999012131745356,134.0,132.0,0.5254901960784314
606,1.0,1.0,738.0,0.9779724257541054,1.000909915835755,135.0,132.0,0.5294117647058824
607,1.0,1.0,740.0,0.9789525681532766,1.0007431837308438,135.0,133.0,0.5294117647058824
608,1.0,1.0,742.0,0.9798773225739037,1.0005784073725925,135.0,134.0,0.5294117647058824
609,1.0,1.0,744.0,0.9807491225802517,1.0004151531390062,136.0,135.0,0.5333333333333333
610,1.0,1.0,746.0,0.9815702623828635,1.0002529914136802,136.0,136.0,0.5333333333333333
611,1.0,1.0,748.0,0.9823429028759565,1.0000914954552325,136.0,137.0,0.5333333333333333
612,1.0,1.0,749.0,0.9830474604484095,1.000796053027661,137.0,137.0,0.5372549019607843
613,1.0,1.0,751.0,0.9837301606805444,1.0005913236308333,137.0,138.0,0.5372549019607843
614,1.0,1.0,753.0,0.9843700455460491,1.0003881503488234,137.0,139.0,0.5372549019607843
615,1.0,1.0,754.0,0.9849492897222565,1.00096739452501,137.0,139.0,0.5372549019607843
616,1.0,1.0,756.0,0.9855094627979519,1.0007266623605677,137.0,140.0,0.5372549019607843
617,1.0,1.0,758.0,0.9860315028810103,1.0004878424654953,138.0,141.0,0.5411764705882353
618,1.0,1.0,759.0,0.9864991766808613,1.0009555162653283,138.0,141.0,0.5411764705882353
619,1.0,1.0,761.0,0.9869498557669911,1.0006833783722346,138.0,142.0,0.5411764705882353
620,1.0,1.0,763.0,0.9873661923682973,1.0004130388432786,138.0,143.0,0.5411764705882353
621,1.0,1.0,764.0,0.9877333917174775,1.0007802381924435,138.0,143.0,0.5411764705882353
622,1.0,1.0,766.0,0.9880850372447956,1.0004795413960132,138.0,144.0,0.5411764705882353
623,1.0,1.0,767.0,0.9883902317365281,1.0007847358877318,138.0,144.0,0.5411764705882353
624,1.0,1.0,769.0,0.9886807645964516,1.000455543540095,137.0,145.0,0.5372549019607843
625,1.0,1.0,770.0,0.9889271689178687,1.0007019478614996,137.0,145.0,0.5372549019607843
626,1.0,1.0,771.0,0.9891451890036442,1.0009199679472633,137.0,145.0,0.5372549019607843
627,1.0,1.0,773.0,0.9893497396677644,1.0005357796642025,136.0,146.0,0.5333333333333333
628,1.0,1.0,774.0,0.989512639307938,1.0006986793043653,136.0,146.0,0.5333333333333333
629,1.0,1.0,775.0,0.9896486576843468,1.0008346976807638,135.0,146.0,0.5294117647058824
630,1.0,1.0,776.0,0.9897581527400865,1.0009441927364937,133.0,146.0,0.5215686274509804
631,1.0,1.0,778.0,0.9898550366431133,1.0004817746397001,132.0,147.0,0.5176470588235295
632,1.0,1.0,779.0,0.9899122804522293,1.0005390184488074,129.0,147.0,0.5058823529411764
633,1.0,1.0,780.0,0.9899436588321102,1.00057039682868,126.0,147.0,0.49411764705882355
634,1.0,1.0,781.0,0.9899492543574399,1.0005759923540019,121.0,147.0,0.4745098039215686
635,1.0,1.0,782.0,0.9899290817532846,1.000555819749839,122.0,147.0,0.47843137254901963
636,1.0,1.0,783.0,0.9898830879338445,1.0005098259303917,123.0,147.0,0.4823529411764706
637,1.0,1.0,783.0,0.9897975278396798,1.0009835678360313,124.0,146.0,0.48627450980392156
638,1.0,1.0,784.0,0.9896994602114852,1.0008855002078303,125.0,146.0,0.49019607843137253
639,1.0,1.0,785.0,0.9895750029534826,1.0007610429498215,126.0,146.0,0.49411764705882355
640,1.0,1.0,786.0,0.9894238285465717,1.0006098685429048,127.0,146.0,0.4980392156862745
641,1.0,1.0,787.0,0.9892455391633663,1.0004315791596938,128.0,146.0,0.5019607843137255
642,1.0,1.0,787.0,0.9890253245443605,1.0008001034878524,129.0,145.0,0.5058823529411764
643,1.0,1.0,788.0,0.9887913250709119,1.000566104014399,130.0,145.0,0.5098039215686274
644,1.0,1.0,788.0,0.9885134880075737,1.0009079921586028,131.0,144.0,0.5137254901960784
645,1.0,1.0,789.0,0.9882213136710344,1.000615817822059,132.0,144.0,0.5176470588235295
646,1.0,1.0,789.0,0.987883046921084,1.000929893395838,133.0,143.0,0.5215686274509804
647,1.0,1.0,790.0,0.9875296201787545,1.0005764666535044,134.0,143.0,0.5254901960784314
648,1.0,1.0,790.0,0.9871274862574845,1.0008610088624765,135.0,142.0,0.5294117647058824
649,1.0,1.0,791.0,0.9867090843803128,1.0004426069853012,136.0,142.0,0.5333333333333333
650,1.0,1.0,791.0,0.9862389796831555,1.0006953192673467,136.0,141.0,0.5333333333333333
651,1.0,1.0,791.0,0.985732661774638,1.0009498613369376,137.0,140.0,0.5372549019607843
652,1.0,1.0,792.0,0.9852083074694198,1.0004255070317163,137.0,140.0,0.5372549019607843
653,1.0,1.0,792.0,0.9846264938888445,1.0006445986912555,138.0,139.0,0.5411764705882353
654,1.0,1.0,792.0,0.9840042237132398,1.0008653866631405,137.0,138.0,0.5372549019607843
655,1.0,1.0,793.0,0.9833614762650889,1.0002226392149869,138.0,138.0,0.5411764705882353
656,1.0,1.0,793.0,0.9826544071963638,1.0004029997751984,138.0,137.0,0.5411764705882353
657,1.0,1.0,793.0,0.981901691830787,1.0005844208611343,138.0,136.0,0.5411764705882353
658,1.0,1.0,793.0,0.9811013493384493,1.0007673798967047,139.0,135.0,0.5450980392156862
659,1.0,1.0,793.0,0.9802512735548969,1.0009523583530562,139.0,134.0,0.5450980392156862
660,1.0,1.0,794.0,0.9793757672908996,1.0000768520890568,139.0,134.0,0.5450980392156862
661,1.0,1.0,794.0,0.9784207738706093,1.0002113894476128,140.0,133.0,0.5490196078431373
662,1.0,1.0,794.0,0.9774089930131364,1.0003464830941888,139.0,132.0,0.5450980392156862
663,1.0,1.0,794.0,0.9763377621372771,1.0004824885383812,140.0,131.0,0.5490196078431373
664,1.0,1.0,794.0,0.9752042622144106,1.0006197636892535,140.0,130.0,0.5490196078431373
665,1.0,1.0,794.0,0.9740055103500032,1.0007586697972028,140.0,129.0,0.5490196078431373
666,0.0,1.0,794.0,0.972738351933885,1.0008995724046186,140.0,128.0,0.5490196078431373
667,1.0,1.0,796.0,0.9741014343371908,1.0008545937843876,139.0,129.0,0.5450980392156862
668,1.0,1.0,798.0,0.9753963626203312,1.0008118640951682,138.0,130.0,0.5411764705882353
669,1.0,1.0,800.0,0.9766265444893147,1.0007712708904097,135.0,131.0,0.5294117647058824
670,1.0,1.0,802.0,0.977795217264849,1.0007327073458894,135.0,132.0,0.5294117647058824
671,1.0,1.0,804.0,0.9789054564016066,1.000696071978595,135.0,133.0,0.5294117647058824
672,1.0,1.0,806.0,0.9799601835815263,1.0006612683796652,135.0,134.0,0.5294117647058824
673,1.0,1.0,808.0,0.9809621744024499,1.0006282049606818,135.0,135.0,0.5294117647058824
674,1.0,1.0,810.0,0.9819140656823275,1.000596794712648,135.0,136.0,0.5294117647058824
675,1.0,1.0,812.0,0.9828183623982112,1.0005669549770155,134.0,137.0,0.5254901960784314
676,1.0,1.0,814.0,0.9836774442783006,1.0005386072281648,134.0,138.0,0.5254901960784314
677,1.0,1.0,816.0,0.9844935720643856,1.0005116768667566,134.0,139.0,0.5254901960784314
678,1.0,1.0,818.0,0.9852688934611663,1.0004860930234187,134.0,140.0,0.5254901960784314
679,1.0,1.0,820.0,0.986005448788108,1.0004617883722478,134.0,141.0,0.5254901960784314
680,1.0,1.0,822.0,0.9867051763487026,1.0004386989536354,134.0,142.0,0.5254901960784314
681,1.0,1.0,824.0,0.9873699175312675,1.0004167640059536,133.0,143.0,0.5215686274509804
682,1.0,1.0,826.0,0.9880014216547042,1.000395925805656,131.0,144.0,0.5137254901960784
683,1.0,1.0,827.0,0.9885862547015287,1.00098075885248,131.0,144.0,0.5137254901960784
684,1.0,1.0,829.0,0.9891569419664523,1.0009317209098558,131.0,145.0,0.5137254901960784
685,1.0,1.0,831.0,0.9896990948681297,1.000885134864363,130.0,146.0,0.5098039215686274
686,1.0,1.0,833.0,0.9902141401247233,1.000840878121145,129.0,147.0,0.5058823529411764
687,1.0,1.0,835.0,0.9907034331184871,1.0007988342150878,128.0,148.0,0.5019607843137255
688,1.0,1.0,837.0,0.9911682614625628,1.0007588925043334,127.0,149.0,0.4980392156862745
689,1.0,1.0,839.0,0.9916098483894347,1.0007209478791168,124.0,150.0,0.48627450980392156
690,1.0,1.0,841.0,0.9920293559699631,1.000684900485161,124.0,151.0,0.48627450980392156
691,1.0,1.0,843.0,0.9924278881714649,1.000650655460903,124.0,152.0,0.48627450980392156
692,1.0,1.0,845.0,0.9928064937628918,1.0006181226878579,125.0,153.0,0.49019607843137253
693,1.0,1.0,846.0,0.9931566549113129,1.0009682838362788,125.0,153.0,0.49019607843137253
694,1.0,1.0,848.0,0.9934988221657474,1.0009198696444648,125.0,154.0,0.49019607843137253
695,1.0,1.0,850.0,0.99382388105746,1.0008738761622415,126.0,155.0,0.49411764705882355
696,1.0,1.0,852.0,0.9941326870045871,1.0008301823541297,126.0,156.0,0.49411764705882355
697,1.0,1.0,854.0,0.9944260526543578,1.0007886732364233,127.0,157.0,0.4980392156862745
698,1.0,1.0,856.0,0.9947047500216399,1.000749239574602,127.0,158.0,0.4980392156862745
699,1.0,1.0,858.0,0.994969512520558,1.000711777595872,126.0,159.0,0.49411764705882355
700,1.0,1.0,859.0,0.9952140431101435,1.0009563081854573,127.0,159.0,0.4980392156862745
701,1.0,1.0,861.0,0.9954533409546362,1.0009084927761842,127.0,160.0,0.4980392156862745
702,1.0,1.0,863.0,0.9956806739069044,1.0008630681373751,127.0,161.0,0.4980392156862745
703,1.0,1.0,865.0,0.9958966402115592,1.0008199147305064,127.0,162.0,0.4980392156862745
704,1.0,1.0,867.0,0.9961018082009813,1.000778918993981,128.0,163.0,0.5019607843137255
705,1.0,1.0,868.0,0.9962910213098382,1.0009681321028376,128.0,163.0,0.5019607843137255
706,1.0,1.0,870.0,0.9964764702443463,1.0009197254976958,128.0,164.0,0.5019607843137255
707,1.0,1.0,872.0,0.996652646732129,1.000873739222811,128.0,165.0,0.5019607843137255
708,1.0,1.0,874.0,0.9968146027384832,1.0008246406046313,128.0,166.0,0.5019607843137255
709,1.0,1.0,875.0,0.9969684331741744,1.0009784710403222,128.0,166.0,0.5019607843137255
710,1.0,1.0,877.0,0.9971194268766166,1.000928962849457,129.0,167.0,0.5058823529411764
711,1.0,1.0,879.0,0.997262840123471,1.0008818992976694,129.0,168.0,0.5058823529411764
712,1.0,1.0,881.0,0.9973990503180186,1.000837156533507,129.0,169.0,0.5058823529411764
713,1.0,1.0,882.0,0.9975242284710827,1.000962334686571,129.0,169.0,0.5058823529411764
714,1.0,1.0,884.0,0.9976472992643941,1.000913500169108,128.0,170.0,0.5019607843137255
715,1.0,1.0,886.0,0.9977641787399804,1.0008670695994586,128.0,171.0,0.5019607843137255
716,1.0,1.0,887.0,0.9978713953134644,1.0009742861729425,128.0,171.0,0.5019607843137255
717,1.0,1.0,889.0,0.9979769883608725,1.0009247346773766,128.0,172.0,0.5019607843137255
718,1.0,1.0,891.0,0.9980772576934409,1.00087761669412,127.0,173.0,0.4980392156862745
719,1.0,1.0,892.0,0.9981690564841793,1.0009694154848583,126.0,173.0,0.49411764705882355
720,1.0,1.0,894.0,0.9982596272063549,1.0009199682569998,125.0,174.0,0.49019607843137253
721,1.0,1.0,896.0,0.9983456180001259,1.0008729419982385,124.0,175.0,0.48627450980392156
722,1.0,1.0,897.0,0.9984241770060318,1.0009515010041445,125.0,175.0,0.49019607843137253
723,1.0,1.0,899.0,0.9985018292682941,1.000902787066501,125.0,176.0,0.49019607843137253
724,1.0,1.0,900.0,0.9985726147325271,1.000973572530734,126.0,176.0,0.49411764705882355
725,1.0,1.0,902.0,0.9986427220707637,1.0009236319790602,126.0,177.0,0.49411764705882355
726,1.0,1.0,903.0,0.9987064795936773,1.0009873895019739,127.0,177.0,0.4980392156862745
727,1.0,1.0,905.0,0.998769757358994,1.0009366217718756,127.0,178.0,0.4980392156862745
728,1.0,1.0,906.0,0.9988271585139428,1.0009940229268244,128.0,178.0,0.5019607843137255
729,1.0,1.0,908.0,0.9988842512752268,1.0009427724674644,128.0,179.0,0.5019607843137255
730,1.0,1.0,909.0,0.9989359006824092,1.0009944218746467,129.0,179.0,0.5058823529411764
731,1.0,1.0,911.0,0.9989873889579632,1.0009429840905888,129.0,180.0,0.5058823529411764
732,1.0,0.0,902.0,0.9990019056406355,1.002268106545348,130.0,170.0,0.5098039215686274
733,1.0,0.0,895.0,0.999005565529774,1.0039288400487179,130.0,162.0,0.5098039215686274
734,1.0,0.0,890.0,0.9990040704945771,1.0057015658441142,131.0,156.0,0.5137254901960784
735,1.0,0.0,887.0,0.9990064480585308,1.0072292153479616,131.0,152.0,0.5137254901960784
736,1.0,0.0,885.0,0.9990105724145841,1.008601203456346,132.0,149.0,0.5176470588235295
737,1.0,0.0,883.0,0.9990071650301307,1.0101932050263538,132.0,146.0,0.5176470588235295
738,1.0,0.0,882.0,0.9990112875543736,1.0114057917053134,132.0,144.0,0.5176470588235295
739,1.0,0.0,881.0,0.9990104225544283,1.0127439451593474,133.0,142.0,0.5215686274509804
740,1.0,0.0,880.0,0.99900431002455,1.0142215095867873,133.0,140.0,0.5215686274509804
741,1.0,0.0,880.0,0.9990131843381568,1.0150312891405118,134.0,139.0,0.5254901960784314
742,1.0,0.0,880.0,0.9990194617684429,1.01588062471829,134.0,138.0,0.5254901960784314
743,1.0,0.0,879.0,0.9990004042290916,1.0176831332593932,135.0,136.0,0.5294117647058824
744,1.0,0.0,879.0,0.9990003330501305,1.0186663636083426,135.0,135.0,0.5294117647058824
745,1.0,0.0,880.0,0.9990228440283595,1.0186888745865716,136.0,135.0,0.5333333333333333
746,1.0,0.0,880.0,0.9990188313267999,1.0197199161249177,136.0,134.0,0.5333333333333333
747,1.0,0.0,880.0,0.9990122366024161,1.0208028521793824,137.0,133.0,0.5372549019607843
748,1.0,0.0,880.0,0.9990030425006702,1.0219405325816873,137.0,132.0,0.5372549019607843
749,1.0,0.0,881.0,0.999020631865123,1.02195812194614,137.0,132.0,0.5372549019607843
750,1.0,0.0,881.0,0.9990077072583732,1.0231524336594437,138.0,131.0,0.5411764705882353
751,1.0,0.0,882.0,0.9990231261323723,1.0231678525334427,138.0,131.0,0.5411764705882353
752,1.0,0.0,882.0,0.9990065672471016,1.0244220687219125,139.0,130.0,0.5450980392156862
753,1.0,0.0,883.0,0.9990199780413624,1.0244354795161734,139.0,130.0,0.5450980392156862
754,1.0,0.0,884.0,0.9990324390292816,1.0244479405040925,139.0,130.0,0.5450980392156862
755,1.0,0.0,884.0,0.9990113990266826,1.025764558473852,140.0,129.0,0.5490196078431373
756,1.0,0.0,885.0,0.999022056364943,1.0257752158121123,140.0,129.0,0.5490196078431373
757,1.0,0.0,886.0,0.9990318551134401,1.0257850145606093,141.0,129.0,0.5529411764705883
758,1.0,0.0,886.0,0.999006522135986,1.0271677426066905,141.0,128.0,0.5529411764705883
759,1.0,0.0,887.0,0.9990146788719089,1.0271758993426134,141.0,128.0,0.5529411764705883
760,1.0,0.0,888.0,0.9990220478639351,1.0271832683346396,142.0,128.0,0.5568627450980392
761,1.0,0.0,889.0,0.9990286485041489,1.0271898689748533,142.0,128.0,0.5568627450980392
762,1.0,0.0,890.0,0.9990344981626562,1.0271957186333607,143.0,128.0,0.5607843137254902
763,1.0,0.0,890.0,0.9990035081044863,1.028646898073649,143.0,127.0,0.5607843137254902
764,1.0,0.0,891.0,0.9990079000453376,1.0286512900145002,143.0,127.0,0.5607843137254902
765,1.0,0.0,892.0,0.99901158141414,1.0286549713833026,144.0,127.0,0.5647058823529412
766,1.0,0.0,893.0,0.9990145618987065,1.0286579518678691,144.0,127.0,0.5647058823529412
767,1.0,0.0,894.0,0.9990168493424175,1.02866023931158,144.0,127.0,0.5647058823529412
768,1.0,0.0,895.0,0.9990184497648615,1.0286618397340241,145.0,127.0,0.5686274509803921
769,1.0,0.0,896.0,0.9990193673776768,1.0286627573468394,145.0,127.0,0.5686274509803921
770,1.0,0.0,897.0,0.9990196045956337,1.0286629945647963,145.0,127.0,0.5686274509803921
771,1.0,0.0,898.0,0.9990191620429901,1.0286625520121526,145.0,127.0,0.5686274509803921
772,1.0,0.0,899.0,0.9990180385551337,1.0286614285242963,146.0,127.0,0.5725490196078431
773,1.0,0.0,900.0,0.9990162311755176,1.0286596211446801,146.0,127.0,0.5725490196078431
774,1.0,0.0,901.0,0.9990137351478797,1.0286571251170422,146.0,127.0,0.5725490196078431
775,1.0,0.0,902.0,0.9990105439037261,1.0286539338728886,146.0,127.0,0.5725490196078431
776,1.0,0.0,903.0,0.9990066490450459,1.0286500390142084,146.0,127.0,0.5725490196078431
777,1.0,0.0,904.0,0.999002040322211,1.0286454302913735,147.0,127.0,0.5764705882352941
778,1.0,0.0,906.0,0.9990328097358119,1.0271940302065163,147.0,128.0,0.5764705882352941
779,1.0,0.0,907.0,0.9990267349895074,1.027187955460212,147.0,128.0,0.5764705882352941
780,1.0,0.0,908.0,0.9990199042259316,1.027181124696636,147.0,128.0,0.5764705882352941
781,1.0,0.0,909.0,0.9990122994693906,1.027173519940095,147.0,128.0,0.5764705882352941
782,1.0,0.0,910.0,0.9990039007073674,1.0271651211780717,147.0,128.0,0.5764705882352941
783,1.0,0.0,912.0,0.999028984760225,1.025782144207394,146.0,129.0,0.5725490196078431
784,1.0,0.0,913.0,0.9990189295335702,1.0257720889807393,146.0,129.0,0.5725490196078431
785,1.0,0.0,914.0,0.9990080074886484,1.0257611669358175,146.0,129.0,0.5725490196078431
786,1.0,0.0,916.0,0.9990287738594861,1.0244442753342968,146.0,130.0,0.5725490196078431
787,1.0,0.0,917.0,0.9990160295946218,1.0244315310694325,145.0,130.0,0.5686274509803921
788,1.0,0.0,918.0,0.9990023251327664,1.0244178266075772,144.0,130.0,0.5647058823529412
789,1.0,0.0,920.0,0.9990185791869839,1.023163305588054,143.0,131.0,0.5607843137254902
790,1.0,0.0,921.0,0.9990028435162861,1.0231475699173562,142.0,131.0,0.5568627450980392
791,1.0,0.0,923.0,0.9990154385270156,1.0219529286080322,140.0,132.0,0.5490196078431373
792,1.0,0.0,925.0,0.9990254425865004,1.0208160581634662,138.0,133.0,0.5411764705882353
793,1.0,0.0,926.0,0.9990063421689077,1.0207969577458735,134.0,133.0,0.5254901960784314
794,1.0,0.0,928.0,0.9990125635489229,1.0197136483470404,128.0,134.0,0.5019607843137255
795,1.0,0.0,930.0,0.9990161864119615,1.0186822169701732,129.0,135.0,0.5058823529411764
796,1.0,0.0,932.0,0.9990172202918737,1.0176999493221748,129.0,136.0,0.5058823529411764
797,1.0,0.0,934.0,0.9990156679093961,1.0167642604881821,130.0,137.0,0.5098039215686274
798,1.0,0.0,936.0,0.9990115251793117,1.0158726881291584,130.0,138.0,0.5098039215686274
799,1.0,0.0,938.0,0.9990047811996989,1.0150228860020534,131.0,139.0,0.5137254901960784
800,1.0,0.0,941.0,0.9990139519919411,1.0134702915760658,131.0,141.0,0.5137254901960784
801,1.0,0.0,943.0,0.999001018690796,1.0127345412957147,132.0,142.0,0.5176470588235295
802,1.0,0.0,946.0,0.9990013468814061,1.011395851032345,132.0,144.0,0.5176470588235295
803,1.0,0.0,950.0,0.9990102854112344,1.0096370234076457,133.0,147.0,0.5215686274509804
804,1.0,0.0,954.0,0.999011159059233,1.0081222585489062,133.0,150.0,0.5215686274509804
805,1.0,0.0,958.0,0.9990047489097116,1.0068163778346702,134.0,153.0,0.5254901960784314
806,1.0,0.0,964.0,0.9990076123563028,1.0050521019092593,134.0,158.0,0.5254901960784314
807,1.0,0.0,971.0,0.9990042104463378,1.0034474656996837,135.0,164.0,0.5294117647058824
808,1.0,0.0,982.0,0.9990028983977031,1.0016632394483462,135.0,174.0,0.5294117647058824
809,1.0,1.0,989.0,0.9989728698585649,1.0009284649911896,136.0,180.0,0.5333333333333333
810,1.0,1.0,989.0,0.9989205896430391,1.0009791108352755,136.0,179.0,0.5333333333333333
811,1.0,1.0,990.0,0.9988681080036759,1.0009266291959122,137.0,179.0,0.5372549019607843
812,1.0,1.0,990.0,0.9988101405279175,1.000977004940798,137.0,178.0,0.5372549019607843
813,1.0,1.0,991.0,0.9987518198743206,1.000918684287201,138.0,178.0,0.5411764705882353
814,1.0,1.0,991.0,0.9986875754064489,1.000968485314744,138.0,177.0,0.5411764705882353
815,1.0,1.0,992.0,0.9986228014331189,1.000903711341414,139.0,177.0,0.5450980392156862
816,1.0,1.0,992.0,0.9985516252217355,1.0009525830199408,139.0,176.0,0.5450980392156862
817,1.0,1.0,993.0,0.9984797156488009,1.0008806734470064,140.0,176.0,0.5490196078431373
818,1.0,1.0,993.0,0.9984008810841015,1.0009282050822126,140.0,175.0,0.5490196078431373
819,1.0,1.0,993.0,0.9983178383117287,1.0009781793623718,141.0,174.0,0.5529411764705883
820,1.0,1.0,994.0,0.9982337794917258,1.000894120542369,141.0,174.0,0.5529411764705883
821,1.0,1.0,994.0,0.9981418325640448,1.0009421915647219,142.0,173.0,0.5568627450980392
822,1.0,1.0,994.0,0.9980449957220585,1.0009927420385607,142.0,172.0,0.5568627450980392
823,1.0,1.0,995.0,0.9979467932939169,1.000894539610419,143.0,172.0,0.5607843137254902
824,1.0,1.0,995.0,0.9978395974863858,1.0009424883458617,143.0,171.0,0.5607843137254902
825,1.0,1.0,995.0,0.9977267164090821,1.0009929173137935,144.0,170.0,0.5647058823529412
826,1.0,1.0,996.0,0.9976078530065391,1.0008740539112506,144.0,170.0,0.5647058823529412
827,1.0,1.0,996.0,0.997482694480329,1.0009208006958148,144.0,169.0,0.5647058823529412
828,1.0,1.0,996.0,0.9973509114659094,1.000969970640105,145.0,168.0,0.5686274509803921
829,1.0,1.0,997.0,0.9972167969853278,1.0008358561595234,145.0,168.0,0.5686274509803921
830,1.0,1.0,997.0,0.9970709504578052,1.0008804864306426,146.0,167.0,0.5725490196078431
831,1.0,1.0,997.0,0.9969173959051716,1.0009274337713163,146.0,166.0,0.5725490196078431
832,1.0,1.0,997.0,0.9967557292364988,1.0009768217271773,147.0,165.0,0.5764705882352941
833,1.0,1.0,998.0,0.9965909366702248,1.0008120291609033,147.0,165.0,0.5764705882352941
834,1.0,1.0,998.0,0.9964120318104743,1.00085528706382,148.0,164.0,0.5803921568627451
835,1.0,1.0,998.0,0.9962236849291726,1.0009007957221683,148.0,163.0,0.5803921568627451
836,1.0,1.0,998.0,0.9960254003766318,1.0009486748955745,149.0,162.0,0.5843137254901961
837,1.0,1.0,998.0,0.9958166563513977,1.0009990505818638,149.0,161.0,0.5843137254901961
838,1.0,1.0,999.0,0.9956035476222558,1.0007859418527218,150.0,161.0,0.5882352941176471
839,1.0,1.0,999.0,0.9953725573911847,1.000827709212728,150.0,160.0,0.5882352941176471
840,1.0,1.0,999.0,0.9951293896795639,1.0008716547548726,151.0,159.0,0.592156862745098
841,1.0,1.0,999.0,0.9948734045723631,1.0009178941253196,151.0,158.0,0.592156862745098
842,1.0,1.0,999.0,0.9946039284245634,1.0009665490066229,152.0,157.0,0.596078431372549
843,1.0,1.0,1000.0,0.9943284092942816,1.000691029876341,152.0,157.0,0.596078431372549
844,1.0,1.0,1000.0,0.9940302155797197,1.000727710929256,153.0,156.0,0.6
845,1.0,1.0,1000.0,0.9937163119061572,1.0007663070109323,153.0,155.0,0.6
846,1.0,1.0,1000.0,0.993385872211295,1.0008069196900056,153.0,154.0,0.6
847,1.0,1.0,1000.0,0.993038026916989,1.0008496558419475,154.0,153.0,0.6039215686274509
848,1.0,1.0,1000.0,0.9926718606408853,1.0008946279303153,154.0,152.0,0.6039215686274509
849,1.0,1.0,1000.0,0.992286409787521,1.0009419543027105,155.0,151.0,0.6078431372549019
850,1.0,1.0,1000.0,0.991880660012545,1.0009917595022182,155.0,150.0,0.6078431372549019
851,1.0,1.0,1001.0,0.991465224450173,1.0005763239398462,156.0,150.0,0.611764705882353
852,1.0,1.0,1001.0,0.9910162321002012,1.0006068631419625,156.0,149.0,0.611764705882353
853,1.0,1.0,1001.0,0.990543598255756,1.0006389993523468,157.0,148.0,0.615686274509804
854,1.0,1.0,1001.0,0.9900460791435628,1.0006728171399741,157.0,147.0,0.615686274509804
855,1.0,1.0,1001.0,0.9895223655028001,1.0007084054990225,158.0,146.0,0.6196078431372549
856,1.0,1.0,1001.0,0.9889710791396764,1.0007458580830684,158.0,145.0,0.6196078431372549
857,1.0,1.0,1001.0,0.9883907693006044,1.0007852734515434,159.0,144.0,0.6235294117647059
858,1.0,1.0,1001.0,0.9877799088544288,1.0008267553291015,159.0,143.0,0.6235294117647059
859,1.0,1.0,1001.0,0.9871368902736595,1.000870412878578,159.0,142.0,0.6235294117647059
860,1.0,1.0,1001.0,0.9864600214041366,1.0009163609882614,160.0,141.0,0.6274509803921569
861,1.0,1.0,1001.0,0.9857475210119933,1.0009647205742298,160.0,140.0,0.6274509803921569
862,1.0,1.0,1002.0,0.9850170233264051,1.0002342228886416,161.0,140.0,0.6313725490196078
863,1.0,1.0,1002.0,0.9842285629861361,1.0002466677884905,161.0,139.0,0.6313725490196078
864,1.0,1.0,1002.0,0.9833985988642517,1.0002597618140985,162.0,138.0,0.6352941176470588
865,1.0,1.0,1002.0,0.982524946844642,1.000273539423428,162.0,137.0,0.6352941176470588
866,1.0,1.0,1002.0,0.9816053078430441,1.000288036873345,163.0,136.0,0.6392156862745098
867,1.0,1.0,1002.0,0.9806372617568228,1.0003032923150343,163.0,135.0,0.6392156862745098
868,1.0,1.0,1002.0,0.9796182610962773,1.0003193458943946,163.0,134.0,0.6392156862745098
869,1.0,1.0,1002.0,0.978545624280722,1.0003362398576878,164.0,133.0,0.6431372549019608
870,1.0,1.0,1002.0,0.9774165285816949,1.0003540186627116,164.0,132.0,0.6431372549019608
871,1.0,1.0,1002.0,0.976228002694725,1.000372729095795,165.0,131.0,0.6470588235294118
872,1.0,1.0,1002.0,0.9749769189201094,1.00039242039492,165.0,130.0,0.6470588235294118
873,0.0,1.0,1002.0,0.9736599849321259,1.000413144379295,166.0,129.0,0.6509803921568628
874,1.0,1.0,1004.0,0.9749721969610027,1.0003876984358133,166.0,130.0,0.6509803921568628
875,1.0,1.0,1006.0,0.976218546350303,1.0003632727513732,166.0,131.0,0.6509803921568628
876,1.0,1.0,1008.0,0.9774023129668412,1.0003398030478579,167.0,132.0,0.6549019607843137
877,1.0,1.0,1010.0,0.9785266119859237,1.0003172275628895,167.0,133.0,0.6549019607843137
878,1.0,1.0,1012.0,0.9795944020891796,1.000295486887297,168.0,134.0,0.6588235294117647
879,1.0,1.0,1014.0,0.980608493250565,1.0002745238087765,166.0,135.0,0.6509803921568628
880,1.0,1.0,1016.0,0.9815715541310307,1.0002542831613317,160.0,136.0,0.6274509803921569
881,1.0,1.0,1018.0,0.982486119101315,1.000234711680101,157.0,137.0,0.615686274509804
882,1.0,1.0,1020.0,0.9833545949113396,1.0002157578611863,154.0,138.0,0.6039215686274509
883,1.0,1.0,1022.0,0.9841792670237623,1.0001973718261166,153.0,139.0,0.6
884,1.0,1.0,1023.0,0.984942796398145,1.0009609012004992,151.0,139.0,0.592156862745098
885,1.0,1.0,1025.0,0.9856872375843206,1.0009044371465572,150.0,140.0,0.5882352941176471
886,1.0,1.0,1027.0,0.9863940136062445,1.0008503531903692,148.0,141.0,0.5803921568627451
887,1.0,1.0,1029.0,0.9870649844008164,1.0007985070057348,146.0,142.0,0.5725490196078431
888,1.0,1.0,1031.0,0.9877019156806535,1.0007487621553262,146.0,143.0,0.5725490196078431
889,1.0,1.0,1033.0,0.9883064835807029,1.000700987731642,145.0,144.0,0.5686274509803921
890,1.0,1.0,1035.0,0.9888802790691226,1.0006550580125146,143.0,145.0,0.5607843137254902
891,1.0,1.0,1037.0,0.9894248121340399,1.0006108521302624,142.0,146.0,0.5568627450980392
892,1.0,1.0,1039.0,0.9899415157572047,1.000568253753616,141.0,147.0,0.5529411764705883
893,1.0,1.0,1041.0,0.9904317496849939,1.0005271507815847,141.0,148.0,0.5529411764705883
894,1.0,1.0,1042.0,0.990884508325868,1.0009799094224587,140.0,148.0,0.5490196078431373
895,1.0,1.0,1044.0,0.9913262216526764,1.0009168526944376,139.0,149.0,0.5450980392156862
896,1.0,1.0,1046.0,0.9917451092469918,1.0008562087366648,138.0,150.0,0.5411764705882353
897,1.0,1.0,1048.0,0.9921422734445886,1.000797817959778,137.0,151.0,0.5372549019607843
898,1.0,1.0,1050.0,0.9925187594144081,1.0007415267038382,137.0,152.0,0.5372549019607843
899,1.0,1.0,1052.0,0.9928755579090025,1.000687186833961,136.0,153.0,0.5333333333333333
900,1.0,1.0,1054.0,0.9932136078717784,1.000634655350489,135.0,154.0,0.5294117647058824
901,1.0,1.0,1055.0,0.9935247604526385,1.0009458079313491,135.0,154.0,0.5294117647058824
902,1.0,1.0,1057.0,0.9938283870928608,1.000878382197636,133.0,155.0,0.5215686274509804
903,1.0,1.0,1059.0,0.9941157726464855,1.0008132679960218,132.0,156.0,0.5176470588235295
904,1.0,1.0,1061.0,0.9943876733912851,1.0007502939733446,132.0,157.0,0.5176470588235295
905,1.0,1.0,1062.0,0.9946370555099546,1.0009996760920141,132.0,157.0,0.5176470588235295
906,1.0,1.0,1064.0,0.9948804818226828,1.0009249713756394,131.0,158.0,0.5137254901960784
907,1.0,1.0,1066.0,0.9951104357191549,1.0008527007944636,131.0,159.0,0.5137254901960784
908,1.0,1.0,1068.0,0.9953275223412037,1.000782674162747,130.0,160.0,0.5098039215686274
909,1.0,1.0,1069.0,0.9955256688742462,1.0009808206957895,129.0,160.0,0.5058823529411764
910,1.0,1.0,1071.0,0.9957190346360814,1.0009014288665474,129.0,161.0,0.5058823529411764
911,1.0,1.0,1073.0,0.9959011346995903,1.000824409218533,129.0,162.0,0.5058823529411764
912,1.0,1.0,1074.0,0.9960664519795782,1.000989726498521,129.0,162.0,0.5058823529411764
913,1.0,1.0,1076.0,0.9962277297078159,1.0009048405008116,129.0,163.0,0.5058823529411764
914,1.0,1.0,1078.0,0.996379080408969,1.000822335662315,129.0,164.0,0.5058823529411764
915,1.0,1.0,1079.0,0.9965154907173169,1.0009587459706628,130.0,164.0,0.5098039215686274
916,1.0,1.0,1081.0,0.9966484277454886,1.000869520236167,130.0,165.0,0.5098039215686274
917,1.0,1.0,1082.0,0.9967674037724872,1.0009884962631657,130.0,165.0,0.5098039215686274
918,1.0,1.0,1084.0,0.9968832846243476,1.0008933224904923,130.0,166.0,0.5098039215686274
919,1.0,1.0,1085.0,0.9969860795731625,1.0009961174393072,131.0,166.0,0.5137254901960784
920,1.0,1.0,1087.0,0.9970860842266205,1.0008956201994579,131.0,167.0,0.5137254901960784
921,1.0,1.0,1088.0,0.9971737808612207,1.000983316834058,131.0,167.0,0.5137254901960784
922,1.0,1.0,1090.0,0.9972589240975126,1.000877983271708,132.0,168.0,0.5176470588235295
923,1.0,1.0,1091.0,0.997332446147685,1.0009515053218805,132.0,168.0,0.5176470588235295
924,1.0,1.0,1093.0,0.9974035881387529,1.0008416943542386,133.0,169.0,0.5215686274509804
925,1.0,1.0,1094.0,0.9974637100299705,1.0009018162454562,133.0,169.0,0.5215686274509804
926,1.0,1.0,1095.0,0.9975173778653228,1.0009554840808086,133.0,169.0,0.5215686274509804
927,1.0,1.0,1097.0,0.9975689203130125,1.000835121217724,134.0,170.0,0.5254901960784314
928,1.0,1.0,1098.0,0.9976100871173741,1.0008762880220856,134.0,170.0,0.5254901960784314
929,1.0,1.0,1099.0,0.9976451740491608,1.0009113749538723,135.0,170.0,0.5294117647058824
930,1.0,1.0,1100.0,0.9976700860053458,1.0009362869100573,135.0,170.0,0.5294117647058824
931,1.0,1.0,1101.0,0.9976930540459708,1.0009592549506823,136.0,170.0,0.5333333333333333
932,1.0,1.0,1102.0,0.9977101605480432,1.0009763614527547,136.0,170.0,0.5333333333333333
933,1.0,1.0,1103.0,0.997721450528674,1.0009876514333855,137.0,170.0,0.5372549019607843
934,1.0,1.0,1104.0,0.9977269536983382,1.0009931546030497,137.0,170.0,0.5372549019607843
935,1.0,1.0,1105.0,0.9977266845390615,1.000992885443773,138.0,170.0,0.5411764705882353
936,1.0,1.0,1106.0,0.99772064234253,1.0009868432472415,138.0,170.0,0.5411764705882353
937,1.0,1.0,1107.0,0.9977088112082264,1.000975012112938,139.0,170.0,0.5450980392156862
938,1.0,1.0,1108.0,0.9976911600015868,1.0009573609062983,139.0,170.0,0.5450980392156862
939,1.0,1.0,1109.0,0.9976676422720674,1.000933843176779,140.0,170.0,0.5490196078431373
940,1.0,1.0,1110.0,0.9976381961309062,1.0009043970356177,141.0,170.0,0.5529411764705883
941,1.0,1.0,1111.0,0.9976027440882582,1.0008689449929697,141.0,170.0,0.5529411764705883
942,1.0,1.0,1111.0,0.9975570054122169,1.0009951116277027,142.0,169.0,0.5568627450980392
943,1.0,1.0,1112.0,0.9975092456315313,1.000947351847017,142.0,169.0,0.5568627450980392
944,1.0,1.0,1113.0,0.9974551516255107,1.0008932578409964,143.0,169.0,0.5607843137254902
945,1.0,1.0,1114.0,0.9973945810415077,1.0008326872569935,144.0,169.0,0.5647058823529412
946,1.0,1.0,1114.0,0.9973229666547669,1.0009420258289625,144.0,168.0,0.5647058823529412
947,1.0,1.0,1115.0,0.9972489472628876,1.0008680064370832,145.0,168.0,0.5686274509803921
948,1.0,1.0,1115.0,0.9971632804300607,1.0009728164028981,146.0,167.0,0.5725490196078431
949,1.0,1.0,1116.0,0.9970750325662121,1.0008845685390495,147.0,167.0,0.5764705882352941
950,1.0,1.0,1116.0,0.9969744476001889,1.0009844854663337,147.0,166.0,0.5764705882352941
951,1.0,1.0,1117.0,0.9968710417283535,1.0008810795944982,148.0,166.0,0.5803921568627451
952,1.0,1.0,1117.0,0.9967545177353252,1.0009756102260037,149.0,165.0,0.5843137254901961
953,1.0,1.0,1118.0,0.9966348646565345,1.000855957147213,150.0,165.0,0.5882352941176471
954,1.0,1.0,1118.0,0.9965012148842316,1.0009444701375774,150.0,164.0,0.5882352941176471
955,1.0,1.0,1119.0,0.9963640542637707,1.0008073095171166,151.0,164.0,0.592156862745098
956,1.0,1.0,1119.0,0.9962119137080172,1.000889024501013,152.0,163.0,0.596078431372549
957,1.0,1.0,1119.0,0.996049804504127,1.0009730790230698,153.0,162.0,0.6
958,1.0,1.0,1120.0,0.9958836119393406,1.0008068864582833,153.0,162.0,0.6
959,1.0,1.0,1120.0,0.9957005904785061,1.0008829847089722,154.0,161.0,0.6039215686274509
960,1.0,1.0,1120.0,0.9955062547820889,1.000961406603632,155.0,160.0,0.6078431372549019
961,1.0,1.0,1121.0,0.9953070872247478,1.0007622390462911,156.0,160.0,0.611764705882353
962,1.0,1.0,1121.0,0.9950889258017785,1.0008311908770873,157.0,159.0,0.615686274509804
963,1.0,1.0,1121.0,0.99485784049934,1.0009023300522966,158.0,158.0,0.6196078431372549
964,1.0,1.0,1121.0,0.9946132231982155,1.000975843780275,158.0,157.0,0.6196078431372549
965,1.0,1.0,1122.0,0.9943625873745399,1.0007252079565994,159.0,157.0,0.6235294117647059
966,1.0,1.0,1122.0,0.9940893669089006,1.0007868622584368,160.0,156.0,0.6274509803921569
967,1.0,1.0,1122.0,0.9938005921456532,1.0008505872504283,161.0,155.0,0.6313725490196078
968,1.0,1.0,1122.0,0.9934955031512103,1.000916550629921,162.0,154.0,0.6352941176470588
969,1.0,1.0,1122.0,0.9931732970597967,1.0009849259847552,163.0,153.0,0.6392156862745098
970,1.0,1.0,1123.0,0.992843140869524,1.0006547697944825,164.0,153.0,0.6431372549019608
971,1.0,1.0,1123.0,0.9924846366759998,1.0007074039654298,164.0,152.0,0.6431372549019608
972,1.0,1.0,1123.0,0.9921063552105706,1.0007618997257601,165.0,151.0,0.6470588235294118
973,1.0,1.0,1123.0,0.9917073009956954,1.0008184004853684,166.0,150.0,0.6509803921568628
974,1.0,1.0,1123.0,0.9912864238887036,1.0008770549304649,167.0,149.0,0.6549019607843137
975,1.0,1.0,1123.0,0.9908426163182611,1.0009380174148519,168.0,148.0,0.6588235294117647
976,1.0,1.0,1124.0,0.9903876531916274,1.0004830542882182,169.0,148.0,0.6627450980392157
977,1.0,1.0,1124.0,0.9898950987346751,1.0005218367310864,170.0,147.0,0.6666666666666666
978,1.0,1.0,1124.0,0.9893759524322878,1.0005619924285103,171.0,146.0,0.6705882352941176
979,1.0,1.0,1124.0,0.9888288481099855,1.0006036270533776,172.0,145.0,0.6745098039215687
980,1.0,1.0,1124.0,0.9882523460195516,1.0006468501704906,173.0,144.0,0.6784313725490196
981,1.0,1.0,1124.0,0.9876449290502218,1.0006917755248945,174.0,143.0,0.6823529411764706
982,1.0,1.0,1124.0,0.9870049987362873,1.0007385213412059,174.0,142.0,0.6823529411764706
983,1.0,1.0,1124.0,0.9863308710506062,1.000787210634731,175.0,141.0,0.6862745098039216
984,1.0,1.0,1124.0,0.9856207719729531,1.0008379715351896,176.0,140.0,0.6901960784313725
985,1.0,1.0,1124.0,0.9848728328215445,1.0008909376238988,177.0,139.0,0.6941176470588235
986,1.0,1.0,1124.0,0.9840850853354557,1.0009462482853024,178.0,138.0,0.6980392156862745
987,1.0,1.0,1125.0,0.9832770733705634,1.00013823632041,179.0,138.0,0.7019607843137254
988,1.0,1.0,1125.0,0.9824045176722167,1.0001531102510026,180.0,137.0,0.7058823529411765
989,1.0,1.0,1125.0,0.9814856580730074,1.0001683871033085,179.0,136.0,0.7019607843137254
990,1.0,1.0,1125.0,0.9805180765213586,1.00018410707957,178.0,135.0,0.6980392156862745
991,1.0,1.0,1125.0,0.9794992267500293,1.0002003115481468,177.0,134.0,0.6941176470588235
992,1.0,1.0,1125.0,0.9784264275754104,1.0002170431523763,176.0,133.0,0.6901960784313725
993,1.0,1.0,1125.0,0.9772968558417796,1.0002343459227963,174.0,132.0,0.6823529411764706
994,1.0,1.0,1125.0,0.9761075389919429,1.000252265393013,172.0,131.0,0.6745098039215687
995,1.0,1.0,1125.0,0.9748553472447166,1.000270848719527,170.0,130.0,0.6666666666666666
996,0.0,1.0,1125.0,0.9735369853586606,1.0002901448058297,168.0,129.0,0.6588235294117647
997,1.0,1.0,1127.0,0.9748474458063769,1.0002629472811875,165.0,130.0,0.6470588235294118
998,1.0,1.0,1129.0,0.9760917153220048,1.000236441723075,161.0,131.0,0.6313725490196078
999,1.0,1.0,1131.0,0.9772730682990062,1.0002105583800227,157.0,132.0,0.615686274509804
1000,1.0,1.0,1133.0,0.9783946135610051,1.000185229137971,150.0,133.0,0.5882352941176471
1001,1.0,1.0,1135.0,0.9794593025429013,1.0001603873410188,140.0,134.0,0.5490196078431373
1002,1.0,1.0,1137.0,0.9804699370578052,1.0001359676160166,129.0,135.0,0.5058823529411764
1003,1.0,1.0,1139.0,0.9814291766702297,1.0001119057005308,130.0,136.0,0.5098039215686274
1004,1.0,1.0,1140.0,0.982316791089074,1.000999520119375,130.0,136.0,0.5098039215686274
1005,1.0,1.0,1142.0,0.9831818229643318,1.0009304155431178,131.0,137.0,0.5137254901960784
1006,1.0,1.0,1144.0,0.9840025964789694,1.0008637594288161,131.0,138.0,0.5137254901960784
1007,1.0,1.0,1146.0,0.9847812715632887,1.0007993763656429,132.0,139.0,0.5176470588235295
1008,1.0,1.0,1148.0,0.9855198973622481,1.0007370969244846,132.0,140.0,0.5176470588235295
1009,1.0,1.0,1150.0,0.9862204176279502,1.000676757212075,133.0,141.0,0.5215686274509804
1010,1.0,1.0,1152.0,0.9868846758347787,1.0006181984396971,133.0,142.0,0.5215686274509804
1011,1.0,1.0,1154.0,0.9875144200306459,1.0005612665053185,134.0,143.0,0.5254901960784314
1012,1.0,1.0,1156.0,0.9881113074371202,1.0005058115880592,134.0,144.0,0.5254901960784314
1013,1.0,1.0,1158.0,0.9886769088105342,1.0004516877539262,135.0,145.0,0.5294117647058824
1014,1.0,1.0,1159.0,0.9891983714986365,1.0009731504420285,135.0,145.0,0.5294117647058824
1015,1.0,1.0,1161.0,0.9897065047190178,1.0008925447152401,136.0,146.0,0.5333333333333333
1016,1.0,1.0,1163.0,0.9901875497939227,1.0008142877903339,136.0,147.0,0.5333333333333333
1017,1.0,1.0,1165.0,0.9906427726314431,1.0007381737280339,137.0,148.0,0.5372549019607843
1018,1.0,1.0,1167.0,0.9910733711864148,1.000664002228176,137.0,149.0,0.5372549019607843
1019,1.0,1.0,1169.0,0.9914804786129296,1.0005915781026027,138.0,150.0,0.5411764705882353
1020,1.0,1.0,1170.0,0.991854069394378,1.000965168884051,138.0,150.0,0.5411764705882353
1021,1.0,1.0,1172.0,0.9922068075611772,1.0008623520763666,139.0,151.0,0.5450980392156862
1022,1.0,1.0,1174.0,0.9925495793361668,1.0007723466255969,139.0,152.0,0.5450980392156862
1023,1.0,1.0,1176.0,0.9928727447409884,1.000684373665947,139.0,153.0,0.5450980392156862
1024,1.0,1.0,1177.0,0.9931676400474838,1.0009792689724424,140.0,153.0,0.5490196078431373
1025,1.0,1.0,1179.0,0.9934545703682455,1.000875617846956,140.0,154.0,0.5490196078431373
1026,1.0,1.0,1181.0,0.9937152374189241,1.000765232523699,141.0,155.0,0.5529411764705883
1027,1.0,1.0,1183.0,0.9939679521532045,1.0006654475027408,141.0,156.0,0.5529411764705883
1028,1.0,1.0,1184.0,0.9941966358714875,1.0008941312210238,142.0,156.0,0.5568627450980392
1029,1.0,1.0,1186.0,0.9944186341114052,1.0007812546934647,142.0,157.0,0.5568627450980392
1030,1.0,1.0,1187.0,0.9946181952007722,1.0009808157828317,143.0,157.0,0.5607843137254902
1031,1.0,1.0,1189.0,0.9948117508518053,1.0008562404047618,143.0,158.0,0.5607843137254902
1032,1.0,1.0,1191.0,0.9949916532156062,1.000733918290915,144.0,159.0,0.5647058823529412
1033,1.0,1.0,1192.0,0.9951513819350617,1.0008936470103704,144.0,159.0,0.5647058823529412
1034,1.0,1.0,1194.0,0.9953057130115952,1.0007608648331385,145.0,160.0,0.5686274509803921
1035,1.0,1.0,1195.0,0.99544104660615,1.0008961984276932,145.0,160.0,0.5686274509803921
1036,1.0,1.0,1197.0,0.995571376739318,1.000753770969784,146.0,161.0,0.5725490196078431
1037,1.0,1.0,1198.0,0.9956837407103384,1.0008661349408046,146.0,161.0,0.5725490196078431
1038,1.0,1.0,1199.0,0.9957850783090392,1.0009674725395052,147.0,161.0,0.5764705882352941
1039,1.0,1.0,1201.0,0.9958819681037205,1.0008052426226632,147.0,162.0,0.5764705882352941
1040,1.0,1.0,1202.0,0.9959620246764704,1.0008852991954131,148.0,162.0,0.5803921568627451
1041,1.0,1.0,1203.0,0.9960317705928896,1.0009550451118323,148.0,162.0,0.5803921568627451
1042,1.0,1.0,1205.0,0.9960973856907513,1.000774496483747,148.0,163.0,0.5803921568627451
1043,1.0,1.0,1206.0,0.9961470342698635,1.0008241450628592,149.0,163.0,0.5843137254901961
1044,1.0,1.0,1207.0,0.9961868432802694,1.0008639540732651,149.0,163.0,0.5843137254901961
1045,1.0,1.0,1208.0,0.9962169174825231,1.0008940282755188,150.0,163.0,0.5882352941176471
1046,1.0,1.0,1209.0,0.9962373360192622,1.000914446812258,150.0,163.0,0.5882352941176471
1047,1.0,1.0,1210.0,0.9962481526234779,1.0009252634164736,151.0,163.0,0.592156862745098
1048,1.0,1.0,1211.0,0.9962493957599183,1.000926506552914,151.0,163.0,0.592156862745098
1049,1.0,1.0,1212.0,0.996241068699995,1.0009181794929907,152.0,163.0,0.596078431372549
1050,1.0,1.0,1213.0,0.9962231495303925,1.000900260323388,152.0,163.0,0.596078431372549
1051,1.0,1.0,1214.0,0.996195591095401,1.0008727018883967,153.0,163.0,0.6
1052,1.0,1.0,1215.0,0.9961523245769351,1.0008294353699307,153.0,163.0,0.6
1053,1.0,1.0,1216.0,0.996104928892718,1.0007820396857137,154.0,163.0,0.6039215686274509
1054,1.0,1.0,1216.0,0.9960415865402825,1.0009648610592252,154.0,162.0,0.6039215686274509
1055,1.0,1.0,1217.0,0.9959741392007302,1.000897413719673,154.0,162.0,0.6039215686274509
1056,1.0,1.0,1218.0,0.9958964130851741,1.0008196876041169,155.0,162.0,0.6078431372549019
1057,1.0,1.0,1218.0,0.9958018917607956,1.0009842859912617,155.0,161.0,0.6078431372549019
1058,1.0,1.0,1219.0,0.9957029668783234,1.0008853611087896,156.0,161.0,0.611764705882353
1059,1.0,1.0,1220.0,0.9955930662187105,1.0007754604491765,156.0,161.0,0.611764705882353
1060,1.0,1.0,1220.0,0.9954652564745272,1.0009204082960705,157.0,160.0,0.615686274509804
1061,1.0,1.0,1221.0,0.9953325069791372,1.0007876588006805,157.0,160.0,0.615686274509804
1062,1.0,1.0,1221.0,0.9951808305122094,1.0009230955875181,157.0,159.0,0.615686274509804
1063,1.0,1.0,1222.0,0.9950238338986153,1.000766098973924,158.0,159.0,0.6196078431372549
1064,1.0,1.0,1222.0,0.9948467483266835,1.00089123787964,158.0,158.0,0.6196078431372549
1065,1.0,1.0,1223.0,0.9946638509117186,1.000708340464675,159.0,158.0,0.6235294117647059
1066,1.0,1.0,1223.0,0.994459549120851,1.0008221697029105,159.0,157.0,0.6235294117647059
1067,1.0,1.0,1223.0,0.9942406671960912,1.0009381625456275,160.0,156.0,0.6274509803921569
1068,1.0,1.0,1224.0,0.9940152156648732,1.0007127110144094,160.0,156.0,0.6274509803921569
1069,1.0,1.0,1224.0,0.9937658574953196,1.0008158526000948,160.0,155.0,0.6274509803921569
1070,1.0,1.0,1224.0,0.9935000936875961,1.0009211411663066,161.0,154.0,0.6313725490196078
1071,1.0,1.0,1225.0,0.9932267390266949,1.0006477865054055,161.0,154.0,0.6313725490196078
1072,1.0,1.0,1225.0,0.9929265215395491,1.0007381504645076,162.0,153.0,0.6352941176470588
1073,1.0,1.0,1225.0,0.992607689635402,1.000830456924832,162.0,152.0,0.6352941176470588
1074,1.0,1.0,1225.0,0.992269404282927,1.0009249487981164,162.0,151.0,0.6352941176470588
1075,1.0,1.0,1226.0,0.9919218721094549,1.0005774166246444,163.0,151.0,0.6392156862745098
1076,1.0,1.0,1226.0,0.9915425396953463,1.0006536391850194,163.0,150.0,0.6392156862745098
1077,1.0,1.0,1226.0,0.991140950806752,1.0007315818485132,164.0,149.0,0.6431372549019608
1078,1.0,1.0,1226.0,0.990716048630807,1.0008114497273977,164.0,148.0,0.6431372549019608
1079,1.0,1.0,1226.0,0.9902667150038904,1.0008934530003017,164.0,147.0,0.6431372549019608
1080,1.0,1.0,1226.0,0.9897917674690893,1.0009778074653117,165.0,146.0,0.6470588235294118
1081,1.0,1.0,1227.0,0.9893042972413882,1.0004903372376106,165.0,146.0,0.6470588235294118
1082,1.0,1.0,1227.0,0.988775056404408,1.0005498353478,165.0,145.0,0.6470588235294118
1083,1.0,1.0,1227.0,0.9882162762421762,1.0006107803931152,166.0,144.0,0.6509803921568628
1084,1.0,1.0,1227.0,0.9876264862805817,1.0006733327552544,166.0,143.0,0.6509803921568628
1085,1.0,1.0,1227.0,0.9870041344407781,1.0007376570456965,166.0,142.0,0.6509803921568628
1086,1.0,1.0,1227.0,0.986347582954766,1.0008039225388907,167.0,141.0,0.6549019607843137
1087,1.0,1.0,1227.0,0.9856551040554771,1.0008723036177136,167.0,140.0,0.6549019607843137
1088,1.0,1.0,1227.0,0.9849248754300184,1.0009429802323726,167.0,139.0,0.6549019607843137
1089,1.0,1.0,1228.0,0.9841755114559103,1.0001936162582645,168.0,139.0,0.6588235294117647
1090,1.0,1.0,1228.0,0.9833649948606886,1.0002261578105354,168.0,138.0,0.6588235294117647
1091,1.0,1.0,1228.0,0.982510701936153,1.000259294514939,168.0,137.0,0.6588235294117647
1092,1.0,1.0,1228.0,0.9816103845430283,1.0002931135733293,169.0,136.0,0.6627450980392157
1093,1.0,1.0,1228.0,0.9806616734250169,1.0003277039832283,169.0,135.0,0.6627450980392157
1094,1.0,1.0,1228.0,0.9796620719739133,1.0003631567720308,169.0,134.0,0.6627450980392157
1095,1.0,1.0,1228.0,0.9786089496595831,1.000399565236549,169.0,133.0,0.6627450980392157
1096,1.0,1.0,1228.0,0.9774995351075152,1.0004370251885317,170.0,132.0,0.6666666666666666
1097,1.0,1.0,1228.0,0.9763309088057301,1.0004756352068003,170.0,131.0,0.6666666666666666
1098,1.0,1.0,1228.0,0.9750999954218549,1.0005154968966654,170.0,130.0,0.6666666666666666
1099,1.0,1.0,1228.0,0.9738035557101422,1.0005567151573114,170.0,129.0,0.6666666666666666
1100,0.0,1.0,1228.0,0.9724381779871407,1.000599398457845,170.0,128.0,0.6666666666666666
1101,1.0,1.0,1230.0,0.973702251152124,1.000455410599293,170.0,129.0,0.6666666666666666
1102,1.0,1.0,1232.0,0.9748971197148761,1.0003126211896867,170.0,130.0,0.6666666666666666
1103,1.0,1.0,1234.0,0.9760259280663517,1.0001706544674218,170.0,131.0,0.6666666666666666
1104,1.0,1.0,1236.0,0.9770916467548441,1.0000291368358607,170.0,132.0,0.6666666666666666
1105,1.0,1.0,1238.0,0.9780970803032174,0.9998876958801831,170.0,133.0,0.6666666666666666
1106,1.0,1.0,1239.0,0.9790183347369256,1.0008089503138913,170.0,133.0,0.6666666666666666
1107,1.0,1.0,1241.0,0.9799123109486838,1.0006133957468013,170.0,134.0,0.6666666666666666
1108,1.0,1.0,1243.0,0.9807534248208333,1.0004194553790449,170.0,135.0,0.6666666666666666
1109,1.0,1.0,1245.0,0.9815438898109323,1.0002266188412334,170.0,136.0,0.6666666666666666
1110,1.0,1.0,1246.0,0.9822630314841374,1.0009457605144385,170.0,136.0,0.6666666666666666
1111,1.0,1.0,1248.0,0.9829594491411113,1.0007080417198972,169.0,137.0,0.6627450980392157
1112,1.0,1.0,1250.0,0.9836110232431936,1.0004721861930403,169.0,138.0,0.6627450980392157
1113,1.0,1.0,1252.0,0.9842194684590737,1.000237573261428,169.0,139.0,0.6627450980392157
1114,1.0,1.0,1253.0,0.9847668767301645,1.0007849815325187,168.0,139.0,0.6588235294117647
1115,1.0,1.0,1255.0,0.9852947338665534,1.00051193342879,167.0,140.0,0.6549019607843137
1116,1.0,1.0,1256.0,0.9857653591654727,1.0009825587277092,166.0,140.0,0.6509803921568628
1117,1.0,1.0,1258.0,0.9862180341134563,1.0006743736975812,165.0,141.0,0.6470588235294118
1118,1.0,1.0,1260.0,0.9866344407301597,1.0003679633350782,164.0,142.0,0.6431372549019608
1119,1.0,1.0,1261.0,0.9869989480962191,1.0007324707011376,162.0,142.0,0.6352941176470588
1120,1.0,1.0,1263.0,0.9873468492480577,1.0003936957227304,160.0,143.0,0.6274509803921569
1121,1.0,1.0,1264.0,0.9876455622448224,1.000692408719495,157.0,143.0,0.615686274509804
1122,1.0,1.0,1265.0,0.9879125998995966,1.0009594463742693,153.0,143.0,0.6
1123,1.0,1.0,1267.0,0.9881645553329875,1.0005590594839264,148.0,144.0,0.5803921568627451
1124,1.0,1.0,1268.0,0.9883702689889199,1.0007647731398588,138.0,144.0,0.5411764705882353
1125,1.0,1.0,1269.0,0.9885461726090568,1.0009406767599958,129.0,144.0,0.5058823529411764
1126,1.0,1.0,1271.0,0.9887078249681018,1.0004826039114938,130.0,145.0,0.5098039215686274
1127,1.0,1.0,1272.0,0.988825420000145,1.000600198943537,130.0,145.0,0.5098039215686274
1128,1.0,1.0,1273.0,0.9889143630362367,1.0006891419796287,131.0,145.0,0.5137254901960784
1129,1.0,1.0,1274.0,0.9889748881369983,1.0007496670803904,131.0,145.0,0.5137254901960784
1130,1.0,1.0,1275.0,0.9890071545790109,1.0007819335224029,132.0,145.0,0.5176470588235295
1131,1.0,1.0,1276.0,0.9890112472739641,1.000786026217356,132.0,145.0,0.5176470588235295
1132,1.0,1.0,1277.0,0.9889871769921076,1.0007619559354997,133.0,145.0,0.5215686274509804
1133,1.0,1.0,1278.0,0.9889348803905944,1.0007096593339864,133.0,145.0,0.5215686274509804
1134,1.0,1.0,1279.0,0.988854219846789,1.000628998790181,134.0,145.0,0.5254901960784314
1135,1.0,1.0,1280.0,0.9887449830961024,1.0005197620394943,134.0,145.0,0.5254901960784314
1136,1.0,1.0,1280.0,0.988591786802961,1.0009862909539,135.0,144.0,0.5294117647058824
1137,1.0,1.0,1281.0,0.9884244592860805,1.0008189634370195,135.0,144.0,0.5294117647058824
1138,1.0,1.0,1282.0,0.9882274643394493,1.0006219684903883,136.0,144.0,0.5333333333333333
1139,1.0,1.0,1283.0,0.9880002835553137,1.0003947877062527,136.0,144.0,0.5333333333333333
1140,1.0,1.0,1283.0,0.9877264286995677,1.0007732751742404,136.0,143.0,0.5333333333333333
1141,1.0,1.0,1284.0,0.9874370016982279,1.0004838481729006,137.0,143.0,0.5372549019607843
1142,1.0,1.0,1284.0,0.9870986237851043,1.0008321463900227,137.0,142.0,0.5372549019607843
1143,1.0,1.0,1285.0,0.9867439019622042,1.0004774245671226,138.0,142.0,0.5411764705882353
1144,1.0,1.0,1285.0,0.986337568944534,1.0007939085286588,138.0,141.0,0.5411764705882353
1145,1.0,1.0,1286.0,0.9859138159296259,1.0003701555137507,139.0,141.0,0.5450980392156862
1146,1.0,1.0,1286.0,0.9854353869290069,1.0006525864912434,139.0,140.0,0.5450980392156862
1147,1.0,1.0,1286.0,0.9849186299992536,1.0009367348016078,140.0,139.0,0.5490196078431373
1148,1.0,1.0,1287.0,0.9843827212855067,1.000400826087861,140.0,139.0,0.5490196078431373
1149,1.0,1.0,1287.0,0.9837862052396716,1.0006473681895183,141.0,138.0,0.5529411764705883
1150,1.0,1.0,1287.0,0.9831470213128883,1.0008956138916743,141.0,137.0,0.5529411764705883
1151,1.0,1.0,1288.0,0.9824862420480618,1.0002348346268477,142.0,137.0,0.5568627450980392
1152,1.0,1.0,1288.0,0.9817577570709428,1.000440486101244,142.0,136.0,0.5568627450980392
1153,1.0,1.0,1288.0,0.980981266191379,1.0006472967495905,143.0,135.0,0.5607843137254902
1154,1.0,1.0,1288.0,0.9801547260123188,1.0008558108104362,143.0,134.0,0.5607843137254902
1155,1.0,1.0,1289.0,0.9793025012803331,1.0000035860784506,144.0,134.0,0.5647058823529412
1156,1.0,1.0,1289.0,0.9783705965867637,1.0001612121637296,144.0,133.0,0.5647058823529412
1157,1.0,1.0,1289.0,0.9773817724105278,1.0003192624915445,145.0,132.0,0.5686274509803921
1158,1.0,1.0,1289.0,0.9763334265827407,1.0004781529838107,145.0,131.0,0.5686274509803921
1159,1.0,1.0,1289.0,0.9752228002985923,1.0006383017734028,145.0,130.0,0.5686274509803921
1160,1.0,1.0,1289.0,0.9740469708573349,1.000800130304504,146.0,129.0,0.5725490196078431
1161,1.0,1.0,1289.0,0.9728028439709655,1.0009640644416697,146.0,128.0,0.5725490196078431
1162,1.0,1.0,1290.0,0.97152324975017,0.9996844702208743,147.0,128.0,0.5764705882352941
1163,1.0,1.0,1290.0,0.9701344177905595,0.9997778077597219,147.0,127.0,0.5764705882352941
1164,1.0,1.0,1290.0,0.968666992193556,0.999870560582148,148.0,126.0,0.5803921568627451
1165,1.0,1.0,1290.0,0.9671171113128512,0.999962972774527,148.0,125.0,0.5803921568627451
1166,1.0,1.0,1290.0,0.9654806965145486,1.000055287526839,149.0,124.0,0.5843137254901961
1167,1.0,1.0,1290.0,0.963753441443916,1.0001477477726426,149.0,123.0,0.5843137254901961
1168,1.0,1.0,1290.0,0.9619308006928724,1.000240596828374,150.0,122.0,0.5882352941176471
1169,1.0,1.0,1290.0,0.9600079778383892,1.0003340790336541,150.0,121.0,0.5882352941176471
1170,1.0,0.0,1350.0,0.958966279123381,0.9609218742560055,150.0,180.0,0.5882352941176471
1171,1.0,0.0,1337.0,0.9568320119998555,0.9608420498660001,151.0,166.0,0.592156862745098
1172,0.0,0.0,1329.0,0.9545771395774313,0.9609397601594908,151.0,157.0,0.592156862745098
1173,1.0,0.0,1331.0,0.9548997759670871,0.9609442655200436,152.0,158.0,0.596078431372549
1174,1.0,0.0,1333.0,0.9551037275566563,0.960845992631965,152.0,159.0,0.596078431372549
1175,1.0,0.0,1334.0,0.9551825372764616,0.9609248023517704,153.0,159.0,0.6
1176,1.0,0.0,1335.0,0.9551437743988043,0.960886039474113,153.0,159.0,0.6
1177,1.0,0.0,1336.0,0.9549873369161115,0.9607296019914202,153.0,159.0,0.6
1178,1.0,0.0,1336.0,0.9547054512724956,0.9607499408254522,154.0,158.0,0.6039215686274509
1179,1.0,0.0,1335.0,0.9542962122421434,0.9609937075916798,154.0,156.0,0.6039215686274509
1180,1.0,0.0,1335.0,0.9537744494316933,0.9608244445364683,155.0,155.0,0.6078431372549019
1181,0.0,0.0,1334.0,0.9531215262721031,0.9609331551970616,155.0,153.0,0.6078431372549019
1182,1.0,0.0,1341.0,0.9550462786004278,0.9607885436757365,156.0,159.0,0.611764705882353
1183,1.0,0.0,1349.0,0.9568448874530455,0.9608549253191901,156.0,166.0,0.611764705882353
1184,1.0,0.0,1360.0,0.9585271875356672,0.9609281453338727,156.0,176.0,0.611764705882353
1185,1.0,1.0,1306.0,0.959137489409985,0.99946359060525,157.0,121.0,0.615686274509804
1186,1.0,1.0,1307.0,0.9605666609637536,1.0008927621590187,157.0,121.0,0.615686274509804
1187,1.0,1.0,1309.0,0.9619437607024277,1.0002535568379294,157.0,122.0,0.615686274509804
1188,1.0,1.0,1311.0,0.9632207124429502,0.9996150187716768,158.0,123.0,0.6196078431372549
1189,1.0,1.0,1312.0,0.9643565501859046,1.0007508565146312,158.0,123.0,0.6196078431372549
1190,1.0,1.0,1314.0,0.9654452487438048,1.000019839756095,159.0,124.0,0.6235294117647059
1191,1.0,1.0,1315.0,0.9664009036669705,1.0009754946792608,159.0,124.0,0.6235294117647059
1192,1.0,1.0,1317.0,0.9673124663143094,1.0001583277759853,159.0,125.0,0.6235294117647059
1193,1.0,1.0,1318.0,0.9680980045613026,1.0009438660229784,160.0,125.0,0.6274509803921569
1194,1.0,1.0,1320.0,0.9688417002675171,1.0000452686561092,160.0,126.0,0.6274509803921569
1195,1.0,1.0,1321.0,0.9694653961020057,1.0006689644905977,160.0,126.0,0.6274509803921569
1196,1.0,1.0,1323.0,0.970048742290567,0.9996921322597294,161.0,127.0,0.6313725490196078
1197,1.0,1.0,1324.0,0.9705171652510844,1.0001605552202468,161.0,127.0,0.6313725490196078
1198,1.0,1.0,1325.0,0.9709099020216738,1.0005532919908362,161.0,127.0,0.6313725490196078
1199,1.0,1.0,1326.0,0.971227986120152,1.0008713760893144,161.0,127.0,0.6313725490196078
1200,1.0,1.0,1328.0,0.971508358738745,0.9996695792094492,162.0,128.0,0.6352941176470588
1201,1.0,1.0,1329.0,0.9716794544316507,0.999840674902355,162.0,128.0,0.6352941176470588
1202,1.0,1.0,1330.0,0.9717778275795013,0.9999390480502055,162.0,128.0,0.6352941176470588
1203,1.0,1.0,1331.0,0.9718037370590016,0.9999649575297058,162.0,128.0,0.6352941176470588
1204,1.0,1.0,1332.0,0.9717572510529922,0.9999184715236964,163.0,128.0,0.6392156862745098
1205,1.0,1.0,1333.0,0.9716382472298783,0.9997994677005826,163.0,128.0,0.6392156862745098
1206,1.0,1.0,1334.0,0.9714464124217048,0.9996076328924091,163.0,128.0,0.6392156862745098
1207,1.0,1.0,1334.0,0.9711451376712201,1.0007885276403825,163.0,127.0,0.6392156862745098
1208,1.0,1.0,1335.0,0.9708059334186163,1.0004493233877787,163.0,127.0,0.6392156862745098
1209,1.0,1.0,1336.0,0.9703918028923144,1.0000351928614768,163.0,127.0,0.6392156862745098
1210,1.0,1.0,1337.0,0.9699016562751401,0.9995450462443025,163.0,127.0,0.6392156862745098
1211,1.0,1.0,1337.0,0.9692961993614602,1.0004997677500522,163.0,126.0,0.6392156862745098
1212,1.0,1.0,1338.0,0.9686499475472728,0.9998535159358648,163.0,126.0,0.6392156862745098
1213,1.0,1.0,1338.0,0.9678831912489377,1.0007290527106134,163.0,125.0,0.6392156862745098
1214,1.0,1.0,1339.0,0.9670740271116336,0.9999198885733094,163.0,125.0,0.6392156862745098
1215,0.0,1.0,1339.0,0.9661382111023978,1.000712802114688,163.0,124.0,0.6392156862745098
1216,1.0,1.0,1341.0,0.967831300547278,1.0006771620089538,162.0,125.0,0.6352941176470588
1217,1.0,1.0,1343.0,0.969439735519914,1.000643303908506,162.0,126.0,0.6352941176470588
1218,1.0,1.0,1345.0,0.9709677487439183,1.0006111387130807,161.0,127.0,0.6313725490196078
1219,1.0,1.0,1347.0,0.9724193613067225,1.0005805817774267,161.0,128.0,0.6313725490196078
1220,1.0,1.0,1349.0,0.9737983932413863,1.0005515526885553,160.0,129.0,0.6274509803921569
1221,1.0,1.0,1351.0,0.975108473579317,1.0005239750541275,159.0,130.0,0.6235294117647059
1222,1.0,1.0,1353.0,0.9763530499003512,1.0004977763014213,158.0,131.0,0.6196078431372549
1223,1.0,1.0,1355.0,0.9775353974053336,1.0004728874863502,156.0,132.0,0.611764705882353
1224,1.0,1.0,1357.0,0.9786586275350669,1.0004492431120326,154.0,133.0,0.6039215686274509
1225,1.0,1.0,1359.0,0.9797256961583136,1.0004267809564311,151.0,134.0,0.592156862745098
1226,1.0,1.0,1361.0,0.980739411350398,1.0004054419086095,146.0,135.0,0.5725490196078431
1227,1.0,1.0,1363.0,0.981702440782878,1.0003851698131792,139.0,136.0,0.5450980392156862
1228,1.0,1.0,1365.0,0.9826173187437341,1.00036591132252,128.0,137.0,0.5019607843137255
1229,1.0,1.0,1367.0,0.9834864528065475,1.0003476157563942,129.0,138.0,0.5058823529411764
1230,1.0,1.0,1369.0,0.9843121301662201,1.0003302349685743,129.0,139.0,0.5058823529411764
1231,1.0,1.0,1371.0,0.9850965236579091,1.0003137232201458,130.0,140.0,0.5098039215686274
1232,1.0,1.0,1373.0,0.9858416974750137,1.0002980370591386,130.0,141.0,0.5098039215686274
1233,1.0,1.0,1374.0,0.9865320055210003,1.0009883451051251,131.0,141.0,0.5137254901960784
1234,1.0,1.0,1376.0,0.9872054052449504,1.0009389278498688,131.0,142.0,0.5137254901960784
1235,1.0,1.0,1378.0,0.9878451349827029,1.0008919814573756,132.0,143.0,0.5176470588235295
1236,1.0,1.0,1380.0,0.9884528782335678,1.0008473823845068,132.0,144.0,0.5176470588235295
1237,1.0,1.0,1382.0,0.9890302343218894,1.0008050132652815,133.0,145.0,0.5215686274509804
1238,1.0,1.0,1384.0,0.9895787226057949,1.0007647626020173,133.0,146.0,0.5215686274509804
1239,1.0,1.0,1386.0,0.9900997864755052,1.0007265244719166,133.0,147.0,0.5215686274509804
1240,1.0,1.0,1388.0,0.9905947971517299,1.0006901982483207,134.0,148.0,0.5254901960784314
1241,1.0,1.0,1390.0,0.9910650572941435,1.0006556883359048,134.0,149.0,0.5254901960784314
1242,1.0,1.0,1392.0,0.9915118044294362,1.0006229039191092,135.0,150.0,0.5294117647058824
1243,1.0,1.0,1394.0,0.9919362142079644,1.0005917587231539,135.0,151.0,0.5294117647058824
1244,1.0,1.0,1395.0,0.9923288614882209,1.0009844060034103,136.0,151.0,0.5333333333333333
1245,1.0,1.0,1397.0,0.9927124184138097,1.0009351857032398,136.0,152.0,0.5333333333333333
1246,1.0,1.0,1399.0,0.9930767974931194,1.000888426418078,136.0,153.0,0.5333333333333333
1247,1.0,1.0,1401.0,0.9934229576184634,1.000844005097174,137.0,154.0,0.5372549019607843
1248,1.0,1.0,1403.0,0.9937518097375402,1.0008018048423153,137.0,155.0,0.5372549019607843
1249,1.0,1.0,1405.0,0.9940642192506632,1.0007617146001995,138.0,156.0,0.5411764705882353
1250,1.0,1.0,1407.0,0.9943610082881301,1.0007236288701895,138.0,157.0,0.5411764705882353
1251,1.0,1.0,1408.0,0.9946352085281429,1.0009978291102024,139.0,157.0,0.5450980392156862
1252,1.0,1.0,1410.0,0.9949034481017358,1.0009479376546924,139.0,158.0,0.5450980392156862
1253,1.0,1.0,1412.0,0.9951582756966492,1.0009005407719578,139.0,159.0,0.5450980392156862
1254,1.0,1.0,1414.0,0.9954003619118168,1.0008555137333601,140.0,160.0,0.5490196078431373
1255,1.0,1.0,1416.0,0.995630343816226,1.000812738046692,140.0,161.0,0.5490196078431373
1256,1.0,1.0,1418.0,0.9958488266254146,1.0007721011443573,140.0,162.0,0.5490196078431373
1257,1.0,1.0,1419.0,0.9960503889982555,1.0009736635171982,141.0,162.0,0.5529411764705883
1258,1.0,1.0,1421.0,0.9962478695483427,1.0009249803413383,141.0,163.0,0.5529411764705883
1259,1.0,1.0,1423.0,0.9964354760709255,1.0008787313242713,142.0,164.0,0.5568627450980392
1260,1.0,1.0,1425.0,0.9966137022673793,1.0008347947580578,142.0,165.0,0.5568627450980392
1261,1.0,1.0,1426.0,0.9967778760798229,1.0009989685705014,142.0,165.0,0.5568627450980392
1262,1.0,1.0,1428.0,0.9969389822758319,1.0009490201419766,143.0,166.0,0.5607843137254902
1263,1.0,1.0,1430.0,0.9970920331620403,1.0009015691348777,143.0,167.0,0.5607843137254902
1264,1.0,1.0,1432.0,0.9972374315039383,1.0008564906781339,143.0,168.0,0.5607843137254902
1265,1.0,1.0,1433.0,0.9973711521002601,1.0009902112744555,143.0,168.0,0.5607843137254902
1266,1.0,1.0,1435.0,0.9975025944952471,1.000940700710733,144.0,169.0,0.5647058823529412
1267,1.0,1.0,1437.0,0.9976274647704848,1.0008936656751963,144.0,170.0,0.5647058823529412
1268,1.0,1.0,1439.0,0.9977460915319605,1.0008489823914364,144.0,171.0,0.5647058823529412
1269,1.0,1.0,1440.0,0.9978550077934183,1.0009578986528942,144.0,171.0,0.5647058823529412
1270,1.0,1.0,1442.0,0.9979622574037474,1.0009100037202496,145.0,172.0,0.5686274509803921
1271,1.0,1.0,1444.0,0.9980641445335601,1.0008645035342372,145.0,173.0,0.5686274509803921
1272,1.0,1.0,1445.0,0.9981575266132274,1.0009578856139045,145.0,173.0,0.5686274509803921
1273,1.0,1.0,1447.0,0.9982496502825662,1.0009099913332093,145.0,174.0,0.5686274509803921
1274,1.0,1.0,1448.0,0.9983339276094659,1.000994268660109,145.0,174.0,0.5686274509803921
1275,1.0,1.0,1450.0,0.9984172312289927,1.0009445552271037,145.0,175.0,0.5686274509803921
1276,1.0,1.0,1452.0,0.9984963696675431,1.0008973274657484,145.0,176.0,0.5686274509803921
1277,1.0,1.0,1453.0,0.9985686269406938,1.0009695847388993,145.0,176.0,0.5686274509803921
1278,1.0,1.0,1455.0,0.9986401955936591,1.0009211055019542,145.0,177.0,0.5686274509803921
1279,1.0,1.0,1456.0,0.9987054077826777,1.0009863176909728,145.0,177.0,0.5686274509803921
1280,1.0,1.0,1458.0,0.9987701373935438,1.0009370018064243,144.0,178.0,0.5647058823529412
1281,1.0,1.0,1459.0,0.9988289913941331,1.0009958558070136,144.0,178.0,0.5647058823529412
1282,1.0,1.0,1461.0,0.9988875418244264,1.000946063016663,144.0,179.0,0.5647058823529412
1283,1.0,1.0,1462.0,0.9989406575599582,1.0009991787521946,143.0,179.0,0.5607843137254902
1284,1.0,1.0,1464.0,0.9989936246819604,1.000949219814585,142.0,180.0,0.5568627450980392
1285,1.0,0.0,1453.0,0.9990010413553421,1.0026201005295377,141.0,168.0,0.5529411764705883
1286,1.0,0.0,1446.0,0.9990018561253762,1.0044570079469195,139.0,160.0,0.5450980392156862
1287,1.0,0.0,1442.0,0.9990062704772973,1.0060562655820724,137.0,155.0,0.5372549019607843
1288,1.0,0.0,1439.0,0.9990082608840127,1.0076638053992022,134.0,151.0,0.5254901960784314
1289,1.0,0.0,1437.0,0.9990122324009199,1.0091076334975106,128.0,148.0,0.5019607843137255
1290,1.0,0.0,1435.0,0.9990084171781418,1.0107831961215339,121.0,145.0,0.4745098039215686
1291,1.0,0.0,1434.0,0.9990126689819392,1.0120595154566119,122.0,143.0,0.47843137254901963
1292,1.0,0.0,1433.0,0.9990118113363928,1.0134681509205177,123.0,141.0,0.4823529411764706
1293,1.0,0.0,1432.0,0.9990055706904049,1.015023675492759,124.0,139.0,0.48627450980392156
1294,1.0,0.0,1432.0,0.9990152468938788,1.0158764098437254,125.0,138.0,0.49019607843137253
1295,1.0,0.0,1432.0,0.9990223316418103,1.0167709242205962,126.0,137.0,0.49411764705882355
1296,1.0,0.0,1431.0,0.9990028913615672,1.0186689219197786,127.0,135.0,0.4980392156862745
1297,1.0,0.0,1431.0,0.9990035817170932,1.0197046665152107,128.0,134.0,0.5019607843137255
1298,1.0,0.0,1431.0,0.9990016499192433,1.0207922654962092,129.0,133.0,0.5058823529411764
1299,1.0,0.0,1432.0,0.999025027570976,1.0208156431479418,130.0,133.0,0.5098039215686274
1300,1.0,0.0,1432.0,0.9990192996534848,1.0219567897345014,131.0,132.0,0.5137254901960784
1301,1.0,0.0,1432.0,0.999010990945608,1.023155717346678,132.0,131.0,0.5176470588235295
1302,1.0,0.0,1432.0,0.9990000795823248,1.0244155810571354,133.0,130.0,0.5215686274509804
1303,1.0,0.0,1433.0,0.9990191208257715,1.024434622300582,134.0,130.0,0.5254901960784314
1304,1.0,0.0,1433.0,0.9990046260307959,1.025757785477965,135.0,129.0,0.5294117647058824
1305,1.0,0.0,1434.0,0.9990218107530063,1.0257749702001755,136.0,129.0,0.5333333333333333
1306,1.0,0.0,1434.0,0.9990038373167381,1.0271650577874425,136.0,128.0,0.5333333333333333
1307,1.0,0.0,1435.0,0.9990193465285331,1.0271805669992373,136.0,128.0,0.5333333333333333
1308,1.0,0.0,1436.0,0.9990340802797383,1.0271953007504426,137.0,128.0,0.5372549019607843
1309,1.0,0.0,1436.0,0.9990119732145746,1.028655363183737,137.0,127.0,0.5372549019607843
1310,1.0,0.0,1437.0,0.9990252704250373,1.0286686603941997,138.0,127.0,0.5411764705882353
1311,1.0,0.0,1438.0,0.9990379027749768,1.0286812927441393,138.0,127.0,0.5411764705882353
1312,1.0,0.0,1438.0,0.9990118991613051,1.0302154675498971,138.0,126.0,0.5411764705882353
1313,1.0,0.0,1439.0,0.9990232998571256,1.0302268682457176,139.0,126.0,0.5450980392156862
1314,1.0,0.0,1440.0,0.9990341305181552,1.0302376989067472,139.0,126.0,0.5450980392156862
1315,1.0,0.0,1440.0,0.9990044150712759,1.0318502765329516,139.0,125.0,0.5450980392156862
1316,1.0,0.0,1441.0,0.9990141897428549,1.0318600512045308,140.0,125.0,0.5490196078431373
1317,1.0,0.0,1442.0,0.999023475680855,1.0318693371425307,140.0,125.0,0.5490196078431373
1318,1.0,0.0,1443.0,0.9990322973219551,1.031878158783631,140.0,125.0,0.5490196078431373
1319,1.0,0.0,1444.0,0.9990406778810001,1.031886539342676,141.0,125.0,0.5529411764705883
1320,1.0,0.0,1444.0,0.9990065293332959,1.0335811203455862,141.0,124.0,0.5529411764705883
1321,1.0,0.0,1445.0,0.9990140927878342,1.0335886838001245,141.0,124.0,0.5529411764705883
1322,1.0,0.0,1446.0,0.9990212780696455,1.0335958690819358,142.0,124.0,0.5568627450980392
1323,1.0,0.0,1447.0,0.9990281040873663,1.0336026950996566,142.0,124.0,0.5568627450980392
1324,1.0,0.0,1448.0,0.9990345888042009,1.0336091798164913,142.0,124.0,0.5568627450980392
1325,1.0,0.0,1449.0,0.999040749285194,1.0336153402974844,142.0,124.0,0.5568627450980392
1326,1.0,0.0,1449.0,0.9990022753434036,1.0353965816721302,142.0,123.0,0.5568627450980392
1327,1.0,0.0,1450.0,0.9990078351774997,1.0354021415062262,143.0,123.0,0.5607843137254902
1328,1.0,0.0,1451.0,0.999013117019891,1.0354074233486177,143.0,123.0,0.5607843137254902
1329,1.0,0.0,1452.0,0.9990181347701628,1.0354124410988894,142.0,123.0,0.5568627450980392
1330,1.0,0.0,1453.0,0.999022901632921,1.0354172079616475,142.0,123.0,0.5568627450980392
1331,1.0,0.0,1454.0,0.9990274301525413,1.035421736481268,141.0,123.0,0.5529411764705883
1332,1.0,0.0,1455.0,0.9990317322461805,1.035426038574907,141.0,123.0,0.5529411764705883
1333,1.0,0.0,1456.0,0.9990358192351377,1.0354301255638643,140.0,123.0,0.5490196078431373
1334,1.0,0.0,1457.0,0.9990397018746472,1.0354340082033737,137.0,123.0,0.5372549019607843
1335,1.0,0.0,1458.0,0.9990433903821812,1.0354376967109078,134.0,123.0,0.5254901960784314
1336,1.0,0.0,1458.0,0.9990002350972502,1.037310031232752,132.0,122.0,0.5176470588235295
1337,1.0,0.0,1459.0,0.9990035639752997,1.0373133601108013,130.0,122.0,0.5098039215686274
1338,1.0,0.0,1460.0,0.9990067264094467,1.0373165225449483,129.0,122.0,0.5058823529411764
1339,1.0,0.0,1461.0,0.9990097307218861,1.0373195268573878,128.0,122.0,0.5019607843137255
1340,1.0,0.0,1462.0,0.9990125848187039,1.0373223809542056,129.0,122.0,0.5058823529411764
1341,1.0,0.0,1463.0,0.9990152962106806,1.0373250923461823,128.0,122.0,0.5019607843137255
1342,1.0,0.0,1464.0,0.9990178720330585,1.0373276681685601,129.0,122.0,0.5058823529411764
1343,1.0,0.0,1465.0,0.9990203190643174,1.037330115199819,129.0,122.0,0.5058823529411764
1344,1.0,0.0,1466.0,0.9990226437440135,1.0373324398795152,130.0,122.0,0.5098039215686274
1345,1.0,0.0,1467.0,0.9990248521897247,1.0373346483252264,130.0,122.0,0.5098039215686274
1346,1.0,0.0,1468.0,0.9990269502131504,1.037336746348652,131.0,122.0,0.5137254901960784
1347,1.0,0.0,1469.0,0.9990289433354047,1.0373387394709064,131.0,122.0,0.5137254901960784
1348,1.0,0.0,1470.0,0.9990308368015464,1.037340632937048,132.0,122.0,0.5176470588235295
1349,1.0,0.0,1471.0,0.9990326355943808,1.0373424317298825,131.0,122.0,0.5137254901960784
1350,1.0,0.0,1472.0,0.9990343444475738,1.0373441405830754,131.0,122.0,0.5137254901960784
1351,1.0,0.0,1473.0,0.9990359678581069,1.0373457639936086,131.0,122.0,0.5137254901960784
1352,1.0,0.0,1474.0,0.9990375100981135,1.0373473062336152,132.0,122.0,0.5176470588235295
1353,1.0,0.0,1475.0,0.9990389752261197,1.0373487713616214,132.0,122.0,0.5176470588235295
1354,1.0,0.0,1476.0,0.9990403670977257,1.0373501632332274,133.0,122.0,0.5215686274509804
1355,1.0,0.0,1477.0,0.9990416893757514,1.0373514855112531,133.0,122.0,0.5215686274509804
1356,1.0,0.0,1478.0,0.9990429455398757,1.0373527416753774,134.0,122.0,0.5254901960784314
1357,1.0,0.0,1479.0,0.9990441388957938,1.0373539350312955,134.0,122.0,0.5254901960784314
1358,1.0,0.0,1480.0,0.9990452725839161,1.0373550687194177,135.0,122.0,0.5294117647058824
1359,1.0,0.0,1481.0,0.9990463495876323,1.037356145723134,135.0,122.0,0.5294117647058824
1360,1.0,0.0,1482.0,0.9990473727411626,1.0373571688766643,135.0,122.0,0.5294117647058824
1361,1.0,0.0,1483.0,0.9990483447370164,1.037358140872518,135.0,122.0,0.5294117647058824
1362,1.0,0.0,1483.0,0.9990001530098268,1.0393262542050918,136.0,121.0,0.5333333333333333
1363,1.0,0.0,1484.0,0.9990010302360849,1.03932713143135,136.0,121.0,0.5333333333333333
1364,1.0,0.0,1485.0,0.99900186360103,1.039327964796295,137.0,121.0,0.5372549019607843
1365,1.0,0.0,1486.0,0.9990026552977279,1.039328756492993,137.0,121.0,0.5372549019607843
1366,1.0,0.0,1487.0,0.9990034074095909,1.039329508604856,138.0,121.0,0.5411764705882353
1367,1.0,0.0,1488.0,0.9990041219158607,1.0393302231111257,138.0,121.0,0.5411764705882353
1368,1.0,0.0,1489.0,0.9990048006968171,1.039330901892082,139.0,121.0,0.5450980392156862
1369,1.0,0.0,1490.0,0.9990054455387256,1.0393315467339905,139.0,121.0,0.5450980392156862
1370,1.0,0.0,1491.0,0.9990060581385387,1.0393321593338036,140.0,121.0,0.5490196078431373
1371,1.0,0.0,1492.0,0.9990066401083612,1.0393327413036262,140.0,121.0,0.5490196078431373
1372,1.0,0.0,1493.0,0.9990071929796925,1.0393332941749576,141.0,121.0,0.5529411764705883
1373,1.0,0.0,1494.0,0.9990077182074573,1.0393338194027222,141.0,121.0,0.5529411764705883
1374,1.0,0.0,1495.0,0.9990082171738338,1.0393343183690988,141.0,121.0,0.5529411764705883
1375,1.0,0.0,1496.0,0.9990086911918915,1.0393347923871565,142.0,121.0,0.5568627450980392
1376,1.0,0.0,1497.0,0.9990091415090463,1.0393352427043112,142.0,121.0,0.5568627450980392
1377,1.0,0.0,1498.0,0.9990095693103433,1.0393356705056083,143.0,121.0,0.5607843137254902
1378,1.0,0.0,1499.0,0.9990099757215756,1.0393360769168405,143.0,121.0,0.5607843137254902
1379,1.0,0.0,1500.0,0.9990103618122462,1.0393364630075113,144.0,121.0,0.5647058823529412
1380,1.0,0.0,1501.0,0.9990107285983834,1.0393368297936483,144.0,121.0,0.5647058823529412
1381,1.0,0.0,1502.0,0.9990110770452135,1.0393371782404786,145.0,121.0,0.5686274509803921
1382,1.0,0.0,1503.0,0.9990114080697022,1.0393375092649673,145.0,121.0,0.5686274509803921
1383,1.0,0.0,1504.0,0.9990117225429666,1.0393378237382316,146.0,121.0,0.5725490196078431
1384,1.0,0.0,1505.0,0.9990120212925676,1.0393381224878326,146.0,121.0,0.5725490196078431
1385,1.0,0.0,1506.0,0.9990123051046886,1.0393384062999536,147.0,121.0,0.5764705882352941
1386,1.0,0.0,1507.0,0.9990125747262036,1.0393386759214687,147.0,121.0,0.5764705882352941
1387,1.0,0.0,1508.0,0.9990128308666428,1.0393389320619077,148.0,121.0,0.5803921568627451
1388,1.0,0.0,1509.0,0.99901307420006,1.039339175395325,148.0,121.0,0.5803921568627451
1389,1.0,0.0,1510.0,0.9990133053668064,1.0393394065620714,149.0,121.0,0.5843137254901961
1390,1.0,0.0,1511.0,0.9990135249752155,1.0393396261704804,149.0,121.0,0.5843137254901961
1391,1.0,0.0,1512.0,0.9990137336032041,1.039339834798469,150.0,121.0,0.5882352941176471
1392,1.0,0.0,1513.0,0.9990139317997933,1.0393400329950582,150.0,121.0,0.5882352941176471
1393,1.0,0.0,1514.0,0.999014120086553,1.039340221281818,151.0,121.0,0.592156862745098
1394,1.0,0.0,1515.0,0.9990142989589748,1.0393404001542397,151.0,121.0,0.592156862745098
1395,1.0,0.0,1516.0,0.9990144688877755,1.0393405700830405,151.0,121.0,0.592156862745098
1396,1.0,0.0,1517.0,0.999014630320136,1.039340731515401,152.0,121.0,0.596078431372549
1397,1.0,0.0,1518.0,0.9990147836808786,1.0393408848761436,152.0,121.0,0.596078431372549
1398,1.0,0.0,1519.0,0.999014929373584,1.039341030568849,153.0,121.0,0.6
1399,1.0,0.0,1520.0,0.9990150677816543,1.0393411689769192,153.0,121.0,0.6
1400,1.0,0.0,1521.0,0.9990151992693209,1.039341300464586,154.0,121.0,0.6039215686274509
1401,1.0,0.0,1522.0,0.9990153241826043,1.0393414253778692,154.0,121.0,0.6039215686274509
1402,1.0,0.0,1523.0,0.9990154428502235,1.0393415440454885,155.0,121.0,0.6078431372549019
1403,1.0,0.0,1524.0,0.9990155555844616,1.0393416567797267,155.0,121.0,0.6078431372549019
1404,1.0,0.0,1525.0,0.9990156626819879,1.0393417638772529,156.0,121.0,0.611764705882353
1405,1.0,0.0,1526.0,0.9990157644246379,1.039341865619903,156.0,121.0,0.611764705882353
1406,1.0,0.0,1527.0,0.9990158610801554,1.0393419622754203,157.0,121.0,0.615686274509804
1407,1.0,0.0,1528.0,0.999015952902897,1.039342054098162,157.0,121.0,0.615686274509804
1408,1.0,0.0,1529.0,0.9990160401345015,1.0393421413297665,157.0,121.0,0.615686274509804
1409,1.0,0.0,1530.0,0.9990161230045258,1.0393422241997907,158.0,121.0,0.6196078431372549
1410,1.0,0.0,1531.0,0.9990162017310489,1.0393423029263138,158.0,121.0,0.6196078431372549
1411,1.0,0.0,1532.0,0.9990162765212458,1.0393423777165107,159.0,121.0,0.6235294117647059
1412,1.0,0.0,1533.0,0.9990163475719329,1.0393424487671978,159.0,121.0,0.6235294117647059
1413,1.0,0.0,1534.0,0.9990164150700857,1.0393425162653507,160.0,121.0,0.6274509803921569
1414,1.0,0.0,1535.0,0.9990164791933308,1.0393425803885958,160.0,121.0,0.6274509803921569
1415,1.0,0.0,1536.0,0.9990165401104136,1.0393426413056785,161.0,121.0,0.6313725490196078
1416,1.0,0.0,1537.0,0.9990165979816423,1.0393426991769072,161.0,121.0,0.6313725490196078
1417,1.0,0.0,1538.0,0.9990166529593096,1.0393427541545746,162.0,121.0,0.6352941176470588
1418,1.0,0.0,1539.0,0.9990167051880935,1.0393428063833585,162.0,121.0,0.6352941176470588
1419,1.0,0.0,1540.0,0.9990167548054382,1.0393428560007032,162.0,121.0,0.6352941176470588
1420,1.0,0.0,1541.0,0.9990168019419157,1.0393429031371806,163.0,121.0,0.6392156862745098
1421,1.0,0.0,1542.0,0.9990168467215693,1.0393429479168343,163.0,121.0,0.6392156862745098
1422,1.0,0.0,1543.0,0.9990168892622402,1.0393429904575051,164.0,121.0,0.6431372549019608
1423,1.0,0.0,1544.0,0.9990169296758775,1.0393430308711424,164.0,121.0,0.6431372549019608
1424,1.0,0.0,1545.0,0.999016968068833,1.039343069264098,165.0,121.0,0.6470588235294118
1425,1.0,0.0,1546.0,0.9990170045421407,1.0393431057374056,165.0,121.0,0.6470588235294118
1426,1.0,0.0,1547.0,0.9990170391917831,1.0393431403870481,165.0,121.0,0.6470588235294118
1427,1.0,0.0,1548.0,0.9990170721089433,1.0393431733042082,166.0,121.0,0.6509803921568628
1428,1.0,0.0,1549.0,0.9990171033802455,1.0393432045755104,166.0,121.0,0.6509803921568628
1429,1.0,0.0,1550.0,0.9990171330879827,1.0393432342832476,167.0,121.0,0.6549019607843137
1430,1.0,0.0,1551.0,0.9990171613103329,1.0393432625055978,167.0,121.0,0.6549019607843137
1431,1.0,0.0,1552.0,0.9990171881215657,1.0393432893168306,165.0,121.0,0.6470588235294118
1432,1.0,0.0,1553.0,0.9990172135922368,1.0393433147875017,158.0,121.0,0.6196078431372549
1433,1.0,0.0,1554.0,0.9990172377893743,1.0393433389846394,155.0,121.0,0.6078431372549019
1434,1.0,0.0,1555.0,0.999017260776655,1.03934336197192,153.0,121.0,0.6
1435,1.0,0.0,1556.0,0.9990172826145716,1.0393433838098365,151.0,121.0,0.592156862745098
1436,1.0,0.0,1557.0,0.9990173033605924,1.0393434045558574,150.0,121.0,0.5882352941176471
1437,1.0,0.0,1558.0,0.9990173230693121,1.0393434242645772,148.0,121.0,0.5803921568627451
1438,1.0,0.0,1559.0,0.9990173417925959,1.039343442987861,147.0,121.0,0.5764705882352941
1439,1.0,0.0,1560.0,0.9990173595797155,1.0393434607749805,145.0,121.0,0.5686274509803921
1440,1.0,0.0,1561.0,0.9990173764774791,1.0393434776727442,143.0,121.0,0.5607843137254902
1441,1.0,0.0,1562.0,0.9990173925303546,1.0393434937256196,143.0,121.0,0.5607843137254902
1442,1.0,0.0,1563.0,0.9990174077805862,1.0393435089758511,141.0,121.0,0.5529411764705883
1443,1.0,0.0,1564.0,0.9990174222683063,1.0393435234635713,141.0,121.0,0.5529411764705883
1444,1.0,0.0,1565.0,0.9990174360316403,1.0393435372269053,139.0,121.0,0.5450980392156862
1445,1.0,0.0,1566.0,0.9990174491068077,1.0393435503020727,138.0,121.0,0.5411764705882353
1446,1.0,0.0,1567.0,0.9990174615282167,1.0393435627234817,137.0,121.0,0.5372549019607843
1447,1.0,0.0,1568.0,0.9990174733285553,1.0393435745238202,136.0,121.0,0.5333333333333333
1448,1.0,0.0,1569.0,0.999017484538877,1.039343585734142,135.0,121.0,0.5294117647058824
1449,1.0,0.0,1570.0,0.9990174951886825,1.0393435963839475,134.0,121.0,0.5254901960784314
1450,1.0,0.0,1571.0,0.9990175053059978,1.0393436065012627,133.0,121.0,0.5215686274509804
1451,1.0,0.0,1572.0,0.9990175149174473,1.0393436161127123,133.0,121.0,0.5215686274509804
1452,1.0,0.0,1573.0,0.9990175240483243,1.0393436252435893,132.0,121.0,0.5176470588235295
1453,1.0,0.0,1574.0,0.9990175327226575,1.0393436339179225,130.0,121.0,0.5098039215686274
1454,1.0,0.0,1575.0,0.999017540963274,1.039343642158539,130.0,121.0,0.5098039215686274
1455,1.0,0.0,1576.0,0.9990175487918597,1.0393436499871247,129.0,121.0,0.5058823529411764
1456,1.0,0.0,1577.0,0.9990175562290161,1.0393436574242811,128.0,121.0,0.5019607843137255
1457,1.0,0.0,1578.0,0.9990175632943147,1.0393436644895797,128.0,121.0,0.5019607843137255
1458,1.0,0.0,1579.0,0.9990175700063484,1.0393436712016133,126.0,121.0,0.49411764705882355
1459,1.0,0.0,1580.0,0.9990175763827803,1.0393436775780454,125.0,121.0,0.49019607843137253
1460,1.0,0.0,1581.0,0.9990175824403907,1.0393436836356558,125.0,121.0,0.49019607843137253
1461,1.0,0.0,1582.0,0.9990175881951205,1.0393436893903856,124.0,121.0,0.48627450980392156
1462,1.0,0.0,1583.0,0.999017593662114,1.0393436948573789,123.0,121.0,0.4823529411764706
1463,1.0,0.0,1584.0,0.9990175988557577,1.0393437000510226,123.0,121.0,0.4823529411764706
1464,1.0,0.0,1585.0,0.9990176037897192,1.039343704984984,122.0,121.0,0.47843137254901963
1465,1.0,0.0,1586.0,0.9990176084769826,1.0393437096722475,122.0,121.0,0.47843137254901963
1466,1.0,0.0,1587.0,0.9990176129298829,1.0393437141251478,122.0,121.0,0.47843137254901963
1467,1.0,0.0,1588.0,0.9990176171601381,1.039343718355403,122.0,121.0,0.47843137254901963
1468,1.0,0.0,1589.0,0.9990176211788806,1.0393437223741455,122.0,121.0,0.47843137254901963
1469,1.0,0.0,1590.0,0.999017624996686,1.039343726191951,122.0,121.0,0.47843137254901963
1470,1.0,0.0,1591.0,0.9990176286236011,1.0393437298188661,122.0,121.0,0.47843137254901963
1471,1.0,0.0,1592.0,0.9990176320691705,1.0393437332644355,122.0,121.0,0.47843137254901963
1472,1.0,0.0,1593.0,0.9990176353424614,1.0393437365377263,122.0,121.0,0.47843137254901963
1473,1.0,0.0,1594.0,0.9990176384520877,1.0393437396473526,122.0,121.0,0.47843137254901963
1474,1.0,0.0,1595.0,0.9990176414062327,1.0393437426014978,122.0,121.0,0.47843137254901963
1475,1.0,0.0,1596.0,0.9990176442126705,1.0393437454079355,122.0,121.0,0.47843137254901963
1476,1.0,0.0,1597.0,0.9990176468787864,1.0393437480740513,122.0,121.0,0.47843137254901963
1477,1.0,0.0,1598.0,0.9990176494115964,1.0393437506068615,122.0,121.0,0.47843137254901963
1478,1.0,0.0,1599.0,0.999017651817766,1.039343753013031,122.0,121.0,0.47843137254901963
1479,1.0,0.0,1600.0,0.9990176541036271,1.039343755298892,122.0,121.0,0.47843137254901963
1480,1.0,0.0,1601.0,0.9990176562751951,1.03934375747046,122.0,121.0,0.47843137254901963
1481,1.0,0.0,1602.0,0.9990176583381848,1.0393437595334498,122.0,121.0,0.47843137254901963
1482,1.0,0.0,1604.0,0.9990150752915381,1.0373248714270398,122.0,122.0,0.47843137254901963
1483,1.0,0.0,1605.0,0.9990123560939264,1.037322152229428,121.0,122.0,0.4745098039215686
1484,1.0,0.0,1606.0,0.9990094935895664,1.037319289725068,121.0,122.0,0.4745098039215686
1485,1.0,0.0,1607.0,0.999006480245552,1.0373162763810537,121.0,122.0,0.4745098039215686
1486,1.0,0.0,1608.0,0.9990033081320308,1.0373131042675325,121.0,122.0,0.4745098039215686
1487,1.0,0.0,1610.0,0.9990466282684232,1.0354409345971498,121.0,123.0,0.4745098039215686
1488,1.0,0.0,1611.0,0.9990431131331041,1.0354374194618308,121.0,123.0,0.4745098039215686
1489,1.0,0.0,1612.0,0.9990394128428055,1.0354337191715322,121.0,123.0,0.4745098039215686
1490,1.0,0.0,1613.0,0.9990355176599213,1.035429823988648,121.0,123.0,0.4745098039215686
1491,1.0,0.0,1614.0,0.9990314173339703,1.035425723662697,121.0,123.0,0.4745098039215686
1492,1.0,0.0,1615.0,0.999027101074621,1.0354214074033476,121.0,123.0,0.4745098039215686
1493,1.0,0.0,1616.0,0.999022557523296,1.0354168638520227,121.0,123.0,0.4745098039215686
1494,1.0,0.0,1617.0,0.9990177747232818,1.0354120810520084,121.0,123.0,0.4745098039215686
1495,1.0,0.0,1618.0,0.999012740088262,1.0354070464169887,121.0,123.0,0.4745098039215686
1496,1.0,0.0,1619.0,0.9990074403691973,1.035401746697924,121.0,123.0,0.4745098039215686
1497,1.0,0.0,1620.0,0.9990018616194586,1.0353961679481851,121.0,123.0,0.4745098039215686
1498,1.0,0.0,1622.0,0.9990403155568591,1.0336149065691493,121.0,124.0,0.4745098039215686
1499,1.0,0.0,1623.0,0.9990341339300861,1.0336087249423764,121.0,124.0,0.4745098039215686
1500,1.0,0.0,1624.0,0.9990276268704341,1.0336022178827244,121.0,124.0,0.4745098039215686
1501,1.0,0.0,1625.0,0.999020777254062,1.0335953682663523,121.0,124.0,0.4745098039215686
1502,1.0,0.0,1626.0,0.9990135670556637,1.033588158067954,121.0,124.0,0.4745098039215686
1503,1.0,0.0,1627.0,0.9990059773010327,1.033580568313323,121.0,124.0,0.4745098039215686
1504,1.0,0.0,1629.0,0.9990400980959275,1.0318859595576033,121.0,125.0,0.4745098039215686
1505,1.0,0.0,1630.0,0.999031688258323,1.0318775497199988,121.0,125.0,0.4745098039215686
1506,1.0,0.0,1631.0,0.9990228357358644,1.0318686971975402,121.0,125.0,0.4745098039215686
1507,1.0,0.0,1632.0,0.99901351723244,1.031859378694116,121.0,125.0,0.4745098039215686
1508,1.0,0.0,1633.0,0.9990037082256724,1.0318495696873482,121.0,125.0,0.4745098039215686
1509,1.0,0.0,1635.0,0.999033387477243,1.030236955865835,121.0,126.0,0.4745098039215686
1510,1.0,0.0,1636.0,0.9990225186655343,1.0302260870541262,121.0,126.0,0.4745098039215686
1511,1.0,0.0,1637.0,0.9990110777632671,1.030214646151859,121.0,126.0,0.4745098039215686
1512,1.0,0.0,1639.0,0.9990370390089183,1.0286804289780807,121.0,127.0,0.4745098039215686
1513,1.0,0.0,1640.0,0.9990243620178897,1.0286677519870522,121.0,127.0,0.4745098039215686
1514,1.0,0.0,1641.0,0.9990110177757928,1.0286544077449553,121.0,127.0,0.4745098039215686
1515,1.0,0.0,1643.0,0.9990330752950097,1.027194295765714,121.0,128.0,0.4745098039215686
1516,1.0,0.0,1644.0,0.9990182893531611,1.0271795098238654,121.0,128.0,0.4745098039215686
1517,1.0,0.0,1645.0,0.9990027251686822,1.0271639456393864,121.0,128.0,0.4745098039215686
1518,1.0,0.0,1647.0,0.9990206407055611,1.0257738001527301,121.0,129.0,0.4745098039215686
1519,1.0,0.0,1648.0,0.9990033950048891,1.0257565544520582,121.0,129.0,0.4745098039215686
1520,1.0,0.0,1650.0,0.9990178255818613,1.024433327056672,121.0,130.0,0.4745098039215686
1521,1.0,0.0,1652.0,0.999029671489312,1.023174397890382,121.0,131.0,0.4745098039215686
1522,1.0,0.0,1653.0,0.9990095568621167,1.0231542832631868,121.0,131.0,0.4745098039215686
1523,1.0,0.0,1655.0,0.9990177905830484,1.021955280664065,121.0,132.0,0.4745098039215686
1524,1.0,0.0,1657.0,0.9990234395423565,1.0208140551193223,121.0,133.0,0.4745098039215686
1525,1.0,0.0,1659.0,0.9990265186057234,1.019727603403841,121.0,134.0,0.4745098039215686
1526,1.0,0.0,1660.0,0.9990018230162575,1.019702907814375,121.0,134.0,0.4745098039215686
1527,1.0,0.0,1662.0,0.9990010404975607,1.0186670710557721,121.0,135.0,0.4745098039215686
1528,1.0,0.0,1665.0,0.9990203837439383,1.0167689763227243,121.0,137.0,0.4745098039215686
1529,1.0,0.0,1667.0,0.9990131968360944,1.015874359785941,121.0,138.0,0.4745098039215686
1530,1.0,0.0,1669.0,0.9990034130778191,1.0150215178801734,121.0,139.0,0.4745098039215686
1531,1.0,0.0,1672.0,0.9990095404910778,1.0134658800752026,121.0,141.0,0.4745098039215686
1532,1.0,0.0,1675.0,0.9990102789279862,1.012057125402659,121.0,143.0,0.4745098039215686
1533,1.0,0.0,1678.0,0.9990059016259352,1.0107806805693271,121.0,145.0,0.4745098039215686
1534,1.0,0.0,1682.0,0.9990095847305853,1.0091049858271761,121.0,148.0,0.4745098039215686
1535,1.0,0.0,1686.0,0.999005474127997,1.0076610186431865,121.0,151.0,0.4745098039215686
1536,1.0,0.0,1691.0,0.9990033373020317,1.0060533324068068,121.0,155.0,0.4745098039215686
1537,1.0,0.0,1698.0,0.9990054129071457,1.0041878071376118,121.0,161.0,0.4745098039215686
1538,1.0,0.0,1707.0,0.9990021996077847,1.0024403058232705,121.0,169.0,0.4745098039215686
1539,1.0,1.0,1719.0,0.9989902042917649,1.0009457994243895,121.0,180.0,0.4745098039215686
1540,1.0,1.0,1719.0,0.998937057354579,1.0009955785468154,121.0,179.0,0.4745098039215686
1541,1.0,1.0,1720.0,0.9988837523296388,1.0009422735218751,121.0,179.0,0.4745098039215686
1542,1.0,1.0,1720.0,0.9988250026375823,1.0009918670504627,121.0,178.0,0.4745098039215686
1543,1.0,1.0,1721.0,0.9987659388785022,1.0009328032913827,121.0,178.0,0.4745098039215686
1544,1.0,1.0,1721.0,0.9987009884604214,1.0009818983687166,121.0,177.0,0.4745098039215686
1545,1.0,1.0,1722.0,0.9986355438343928,1.000916453742688,121.0,177.0,0.4745098039215686
1546,1.0,1.0,1722.0,0.9985637305029456,1.000964688301151,121.0,176.0,0.4745098039215686
1547,1.0,1.0,1723.0,0.9984912156659504,1.0008921734641558,121.0,176.0,0.4745098039215686
1548,1.0,1.0,1723.0,0.9984118061003936,1.0009391300985047,121.0,175.0,0.4745098039215686
1549,1.0,1.0,1723.0,0.9983282170772062,1.0009885581278493,121.0,174.0,0.4745098039215686
1550,1.0,1.0,1724.0,0.9982436393189293,1.0009039803695725,121.0,174.0,0.4745098039215686
1551,1.0,1.0,1724.0,0.9981511993998882,1.0009515584005653,121.0,173.0,0.4745098039215686
1552,1.0,1.0,1725.0,0.9980574844199569,1.0008578434206339,121.0,173.0,0.4745098039215686
1553,1.0,1.0,1725.0,0.9979552468632656,1.0009029931797677,121.0,172.0,0.4745098039215686
1554,1.0,1.0,1725.0,0.9978476283772673,1.0009505192367432,121.0,171.0,0.4745098039215686
1555,1.0,1.0,1726.0,0.9977383238206239,1.0008412146800998,121.0,171.0,0.4745098039215686
1556,1.0,1.0,1726.0,0.9976192883226169,1.0008854892273285,121.0,170.0,0.4745098039215686
1557,1.0,1.0,1726.0,0.99749398779388,1.0009320940093658,121.0,169.0,0.4745098039215686
1558,1.0,1.0,1726.0,0.9973620924961795,1.000981151670375,121.0,168.0,0.4745098039215686
1559,1.0,1.0,1727.0,0.997227895156081,1.0008469543302765,121.0,168.0,0.4745098039215686
1560,1.0,1.0,1727.0,0.997081994974754,1.0008915309475914,121.0,167.0,0.4745098039215686
1561,1.0,1.0,1727.0,0.9969284158328342,1.000938453698979,121.0,166.0,0.4745098039215686
1562,1.0,1.0,1727.0,0.9967667535746851,1.0009878460653636,121.0,165.0,0.4745098039215686
1563,1.0,1.0,1728.0,0.9966019944303507,1.0008230869210293,121.0,165.0,0.4745098039215686
1564,1.0,1.0,1728.0,0.9964231520919088,1.0008664073452547,121.0,164.0,0.4745098039215686
1565,1.0,1.0,1728.0,0.9962348969958141,1.0009120077888098,121.0,163.0,0.4745098039215686
1566,1.0,1.0,1728.0,0.996036733733919,1.0009600082528618,121.0,162.0,0.4745098039215686
1567,1.0,1.0,1729.0,0.995834452714364,1.0007577272333068,121.0,162.0,0.4745098039215686
1568,1.0,1.0,1729.0,0.9956152134323795,1.0007976076628455,121.0,161.0,0.4745098039215686
1569,1.0,1.0,1729.0,0.9953844352383749,1.0008395870599183,121.0,160.0,0.4745098039215686
1570,1.0,1.0,1729.0,0.9951415108213134,1.000883775896622,121.0,159.0,0.4745098039215686
1571,1.0,1.0,1729.0,0.9948858009064132,1.0009302904593698,121.0,158.0,0.4745098039215686
1572,1.0,1.0,1729.0,0.9946166325728457,1.000979253154905,121.0,157.0,0.4745098039215686
1573,1.0,1.0,1730.0,0.9943414546887654,1.000704075270825,121.0,157.0,0.4745098039215686
1574,1.0,1.0,1730.0,0.9940436365503906,1.0007411318999269,121.0,156.0,0.4745098039215686
1575,1.0,1.0,1730.0,0.9937301437713589,1.000780138876134,121.0,155.0,0.4745098039215686
1576,1.0,1.0,1730.0,0.993400151370673,1.0008211988493836,121.0,154.0,0.4745098039215686
1577,1.0,1.0,1730.0,0.9930527909472782,1.0008644198722367,121.0,153.0,0.4745098039215686
1578,1.0,1.0,1730.0,0.9926871483947973,1.0009099156842274,121.0,152.0,0.4745098039215686
1579,1.0,1.0,1730.0,0.992302261495987,1.0009578060111766,121.0,151.0,0.4745098039215686
1580,1.0,1.0,1731.0,0.9919082142425297,1.0005637587577192,121.0,151.0,0.4745098039215686
1581,1.0,1.0,1731.0,0.991482330806681,1.0005934302963542,121.0,150.0,0.4745098039215686
1582,1.0,1.0,1731.0,0.9910340324519025,1.0006246634936637,121.0,149.0,0.4745098039215686
1583,1.0,1.0,1731.0,0.9905621394456816,1.0006575405422724,121.0,148.0,0.4745098039215686
1584,1.0,1.0,1731.0,0.9900654099643178,1.0006921479607291,121.0,147.0,0.4745098039215686
1585,1.0,1.0,1731.0,0.9895425368249653,1.0007285768211878,121.0,146.0,0.4745098039215686
1586,1.0,1.0,1731.0,0.9889921440456787,1.0007669229890708,121.0,145.0,0.4745098039215686
1587,1.0,1.0,1731.0,0.9884127832244068,1.0008072873753457,121.0,144.0,0.4745098039215686
1588,1.0,1.0,1731.0,0.9878029297274098,1.0008497762020825,121.0,143.0,0.4745098039215686
1589,1.0,1.0,1731.0,0.9871609786770638,1.0008945012819823,121.0,142.0,0.4745098039215686
1590,1.0,1.0,1731.0,0.9864852407284995,1.0009415803126243,121.0,141.0,0.4745098039215686
1591,1.0,1.0,1731.0,0.9857739376239576,1.0009911371861941,121.0,140.0,0.4745098039215686
1592,1.0,1.0,1732.0,0.9850447067433711,1.0002619063056077,121.0,140.0,0.4745098039215686
1593,1.0,1.0,1732.0,0.984257586059201,1.0002756908615553,121.0,139.0,0.4745098039215686
1594,1.0,1.0,1732.0,0.9834290379699235,1.0002902009197703,121.0,138.0,0.4745098039215686
1595,1.0,1.0,1732.0,0.9825568820858301,1.000305474664616,121.0,137.0,0.4745098039215686
1596,1.0,1.0,1732.0,0.9816388232598572,1.0003215522901583,121.0,136.0,0.4745098039215686
1597,1.0,1.0,1732.0,0.9806724455477261,1.0003384761059377,121.0,135.0,0.4745098039215686
1598,1.0,1.0,1732.0,0.9796552058501943,1.0003562906483117,121.0,134.0,0.4745098039215686
1599,1.0,1.0,1732.0,0.9785844272206893,1.000375042797655,121.0,133.0,0.4745098039215686
1600,1.0,1.0,1732.0,0.9774572918207124,1.000394781901729,121.0,132.0,0.4745098039215686
1601,1.0,1.0,1732.0,0.9762708335044742,1.0004155599055442,121.0,131.0,0.4745098039215686
1602,1.0,1.0,1732.0,0.9750219300132479,1.0004374314880584,121.0,130.0,0.4745098039215686
1603,0.0,1.0,1732.0,0.9737072947588985,1.0004604542060676,122.0,129.0,0.47843137254901963
1604,1.0,1.0,1734.0,0.9750219300209536,1.0004374314957643,122.0,130.0,0.47843137254901963
1605,1.0,1.0,1736.0,0.976270833519906,1.000415559920976,122.0,131.0,0.47843137254901963
1606,1.0,1.0,1738.0,0.9774572918439106,1.0003947819249273,122.0,132.0,0.47843137254901963
1607,1.0,1.0,1740.0,0.978584427251715,1.0003750428286808,122.0,133.0,0.47843137254901963
1608,1.0,1.0,1742.0,0.9796552058891292,1.0003562906872467,122.0,134.0,0.47843137254901963
1609,1.0,1.0,1744.0,0.9806724455946729,1.0003384761528844,123.0,135.0,0.4823529411764706
1610,1.0,1.0,1746.0,0.9816388233149392,1.0003215523452402,123.0,136.0,0.4823529411764706
1611,1.0,1.0,1748.0,0.9825568821491923,1.0003054747279783,123.0,137.0,0.4823529411764706
1612,1.0,1.0,1750.0,0.9834290380417328,1.0002902009915795,123.0,138.0,0.4823529411764706
1613,1.0,1.0,1752.0,0.9842575861396461,1.0002756909420003,123.0,139.0,0.4823529411764706
1614,1.0,1.0,1754.0,0.9850447068326638,1.0002619063949003,123.0,140.0,0.4823529411764706
1615,1.0,1.0,1755.0,0.9857739377223329,1.0009911372845695,123.0,140.0,0.4823529411764706
1616,1.0,1.0,1757.0,0.9864852408362164,1.0009415804203412,123.0,141.0,0.4823529411764706
1617,1.0,1.0,1759.0,0.9871609787944056,1.000894501399324,123.0,142.0,0.4823529411764706
1618,1.0,1.0,1761.0,0.9878029298546853,1.000849776329358,123.0,143.0,0.4823529411764706
1619,1.0,1.0,1763.0,0.988412783361951,1.00080728751289,123.0,144.0,0.4823529411764706
1620,1.0,1.0,1765.0,0.9889921441938535,1.0007669231372456,123.0,145.0,0.4823529411764706
1621,1.0,1.0,1767.0,0.9895425369841608,1.0007285769803833,124.0,146.0,0.48627450980392156
1622,1.0,1.0,1769.0,0.9900654101349529,1.0006921481313642,124.0,147.0,0.48627450980392156
1623,1.0,1.0,1771.0,0.9905621396282052,1.000657540724796,124.0,148.0,0.48627450980392156
1624,1.0,1.0,1773.0,0.991034032646795,1.0006246636885563,124.0,149.0,0.48627450980392156
1625,1.0,1.0,1775.0,0.9914823310144552,1.0005934305041282,124.0,150.0,0.48627450980392156
1626,1.0,1.0,1777.0,0.9919082144637326,1.000563758978922,124.0,151.0,0.48627450980392156
1627,1.0,1.0,1778.0,0.9923022617312005,1.00095780624639,124.0,151.0,0.48627450980392156
1628,1.0,1.0,1780.0,0.9926871486446405,1.0009099159340704,125.0,152.0,0.49019607843137253
1629,1.0,1.0,1782.0,0.9930527912124085,1.000864420137367,125.0,153.0,0.49019607843137253
1630,1.0,1.0,1784.0,0.9934001516517881,1.0008211991304987,125.0,154.0,0.49019607843137253
1631,1.0,1.0,1786.0,0.9937301440691986,1.0007801391739737,125.0,155.0,0.49019607843137253
1632,1.0,1.0,1788.0,0.9940436368657387,1.000741132215275,125.0,156.0,0.49019607843137253
1633,1.0,1.0,1790.0,0.9943414550224519,1.0007040756045114,125.0,157.0,0.49019607843137253
1634,1.0,1.0,1791.0,0.9946166329257485,1.000979253507808,126.0,157.0,0.49411764705882355
1635,1.0,1.0,1793.0,0.9948858012794612,1.0009302908324178,126.0,158.0,0.49411764705882355
1636,1.0,1.0,1795.0,0.9951415112154882,1.000883776290797,126.0,159.0,0.49411764705882355
1637,1.0,1.0,1797.0,0.9953844356547139,1.0008395874762572,126.0,160.0,0.49411764705882355
1638,1.0,1.0,1799.0,0.9956152138719783,1.0007976081024443,127.0,161.0,0.4980392156862745
1639,1.0,1.0,1801.0,0.9958344531783794,1.000757727697322,127.0,162.0,0.4980392156862745
1640,1.0,1.0,1802.0,0.9960367342235719,1.0009600087425146,127.0,162.0,0.4980392156862745
1641,1.0,1.0,1804.0,0.9962348975123934,1.000912008305389,127.0,163.0,0.4980392156862745
1642,1.0,1.0,1806.0,0.9964231526367737,1.0008664078901195,128.0,164.0,0.5019607843137255
1643,1.0,1.0,1808.0,0.996601995004935,1.0008230874956134,128.0,165.0,0.5019607843137255
1644,1.0,1.0,1809.0,0.996766754180501,1.0009878466711795,128.0,165.0,0.5019607843137255
1645,1.0,1.0,1811.0,0.996928416471476,1.0009384543376207,128.0,166.0,0.5019607843137255
1646,1.0,1.0,1813.0,0.9970819956479022,1.0008915316207396,129.0,167.0,0.5058823529411764
1647,1.0,1.0,1815.0,0.9972278958655071,1.0008469550397026,129.0,168.0,0.5058823529411764
1648,1.0,1.0,1816.0,0.9973620932437504,1.000981152417946,129.0,168.0,0.5058823529411764
1649,1.0,1.0,1818.0,0.9974939885815628,1.0009320947970486,130.0,169.0,0.5098039215686274
1650,1.0,1.0,1820.0,0.9976192891524847,1.0008854900571962,130.0,170.0,0.5098039215686274
1651,1.0,1.0,1822.0,0.9977383246948606,1.0008412155543365,131.0,171.0,0.5137254901960784
1652,1.0,1.0,1823.0,0.9978476292981733,1.0009505201576492,131.0,171.0,0.5137254901960784
1653,1.0,1.0,1825.0,0.9979552478332647,1.000902994149767,131.0,172.0,0.5137254901960784
1654,1.0,1.0,1827.0,0.9980574854416016,1.0008578444422787,132.0,173.0,0.5176470588235295
1655,1.0,1.0,1828.0,0.9981512004758668,1.000951559476544,132.0,173.0,0.5176470588235295
1656,1.0,1.0,1830.0,0.9982436404520735,1.0009039815027165,133.0,174.0,0.5215686274509804
1657,1.0,1.0,1831.0,0.9983282182704979,1.000988559321141,133.0,174.0,0.5215686274509804
1658,1.0,1.0,1833.0,0.998411807356973,1.000939131355084,134.0,175.0,0.5254901960784314
1659,1.0,1.0,1835.0,0.9984912169891245,1.0008921747873298,134.0,176.0,0.5254901960784314
1660,1.0,1.0,1836.0,0.9985637318961961,1.0009646896944016,134.0,176.0,0.5254901960784314
1661,1.0,1.0,1838.0,0.9986355453013863,1.0009164552096814,135.0,177.0,0.5294117647058824
1662,1.0,1.0,1839.0,0.9987009900050184,1.0009818999133135,135.0,177.0,0.5294117647058824
1663,1.0,1.0,1841.0,0.9987659405047675,1.000932804917648,136.0,178.0,0.5333333333333333
1664,1.0,1.0,1842.0,0.9988250043497955,1.000991868762676,137.0,178.0,0.5372549019607843
1665,1.0,1.0,1844.0,0.9988837541323058,1.0009422753245423,137.0,179.0,0.5372549019607843
1666,1.0,1.0,1845.0,0.9989370592524436,1.00099558044468,138.0,179.0,0.5411764705882353
1667,1.0,1.0,1847.0,0.9989902062898215,1.0009458014224462,138.0,180.0,0.5411764705882353
1668,1.0,0.0,1837.0,0.9990022017112914,1.0024403079267772,139.0,169.0,0.5450980392156862
1669,1.0,0.0,1830.0,0.9990054151216381,1.0041878093521042,139.0,161.0,0.5450980392156862
1670,1.0,0.0,1825.0,0.9990033396333371,1.0060533347381122,140.0,155.0,0.5490196078431373
1671,1.0,0.0,1822.0,0.9990054765822507,1.0076610210974402,141.0,151.0,0.5529411764705883
1672,1.0,0.0,1820.0,0.9990095873142457,1.0091049884108365,141.0,148.0,0.5529411764705883
1673,1.0,0.0,1818.0,0.9990059043458014,1.0107806832891935,142.0,145.0,0.5568627450980392
1674,1.0,0.0,1817.0,0.9990102817912158,1.0120571282658883,143.0,143.0,0.5607843137254902
1675,1.0,0.0,1816.0,0.9990095435052057,1.0134658830893304,143.0,141.0,0.5607843137254902
1676,1.0,0.0,1815.0,0.999003416250777,1.0150215210531313,144.0,139.0,0.5647058823529412
1677,1.0,0.0,1815.0,0.9990132001762324,1.0158743631260791,145.0,138.0,0.5686274509803921
1678,1.0,0.0,1815.0,0.9990203872600463,1.0167689798388322,145.0,137.0,0.5686274509803921
1679,1.0,0.0,1814.0,0.9990010441988915,1.018667074757103,146.0,135.0,0.5725490196078431
1680,1.0,0.0,1814.0,0.9990018269125513,1.0197029117106688,147.0,134.0,0.5764705882352941
1681,1.0,0.0,1815.0,0.9990265227072337,1.0197276075053512,148.0,134.0,0.5803921568627451
1682,1.0,0.0,1815.0,0.9990234438598768,1.0208140594368427,148.0,133.0,0.5803921568627451
1683,1.0,0.0,1815.0,0.9990177951279406,1.0219552852089573,149.0,132.0,0.5843137254901961
1684,1.0,0.0,1815.0,0.999009561646341,1.0231542880474112,150.0,131.0,0.5882352941176471
1685,1.0,0.0,1816.0,0.9990296765254586,1.0231744029265286,151.0,131.0,0.592156862745098
1686,1.0,0.0,1816.0,0.999017830883183,1.0244333323579935,151.0,130.0,0.592156862745098
1687,1.0,0.0,1816.0,0.9990034005853369,1.025756560032506,152.0,129.0,0.596078431372549
1688,1.0,0.0,1817.0,0.9990206465798203,1.0257738060269894,153.0,129.0,0.6
1689,1.0,0.0,1817.0,0.9990027313522113,1.0271639518229156,154.0,128.0,0.6039215686274509
1690,1.0,0.0,1818.0,0.9990182958622326,1.027179516332937,155.0,128.0,0.6078431372549019
1691,1.0,0.0,1819.0,0.9990330821467528,1.027194302617457,155.0,128.0,0.6078431372549019
1692,1.0,0.0,1819.0,0.9990110249882383,1.0286544149574008,156.0,127.0,0.611764705882353
1693,1.0,0.0,1820.0,0.9990243696100178,1.0286677595791802,157.0,127.0,0.615686274509804
1694,1.0,0.0,1821.0,0.9990370470007084,1.0286804369698708,158.0,127.0,0.6196078431372549
1695,1.0,0.0,1821.0,0.9990110861757502,1.0302146545643422,159.0,126.0,0.6235294117647059
1696,1.0,0.0,1822.0,0.9990225275208484,1.0302260959094405,160.0,126.0,0.6274509803921569
1697,1.0,0.0,1823.0,0.9990333967986917,1.0302369651872838,161.0,126.0,0.6313725490196078
1698,1.0,0.0,1823.0,0.9990037180377856,1.0318495794994615,161.0,125.0,0.6313725490196078
1699,1.0,0.0,1824.0,0.9990135275610392,1.031859389022715,162.0,125.0,0.6352941176470588
1700,1.0,0.0,1825.0,0.9990228466081301,1.031868708069806,163.0,125.0,0.6392156862745098
1701,1.0,0.0,1826.0,0.9990316997028664,1.031877561164542,164.0,125.0,0.6431372549019608
1702,1.0,0.0,1827.0,0.999040110142866,1.0318859716045417,165.0,125.0,0.6470588235294118
1703,1.0,0.0,1827.0,0.9990059899820685,1.0335805809943588,166.0,124.0,0.6509803921568628
1704,1.0,0.0,1828.0,0.9990135804041682,1.0335881714164585,167.0,124.0,0.6549019607843137
1705,1.0,0.0,1829.0,0.9990207913051627,1.033595382317453,168.0,124.0,0.6588235294117647
1706,1.0,0.0,1830.0,0.9990276416611077,1.033602232673398,169.0,124.0,0.6627450980392157
1707,1.0,0.0,1831.0,0.9990341494992552,1.0336087405115455,169.0,124.0,0.6627450980392157
1708,1.0,0.0,1832.0,0.9990403319454955,1.0336149229577858,170.0,124.0,0.6666666666666666
1709,1.0,0.0,1832.0,0.99900187887069,1.0353961851994167,171.0,123.0,0.6705882352941176
1710,1.0,0.0,1833.0,0.9990074585284219,1.0354017648571485,172.0,123.0,0.6745098039215687
1711,1.0,0.0,1834.0,0.9990127592032672,1.0354070655319938,173.0,123.0,0.6784313725490196
1712,1.0,0.0,1835.0,0.9990177948443701,1.0354121011730968,174.0,123.0,0.6823529411764706
1713,1.0,0.0,1836.0,0.9990225787034179,1.0354168850321446,175.0,123.0,0.6862745098039216
1714,1.0,0.0,1837.0,0.9990271233695134,1.03542142969824,176.0,123.0,0.6901960784313725
1715,1.0,0.0,1838.0,0.999031440802304,1.0354257471310306,177.0,123.0,0.6941176470588235
1716,1.0,0.0,1839.0,0.9990355423634552,1.0354298486921818,178.0,123.0,0.6980392156862745
1717,1.0,0.0,1840.0,0.9990394388465487,1.0354337451752753,179.0,123.0,0.7019607843137254
1718,1.0,0.0,1841.0,0.9990431405054876,1.0354374468342142,180.0,123.0,0.7058823529411765
1719,1.0,0.0,1842.0,0.9990466570814795,1.0354409634102062,179.0,123.0,0.7019607843137254
1720,1.0,0.0,1842.0,0.9990033384615837,1.0373131345970854,178.0,122.0,0.6980392156862745
1721,1.0,0.0,1843.0,0.9990065121714164,1.0373163083069181,177.0,122.0,0.6941176470588235
1722,1.0,0.0,1844.0,0.9990095271957575,1.0373193233312592,176.0,122.0,0.6901960784313725
1723,1.0,0.0,1845.0,0.9990123914688815,1.0373221876043832,174.0,122.0,0.6823529411764706
1724,1.0,0.0,1846.0,0.9990151125283495,1.0373249086638512,173.0,122.0,0.6784313725490196
1725,1.0,0.0,1847.0,0.9990176975348439,1.0373274936703456,171.0,122.0,0.6705882352941176
1726,1.0,0.0,1848.0,0.9990201532910137,1.0373299494265154,168.0,122.0,0.6588235294117647
1727,1.0,0.0,1849.0,0.9990224862593748,1.0373322823948765,165.0,122.0,0.6470588235294118
1728,1.0,0.0,1850.0,0.999024702579318,1.0373344987148196,162.0,122.0,0.6352941176470588
1729,1.0,0.0,1851.0,0.999026808083264,1.0373366042187657,157.0,122.0,0.615686274509804
1730,1.0,0.0,1852.0,0.9990288083120127,1.0373386044475144,151.0,122.0,0.592156862745098
1731,1.0,0.0,1853.0,0.999030708529324,1.0373405046648256,140.0,122.0,0.5490196078431373
1732,1.0,0.0,1854.0,0.9990325137357698,1.0373423098712715,129.0,122.0,0.5058823529411764
1733,1.0,0.0,1855.0,0.9990342286818932,1.0373440248173948,130.0,122.0,0.5098039215686274
1734,1.0,0.0,1856.0,0.9990358578807106,1.0373456540162123,130.0,122.0,0.5098039215686274
1735,1.0,0.0,1857.0,0.999037405619587,1.0373472017550887,131.0,122.0,0.5137254901960784
1736,1.0,0.0,1858.0,0.9990388759715194,1.037348672107021,131.0,122.0,0.5137254901960784
1737,1.0,0.0,1859.0,0.9990402728058554,1.037350068941357,132.0,122.0,0.5176470588235295
1738,1.0,0.0,1860.0,0.9990415997984745,1.0373513959339762,132.0,122.0,0.5176470588235295
1739,1.0,0.0,1861.0,0.9990428604414627,1.0373526565769644,133.0,122.0,0.5215686274509804
1740,1.0,0.0,1862.0,0.9990440580523017,1.0373538541878033,133.0,122.0,0.5215686274509804
1741,1.0,0.0,1863.0,0.9990451957825985,1.0373549919181002,134.0,122.0,0.5254901960784314
1742,1.0,0.0,1864.0,0.9990462766263806,1.0373560727618822,134.0,122.0,0.5254901960784314
1743,1.0,0.0,1865.0,0.9990473034279734,1.037357099563475,135.0,122.0,0.5294117647058824
1744,1.0,0.0,1866.0,0.9990482788894866,1.0373580750249882,135.0,122.0,0.5294117647058824
1745,1.0,0.0,1866.0,0.9990000904546735,1.0393261916499386,136.0,121.0,0.5333333333333333
1746,1.0,0.0,1867.0,0.9990009708086892,1.0393270720039542,136.0,121.0,0.5333333333333333
1747,1.0,0.0,1868.0,0.9990018071450042,1.0393279083402691,137.0,121.0,0.5372549019607843
1748,1.0,0.0,1869.0,0.9990026016645034,1.0393287028597684,137.0,121.0,0.5372549019607843
1749,1.0,0.0,1870.0,0.9990033564580276,1.0393294576532925,138.0,121.0,0.5411764705882353
1750,1.0,0.0,1871.0,0.9990040735118756,1.0393301747071406,138.0,121.0,0.5411764705882353
1751,1.0,0.0,1872.0,0.9990047547130312,1.039330855908296,139.0,121.0,0.5450980392156862
1752,1.0,0.0,1873.0,0.999005401854129,1.039331503049394,139.0,121.0,0.5450980392156862
1753,1.0,0.0,1874.0,0.9990060166381719,1.039332117833437,140.0,121.0,0.5490196078431373
1754,1.0,0.0,1875.0,0.9990066006830127,1.0393327018782776,140.0,121.0,0.5490196078431373
1755,1.0,0.0,1876.0,0.9990071555256115,1.0393332567208764,140.0,121.0,0.5490196078431373
1756,1.0,0.0,1877.0,0.9990076826260803,1.0393337838213452,141.0,121.0,0.5529411764705883
1757,1.0,0.0,1878.0,0.9990081833715256,1.0393342845667906,141.0,121.0,0.5529411764705883
1758,1.0,0.0,1879.0,0.9990086590796987,1.0393347602749636,142.0,121.0,0.5568627450980392
1759,1.0,0.0,1880.0,0.9990091110024631,1.0393352121977282,142.0,121.0,0.5568627450980392
1760,1.0,0.0,1881.0,0.9990095403290894,1.0393356415243544,143.0,121.0,0.5607843137254902
1761,1.0,0.0,1882.0,0.9990099481893843,1.0393360493846493,143.0,121.0,0.5607843137254902
1762,1.0,0.0,1883.0,0.9990103356566644,1.0393364368519293,144.0,121.0,0.5647058823529412
1763,1.0,0.0,1884.0,0.9990107037505805,1.0393368049458456,144.0,121.0,0.5647058823529412
1764,1.0,0.0,1885.0,0.9990110534398009,1.0393371546350658,145.0,121.0,0.5686274509803921
1765,1.0,0.0,1886.0,0.9990113856445603,1.0393374868398253,145.0,121.0,0.5686274509803921
1766,1.0,0.0,1887.0,0.9990117012390817,1.0393378024343467,146.0,121.0,0.5725490196078431
1767,1.0,0.0,1888.0,0.999012001053877,1.039338102249142,146.0,121.0,0.5725490196078431
1768,1.0,0.0,1889.0,0.9990122858779326,1.0393383870731976,147.0,121.0,0.5764705882352941
1769,1.0,0.0,1890.0,0.9990125564607854,1.0393386576560504,147.0,121.0,0.5764705882352941
1770,1.0,0.0,1891.0,0.9990128135144954,1.0393389147097605,148.0,121.0,0.5803921568627451
1771,1.0,0.0,1892.0,0.9990130577155201,1.039339158910785,148.0,121.0,0.5803921568627451
1772,1.0,0.0,1893.0,0.9990132897064935,1.0393393909017585,149.0,121.0,0.5843137254901961
1773,1.0,0.0,1894.0,0.9990135100979182,1.0393396112931832,149.0,121.0,0.5843137254901961
1774,1.0,0.0,1895.0,0.9990137194697717,1.0393398206650366,150.0,121.0,0.5882352941176471
1775,1.0,0.0,1896.0,0.9990139183730324,1.0393400195682974,150.0,121.0,0.5882352941176471
1776,1.0,0.0,1897.0,0.9990141073311302,1.0393402085263952,151.0,121.0,0.592156862745098
1777,1.0,0.0,1898.0,0.9990142868413231,1.0393403880365881,151.0,121.0,0.592156862745098
1778,1.0,0.0,1899.0,0.9990144573760064,1.0393405585712714,151.0,121.0,0.592156862745098
1779,1.0,0.0,1900.0,0.9990146193839554,1.0393407205792204,152.0,121.0,0.596078431372549
1780,1.0,0.0,1901.0,0.999014773291507,1.039340874486772,152.0,121.0,0.596078431372549
1781,1.0,0.0,1902.0,0.999014919503681,1.039341020698946,153.0,121.0,0.6
1782,1.0,0.0,1903.0,0.9990150584052464,1.0393411596005113,153.0,121.0,0.6
1783,1.0,0.0,1904.0,0.9990151903617335,1.0393412915569984,154.0,121.0,0.6039215686274509
1784,1.0,0.0,1905.0,0.9990153157203961,1.0393414169156612,154.0,121.0,0.6039215686274509
1785,1.0,0.0,1906.0,0.9990154348111258,1.0393415360063907,155.0,121.0,0.6078431372549019
1786,1.0,0.0,1907.0,0.9990155479473188,1.0393416491425838,155.0,121.0,0.6078431372549019
1787,1.0,0.0,1908.0,0.9990156554267022,1.0393417566219671,156.0,121.0,0.611764705882353
1788,1.0,0.0,1909.0,0.9990157575321165,1.0393418587273815,156.0,121.0,0.611764705882353
1789,1.0,0.0,1910.0,0.99901585453226,1.039341955727525,157.0,121.0,0.615686274509804
1790,1.0,0.0,1911.0,0.9990159466823965,1.0393420478776614,157.0,121.0,0.615686274509804
1791,1.0,0.0,1912.0,0.999016034225026,1.039342135420291,157.0,121.0,0.615686274509804
1792,1.0,0.0,1913.0,0.9990161173905241,1.039342218585789,158.0,121.0,0.6196078431372549
1793,1.0,0.0,1914.0,0.9990161963977473,1.0393422975930122,158.0,121.0,0.6196078431372549
1794,1.0,0.0,1915.0,0.9990162714546094,1.0393423726498743,159.0,121.0,0.6235294117647059
1795,1.0,0.0,1916.0,0.9990163427586283,1.0393424439538932,159.0,121.0,0.6235294117647059
1796,1.0,0.0,1917.0,0.9990164104974463,1.0393425116927113,160.0,121.0,0.6274509803921569
1797,1.0,0.0,1918.0,0.9990164748493233,1.0393425760445882,160.0,121.0,0.6274509803921569
1798,1.0,0.0,1919.0,0.9990165359836065,1.0393426371788714,161.0,121.0,0.6313725490196078
1799,1.0,0.0,1920.0,0.9990165940611756,1.0393426952564406,161.0,121.0,0.6313725490196078
1800,1.0,0.0,1921.0,0.9990166492348662,1.0393427504301311,162.0,121.0,0.6352941176470588
1801,1.0,0.0,1922.0,0.9990167016498723,1.0393428028451372,162.0,121.0,0.6352941176470588
1802,1.0,0.0,1923.0,0.999016751444128,1.039342852639393,162.0,121.0,0.6352941176470588
1803,1.0,0.0,1924.0,0.999016798748671,1.039342899943936,163.0,121.0,0.6392156862745098
1804,1.0,0.0,1925.0,0.9990168436879868,1.0393429448832519,163.0,121.0,0.6392156862745098
1805,1.0,0.0,1926.0,0.9990168863803369,1.039342987575602,164.0,121.0,0.6431372549019608
1806,1.0,0.0,1927.0,0.9990169269380694,1.0393430281333345,164.0,121.0,0.6431372549019608
1807,1.0,0.0,1928.0,0.9990169654679153,1.0393430666631802,165.0,121.0,0.6470588235294118
1808,1.0,0.0,1929.0,0.9990170020712689,1.039343103266534,165.0,121.0,0.6470588235294118
1809,1.0,0.0,1930.0,0.9990170368444549,1.0393431380397198,165.0,121.0,0.6470588235294118
1810,1.0,0.0,1931.0,0.9990170698789815,1.0393431710742465,166.0,121.0,0.6509803921568628
1811,1.0,0.0,1932.0,0.9990171012617819,1.0393432024570468,166.0,121.0,0.6509803921568628
1812,1.0,0.0,1933.0,0.9990171310754422,1.0393432322707072,167.0,121.0,0.6549019607843137
1813,1.0,0.0,1934.0,0.9990171593984195,1.0393432605936845,167.0,121.0,0.6549019607843137
1814,1.0,0.0,1935.0,0.9990171863052479,1.0393432875005129,166.0,121.0,0.6509803921568628
1815,1.0,0.0,1936.0,0.999017211866735,1.039343313062,159.0,121.0,0.6235294117647059
1816,1.0,0.0,1937.0,0.9990172361501476,1.0393433373454126,155.0,121.0,0.6078431372549019
1817,1.0,0.0,1938.0,0.9990172592193896,1.0393433604146545,153.0,121.0,0.6
1818,1.0,0.0,1939.0,0.9990172811351694,1.0393433823304343,151.0,121.0,0.592156862745098
1819,1.0,0.0,1940.0,0.9990173019551604,1.0393434031504254,150.0,121.0,0.5882352941176471
1820,1.0,0.0,1941.0,0.9990173217341517,1.0393434229294167,148.0,121.0,0.5803921568627451
1821,1.0,0.0,1942.0,0.9990173405241936,1.0393434417194585,147.0,121.0,0.5764705882352941
1822,1.0,0.0,1943.0,0.9990173583747333,1.0393434595699982,145.0,121.0,0.5686274509803921
1823,1.0,0.0,1944.0,0.999017375332746,1.039343476528011,143.0,121.0,0.5607843137254902
1824,1.0,0.0,1945.0,0.9990173914428582,1.039343492638123,143.0,121.0,0.5607843137254902
1825,1.0,0.0,1946.0,0.9990174067474646,1.0393435079427296,141.0,121.0,0.5529411764705883
1826,1.0,0.0,1947.0,0.9990174212868408,1.0393435224821057,141.0,121.0,0.5529411764705883
1827,1.0,0.0,1948.0,0.9990174350992481,1.0393435362945131,139.0,121.0,0.5450980392156862
1828,1.0,0.0,1949.0,0.9990174482210351,1.0393435494163001,138.0,121.0,0.5411764705882353
1829,1.0,0.0,1950.0,0.9990174606867327,1.0393435618819977,138.0,121.0,0.5411764705882353
1830,1.0,0.0,1951.0,0.9990174725291454,1.0393435737244103,136.0,121.0,0.5333333333333333
1831,1.0,0.0,1952.0,0.9990174837794376,1.0393435849747026,135.0,121.0,0.5294117647058824
1832,1.0,0.0,1953.0,0.9990174944672151,1.0393435956624801,134.0,121.0,0.5254901960784314
1833,1.0,0.0,1954.0,0.9990175046206038,1.0393436058158687,133.0,121.0,0.5215686274509804
1834,1.0,0.0,1955.0,0.999017514266323,1.039343615461588,133.0,121.0,0.5215686274509804
1835,1.0,0.0,1956.0,0.9990175234297562,1.0393436246250212,132.0,121.0,0.5176470588235295
1836,1.0,0.0,1957.0,0.9990175321350179,1.0393436333302828,131.0,121.0,0.5137254901960784
1837,1.0,0.0,1958.0,0.9990175404050163,1.0393436416002813,130.0,121.0,0.5098039215686274
1838,1.0,0.0,1959.0,0.9990175482615149,1.0393436494567798,129.0,121.0,0.5058823529411764
1839,1.0,0.0,1960.0,0.9990175557251886,1.0393436569204535,128.0,121.0,0.5019607843137255
1840,1.0,0.0,1961.0,0.9990175628156786,1.0393436640109435,128.0,121.0,0.5019607843137255
1841,1.0,0.0,1962.0,0.999017569551644,1.039343670746909,127.0,121.0,0.4980392156862745
1842,1.0,0.0,1963.0,0.9990175759508112,1.0393436771460762,125.0,121.0,0.49019607843137253
1843,1.0,0.0,1964.0,0.99901758203002,1.039343683225285,125.0,121.0,0.49019607843137253
1844,1.0,0.0,1965.0,0.9990175878052684,1.0393436890005334,124.0,121.0,0.48627450980392156
1845,1.0,0.0,1966.0,0.9990175932917543,1.0393436944870194,123.0,121.0,0.4823529411764706
1846,1.0,0.0,1967.0,0.999017598503916,1.039343699699181,123.0,121.0,0.4823529411764706
1847,1.0,0.0,1968.0,0.9990176034554696,1.0393437046507346,122.0,121.0,0.47843137254901963
1848,1.0,0.0,1969.0,0.9990176081594455,1.0393437093547104,122.0,121.0,0.47843137254901963
1849,1.0,0.0,1970.0,0.9990176126282226,1.0393437138234876,122.0,121.0,0.47843137254901963
1850,1.0,0.0,1971.0,0.9990176168735609,1.0393437180688259,122.0,121.0,0.47843137254901963
1851,1.0,0.0,1972.0,0.9990176209066323,1.0393437221018973,122.0,121.0,0.47843137254901963
1852,1.0,0.0,1973.0,0.99901762473805,1.039343725933315,122.0,121.0,0.47843137254901963
1853,1.0,0.0,1974.0,0.9990176283778969,1.0393437295731618,122.0,121.0,0.47843137254901963
1854,1.0,0.0,1975.0,0.9990176318357514,1.0393437330310165,122.0,121.0,0.47843137254901963
1855,1.0,0.0,1976.0,0.9990176351207133,1.0393437363159783,122.0,121.0,0.47843137254901963
1856,1.0,0.0,1977.0,0.999017638241427,1.039343739436692,122.0,121.0,0.47843137254901963
1857,1.0,0.0,1978.0,0.999017641206105,1.03934374240137,122.0,121.0,0.47843137254901963
1858,1.0,0.0,1979.0,0.9990176440225492,1.0393437452178143,122.0,121.0,0.47843137254901963
1859,1.0,0.0,1980.0,0.9990176466981712,1.0393437478934362,122.0,121.0,0.47843137254901963
1860,1.0,0.0,1981.0,0.999017649240012,1.039343750435277,122.0,121.0,0.47843137254901963
1861,1.0,0.0,1982.0,0.9990176516547608,1.0393437528500258,122.0,121.0,0.47843137254901963
1862,1.0,0.0,1983.0,0.9990176539487721,1.039343755144037,122.0,121.0,0.47843137254901963
1863,1.0,0.0,1984.0,0.9990176561280828,1.0393437573233477,122.0,121.0,0.47843137254901963
1864,1.0,0.0,1985.0,0.999017658198428,1.039343759393693,122.0,121.0,0.47843137254901963
1865,1.0,0.0,1986.0,0.9990176601652561,1.039343761360521,122.0,121.0,0.47843137254901963
1866,1.0,0.0,1987.0,0.9990176620337426,1.0393437632290077,121.0,121.0,0.4745098039215686
1867,1.0,0.0,1988.0,0.9990176638088049,1.0393437650040698,121.0,121.0,0.4745098039215686
1868,1.0,0.0,1989.0,0.999017665495114,1.0393437666903789,121.0,121.0,0.4745098039215686
1869,1.0,0.0,1990.0,0.9990176670971076,1.0393437682923725,121.0,121.0,0.4745098039215686
1870,1.0,0.0,1991.0,0.9990176686190017,1.0393437698142667,121.0,121.0,0.4745098039215686
1871,1.0,0.0,1992.0,0.9990176700648009,1.039343771260066,121.0,121.0,0.4745098039215686
1872,1.0,0.0,1993.0,0.9990176714383102,1.0393437726335752,121.0,121.0,0.4745098039215686
1873,1.0,0.0,1994.0,0.9990176727431441,1.039343773938409,121.0,121.0,0.4745098039215686
1874,1.0,0.0,1995.0,0.9990176739827363,1.0393437751780013,121.0,121.0,0.4745098039215686
1875,1.0,0.0,1996.0,0.9990176751603489,1.039343776355614,121.0,121.0,0.4745098039215686
1876,1.0,0.0,1997.0,0.9990176762790809,1.039343777474346,121.0,121.0,0.4745098039215686
1877,1.0,0.0,1998.0,0.9990176773418762,1.039343778537141,121.0,121.0,0.4745098039215686
1878,1.0,0.0,1999.0,0.9990176783515318,1.0393437795467968,121.0,121.0,0.4745098039215686
1879,1.0,0.0,2000.0,0.9990176793107046,1.0393437805059695,121.0,121.0,0.4745098039215686
1880,1.0,0.0,2001.0,0.9990176802219187,1.0393437814171838,121.0,121.0,0.4745098039215686
1881,1.0,0.0,2002.0,0.9990176810875722,1.039343782282837,121.0,121.0,0.4745098039215686
1882,1.0,0.0,2003.0,0.9990176819099429,1.039343783105208,121.0,121.0,0.4745098039215686
1883,1.0,0.0,2004.0,0.9990176826911952,1.03934378388646,121.0,121.0,0.4745098039215686
1884,1.0,0.0,2005.0,0.9990176834333848,1.0393437846286497,121.0,121.0,0.4745098039215686
1885,1.0,0.0,2006.0,0.9990176841384649,1.03934378533373,121.0,121.0,0.4745098039215686
1886,1.0,0.0,2007.0,0.9990176848082911,1.0393437860035561,121.0,121.0,0.4745098039215686
1887,1.0,0.0,2008.0,0.999017685444626,1.039343786639891,121.0,121.0,0.4745098039215686
1888,1.0,0.0,2009.0,0.9990176860491441,1.0393437872444091,121.0,121.0,0.4745098039215686
1889,1.0,0.0,2010.0,0.9990176866234363,1.0393437878187013,121.0,121.0,0.4745098039215686
1890,1.0,0.0,2011.0,0.9990176871690138,1.0393437883642789,121.0,121.0,0.4745098039215686
1891,1.0,0.0,2012.0,0.9990176876873126,1.0393437888825776,121.0,121.0,0.4745098039215686
1892,1.0,0.0,2013.0,0.9990176881796964,1.0393437893749613,121.0,121.0,0.4745098039215686
1893,1.0,0.0,2014.0,0.999017688647461,1.039343789842726,121.0,121.0,0.4745098039215686
1894,1.0,0.0,2015.0,0.9990176890918373,1.0393437902871023,121.0,121.0,0.4745098039215686
1895,1.0,0.0,2016.0,0.9990176895139948,1.0393437907092598,121.0,121.0,0.4745098039215686
1896,1.0,0.0,2017.0,0.9990176899150445,1.0393437911103094,121.0,121.0,0.4745098039215686
1897,1.0,0.0,2018.0,0.9990176902960416,1.0393437914913066,121.0,121.0,0.4745098039215686
1898,1.0,0.0,2019.0,0.999017690657989,1.039343791853254,121.0,121.0,0.4745098039215686
1899,1.0,0.0,2020.0,0.9990176910018389,1.0393437921971038,121.0,121.0,0.4745098039215686
1900,1.0,0.0,2021.0,0.9990176913284964,1.0393437925237614,121.0,121.0,0.4745098039215686
1901,1.0,0.0,2022.0,0.9990176916388209,1.0393437928340858,121.0,121.0,0.4745098039215686
1902,1.0,0.0,2023.0,0.9990176919336292,1.0393437931288942,121.0,121.0,0.4745098039215686
1903,1.0,0.0,2024.0,0.9990176922136972,1.0393437934089622,121.0,121.0,0.4745098039215686
1904,1.0,0.0,2025.0,0.9990176924797617,1.0393437936750267,121.0,121.0,0.4745098039215686
1905,1.0,0.0,2026.0,0.9990176927325229,1.0393437939277879,121.0,121.0,0.4745098039215686
1906,1.0,0.0,2027.0,0.9990176929726462,1.0393437941679111,121.0,121.0,0.4745098039215686
1907,1.0,0.0,2028.0,0.9990176932007633,1.0393437943960282,121.0,121.0,0.4745098039215686
1908,1.0,0.0,2029.0,0.9990176934174745,1.0393437946127395,121.0,121.0,0.4745098039215686
1909,1.0,0.0,2030.0,0.9990176936233501,1.039343794818615,121.0,121.0,0.4745098039215686
1910,1.0,0.0,2031.0,0.999017693818932,1.039343795014197,121.0,121.0,0.4745098039215686
1911,1.0,0.0,2032.0,0.9990176940047348,1.0393437951999998,121.0,121.0,0.4745098039215686
1912,1.0,0.0,2033.0,0.9990176941812475,1.0393437953765126,121.0,121.0,0.4745098039215686
1913,1.0,0.0,2034.0,0.9990176943489345,1.0393437955441995,121.0,121.0,0.4745098039215686
1914,1.0,0.0,2035.0,0.9990176945082372,1.039343795703502,121.0,121.0,0.4745098039215686
1915,1.0,0.0,2036.0,0.9990176946595747,1.0393437958548397,121.0,121.0,0.4745098039215686
1916,1.0,0.0,2037.0,0.9990176948033453,1.0393437959986103,121.0,121.0,0.4745098039215686
1917,1.0,0.0,2038.0,0.9990176949399274,1.0393437961351923,121.0,121.0,0.4745098039215686
1918,1.0,0.0,2039.0,0.9990176950696804,1.0393437962649454,121.0,121.0,0.4745098039215686
1919,1.0,0.0,2040.0,0.9990176951929458,1.0393437963882108,121.0,121.0,0.4745098039215686
1920,1.0,0.0,2041.0,0.9990176953100479,1.039343796505313,121.0,121.0,0.4745098039215686
1921,1.0,0.0,2042.0,0.9990176954212949,1.03934379661656,121.0,121.0,0.4745098039215686
1922,1.0,0.0,2043.0,0.9990176955269796,1.0393437967222445,121.0,121.0,0.4745098039215686
1923,1.0,0.0,2044.0,0.99901769562738,1.0393437968226449,121.0,121.0,0.4745098039215686
1924,1.0,0.0,2045.0,0.9990176957227603,1.0393437969180253,121.0,121.0,0.4745098039215686
1925,1.0,0.0,2046.0,0.9990176958133717,1.0393437970086368,121.0,121.0,0.4745098039215686
1926,1.0,0.0,2047.0,0.9990176958994526,1.0393437970947175,121.0,121.0,0.4745098039215686
1927,1.0,0.0,2048.0,0.9990176959812294,1.0393437971764943,121.0,121.0,0.4745098039215686
1928,1.0,0.0,2049.0,0.9990176960589173,1.0393437972541824,121.0,121.0,0.4745098039215686
1929,1.0,0.0,2050.0,0.9990176961327208,1.0393437973279858,121.0,121.0,0.4745098039215686
1930,1.0,0.0,2051.0,0.9990176962028342,1.0393437973980992,121.0,121.0,0.4745098039215686
1931,1.0,0.0,2052.0,0.9990176962694419,1.0393437974647068,121.0,121.0,0.4745098039215686
1932,1.0,0.0,2053.0,0.9990176963327192,1.0393437975279842,121.0,121.0,0.4745098039215686
1933,1.0,0.0,2054.0,0.9990176963928327,1.0393437975880977,121.0,121.0,0.4745098039215686
1934,1.0,0.0,2055.0,0.9990176964499404,1.0393437976452053,121.0,121.0,0.4745098039215686
1935,1.0,0.0,2056.0,0.9990176965041928,1.0393437976994577,121.0,121.0,0.4745098039215686
1936,1.0,0.0,2057.0,0.9990176965557326,1.0393437977509976,121.0,121.0,0.4745098039215686
1937,1.0,0.0,2058.0,0.9990176966046953,1.0393437977999602,121.0,121.0,0.4745098039215686
1938,1.0,0.0,2059.0,0.9990176966512099,1.0393437978464748,121.0,121.0,0.4745098039215686
1939,1.0,0.0,2060.0,0.9990176966953987,1.0393437978906637,121.0,121.0,0.4745098039215686
1940,1.0,0.0,2061.0,0.9990176967373782,1.0393437979326432,121.0,121.0,0.4745098039215686
1941,1.0,0.0,2062.0,0.9990176967772586,1.0393437979725235,121.0,121.0,0.4745098039215686
1942,1.0,0.0,2063.0,0.9990176968151451,1.03934379801041,121.0,121.0,0.4745098039215686
1943,1.0,0.0,2064.0,0.9990176968511372,1.0393437980464022,121.0,121.0,0.4745098039215686
1944,1.0,0.0,2065.0,0.9990176968853297,1.0393437980805946,121.0,121.0,0.4745098039215686
1945,1.0,0.0,2066.0,0.9990176969178126,1.0393437981130775,121.0,121.0,0.4745098039215686
1946,1.0,0.0,2067.0,0.9990176969486714,1.0393437981439364,121.0,121.0,0.4745098039215686
1947,1.0,0.0,2068.0,0.9990176969779871,1.039343798173252,121.0,121.0,0.4745098039215686
1948,1.0,0.0,2069.0,0.9990176970058372,1.0393437982011022,121.0,121.0,0.4745098039215686
1949,1.0,0.0,2070.0,0.9990176970322947,1.0393437982275597,121.0,121.0,0.4745098039215686
1950,1.0,0.0,2071.0,0.9990176970574294,1.0393437982526943,121.0,121.0,0.4745098039215686
1951,1.0,0.0,2072.0,0.9990176970813073,1.0393437982765723,121.0,121.0,0.4745098039215686
1952,1.0,0.0,2073.0,0.9990176971039914,1.0393437982992564,121.0,121.0,0.4745098039215686
1953,1.0,0.0,2074.0,0.9990176971255412,1.0393437983208063,121.0,121.0,0.4745098039215686
1954,1.0,0.0,2075.0,0.9990176971460135,1.0393437983412785,121.0,121.0,0.4745098039215686
1955,1.0,0.0,2076.0,0.9990176971654622,1.0393437983607272,121.0,121.0,0.4745098039215686
1956,1.0,0.0,2077.0,0.9990176971839385,1.0393437983792035,121.0,121.0,0.4745098039215686
1957,1.0,0.0,2078.0,0.999017697201491,1.039343798396756,121.0,121.0,0.4745098039215686
1958,1.0,0.0,2079.0,0.9990176972181659,1.0393437984134308,121.0,121.0,0.4745098039215686
1959,1.0,0.0,2080.0,0.999017697234007,1.039343798429272,121.0,121.0,0.4745098039215686
1960,1.0,0.0,2081.0,0.9990176972490561,1.039343798444321,121.0,121.0,0.4745098039215686
1961,1.0,0.0,2082.0,0.9990176972633527,1.0393437984586176,121.0,121.0,0.4745098039215686
1962,1.0,0.0,2083.0,0.9990176972769345,1.0393437984721994,121.0,121.0,0.4745098039215686
1963,1.0,0.0,2084.0,0.9990176972898371,1.0393437984851022,121.0,121.0,0.4745098039215686
1964,1.0,0.0,2085.0,0.9990176973020947,1.0393437984973597,121.0,121.0,0.4745098039215686
1965,1.0,0.0,2086.0,0.9990176973137394,1.0393437985090044,121.0,121.0,0.4745098039215686
1966,1.0,0.0,2087.0,0.9990176973248017,1.0393437985200666,121.0,121.0,0.4745098039215686
1967,1.0,0.0,2088.0,0.999017697335311,1.039343798530576,121.0,121.0,0.4745098039215686
1968,1.0,0.0,2089.0,0.9990176973452948,1.0393437985405598,121.0,121.0,0.4745098039215686
1969,1.0,0.0,2090.0,0.9990176973547794,1.0393437985500444,121.0,121.0,0.4745098039215686
1970,1.0,0.0,2091.0,0.9990176973637899,1.0393437985590548,121.0,121.0,0.4745098039215686
1971,1.0,0.0,2092.0,0.9990176973723498,1.0393437985676148,121.0,121.0,0.4745098039215686
1972,1.0,0.0,2093.0,0.9990176973804817,1.0393437985757468,121.0,121.0,0.4745098039215686
1973,1.0,0.0,2094.0,0.999017697388207,1.039343798583472,121.0,121.0,0.4745098039215686
1974,1.0,0.0,2095.0,0.999017697395546,1.039343798590811,121.0,121.0,0.4745098039215686
1975,1.0,0.0,2096.0,0.9990176974025181,1.0393437985977831,121.0,121.0,0.4745098039215686
1976,1.0,0.0,2097.0,0.9990176974091416,1.0393437986044065,121.0,121.0,0.4745098039215686
1977,1.0,0.0,2098.0,0.9990176974154339,1.0393437986106988,121.0,121.0,0.4745098039215686
1978,1.0,0.0,2099.0,0.9990176974214116,1.0393437986166765,121.0,121.0,0.4745098039215686
1979,1.0,0.0,2100.0,0.9990176974270903,1.0393437986223553,121.0,121.0,0.4745098039215686
1980,1.0,0.0,2101.0,0.9990176974324853,1.0393437986277503,121.0,121.0,0.4745098039215686
1981,1.0,0.0,2102.0,0.9990176974376104,1.0393437986328753,121.0,121.0,0.4745098039215686
1982,1.0,0.0,2103.0,0.9990176974424793,1.0393437986377443,121.0,121.0,0.4745098039215686
1983,1.0,0.0,2104.0,0.9990176974471047,1.0393437986423697,121.0,121.0,0.4745098039215686
1984,1.0,0.0,2105.0,0.9990176974514988,1.0393437986467637,121.0,121.0,0.4745098039215686
1985,1.0,0.0,2106.0,0.9990176974556733,1.0393437986509382,121.0,121.0,0.4745098039215686
1986,1.0,0.0,2107.0,0.999017697459639,1.039343798654904,121.0,121.0,0.4745098039215686
1987,1.0,0.0,2108.0,0.9990176974634064,1.0393437986586713,121.0,121.0,0.4745098039215686
1988,1.0,0.0,2109.0,0.9990176974669854,1.0393437986622505,121.0,121.0,0.4745098039215686
1989,1.0,0.0,2110.0,0.9990176974703856,1.0393437986656506,121.0,121.0,0.4745098039215686
1990,1.0,0.0,2111.0,0.9990176974736157,1.0393437986688807,121.0,121.0,0.4745098039215686
1991,1.0,0.0,2112.0,0.9990176974766843,1.0393437986719494,121.0,121.0,0.4745098039215686
1992,1.0,0.0,2113.0,0.9990176974795996,1.0393437986748646,121.0,121.0,0.4745098039215686
1993,1.0,0.0,2114.0,0.999017697482369,1.039343798677634,121.0,121.0,0.4745098039215686
1994,1.0,0.0,2115.0,0.9990176974849999,1.039343798680265,121.0,121.0,0.4745098039215686
1995,1.0,0.0,2117.0,0.9990151124810125,1.0373249086165142,121.0,122.0,0.4745098039215686
1996,1.0,0.0,2118.0,0.9990123914239271,1.0373221875594287,121.0,122.0,0.4745098039215686
1997,1.0,0.0,2119.0,0.9990095271530671,1.037319323288569,121.0,122.0,0.4745098039215686
1998,1.0,0.0,2120.0,0.9990065121308778,1.0373163082663794,121.0,122.0,0.4745098039215686
1999,1.0,0.0,2121.0,0.9990033384230902,1.037313134558592,121.0,122.0,0.4745098039215686
2000,1.0,0.0,2123.0,0.9990466570449297,1.0354409633736563,121.0,123.0,0.4745098039215686
2001,1.0,0.0,2124.0,0.9990431404707854,1.035437446799512,121.0,123.0,0.4745098039215686
2002,1.0,0.0,2125.0,0.9990394388136027,1.0354337451423292,121.0,123.0,0.4745098039215686
2003,1.0,0.0,2126.0,0.9990355423321786,1.0354298486609053,121.0,123.0,0.4745098039215686
2004,1.0,0.0,2127.0,0.9990314407726147,1.0354257471013413,121.0,123.0,0.4745098039215686
2005,1.0,0.0,2128.0,0.9990271233413333,1.03542142967006,121.0,123.0,0.4745098039215686
2006,1.0,0.0,2129.0,0.9990225786766727,1.0354168850053993,121.0,123.0,0.4745098039215686
2007,1.0,0.0,2130.0,0.9990177948189896,1.0354121011477162,121.0,123.0,0.4745098039215686
2008,1.0,0.0,2131.0,0.9990127591791844,1.035407065507911,121.0,123.0,0.4745098039215686
2009,1.0,0.0,2133.0,0.9990051255372192,1.0335797165495095,121.0,124.0,0.4745098039215686
2010,1.0,0.0,2135.0,0.9990392002032962,1.031885061664972,121.0,125.0,0.4745098039215686
2011,1.0,0.0,2136.0,0.9990307418739981,1.0318766033356739,121.0,125.0,0.4745098039215686
2012,1.0,0.0,2137.0,0.9990218383693612,1.031867699831037,121.0,125.0,0.4745098039215686
2013,1.0,0.0,2138.0,0.9990124662591098,1.0318583277207856,121.0,125.0,0.4745098039215686
2014,1.0,0.0,2139.0,0.9990026008797959,1.0318484623414717,121.0,125.0,0.4745098039215686
2015,1.0,0.0,2141.0,0.999032220844752,1.030235789233344,121.0,126.0,0.4745098039215686
2016,1.0,0.0,2142.0,0.9990212896763433,1.0302248580649354,121.0,126.0,0.4745098039215686
2017,1.0,0.0,2143.0,0.9990097831831941,1.0302133515717862,121.0,126.0,0.4745098039215686
2018,1.0,0.0,2145.0,0.9990356754311737,1.0286790654003362,121.0,127.0,0.4745098039215686
2019,1.0,0.0,2146.0,0.9990229258541108,1.0286663158232732,121.0,127.0,0.4745098039215686
2020,1.0,0.0,2147.0,0.9990095052466015,1.0286528952157639,121.0,127.0,0.4745098039215686
2021,1.0,0.0,2149.0,0.9990314824200658,1.0271927028907701,121.0,128.0,0.4745098039215686
2022,1.0,0.0,2150.0,0.9990166119406885,1.0271778324113927,121.0,128.0,0.4745098039215686
2023,1.0,0.0,2151.0,0.9990009588044376,1.027162179275142,121.0,128.0,0.4745098039215686
2024,1.0,0.0,2153.0,0.9990187807412175,1.0257719401883867,121.0,129.0,0.4745098039215686
2025,1.0,0.0,2154.0,0.9990014365458035,1.0257545959929726,121.0,129.0,0.4745098039215686
2026,1.0,0.0,2156.0,0.9990157634741941,1.0244312649490046,121.0,130.0,0.4745098039215686
2027,1.0,0.0,2158.0,0.9990275003064639,1.023172226707534,121.0,131.0,0.4745098039215686
2028,1.0,0.0,2159.0,0.9990072708904487,1.0231519972915188,121.0,131.0,0.4745098039215686
2029,1.0,0.0,2161.0,0.9990153838068456,1.0219528738878623,121.0,132.0,0.4745098039215686
2030,1.0,0.0,2163.0,0.9990209056279973,1.020811521204963,121.0,133.0,0.4745098039215686
2031,1.0,0.0,2165.0,0.9990238508850122,1.0197249356831297,121.0,134.0,0.4745098039215686
2032,1.0,0.0,2167.0,0.9990242273285665,1.018690257886778,121.0,135.0,0.4745098039215686
2033,1.0,0.0,2169.0,0.9990220359493014,1.0177047649796025,121.0,136.0,0.4745098039215686
2034,1.0,0.0,2171.0,0.999017270980429,1.016765863559215,121.0,137.0,0.4745098039215686
2035,1.0,0.0,2173.0,0.9990099198825579,1.0158710828324047,121.0,138.0,0.4745098039215686
2036,1.0,0.0,2176.0,0.9990194725409016,1.0142366721031382,121.0,140.0,0.4745098039215686
2037,1.0,0.0,2178.0,0.9990059088320284,1.0134622484161533,121.0,141.0,0.4745098039215686
2038,1.0,0.0,2181.0,0.9990064558200158,1.0120533022946885,121.0,143.0,0.4745098039215686
2039,1.0,0.0,2184.0,0.9990018770082331,1.0107766559516251,121.0,145.0,0.4745098039215686
2040,1.0,0.0,2188.0,0.9990053480120523,1.009100749108643,121.0,148.0,0.4745098039215686
2041,1.0,0.0,2192.0,0.9990010141593739,1.0076565586745634,121.0,151.0,0.4745098039215686
2042,1.0,0.0,2198.0,0.9990072288790582,1.0057047242285946,121.0,156.0,0.4745098039215686
2043,1.0,0.0,2204.0,0.9990004706096771,1.0041828648401432,121.0,161.0,0.4745098039215686
2044,1.0,0.0,2214.0,0.9990011843993318,1.0022673853040434,121.0,170.0,0.4745098039215686
2045,1.0,1.0,2225.0,0.9989811374031934,1.000936732535818,121.0,180.0,0.4745098039215686
2046,1.0,1.0,2225.0,0.998927513056368,1.0009860342486043,121.0,179.0,0.4745098039215686
2047,1.0,1.0,2226.0,0.9988737055052141,1.0009322266974505,121.0,179.0,0.4745098039215686
2048,1.0,1.0,2226.0,0.9988144268479322,1.0009812912608127,121.0,178.0,0.4745098039215686
2049,1.0,1.0,2227.0,0.9987548062926014,1.0009216707054818,121.0,178.0,0.4745098039215686
2050,1.0,1.0,2227.0,0.998689269781991,1.0009701796902861,121.0,177.0,0.4745098039215686
2051,1.0,1.0,2228.0,0.9986232082248054,1.0009041181331007,121.0,177.0,0.4745098039215686
2052,1.0,1.0,2228.0,0.998550745500071,1.0009517032982764,121.0,176.0,0.4745098039215686
2053,1.0,1.0,2229.0,0.998474468947705,1.0008754267459103,121.0,176.0,0.4745098039215686
2054,1.0,1.0,2229.0,0.9983941778399381,1.000921501838049,121.0,175.0,0.4745098039215686
2055,1.0,1.0,2229.0,0.9983096608843818,1.000970001935025,121.0,174.0,0.4745098039215686
2056,1.0,1.0,2230.0,0.9982241063616494,1.0008844474122924,121.0,174.0,0.4745098039215686
2057,1.0,1.0,2230.0,0.9981306382756339,1.000930997276311,121.0,173.0,0.4745098039215686
2058,1.0,1.0,2230.0,0.9980322508166591,1.0009799971331612,121.0,172.0,0.4745098039215686
2059,1.0,1.0,2231.0,0.9979324642323042,1.0008802105488064,121.0,172.0,0.4745098039215686
2060,1.0,1.0,2231.0,0.9978236465605033,1.0009265374199792,121.0,171.0,0.4745098039215686
2061,1.0,1.0,2231.0,0.9977091016428086,1.00097530254752,121.0,170.0,0.4745098039215686
2062,1.0,1.0,2232.0,0.9975927154822841,1.0008589163869956,121.0,170.0,0.4745098039215686
2063,1.0,1.0,2232.0,0.9974660162972979,1.0009041225127837,121.0,169.0,0.4745098039215686
2064,1.0,1.0,2232.0,0.9973326487341467,1.0009517079083423,121.0,168.0,0.4745098039215686
2065,1.0,1.0,2233.0,0.9971969016450133,1.0008159608192089,121.0,168.0,0.4745098039215686
2066,1.0,1.0,2233.0,0.9970493701527801,1.0008589061256175,121.0,167.0,0.4745098039215686
2067,1.0,1.0,2233.0,0.9968940738451593,1.000904111711304,121.0,166.0,0.4745098039215686
2068,1.0,1.0,2233.0,0.9967306040476575,1.000951696538336,121.0,165.0,0.4745098039215686
2069,1.0,1.0,2234.0,0.9965639422336361,1.0007850347243146,121.0,165.0,0.4745098039215686
2070,1.0,1.0,2234.0,0.9963830970881475,1.0008263523414933,121.0,164.0,0.4745098039215686
2071,1.0,1.0,2234.0,0.9961927337771015,1.0008698445700972,121.0,163.0,0.4745098039215686
2072,1.0,1.0,2234.0,0.9959923513444162,1.000915625863359,121.0,162.0,0.4745098039215686
2073,1.0,1.0,2234.0,0.9957814224679004,1.0009638166983665,121.0,161.0,0.4745098039215686
2074,1.0,1.0,2235.0,0.9955660361667305,1.0007484303971965,121.0,161.0,0.4745098039215686
2075,1.0,1.0,2235.0,0.9953326696492746,1.000787821470818,121.0,160.0,0.4745098039215686
2076,1.0,1.0,2235.0,0.9950870206835274,1.0008292857588361,121.0,159.0,0.4745098039215686
2077,1.0,1.0,2235.0,0.9948284428248422,1.0008729323777987,121.0,158.0,0.4745098039215686
2078,1.0,1.0,2235.0,0.9945562556051697,1.0009188761872292,121.0,157.0,0.4745098039215686
2079,1.0,1.0,2235.0,0.9942697427423528,1.000967238091889,121.0,156.0,0.4745098039215686
2080,1.0,1.0,2236.0,0.9939767367876733,1.0006742321372095,121.0,156.0,0.4745098039215686
2081,1.0,1.0,2236.0,0.993659722934455,1.0007097180392301,121.0,155.0,0.4745098039215686
2082,1.0,1.0,2236.0,0.9933260241415909,1.0007470716203015,121.0,154.0,0.4745098039215686
2083,1.0,1.0,2236.0,0.9929747622543623,1.0007863911793209,121.0,153.0,0.4745098039215686
2084,1.0,1.0,2236.0,0.9926050128993822,1.0008277801888121,121.0,152.0,0.4745098039215686
2085,1.0,1.0,2236.0,0.992215803052032,1.0008713475672215,121.0,151.0,0.4745098039215686
2086,1.0,1.0,2236.0,0.9918061084758713,1.0009172079655444,121.0,150.0,0.4745098039215686
2087,1.0,1.0,2236.0,0.9913748510272786,1.00096548206904,121.0,149.0,0.4745098039215686
2088,1.0,1.0,2237.0,0.9909331914990543,1.0005238225408155,121.0,149.0,0.4745098039215686
2089,1.0,1.0,2237.0,0.9904559910516774,1.000551392148268,121.0,148.0,0.4745098039215686
2090,1.0,1.0,2237.0,0.9899536747912785,1.0005804127876898,121.0,147.0,0.4745098039215686
2091,1.0,1.0,2237.0,0.9894249208329621,1.0006109608291844,121.0,146.0,0.4745098039215686
2092,1.0,1.0,2237.0,0.9888683377189428,1.0006431166623349,121.0,145.0,0.4745098039215686
2093,1.0,1.0,2237.0,0.9882824607568155,1.0006769649077545,121.0,144.0,0.4745098039215686
2094,1.0,1.0,2237.0,0.9876657481651009,1.0007125946397735,121.0,143.0,0.4745098039215686
2095,1.0,1.0,2237.0,0.987016577015926,1.0007500996208445,121.0,142.0,0.4745098039215686
2096,1.0,1.0,2237.0,0.9863332389641615,1.0007895785482863,121.0,141.0,0.4745098039215686
2097,1.0,1.0,2237.0,0.9856139357517762,1.000831135314013,121.0,140.0,0.4745098039215686
2098,1.0,1.0,2237.0,0.9848567744755798,1.000874879277934,121.0,139.0,0.4745098039215686
2099,1.0,1.0,2237.0,0.9840597626058983,1.000920925555745,121.0,138.0,0.4745098039215686
2100,1.0,1.0,2237.0,0.9832208027430743,1.0009693953218604,121.0,137.0,0.4745098039215686
2101,1.0,1.0,2238.0,0.9823604417038655,1.0001090342826515,121.0,137.0,0.4745098039215686
2102,1.0,1.0,2238.0,0.981432043898827,1.000114772929128,121.0,136.0,0.4745098039215686
2103,1.0,1.0,2238.0,0.9804547830514168,1.0001208136096282,121.0,135.0,0.4745098039215686
2104,1.0,1.0,2238.0,0.9794260874225631,1.0001271722206806,121.0,134.0,0.4745098039215686
2105,1.0,1.0,2238.0,0.9783432499185057,1.0001338654954715,121.0,133.0,0.4745098039215686
2106,1.0,1.0,2238.0,0.9772034209668654,1.000140911047882,121.0,132.0,0.4745098039215686
2107,1.0,1.0,2238.0,0.9760036010177694,1.0001483274188394,121.0,131.0,0.4745098039215686
2108,1.0,1.0,2238.0,0.9747406326502991,1.0001561341251097,121.0,130.0,0.4745098039215686
2109,1.0,1.0,2238.0,0.9734111922634876,1.0001643517106567,121.0,129.0,0.4745098039215686
2110,1.0,1.0,2238.0,0.972011781330001,1.0001730018007053,121.0,128.0,0.4745098039215686
2111,1.0,1.0,2238.0,0.970538717189488,1.0001821071586505,121.0,127.0,0.4745098039215686
2112,1.0,1.0,2238.0,0.9689881233573685,1.0001916917459606,121.0,126.0,0.4745098039215686
2113,1.0,1.0,2238.0,0.9673559193235579,1.0002017807852337,121.0,125.0,0.4745098039215686
2114,1.0,1.0,2238.0,0.9656378098142828,1.0002124008265731,121.0,124.0,0.4745098039215686
2115,1.0,1.0,2238.0,0.9638292734887297,1.0002235798174564,121.0,123.0,0.4745098039215686
2116,0.0,1.0,2238.0,0.9619255510407785,1.0002353471762802,122.0,122.0,0.47843137254901963
2117,1.0,1.0,2239.0,0.9626023267451325,1.0009121228806341,122.0,122.0,0.47843137254901963
2118,1.0,1.0,2241.0,0.963229802643119,0.9996241089718456,122.0,123.0,0.47843137254901963
2119,1.0,1.0,2242.0,0.9637161884651169,1.0001104947938435,122.0,123.0,0.47843137254901963
2120,1.0,1.0,2243.0,0.9641094235409038,1.0005037298696304,122.0,123.0,0.47843137254901963
2121,1.0,1.0,2244.0,0.9644105426996264,1.000804849028353,122.0,123.0,0.47843137254901963
2122,1.0,1.0,2246.0,0.9646646647588573,0.9992392557711476,123.0,124.0,0.4823529411764706
2123,1.0,1.0,2247.0,0.9647836890149721,0.9993582800272625,123.0,124.0,0.4823529411764706
2124,1.0,1.0,2248.0,0.9648122550884316,0.9993868461007219,123.0,124.0,0.4823529411764706
2125,1.0,1.0,2249.0,0.9647504381531131,0.9993250291654034,123.0,124.0,0.4823529411764706
2126,1.0,1.0,2249.0,0.9645537491341374,1.000948055462864,123.0,123.0,0.4823529411764706
2127,1.0,1.0,2250.0,0.964310439874708,1.0007047462034346,123.0,123.0,0.4823529411764706
2128,1.0,1.0,2251.0,0.9639755436885664,1.000369850017293,123.0,123.0,0.4823529411764706
2129,1.0,1.0,2252.0,0.9635481792699597,0.9999424855986864,123.0,123.0,0.4823529411764706
2130,1.0,1.0,2253.0,0.963027221975681,0.9994215283044077,123.0,123.0,0.4823529411764706
2131,1.0,1.0,2253.0,0.9623646414983941,1.0006744376338959,123.0,122.0,0.4823529411764706
2132,0.0,1.0,2254.0,0.9616521357272483,0.99996193186275,124.0,122.0,0.48627450980392156
2133,1.0,1.0,2256.0,0.9635194085944249,0.9999137149231515,124.0,123.0,0.48627450980392156
2134,1.0,1.0,2258.0,0.965290679905271,0.9998652709175613,125.0,124.0,0.49019607843137253
2135,1.0,1.0,2260.0,0.9669706109000782,0.999816472361754,125.0,125.0,0.49019607843137253
2136,1.0,1.0,2262.0,0.9685636224498857,0.9997671908384776,125.0,126.0,0.49019607843137253
2137,1.0,1.0,2264.0,0.9700739066903509,0.9997172966595133,125.0,127.0,0.49019607843137253
2138,1.0,1.0,2266.0,0.9715054380536854,0.9996666585243896,125.0,128.0,0.49019607843137253
2139,1.0,1.0,2267.0,0.9728276848053192,1.0009889052760235,125.0,128.0,0.49019607843137253
2140,1.0,1.0,2269.0,0.9740784254643355,1.0008315849115046,126.0,129.0,0.49411764705882355
2141,1.0,1.0,2271.0,0.9752952503758895,1.0007107518507001,126.0,130.0,0.49411764705882355
2142,1.0,1.0,2273.0,0.9764470627884324,1.0005917891895024,126.0,131.0,0.49411764705882355
2143,1.0,1.0,2275.0,0.9775368937872607,1.0004743838682773,126.0,132.0,0.49411764705882355
2144,1.0,1.0,2277.0,0.9785676113486872,1.000358226925653,127.0,133.0,0.4980392156862745
2145,1.0,1.0,2279.0,0.979541927887347,1.0002430126854644,127.0,134.0,0.4980392156862745
2146,1.0,1.0,2281.0,0.9804624073941313,1.0001284379523427,127.0,135.0,0.4980392156862745
2147,1.0,1.0,2282.0,0.9813075199668262,1.0009735505250377,127.0,135.0,0.4980392156862745
2148,1.0,1.0,2284.0,0.9821286546622818,1.000811383692583,128.0,136.0,0.5019607843137255
2149,1.0,1.0,2286.0,0.9829027595015856,1.0006513520803715,128.0,137.0,0.5019607843137255
2150,1.0,1.0,2288.0,0.9836318716027357,1.0004930345525824,128.0,138.0,0.5019607843137255
2151,1.0,1.0,2290.0,0.9843179096817876,1.0003360144841418,128.0,139.0,0.5019607843137255
2152,1.0,1.0,2291.0,0.9849431698718994,1.0009612746742538,129.0,139.0,0.5058823529411764
2153,1.0,1.0,2293.0,0.9855493428566299,1.0007665424188665,129.0,140.0,0.5058823529411764
2154,1.0,1.0,2295.0,0.9861174877962462,1.000573827380371,129.0,141.0,0.5058823529411764
2155,1.0,1.0,2297.0,0.9866490998090105,1.000382622413929,130.0,142.0,0.5098039215686274
2156,1.0,1.0,2298.0,0.9871288511476544,1.0008623737525728,130.0,142.0,0.5098039215686274
2157,1.0,1.0,2300.0,0.9875923381222127,1.0006391845968854,131.0,143.0,0.5137254901960784
2158,1.0,1.0,2302.0,0.9880231733549871,1.0004176775059261,131.0,144.0,0.5137254901960784
2159,1.0,1.0,2303.0,0.9884073947524661,1.000801898903405,131.0,144.0,0.5137254901960784
2160,1.0,1.0,2305.0,0.9887769996839677,1.0005517786273597,132.0,145.0,0.5176470588235295
2161,1.0,1.0,2306.0,0.989102729327193,1.000877508270585,132.0,145.0,0.5176470588235295
2162,1.0,1.0,2308.0,0.9894148778127723,1.0006009178089947,133.0,146.0,0.5215686274509804
2163,1.0,1.0,2309.0,0.989685546690576,1.0008715866867983,133.0,146.0,0.5215686274509804
2164,1.0,1.0,2311.0,0.9899434133471152,1.0005701513435266,134.0,147.0,0.5254901960784314
2165,1.0,1.0,2312.0,0.9901618724800176,1.000788610476429,134.0,147.0,0.5254901960784314
2166,1.0,1.0,2313.0,0.9903551230048104,1.0009818610012218,135.0,147.0,0.5294117647058824
2167,1.0,1.0,2315.0,0.9905366162974252,1.000632017394016,135.0,148.0,0.5294117647058824
2168,1.0,1.0,2316.0,0.9906809102678945,1.0007763113644852,136.0,148.0,0.5333333333333333
2169,1.0,1.0,2317.0,0.9908013274591122,1.0008967285557029,136.0,148.0,0.5333333333333333
2170,1.0,1.0,2318.0,0.9908981847584235,1.0009935858550143,137.0,148.0,0.5372549019607843
2171,1.0,1.0,2320.0,0.9909840327342809,1.0005746637760422,137.0,149.0,0.5372549019607843
2172,1.0,1.0,2321.0,0.99103447358371,1.0006251046254713,138.0,149.0,0.5411764705882353
2173,1.0,1.0,2322.0,0.991061935726611,1.0006525667683723,138.0,149.0,0.5411764705882353
2174,1.0,1.0,2323.0,0.9910664914317813,1.0006571224735425,139.0,149.0,0.5450980392156862
2175,1.0,1.0,2324.0,0.9910481526879182,1.0006387837296795,140.0,149.0,0.5490196078431373
2176,1.0,1.0,2325.0,0.9910068712351698,1.0005975022769311,140.0,149.0,0.5490196078431373
2177,1.0,1.0,2326.0,0.9909425384381341,1.0005331694798953,141.0,149.0,0.5529411764705883
2178,1.0,1.0,2326.0,0.9908426893191539,1.0009380904157446,141.0,148.0,0.5529411764705883
2179,1.0,1.0,2327.0,0.9907316848360902,1.0008270859326809,142.0,148.0,0.5568627450980392
2180,1.0,1.0,2328.0,0.9905969371910596,1.0006923382876503,143.0,148.0,0.5607843137254902
2181,1.0,1.0,2329.0,0.990438091784996,1.0005334928815868,143.0,148.0,0.5607843137254902
2182,1.0,1.0,2329.0,0.9902417877817543,1.0008685257781655,144.0,147.0,0.5647058823529412
2183,1.0,1.0,2330.0,0.9900334282957476,1.0006601662921588,145.0,147.0,0.5686274509803921
2184,1.0,1.0,2330.0,0.9897858981675478,1.0009719381637703,145.0,146.0,0.5686274509803921
2185,1.0,1.0,2331.0,0.9895258299009178,1.0007118698971402,146.0,146.0,0.5725490196078431
2186,1.0,1.0,2331.0,0.9892245740056913,1.0009993529490833,147.0,145.0,0.5764705882352941
2187,1.0,1.0,2332.0,0.9889100575967096,1.0006848365401015,148.0,145.0,0.5803921568627451
2188,1.0,1.0,2332.0,0.9885520160518537,1.0009465202027927,148.0,144.0,0.5803921568627451
2189,1.0,1.0,2333.0,0.988179738623387,1.000574242774326,149.0,144.0,0.5843137254901961
2190,1.0,1.0,2333.0,0.9877612593734892,1.000808105848162,150.0,143.0,0.5882352941176471
2191,1.0,1.0,2334.0,0.9873272996376659,1.0003741461123385,151.0,143.0,0.592156862745098
2192,1.0,1.0,2334.0,0.9868441003004255,1.000577622905344,151.0,142.0,0.592156862745098
2193,1.0,1.0,2334.0,0.9863262801745021,1.000782619758627,152.0,141.0,0.596078431372549
2194,1.0,1.0,2334.0,0.9857724765753537,1.0009896761375903,153.0,140.0,0.6
2195,1.0,1.0,2335.0,0.9852007413552958,1.0004179409175324,154.0,140.0,0.6039215686274509
2196,1.0,1.0,2335.0,0.9845715269490543,1.0005896317514085,155.0,139.0,0.6078431372549019
2197,1.0,1.0,2335.0,0.9839017112979418,1.0007628742477885,156.0,138.0,0.611764705882353
2198,1.0,1.0,2335.0,0.9831895317291923,1.0009381243079782,156.0,137.0,0.611764705882353
2199,1.0,1.0,2336.0,0.9824558686919164,1.0002044612707024,157.0,137.0,0.615686274509804
2200,1.0,1.0,2336.0,0.9816544200124633,1.0003371490427644,158.0,136.0,0.6196078431372549
2201,1.0,1.0,2336.0,0.9808046934909378,1.0004707240491493,159.0,135.0,0.6235294117647059
2202,1.0,1.0,2336.0,0.9799044530049148,1.0006055378030323,160.0,134.0,0.6274509803921569
2203,1.0,1.0,2336.0,0.9789513295004836,1.0007419450774493,161.0,133.0,0.6313725490196078
2204,1.0,1.0,2336.0,0.9779428147578958,1.0008803048389123,161.0,132.0,0.6313725490196078
2205,1.0,1.0,2337.0,0.9769056618295522,0.9998431519105687,162.0,132.0,0.6352941176470588
2206,1.0,1.0,2337.0,0.9757797976404387,0.9999245240415088,163.0,131.0,0.6392156862745098
2207,1.0,1.0,2337.0,0.9745901960766947,1.0000056975515053,164.0,130.0,0.6431372549019608
2208,1.0,1.0,2337.0,0.9733337266078892,1.0000868860550582,165.0,129.0,0.6470588235294118
2209,1.0,1.0,2337.0,0.9720070827354205,1.0001683032061248,166.0,128.0,0.6509803921568628
2210,1.0,1.0,2337.0,0.9706067732912027,1.000250163260365,167.0,127.0,0.6549019607843137
2211,1.0,1.0,2337.0,0.969129113250383,1.000332681638975,168.0,126.0,0.6588235294117647
2212,1.0,1.0,2337.0,0.9675702140339062,1.000416075495582,169.0,125.0,0.6627450980392157
2213,1.0,1.0,2337.0,0.9659259732754135,1.0005005642877038,170.0,124.0,0.6666666666666666
2214,1.0,1.0,2337.0,0.9641920640255404,1.000586370354267,170.0,123.0,0.6666666666666666
2215,1.0,1.0,2337.0,0.9623639233652079,1.0006737195007096,171.0,122.0,0.6705882352941176
2216,1.0,1.0,2337.0,0.9604367403979421,1.000762841593207,172.0,121.0,0.6745098039215687
2217,1.0,1.0,2354.0,0.9590071086728339,0.9767557012516198,173.0,137.0,0.6784313725490196
2218,0.0,0.0,2386.0,0.957242200030769,0.9608612592049646,174.0,168.0,0.6823529411764706
2219,1.0,0.0,2389.0,0.9576826130000191,0.9609488139047306,175.0,170.0,0.6862745098039216
2220,1.0,0.0,2392.0,0.9580110357579952,0.9609587820744973,176.0,172.0,0.6901960784313725
2221,1.0,0.0,2395.0,0.9582283938701006,0.9608887349207438,177.0,174.0,0.6941176470588235
2222,1.0,0.0,2396.0,0.9583289963400978,0.960989337390741,178.0,174.0,0.6980392156862745
2223,1.0,0.0,2397.0,0.9583201088088307,0.9609804498594738,179.0,174.0,0.7019607843137254
2224,1.0,0.0,2397.0,0.9581982971944043,0.9609986561950813,180.0,173.0,0.7058823529411765
2225,1.0,0.0,2397.0,0.9579664810989104,0.9609142274154124,179.0,172.0,0.7019607843137254
2226,1.0,0.0,2396.0,0.9576200724147883,0.9608862733194998,178.0,170.0,0.6980392156862745
2227,1.0,0.0,2394.0,0.9571568691194506,0.960966405092288,177.0,167.0,0.6941176470588235
2228,1.0,0.0,2393.0,0.9565843749341998,0.9608054674248784,176.0,165.0,0.6901960784313725
2229,0.0,0.0,2391.0,0.9558908203475345,0.9608140948664773,174.0,162.0,0.6823529411764706
2230,1.0,0.0,2401.0,0.957774530627105,0.960877421486581,172.0,171.0,0.6745098039215687
2231,1.0,1.0,2363.0,0.9590198269809489,0.9819573170619654,170.0,132.0,0.6666666666666666
2232,1.0,1.0,2353.0,0.9602649922548208,1.0005910934500857,168.0,121.0,0.6588235294117647
2233,1.0,1.0,2355.0,0.96178741905886,1.0000972151943617,165.0,122.0,0.6470588235294118
2234,1.0,1.0,2357.0,0.963255945806458,0.9996502521351847,161.0,123.0,0.6313725490196078
2235,1.0,1.0,2358.0,0.9645834512758658,1.0009777576045924,156.0,123.0,0.611764705882353
2236,1.0,1.0,2360.0,0.9658644146683507,1.000439005680641,149.0,124.0,0.5843137254901961
2237,1.0,1.0,2362.0,0.9670555475731208,0.9999014090347966,137.0,125.0,0.5372549019607843
2238,1.0,1.0,2363.0,0.9681199799755946,1.0009658414372704,122.0,125.0,0.47843137254901963
2239,1.0,1.0,2365.0,0.9691426276673274,1.0003461960559195,122.0,126.0,0.47843137254901963
2240,1.0,1.0,2367.0,0.9700840717476584,0.9997274617168208,123.0,127.0,0.4823529411764706
2241,1.0,1.0,2368.0,0.9709106855722011,1.0005540755413636,123.0,127.0,0.4823529411764706
2242,1.0,1.0,2370.0,0.9716987529154164,0.9998599733861206,123.0,128.0,0.4823529411764706
2243,1.0,1.0,2371.0,0.9723780443702517,1.000539264840956,123.0,128.0,0.4823529411764706
2244,1.0,1.0,2373.0,0.973020750596975,0.9997739100441441,123.0,129.0,0.4823529411764706
2245,1.0,1.0,2374.0,0.9735598748227038,1.000313034269873,124.0,129.0,0.48627450980392156
2246,1.0,1.0,2375.0,0.9740311347177686,1.0007842941649376,124.0,129.0,0.48627450980392156
2247,1.0,1.0,2377.0,0.974468354416038,0.9998838558908486,124.0,130.0,0.48627450980392156
2248,1.0,1.0,2378.0,0.9748074307958594,1.00022293227067,124.0,130.0,0.48627450980392156
2249,1.0,1.0,2379.0,0.9750818401397459,1.0004973416145564,123.0,130.0,0.4823529411764706
2250,1.0,1.0,2380.0,0.9752923045775491,1.0007078060523598,123.0,130.0,0.4823529411764706
2251,1.0,1.0,2381.0,0.9754393779630532,1.0008548794378638,123.0,130.0,0.4823529411764706
2252,1.0,1.0,2382.0,0.9755234473314832,1.0009389488062939,123.0,130.0,0.4823529411764706
2253,1.0,1.0,2383.0,0.975544733918019,1.0009602353928295,122.0,130.0,0.47843137254901963
2254,1.0,1.0,2384.0,0.9755032937399937,1.0009187952148042,122.0,130.0,0.47843137254901963
2255,1.0,1.0,2385.0,0.9753990177443073,1.0008145192191178,123.0,130.0,0.4823529411764706
2256,1.0,1.0,2386.0,0.9752316315204446,1.000647132995255,123.0,130.0,0.4823529411764706
2257,1.0,1.0,2387.0,0.9750006945783428,1.0004161960531535,124.0,130.0,0.48627450980392156
2258,1.0,1.0,2388.0,0.9747055991892072,1.0001211006640178,124.0,130.0,0.48627450980392156
2259,1.0,1.0,2389.0,0.9743455687862239,0.9997610702610346,125.0,130.0,0.49019607843137253
2260,1.0,1.0,2389.0,0.9738870719447147,1.0006402313918838,125.0,129.0,0.49019607843137253
2261,1.0,1.0,2390.0,0.973394155793849,1.000147315241018,126.0,129.0,0.49411764705882355
2262,1.0,1.0,2390.0,0.9727986402872438,1.0009598607579482,126.0,128.0,0.49411764705882355
2263,1.0,1.0,2391.0,0.9721676463838873,1.0003288668545915,127.0,128.0,0.4980392156862745
2264,1.0,1.0,2392.0,0.9714652146511393,0.9996264351218436,127.0,128.0,0.4980392156862745
2265,1.0,1.0,2392.0,0.9706533924556315,1.000296782424794,128.0,127.0,0.5019607843137255
2266,1.0,1.0,2392.0,0.9697643423455333,1.0009679107341254,128.0,126.0,0.5019607843137255
2267,1.0,1.0,2393.0,0.9688357292901488,1.000039297678741,128.0,126.0,0.5019607843137255
2268,0.0,1.0,2393.0,0.9677871006499399,1.0006329621116157,129.0,125.0,0.5058823529411764
2269,1.0,1.0,2395.0,0.9693673948229902,1.0005709632115822,129.0,126.0,0.5058823529411764
2270,1.0,1.0,2397.0,0.9708670768771537,1.000510466846316,130.0,127.0,0.5098039215686274
2271,1.0,1.0,2399.0,0.9722900933441518,1.000451313814856,130.0,128.0,0.5098039215686274
2272,1.0,1.0,2401.0,0.9736401890041608,1.0003933484513299,131.0,129.0,0.5137254901960784
2273,1.0,1.0,2403.0,0.9749209167404966,1.0003364182153072,131.0,130.0,0.5137254901960784
2274,1.0,1.0,2405.0,0.9761356468893074,1.0002803732903776,132.0,131.0,0.5176470588235295
2275,1.0,1.0,2407.0,0.9772875761088795,1.0002250661898962,132.0,132.0,0.5176470588235295
2276,1.0,1.0,2409.0,0.978379735791896,1.0001703513688618,133.0,133.0,0.5215686274509804
2277,1.0,1.0,2411.0,0.9794150000427859,1.0001160848409034,133.0,134.0,0.5215686274509804
2278,1.0,1.0,2413.0,0.980396093241157,1.0000621237993685,134.0,135.0,0.5254901960784314
2279,1.0,1.0,2414.0,0.9813016449945096,1.000967675552721,134.0,135.0,0.5254901960784314
2280,1.0,1.0,2416.0,0.9821832034101695,1.0008659324404705,135.0,136.0,0.5294117647058824
2281,1.0,1.0,2418.0,0.983017875519014,1.0007664680978,135.0,137.0,0.5294117647058824
2282,1.0,1.0,2420.0,0.9838078578265927,1.0006690207764395,135.0,138.0,0.5294117647058824
2283,1.0,1.0,2422.0,0.9845552292337152,1.0005733340360694,136.0,139.0,0.5333333333333333
2284,1.0,1.0,2424.0,0.985261956507242,1.0004791560694786,136.0,140.0,0.5333333333333333
2285,1.0,1.0,2426.0,0.9859298994557879,1.0003862390399128,137.0,141.0,0.5372549019607843
2286,1.0,1.0,2427.0,0.9865432087436918,1.0009995483278167,137.0,141.0,0.5372549019607843
2287,1.0,1.0,2429.0,0.9871396391917239,1.0008731617966424,138.0,142.0,0.5411764705882353
2288,1.0,1.0,2431.0,0.9877022265849974,1.00074907305967,138.0,143.0,0.5411764705882353
2289,1.0,1.0,2433.0,0.9882324514166525,1.0006269555675915,139.0,144.0,0.5450980392156862
2290,1.0,1.0,2435.0,0.9887317090151935,1.0005064879585854,139.0,145.0,0.5450980392156862
2291,1.0,1.0,2436.0,0.9891869721394878,1.0009617510828799,139.0,145.0,0.5450980392156862
2292,1.0,1.0,2438.0,0.9896288757977474,1.0008149157939699,140.0,146.0,0.5490196078431373
2293,1.0,1.0,2440.0,0.9900434870238957,1.000670225020307,140.0,147.0,0.5490196078431373
2294,1.0,1.0,2442.0,0.9904318969001069,1.0005272979966977,141.0,148.0,0.5529411764705883
2295,1.0,1.0,2443.0,0.9907828318768114,1.000878232973402,141.0,148.0,0.5529411764705883
2296,1.0,1.0,2445.0,0.9911224539698473,1.0007130850116086,142.0,149.0,0.5568627450980392
2297,1.0,1.0,2447.0,0.991438714099646,1.0005498135893192,142.0,150.0,0.5568627450980392
2298,1.0,1.0,2448.0,0.9917213476777644,1.0008324471674375,142.0,150.0,0.5568627450980392
2299,1.0,1.0,2450.0,0.9919938762255005,1.00064942074069,143.0,151.0,0.5607843137254902
2300,1.0,1.0,2451.0,0.9922347940171163,1.0008903385323058,143.0,151.0,0.5607843137254902
2301,1.0,1.0,2453.0,0.9924663739080881,1.000689141197518,144.0,152.0,0.5647058823529412
2302,1.0,1.0,2454.0,0.9926681135583608,1.0008908808477908,144.0,152.0,0.5647058823529412
2303,1.0,1.0,2456.0,0.9928611007799748,1.0006727297049334,144.0,153.0,0.5647058823529412
2304,1.0,1.0,2457.0,0.9930257872612596,1.0008374161862181,145.0,153.0,0.5686274509803921
2305,1.0,1.0,2458.0,0.9931726212965706,1.0009842502215291,145.0,153.0,0.5686274509803921
2306,1.0,1.0,2460.0,0.9933115034546981,1.0007325509334086,145.0,154.0,0.5686274509803921
2307,1.0,1.0,2461.0,0.993423745850865,1.0008447933295757,146.0,154.0,0.5725490196078431
2308,1.0,1.0,2462.0,0.9935191580232321,1.0009402055019427,146.0,154.0,0.5725490196078431
2309,1.0,1.0,2464.0,0.9936070295117261,1.0006570246165012,146.0,155.0,0.5725490196078431
2310,1.0,1.0,2465.0,0.9936694908611727,1.0007194859659478,147.0,155.0,0.5764705882352941
2311,1.0,1.0,2466.0,0.9937157448988065,1.0007657400035816,147.0,155.0,0.5764705882352941
2312,1.0,1.0,2467.0,0.9937459133457793,1.0007959084505544,147.0,155.0,0.5764705882352941
2313,1.0,1.0,2468.0,0.9937600755927409,1.000810070697516,147.0,155.0,0.5764705882352941
2314,1.0,1.0,2469.0,0.9937582689087625,1.0008082640135376,148.0,155.0,0.5803921568627451
2315,1.0,1.0,2470.0,0.9937404885394122,1.0007904836441872,148.0,155.0,0.5803921568627451
2316,1.0,1.0,2471.0,0.9937066876942446,1.0007566827990197,148.0,155.0,0.5803921568627451
2317,1.0,1.0,2472.0,0.9936567774236671,1.0007067725284422,148.0,155.0,0.5803921568627451
2318,1.0,1.0,2473.0,0.9935906263848623,1.0006406214896373,148.0,155.0,0.5803921568627451
2319,1.0,1.0,2473.0,0.9934990220408868,1.0009200695195974,149.0,154.0,0.5843137254901961
2320,1.0,1.0,2474.0,0.9933998240236108,1.0008208715023215,149.0,154.0,0.5843137254901961
2321,1.0,1.0,2475.0,0.9932837328303583,1.000704780309069,149.0,154.0,0.5843137254901961
2322,1.0,1.0,2475.0,0.9931409287945547,1.0009525577195133,149.0,153.0,0.5843137254901961
2323,1.0,1.0,2476.0,0.9929900894802465,1.000801718405205,149.0,153.0,0.5843137254901961
2324,1.0,1.0,2477.0,0.9928213037784355,1.000632932703394,149.0,153.0,0.5843137254901961
2325,1.0,1.0,2477.0,0.9926241126073441,1.000846879896774,149.0,152.0,0.5843137254901961
2326,1.0,1.0,2478.0,0.9924180532156173,1.0006408205050472,148.0,152.0,0.5803921568627451
2327,1.0,1.0,2478.0,0.9921820264234745,1.000837570938664,148.0,151.0,0.5803921568627451
2328,1.0,1.0,2479.0,0.9919365228685992,1.0005920673837887,148.0,151.0,0.5803921568627451
2329,1.0,1.0,2479.0,0.991659257627717,1.00077035711739,147.0,150.0,0.5764705882352941
2330,1.0,1.0,2479.0,0.9913600430648024,1.0009506741065637,146.0,149.0,0.5725490196078431
2331,1.0,1.0,2480.0,0.9910503874539338,1.000641018495695,145.0,149.0,0.5686274509803921
2332,1.0,1.0,2480.0,0.9907054993343203,1.000800900430911,144.0,148.0,0.5647058823529412
2333,1.0,1.0,2480.0,0.9903361520024285,1.0009628899988399,143.0,147.0,0.5607843137254902
2334,1.0,1.0,2481.0,0.9899549975146682,1.0005817355110795,140.0,147.0,0.5490196078431373
2335,1.0,1.0,2481.0,0.9895344659879224,1.0007205059841449,137.0,146.0,0.5372549019607843
2336,1.0,1.0,2481.0,0.9890863935821974,1.0008611725255894,132.0,145.0,0.5176470588235295
2337,1.0,1.0,2482.0,0.9886246970300239,1.0003994759734158,121.0,145.0,0.4745098039215686
2338,1.0,1.0,2482.0,0.9881187243931163,1.0005132285440552,122.0,144.0,0.47843137254901963
2339,1.0,1.0,2482.0,0.9875814852414537,1.0006283317161264,123.0,143.0,0.4823529411764706
2340,1.0,1.0,2482.0,0.9870115657877949,1.0007450883927134,124.0,142.0,0.48627450980392156
2341,1.0,1.0,2482.0,0.986407466244104,1.0008638058282289,125.0,141.0,0.49019607843137253
2342,1.0,1.0,2482.0,0.9857675968747399,1.0009847964369765,126.0,140.0,0.49411764705882355
2343,1.0,1.0,2483.0,0.9851097830431488,1.0003269826053853,127.0,140.0,0.4980392156862745
2344,1.0,1.0,2483.0,0.9843942506613946,1.000412355463749,128.0,139.0,0.5019607843137255
2345,1.0,1.0,2483.0,0.9836376505182232,1.00049881346807,129.0,138.0,0.5058823529411764
2346,1.0,1.0,2483.0,0.9828379915606258,1.0005865841394117,130.0,137.0,0.5098039215686274
2347,1.0,1.0,2483.0,0.9819931694229249,1.000675898453226,131.0,136.0,0.5137254901960784
2348,1.0,1.0,2483.0,0.9811009608889686,1.0007669914471802,132.0,135.0,0.5176470588235295
2349,1.0,1.0,2483.0,0.9801590180415621,1.0008601028396795,133.0,134.0,0.5215686274509804
2350,1.0,1.0,2483.0,0.9791648620837388,1.0009554776607046,134.0,133.0,0.5254901960784314
2351,1.0,1.0,2484.0,0.9781438135022466,0.9999344290792123,135.0,133.0,0.5294117647058824
2352,1.0,1.0,2484.0,0.9770387087881918,0.9999761988692083,136.0,132.0,0.5333333333333333
2353,1.0,1.0,2484.0,0.9758731796235797,1.0000179060246497,136.0,131.0,0.5333333333333333
2354,1.0,1.0,2484.0,0.974644158826398,1.0000596603012086,136.0,130.0,0.5333333333333333
2355,0.0,1.0,2484.0,0.9733484121313911,1.0001015715785602,136.0,129.0,0.5333333333333333
2356,1.0,1.0,2486.0,0.9746809915248216,1.000096492999632,137.0,130.0,0.5372549019607843
2357,1.0,1.0,2488.0,0.9759469419485804,1.0000916683496506,137.0,131.0,0.5372549019607843
2358,1.0,1.0,2490.0,0.9771495948511515,1.0000870849321681,137.0,132.0,0.5372549019607843
2359,1.0,1.0,2492.0,0.9782921151085939,1.0000827306855598,138.0,133.0,0.5411764705882353
2360,1.0,1.0,2494.0,0.9793775093531643,1.0000785941512818,138.0,134.0,0.5411764705882353
2361,1.0,1.0,2496.0,0.980408633885506,1.0000746644437175,139.0,135.0,0.5450980392156862
2362,1.0,1.0,2498.0,0.9813882021912308,1.000070931221532,139.0,136.0,0.5450980392156862
2363,1.0,1.0,2499.0,0.982296037475799,1.0009787665061,138.0,136.0,0.5411764705882353
2364,1.0,1.0,2501.0,0.9831812356020091,1.000929828180795,139.0,137.0,0.5450980392156862
2365,1.0,1.0,2503.0,0.9840221738219086,1.0008833367717553,139.0,138.0,0.5450980392156862
2366,1.0,1.0,2505.0,0.9848210651308132,1.0008391699331676,140.0,139.0,0.5490196078431373
2367,1.0,1.0,2507.0,0.9855800118742726,1.0007972114365091,140.0,140.0,0.5490196078431373
2368,1.0,1.0,2509.0,0.986301011280559,1.0007573508646839,140.0,141.0,0.5490196078431373
2369,1.0,1.0,2511.0,0.986985960716531,1.0007194833214494,141.0,142.0,0.5529411764705883
2370,1.0,1.0,2513.0,0.9876366626807045,1.0006835091553772,141.0,143.0,0.5529411764705883
2371,1.0,1.0,2515.0,0.9882548295466693,1.0006493336976083,141.0,144.0,0.5529411764705883
2372,1.0,1.0,2517.0,0.9888420880693359,1.000616867012728,142.0,145.0,0.5568627450980392
2373,1.0,1.0,2519.0,0.9893999836658691,1.0005860236620916,142.0,146.0,0.5568627450980392
2374,1.0,1.0,2521.0,0.9899299844825757,1.000556722478987,142.0,147.0,0.5568627450980392
2375,1.0,1.0,2523.0,0.990433485258447,1.0005288863550377,142.0,148.0,0.5568627450980392
2376,1.0,1.0,2524.0,0.9908995153147019,1.0009949164112926,143.0,148.0,0.5607843137254902
2377,1.0,1.0,2526.0,0.9913545395489669,1.0009451705907282,143.0,149.0,0.5607843137254902
2378,1.0,1.0,2528.0,0.9917868125715186,1.0008979120611916,143.0,150.0,0.5607843137254902
2379,1.0,1.0,2530.0,0.9921974719429427,1.0008530164581322,143.0,151.0,0.5607843137254902
2380,1.0,1.0,2532.0,0.9925875983457956,1.0008103656352256,143.0,152.0,0.5607843137254902
2381,1.0,1.0,2534.0,0.9929582184285057,1.0007698473534643,143.0,153.0,0.5607843137254902
2382,1.0,1.0,2536.0,0.9933103075070805,1.000731354985791,143.0,154.0,0.5607843137254902
2383,1.0,1.0,2538.0,0.9936447921317264,1.0006947872365015,143.0,155.0,0.5607843137254902
2384,1.0,1.0,2540.0,0.9939625525251402,1.0006600478746766,143.0,156.0,0.5607843137254902
2385,1.0,1.0,2541.0,0.9942562676930088,1.0009537630425451,143.0,156.0,0.5607843137254902
2386,1.0,1.0,2543.0,0.9945434543083583,1.0009060748904177,142.0,157.0,0.5568627450980392
2387,1.0,1.0,2545.0,0.9948162815929404,1.000860771145897,142.0,158.0,0.5568627450980392
2388,1.0,1.0,2547.0,0.9950754675132936,1.0008177325886023,142.0,159.0,0.5568627450980392
2389,1.0,1.0,2549.0,0.9953216941376288,1.0007768459591722,140.0,160.0,0.5490196078431373
2390,1.0,1.0,2551.0,0.9955556094307474,1.0007380036612135,139.0,161.0,0.5450980392156862
2391,1.0,1.0,2552.0,0.9957715170688013,1.0009539112992674,138.0,161.0,0.5411764705882353
2392,1.0,1.0,2554.0,0.9959829412153611,1.0009062157343038,135.0,162.0,0.5294117647058824
2393,1.0,1.0,2556.0,0.9961837941545931,1.0008609049475887,133.0,163.0,0.5215686274509804
2394,1.0,1.0,2558.0,0.9963746044468635,1.0008178597002093,133.0,164.0,0.5215686274509804
2395,1.0,1.0,2559.0,0.996550462567481,1.0009937178208268,132.0,164.0,0.5176470588235295
2396,1.0,1.0,2561.0,0.9967229394391071,1.0009440319297855,131.0,165.0,0.5137254901960784
2397,1.0,1.0,2563.0,0.9968867924671516,1.0008968303332964,128.0,166.0,0.5019607843137255
2398,1.0,1.0,2565.0,0.9970424528437941,1.0008519888166316,129.0,167.0,0.5058823529411764
2399,1.0,1.0,2566.0,0.9971856903821503,1.0009952263549877,129.0,167.0,0.5058823529411764
2400,1.0,1.0,2568.0,0.9973264058630428,1.0009454650372382,130.0,168.0,0.5098039215686274
2401,1.0,1.0,2570.0,0.9974554457504365,1.0008935519659223,129.0,169.0,0.5058823529411764
2402,1.0,1.0,2572.0,0.9975821972709182,1.0008483981756298,130.0,170.0,0.5098039215686274
2403,1.0,1.0,2573.0,0.9976986080874346,1.0009648089921461,130.0,170.0,0.5098039215686274
2404,1.0,1.0,2575.0,0.9978131500465016,1.0009160409059774,131.0,171.0,0.5137254901960784
2405,1.0,1.0,2577.0,0.9979219371372698,1.000869683453772,131.0,172.0,0.5137254901960784
2406,1.0,1.0,2578.0,0.9980216654377103,1.0009694117542125,132.0,172.0,0.5176470588235295
2407,1.0,1.0,2580.0,0.9981199667565099,1.000920325757187,132.0,173.0,0.5176470588235295
2408,1.0,1.0,2582.0,0.9982133206194056,1.0008736616700487,133.0,174.0,0.5215686274509804
2409,1.0,1.0,2583.0,0.9982987325354857,1.000959073586129,133.0,174.0,0.5215686274509804
2410,1.0,1.0,2585.0,0.9983830781255771,1.000910402123688,134.0,175.0,0.5254901960784314
2411,1.0,1.0,2586.0,0.9984600905070808,1.0009874145051918,134.0,175.0,0.5254901960784314
2412,1.0,1.0,2588.0,0.9985362906541541,1.0009372484523595,135.0,176.0,0.5294117647058824
2413,1.0,1.0,2590.0,0.9986086389345277,1.0008895488428229,135.0,177.0,0.5294117647058824
2414,1.0,1.0,2591.0,0.9986745477071146,1.0009554576154098,135.0,177.0,0.5294117647058824
2415,1.0,1.0,2593.0,0.9987398926908242,1.0009067571037047,136.0,178.0,0.5333333333333333
2416,1.0,1.0,2594.0,0.9987992824729337,1.0009661468858142,136.0,178.0,0.5333333333333333
2417,1.0,1.0,2596.0,0.9988582905033758,1.0009168116956122,137.0,179.0,0.5372549019607843
2418,1.0,1.0,2597.0,0.9989117868618957,1.0009703080541321,137.0,179.0,0.5372549019607843
2419,1.0,1.0,2599.0,0.9989650586313648,1.0009206537639894,138.0,180.0,0.5411764705882353
2420,1.0,0.0,2596.0,0.9990023764785805,1.0014033342767859,138.0,176.0,0.5411764705882353
2421,1.0,0.0,2586.0,0.9990037348717383,1.003224827362417,139.0,165.0,0.5450980392156862
2422,1.0,0.0,2580.0,0.9990026626294283,1.0050471521823847,139.0,158.0,0.5450980392156862
2423,1.0,0.0,2576.0,0.9990007236620044,1.006812352586963,140.0,153.0,0.5490196078431373
2424,1.0,0.0,2574.0,0.9990080476979359,1.008119147187609,140.0,150.0,0.5490196078431373
2425,1.0,0.0,2572.0,0.9990080797485545,1.0096348177449659,141.0,147.0,0.5529411764705883
2426,1.0,0.0,2570.0,0.999000041112968,1.011394545263907,141.0,144.0,0.5529411764705883
2427,1.0,0.0,2568.0,0.9990006093803672,1.013456948964492,141.0,141.0,0.5529411764705883
2428,1.0,0.0,2568.0,0.9990144380623884,1.014231637624625,142.0,140.0,0.5568627450980392
2429,1.0,0.0,2567.0,0.9990051371285656,1.0158663000784123,142.0,138.0,0.5568627450980392
2430,1.0,0.0,2567.0,0.9990127273647629,1.0167613199435488,143.0,137.0,0.5607843137254902
2431,1.0,0.0,2567.0,0.9990177195150777,1.0177004485453787,143.0,136.0,0.5607843137254902
2432,1.0,0.0,2567.0,0.999020126716748,1.0186861572749595,144.0,135.0,0.5647058823529412
2433,1.0,0.0,2567.0,0.9990199553045152,1.0197210401026326,144.0,134.0,0.5647058823529412
2434,1.0,0.0,2567.0,0.9990172048272941,1.0208078204042599,145.0,133.0,0.5686274509803921
2435,1.0,0.0,2567.0,0.999011868046987,1.0219493581280037,145.0,132.0,0.5686274509803921
2436,1.0,0.0,2567.0,0.9990039309194352,1.0231486573205053,145.0,131.0,0.5686274509803921
2437,1.0,0.0,2568.0,0.999024327334898,1.0231690537359681,146.0,131.0,0.5725490196078431
2438,1.0,0.0,2568.0,0.9990127491521505,1.024428250626961,146.0,130.0,0.5725490196078431
2439,1.0,0.0,2570.0,0.9990295277182932,1.0231742541193634,147.0,131.0,0.5764705882352941
2440,1.0,0.0,2570.0,0.9990143453714451,1.0244298468462556,147.0,130.0,0.5764705882352941
2441,1.0,0.0,2571.0,0.9990291531728768,1.0244446546476873,148.0,130.0,0.5803921568627451
2442,1.0,0.0,2571.0,0.9990104513367997,1.0257636107839687,148.0,129.0,0.5803921568627451
2443,1.0,0.0,2572.0,0.9990234443476613,1.0257766037948304,148.0,129.0,0.5803921568627451
2444,1.0,0.0,2572.0,0.9990012834989777,1.027162503969682,149.0,128.0,0.5843137254901961
2445,1.0,0.0,2573.0,0.9990125985777842,1.0271738190484885,149.0,128.0,0.5843137254901961
2446,1.0,0.0,2574.0,0.9990231204382358,1.02718434090894,150.0,128.0,0.5882352941176471
2447,1.0,0.0,2575.0,0.999032876769439,1.0271940972401432,150.0,128.0,0.5882352941176471
2448,1.0,0.0,2575.0,0.9990057891171408,1.0286491790863033,150.0,127.0,0.5882352941176471
2449,1.0,0.0,2576.0,0.9990140894665285,1.0286574794356909,151.0,127.0,0.592156862745098
2450,1.0,0.0,2577.0,0.9990216955318181,1.0286650855009805,151.0,127.0,0.592156862745098
2451,1.0,0.0,2578.0,0.9990286273289707,1.0286720172981332,151.0,127.0,0.592156862745098
2452,1.0,0.0,2579.0,0.9990349030995578,1.0286782930687202,152.0,127.0,0.596078431372549
2453,1.0,0.0,2579.0,0.9990025350126511,1.030206103401243,152.0,126.0,0.596078431372549
2454,1.0,0.0,2580.0,0.9990075465927399,1.030211114981332,152.0,126.0,0.596078431372549
2455,1.0,0.0,2581.0,0.999011946682079,1.030215515070671,153.0,126.0,0.6
2456,1.0,0.0,2582.0,0.9990157468598506,1.0302193152484427,153.0,126.0,0.6
2457,1.0,0.0,2583.0,0.9990189571265224,1.0302225255151145,153.0,126.0,0.6
2458,1.0,0.0,2584.0,0.999021585930165,1.030225154318757,153.0,126.0,0.6
2459,1.0,0.0,2585.0,0.9990236401886823,1.0302272085772743,154.0,126.0,0.6039215686274509
2460,1.0,0.0,2586.0,0.999025125308018,1.03022869369661,154.0,126.0,0.6039215686274509
2461,1.0,0.0,2587.0,0.9990260451963808,1.030229613584973,154.0,126.0,0.6039215686274509
2462,1.0,0.0,2588.0,0.9990264022745295,1.0302299706631215,154.0,126.0,0.6039215686274509
2463,1.0,0.0,2589.0,0.9990261974821435,1.0302297658707356,155.0,126.0,0.6078431372549019
2464,1.0,0.0,2590.0,0.9990254302802956,1.0302289986688875,155.0,126.0,0.6078431372549019
2465,1.0,0.0,2591.0,0.9990240986500334,1.0302276670386254,155.0,126.0,0.6078431372549019
2466,1.0,0.0,2592.0,0.9990221990870667,1.0302257674756587,155.0,126.0,0.6078431372549019
2467,1.0,0.0,2593.0,0.9990197265925458,1.0302232949811378,155.0,126.0,0.6078431372549019
2468,1.0,0.0,2594.0,0.9990166746599058,1.030220243048498,155.0,126.0,0.6078431372549019
2469,1.0,0.0,2595.0,0.9990130352577453,1.0302166036463374,155.0,126.0,0.6078431372549019
2470,1.0,0.0,2596.0,0.9990087988086904,1.0302123671972825,155.0,126.0,0.6078431372549019
2471,1.0,0.0,2597.0,0.9990039541641904,1.0302075225527825,155.0,126.0,0.6078431372549019
2472,1.0,0.0,2599.0,0.9990364929212956,1.028679882890458,155.0,127.0,0.6078431372549019
2473,1.0,0.0,2600.0,0.9990303920046483,1.0286737819738108,154.0,127.0,0.6039215686274509
2474,1.0,0.0,2601.0,0.9990236397053187,1.028667029674481,154.0,127.0,0.6039215686274509
2475,1.0,0.0,2602.0,0.9990162182540985,1.0286596082232609,153.0,127.0,0.6
2476,1.0,0.0,2603.0,0.9990081081208526,1.028651498090015,153.0,127.0,0.6
2477,1.0,0.0,2605.0,0.9990353920919339,1.0271966125626382,152.0,128.0,0.596078431372549
2478,1.0,0.0,2606.0,0.9990258386987836,1.0271870591694878,151.0,128.0,0.592156862745098
2479,1.0,0.0,2607.0,0.9990155269297022,1.0271767474004065,149.0,128.0,0.5843137254901961
2480,1.0,0.0,2608.0,0.9990044296484552,1.0271656501191595,147.0,128.0,0.5764705882352941
2481,1.0,0.0,2610.0,0.9990268165740389,1.025779976021208,145.0,129.0,0.5686274509803921
2482,1.0,0.0,2611.0,0.9990140585143572,1.0257672179615263,140.0,129.0,0.5490196078431373
2483,1.0,0.0,2612.0,0.9990004208179369,1.025753580265106,133.0,129.0,0.5215686274509804
2484,1.0,0.0,2614.0,0.9990184515723532,1.0244339530471638,129.0,130.0,0.5058823529411764
2485,1.0,0.0,2615.0,0.9990029445271541,1.0244184460019647,130.0,130.0,0.5098039215686274
2486,1.0,0.0,2618.0,0.9990142206903287,1.0219517107713454,130.0,132.0,0.5098039215686274
2487,1.0,0.0,2620.0,0.9990229026974251,1.020813518274391,131.0,133.0,0.5137254901960784
2488,1.0,0.0,2621.0,0.9990024735435254,1.0207930891204913,131.0,133.0,0.5137254901960784
2489,1.0,0.0,2623.0,0.9990073560066405,1.0197084408047579,132.0,134.0,0.5176470588235295
2490,1.0,0.0,2625.0,0.9990096262487204,1.018675656806932,132.0,135.0,0.5176470588235295
2491,1.0,0.0,2627.0,0.9990092902440864,1.0176920192743875,133.0,136.0,0.5215686274509804
2492,1.0,0.0,2629.0,0.9990063471085158,1.0167549396873017,133.0,137.0,0.5215686274509804
2493,1.0,0.0,2631.0,0.999000789096915,1.0158619520467618,134.0,138.0,0.5254901960784314
2494,1.0,0.0,2634.0,0.9990121108131458,1.0142293103753823,134.0,140.0,0.5254901960784314
2495,1.0,0.0,2636.0,0.9990002967891919,1.0134566363733166,135.0,141.0,0.5294117647058824
2496,1.0,0.0,2639.0,0.9990025786935646,1.0120494251682373,135.0,143.0,0.5294117647058824
2497,1.0,0.0,2643.0,0.9990140656721214,1.0102001056683438,136.0,146.0,0.5333333333333333
2498,1.0,0.0,2646.0,0.9990049146481987,1.0091003157447895,136.0,148.0,0.5333333333333333
2499,1.0,0.0,2650.0,0.9990022987042654,1.007657843219455,136.0,151.0,0.5333333333333333
2500,1.0,0.0,2655.0,0.999001648180577,1.0060516432853521,137.0,155.0,0.5372549019607843
2501,1.0,0.0,2663.0,0.9990029310008208,1.0039262055197635,137.0,162.0,0.5372549019607843
2502,1.0,0.0,2673.0,0.9990026007023377,1.0021054915618135,138.0,171.0,0.5411764705882353
2503,1.0,1.0,2683.0,0.998983448840429,1.0009390439730537,138.0,180.0,0.5411764705882353
2504,1.0,1.0,2683.0,0.9989312930821128,1.0009898142743492,139.0,179.0,0.5450980392156862
2505,1.0,1.0,2684.0,0.9988789640669041,1.0009374852591406,139.0,179.0,0.5450980392156862
2506,1.0,1.0,2684.0,0.9988211777838877,1.000988042196768,140.0,178.0,0.5490196078431373
2507,1.0,1.0,2685.0,0.9987630673684433,1.0009299317813238,140.0,178.0,0.5490196078431373
2508,1.0,1.0,2685.0,0.9986990627373927,1.0009799726456878,141.0,177.0,0.5529411764705883
2509,1.0,1.0,2686.0,0.9986345588307021,1.0009154687389972,141.0,177.0,0.5529411764705883
2510,1.0,1.0,2686.0,0.998563683626478,1.0009646414246833,142.0,176.0,0.5568627450980392
2511,1.0,1.0,2687.0,0.9984921067933469,1.0008930645915524,142.0,176.0,0.5568627450980392
2512,1.0,1.0,2687.0,0.9984136375767261,1.000940961574837,143.0,175.0,0.5607843137254902
2513,1.0,1.0,2687.0,0.9983309937221494,1.0009913347727926,143.0,174.0,0.5607843137254902
2514,1.0,1.0,2688.0,0.9982473684394434,1.0009077094900865,144.0,174.0,0.5647058823529412
2515,1.0,1.0,2688.0,0.9981558908094483,1.0009562498101254,144.0,173.0,0.5647058823529412
2516,1.0,1.0,2689.0,0.9980631504643775,1.0008635094650546,145.0,173.0,0.5686274509803921
2517,1.0,1.0,2689.0,0.9979619024531902,1.0009096487696922,145.0,172.0,0.5686274509803921
2518,1.0,1.0,2689.0,0.9978552910274059,1.0009581818868818,146.0,171.0,0.5725490196078431
2519,1.0,1.0,2690.0,0.9977470136958455,1.0008499045553214,146.0,171.0,0.5725490196078431
2520,1.0,1.0,2690.0,0.9976290282910142,1.0008952291957256,147.0,170.0,0.5764705882352941
2521,1.0,1.0,2690.0,0.9975048034869487,1.0009429097024345,147.0,169.0,0.5764705882352941
2522,1.0,1.0,2690.0,0.99737401237627,1.0009930715504656,148.0,168.0,0.5803921568627451
2523,1.0,1.0,2691.0,0.9972409505912987,1.0008600097654943,148.0,168.0,0.5803921568627451
2524,1.0,1.0,2691.0,0.9970962203215072,1.0009057562943446,148.0,167.0,0.5803921568627451
2525,1.0,1.0,2691.0,0.9969438485262461,1.0009538863923908,149.0,166.0,0.5843137254901961
2526,1.0,1.0,2692.0,0.996788575301294,1.0007986131674387,149.0,166.0,0.5843137254901961
2527,1.0,1.0,2692.0,0.9966199669382357,1.0008410594289143,150.0,165.0,0.5882352941176471
2528,1.0,1.0,2692.0,0.9964424637513308,1.0008857190046767,150.0,164.0,0.5882352941176471
2529,1.0,1.0,2692.0,0.9962555986269293,1.000932709419925,151.0,163.0,0.592156862745098
2530,1.0,1.0,2692.0,0.996058879814704,1.0009821543336468,151.0,162.0,0.592156862745098
2531,1.0,1.0,2693.0,0.9958581015239789,1.0007813760429216,152.0,162.0,0.596078431372549
2532,1.0,1.0,2693.0,0.9956404272045337,1.000822821435,152.0,161.0,0.596078431372549
2533,1.0,1.0,2693.0,0.9954112803251004,1.0008664321466436,153.0,160.0,0.6
2534,1.0,1.0,2693.0,0.9951700578675753,1.000912322942884,153.0,159.0,0.6
2535,1.0,1.0,2693.0,0.9949161250360175,1.000960614588974,154.0,158.0,0.6039215686274509
2536,1.0,1.0,2694.0,0.9946565629317139,1.0007010524846705,154.0,158.0,0.6039215686274509
2537,1.0,1.0,2694.0,0.9943755772726133,1.0007381978546728,155.0,157.0,0.6078431372549019
2538,1.0,1.0,2694.0,0.9940797905010723,1.0007772858506085,155.0,156.0,0.6078431372549019
2539,1.0,1.0,2694.0,0.99376842423085,1.000818419335625,156.0,155.0,0.611764705882353
2540,1.0,1.0,2694.0,0.9934406590770244,1.000861706555735,156.0,154.0,0.611764705882353
2541,1.0,1.0,2694.0,0.9930956324997174,1.000907261424676,156.0,153.0,0.611764705882353
2542,1.0,1.0,2694.0,0.9927324365342517,1.0009552038236817,157.0,152.0,0.615686274509804
2543,1.0,1.0,2695.0,0.9923606574111163,1.0005834247005463,157.0,152.0,0.615686274509804
2544,1.0,1.0,2695.0,0.9919587598459743,1.0006143043611637,158.0,151.0,0.6196078431372549
2545,1.0,1.0,2695.0,0.9915357011225321,1.0006468006122051,158.0,150.0,0.6196078431372549
2546,1.0,1.0,2695.0,0.9910903679283598,1.000680998970121,159.0,149.0,0.6235294117647059
2547,1.0,1.0,2695.0,0.9906215883339988,1.0007169894305896,159.0,148.0,0.6235294117647059
2548,1.0,1.0,2695.0,0.9901281287089378,1.0007548667053492,160.0,147.0,0.6274509803921569
2549,1.0,1.0,2695.0,0.9896086904752162,1.0007947304714386,160.0,146.0,0.6274509803921569
2550,1.0,1.0,2695.0,0.9890619066901136,1.0008366856335056,161.0,145.0,0.6313725490196078
2551,1.0,1.0,2695.0,0.9884863384489324,1.0008808425998714,161.0,144.0,0.6313725490196078
2552,1.0,1.0,2695.0,0.9878804710984062,1.0009273175730788,161.0,143.0,0.6313725490196078
2553,1.0,1.0,2695.0,0.9872427102507705,1.000976232855689,162.0,142.0,0.6352941176470588
2554,1.0,1.0,2696.0,0.986588984668268,1.0003225072731865,162.0,142.0,0.6352941176470588
2555,1.0,1.0,2696.0,0.9858832402139062,1.000339579798031,163.0,141.0,0.6392156862745098
2556,1.0,1.0,2696.0,0.985140346391686,1.0003575459539227,163.0,140.0,0.6392156862745098
2557,1.0,1.0,2696.0,0.9843583482178653,1.0003764530202195,164.0,139.0,0.6431372549019608
2558,1.0,1.0,2696.0,0.9835351878025125,1.0003963507523592,164.0,138.0,0.6431372549019608
2559,1.0,1.0,2696.0,0.9826686989340084,1.0004172915127945,164.0,137.0,0.6431372549019608
2560,1.0,1.0,2696.0,0.9817566013784885,1.0004393304087895,165.0,136.0,0.6470588235294118
2561,1.0,1.0,2696.0,0.9807964948792278,1.0004625254374393,165.0,135.0,0.6470588235294118
2562,1.0,1.0,2696.0,0.9797858528401757,1.0004869376382932,166.0,134.0,0.6509803921568628
2563,1.0,1.0,2696.0,0.9787220156770187,1.0005126312539845,166.0,133.0,0.6509803921568628
2564,1.0,1.0,2696.0,0.9776021838182749,1.0005396738992915,167.0,132.0,0.6549019607843137
2565,1.0,1.0,2696.0,0.9764234103380003,1.0005681367390704,167.0,131.0,0.6549019607843137
2566,1.0,1.0,2696.0,0.9751825932007203,1.0005980946755308,167.0,130.0,0.6549019607843137
2567,1.0,1.0,2696.0,0.9738764670981792,1.0006296265453483,160.0,129.0,0.6274509803921569
2568,1.0,1.0,2696.0,0.9725015948564227,1.000662815327127,156.0,128.0,0.611764705882353
2569,0.0,1.0,2696.0,0.9710543583906042,1.0006977483597665,157.0,127.0,0.615686274509804
2570,1.0,1.0,2698.0,0.9722366366059997,1.000397857076704,154.0,128.0,0.6039215686274509
2571,1.0,1.0,2700.0,0.9733458533387793,1.0000990127859484,153.0,129.0,0.6
2572,1.0,1.0,2702.0,0.9743849275803453,0.999800429055156,150.0,130.0,0.5882352941176471
2573,1.0,1.0,2703.0,0.975325638959159,1.0007411404339697,149.0,130.0,0.5843137254901961
2574,1.0,1.0,2705.0,0.9762340017851676,1.0003787281862377,148.0,131.0,0.5803921568627451
2575,1.0,1.0,2707.0,0.977079822510611,1.0000173125916276,146.0,132.0,0.5725490196078431
2576,1.0,1.0,2708.0,0.9778373902928661,1.0007748803738827,145.0,132.0,0.5686274509803921
2577,1.0,1.0,2710.0,0.9785660424565625,1.0003566580335284,144.0,133.0,0.5647058823529412
2578,1.0,1.0,2712.0,0.979238289468829,0.9999393742669465,143.0,134.0,0.5607843137254902
2579,1.0,1.0,2713.0,0.9798306875410603,1.0005317723391778,142.0,134.0,0.5568627450980392
2580,1.0,1.0,2715.0,0.980396548327547,1.0000625788857584,140.0,135.0,0.5490196078431373
2581,1.0,1.0,2716.0,0.980886868866611,1.0005528994248225,140.0,135.0,0.5490196078431373
2582,1.0,1.0,2717.0,0.9813281523351508,1.0009941828933624,139.0,135.0,0.5450980392156862
2583,1.0,1.0,2719.0,0.9817455122221573,1.0004282412524583,138.0,136.0,0.5411764705882353
2584,1.0,1.0,2720.0,0.9820920793775625,1.0007748084078636,138.0,136.0,0.5411764705882353
2585,1.0,1.0,2722.0,0.9824154726427721,1.000164065221558,137.0,137.0,0.5372549019607843
2586,1.0,1.0,2723.0,0.982670973960412,1.000419566539198,135.0,137.0,0.5294117647058824
2587,1.0,1.0,2724.0,0.9828820103082414,1.0006306028870273,135.0,137.0,0.5294117647058824
2588,1.0,1.0,2725.0,0.9830491370450702,1.0007977296238562,134.0,137.0,0.5254901960784314
2589,1.0,1.0,2726.0,0.9831727939781005,1.0009213865568864,134.0,137.0,0.5254901960784314
2590,1.0,1.0,2728.0,0.9832749233958908,1.0001360863457376,133.0,138.0,0.5215686274509804
2591,1.0,1.0,2729.0,0.9833125034223988,1.0001736663722456,132.0,138.0,0.5176470588235295
2592,1.0,1.0,2730.0,0.9833072498280078,1.0001684127778545,132.0,138.0,0.5176470588235295
2593,1.0,1.0,2730.0,0.9832375319118924,1.0009861244906784,131.0,137.0,0.5137254901960784
2594,1.0,1.0,2731.0,0.9831464568435206,1.0008950494223066,130.0,137.0,0.5098039215686274
2595,1.0,1.0,2732.0,0.9830121680760834,1.0007607606548694,130.0,137.0,0.5098039215686274
2596,1.0,1.0,2733.0,0.9828343122180871,1.000582904796873,128.0,137.0,0.5019607843137255
2597,1.0,1.0,2734.0,0.9826124212278005,1.0003610138065864,127.0,137.0,0.4980392156862745
2598,1.0,1.0,2735.0,0.9823459111815647,1.0000945037603506,128.0,137.0,0.5019607843137255
2599,1.0,1.0,2735.0,0.9820113261312826,1.0006940551615837,127.0,136.0,0.4980392156862745
2600,1.0,1.0,2736.0,0.9816533546822619,1.000336083712563,127.0,136.0,0.4980392156862745
2601,1.0,1.0,2736.0,0.9812243479817979,1.0008903785400094,127.0,135.0,0.4980392156862745
2602,1.0,1.0,2737.0,0.9807711445304499,1.0004371750886614,127.0,135.0,0.4980392156862745
2603,1.0,1.0,2737.0,0.9802433866111608,1.0009444714092783,127.0,134.0,0.4980392156862745
2604,1.0,1.0,2738.0,0.9796901774563115,1.0003912622544289,128.0,134.0,0.5019607843137255
2605,1.0,1.0,2738.0,0.9790583085403415,1.0008489241173073,128.0,133.0,0.5019607843137255
2606,1.0,1.0,2739.0,0.978399266596641,1.0001898821736068,128.0,133.0,0.5019607843137255
2607,1.0,1.0,2739.0,0.9776568407653632,1.0005943308463798,128.0,132.0,0.5019607843137255
2608,1.0,1.0,2740.0,0.9768850241851913,0.9998225142662078,128.0,132.0,0.5019607843137255
2609,1.0,1.0,2740.0,0.9760244420346591,1.0001691684357292,129.0,131.0,0.5058823529411764
2610,1.0,1.0,2740.0,0.9751007663105339,1.0005162677853445,129.0,130.0,0.5058823529411764
2611,1.0,1.0,2740.0,0.9741115662872257,1.0008647257343948,129.0,129.0,0.5058823529411764
2612,1.0,1.0,2741.0,0.973088537729147,0.9998416971763161,129.0,129.0,0.5058823529411764
2613,1.0,1.0,2741.0,0.9719621055572636,1.0001233260279678,130.0,128.0,0.5098039215686274
2614,1.0,1.0,2741.0,0.9707618894526362,1.0004052794217986,130.0,127.0,0.5098039215686274
2615,1.0,1.0,2741.0,0.9694847309518315,1.0006882993404236,130.0,126.0,0.5098039215686274
2616,0.0,1.0,2741.0,0.9681272691114264,1.0009731305731022,131.0,125.0,0.5137254901960784
2617,1.0,1.0,2743.0,0.9693996252644423,1.0006031936530344,132.0,126.0,0.5176470588235295
2618,1.0,1.0,2745.0,0.9705914541155225,1.0002348440846849,132.0,127.0,0.5176470588235295
2619,1.0,1.0,2747.0,0.9717058920563806,0.9998671125270848,133.0,128.0,0.5215686274509804
2620,1.0,1.0,2748.0,0.9727115728960714,1.0008727933667756,133.0,128.0,0.5215686274509804
2621,1.0,1.0,2750.0,0.9736815462142971,1.0004347056614662,133.0,129.0,0.5215686274509804
2622,1.0,1.0,2752.0,0.9745822604436133,0.9999977619184239,134.0,130.0,0.5254901960784314
2623,1.0,1.0,2753.0,0.9753851311071858,1.0008006325819965,134.0,130.0,0.5254901960784314
2624,1.0,1.0,2755.0,0.9761558097762375,1.0003005361773076,135.0,131.0,0.5294117647058824
2625,1.0,1.0,2756.0,0.9768343335377141,1.0009790599387842,135.0,131.0,0.5294117647058824
2626,1.0,1.0,2758.0,0.9774828497964638,1.0004203398774805,136.0,132.0,0.5333333333333333
2627,1.0,1.0,2759.0,0.9780441737101462,1.0009816637911628,136.0,132.0,0.5333333333333333
2628,1.0,1.0,2761.0,0.9785771261721574,1.0003677417491232,137.0,133.0,0.5372549019607843
2629,1.0,1.0,2762.0,0.979027162798106,1.0008177783750718,137.0,133.0,0.5372549019607843
2630,1.0,1.0,2764.0,0.9794499444338446,1.000151029231962,138.0,134.0,0.5411764705882353
2631,1.0,1.0,2765.0,0.9797934341162979,1.0004945189144154,138.0,134.0,0.5411764705882353
2632,1.0,1.0,2766.0,0.9800850756179884,1.000786160416106,139.0,134.0,0.5450980392156862
2633,1.0,1.0,2768.0,0.9803508492762422,1.0000168798344538,140.0,135.0,0.5490196078431373
2634,1.0,1.0,2769.0,0.9805409624264121,1.0002069929846236,140.0,135.0,0.5490196078431373
2635,1.0,1.0,2770.0,0.9806811282259517,1.0003471587841632,141.0,135.0,0.5529411764705883
2636,1.0,1.0,2771.0,0.9807717155322282,1.0004377460904397,141.0,135.0,0.5529411764705883
2637,1.0,1.0,2772.0,0.9808129627328901,1.0004789932911016,142.0,135.0,0.5568627450980392
2638,1.0,1.0,2773.0,0.9808049783732018,1.0004710089314133,143.0,135.0,0.5607843137254902
2639,1.0,1.0,2774.0,0.9807477414416906,1.0004137719999022,143.0,135.0,0.5607843137254902
2640,1.0,1.0,2775.0,0.9806411013148526,1.000307131873064,144.0,135.0,0.5647058823529412
2641,1.0,1.0,2776.0,0.980484777360775,1.0001508079189865,145.0,135.0,0.5686274509803921
2642,1.0,1.0,2776.0,0.9802531453409413,1.0009542301390588,146.0,134.0,0.5725490196078431
2643,1.0,1.0,2777.0,0.9799960877664154,1.0006971725645328,146.0,134.0,0.5725490196078431
2644,1.0,1.0,2778.0,0.9796877153102059,1.0003888001083234,147.0,134.0,0.5764705882352941
2645,1.0,1.0,2779.0,0.9793272164658491,1.0000283012639666,148.0,134.0,0.5803921568627451
2646,1.0,1.0,2779.0,0.9788871026998702,1.000677718276836,148.0,133.0,0.5803921568627451
2647,1.0,1.0,2780.0,0.9784193653644755,1.0002099809414413,149.0,133.0,0.5843137254901961
2648,1.0,1.0,2780.0,0.9778682970329977,1.0008057871140144,150.0,132.0,0.5882352941176471
2649,1.0,1.0,2781.0,0.9772883944164882,1.0002258844975047,151.0,132.0,0.592156862745098
2650,1.0,1.0,2781.0,0.9766207877302269,1.000765514131297,151.0,131.0,0.592156862745098
2651,1.0,1.0,2782.0,0.9759226115785875,1.0000673379796576,152.0,131.0,0.596078431372549
2652,1.0,1.0,2782.0,0.9751316668399055,1.000547168314716,153.0,130.0,0.6
2653,1.0,1.0,2783.0,0.974307863095473,0.9997233645702837,154.0,130.0,0.6039215686274509
2654,1.0,1.0,2783.0,0.9733854936870123,1.0001386531341814,155.0,129.0,0.6078431372549019
2655,1.0,1.0,2783.0,0.9723930861040438,1.0005543065747482,155.0,128.0,0.6078431372549019
2656,1.0,1.0,2783.0,0.9713280287476649,1.0009714187168273,156.0,127.0,0.611764705882353
2657,0.0,1.0,2784.0,0.9702255231814731,0.9998689131506355,157.0,127.0,0.615686274509804
2658,1.0,1.0,2786.0,0.9717142470223995,0.9998754674931037,158.0,128.0,0.6196078431372549
2659,1.0,1.0,2788.0,0.9731285346712795,0.9998816941184485,159.0,129.0,0.6235294117647059
2660,1.0,1.0,2790.0,0.9744721079377155,0.9998876094125262,160.0,130.0,0.6274509803921569
2661,1.0,1.0,2792.0,0.9757485025408297,0.9998932289418998,161.0,131.0,0.6313725490196078
2662,1.0,1.0,2794.0,0.9769610774137882,0.9998985674948048,162.0,132.0,0.6352941176470588
2663,1.0,1.0,2796.0,0.9781130235430988,0.9999036391200645,162.0,133.0,0.6352941176470588
2664,1.0,1.0,2797.0,0.9791808325136386,1.0009714480906045,163.0,133.0,0.6392156862745098
2665,1.0,1.0,2799.0,0.9802217908879567,1.0009228756860742,164.0,134.0,0.6431372549019608
2666,1.0,1.0,2801.0,0.9812107013435588,1.0008767319017704,165.0,135.0,0.6470588235294118
2667,1.0,1.0,2803.0,0.982150166276381,1.000832895306682,166.0,136.0,0.6509803921568628
2668,1.0,1.0,2805.0,0.983042657962562,1.0007912505413479,167.0,137.0,0.6549019607843137
2669,1.0,1.0,2807.0,0.9838905250644339,1.0007516880142806,168.0,138.0,0.6588235294117647
2670,1.0,1.0,2809.0,0.9846959988112122,1.0007141036135665,169.0,139.0,0.6627450980392157
2671,1.0,1.0,2811.0,0.9854611988706516,1.0006783984328882,170.0,140.0,0.6666666666666666
2672,1.0,1.0,2813.0,0.986188138927119,1.0006444785112438,171.0,141.0,0.6705882352941176
2673,1.0,1.0,2815.0,0.986878731980763,1.0006122545856815,171.0,142.0,0.6705882352941176
2674,1.0,1.0,2817.0,0.987534795381725,1.0005816418563975,172.0,143.0,0.6745098039215687
2675,1.0,1.0,2819.0,0.9881580556126387,1.0005525597635776,173.0,144.0,0.6784313725490196
2676,1.0,1.0,2821.0,0.9887501528320067,1.0005249317753988,174.0,145.0,0.6823529411764706
2677,1.0,1.0,2823.0,0.9893126451904064,1.0004986851866289,175.0,146.0,0.6862745098039216
2678,1.0,1.0,2825.0,0.9898470129308861,1.0004737509272974,176.0,147.0,0.6901960784313725
2679,1.0,1.0,2826.0,0.9903417194624231,1.0009684574588344,177.0,147.0,0.6941176470588235
2680,1.0,1.0,2828.0,0.990824633489302,1.0009200345858928,178.0,148.0,0.6980392156862745
2681,1.0,1.0,2830.0,0.9912834018148371,1.0008740328565984,179.0,149.0,0.7019607843137254
2682,1.0,1.0,2832.0,0.9917192317240953,1.0008303312137683,180.0,150.0,0.7058823529411765
2683,1.0,1.0,2834.0,0.9921332701378904,1.00078881465308,179.0,151.0,0.7019607843137254
2684,1.0,1.0,2836.0,0.992526606630996,1.000749373920426,178.0,152.0,0.6980392156862745
2685,1.0,1.0,2838.0,0.9929002762994463,1.000711905224405,177.0,153.0,0.6941176470588235
2686,1.0,1.0,2840.0,0.993255262484474,1.0006763099631846,176.0,154.0,0.6901960784313725
2687,1.0,1.0,2842.0,0.9935924993602503,1.0006424944650254,174.0,155.0,0.6823529411764706
2688,1.0,1.0,2843.0,0.9939042878597384,1.0009542829645135,173.0,155.0,0.6784313725490196
2689,1.0,1.0,2845.0,0.9942090734667516,1.000906568816288,171.0,156.0,0.6705882352941176
2690,1.0,1.0,2847.0,0.994498619793414,1.0008612403754735,168.0,157.0,0.6588235294117647
2691,1.0,1.0,2849.0,0.9947736888037433,1.0008181783566998,166.0,158.0,0.6509803921568628
2692,1.0,1.0,2851.0,0.9950350043635562,1.0007772694388648,162.0,159.0,0.6352941176470588
2693,1.0,1.0,2853.0,0.9952832541453784,1.0007384059669218,158.0,160.0,0.6196078431372549
2694,1.0,1.0,2854.0,0.9955124473429422,1.0009675991644855,152.0,160.0,0.596078431372549
2695,1.0,1.0,2856.0,0.9957368249757952,1.0009192192062613,142.0,161.0,0.5568627450980392
2696,1.0,1.0,2858.0,0.9959499837270054,1.000873258245948,127.0,162.0,0.4980392156862745
2697,1.0,1.0,2860.0,0.9961524845406552,1.0008295953336508,128.0,163.0,0.5019607843137255
2698,1.0,1.0,2862.0,0.9963448603136225,1.0007881155669682,128.0,164.0,0.5019607843137255
2699,1.0,1.0,2863.0,0.996522205640902,1.0009654608942478,129.0,164.0,0.5058823529411764
2700,1.0,1.0,2865.0,0.9966960953588568,1.0009171878495353,129.0,165.0,0.5058823529411764
2701,1.0,1.0,2867.0,0.996861290590914,1.0008713284570587,130.0,166.0,0.5098039215686274
2702,1.0,1.0,2869.0,0.9970182260613684,1.0008277620342059,130.0,167.0,0.5098039215686274
2703,1.0,1.0,2870.0,0.9971626749388459,1.0009722109116834,130.0,167.0,0.5098039215686274
2704,1.0,1.0,2872.0,0.9973045411919036,1.000923600366099,131.0,168.0,0.5137254901960784
2705,1.0,1.0,2874.0,0.9974393141323084,1.0008774203477941,131.0,169.0,0.5137254901960784
2706,1.0,1.0,2876.0,0.9975673484256931,1.0008335493304046,132.0,170.0,0.5176470588235295
2707,1.0,1.0,2877.0,0.9976850029392039,1.0009512038439154,132.0,170.0,0.5176470588235295
2708,1.0,1.0,2879.0,0.9978007527922437,1.0009036436517196,132.0,171.0,0.5176470588235295
2709,1.0,1.0,2881.0,0.9979107151526315,1.0008584614691336,133.0,172.0,0.5215686274509804
2710,1.0,1.0,2882.0,0.998011589191153,1.0009593355076551,133.0,172.0,0.5215686274509804
2711,1.0,1.0,2884.0,0.9981110097315953,1.0009113687322724,134.0,173.0,0.5254901960784314
2712,1.0,1.0,2886.0,0.9982054592450156,1.0008658002956587,134.0,174.0,0.5254901960784314
2713,1.0,1.0,2887.0,0.9982919461237929,1.000952287174436,134.0,174.0,0.5254901960784314
2714,1.0,1.0,2889.0,0.9983773488176033,1.0009046728157143,135.0,175.0,0.5294117647058824
2715,1.0,1.0,2890.0,0.9984554032256998,1.0009827272238108,135.0,175.0,0.5294117647058824
2716,1.0,1.0,2892.0,0.9985326330644148,1.0009335908626202,135.0,176.0,0.5294117647058824
2717,1.0,1.0,2894.0,0.998606001411194,1.0008869113194891,135.0,177.0,0.5294117647058824
2718,1.0,1.0,2895.0,0.9986729233093358,1.0009538332176309,136.0,177.0,0.5333333333333333
2719,1.0,1.0,2897.0,0.998739277143869,1.0009061415567495,136.0,178.0,0.5333333333333333
2720,1.0,1.0,2898.0,0.9987996741569419,1.0009665385698223,136.0,178.0,0.5333333333333333
2721,1.0,1.0,2900.0,0.9988596904490948,1.0009182116413313,137.0,179.0,0.5372549019607843
2722,1.0,1.0,2901.0,0.9989141987533932,1.0009727199456295,137.0,179.0,0.5372549019607843
2723,1.0,1.0,2903.0,0.9989684888157235,1.0009240839483482,137.0,180.0,0.5372549019607843
2724,1.0,0.0,2898.0,0.9990005156726061,1.0016608567232492,137.0,174.0,0.5372549019607843
2725,1.0,0.0,2889.0,0.9990038197686559,1.0034470750220017,137.0,164.0,0.5372549019607843
2726,1.0,0.0,2883.0,0.9990014633523562,1.0053640839344156,137.0,157.0,0.5372549019607843
2727,1.0,0.0,2880.0,0.999008344482087,1.0068199734070455,138.0,153.0,0.5411764705882353
2728,1.0,0.0,2877.0,0.9990050784276008,1.008595709469362,138.0,149.0,0.5411764705882353
2729,1.0,0.0,2875.0,0.9990042810836253,1.0101903210798477,138.0,146.0,0.5411764705882353
2730,1.0,0.0,2874.0,0.9990110060590133,1.0114055102099522,137.0,144.0,0.5372549019607843
2731,1.0,0.0,2873.0,0.9990127427694357,1.0127462653743542,137.0,142.0,0.5372549019607843
2732,1.0,0.0,2872.0,0.999009238055754,1.0142264376179906,137.0,140.0,0.5372549019607843
2733,1.0,0.0,2871.0,0.999000197122263,1.0158613600721096,137.0,138.0,0.5372549019607843
2734,1.0,0.0,2871.0,0.9990080343587753,1.0167566269375612,137.0,137.0,0.5372549019607843
2735,1.0,0.0,2871.0,0.9990132611593895,1.0176959901896905,136.0,136.0,0.5333333333333333
2736,1.0,0.0,2871.0,0.9990158912788443,1.0186819218370557,135.0,135.0,0.5294117647058824
2737,1.0,0.0,2871.0,0.9990159316385065,1.019717016436624,134.0,134.0,0.5254901960784314
2738,1.0,0.0,2871.0,0.9990133823445859,1.0208039979215517,133.0,133.0,0.5215686274509804
2739,1.0,0.0,2871.0,0.9990082366884141,1.0219457267694307,132.0,132.0,0.5176470588235295
2740,1.0,0.0,2871.0,0.9990004811287909,1.023145207529861,129.0,131.0,0.5058823529411764
2741,1.0,0.0,2872.0,0.9990210500337859,1.023165776434856,125.0,131.0,0.49019607843137253
2742,1.0,0.0,2872.0,0.999009635716094,1.0244251371909046,126.0,130.0,0.49411764705882355
2743,1.0,0.0,2873.0,0.999028199152852,1.0244437006276625,126.0,130.0,0.49411764705882355
2744,1.0,0.0,2873.0,0.9990132504415224,1.0257664098886916,127.0,129.0,0.4980392156862745
2745,1.0,0.0,2874.0,0.9990300039431966,1.0257831633903658,127.0,129.0,0.4980392156862745
2746,1.0,0.0,2874.0,0.9990116208474189,1.0271728413181231,128.0,128.0,0.5019607843137255
2747,1.0,0.0,2875.0,0.9990267408826798,1.027187961353384,128.0,128.0,0.5019607843137255
2748,1.0,0.0,2875.0,0.9990050007873691,1.0286483907565316,128.0,127.0,0.5019607843137255
2749,1.0,0.0,2876.0,0.999018646619192,1.0286620365883545,129.0,127.0,0.5058823529411764
2750,1.0,0.0,2877.0,0.9990316101594239,1.0286750001285863,129.0,127.0,0.5058823529411764
2751,1.0,0.0,2877.0,0.9990059211765299,1.030209489565122,130.0,126.0,0.5098039215686274
2752,1.0,0.0,2878.0,0.9990176207715891,1.0302211891601811,130.0,126.0,0.5098039215686274
2753,1.0,0.0,2879.0,0.9990287353868952,1.0302323037754872,130.0,126.0,0.5098039215686274
2754,1.0,0.0,2880.0,0.9990392942714361,1.0302428626600282,131.0,126.0,0.5137254901960784
2755,1.0,0.0,2880.0,0.999009320636893,1.0318551820985689,131.0,125.0,0.5137254901960784
2756,1.0,0.0,2881.0,0.9990188500301912,1.0318647114918669,131.0,125.0,0.5137254901960784
2757,1.0,0.0,2882.0,0.9990279029538245,1.0318737644155003,132.0,125.0,0.5176470588235295
2758,1.0,0.0,2883.0,0.9990365032312761,1.0318823646929518,132.0,125.0,0.5176470588235295
2759,1.0,0.0,2883.0,0.9990025634160582,1.0335771544283485,132.0,124.0,0.5176470588235295
2760,1.0,0.0,2884.0,0.9990103251664582,1.0335849161787485,133.0,124.0,0.5215686274509804
2761,1.0,0.0,2885.0,0.9990176988293382,1.0335922898416285,133.0,124.0,0.5215686274509804
2762,1.0,0.0,2886.0,0.9990247038090743,1.0335992948213646,133.0,124.0,0.5215686274509804
2763,1.0,0.0,2887.0,0.9990313585398236,1.033605949552114,134.0,124.0,0.5254901960784314
2764,1.0,0.0,2888.0,0.9990376805340355,1.0336122715463258,134.0,124.0,0.5254901960784314
2765,1.0,0.0,2889.0,0.9990436864285368,1.0336182774408271,134.0,124.0,0.5254901960784314
2766,1.0,0.0,2889.0,0.9990050656295792,1.035399371958306,134.0,123.0,0.5254901960784314
2767,1.0,0.0,2890.0,0.9990104859493666,1.0354047922780931,135.0,123.0,0.5294117647058824
2768,1.0,0.0,2891.0,0.9990156352531646,1.0354099415818911,135.0,123.0,0.5294117647058824
2769,1.0,0.0,2892.0,0.9990205270917727,1.0354148334204993,135.0,123.0,0.5294117647058824
2770,1.0,0.0,2893.0,0.9990251743384504,1.035419480667177,135.0,123.0,0.5294117647058824
2771,1.0,0.0,2894.0,0.9990295892227942,1.0354238955515207,135.0,123.0,0.5294117647058824
2772,1.0,0.0,2895.0,0.9990337833629208,1.0354280896916475,135.0,123.0,0.5294117647058824
2773,1.0,0.0,2896.0,0.9990377677960411,1.0354320741247678,135.0,123.0,0.5294117647058824
2774,1.0,0.0,2897.0,0.9990415530075054,1.035435859336232,135.0,123.0,0.5294117647058824
2775,1.0,0.0,2898.0,0.9990451489583965,1.0354394552871231,135.0,123.0,0.5294117647058824
2776,1.0,0.0,2898.0,0.9990019057446549,1.0373117018801565,134.0,122.0,0.5254901960784314
2777,1.0,0.0,2899.0,0.9990051510903342,1.0373149472258358,134.0,122.0,0.5254901960784314
2778,1.0,0.0,2900.0,0.9990082341687294,1.037318030304231,134.0,122.0,0.5254901960784314
2779,1.0,0.0,2901.0,0.9990111630932048,1.0373209592287065,133.0,122.0,0.5215686274509804
2780,1.0,0.0,2902.0,0.9990139455714564,1.037323741706958,132.0,122.0,0.5176470588235295
2781,1.0,0.0,2903.0,0.9990165889257956,1.0373263850612973,131.0,122.0,0.5137254901960784
2782,1.0,0.0,2904.0,0.9990191001124176,1.0373288962479192,130.0,122.0,0.5098039215686274
2783,1.0,0.0,2905.0,0.9990214857397086,1.0373312818752103,127.0,122.0,0.4980392156862745
2784,1.0,0.0,2906.0,0.9990237520856351,1.0373335482211368,127.0,122.0,0.4980392156862745
2785,1.0,0.0,2907.0,0.9990259051142654,1.037335701249767,128.0,122.0,0.5019607843137255
2786,1.0,0.0,2908.0,0.9990279504914639,1.0373377466269655,128.0,122.0,0.5019607843137255
2787,1.0,0.0,2909.0,0.9990298935998025,1.0373396897353042,129.0,122.0,0.5058823529411764
2788,1.0,0.0,2910.0,0.9990317395527244,1.037341535688226,129.0,122.0,0.5058823529411764
2789,1.0,0.0,2911.0,0.9990334932080001,1.0373432893435017,130.0,122.0,0.5098039215686274
2790,1.0,0.0,2912.0,0.999035159180512,1.0373449553160137,130.0,122.0,0.5098039215686274
2791,1.0,0.0,2913.0,0.9990367418543982,1.0373465379898998,131.0,122.0,0.5137254901960784
2792,1.0,0.0,2914.0,0.9990382453945903,1.037348041530092,131.0,122.0,0.5137254901960784
2793,1.0,0.0,2915.0,0.9990396737577727,1.0373494698932744,132.0,122.0,0.5176470588235295
2794,1.0,0.0,2916.0,0.9990410307027959,1.0373508268382976,132.0,122.0,0.5176470588235295
2795,1.0,0.0,2917.0,0.999042319800568,1.0373521159360697,133.0,122.0,0.5215686274509804
2796,1.0,0.0,2919.0,0.9990410886872889,1.0354353950160156,133.0,123.0,0.5215686274509804
2797,1.0,0.0,2920.0,0.9990396670915414,1.035433973420268,133.0,123.0,0.5215686274509804
2798,1.0,0.0,2921.0,0.9990380512722838,1.0354323576010105,134.0,123.0,0.5254901960784314
2799,1.0,0.0,2922.0,0.9990362369773604,1.035430543306087,134.0,123.0,0.5254901960784314
2800,1.0,0.0,2923.0,0.9990342194323109,1.0354285257610374,135.0,123.0,0.5294117647058824
2801,1.0,0.0,2924.0,0.999031993327806,1.0354262996565327,135.0,123.0,0.5294117647058824
2802,1.0,0.0,2925.0,0.9990295528056761,1.0354238591344027,136.0,123.0,0.5333333333333333
2803,1.0,0.0,2926.0,0.9990268914434943,1.035421197772221,136.0,123.0,0.5333333333333333
2804,1.0,0.0,2927.0,0.9990240022376763,1.0354183085664028,137.0,123.0,0.5372549019607843
2805,1.0,0.0,2928.0,0.9990208775850487,1.0354151839137753,137.0,123.0,0.5372549019607843
2806,1.0,0.0,2929.0,0.9990175092628412,1.0354118155915677,138.0,123.0,0.5411764705882353
2807,1.0,0.0,2930.0,0.9990138884070483,1.035408194735775,138.0,123.0,0.5411764705882353
2808,1.0,0.0,2931.0,0.999010005489102,1.0354043118178287,139.0,123.0,0.5450980392156862
2809,1.0,0.0,2932.0,0.9990058502907975,1.0354001566195241,139.0,123.0,0.5450980392156862
2810,1.0,0.0,2933.0,0.9990014118774018,1.0353957182061284,140.0,123.0,0.5490196078431373
2811,1.0,0.0,2935.0,0.9990410049676138,1.033615595979904,140.0,124.0,0.5490196078431373
2812,1.0,0.0,2936.0,0.999035964307891,1.0336105553201813,141.0,124.0,0.5529411764705883
2813,1.0,0.0,2937.0,0.9990306030320728,1.0336051940443631,141.0,124.0,0.5529411764705883
2814,1.0,0.0,2938.0,0.9990249070315389,1.0335994980438292,142.0,124.0,0.5568627450980392
2815,1.0,0.0,2939.0,0.9990188613168143,1.0335934523291046,142.0,124.0,0.5568627450980392
2816,1.0,0.0,2940.0,0.9990124499781232,1.0335870409904135,143.0,124.0,0.5607843137254902
2817,1.0,0.0,2941.0,0.9990056561435217,1.033580247155812,143.0,124.0,0.5607843137254902
2818,1.0,0.0,2943.0,0.9990405720132948,1.0318864334749707,144.0,125.0,0.5647058823529412
2819,1.0,0.0,2944.0,0.9990329584977194,1.0318788199593953,144.0,125.0,0.5647058823529412
2820,1.0,0.0,2945.0,0.9990249056400252,1.031870767101701,145.0,125.0,0.5686274509803921
2821,1.0,0.0,2946.0,0.9990163922484815,1.0318622537101572,145.0,125.0,0.5686274509803921
2822,1.0,0.0,2947.0,0.9990073959194262,1.0318532573811021,146.0,125.0,0.5725490196078431
2823,1.0,0.0,2949.0,0.9990378975531664,1.0302414659417585,146.0,126.0,0.5725490196078431
2824,1.0,0.0,2950.0,0.999027862992248,1.03023143138084,147.0,126.0,0.5764705882352941
2825,1.0,0.0,2951.0,0.9990172704047889,1.0302208387933809,147.0,126.0,0.5764705882352941
2826,1.0,0.0,2952.0,0.999006091915559,1.030209660304151,147.0,126.0,0.5764705882352941
2827,1.0,0.0,2954.0,0.9990323024535956,1.028675692422758,148.0,127.0,0.5803921568627451
2828,1.0,0.0,2955.0,0.9990198622903331,1.0286632522594956,148.0,127.0,0.5803921568627451
2829,1.0,0.0,2956.0,0.9990067430346141,1.0286501330037765,149.0,127.0,0.5843137254901961
2830,1.0,0.0,2958.0,0.99902901429089,1.0271902347615942,149.0,128.0,0.5843137254901961
2831,1.0,0.0,2959.0,0.9990144313992473,1.0271756518699515,150.0,128.0,0.5882352941176471
2832,1.0,0.0,2961.0,0.9990333590348323,1.0257865184820014,150.0,129.0,0.5882352941176471
2833,1.0,0.0,2962.0,0.9990171589021539,1.025770318349323,151.0,129.0,0.592156862745098
2834,1.0,0.0,2963.0,0.9990000872916522,1.0257532467388213,151.0,129.0,0.592156862745098
2835,1.0,0.0,2965.0,0.9990146832542863,1.0244301847290969,152.0,130.0,0.596078431372549
2836,1.0,0.0,2967.0,0.9990266862781157,1.0231714126791858,152.0,131.0,0.596078431372549
2837,1.0,0.0,2968.0,0.9990067209114802,1.0231514473125503,153.0,131.0,0.6
2838,1.0,0.0,2970.0,0.9990150964299438,1.0219525865109604,153.0,132.0,0.6
2839,1.0,0.0,2972.0,0.9990208800969071,1.020811495673873,154.0,133.0,0.6039215686274509
2840,1.0,0.0,2974.0,0.9990240871325464,1.019725171930664,154.0,134.0,0.6039215686274509
2841,1.0,0.0,2976.0,0.9990247259764294,1.018690756534641,155.0,135.0,0.6078431372549019
2842,1.0,0.0,2978.0,0.999022798309724,1.017705527340025,155.0,136.0,0.6078431372549019
2843,1.0,0.0,2980.0,0.9990182990596232,1.0167668916384092,155.0,137.0,0.6078431372549019
2844,1.0,0.0,2982.0,0.999011216385995,1.0158723793358417,156.0,138.0,0.611764705882353
2845,1.0,0.0,2984.0,0.9990015316502248,1.015019636452579,156.0,139.0,0.611764705882353
2846,1.0,0.0,2987.0,0.9990077531348631,1.013464092718988,157.0,141.0,0.615686274509804
2847,1.0,0.0,2990.0,0.9990085809395823,1.012055427414255,157.0,143.0,0.615686274509804
2848,1.0,0.0,2993.0,0.9990042885369514,1.0107790674803434,158.0,145.0,0.6196078431372549
2849,1.0,0.0,2997.0,0.9990080522960507,1.0091034533926415,158.0,148.0,0.6196078431372549
2850,1.0,0.0,3001.0,0.9990040183151891,1.0076595628303786,159.0,151.0,0.6235294117647059
2851,1.0,0.0,3006.0,0.9990019542798643,1.0060519493846394,159.0,155.0,0.6235294117647059
2852,1.0,0.0,3013.0,0.9990040990360867,1.0041864932665527,160.0,161.0,0.6274509803921569
2853,1.0,0.0,3022.0,0.9990009514302787,1.0024390576457645,160.0,169.0,0.6274509803921569
2854,1.0,1.0,3034.0,0.998989018523134,1.0009446136557587,160.0,180.0,0.6274509803921569
2855,1.0,1.0,3034.0,0.9989359308743797,1.000994452066616,161.0,179.0,0.6313725490196078
2856,1.0,1.0,3035.0,0.9988826821734493,1.0009412033656857,161.0,179.0,0.6313725490196078
2857,1.0,1.0,3035.0,0.9988239859892024,1.0009908504020828,162.0,178.0,0.6352941176470588
2858,1.0,1.0,3036.0,0.9987649730625413,1.0009318374754217,162.0,178.0,0.6352941176470588
2859,1.0,1.0,3036.0,0.9987000709352586,1.0009809808435537,163.0,177.0,0.6392156862745098
2860,1.0,1.0,3037.0,0.9986346721854882,1.0009155820937834,163.0,177.0,0.6392156862745098
2861,1.0,1.0,3037.0,0.9985629024364862,1.0009638602346915,164.0,176.0,0.6431372549019608
2862,1.0,1.0,3038.0,0.998490429002814,1.0008913868010194,164.0,176.0,0.6431372549019608
2863,1.0,1.0,3038.0,0.998411058770414,1.000938382768525,164.0,175.0,0.6431372549019608
2864,1.0,1.0,3038.0,0.9983275071137256,1.0009878481643688,165.0,174.0,0.6470588235294118
2865,1.0,1.0,3039.0,0.9982429648536228,1.000903305904266,165.0,174.0,0.6470588235294118
2866,1.0,1.0,3039.0,0.998150558657847,1.000950917658524,166.0,173.0,0.6509803921568628
2867,1.0,1.0,3040.0,0.9980568757150179,1.000857234715695,166.0,173.0,0.6509803921568628
2868,1.0,1.0,3040.0,0.9979546685935735,1.0009024149100756,167.0,172.0,0.6549019607843137
2869,1.0,1.0,3040.0,0.9978470790210596,1.0009499698805355,167.0,171.0,0.6549019607843137
2870,1.0,1.0,3041.0,0.9977378019322267,1.0008406927917026,167.0,171.0,0.6549019607843137
2871,1.0,1.0,3041.0,0.9976187925286395,1.000884993433351,160.0,170.0,0.6274509803921569
2872,1.0,1.0,3041.0,0.9974935167896015,1.0009316230050873,157.0,169.0,0.615686274509804
2873,1.0,1.0,3041.0,0.997361645042115,1.0009807042163106,155.0,168.0,0.6078431372549019
2874,1.0,1.0,3042.0,0.9972274700747197,1.0008465292489153,152.0,168.0,0.596078431372549
2875,1.0,1.0,3042.0,0.9970815911474608,1.0008911271202983,150.0,167.0,0.5882352941176471
2876,1.0,1.0,3042.0,0.9969280321969056,1.0009380700630504,149.0,166.0,0.5843137254901961
2877,1.0,1.0,3042.0,0.9967663891205529,1.0009874816112314,146.0,165.0,0.5725490196078431
2878,1.0,1.0,3043.0,0.9966016481989252,1.0008227406896038,146.0,165.0,0.5725490196078431
2879,1.0,1.0,3043.0,0.9964228231720546,1.0008660784254004,145.0,164.0,0.5686274509803921
2880,1.0,1.0,3043.0,0.9962345845219526,1.0009116953149482,143.0,163.0,0.5607843137254902
2881,1.0,1.0,3043.0,0.9960364368837504,1.0009597114026931,142.0,162.0,0.5568627450980392
2882,1.0,1.0,3044.0,0.9958341707067039,1.0007574452256467,141.0,162.0,0.5529411764705883
2883,1.0,1.0,3044.0,0.9956149455251023,1.0007973397555685,139.0,161.0,0.5450980392156862
2884,1.0,1.0,3044.0,0.9953841807264616,1.000839332548005,138.0,160.0,0.5411764705882353
2885,1.0,1.0,3044.0,0.9951412690349958,1.0008835341103044,138.0,159.0,0.5411764705882353
2886,1.0,1.0,3044.0,0.9948855712094115,1.000930060762368,137.0,158.0,0.5372549019607843
2887,1.0,1.0,3044.0,0.994616414360694,1.0009790349427534,136.0,157.0,0.5333333333333333
2888,1.0,1.0,3045.0,0.9943412473872213,1.0007038679692808,136.0,157.0,0.5333333333333333
2889,1.0,1.0,3045.0,0.9940434396139237,1.00074093496346,133.0,156.0,0.5215686274509804
2890,1.0,1.0,3045.0,0.9937299566817154,1.0007799517864904,132.0,155.0,0.5176470588235295
2891,1.0,1.0,3045.0,0.9933999736355116,1.000821021114222,132.0,154.0,0.5176470588235295
2892,1.0,1.0,3045.0,0.9930526220988749,1.0008642510238335,131.0,153.0,0.5137254901960784
2893,1.0,1.0,3045.0,0.9926869879888142,1.0009097552782442,131.0,152.0,0.5137254901960784
2894,1.0,1.0,3045.0,0.992302109110303,1.0009576536254925,130.0,151.0,0.5098039215686274
2895,1.0,1.0,3046.0,0.99190806947613,1.0005636139913194,129.0,151.0,0.5058823529411764
2896,1.0,1.0,3046.0,0.9914821932786012,1.0005932927682744,129.0,150.0,0.5058823529411764
2897,1.0,1.0,3046.0,0.9910339018002268,1.000624532841988,128.0,149.0,0.5019607843137255
2898,1.0,1.0,3046.0,0.9905620153265896,1.0006574164231803,125.0,148.0,0.49019607843137253
2899,1.0,1.0,3046.0,0.9900652920511804,1.0006920300475917,125.0,147.0,0.49019607843137253
2900,1.0,1.0,3046.0,0.9895424248074849,1.0007284648037074,124.0,146.0,0.48627450980392156
2901,1.0,1.0,3046.0,0.9889920376290722,1.0007668165724641,123.0,145.0,0.4823529411764706
2902,1.0,1.0,3046.0,0.9884126821286306,1.0008071862795695,123.0,144.0,0.4823529411764706
2903,1.0,1.0,3046.0,0.9878028336864224,1.000849680161095,122.0,143.0,0.47843137254901963
2904,1.0,1.0,3046.0,0.9871608874381258,1.0008944100430444,122.0,142.0,0.47843137254901963
2905,1.0,1.0,3046.0,0.9864851540515085,1.0009414936356333,122.0,141.0,0.47843137254901963
2906,1.0,1.0,3046.0,0.9857738552808162,1.0009910548430527,122.0,140.0,0.47843137254901963
2907,1.0,1.0,3047.0,0.9850446285173867,1.0002618280796234,122.0,140.0,0.47843137254901963
2908,1.0,1.0,3047.0,0.9842575117445159,1.0002756165468702,122.0,139.0,0.47843137254901963
2909,1.0,1.0,3047.0,0.9834289673709727,1.0002901303208194,122.0,138.0,0.47843137254901963
2910,1.0,1.0,3047.0,0.9825568150168269,1.0003054075956128,122.0,137.0,0.47843137254901963
2911,1.0,1.0,3047.0,0.9816387595443041,1.0003214885746052,122.0,136.0,0.47843137254901963
2912,1.0,1.0,3047.0,0.9806723850179507,1.0003384155761623,122.0,135.0,0.47843137254901963
2913,1.0,1.0,3047.0,0.9796551483469076,1.000356233145025,122.0,134.0,0.47843137254901963
2914,1.0,1.0,3047.0,0.9785843725925669,1.0003749881695327,122.0,133.0,0.47843137254901963
2915,1.0,1.0,3047.0,0.9774572399239961,1.0003947300050127,122.0,132.0,0.47843137254901963
2916,1.0,1.0,3047.0,0.9762707842025938,1.0004155106036638,122.0,131.0,0.47843137254901963
2917,1.0,1.0,3047.0,0.9750218831764615,1.0004373846512722,122.0,130.0,0.47843137254901963
2918,0.0,1.0,3047.0,0.9737072502639514,1.0004604097111205,123.0,129.0,0.4823529411764706
2919,1.0,1.0,3049.0,0.9750218877507539,1.0004373892255645,123.0,130.0,0.4823529411764706
2920,1.0,1.0,3051.0,0.9762707933632162,1.0004155197642863,123.0,131.0,0.4823529411764706
2921,1.0,1.0,3053.0,0.9774572536950554,1.000394743776072,123.0,132.0,0.4823529411764706
2922,1.0,1.0,3055.0,0.9785843910103027,1.0003750065872685,123.0,133.0,0.4823529411764706
2923,1.0,1.0,3057.0,0.9796551714597875,1.000356256257905,123.0,134.0,0.4823529411764706
2924,1.0,1.0,3059.0,0.9806724128867982,1.0003384434450098,123.0,135.0,0.4823529411764706
2925,1.0,1.0,3061.0,0.9816387922424583,1.0003215212727594,123.0,136.0,0.4823529411764706
2926,1.0,1.0,3063.0,0.9825568526303354,1.0003054452091213,123.0,137.0,0.4823529411764706
2927,1.0,1.0,3065.0,0.9834290099988187,1.0002901729486653,123.0,138.0,0.4823529411764706
2928,1.0,1.0,3067.0,0.9842575594988778,1.000275664301232,123.0,139.0,0.4823529411764706
2929,1.0,1.0,3069.0,0.9850446815239339,1.0002618810861705,123.0,140.0,0.4823529411764706
2930,1.0,1.0,3070.0,0.9857739136790395,1.000991113241276,123.0,140.0,0.4823529411764706
2931,1.0,1.0,3072.0,0.9864852179950876,1.0009415575792124,123.0,141.0,0.4823529411764706
2932,1.0,1.0,3074.0,0.9871609570953332,1.0008944797002517,123.0,142.0,0.4823529411764706
2933,1.0,1.0,3076.0,0.9878029092405667,1.0008497557152394,123.0,143.0,0.4823529411764706
2934,1.0,1.0,3078.0,0.9884127637785384,1.0008072679294773,124.0,144.0,0.48627450980392156
2935,1.0,1.0,3080.0,0.9889921255896115,1.0007669045330034,124.0,145.0,0.48627450980392156
2936,1.0,1.0,3082.0,0.9895425193101309,1.0007285593063533,124.0,146.0,0.48627450980392156
2937,1.0,1.0,3084.0,0.9900653933446244,1.0006921313410357,124.0,147.0,0.48627450980392156
2938,1.0,1.0,3086.0,0.9905621236773933,1.000657524773984,124.0,148.0,0.48627450980392156
2939,1.0,1.0,3088.0,0.9910340174935237,1.000624648535285,124.0,149.0,0.48627450980392156
2940,1.0,1.0,3090.0,0.9914823166188476,1.0005934161085206,124.0,150.0,0.48627450980392156
2941,1.0,1.0,3092.0,0.9919082007879052,1.0005637453030947,124.0,151.0,0.48627450980392156
2942,1.0,1.0,3093.0,0.9923022487391644,1.0009577932543539,125.0,151.0,0.49019607843137253
2943,1.0,1.0,3095.0,0.9926871363022063,1.0009099035916362,125.0,152.0,0.49019607843137253
2944,1.0,1.0,3097.0,0.993052779487096,1.0008644084120546,125.0,153.0,0.49019607843137253
2945,1.0,1.0,3099.0,0.9934001405127412,1.0008211879914517,125.0,154.0,0.49019607843137253
2946,1.0,1.0,3101.0,0.993730133487104,1.0007801285918791,125.0,155.0,0.49019607843137253
2947,1.0,1.0,3103.0,0.9940436268127489,1.0007411221622853,125.0,156.0,0.49019607843137253
2948,1.0,1.0,3105.0,0.9943414454721116,1.000704066054171,126.0,157.0,0.49411764705882355
2949,1.0,1.0,3106.0,0.9946166238529253,1.0009792444349848,126.0,157.0,0.49411764705882355
2950,1.0,1.0,3108.0,0.994885792660279,1.0009302822132355,126.0,158.0,0.49411764705882355
2951,1.0,1.0,3110.0,0.9951415030272651,1.0008837681025737,126.0,159.0,0.49411764705882355
2952,1.0,1.0,3112.0,0.9953844278759019,1.0008395796974452,126.0,160.0,0.49411764705882355
2953,1.0,1.0,3114.0,0.9956152064821067,1.0007976007125727,127.0,161.0,0.4980392156862745
2954,1.0,1.0,3116.0,0.9958344461580013,1.000757720676944,127.0,162.0,0.4980392156862745
2955,1.0,1.0,3117.0,0.9960367275542128,1.0009600020731555,127.0,162.0,0.4980392156862745
2956,1.0,1.0,3119.0,0.9962348911765022,1.000912001969498,127.0,163.0,0.4980392156862745
2957,1.0,1.0,3121.0,0.9964231466176772,1.000866401871023,128.0,164.0,0.5019607843137255
2958,1.0,1.0,3123.0,0.9966019892867932,1.0008230817774717,128.0,165.0,0.5019607843137255
2959,1.0,1.0,3124.0,0.9967667487482663,1.0009878412389448,128.0,165.0,0.5019607843137255
2960,1.0,1.0,3126.0,0.996928411310853,1.0009384491769977,129.0,166.0,0.5058823529411764
2961,1.0,1.0,3128.0,0.9970819907453103,1.0008915267181477,129.0,167.0,0.5058823529411764
2962,1.0,1.0,3130.0,0.9972232513885908,1.0008423105627864,129.0,168.0,0.5058823529411764
2963,1.0,1.0,3131.0,0.9973572047986834,1.000976263972879,129.0,168.0,0.5058823529411764
2964,1.0,1.0,3133.0,0.9974888433040159,1.0009269495195017,130.0,169.0,0.5098039215686274
2965,1.0,1.0,3135.0,0.9976138735022538,1.0008800744069652,130.0,170.0,0.5098039215686274
2966,1.0,1.0,3136.0,0.9977286463550301,1.0009948472597416,131.0,170.0,0.5137254901960784
2967,1.0,1.0,3138.0,0.9978416293984295,1.0009445202579053,131.0,171.0,0.5137254901960784
2968,1.0,1.0,3140.0,0.9979489325191931,1.0008966788356952,131.0,172.0,0.5137254901960784
2969,1.0,1.0,3141.0,0.9980472478901077,1.0009949942066099,132.0,172.0,0.5176470588235295
2970,1.0,1.0,3143.0,0.9981442036016247,1.0009445626023017,132.0,173.0,0.5176470588235295
2971,1.0,1.0,3145.0,0.9982362756384091,1.0008966166890523,133.0,174.0,0.5215686274509804
2972,1.0,1.0,3146.0,0.9983204661363225,1.0009808071869657,133.0,174.0,0.5215686274509804
2973,1.0,1.0,3148.0,0.9984036475019338,1.0009309715000447,134.0,175.0,0.5254901960784314
2974,1.0,1.0,3150.0,0.9984826279399184,1.0008835857381237,134.0,176.0,0.5254901960784314
2975,1.0,1.0,3151.0,0.9985546910500622,1.0009556488482676,135.0,176.0,0.5294117647058824
2976,1.0,1.0,3153.0,0.9986260288666242,1.0009069387749194,135.0,177.0,0.5294117647058824
2977,1.0,1.0,3154.0,0.9986909729383788,1.000971882846674,136.0,177.0,0.5333333333333333
2978,1.0,1.0,3156.0,0.9987553964455487,1.0009222608584292,136.0,178.0,0.5333333333333333
2979,1.0,1.0,3157.0,0.9988139055504732,1.0009807699633537,137.0,178.0,0.5372549019607843
2980,1.0,1.0,3159.0,0.9988720713855134,1.0009305925777499,137.0,179.0,0.5372549019607843
2981,1.0,1.0,3160.0,0.9989247618141106,1.000983283006347,138.0,179.0,0.5411764705882353
2982,1.0,1.0,3162.0,0.998977261798268,1.0009328569308926,138.0,180.0,0.5411764705882353
2983,1.0,0.0,3155.0,0.9990005207662722,1.0019482670827744,139.0,172.0,0.5450980392156862
2984,1.0,0.0,3147.0,0.9990033807241718,1.0036804915171675,139.0,163.0,0.5450980392156862
2985,1.0,0.0,3142.0,0.9990049860697677,1.0053676066518271,140.0,157.0,0.5490196078431373
2986,1.0,0.0,3138.0,0.999000126841731,1.007222894131161,141.0,152.0,0.5529411764705883
2987,1.0,0.0,3136.0,0.9990051549768875,1.0085957860186487,141.0,149.0,0.5529411764705883
2988,1.0,0.0,3134.0,0.9990026371151222,1.0101886771113446,142.0,146.0,0.5568627450980392
2989,1.0,0.0,3133.0,0.9990076372464873,1.0114021413974263,143.0,144.0,0.5607843137254902
2990,1.0,0.0,3132.0,0.9990076402475907,1.0127411628525091,143.0,142.0,0.5607843137254902
2991,1.0,0.0,3131.0,0.999002388396901,1.0142195879591376,144.0,140.0,0.5647058823529412
2992,1.0,0.0,3131.0,0.9990121183327817,1.015030223135136,145.0,139.0,0.5686274509803921
2993,1.0,0.0,3131.0,0.9990192485800644,1.0158804115299112,145.0,138.0,0.5686274509803921
2994,1.0,0.0,3129.0,0.9990010432966876,1.018667073854899,146.0,135.0,0.5725490196078431
2995,1.0,0.0,3129.0,0.9990018260554576,1.0197029108535751,147.0,134.0,0.5764705882352941
2996,1.0,0.0,3131.0,0.9990251949003797,1.0186912254585911,148.0,135.0,0.5803921568627451
2997,1.0,0.0,3131.0,0.9990220462520181,1.0197231310501356,148.0,134.0,0.5803921568627451
2998,1.0,0.0,3131.0,0.9990163240411617,1.0208069396181274,149.0,133.0,0.5843137254901961
2999,1.0,0.0,3131.0,0.9990080132093611,1.0219455032903777,150.0,132.0,0.5882352941176471
3000,1.0,0.0,3132.0,0.9990264989245715,1.021963989005588,151.0,132.0,0.592156862745098
3001,1.0,0.0,3132.0,0.9990144861082095,1.0231592125092797,151.0,131.0,0.592156862745098
3002,1.0,0.0,3133.0,0.9990308346116749,1.0231755610127449,152.0,131.0,0.596078431372549
3003,1.0,0.0,3133.0,0.9990152256413424,1.024430727116153,153.0,130.0,0.6
3004,1.0,0.0,3134.0,0.9990296091357894,1.0244451106106,154.0,130.0,0.6039215686274509
3005,1.0,0.0,3134.0,0.9990104841926302,1.0257636436397992,155.0,129.0,0.6078431372549019
3006,1.0,0.0,3135.0,0.9990230541828724,1.0257762136300415,155.0,129.0,0.6078431372549019
3007,1.0,0.0,3135.0,0.99900046928682,1.0271616897575242,156.0,128.0,0.611764705882353
3008,1.0,0.0,3136.0,0.9990113581755937,1.027172578646298,157.0,128.0,0.615686274509804
3009,1.0,0.0,3137.0,0.9990214505817965,1.0271826710525007,158.0,128.0,0.6196078431372549
3010,1.0,0.0,3138.0,0.9990307730643918,1.0271919935350962,159.0,128.0,0.6235294117647059
3011,1.0,0.0,3138.0,0.9990032460274199,1.0286466359965822,160.0,127.0,0.6274509803921569
3012,1.0,0.0,3139.0,0.9990111002997925,1.028654490268955,161.0,127.0,0.6313725490196078
3013,1.0,0.0,3140.0,0.9990182524218385,1.0286616423910009,161.0,127.0,0.6313725490196078
3014,1.0,0.0,3141.0,0.9990247212149321,1.0286681111840945,162.0,127.0,0.6352941176470588
3015,1.0,0.0,3142.0,0.9990305237022127,1.0286739136713752,163.0,127.0,0.6392156862745098
3016,1.0,0.0,3143.0,0.9990356751533838,1.0286790651225461,164.0,127.0,0.6431372549019608
3017,1.0,0.0,3143.0,0.9990021847787816,1.0302057531673736,165.0,126.0,0.6470588235294118
3018,1.0,0.0,3144.0,0.999006073149507,1.030209641538099,166.0,126.0,0.6509803921568628
3019,1.0,0.0,3145.0,0.9990093461520001,1.030212914540592,167.0,126.0,0.6549019607843137
3020,1.0,0.0,3146.0,0.9990120123994257,1.0302155807880178,168.0,126.0,0.6588235294117647
3021,1.0,0.0,3147.0,0.9990140789082242,1.0302176472968163,169.0,126.0,0.6627450980392157
3022,1.0,0.0,3148.0,0.9990155511165767,1.0302191195051686,169.0,126.0,0.6627450980392157
3023,1.0,0.0,3149.0,0.9990164328987157,1.0302200012873077,170.0,126.0,0.6666666666666666
3024,1.0,0.0,3150.0,0.9990167265751204,1.0302202949637125,171.0,126.0,0.6705882352941176
3025,1.0,0.0,3151.0,0.9990164329186236,1.0302200013072156,172.0,126.0,0.6745098039215687
3026,1.0,0.0,3152.0,0.9990155511564449,1.030219119545037,173.0,126.0,0.6784313725490196
3027,1.0,0.0,3153.0,0.9990140789681577,1.0302176473567497,174.0,126.0,0.6823529411764706
3028,1.0,0.0,3154.0,0.9990120124795823,1.0302155808681743,175.0,126.0,0.6862745098039216
3029,1.0,0.0,3155.0,0.9990093462525905,1.0302129146411825,176.0,126.0,0.6901960784313725
3030,1.0,0.0,3156.0,0.9990060732707959,1.030209641659388,177.0,126.0,0.6941176470588235
3031,1.0,0.0,3157.0,0.9990021849210884,1.0302057533096804,178.0,126.0,0.6980392156862745
3032,1.0,0.0,3159.0,0.9990356753170828,1.0286790652862452,179.0,127.0,0.7019607843137254
3033,1.0,0.0,3160.0,0.9990305238877347,1.0286739138568972,180.0,127.0,0.7058823529411765
3034,1.0,0.0,3161.0,0.9990247214227654,1.0286681113919278,179.0,127.0,0.7019607843137254
3035,1.0,0.0,3162.0,0.9990182526525302,1.0286616426216926,178.0,127.0,0.6980392156862745
3036,1.0,0.0,3163.0,0.9990111005539493,1.0286544905231116,177.0,127.0,0.6941176470588235
3037,1.0,0.0,3164.0,0.999003246305711,1.0286466362748734,176.0,127.0,0.6901960784313725
3038,1.0,0.0,3166.0,0.9990307733675492,1.0271919938382534,174.0,128.0,0.6823529411764706
3039,1.0,0.0,3167.0,0.9990214509106183,1.0271826713813226,173.0,128.0,0.6784313725490196
3040,1.0,0.0,3168.0,0.999011358530945,1.0271725790016493,171.0,128.0,0.6705882352941176
3041,1.0,0.0,3169.0,0.9990004696696358,1.0271616901403402,168.0,128.0,0.6588235294117647
3042,1.0,0.0,3171.0,0.9990230545941605,1.0257762140413296,165.0,129.0,0.6470588235294118
3043,1.0,0.0,3172.0,0.9990104846334728,1.025763644080642,162.0,129.0,0.6352941176470588
3044,1.0,0.0,3174.0,0.9990296096073465,1.024445111082157,157.0,130.0,0.615686274509804
3045,1.0,0.0,3175.0,0.999015226144855,1.0244307276196656,151.0,130.0,0.592156862745098
3046,1.0,0.0,3177.0,0.999030835148468,1.0231755615495381,140.0,131.0,0.5490196078431373
3047,1.0,0.0,3178.0,0.999014486679696,1.023159213080766,129.0,131.0,0.5058823529411764
3048,1.0,0.0,3180.0,0.9990264995322549,1.0219639896132715,130.0,132.0,0.5098039215686274
3049,1.0,0.0,3181.0,0.9990080138548407,1.0219455039358574,130.0,132.0,0.5098039215686274
3050,1.0,0.0,3183.0,0.9990163247261361,1.020806940303102,131.0,133.0,0.5137254901960784
3051,1.0,0.0,3185.0,0.9990220469782898,1.0197231317764073,131.0,134.0,0.5137254901960784
3052,1.0,0.0,3187.0,0.9990251956698601,1.0186912262280716,132.0,135.0,0.5176470588235295
3053,1.0,0.0,3188.0,0.9990018268701718,1.0186678574283834,132.0,135.0,0.5176470588235295
3054,1.0,0.0,3190.0,0.9990010441587793,1.0176837731890804,133.0,136.0,0.5215686274509804
3055,1.0,0.0,3193.0,0.9990192494918024,1.0158804124416492,133.0,138.0,0.5215686274509804
3056,1.0,0.0,3195.0,0.9990121192965653,1.0150302240989195,134.0,139.0,0.5254901960784314
3057,1.0,0.0,3197.0,0.9990023894152664,1.014219588977503,134.0,140.0,0.5254901960784314
3058,1.0,0.0,3200.0,0.9990076413232178,1.0127411639281363,135.0,142.0,0.5294117647058824
3059,1.0,0.0,3203.0,0.9990076383822069,1.0114021425331459,135.0,144.0,0.5294117647058824
3060,1.0,0.0,3207.0,0.9990019212600769,1.0096286592564883,136.0,147.0,0.5333333333333333
3061,1.0,0.0,3213.0,0.999009756106481,1.007232523395911,136.0,152.0,0.5333333333333333
3062,1.0,0.0,3218.0,0.9990070507695514,1.0057045461190877,137.0,156.0,0.5372549019607843
3063,1.0,0.0,3224.0,0.9990019139841926,1.0041843082146586,137.0,161.0,0.5372549019607843
3064,1.0,0.0,3235.0,0.9990033471009498,1.0021062379604257,138.0,171.0,0.5411764705882353
3065,1.0,1.0,3245.0,0.9989842885475335,1.0009398836801582,138.0,180.0,0.5411764705882353
3066,1.0,1.0,3245.0,0.9989322283074654,1.000990749499702,139.0,179.0,0.5450980392156862
3067,1.0,1.0,3246.0,0.998879997271624,1.0009385184638604,139.0,179.0,0.5450980392156862
3068,1.0,1.0,3246.0,0.998822311686935,1.0009891760998155,140.0,178.0,0.5490196078431373
3069,1.0,1.0,3247.0,0.998764304953773,1.0009311693666534,140.0,178.0,0.5490196078431373
3070,1.0,1.0,3247.0,0.9987004072618084,1.0009813171701036,140.0,177.0,0.5490196078431373
3071,1.0,1.0,3248.0,0.9986360138324262,1.0009169237407214,141.0,177.0,0.5529411764705883
3072,1.0,1.0,3248.0,0.9985652529344622,1.0009662107326676,141.0,176.0,0.5529411764705883
3073,1.0,1.0,3249.0,0.9984937945373491,1.0008947523355545,142.0,176.0,0.5568627450980392
3074,1.0,1.0,3249.0,0.9984154481981778,1.000942772196289,142.0,175.0,0.5568627450980392
3075,1.0,1.0,3249.0,0.9983329319858438,1.000993273036487,143.0,174.0,0.5607843137254902
3076,1.0,1.0,3250.0,0.9982494394460748,1.000909780496718,143.0,174.0,0.5607843137254902
3077,1.0,1.0,3250.0,0.9981581000090338,1.000958459009711,144.0,173.0,0.5647058823529412
3078,1.0,1.0,3251.0,0.9980655036706005,1.0008658626712776,144.0,173.0,0.5647058823529412
3079,1.0,1.0,3251.0,0.9979644058586985,1.0009121521752007,145.0,172.0,0.5686274509803921
3080,1.0,1.0,3251.0,0.9978579512201088,1.0009608420795846,145.0,171.0,0.5686274509803921
3081,1.0,1.0,3252.0,0.9977498376762501,1.000852728535726,146.0,171.0,0.5725490196078431
3082,1.0,1.0,3252.0,0.997632023490648,1.0008982243953595,146.0,170.0,0.5725490196078431
3083,1.0,1.0,3252.0,0.9975079777879158,1.0009460840034015,147.0,169.0,0.5764705882352941
3084,1.0,1.0,3252.0,0.997377374131994,1.0009964333061896,147.0,168.0,0.5764705882352941
3085,1.0,1.0,3253.0,0.9972445086485051,1.0008635678227007,148.0,168.0,0.5803921568627451
3086,1.0,1.0,3253.0,0.9970999840435046,1.000909520016342,148.0,167.0,0.5803921568627451
3087,1.0,1.0,3253.0,0.9969478278175661,1.0009578656837108,149.0,166.0,0.5843137254901961
3088,1.0,1.0,3254.0,0.9967927806337558,1.0008028184999005,149.0,166.0,0.5843137254901961
3089,1.0,1.0,3254.0,0.9966244093785037,1.0008455018691822,150.0,165.0,0.5882352941176471
3090,1.0,1.0,3254.0,0.9964471549900371,1.0008904102433829,150.0,164.0,0.5882352941176471
3091,1.0,1.0,3254.0,0.9962605510094391,1.0009376618024348,151.0,163.0,0.592156862745098
3092,1.0,1.0,3254.0,0.9960641063736027,1.0009873808925454,151.0,162.0,0.592156862745098
3093,1.0,1.0,3255.0,0.9958636160133689,1.0007868905323116,151.0,162.0,0.592156862745098
3094,1.0,1.0,3255.0,0.9956462441362293,1.0008286383666953,152.0,161.0,0.596078431372549
3095,1.0,1.0,3255.0,0.9954174150068165,1.0008725668283598,152.0,160.0,0.596078431372549
3096,1.0,1.0,3255.0,0.9951765264432111,1.0009187915185198,153.0,159.0,0.6
3097,1.0,1.0,3255.0,0.9949229445281407,1.0009674340810972,153.0,158.0,0.6
3098,1.0,1.0,3256.0,0.9946637512863564,1.0007082408393129,154.0,158.0,0.6039215686274509
3099,1.0,1.0,3256.0,0.9943831534064977,1.0007457739885572,154.0,157.0,0.6039215686274509
3100,1.0,1.0,3256.0,0.9940877743513932,1.0007852697009294,155.0,156.0,0.6078431372549019
3101,1.0,1.0,3256.0,0.9937768368077393,1.0008268319125144,155.0,155.0,0.6078431372549019
3102,1.0,1.0,3256.0,0.9934495225188429,1.0008705699975535,156.0,154.0,0.611764705882353
3103,1.0,1.0,3256.0,0.9931049701313117,1.0009165990562703,156.0,153.0,0.611764705882353
3104,1.0,1.0,3256.0,0.9927422729283368,1.0009650402177668,157.0,152.0,0.615686274509804
3105,1.0,1.0,3257.0,0.9923710184529397,1.0005937857423697,157.0,152.0,0.615686274509804
3106,1.0,1.0,3257.0,0.9919696728014353,1.0006252173166248,157.0,151.0,0.615686274509804
3107,1.0,1.0,3257.0,0.9915471947099347,1.0006582941996078,158.0,150.0,0.6196078431372549
3108,1.0,1.0,3257.0,0.9911024723939865,1.0006931034357478,158.0,149.0,0.6196078431372549
3109,1.0,1.0,3257.0,0.9906343355317069,1.0007297366282977,159.0,148.0,0.6235294117647059
3110,1.0,1.0,3257.0,0.9901415521839843,1.0007682901803956,159.0,147.0,0.6235294117647059
3111,1.0,1.0,3257.0,0.9896228255525352,1.0008088655487577,160.0,146.0,0.6274509803921569
3112,1.0,1.0,3257.0,0.989076790567277,1.000851569510669,160.0,145.0,0.6274509803921569
3113,1.0,1.0,3257.0,0.9885020102940382,1.000896514444977,161.0,144.0,0.6313725490196078
3114,1.0,1.0,3257.0,0.9878969721531519,1.0009438186278246,161.0,143.0,0.6313725490196078
3115,1.0,1.0,3257.0,0.9872600839389843,1.000993606543903,162.0,142.0,0.6352941176470588
3116,1.0,1.0,3258.0,0.9866072767101821,1.0003407993151006,162.0,142.0,0.6352941176470588
3117,1.0,1.0,3258.0,0.9859024987464731,1.000358838330598,162.0,141.0,0.6352941176470588
3118,1.0,1.0,3258.0,0.9851606220952548,1.0003778216574915,163.0,140.0,0.6392156862745098
3119,1.0,1.0,3258.0,0.9843796944495502,1.0003977992519044,163.0,139.0,0.6392156862745098
3120,1.0,1.0,3258.0,0.9835576607366076,1.0004188236864542,164.0,138.0,0.6431372549019608
3121,1.0,1.0,3258.0,0.9826923577098139,1.0004409502885998,164.0,137.0,0.6431372549019608
3122,1.0,1.0,3258.0,0.9817815082559409,1.000464237286242,165.0,136.0,0.6470588235294118
3123,1.0,1.0,3258.0,0.9808227154027414,1.0004887459609528,165.0,135.0,0.6470588235294118
3124,1.0,1.0,3258.0,0.9798134560111279,1.0005145408092453,165.0,134.0,0.6470588235294118
3125,1.0,1.0,3258.0,0.9787510741353334,1.0005416897122992,166.0,133.0,0.6509803921568628
3126,1.0,1.0,3258.0,0.9776327740335788,1.0005702641145955,166.0,132.0,0.6509803921568628
3127,1.0,1.0,3258.0,0.9764556128108604,1.0006003392119305,167.0,131.0,0.6549019607843137
3128,1.0,1.0,3258.0,0.9752164926744862,1.0006319941492967,167.0,130.0,0.6549019607843137
3129,1.0,1.0,3258.0,0.9739121527819922,1.0006653122291613,166.0,129.0,0.6509803921568628
3130,0.0,1.0,3258.0,0.9725391606599771,1.0007003811306814,166.0,128.0,0.6509803921568628
3131,1.0,1.0,3260.0,0.973795885169823,1.000549044616992,159.0,129.0,0.6235294117647059
3132,1.0,1.0,3262.0,0.9749836514827473,1.000399152957558,157.0,130.0,0.615686274509804
3133,1.0,1.0,3264.0,0.9761055852995737,1.0002503117006438,154.0,131.0,0.6039215686274509
3134,1.0,1.0,3266.0,0.9771646390777147,1.0001021291587313,152.0,132.0,0.596078431372549
3135,1.0,1.0,3268.0,0.9781635998007969,0.9999542153777626,150.0,133.0,0.5882352941176471
3136,1.0,1.0,3269.0,0.9790785564605236,1.0008691720374894,148.0,133.0,0.5803921568627451
3137,1.0,1.0,3271.0,0.9799663933765201,1.0006674781746376,148.0,134.0,0.5803921568627451
3138,1.0,1.0,3273.0,0.9808015102750864,1.000467540833298,145.0,135.0,0.5686274509803921
3139,1.0,1.0,3275.0,0.9815861048322716,1.0002688338625727,145.0,136.0,0.5686274509803921
3140,1.0,1.0,3276.0,0.9822994871647239,1.000982216195025,144.0,136.0,0.5647058823529412
3141,1.0,1.0,3278.0,0.9829902414169469,1.0007388339957328,143.0,137.0,0.5607843137254902
3142,1.0,1.0,3280.0,0.9836362331465829,1.0004973960964296,142.0,138.0,0.5568627450980392
3143,1.0,1.0,3282.0,0.9842391623318677,1.000257267134222,140.0,139.0,0.5490196078431373
3144,1.0,1.0,3283.0,0.9847811063983443,1.0007992112006985,140.0,139.0,0.5490196078431373
3145,1.0,1.0,3285.0,0.9853035367766143,1.0005207363388509,139.0,140.0,0.5450980392156862
3146,1.0,1.0,3286.0,0.9857687584829673,1.0009859580452038,138.0,140.0,0.5411764705882353
3147,1.0,1.0,3288.0,0.9861965295537491,1.000652869137874,137.0,141.0,0.5372549019607843
3148,1.0,1.0,3290.0,0.9866065094710016,1.0003400320759201,136.0,142.0,0.5333333333333333
3149,1.0,1.0,3291.0,0.9869645166342966,1.000698039239215,136.0,142.0,0.5333333333333333
3150,1.0,1.0,3293.0,0.9873058269742604,1.000352673448933,135.0,143.0,0.5294117647058824
3151,1.0,1.0,3294.0,0.9875978412057983,1.0006446876804709,134.0,143.0,0.5254901960784314
3152,1.0,1.0,3295.0,0.9878580545136639,1.0009049009883366,134.0,143.0,0.5254901960784314
3153,1.0,1.0,3297.0,0.9881030420596573,1.0004975462105963,133.0,144.0,0.5215686274509804
3154,1.0,1.0,3298.0,0.9883016259511568,1.0006961301020958,132.0,144.0,0.5176470588235295
3155,1.0,1.0,3299.0,0.9884702191672877,1.0008647233182266,131.0,144.0,0.5137254901960784
3156,1.0,1.0,3301.0,0.9886243612448488,1.0003991401882408,130.0,145.0,0.5098039215686274
3157,1.0,1.0,3302.0,0.9887342263540305,1.0005090052974226,129.0,145.0,0.5058823529411764
3158,1.0,1.0,3303.0,0.9888151994839818,1.0005899784273737,130.0,145.0,0.5098039215686274
3159,1.0,1.0,3304.0,0.9888674937218866,1.0006422726652786,129.0,145.0,0.5058823529411764
3160,1.0,1.0,3305.0,0.9888912466841606,1.0006660256275526,128.0,145.0,0.5019607843137255
3161,1.0,1.0,3306.0,0.988886520878599,1.000661299821991,128.0,145.0,0.5019607843137255
3162,1.0,1.0,3307.0,0.9888533038688715,1.0006280828122636,127.0,145.0,0.4980392156862745
3163,1.0,1.0,3308.0,0.9887915082417946,1.0005662871851866,127.0,145.0,0.4980392156862745
3164,1.0,1.0,3309.0,0.9887009713772972,1.0004757503206891,127.0,145.0,0.4980392156862745
3165,1.0,1.0,3309.0,0.9885663591500322,1.0009608633009712,128.0,144.0,0.5019607843137255
3166,1.0,1.0,3310.0,0.9884175487841516,1.0008120529350906,128.0,144.0,0.5019607843137255
3167,1.0,1.0,3311.0,0.9882390528029895,1.0006335569539284,128.0,144.0,0.5019607843137255
3168,1.0,1.0,3312.0,0.9880304014802797,1.0004249056312187,128.0,144.0,0.5019607843137255
3169,1.0,1.0,3312.0,0.9877751553436563,1.000822001818329,128.0,143.0,0.5019607843137255
3170,1.0,1.0,3313.0,0.9875044652894502,1.000551311764123,129.0,143.0,0.5058823529411764
3171,1.0,1.0,3313.0,0.9871850018592266,1.0009185244641452,129.0,142.0,0.5058823529411764
3172,1.0,1.0,3314.0,0.986849421829948,1.0005829444348664,129.0,142.0,0.5058823529411764
3173,1.0,1.0,3314.0,0.9864625082897616,1.0009188478738864,130.0,141.0,0.5098039215686274
3174,1.0,1.0,3315.0,0.9860585035400881,1.0005148431242128,130.0,141.0,0.5098039215686274
3175,1.0,1.0,3315.0,0.985600203561573,1.0008174031238095,130.0,140.0,0.5098039215686274
3176,1.0,1.0,3316.0,0.9851235186121123,1.0003407181743489,131.0,140.0,0.5137254901960784
3177,1.0,1.0,3316.0,0.9845891512587226,1.0006072560610768,131.0,139.0,0.5137254901960784
3178,1.0,1.0,3316.0,0.9840142290402244,1.000875391990071,131.0,138.0,0.5137254901960784
3179,1.0,1.0,3317.0,0.9834188558789876,1.0002800188288343,132.0,138.0,0.5176470588235295
3180,1.0,1.0,3317.0,0.9827593120961609,1.0005079046749468,132.0,137.0,0.5176470588235295
3181,1.0,1.0,3317.0,0.9820543980820081,1.000737127112309,132.0,136.0,0.5176470588235295
3182,1.0,1.0,3317.0,0.9813022587996502,1.0009682893578618,133.0,135.0,0.5215686274509804
3183,1.0,1.0,3318.0,0.980526127794876,1.0001921583530875,133.0,135.0,0.5215686274509804
3184,1.0,1.0,3318.0,0.9796747975412777,1.0003758823393951,134.0,134.0,0.5254901960784314
3185,1.0,1.0,3318.0,0.978769979912788,1.0005605954897538,134.0,133.0,0.5254901960784314
3186,1.0,1.0,3318.0,0.9778092938103846,1.0007467838914013,135.0,132.0,0.5294117647058824
3187,1.0,1.0,3318.0,0.9767902111127453,1.0009349375138155,135.0,131.0,0.5294117647058824
3188,1.0,1.0,3319.0,0.9757410048007347,0.9998857312018048,135.0,131.0,0.5294117647058824
3189,1.0,1.0,3319.0,0.974598551989108,1.0000140534639186,136.0,130.0,0.5333333333333333
3190,1.0,1.0,3319.0,0.9733892532616633,1.0001424127088323,136.0,129.0,0.5333333333333333
3191,1.0,1.0,3319.0,0.9721099262533281,1.0002711467240324,137.0,128.0,0.5372549019607843
3192,1.0,1.0,3319.0,0.9707572043140806,1.000400594283243,138.0,127.0,0.5411764705882353
3193,1.0,1.0,3319.0,0.9693275276493438,1.0005310960379359,138.0,126.0,0.5411764705882353
3194,1.0,1.0,3319.0,0.9678171339521054,1.0006629954137813,139.0,125.0,0.5450980392156862
3195,1.0,1.0,3319.0,0.9662220485021094,1.0007966395143997,139.0,124.0,0.5450980392156862
3196,1.0,1.0,3319.0,0.9645380737060663,1.000932380034793,140.0,123.0,0.5490196078431373
3197,1.0,1.0,3320.0,0.9628074374184429,0.9992017437471695,140.0,123.0,0.5490196078431373
3198,1.0,1.0,3320.0,0.9609345995673975,0.9992443957028991,141.0,122.0,0.5529411764705883
3199,1.0,1.0,3321.0,0.9590080731542538,0.9973178692897555,142.0,122.0,0.5568627450980392
3200,1.0,0.0,3371.0,0.957833733108451,0.9609366239679269,142.0,171.0,0.5568627450980392
3201,1.0,0.0,3362.0,0.9556403694334965,0.9608227636639626,143.0,161.0,0.5607843137254902
3202,1.0,0.0,3356.0,0.9533267253656093,0.9607477728443198,144.0,154.0,0.5647058823529412
3203,1.0,0.0,3351.0,0.9508801193848291,0.9609755204814198,144.0,148.0,0.5647058823529412
3204,1.0,0.0,3348.0,0.9483140384202757,0.9607085425712147,145.0,144.0,0.5686274509803921
3205,1.0,0.0,3345.0,0.9455999821140542,0.9608171816762907,146.0,140.0,0.5725490196078431
3206,0.0,0.0,3343.0,0.9427508391551023,0.9604994317338882,147.0,137.0,0.5764705882352941
3207,1.0,0.0,3344.0,0.942445419324961,0.9601940119037469,147.0,137.0,0.5764705882352941
3208,0.0,0.0,3344.0,0.9419669231964141,0.9606496522267151,148.0,136.0,0.5803921568627451
3209,1.0,0.0,3347.0,0.9440356110902206,0.9608967740400672,149.0,138.0,0.5843137254901961
3210,1.0,0.0,3351.0,0.9459723126694051,0.9604286522535298,150.0,141.0,0.5882352941176471
3211,1.0,0.0,3354.0,0.9477435175882791,0.9607903640629517,151.0,143.0,0.592156862745098
3212,1.0,0.0,3358.0,0.9493890353152707,0.9605750753114932,152.0,146.0,0.596078431372549
3213,1.0,0.0,3361.0,0.9508833228546332,0.9609787239512239,152.0,148.0,0.596078431372549
3214,1.0,0.0,3365.0,0.9522575097061072,0.9609130542212967,153.0,151.0,0.6
3215,1.0,0.0,3369.0,0.9535016109199369,0.9609226583986474,154.0,154.0,0.6039215686274509
3216,1.0,0.0,3373.0,0.9546195347721271,0.9609821553541866,155.0,157.0,0.6078431372549019
3217,1.0,0.0,3378.0,0.9556214111174955,0.9608038053479616,156.0,161.0,0.611764705882353
3218,1.0,0.0,3382.0,0.9564960894713603,0.9609393447247062,156.0,164.0,0.611764705882353
3219,1.0,0.0,3387.0,0.9572586405779719,0.9608776997521675,157.0,168.0,0.615686274509804
3220,1.0,0.0,3392.0,0.9579052223354478,0.9608529686519499,158.0,172.0,0.6196078431372549
3221,1.0,0.0,3396.0,0.9584351058841112,0.9609624298822221,159.0,175.0,0.6235294117647059
3222,1.0,0.0,3401.0,0.958856948639472,0.9609154698317084,160.0,179.0,0.6274509803921569
3223,1.0,1.0,3375.0,0.959009077895377,0.9672318451848071,161.0,152.0,0.6313725490196078
3224,1.0,1.0,3363.0,0.9590141316901328,0.9750322364924872,161.0,139.0,0.6313725490196078
3225,1.0,1.0,3360.0,0.9590133814349409,0.9786794119931524,162.0,135.0,0.6352941176470588
3226,1.0,1.0,3362.0,0.9590188442468499,0.9777015732771509,163.0,136.0,0.6392156862745098
3227,1.0,1.0,3369.0,0.9590142648985829,0.9727477875035014,164.0,142.0,0.6431372549019608
3228,1.0,1.0,3391.0,0.9590027560173915,0.9636798668103871,165.0,163.0,0.6470588235294118
3229,1.0,0.0,3407.0,0.9587242015909268,0.9608910660038071,166.0,178.0,0.6509803921568628
3230,1.0,0.0,3404.0,0.9582639979319238,0.960924338982567,167.0,174.0,0.6549019607843137
3231,0.0,0.0,3401.0,0.9576913956833297,0.9609575965880413,168.0,170.0,0.6588235294117647
3232,1.0,1.0,3359.0,0.9590114801741122,0.9886548701432746,169.0,127.0,0.6627450980392157
3233,1.0,1.0,3354.0,0.9606079017395848,1.0009340029348497,170.0,121.0,0.6666666666666666
3234,1.0,1.0,3356.0,0.9624125799071608,1.0007223760426625,171.0,122.0,0.6705882352941176
3235,1.0,1.0,3358.0,0.9641183438113348,1.0005126501400614,171.0,123.0,0.6705882352941176
3236,1.0,1.0,3360.0,0.9657296823044859,1.0003042733167762,172.0,124.0,0.6745098039215687
3237,1.0,1.0,3362.0,0.9672508357510697,1.0000966972127454,173.0,125.0,0.6784313725490196
3238,1.0,1.0,3364.0,0.9686858071864722,0.9998893755750642,174.0,126.0,0.6823529411764706
3239,1.0,1.0,3366.0,0.9700383728513129,0.9996817628204753,175.0,127.0,0.6862745098039216
3240,1.0,1.0,3367.0,0.9712759880001114,1.0009193779692738,176.0,127.0,0.6901960784313725
3241,1.0,1.0,3369.0,0.9724760179897616,1.0006372384604658,177.0,128.0,0.6941176470588235
3242,1.0,1.0,3371.0,0.9736036164478057,1.0003567758949747,178.0,129.0,0.6980392156862745
3243,1.0,1.0,3373.0,0.9746617507386073,1.0000772522134178,179.0,130.0,0.7019607843137254
3244,1.0,1.0,3375.0,0.9756532054260894,0.9997979318271595,180.0,131.0,0.7058823529411765
3245,1.0,1.0,3376.0,0.9765511825629695,1.0006959089640395,179.0,131.0,0.7019607843137254
3246,1.0,1.0,3378.0,0.977418407062979,1.0003558971439956,178.0,132.0,0.6980392156862745
3247,1.0,1.0,3380.0,0.9782262063184173,1.000016821895383,177.0,133.0,0.6941176470588235
3248,1.0,1.0,3381.0,0.9789501662644935,1.0007407818414593,176.0,133.0,0.6901960784313725
3249,1.0,1.0,3383.0,0.9796466685979028,1.0003477533960203,174.0,134.0,0.6823529411764706
3250,1.0,1.0,3384.0,0.9802643966731956,1.0009654814713131,173.0,134.0,0.6784313725490196
3251,1.0,1.0,3386.0,0.9808567288025654,1.0005227593607768,171.0,135.0,0.6705882352941176
3252,1.0,1.0,3388.0,0.9813986839024681,1.000081412932769,168.0,136.0,0.6588235294117647
3253,1.0,1.0,3389.0,0.9818689335646649,1.000551662594966,166.0,136.0,0.6509803921568628
3254,1.0,1.0,3390.0,0.9822926675049726,1.0009753965352737,162.0,136.0,0.6352941176470588
3255,1.0,1.0,3392.0,0.9826937554185777,1.0004423479973636,158.0,137.0,0.6196078431372549
3256,1.0,1.0,3393.0,0.9830276837077077,1.0007762762864936,152.0,137.0,0.596078431372549
3257,1.0,1.0,3395.0,0.9833397026124651,1.0002008655623118,142.0,138.0,0.5568627450980392
3258,1.0,1.0,3396.0,0.9835873425975625,1.0004485055474093,128.0,138.0,0.5019607843137255
3259,1.0,1.0,3397.0,0.9837928722227482,1.000654035172595,129.0,138.0,0.5058823529411764
3260,1.0,1.0,3398.0,0.9839568323554567,1.0008179953053034,129.0,138.0,0.5058823529411764
3261,1.0,1.0,3399.0,0.9840796544697217,1.0009408174195684,130.0,138.0,0.5098039215686274
3262,1.0,1.0,3401.0,0.9841821978134311,1.0002003026157853,130.0,139.0,0.5098039215686274
3263,1.0,1.0,3402.0,0.9842236061317046,1.000241710934059,131.0,139.0,0.5137254901960784
3264,1.0,1.0,3403.0,0.9842245244255988,1.0002426292279532,131.0,139.0,0.5137254901960784
3265,1.0,1.0,3404.0,0.9841849551116766,1.0002030599140308,132.0,139.0,0.5176470588235295
3266,1.0,1.0,3404.0,0.9840842580283665,1.0009454209782132,132.0,138.0,0.5176470588235295
3267,1.0,1.0,3405.0,0.983963294289129,1.0008244572389757,133.0,138.0,0.5215686274509804
3268,1.0,1.0,3406.0,0.9838012095365365,1.0006623724863832,133.0,138.0,0.5215686274509804
3269,1.0,1.0,3407.0,0.9835975772317662,1.000458740181613,133.0,138.0,0.5215686274509804
3270,1.0,1.0,3408.0,0.983351861500332,1.0002130244501788,134.0,138.0,0.5254901960784314
3271,1.0,1.0,3408.0,0.9830417988463114,1.0007903914250973,134.0,137.0,0.5254901960784314
3272,1.0,1.0,3409.0,0.9827098639530198,1.0004584565318058,135.0,137.0,0.5294117647058824
3273,1.0,1.0,3409.0,0.982310811826133,1.000993540856434,135.0,136.0,0.5294117647058824
3274,1.0,1.0,3410.0,0.9818891614207574,1.0005718904510585,136.0,136.0,0.5333333333333333
3275,1.0,1.0,3411.0,0.9814210485246928,1.000103777554994,136.0,136.0,0.5333333333333333
3276,1.0,1.0,3411.0,0.9808812890451913,1.000547319603403,136.0,135.0,0.5333333333333333
3277,1.0,1.0,3411.0,0.9802912171684403,1.0009923019665576,137.0,134.0,0.5372549019607843
3278,1.0,1.0,3412.0,0.9796758199260167,1.0003769047241342,137.0,134.0,0.5372549019607843
3279,1.0,1.0,3412.0,0.9789817251394979,1.0007723407164637,138.0,133.0,0.5411764705882353
3280,1.0,1.0,3413.0,0.9782602557899833,1.0000508713669491,138.0,133.0,0.5411764705882353
3281,1.0,1.0,3413.0,0.9774550367349792,1.0003925268159959,139.0,132.0,0.5450980392156862
3282,1.0,1.0,3413.0,0.9765904888292778,1.000735215230348,139.0,131.0,0.5450980392156862
3283,1.0,1.0,3414.0,0.9756952917242485,0.9998400181253186,139.0,131.0,0.5450980392156862
3284,1.0,1.0,3414.0,0.9747067278220334,1.000122229296844,140.0,130.0,0.5490196078431373
3285,1.0,1.0,3414.0,0.9736516026772447,1.0004047621244139,140.0,129.0,0.5490196078431373
3286,1.0,1.0,3414.0,0.9725271396447646,1.0006883601154688,140.0,128.0,0.5490196078431373
3287,0.0,1.0,3414.0,0.9713303796113497,1.000973769580512,141.0,127.0,0.5529411764705883
3288,1.0,1.0,3416.0,0.9727638606307822,1.0009250811014865,141.0,128.0,0.5529411764705883
3289,1.0,1.0,3418.0,0.9741256675992431,1.0008788270464122,142.0,129.0,0.5568627450980392
3290,1.0,1.0,3420.0,0.9754193842192809,1.0008348856940914,142.0,130.0,0.5568627450980392
3291,1.0,1.0,3422.0,0.9766484150083169,1.000793141409387,142.0,131.0,0.5568627450980392
3292,1.0,1.0,3424.0,0.977815994257901,1.0007534843389176,143.0,132.0,0.5607843137254902
3293,1.0,1.0,3426.0,0.978925194545006,1.0007158101219717,143.0,133.0,0.5607843137254902
3294,1.0,1.0,3428.0,0.9799789348177557,1.0006800196158732,143.0,134.0,0.5607843137254902
3295,1.0,1.0,3430.0,0.9809799880768679,1.0006460186350794,143.0,135.0,0.5607843137254902
3296,1.0,1.0,3432.0,0.9819309886730245,1.0006137177033256,144.0,136.0,0.5647058823529412
3297,1.0,1.0,3434.0,0.9828344392393733,1.0005830318181592,144.0,137.0,0.5647058823529412
3298,1.0,1.0,3436.0,0.9836927172774047,1.0005538802272513,144.0,138.0,0.5647058823529412
3299,1.0,1.0,3438.0,0.9845080814135345,1.0005261862158887,144.0,139.0,0.5647058823529412
3300,1.0,1.0,3440.0,0.9852826773428578,1.0004998769050943,145.0,140.0,0.5686274509803921
3301,1.0,1.0,3442.0,0.9860185434757149,1.0004748830598398,145.0,141.0,0.5686274509803921
3302,1.0,1.0,3444.0,0.9867176163019291,1.0004511389068476,145.0,142.0,0.5686274509803921
3303,1.0,1.0,3446.0,0.9873817354868327,1.0004285819615053,145.0,143.0,0.5686274509803921
3304,1.0,1.0,3448.0,0.9880126487124912,1.0004071528634302,145.0,144.0,0.5686274509803921
3305,1.0,1.0,3449.0,0.9885969204064264,1.0009914245573655,145.0,144.0,0.5686274509803921
3306,1.0,1.0,3451.0,0.9891670743861052,1.0009418533294971,145.0,145.0,0.5686274509803921
3307,1.0,1.0,3453.0,0.9897087206667999,1.0008947606630223,145.0,146.0,0.5686274509803921
3308,1.0,1.0,3455.0,0.99022328463346,1.0008500226298713,145.0,147.0,0.5686274509803921
3309,1.0,1.0,3457.0,0.990712120401787,1.0008075214983778,144.0,148.0,0.5647058823529412
3310,1.0,1.0,3459.0,0.9911765143816977,1.000767145423459,144.0,149.0,0.5647058823529412
3311,1.0,1.0,3461.0,0.9916176886626129,1.000728788152286,144.0,150.0,0.5647058823529412
3312,1.0,1.0,3463.0,0.9920368042294823,1.0006923487446717,143.0,151.0,0.5607843137254902
3313,1.0,1.0,3465.0,0.9924349640180081,1.000657731307438,142.0,152.0,0.5568627450980392
3314,1.0,1.0,3467.0,0.9928132158171077,1.0006248447420663,141.0,153.0,0.5529411764705883
3315,1.0,1.0,3468.0,0.993163040862818,1.0009746697877766,140.0,153.0,0.5490196078431373
3316,1.0,1.0,3470.0,0.9935048888196772,1.0009259362983878,138.0,154.0,0.5411764705882353
3317,1.0,1.0,3472.0,0.9938296443786934,1.0008796394834685,135.0,155.0,0.5294117647058824
3318,1.0,1.0,3474.0,0.9941381621597588,1.0008356575092952,131.0,156.0,0.5137254901960784
3319,1.0,1.0,3476.0,0.9944312540517709,1.0007938746338303,123.0,157.0,0.4823529411764706
3320,1.0,1.0,3478.0,0.9947096913491824,1.000754180902139,122.0,158.0,0.47843137254901963
3321,1.0,1.0,3480.0,0.9949742067817233,1.000716471857032,122.0,159.0,0.47843137254901963
3322,1.0,1.0,3481.0,0.9952185026582506,1.0009607677335592,123.0,159.0,0.4823529411764706
3323,1.0,1.0,3483.0,0.995457577525338,1.0009127293468814,124.0,160.0,0.48627450980392156
3324,1.0,1.0,3485.0,0.9956846986490713,1.0008670928795373,125.0,161.0,0.49019607843137253
3325,1.0,1.0,3487.0,0.9958941518262088,1.0008174263451515,126.0,162.0,0.49411764705882355
3326,1.0,1.0,3489.0,0.9960987964356196,1.0007759072286153,127.0,163.0,0.4980392156862745
3327,1.0,1.0,3490.0,0.996287478238767,1.0009645890317627,128.0,163.0,0.5019607843137255
3328,1.0,1.0,3492.0,0.9964723865436942,1.00091564179704,129.0,164.0,0.5058823529411764
3329,1.0,1.0,3494.0,0.9966480116553154,1.0008691041459938,130.0,165.0,0.5098039215686274
3330,1.0,1.0,3496.0,0.9968148157449768,1.0008248536111215,131.0,166.0,0.5137254901960784
3331,1.0,1.0,3497.0,0.9969683537503313,1.000978391616476,132.0,166.0,0.5176470588235295
3332,1.0,1.0,3499.0,0.9971190548134268,1.0009285907862642,133.0,167.0,0.5215686274509804
3333,1.0,1.0,3501.0,0.9972621744418206,1.0008812336160162,134.0,168.0,0.5254901960784314
3334,1.0,1.0,3503.0,0.997398089266114,1.0008361954815996,135.0,169.0,0.5294117647058824
3335,1.0,1.0,3504.0,0.9975229695198398,1.0009610757353256,136.0,169.0,0.5333333333333333
3336,1.0,1.0,3506.0,0.997641331272302,1.0009075321770136,137.0,170.0,0.5372549019607843
3337,1.0,1.0,3508.0,0.997757673438854,1.00086056429833,138.0,171.0,0.5411764705882353
3338,1.0,1.0,3509.0,0.9978643355840902,1.000967226443566,139.0,171.0,0.5450980392156862
3339,1.0,1.0,3511.0,0.9979693556250153,1.0009171019415175,140.0,172.0,0.5490196078431373
3340,1.0,1.0,3513.0,0.9980690318649539,1.000869390865631,141.0,173.0,0.5529411764705883
3341,1.0,1.0,3514.0,0.9981602159161453,1.0009605749168224,142.0,173.0,0.5568627450980392
3342,1.0,1.0,3516.0,0.9982501486341211,1.0009104896847643,143.0,174.0,0.5607843137254902
3343,1.0,1.0,3517.0,0.9983322363211093,1.0009925773717525,143.0,174.0,0.5607843137254902
3344,1.0,1.0,3519.0,0.9984133458499658,1.0009406698480767,142.0,175.0,0.5568627450980392
3345,1.0,1.0,3521.0,0.9984902799731642,1.0008912377713697,142.0,176.0,0.5568627450980392
3346,1.0,1.0,3522.0,0.9985603169054513,1.0009612747036567,143.0,176.0,0.5607843137254902
3347,1.0,1.0,3524.0,0.9986296433490394,1.0009105532573346,143.0,177.0,0.5607843137254902
3348,1.0,1.0,3525.0,0.9986925855596158,1.000973495467911,143.0,177.0,0.5607843137254902
3349,1.0,1.0,3527.0,0.9987550114493476,1.000921875862228,144.0,178.0,0.5647058823529412
3350,1.0,1.0,3528.0,0.9988115219236862,1.0009783863365667,145.0,178.0,0.5686274509803921
3351,1.0,1.0,3530.0,0.9988676828554383,1.0009262040476747,144.0,179.0,0.5647058823529412
3352,1.0,1.0,3531.0,0.9989183568319839,1.0009768780242203,145.0,179.0,0.5686274509803921
3353,1.0,1.0,3533.0,0.998968823508874,1.0009244186414985,146.0,180.0,0.5725490196078431
3354,1.0,0.0,3529.0,0.9990002680200594,1.0015275920181703,145.0,175.0,0.5686274509803921
3355,1.0,0.0,3520.0,0.9990019119310564,1.003223004421735,146.0,165.0,0.5725490196078431
3356,1.0,0.0,3515.0,0.9990054041366513,1.00474766921196,145.0,159.0,0.5686274509803921
3357,1.0,0.0,3511.0,0.9990028078650919,1.0064238553438025,146.0,154.0,0.5725490196078431
3358,1.0,0.0,3509.0,0.9990088854477366,1.007664429962926,145.0,151.0,0.5686274509803921
3359,1.0,0.0,3507.0,0.999007907328899,1.0091033084254897,145.0,148.0,0.5686274509803921
3360,1.0,0.0,3506.0,0.9990134721655262,1.0101995121617486,144.0,146.0,0.5647058823529412
3361,1.0,0.0,3504.0,0.9990142878277517,1.0120611343024244,144.0,143.0,0.5647058823529412
3362,1.0,0.0,3503.0,0.999009243507232,1.0134655830913568,142.0,141.0,0.5568627450980392
3363,1.0,0.0,3503.0,0.9990183186590336,1.0142355182212701,142.0,140.0,0.5568627450980392
3364,1.0,0.0,3502.0,0.9990042744070873,1.015865437356934,142.0,138.0,0.5568627450980392
3365,1.0,0.0,3502.0,0.9990071190548414,1.0167557116336274,142.0,137.0,0.5568627450980392
3366,1.0,0.0,3502.0,0.999007350858003,1.017690079888304,142.0,136.0,0.5568627450980392
3367,1.0,0.0,3502.0,0.9990049704265804,1.018671000984792,142.0,135.0,0.5568627450980392
3368,1.0,0.0,3503.0,0.9990251843559703,1.0186912149141818,143.0,135.0,0.5607843137254902
3369,1.0,0.0,3503.0,0.9990188807643283,1.0197199655624458,141.0,134.0,0.5529411764705883
3370,1.0,0.0,3503.0,0.999009995279961,1.0208006108569267,142.0,133.0,0.5568627450980392
3371,1.0,0.0,3504.0,0.9990264412066517,1.0208170567836174,141.0,133.0,0.5529411764705883
3372,1.0,0.0,3504.0,0.9990137852842125,1.0219512753652291,142.0,132.0,0.5568627450980392
3373,1.0,0.0,3506.0,0.9990264707465268,1.0208170863234927,141.0,133.0,0.5529411764705883
3374,1.0,0.0,3506.0,0.9990100544374478,1.0219475445184645,142.0,132.0,0.5568627450980392
3375,1.0,0.0,3507.0,0.9990204400470326,1.0219579301280493,141.0,132.0,0.5529411764705883
3376,1.0,0.0,3507.0,0.9990003111806305,1.0231450375817006,141.0,131.0,0.5529411764705883
3377,1.0,0.0,3508.0,0.9990085063316145,1.0231532327326847,142.0,131.0,0.5568627450980392
3378,1.0,0.0,3509.0,0.9990156400276065,1.0231603664286766,141.0,131.0,0.5529411764705883
3379,1.0,0.0,3510.0,0.9990217310414902,1.0231664574425603,142.0,131.0,0.5568627450980392
3380,1.0,0.0,3511.0,0.9990267954022496,1.0231715218033197,142.0,131.0,0.5568627450980392
3381,1.0,0.0,3512.0,0.99903084643715,1.0231755728382201,142.0,131.0,0.5568627450980392
3382,1.0,0.0,3512.0,0.9990029400293723,1.0244184415041828,142.0,130.0,0.5568627450980392
3383,1.0,0.0,3513.0,0.9990049937558164,1.024420495230627,142.0,130.0,0.5568627450980392
3384,1.0,0.0,3514.0,0.9990060582435882,1.0244215597183988,142.0,130.0,0.5568627450980392
3385,1.0,0.0,3515.0,0.9990061362939715,1.024421637768782,143.0,130.0,0.5607843137254902
3386,1.0,0.0,3516.0,0.9990052281123618,1.0244207295871723,143.0,130.0,0.5607843137254902
3387,1.0,0.0,3517.0,0.9990033313088078,1.0244188327836183,143.0,130.0,0.5607843137254902
3388,1.0,0.0,3518.0,0.9990004408917209,1.0244159423665316,143.0,130.0,0.5607843137254902
3389,1.0,0.0,3520.0,0.9990275040321779,1.023172230433248,143.0,131.0,0.5607843137254902
3390,1.0,0.0,3521.0,0.999022600934154,1.023167327335224,143.0,131.0,0.5607843137254902
3391,1.0,0.0,3522.0,0.9990166734721971,1.0231613998732672,143.0,131.0,0.5607843137254902
3392,1.0,0.0,3523.0,0.9990097060477232,1.0231544324487933,142.0,131.0,0.5568627450980392
3393,1.0,0.0,3524.0,0.9990016803254047,1.0231464067264748,142.0,131.0,0.5568627450980392
3394,1.0,0.0,3526.0,0.9990219822234849,1.0219594723045016,143.0,132.0,0.5607843137254902
3395,1.0,0.0,3527.0,0.9990117737039372,1.0219492637849539,143.0,132.0,0.5607843137254902
3396,1.0,0.0,3528.0,0.9990004349408019,1.0219379250218186,142.0,132.0,0.5568627450980392
3397,1.0,0.0,3530.0,0.9990158727818658,1.0208064883588315,142.0,133.0,0.5568627450980392
3398,1.0,0.0,3531.0,0.9990021809621554,1.0207927965391212,142.0,133.0,0.5568627450980392
3399,1.0,0.0,3533.0,0.999013799989509,1.0197148847876265,142.0,134.0,0.5568627450980392
3400,1.0,0.0,3535.0,0.999022823753677,1.0186888543118886,143.0,135.0,0.5607843137254902
3401,1.0,0.0,3536.0,0.9990053237847019,1.0186713543429133,141.0,135.0,0.5529411764705883
3402,1.0,0.0,3538.0,0.9990104191064291,1.0176931481367302,141.0,136.0,0.5529411764705883
3403,1.0,0.0,3540.0,0.9990129102679102,1.016761502846696,141.0,137.0,0.5529411764705883
3404,1.0,0.0,3542.0,0.999012803824833,1.0158739667746797,139.0,138.0,0.5450980392156862
3405,1.0,0.0,3544.0,0.9990100994970843,1.0150282042994385,139.0,139.0,0.5450980392156862
3406,1.0,0.0,3546.0,0.9990047901680124,1.014221989730249,139.0,140.0,0.5450980392156862
3407,1.0,0.0,3549.0,0.9990144689459608,1.0127479915508792,138.0,142.0,0.5411764705882353
3408,1.0,0.0,3551.0,0.9990030204524379,1.0120498669271105,137.0,143.0,0.5372549019607843
3409,1.0,0.0,3554.0,0.999004044198967,1.0107788231423591,136.0,145.0,0.5333333333333333
3410,1.0,0.0,3557.0,0.9990001806423128,1.0096269186387241,136.0,147.0,0.5333333333333333
3411,1.0,0.0,3561.0,0.9990033214827718,1.0081144209724449,134.0,150.0,0.5254901960784314
3412,1.0,0.0,3566.0,0.9990086720639442,1.0064297195426548,133.0,154.0,0.5215686274509804
3413,1.0,0.0,3571.0,0.9990042532011782,1.0050487427541348,131.0,158.0,0.5137254901960784
3414,1.0,0.0,3578.0,0.9990030743054086,1.0034463295587543,127.0,164.0,0.4980392156862745
3415,1.0,0.0,3588.0,0.9990005715874699,1.001800930588147,128.0,173.0,0.5019607843137255
3416,1.0,1.0,3596.0,0.9989761766186619,1.0009317717512864,128.0,180.0,0.5019607843137255
3417,1.0,1.0,3596.0,0.9989261279818118,1.0009846491740482,129.0,179.0,0.5058823529411764
3418,1.0,1.0,3597.0,0.9988758924957002,1.0009344136879366,129.0,179.0,0.5058823529411764
3419,1.0,1.0,3597.0,0.9988201916586985,1.000987056071579,130.0,178.0,0.5098039215686274
3420,1.0,1.0,3598.0,0.9987641640942028,1.0009310285070832,130.0,178.0,0.5098039215686274
3421,1.0,1.0,3598.0,0.9987022452002212,1.0009831551085164,131.0,177.0,0.5137254901960784
3422,1.0,1.0,3599.0,0.9986398354055017,1.000920745313797,131.0,177.0,0.5137254901960784
3423,1.0,1.0,3599.0,0.998571068198972,1.0009720259971775,132.0,176.0,0.5176470588235295
3424,1.0,1.0,3600.0,0.9985016187966207,1.000902576594826,132.0,176.0,0.5176470588235295
3425,1.0,1.0,3600.0,0.9984253020423673,1.0009526260404784,133.0,175.0,0.5215686274509804
3426,1.0,1.0,3601.0,0.9983480815050922,1.0008754055032032,133.0,175.0,0.5215686274509804
3427,1.0,1.0,3601.0,0.9982634356628597,1.0009237767135029,134.0,174.0,0.5254901960784314
3428,1.0,1.0,3601.0,0.9981742199144769,1.0009745789151538,134.0,173.0,0.5254901960784314
3429,1.0,1.0,3602.0,0.9980837896855053,1.0008841486861824,135.0,173.0,0.5294117647058824
3430,1.0,1.0,3602.0,0.9979849061041568,1.000932652420659,135.0,172.0,0.5294117647058824
3431,1.0,1.0,3602.0,0.997880719644135,1.000983610503611,136.0,171.0,0.5333333333333333
3432,1.0,1.0,3603.0,0.9977749341957497,1.0008778250552255,136.0,171.0,0.5333333333333333
3433,1.0,1.0,3603.0,0.9976595141490932,1.0009257150538047,137.0,170.0,0.5372549019607843
3434,1.0,1.0,3603.0,0.9975379349291447,1.0009760411446305,137.0,169.0,0.5372549019607843
3435,1.0,1.0,3604.0,0.9974142844190701,1.0008523906345559,138.0,169.0,0.5411764705882353
3436,1.0,1.0,3604.0,0.9972796419572516,1.0008987011314472,138.0,168.0,0.5411764705882353
3437,1.0,1.0,3604.0,0.9971378406584785,1.000947376631316,139.0,167.0,0.5450980392156862
3438,1.0,1.0,3604.0,0.9969885073614382,1.000998545227583,139.0,166.0,0.5450980392156862
3439,1.0,1.0,3605.0,0.9968363901579576,1.0008464280241023,140.0,166.0,0.5490196078431373
3440,1.0,1.0,3605.0,0.9966710636449407,1.0008921561356192,140.0,165.0,0.5490196078431373
3441,1.0,1.0,3605.0,0.996496976773095,1.000940232026441,141.0,164.0,0.5529411764705883
3442,1.0,1.0,3605.0,0.9963136714190731,1.0009907822120687,141.0,163.0,0.5529411764705883
3443,1.0,1.0,3606.0,0.996126661496253,1.0008037722892487,142.0,163.0,0.5568627450980392
3444,1.0,1.0,3606.0,0.9959237620962764,1.0008470366152191,142.0,162.0,0.5568627450980392
3445,1.0,1.0,3606.0,0.9957101357544478,1.0008925299849138,143.0,161.0,0.5607843137254902
3446,1.0,1.0,3606.0,0.9954852202961837,1.000940372117727,143.0,160.0,0.5607843137254902
3447,1.0,1.0,3606.0,0.9952484238386988,1.0009906889140074,144.0,159.0,0.5647058823529412
3448,1.0,1.0,3607.0,0.9950064851117228,1.0007487501870316,144.0,159.0,0.5647058823529412
3449,1.0,1.0,3607.0,0.9947444117717068,1.0007889013246634,144.0,158.0,0.5647058823529412
3450,1.0,1.0,3607.0,0.9944685079363532,1.0008311285184126,145.0,157.0,0.5686274509803921
3451,1.0,1.0,3607.0,0.9941780475429374,1.0008755428924736,145.0,156.0,0.5686274509803921
3452,1.0,1.0,3607.0,0.993872266222003,1.000922261326778,146.0,155.0,0.5725490196078431
3453,1.0,1.0,3607.0,0.9935503592858634,1.000971406764574,146.0,154.0,0.5725490196078431
3454,1.0,1.0,3608.0,0.9932209937744367,1.0006420412531474,147.0,154.0,0.5764705882352941
3455,1.0,1.0,3608.0,0.9928647503176801,1.0006763792426385,147.0,153.0,0.5764705882352941
3456,1.0,1.0,3608.0,0.9924897298880753,1.0007124971775052,148.0,152.0,0.5803921568627451
3457,1.0,1.0,3608.0,0.992094945589755,1.0007504901049444,148.0,151.0,0.5803921568627451
3458,1.0,1.0,3608.0,0.9916793585166707,1.0007904580063438,149.0,150.0,0.5843137254901961
3459,1.0,1.0,3608.0,0.9912418750186304,1.0008325060603915,149.0,149.0,0.5843137254901961
3460,1.0,1.0,3608.0,0.9907813438232707,1.0008767449198614,150.0,148.0,0.5882352941176471
3461,1.0,1.0,3608.0,0.9902965530063931,1.0009232910028043,150.0,147.0,0.5882352941176471
3462,1.0,1.0,3608.0,0.9897862268026903,1.0009722667989127,151.0,146.0,0.592156862745098
3463,1.0,1.0,3609.0,0.9892633633253867,1.0004494033216091,151.0,146.0,0.592156862745098
3464,1.0,1.0,3609.0,0.9886986215179723,1.0004734004613642,152.0,145.0,0.596078431372549
3465,1.0,1.0,3609.0,0.9881041392408682,1.000498643391807,152.0,144.0,0.596078431372549
3466,1.0,1.0,3609.0,0.9874783520670295,1.000525198541702,153.0,143.0,0.6
3467,1.0,1.0,3609.0,0.9868196131881042,1.0005531357930226,153.0,142.0,0.6
3468,1.0,1.0,3609.0,0.9861261890807264,1.000582528664851,153.0,141.0,0.6
3469,1.0,1.0,3609.0,0.9853962549446136,1.0006134545068501,154.0,140.0,0.6039215686274509
3470,1.0,1.0,3609.0,0.9846278899004605,1.0006459947028148,154.0,139.0,0.6039215686274509
3471,1.0,1.0,3609.0,0.9838190719349926,1.0006802348848394,155.0,138.0,0.6078431372549019
3472,1.0,1.0,3609.0,0.9829676725798802,1.000716265158666,155.0,137.0,0.6078431372549019
3473,1.0,1.0,3609.0,0.982071451310504,1.000754180340805,156.0,136.0,0.611764705882353
3474,1.0,1.0,3609.0,0.9811280496498398,1.0007940802080513,156.0,135.0,0.611764705882353
3475,1.0,1.0,3609.0,0.9801349849619384,1.0008360697600558,157.0,134.0,0.615686274509804
3476,1.0,1.0,3609.0,0.9790896439186736,1.0008802594956394,157.0,133.0,0.615686274509804
3477,1.0,1.0,3609.0,0.9779892756225632,1.0009267657035799,158.0,132.0,0.6196078431372549
3478,1.0,1.0,3609.0,0.9768309843675649,1.000975710768635,158.0,131.0,0.6196078431372549
3479,1.0,1.0,3610.0,0.9756426767962343,0.9997874031973044,159.0,131.0,0.6235294117647059
3480,1.0,1.0,3610.0,0.974360863967381,0.9997763654421916,159.0,130.0,0.6235294117647059
3481,1.0,1.0,3610.0,0.9730115797279155,0.9997647391750846,159.0,129.0,0.6235294117647059
3482,1.0,1.0,3610.0,0.9715912733298393,0.9997524938005435,160.0,128.0,0.6274509803921569
3483,1.0,1.0,3610.0,0.9700962071247363,0.9997395970938987,160.0,127.0,0.6274509803921569
3484,1.0,1.0,3610.0,0.9685224467278564,0.9997260151164483,161.0,126.0,0.6313725490196078
3485,1.0,1.0,3610.0,0.9668658506644707,0.9997117121261465,161.0,125.0,0.6313725490196078
3486,1.0,1.0,3610.0,0.9651220594712548,0.9996966504835452,162.0,124.0,0.6352941176470588
3487,0.0,1.0,3610.0,0.9632864842240159,0.9996807905527425,162.0,123.0,0.6352941176470588
3488,1.0,1.0,3611.0,0.9640325327760334,1.00042683910476,163.0,123.0,0.6392156862745098
3489,1.0,1.0,3613.0,0.9647305894656023,0.9993051804778926,163.0,124.0,0.6392156862745098
3490,1.0,1.0,3614.0,0.9652937218381258,0.9998683128504161,163.0,124.0,0.6392156862745098
3491,1.0,1.0,3615.0,0.9657677382196337,1.000342329231924,164.0,124.0,0.6431372549019608
3492,1.0,1.0,3616.0,0.9661538860216562,1.0007284770339464,164.0,124.0,0.6431372549019608
3493,1.0,1.0,3618.0,0.9664952915014168,0.9993411529630926,165.0,125.0,0.6470588235294118
3494,1.0,1.0,3619.0,0.9667085221207976,0.9995543835824734,165.0,125.0,0.6470588235294118
3495,1.0,1.0,3620.0,0.9668362490918047,0.9996821105534804,166.0,125.0,0.6509803921568628
3496,1.0,1.0,3621.0,0.9668788085380458,0.9997246699997215,166.0,125.0,0.6509803921568628
3497,1.0,1.0,3622.0,0.9668363124580637,0.9996821739197395,166.0,125.0,0.6509803921568628
3498,1.0,1.0,3623.0,0.9667086490200689,0.9995545104817447,167.0,125.0,0.6549019607843137
3499,1.0,1.0,3624.0,0.9664954822676457,0.9993413437293215,167.0,125.0,0.6549019607843137
3500,1.0,1.0,3624.0,0.9661541411568593,1.0007287321691496,168.0,124.0,0.6588235294117647
3501,1.0,1.0,3625.0,0.9657680583952193,1.0003426494075096,168.0,124.0,0.6588235294117647
3502,1.0,1.0,3626.0,0.9652941078966614,0.9998686989089517,165.0,124.0,0.6470588235294118
3503,1.0,1.0,3627.0,0.9647310424230313,0.9993056334353216,160.0,124.0,0.6274509803921569
3504,1.0,1.0,3627.0,0.9640330538243489,1.0004273601530755,157.0,123.0,0.615686274509804
3505,0.0,1.0,3628.0,0.9632870747343978,0.9996813810631244,158.0,123.0,0.6196078431372549
3506,1.0,1.0,3630.0,0.9651227209976779,0.9996973120099683,155.0,124.0,0.6078431372549019
3507,1.0,1.0,3632.0,0.966866584947794,0.9997124464094698,153.0,125.0,0.6
3508,1.0,1.0,3634.0,0.9685232557004043,0.9997268240889963,152.0,126.0,0.596078431372549
3509,1.0,1.0,3636.0,0.970097092915384,0.9997404828845464,150.0,127.0,0.5882352941176471
3510,1.0,1.0,3638.0,0.9715922382696149,0.9997534587403192,150.0,128.0,0.5882352941176471
3511,1.0,1.0,3640.0,0.9730126263561342,0.9997657858033032,148.0,129.0,0.5803921568627451
3512,1.0,1.0,3642.0,0.9743619950383275,0.9997774965131382,147.0,130.0,0.5764705882352941
3513,1.0,1.0,3644.0,0.975643895286411,0.9997886216874812,146.0,131.0,0.5725490196078431
3514,1.0,1.0,3645.0,0.9768322934835252,1.0009770198845953,145.0,131.0,0.5686274509803921
3515,1.0,1.0,3647.0,0.9779906788093489,1.0009281688903655,144.0,132.0,0.5647058823529412
3516,1.0,1.0,3649.0,0.9790911448688815,1.0008817604458473,143.0,133.0,0.5607843137254902
3517,1.0,1.0,3651.0,0.9801365876254373,1.0008376724235548,142.0,134.0,0.5568627450980392
3518,1.0,1.0,3653.0,0.9811297582441656,1.000795788802377,142.0,135.0,0.5568627450980392
3519,1.0,1.0,3655.0,0.9820732703319572,1.0007559993622583,142.0,136.0,0.5568627450980392
3520,1.0,1.0,3657.0,0.9829696068153595,1.0007181993941454,141.0,137.0,0.5529411764705883
3521,1.0,1.0,3659.0,0.9838211264745915,1.0006822894244383,140.0,138.0,0.5490196078431373
3522,1.0,1.0,3661.0,0.9846300701508619,1.0006481749532161,139.0,139.0,0.5450980392156862
3523,1.0,1.0,3663.0,0.9853985666433188,1.0006157662055555,139.0,140.0,0.5450980392156862
3524,1.0,1.0,3665.0,0.9861286383111529,1.0005849778952778,138.0,141.0,0.5411764705882353
3525,1.0,1.0,3667.0,0.9868222063955953,1.0005557290005138,138.0,142.0,0.5411764705882353
3526,1.0,1.0,3669.0,0.9874810960758156,1.0005279425504883,138.0,143.0,0.5411764705882353
3527,1.0,1.0,3671.0,0.9881070412720249,1.0005015454229638,137.0,144.0,0.5372549019607843
3528,1.0,1.0,3673.0,0.9887016892084236,1.0004764681518157,136.0,145.0,0.5333333333333333
3529,1.0,1.0,3675.0,0.9892666047480024,1.0004526447442248,136.0,146.0,0.5333333333333333
3530,1.0,1.0,3676.0,0.98978965048753,1.0009756904837523,135.0,146.0,0.5294117647058824
3531,1.0,1.0,3678.0,0.9903001679631536,1.000926905959565,134.0,147.0,0.5254901960784314
3532,1.0,1.0,3680.0,0.9907851595649959,1.0008805606615867,135.0,148.0,0.5294117647058824
3533,1.0,1.0,3682.0,0.9912459015867461,1.0008365326285074,134.0,149.0,0.5254901960784314
3534,1.0,1.0,3684.0,0.9916836065074088,1.0007947059970819,135.0,150.0,0.5294117647058824
3535,1.0,1.0,3686.0,0.9920994261820384,1.0007549706972279,135.0,151.0,0.5294117647058824
3536,1.0,1.0,3688.0,0.9924944548729365,1.0007172221623666,135.0,152.0,0.5294117647058824
3537,1.0,1.0,3690.0,0.9928697321292896,1.0006813610542482,136.0,153.0,0.5333333333333333
3538,1.0,1.0,3692.0,0.9932262455228252,1.0006472930015358,136.0,154.0,0.5333333333333333
3539,1.0,1.0,3693.0,0.9935558947914215,1.000976942270132,137.0,154.0,0.5372549019607843
3540,1.0,1.0,3695.0,0.9938781000518504,1.0009280951566255,137.0,155.0,0.5372549019607843
3541,1.0,1.0,3697.0,0.9941841950492579,1.0008816903987943,138.0,156.0,0.5411764705882353
3542,1.0,1.0,3699.0,0.994474985296795,1.0008376058788544,138.0,157.0,0.5411764705882353
3543,1.0,1.0,3701.0,0.9947512360319553,1.0007957255849118,139.0,158.0,0.5450980392156862
3544,1.0,1.0,3703.0,0.9950136742303576,1.0007559393056662,139.0,159.0,0.5450980392156862
3545,1.0,1.0,3704.0,0.9952559967344531,1.0009982618097617,140.0,159.0,0.5490196078431373
3546,1.0,1.0,3706.0,0.9954931968977305,1.0009483487192739,140.0,160.0,0.5490196078431373
3547,1.0,1.0,3708.0,0.9957185370528441,1.0009009312833101,141.0,161.0,0.5529411764705883
3548,1.0,1.0,3710.0,0.9959326102002017,1.0008558847191444,142.0,162.0,0.5568627450980392
3549,1.0,1.0,3712.0,0.9961359796901917,1.0008130904831873,142.0,163.0,0.5568627450980392
3550,1.0,1.0,3714.0,0.9963291807056822,1.000772435959028,143.0,164.0,0.5607843137254902
3551,1.0,1.0,3715.0,0.9965073100133588,1.0009505652667046,143.0,164.0,0.5607843137254902
3552,1.0,1.0,3717.0,0.9966819445126909,1.0009030370033694,144.0,165.0,0.5647058823529412
3553,1.0,1.0,3719.0,0.9968478472870563,1.000857885153201,145.0,166.0,0.5686274509803921
3554,1.0,1.0,3721.0,0.9970054549227035,1.000814990895541,145.0,167.0,0.5686274509803921
3555,1.0,1.0,3722.0,0.9971505423571143,1.0009600783299517,146.0,167.0,0.5725490196078431
3556,1.0,1.0,3724.0,0.9972930152392586,1.000912074413454,147.0,168.0,0.5764705882352941
3557,1.0,1.0,3726.0,0.9974283644772957,1.0008664706927815,147.0,169.0,0.5764705882352941
3558,1.0,1.0,3727.0,0.9975527588163737,1.0009908650318595,148.0,169.0,0.5803921568627451
3559,1.0,1.0,3729.0,0.997675120875555,1.0009413217802665,149.0,170.0,0.5843137254901961
3560,1.0,1.0,3731.0,0.9977913648317773,1.0008942556912532,150.0,171.0,0.5882352941176471
3561,1.0,1.0,3733.0,0.9979017965901885,1.0008495429066906,150.0,172.0,0.5882352941176471
3562,1.0,1.0,3734.0,0.998003116556832,1.0009508628733341,151.0,172.0,0.592156862745098
3563,1.0,1.0,3736.0,0.9981029607289904,1.0009033197296675,152.0,173.0,0.596078431372549
3564,1.0,1.0,3737.0,0.9981944019988862,1.0009947609995633,153.0,173.0,0.6
3565,1.0,1.0,3739.0,0.9982846818989419,1.000945022949585,154.0,174.0,0.6039215686274509
3566,1.0,1.0,3741.0,0.998370447803995,1.000897771802106,154.0,175.0,0.6039215686274509
3567,1.0,1.0,3742.0,0.9984488472627719,1.000976171260883,155.0,175.0,0.6078431372549019
3568,1.0,1.0,3744.0,0.9985264048996333,1.0009273626978388,156.0,176.0,0.611764705882353
3569,1.0,1.0,3745.0,0.9985971604111795,1.000998118209385,157.0,176.0,0.615686274509804
3570,1.0,1.0,3747.0,0.9986673023906205,1.0009482122989157,158.0,177.0,0.6196078431372549
3571,1.0,1.0,3749.0,0.9987339372710895,1.00090080168397,158.0,178.0,0.6196078431372549
3572,1.0,1.0,3750.0,0.9987946012778014,1.0009614656906818,159.0,178.0,0.6235294117647059
3573,1.0,1.0,3752.0,0.9988548712139114,1.0009133924061477,160.0,179.0,0.6274509803921569
3574,1.0,1.0,3753.0,0.9989096204799689,1.0009681416722054,161.0,179.0,0.6313725490196078
3575,1.0,1.0,3755.0,0.9989616322827235,1.0009172274153482,162.0,180.0,0.6352941176470588
3576,1.0,0.0,3752.0,0.9990027020908361,1.0014036598890415,163.0,176.0,0.6392156862745098
3577,1.0,0.0,3742.0,0.9990053061285182,1.0032263986191967,164.0,165.0,0.6431372549019608
3578,1.0,0.0,3736.0,0.9990054836656188,1.0050499732185754,164.0,158.0,0.6431372549019608
3579,1.0,0.0,3732.0,0.9990048019013849,1.0068164308263434,165.0,153.0,0.6470588235294118
3580,1.0,0.0,3729.0,0.9990017129759337,1.008592344017695,166.0,149.0,0.6509803921568628
3581,1.0,0.0,3727.0,0.9990010839045416,1.010187123900764,167.0,146.0,0.6549019607843137
3582,1.0,0.0,3726.0,0.9990079687388838,1.0114024728898228,168.0,144.0,0.6588235294117647
3583,1.0,0.0,3725.0,0.9990098573153128,1.0127433799202312,169.0,142.0,0.6627450980392157
3584,1.0,0.0,3724.0,0.9990064968743373,1.0142236964365738,170.0,140.0,0.6666666666666666
3585,1.0,0.0,3724.0,0.9990181290317148,1.015036233834069,171.0,139.0,0.6705882352941176
3586,1.0,0.0,3723.0,0.9990055604425465,1.0167541530213324,172.0,137.0,0.6745098039215687
3587,1.0,0.0,3723.0,0.9990109109389722,1.0176936399692733,173.0,136.0,0.6784313725490196
3588,1.0,0.0,3723.0,0.9990136585694478,1.0186796891276593,173.0,135.0,0.6784313725490196
3589,1.0,0.0,3723.0,0.9990138105645798,1.0197148953626973,174.0,134.0,0.6823529411764706
3590,1.0,0.0,3723.0,0.9990113673243557,1.0208019829013215,175.0,133.0,0.6862745098039216
3591,1.0,0.0,3723.0,0.9990063224191954,1.021943812500212,176.0,132.0,0.6901960784313725
3592,1.0,0.0,3724.0,0.9990280696115985,1.0219655596926152,177.0,132.0,0.6941176470588235
3593,1.0,0.0,3724.0,0.9990193224058161,1.0231640488068863,178.0,131.0,0.6980392156862745
3594,1.0,0.0,3724.0,0.9990079944695227,1.0244234959443332,179.0,130.0,0.7019607843137254
3595,1.0,0.0,3725.0,0.9990266399686092,1.0244421414434197,180.0,130.0,0.7058823529411765
3596,1.0,0.0,3725.0,0.9990117692164917,1.0257649286636608,179.0,129.0,0.7019607843137254
3597,1.0,0.0,3726.0,0.9990285967794174,1.0257817562265865,178.0,129.0,0.6980392156862745
3598,1.0,0.0,3726.0,0.9990102840418286,1.027171504512533,177.0,128.0,0.6941176470588235
3599,1.0,0.0,3727.0,0.999025470917369,1.0271866913880734,176.0,128.0,0.6901960784313725
3600,1.0,0.0,3727.0,0.9990037943203238,1.0286471842894862,175.0,127.0,0.6862745098039216
3601,1.0,0.0,3728.0,0.9990175004754991,1.0286608904446615,173.0,127.0,0.6784313725490196
3602,1.0,0.0,3729.0,0.9990305213229156,1.028673911292078,171.0,127.0,0.6705882352941176
3603,1.0,0.0,3729.0,0.9990048867818468,1.030208455170439,169.0,126.0,0.6627450980392157
3604,1.0,0.0,3730.0,0.9990166380966403,1.0302202064852324,166.0,126.0,0.6509803921568628
3605,1.0,0.0,3731.0,0.999027801845694,1.030231370234286,163.0,126.0,0.6392156862745098
3606,1.0,0.0,3732.0,0.9990384074072951,1.0302419757958872,159.0,126.0,0.6235294117647059
3607,1.0,0.0,3732.0,0.9990084781159588,1.0318543395776345,154.0,125.0,0.6039215686274509
3608,1.0,0.0,3733.0,0.9990180496353037,1.0318639110969796,146.0,125.0,0.5725490196078431
3609,1.0,0.0,3734.0,0.9990271425786814,1.0318730040403572,131.0,125.0,0.5137254901960784
3610,1.0,0.0,3735.0,0.9990357808748902,1.031881642336566,123.0,125.0,0.4823529411764706
3611,1.0,0.0,3735.0,0.9990018771774916,1.0335764681897819,123.0,124.0,0.4823529411764706
3612,1.0,0.0,3736.0,0.9990096732398199,1.0335842642521103,124.0,124.0,0.48627450980392156
3613,1.0,0.0,3737.0,0.9990170794990321,1.0335916705113224,124.0,124.0,0.48627450980392156
3614,1.0,0.0,3738.0,0.9990241154452835,1.0335987064575738,124.0,124.0,0.48627450980392156
3615,1.0,0.0,3739.0,0.9990307995942223,1.0336053906065126,124.0,124.0,0.48627450980392156
3616,1.0,0.0,3740.0,0.999037149535714,1.0336117405480043,124.0,124.0,0.48627450980392156
3617,1.0,0.0,3741.0,0.9990431819801313,1.0336177729924216,125.0,124.0,0.49019607843137253
3618,1.0,0.0,3741.0,0.9990045864035941,1.0353988927323208,125.0,123.0,0.49019607843137253
3619,1.0,0.0,3742.0,0.9990100306846807,1.0354043370134074,125.0,123.0,0.49019607843137253
3620,1.0,0.0,3743.0,0.9990152027517131,1.0354095090804396,125.0,123.0,0.49019607843137253
3621,1.0,0.0,3744.0,0.9990201162153938,1.0354144225441204,125.0,123.0,0.49019607843137253
3622,1.0,0.0,3745.0,0.9990247840058905,1.035419090334617,125.0,123.0,0.49019607843137253
3623,1.0,0.0,3746.0,0.9990292184068622,1.0354235247355887,125.0,123.0,0.49019607843137253
3624,1.0,0.0,3747.0,0.9990334310877854,1.035427737416512,124.0,123.0,0.48627450980392156
3625,1.0,0.0,3748.0,0.9990374331346624,1.035431739463389,124.0,123.0,0.48627450980392156
3626,1.0,0.0,3749.0,0.9990412350791956,1.0354355414079222,124.0,123.0,0.48627450980392156
3627,1.0,0.0,3750.0,0.9990448469265022,1.0354391532552287,123.0,123.0,0.4823529411764706
3628,1.0,0.0,3750.0,0.9990016188143553,1.037311414949857,123.0,122.0,0.4823529411764706
3629,1.0,0.0,3751.0,0.9990048785065495,1.0373146746420512,124.0,122.0,0.48627450980392156
3630,1.0,0.0,3752.0,0.9990079752141339,1.0373177713496355,124.0,122.0,0.48627450980392156
3631,1.0,0.0,3753.0,0.999010917086339,1.0373207132218407,125.0,122.0,0.49019607843137253
3632,1.0,0.0,3754.0,0.999013711864934,1.0373235080004357,125.0,122.0,0.49019607843137253
3633,1.0,0.0,3756.0,0.9990139111484369,1.0354082174771635,126.0,123.0,0.49411764705882355
3634,1.0,0.0,3757.0,0.9990138484296318,1.0354081547583585,126.0,123.0,0.49411764705882355
3635,1.0,0.0,3758.0,0.9990135235434698,1.0354078298721965,127.0,123.0,0.4980392156862745
3636,1.0,0.0,3759.0,0.9990129356349873,1.035407241963714,127.0,123.0,0.4980392156862745
3637,1.0,0.0,3760.0,0.9990120831570563,1.0354063894857828,128.0,123.0,0.5019607843137255
3638,1.0,0.0,3761.0,0.999010963866314,1.0354052701950407,128.0,123.0,0.5019607843137255
3639,1.0,0.0,3762.0,0.9990095748172587,1.0354038811459854,129.0,123.0,0.5058823529411764
3640,1.0,0.0,3763.0,0.9990079123544979,1.0354022186832246,129.0,123.0,0.5058823529411764
3641,1.0,0.0,3764.0,0.9990059721031297,1.0354002784318563,130.0,123.0,0.5098039215686274
3642,1.0,0.0,3765.0,0.9990037489572294,1.035398055285956,130.0,123.0,0.5098039215686274
3643,1.0,0.0,3766.0,0.999001237066413,1.0353955433951396,131.0,123.0,0.5137254901960784
3644,1.0,0.0,3768.0,0.9990427562191753,1.0336173472314656,131.0,124.0,0.5137254901960784
3645,1.0,0.0,3769.0,0.9990396462305594,1.0336142372428496,131.0,124.0,0.5137254901960784
3646,1.0,0.0,3770.0,0.9990362253151185,1.0336108163274087,132.0,124.0,0.5176470588235295
3647,1.0,0.0,3771.0,0.9990324844704436,1.0336070754827338,132.0,124.0,0.5176470588235295
3648,1.0,0.0,3772.0,0.9990284138522064,1.0336030048644966,133.0,124.0,0.5215686274509804
3649,1.0,0.0,3773.0,0.999024002748254,1.0335985937605443,133.0,124.0,0.5215686274509804
3650,1.0,0.0,3774.0,0.9990192395504177,1.033593830562708,134.0,124.0,0.5254901960784314
3651,1.0,0.0,3775.0,0.9990141117239666,1.033588702736257,134.0,124.0,0.5254901960784314
3652,1.0,0.0,3776.0,0.9990086057746206,1.033583196786911,135.0,124.0,0.5294117647058824
3653,1.0,0.0,3777.0,0.9990027072130392,1.0335772982253295,135.0,124.0,0.5294117647058824
3654,1.0,0.0,3779.0,0.9990385105954891,1.0318843720571649,136.0,125.0,0.5333333333333333
3655,1.0,0.0,3780.0,0.9990317791678066,1.0318776406294825,136.0,125.0,0.5333333333333333
3656,1.0,0.0,3781.0,0.9990246052945057,1.0318704667561813,137.0,125.0,0.5372549019607843
3657,1.0,0.0,3782.0,0.9990169700969722,1.031862831558648,137.0,125.0,0.5372549019607843
3658,1.0,0.0,3783.0,0.9990088534825812,1.031854714944257,138.0,125.0,0.5411764705882353
3659,1.0,0.0,3784.0,0.9990002340918209,1.0318460955534967,138.0,125.0,0.5411764705882353
3660,1.0,0.0,3786.0,0.9990310938169414,1.0302346622055334,139.0,126.0,0.5450980392156862
3661,1.0,0.0,3787.0,0.9990213994428343,1.0302249678314264,139.0,126.0,0.5450980392156862
3662,1.0,0.0,3788.0,0.9990111300328459,1.030214698421438,140.0,126.0,0.5490196078431373
3663,1.0,0.0,3789.0,0.9990002585622132,1.0302038269508051,140.0,126.0,0.5490196078431373
3664,1.0,0.0,3791.0,0.9990267607679171,1.0286701507370795,141.0,127.0,0.5529411764705883
3665,1.0,0.0,3792.0,0.9990145976889385,1.028657987658101,141.0,127.0,0.5529411764705883
3666,1.0,0.0,3793.0,0.9990017416632893,1.0286451316324516,142.0,127.0,0.5568627450980392
3667,1.0,0.0,3795.0,0.9990242629881313,1.0271854834588356,142.0,128.0,0.5568627450980392
3668,1.0,0.0,3796.0,0.9990099176616266,1.027171138132331,143.0,128.0,0.5607843137254902
3669,1.0,0.0,3798.0,0.9990290709840927,1.0257822304312618,143.0,129.0,0.5607843137254902
3670,1.0,0.0,3799.0,0.9990130852539514,1.0257662447011204,144.0,129.0,0.5647058823529412
3671,1.0,0.0,3801.0,0.9990288013021097,1.0244443027769203,144.0,130.0,0.5647058823529412
3672,1.0,0.0,3802.0,0.9990110067867836,1.0244265082615942,145.0,130.0,0.5686274509803921
3673,1.0,0.0,3804.0,0.9990231936339882,1.0231679200350583,145.0,131.0,0.5686274509803921
3674,1.0,0.0,3805.0,0.999003402899559,1.023148129300629,146.0,131.0,0.5725490196078431
3675,1.0,0.0,3807.0,0.9990119443186185,1.0219494343996351,146.0,132.0,0.5725490196078431
3676,1.0,0.0,3809.0,0.9990178855911482,1.020808501168114,146.0,133.0,0.5725490196078431
3677,1.0,0.0,3811.0,0.9990212423520755,1.019722327150193,147.0,134.0,0.5764705882352941
3678,1.0,0.0,3813.0,0.999022023434982,1.0186880539931935,147.0,135.0,0.5764705882352941
3679,1.0,0.0,3815.0,0.9990202308953491,1.0177029599256502,148.0,136.0,0.5803921568627451
3680,1.0,0.0,3817.0,0.999015860015967,1.016764452594753,148.0,137.0,0.5803921568627451
3681,1.0,0.0,3819.0,0.9990088992945216,1.0158700622443684,149.0,138.0,0.5843137254901961
3682,1.0,0.0,3823.0,0.9990178641820227,1.0134742037661475,149.0,141.0,0.5843137254901961
3683,1.0,0.0,3825.0,0.9990027330082732,1.0127362556131918,150.0,142.0,0.5882352941176471
3684,1.0,0.0,3828.0,0.9990008678376406,1.0113953719885795,150.0,144.0,0.5882352941176471
3685,1.0,0.0,3832.0,0.9990076117455848,1.0096343497419962,151.0,147.0,0.592156862745098
3686,1.0,0.0,3836.0,0.9990062837357372,1.0081173832254102,151.0,150.0,0.592156862745098
3687,1.0,0.0,3841.0,0.9990071732620049,1.0064282207407156,152.0,154.0,0.596078431372549
3688,1.0,0.0,3847.0,0.999005651278421,1.0047479163537296,152.0,159.0,0.596078431372549
3689,1.0,0.0,3855.0,0.9990031825422432,1.003013220408388,153.0,166.0,0.6
3690,1.0,0.0,3868.0,0.9990010501926536,1.0011679146055341,153.0,178.0,0.6
3691,1.0,1.0,3871.0,0.9989566764174401,1.0009122715500647,154.0,180.0,0.6039215686274509
3692,1.0,1.0,3871.0,0.9989020289362861,1.0009605501285226,154.0,179.0,0.6039215686274509
3693,1.0,1.0,3872.0,0.9988471311873297,1.000905652379566,154.0,179.0,0.6039215686274509
3694,1.0,1.0,3872.0,0.9987866923998298,1.0009535568127101,155.0,178.0,0.6078431372549019
3695,1.0,1.0,3873.0,0.9987258387288911,1.0008927031417716,155.0,178.0,0.6078431372549019
3696,1.0,1.0,3873.0,0.9986589928722422,1.0009399027805375,156.0,177.0,0.611764705882353
3697,1.0,1.0,3873.0,0.9985886180494677,1.0009895758476732,156.0,176.0,0.611764705882353
3698,1.0,1.0,3874.0,0.9985176072146889,1.0009185650128942,157.0,176.0,0.615686274509804
3699,1.0,1.0,3874.0,0.9984397711027921,1.000967095100903,157.0,175.0,0.615686274509804
3700,1.0,1.0,3875.0,0.9983610692843485,1.0008883932824595,158.0,175.0,0.6196078431372549
3701,1.0,1.0,3875.0,0.998274976339314,1.0009353173899571,158.0,174.0,0.6196078431372549
3702,1.0,1.0,3875.0,0.9981843438583302,1.0009847028590073,159.0,173.0,0.6235294117647059
3703,1.0,1.0,3876.0,0.9980925235387155,1.0008928825393926,159.0,173.0,0.6235294117647059
3704,1.0,1.0,3876.0,0.9979922728505479,1.00094001916705,159.0,172.0,0.6235294117647059
3705,1.0,1.0,3876.0,0.9978867386698818,1.0009896295293577,160.0,171.0,0.6274509803921569
3706,1.0,1.0,3877.0,0.9977796213403934,1.0008825121998692,160.0,171.0,0.6274509803921569
3707,1.0,1.0,3877.0,0.9976628817472251,1.0009290826519366,161.0,170.0,0.6313725490196078
3708,1.0,1.0,3877.0,0.9975399918428651,1.000978098058351,161.0,169.0,0.6313725490196078
3709,1.0,1.0,3878.0,0.9974150360613101,1.000853142276796,162.0,169.0,0.6352941176470588
3710,1.0,1.0,3878.0,0.9972790903060169,1.0008981494802125,162.0,168.0,0.6352941176470588
3711,1.0,1.0,3878.0,0.9971359842620555,1.000945520234893,163.0,167.0,0.6392156862745098
3712,1.0,1.0,3878.0,0.996985341334573,1.0009953792007176,163.0,166.0,0.6392156862745098
3713,1.0,1.0,3879.0,0.9968319061690004,1.000841944035145,164.0,166.0,0.6431372549019608
3714,1.0,1.0,3879.0,0.9966652498939209,1.0008863423845995,164.0,165.0,0.6431372549019608
3715,1.0,1.0,3879.0,0.9964898179606675,1.0009330732140134,164.0,164.0,0.6431372549019608
3716,1.0,1.0,3879.0,0.9963051487062579,1.0009822594992535,165.0,163.0,0.6470588235294118
3717,1.0,1.0,3880.0,0.9961167524548584,1.0007938632478541,165.0,163.0,0.6470588235294118
3718,1.0,1.0,3880.0,0.9959124406498779,1.0008357151688207,166.0,162.0,0.6509803921568628
3719,1.0,1.0,3880.0,0.9956973721097655,1.0008797663402316,166.0,161.0,0.6509803921568628
3720,1.0,1.0,3880.0,0.9954709808646787,1.000926132686222,167.0,160.0,0.6549019607843137
3721,1.0,1.0,3880.0,0.9952326711481831,1.0009749362234919,167.0,159.0,0.6549019607843137
3722,1.0,1.0,3881.0,0.9949891777077475,1.0007314427830563,167.0,159.0,0.6549019607843137
3723,1.0,1.0,3881.0,0.9947255041084722,1.0007699936614287,162.0,158.0,0.6352941176470588
3724,1.0,1.0,3881.0,0.9944479502568506,1.0008105708389101,157.0,157.0,0.615686274509804
3725,1.0,1.0,3881.0,0.9941557857480103,1.0008532810975466,155.0,156.0,0.6078431372549019
3726,1.0,1.0,3881.0,0.9938482417279805,1.0008982368327555,152.0,155.0,0.596078431372549
3727,1.0,1.0,3881.0,0.9935245088703928,1.0009455563491034,149.0,154.0,0.5843137254901961
3728,1.0,1.0,3881.0,0.9931837352466745,1.000995364171633,149.0,153.0,0.5843137254901961
3729,1.0,1.0,3882.0,0.9928350389930098,1.0006466679179684,146.0,153.0,0.5725490196078431
3730,1.0,1.0,3882.0,0.9924579734153662,1.0006807407047962,146.0,152.0,0.5725490196078431
3731,1.0,1.0,3882.0,0.992061060399342,1.0007166049145315,145.0,151.0,0.5686274509803921
3732,1.0,1.0,3882.0,0.9916432554370003,1.0007543549266733,143.0,150.0,0.5607843137254902
3733,1.0,1.0,3882.0,0.991203459041598,1.0007940900833592,142.0,149.0,0.5568627450980392
3734,1.0,1.0,3882.0,0.9907405138541999,1.0008359149507906,141.0,148.0,0.5529411764705883
3735,1.0,1.0,3882.0,0.990253201597997,1.0008799395944084,140.0,147.0,0.5490196078431373
3736,1.0,1.0,3882.0,0.9897402398723152,1.0009262798685377,138.0,146.0,0.5411764705882353
3737,1.0,1.0,3882.0,0.9892002787778764,1.0009750577212684,137.0,145.0,0.5372549019607843
3738,1.0,1.0,3883.0,0.9886469932348723,1.0004217721782642,137.0,145.0,0.5372549019607843
3739,1.0,1.0,3883.0,0.9880494902813575,1.0004439944322965,136.0,144.0,0.5333333333333333
3740,1.0,1.0,3883.0,0.9874205386180566,1.0004673850927293,136.0,143.0,0.5333333333333333
3741,1.0,1.0,3883.0,0.9867584831090139,1.0004920057139324,134.0,142.0,0.5254901960784314
3742,1.0,1.0,3883.0,0.9860615815028896,1.0005179210870143,132.0,141.0,0.5176470588235295
3743,1.0,1.0,3883.0,0.9853279998480888,1.0005451994103254,132.0,140.0,0.5176470588235295
3744,1.0,1.0,3883.0,0.9845558076665724,1.0005739124689266,131.0,139.0,0.5137254901960784
3745,1.0,1.0,3883.0,0.9837429728736522,1.000604135823499,130.0,138.0,0.5098039215686274
3746,1.0,1.0,3883.0,0.9828873564303995,1.0006359490091854,130.0,137.0,0.5098039215686274
3747,1.0,1.0,3883.0,0.9819867067145953,1.0006694357448964,129.0,136.0,0.5058823529411764
3748,1.0,1.0,3883.0,0.9810386535954083,1.0007046841536198,129.0,135.0,0.5058823529411764
3749,1.0,1.0,3883.0,0.9800407021962093,1.0007417869943267,128.0,134.0,0.5019607843137255
3750,1.0,1.0,3883.0,0.9789902263291056,1.0007808419060713,126.0,133.0,0.49411764705882355
3751,1.0,1.0,3883.0,0.9778844615839206,1.0008219516649373,126.0,132.0,0.49411764705882355
3752,1.0,1.0,3883.0,0.9767204980534301,1.0008652244545002,124.0,131.0,0.48627450980392156
3753,1.0,1.0,3883.0,0.9754952726757118,1.0009107741505223,123.0,130.0,0.4823529411764706
3754,1.0,1.0,3883.0,0.9742055611734558,1.000958720620625,123.0,129.0,0.4823529411764706
3755,0.0,1.0,3884.0,0.972882268491393,0.9996354279385621,123.0,129.0,0.4823529411764706
3756,1.0,1.0,3885.0,0.9741209072514785,1.0008740666986475,123.0,129.0,0.4823529411764706
3757,1.0,1.0,3887.0,0.9753257420582782,1.0007412435330887,123.0,130.0,0.4823529411764706
3758,1.0,1.0,3889.0,0.9764656446073365,1.0006103710084067,123.0,131.0,0.4823529411764706
3759,1.0,1.0,3891.0,0.9775436146422036,1.0004811047232203,123.0,132.0,0.4823529411764706
3760,1.0,1.0,3893.0,0.9785624889261291,1.000353104503095,123.0,133.0,0.4823529411764706
3761,1.0,1.0,3895.0,0.9795249487072286,1.0002260335053461,123.0,134.0,0.4823529411764706
3762,1.0,1.0,3897.0,0.9804335267743999,1.0000995573326115,123.0,135.0,0.4823529411764706
3763,1.0,1.0,3898.0,0.9812666619058509,1.0009326924640625,123.0,135.0,0.4823529411764706
3764,1.0,1.0,3900.0,0.9820757116388493,1.0007584406691503,123.0,136.0,0.4823529411764706
3765,1.0,1.0,3902.0,0.9828375921919501,1.000586184770736,123.0,137.0,0.4823529411764706
3766,1.0,1.0,3904.0,0.9835543085139768,1.0004154714638236,123.0,138.0,0.4823529411764706
3767,1.0,1.0,3906.0,0.9842277467005143,1.0002458515028685,124.0,139.0,0.48627450980392156
3768,1.0,1.0,3907.0,0.9848401697271081,1.0008582745294623,124.0,139.0,0.48627450980392156
3769,1.0,1.0,3909.0,0.9854332344953081,1.0006504340575446,124.0,140.0,0.48627450980392156
3770,1.0,1.0,3911.0,0.9859879656700746,1.0004443052541994,124.0,141.0,0.48627450980392156
3771,1.0,1.0,3912.0,0.9864882159900261,1.000944555574151,124.0,141.0,0.48627450980392156
3772,1.0,1.0,3914.0,0.9869714427523331,1.0007049653572515,124.0,142.0,0.48627450980392156
3773,1.0,1.0,3916.0,0.9874203838376724,1.000467230312345,124.0,143.0,0.48627450980392156
3774,1.0,1.0,3917.0,0.9878203302800159,1.0008671767546886,124.0,143.0,0.48627450980392156
3775,1.0,1.0,3919.0,0.988204951686188,1.000599455837127,124.0,144.0,0.48627450980392156
3776,1.0,1.0,3920.0,0.9885434376210941,1.000937941772033,124.0,144.0,0.48627450980392156
3777,1.0,1.0,3922.0,0.9888676650975716,1.0006424440409636,124.0,145.0,0.48627450980392156
3778,1.0,1.0,3923.0,0.9891482558789668,1.0009230348223588,125.0,145.0,0.49019607843137253
3779,1.0,1.0,3925.0,0.989415385309431,1.0006014253056534,125.0,146.0,0.49019607843137253
3780,1.0,1.0,3926.0,0.9896410364676371,1.0008270764638596,125.0,146.0,0.49019607843137253
3781,1.0,1.0,3928.0,0.9898537682724131,1.0004805062688245,125.0,147.0,0.49019607843137253
3782,1.0,1.0,3929.0,0.9900268566454611,1.0006535946418724,125.0,147.0,0.49019607843137253
3783,1.0,1.0,3930.0,0.9901743811055717,1.000801119101983,125.0,147.0,0.49019607843137253
3784,1.0,1.0,3931.0,0.9902967298750085,1.0009234678714198,125.0,147.0,0.49019607843137253
3785,1.0,1.0,3933.0,0.9904071677461361,1.000502568842727,126.0,148.0,0.49411764705882355
3786,1.0,1.0,3934.0,0.990480065641036,1.0005754667376268,126.0,148.0,0.49411764705882355
3787,1.0,1.0,3935.0,0.9905285582181924,1.0006239593147832,126.0,148.0,0.49411764705882355
3788,1.0,1.0,3936.0,0.9905527730896505,1.0006481741862412,126.0,148.0,0.49411764705882355
3789,1.0,1.0,3937.0,0.9905527739787563,1.000648175075347,126.0,148.0,0.49411764705882355
3790,1.0,1.0,3938.0,0.9905285608878496,1.0006239619844404,127.0,148.0,0.4980392156862745
3791,1.0,1.0,3939.0,0.9904800700982699,1.0005754711948607,127.0,148.0,0.4980392156862745
3792,1.0,1.0,3940.0,0.9904071740026763,1.000502575099267,127.0,148.0,0.4980392156862745
3793,1.0,1.0,3940.0,0.9902967379473196,1.0009234759437309,127.0,147.0,0.4980392156862745
3794,1.0,1.0,3941.0,0.9901743910148967,1.000801129011308,128.0,147.0,0.5019607843137255
3795,1.0,1.0,3942.0,0.990026868417877,1.0006536064142884,128.0,147.0,0.5019607843137255
3796,1.0,1.0,3943.0,0.9898537819389002,1.0004805199353115,128.0,147.0,0.5019607843137255
3797,1.0,1.0,3943.0,0.9896410520641595,1.000827092060382,129.0,146.0,0.5058823529411764
3798,1.0,1.0,3944.0,0.9894154028770323,1.0006014428732548,129.0,146.0,0.5058823529411764
3799,1.0,1.0,3944.0,0.9891482754638776,1.0009230544072696,129.0,145.0,0.5058823529411764
3800,1.0,1.0,3945.0,0.9888676867513313,1.0006424656947233,130.0,145.0,0.5098039215686274
3801,1.0,1.0,3945.0,0.988543461400686,1.000937965551625,130.0,144.0,0.5098039215686274
3802,1.0,1.0,3946.0,0.9882049776541901,1.0005994818051291,130.0,144.0,0.5098039215686274
3803,1.0,1.0,3946.0,0.9878203585047651,1.0008672049794378,131.0,143.0,0.5137254901960784
3804,1.0,1.0,3947.0,0.9874204143934442,1.0004672608681169,131.0,143.0,0.5137254901960784
3805,1.0,1.0,3947.0,0.9869714757195374,1.0007049983244558,131.0,142.0,0.5137254901960784
3806,1.0,1.0,3947.0,0.9864882514554189,1.0009445910395436,132.0,141.0,0.5176470588235295
3807,1.0,1.0,3948.0,0.9859880037269858,1.0004443433111105,132.0,141.0,0.5176470588235295
3808,1.0,1.0,3948.0,0.9854332752438874,1.000650474806124,133.0,140.0,0.5215686274509804
3809,1.0,1.0,3948.0,0.9848402132745886,1.0008583180769428,133.0,139.0,0.5215686274509804
3810,1.0,1.0,3949.0,0.9842277931614947,1.0002458979638489,134.0,139.0,0.5254901960784314
3811,1.0,1.0,3949.0,0.9835543580107229,1.0004155209605696,134.0,138.0,0.5254901960784314
3812,1.0,1.0,3949.0,0.9828376448547163,1.0005862374335022,135.0,137.0,0.5294117647058824
3813,1.0,1.0,3949.0,0.982075767606222,1.000758496636523,135.0,136.0,0.5294117647058824
3814,1.0,1.0,3949.0,0.9812667213251125,1.000932751883324,136.0,135.0,0.5333333333333333
3815,1.0,1.0,3950.0,0.980433589801917,1.0000996203601284,136.0,135.0,0.5333333333333333
3816,1.0,1.0,3950.0,0.9795250155088632,1.0002261003069806,137.0,134.0,0.5372549019607843
3817,1.0,1.0,3950.0,0.9785625596776747,1.0003531752546404,137.0,133.0,0.5372549019607843
3818,1.0,1.0,3950.0,0.9775436895298486,1.0004811796108652,138.0,132.0,0.5411764705882353
3819,1.0,1.0,3950.0,0.9764657238281536,1.0006104502292237,138.0,131.0,0.5411764705882353
3820,1.0,1.0,3950.0,0.9753258258207433,1.0007413272955539,139.0,130.0,0.5450980392156862
3821,1.0,1.0,3950.0,0.9741209957760191,1.0008741552231881,140.0,129.0,0.5490196078431373
3822,0.0,1.0,3951.0,0.9728823620109684,0.9996355214581375,141.0,129.0,0.5529411764705883
3823,1.0,1.0,3952.0,0.9742056599341703,1.0009588193813395,141.0,129.0,0.5529411764705883
3824,1.0,1.0,3954.0,0.9754953769374618,1.0009108784122724,142.0,130.0,0.5568627450980392
3825,1.0,1.0,3956.0,0.9767206080905887,1.0008653344916587,142.0,131.0,0.5568627450980392
3826,1.0,1.0,3958.0,0.9778845776860592,1.0008220677670758,143.0,132.0,0.5607843137254902
3827,1.0,1.0,3960.0,0.9789903488017563,1.000780964378722,144.0,133.0,0.5647058823529412
3828,1.0,1.0,3962.0,0.9800408313616684,1.000741916159786,144.0,134.0,0.5647058823529412
3829,1.0,1.0,3964.0,0.981038789793585,1.0007048203517965,145.0,135.0,0.5686274509803921
3830,1.0,1.0,3966.0,0.9819868503039058,1.0006695793342069,146.0,136.0,0.5725490196078431
3831,1.0,1.0,3968.0,0.9828875077887105,1.0006361003674964,147.0,137.0,0.5764705882352941
3832,1.0,1.0,3970.0,0.983743132399275,1.0006042953491217,147.0,138.0,0.5764705882352941
3833,1.0,1.0,3972.0,0.9845559757793113,1.0005740805816656,148.0,139.0,0.5803921568627451
3834,1.0,1.0,3974.0,0.9853281769903457,1.0005453765525822,149.0,140.0,0.5843137254901961
3835,1.0,1.0,3976.0,0.9860617681408285,1.0005181077249532,150.0,141.0,0.5882352941176471
3836,1.0,1.0,3978.0,0.9867586797337871,1.0004922023387055,150.0,142.0,0.5882352941176471
3837,1.0,1.0,3980.0,0.9874207457470977,1.0004675922217703,151.0,143.0,0.592156862745098
3838,1.0,1.0,3982.0,0.9880497084597428,1.0004442126106818,152.0,144.0,0.596078431372549
3839,1.0,1.0,3984.0,0.9886472230367557,1.0004220019801477,153.0,145.0,0.6
3840,1.0,1.0,3985.0,0.9892005208079997,1.0009752997513917,154.0,145.0,0.6039215686274509
3841,1.0,1.0,3987.0,0.9897404947675997,1.000926534763822,154.0,146.0,0.6039215686274509
3842,1.0,1.0,3989.0,0.9902534700292198,1.0008802080256312,155.0,147.0,0.6078431372549019
3843,1.0,1.0,3991.0,0.9907407965277588,1.0008361976243496,156.0,148.0,0.611764705882353
3844,1.0,1.0,3993.0,0.991203756701371,1.0007943877431322,157.0,149.0,0.615686274509804
3845,1.0,1.0,3995.0,0.9916435688663023,1.0007546683559754,158.0,150.0,0.6196078431372549
3846,1.0,1.0,3997.0,0.9920613904229874,1.0007169349381768,159.0,151.0,0.6235294117647059
3847,1.0,1.0,3999.0,0.9924583209018379,1.000681088191268,159.0,152.0,0.6235294117647059
3848,1.0,1.0,4001.0,0.992835404856746,1.0006470337817046,160.0,153.0,0.6274509803921569
3849,1.0,1.0,4002.0,0.9931841204504746,1.0009957493754331,161.0,153.0,0.6313725490196078
3850,1.0,1.0,4004.0,0.9935249144279509,1.0009459619066614,162.0,154.0,0.6352941176470588
3851,1.0,1.0,4006.0,0.9938486687065533,1.0008986638113284,163.0,155.0,0.6392156862745098
3852,1.0,1.0,4008.0,0.9941562352712258,1.000853730620762,164.0,156.0,0.6431372549019608
3853,1.0,1.0,4010.0,0.9944484235076645,1.000811044089724,165.0,157.0,0.6470588235294118
3854,1.0,1.0,4012.0,0.9947260023322813,1.0007704918852378,166.0,158.0,0.6509803921568628
3855,1.0,1.0,4014.0,0.9949897022156673,1.000731967290976,166.0,159.0,0.6509803921568628
3856,1.0,1.0,4015.0,0.9952332233204974,1.000975488395806,167.0,159.0,0.6549019607843137
3857,1.0,1.0,4017.0,0.9954715621544725,1.0009267139760158,168.0,160.0,0.6588235294117647
3858,1.0,1.0,4019.0,0.9956979840467488,1.0008803782772149,169.0,161.0,0.6627450980392157
3859,1.0,1.0,4021.0,0.9959130848444115,1.0008363593633542,170.0,162.0,0.6666666666666666
3860,1.0,1.0,4023.0,0.9961174306021909,1.0007945413951866,171.0,163.0,0.6705882352941176
3861,1.0,1.0,4024.0,0.9963058625909874,1.000982973383983,172.0,163.0,0.6745098039215687
3862,1.0,1.0,4026.0,0.9964905694614381,1.0009338247147839,173.0,164.0,0.6784313725490196
3863,1.0,1.0,4028.0,0.9966660409883663,1.0008871334790448,174.0,165.0,0.6823529411764706
3864,1.0,1.0,4030.0,0.996832738938948,1.0008427768050927,175.0,166.0,0.6862745098039216
3865,1.0,1.0,4031.0,0.9969862179715225,1.0009962558376673,176.0,166.0,0.6901960784313725
3866,1.0,1.0,4033.0,0.9971320230524685,1.000941559025306,177.0,167.0,0.6941176470588235
3867,1.0,1.0,4035.0,0.9972749206451118,1.0008939798193073,178.0,168.0,0.6980392156862745
3868,1.0,1.0,4037.0,0.9974106469762949,1.0008487531917807,178.0,169.0,0.6980392156862745
3869,1.0,1.0,4038.0,0.9975353717835163,1.000973477999002,179.0,169.0,0.7019607843137254
3870,1.0,1.0,4040.0,0.9976580185554913,1.0009242194602028,180.0,170.0,0.7058823529411765
3871,1.0,1.0,4042.0,0.9977745022184019,1.0008773930778778,179.0,171.0,0.7019607843137254
3872,1.0,1.0,4043.0,0.9978813501462587,1.0009842410057346,178.0,171.0,0.6980392156862745
3873,1.0,1.0,4045.0,0.997986600744968,1.0009343470614702,176.0,172.0,0.6901960784313725
3874,1.0,1.0,4047.0,0.9980865529245853,1.0008869119252624,175.0,173.0,0.6862745098039216
3875,1.0,1.0,4048.0,0.9981780590235072,1.0009784180241843,173.0,173.0,0.6784313725490196
3876,1.0,1.0,4050.0,0.9982683607447591,1.0009287017954023,171.0,174.0,0.6705882352941176
3877,1.0,1.0,4052.0,0.9983541055206026,1.0008814295187136,169.0,175.0,0.6627450980392157
3878,1.0,1.0,4053.0,0.998432440844161,1.0009597648422721,166.0,175.0,0.6509803921568628
3879,1.0,1.0,4055.0,0.9985098911710182,1.0009108489692236,163.0,176.0,0.6392156862745098
3880,1.0,1.0,4056.0,0.9985804959153795,1.0009814537135848,159.0,176.0,0.6235294117647059
3881,1.0,1.0,4058.0,0.9986504432736993,1.0009313531819946,153.0,177.0,0.6
3882,1.0,1.0,4059.0,0.9987140611356514,1.0009949710439465,145.0,177.0,0.5686274509803921
3883,1.0,1.0,4061.0,0.9987772191914327,1.000944083604313,129.0,178.0,0.5058823529411764
3884,1.0,1.0,4063.0,0.9988371594029808,1.0008956805952172,129.0,179.0,0.5058823529411764
3885,1.0,1.0,4064.0,0.9988915323344478,1.0009500535266842,129.0,179.0,0.5058823529411764
3886,1.0,1.0,4066.0,0.9989456273754759,1.0009012225081004,130.0,180.0,0.5098039215686274
3887,1.0,1.0,4067.0,0.998994565937118,1.0009501610697427,130.0,180.0,0.5098039215686274
3888,1.0,0.0,4056.0,0.9990004637003738,1.0026195228745693,131.0,168.0,0.5137254901960784
3889,1.0,0.0,4050.0,0.9990064021353047,1.0041887963657707,131.0,161.0,0.5137254901960784
3890,1.0,0.0,4045.0,0.9990026464405112,1.0060526415452862,132.0,155.0,0.5176470588235295
3891,1.0,0.0,4042.0,0.9990031013587403,1.0076586458739298,132.0,151.0,0.5176470588235295
3892,1.0,0.0,4040.0,0.9990055238094628,1.0091009249060536,133.0,148.0,0.5215686274509804
3893,1.0,0.0,4038.0,0.9990001418663125,1.0107749208097045,133.0,145.0,0.5215686274509804
3894,1.0,0.0,4037.0,0.999002805172601,1.0120496516472737,134.0,143.0,0.5254901960784314
3895,1.0,0.0,4036.0,0.9990003330721529,1.0134566726562777,134.0,141.0,0.5254901960784314
3896,1.0,0.0,4036.0,0.9990119569955126,1.0142291565577493,135.0,140.0,0.5294117647058824
3897,1.0,0.0,4035.0,0.9990004447739047,1.0158616077237514,135.0,138.0,0.5294117647058824
3898,1.0,0.0,4035.0,0.999005811374015,1.016754403952801,135.0,137.0,0.5294117647058824
3899,1.0,0.0,4035.0,0.9990085616882676,1.0176912907185687,136.0,136.0,0.5333333333333333
3900,1.0,0.0,4035.0,0.9990087029543313,1.0186747335125428,136.0,135.0,0.5333333333333333
3901,1.0,0.0,4035.0,0.9990062355439592,1.0197073203420766,137.0,134.0,0.5372549019607843
3902,1.0,0.0,4035.0,0.9990011529639659,1.0207917685409316,137.0,133.0,0.5372549019607843
3903,1.0,0.0,4036.0,0.9990213785257779,1.0208119941027436,138.0,133.0,0.5411764705882353
3904,1.0,0.0,4036.0,0.9990124889156158,1.0219499789966324,138.0,132.0,0.5411764705882353
3905,1.0,0.0,4036.0,0.9990010005920735,1.0231457269931437,139.0,131.0,0.5450980392156862
3906,1.0,0.0,4037.0,0.9990178381001584,1.0231625645012286,139.0,131.0,0.5450980392156862
3907,1.0,0.0,4037.0,0.9990026839330992,1.0244181854079097,139.0,130.0,0.5450980392156862
3908,1.0,0.0,4038.0,0.9990174892263243,1.024432990701135,140.0,130.0,0.5490196078431373
3909,1.0,0.0,4039.0,0.9990313381636943,1.024446839638505,140.0,130.0,0.5490196078431373
3910,1.0,0.0,4039.0,0.9990116832135314,1.0257648426607004,141.0,129.0,0.5529411764705883
3911,1.0,0.0,4040.0,0.9990237263520882,1.0257768857992573,141.0,129.0,0.5529411764705883
3912,1.0,0.0,4040.0,0.9990006163732165,1.0271618368439208,141.0,128.0,0.5529411764705883
3913,1.0,0.0,4041.0,0.9990109805662407,1.027172201036945,142.0,128.0,0.5568627450980392
3914,1.0,0.0,4042.0,0.999020547282985,1.0271817677536892,142.0,128.0,0.5568627450980392
3915,1.0,0.0,4043.0,0.9990293416990197,1.027190562169724,143.0,128.0,0.5607843137254902
3916,1.0,0.0,4043.0,0.9990012828287362,1.0286446727978986,143.0,127.0,0.5607843137254902
3917,1.0,0.0,4044.0,0.9990086001014848,1.0286519900706472,143.0,127.0,0.5607843137254902
3918,1.0,0.0,4045.0,0.9990152086444378,1.0286585986136003,144.0,127.0,0.5647058823529412
3919,1.0,0.0,4046.0,0.9990211258484977,1.0286645158176602,144.0,127.0,0.5647058823529412
3920,1.0,0.0,4047.0,0.999026367285254,1.0286697572544163,144.0,127.0,0.5647058823529412
3921,1.0,0.0,4048.0,0.9990309467479614,1.0286743367171238,145.0,127.0,0.5686274509803921
3922,1.0,0.0,4049.0,0.9990348762878376,1.028678266257,145.0,127.0,0.5686274509803921
3923,1.0,0.0,4049.0,0.9990001618996628,1.0302037302882547,145.0,126.0,0.5686274509803921
3924,1.0,0.0,4050.0,0.9990028209334495,1.0302063893220414,146.0,126.0,0.5725490196078431
3925,1.0,0.0,4051.0,0.9990048560405407,1.0302084244291327,146.0,126.0,0.5725490196078431
3926,1.0,0.0,4052.0,0.9990062725764814,1.0302098409650735,146.0,126.0,0.5725490196078431
3927,1.0,0.0,4053.0,0.9990070742689978,1.0302106426575899,147.0,126.0,0.5764705882352941
3928,1.0,0.0,4054.0,0.9990072632278072,1.0302108316163991,147.0,126.0,0.5764705882352941
3929,1.0,0.0,4055.0,0.9990068399501695,1.0302104083387615,147.0,126.0,0.5764705882352941
3930,1.0,0.0,4056.0,0.999005803322196,1.030209371710788,147.0,126.0,0.5764705882352941
3931,1.0,0.0,4057.0,0.9990041506159186,1.0302077190045107,147.0,126.0,0.5764705882352941
3932,1.0,0.0,4058.0,0.99900187748211,1.030205445870702,148.0,126.0,0.5803921568627451
3933,1.0,0.0,4060.0,0.9990369822849536,1.028680372254116,148.0,127.0,0.5803921568627451
3934,1.0,0.0,4061.0,0.9990334487018439,1.0286768386710063,148.0,127.0,0.5803921568627451
3935,1.0,0.0,4062.0,0.999029271779992,1.0286726617491544,148.0,127.0,0.5803921568627451
3936,1.0,0.0,4063.0,0.9990244405274985,1.028667830496661,148.0,127.0,0.5803921568627451
3937,1.0,0.0,4064.0,0.999018942230541,1.0286623321997035,148.0,127.0,0.5803921568627451
3938,1.0,0.0,4065.0,0.999012762419917,1.0286561523890794,148.0,127.0,0.5803921568627451
3939,1.0,0.0,4066.0,0.9990058848329668,1.0286492748021292,148.0,127.0,0.5803921568627451
3940,1.0,0.0,4068.0,0.9990343954995862,1.0271956159702904,147.0,128.0,0.5764705882352941
3941,1.0,0.0,4069.0,0.9990260661793624,1.0271872866500666,147.0,128.0,0.5764705882352941
3942,1.0,0.0,4070.0,0.9990169790818408,1.027178199552545,147.0,128.0,0.5764705882352941
3943,1.0,0.0,4071.0,0.9990071102936064,1.0271683307643107,146.0,128.0,0.5725490196078431
3944,1.0,0.0,4073.0,0.9990307327665323,1.0257838922137015,145.0,129.0,0.5686274509803921
3945,1.0,0.0,4074.0,0.9990192205599624,1.0257723800071314,144.0,129.0,0.5647058823529412
3946,1.0,0.0,4075.0,0.9990068423009846,1.0257600017481536,143.0,129.0,0.5607843137254902
3947,1.0,0.0,4077.0,0.9990261493914827,1.0244416508662932,141.0,130.0,0.5529411764705883
3948,1.0,0.0,4078.0,0.9990119389397845,1.024427440414595,139.0,130.0,0.5450980392156862
3949,1.0,0.0,4080.0,0.9990277123036511,1.0231724387047212,135.0,131.0,0.5294117647058824
3950,1.0,0.0,4081.0,0.9990115199771197,1.0231562463781898,129.0,131.0,0.5058823529411764
3951,1.0,0.0,4083.0,0.9990236811648074,1.021961171245824,129.0,132.0,0.5058823529411764
3952,1.0,0.0,4084.0,0.9990053364057656,1.0219428264867823,129.0,132.0,0.5058823529411764
3953,1.0,0.0,4086.0,0.9990137811495148,1.0208043967264806,130.0,133.0,0.5098039215686274
3954,1.0,0.0,4089.0,0.9990169067535526,1.018682937311764,130.0,135.0,0.5098039215686274
3955,1.0,0.0,4091.0,0.9990174452700995,1.0177001743004006,131.0,136.0,0.5137254901960784
3956,1.0,0.0,4093.0,0.9990153981163048,1.0167639906950907,131.0,137.0,0.5137254901960784
3957,1.0,0.0,4095.0,0.9990107599049212,1.015871922854768,132.0,138.0,0.5176470588235295
3958,1.0,0.0,4097.0,0.9990035184301296,1.0150216232324838,132.0,139.0,0.5176470588235295
3959,1.0,0.0,4100.0,0.9990121884041148,1.0134685279882396,133.0,141.0,0.5215686274509804
3960,1.0,0.0,4103.0,0.9990154763699419,1.0120623228446146,133.0,143.0,0.5215686274509804
3961,1.0,0.0,4106.0,0.9990136622742887,1.0107884412176806,134.0,145.0,0.5254901960784314
3962,1.0,0.0,4109.0,0.9990069861861763,1.0096337241825877,134.0,147.0,0.5254901960784314
3963,1.0,0.0,4113.0,0.9990073324045036,1.0081184318941767,135.0,150.0,0.5294117647058824
3964,1.0,0.0,4117.0,0.9990003847551667,1.0068120136801253,135.0,153.0,0.5294117647058824
3965,1.0,0.0,4123.0,0.9990026992173253,1.0050471887702819,136.0,158.0,0.5333333333333333
3966,1.0,0.0,4131.0,0.9990041470506539,1.0032252395413324,136.0,165.0,0.5333333333333333
3967,1.0,0.0,4142.0,0.9990000871821727,1.0015274111802837,137.0,175.0,0.5372549019607843
3968,1.0,1.0,4148.0,0.9989662262376134,1.000921821370238,137.0,180.0,0.5372549019607843
3969,1.0,1.0,4148.0,0.9989133362924255,1.000971857484662,138.0,179.0,0.5411764705882353
3970,1.0,1.0,4149.0,0.9988602258356355,1.000918747027872,138.0,179.0,0.5411764705882353
3971,1.0,1.0,4149.0,0.9988016087999029,1.0009684732127833,139.0,178.0,0.5450980392156862
3972,1.0,1.0,4150.0,0.9987426161344158,1.0009094805472962,139.0,178.0,0.5450980392156862
3973,1.0,1.0,4150.0,0.9986776754342858,1.0009585853425809,140.0,177.0,0.5490196078431373
3974,1.0,1.0,4151.0,0.9986121791761393,1.0008930890844345,140.0,177.0,0.5490196078431373
3975,1.0,1.0,4151.0,0.9985402527266314,1.0009412105248368,141.0,176.0,0.5529411764705883
3976,1.0,1.0,4151.0,0.9984644848369303,1.0009918088350414,141.0,175.0,0.5529411764705883
3977,1.0,1.0,4152.0,0.9983879162768247,1.0009152402749357,142.0,175.0,0.5568627450980392
3978,1.0,1.0,4152.0,0.9983040272401084,1.0009643682907514,142.0,174.0,0.5568627450980392
3979,1.0,1.0,4153.0,0.9982190858108366,1.0008794268614798,143.0,174.0,0.5607843137254902
3980,1.0,1.0,4153.0,0.9981262176063055,1.0009265766069826,143.0,173.0,0.5607843137254902
3981,1.0,1.0,4153.0,0.9980284183954753,1.0009761647119775,144.0,172.0,0.5647058823529412
3982,1.0,1.0,4154.0,0.9979292099739459,1.000876956290448,144.0,172.0,0.5647058823529412
3983,1.0,1.0,4154.0,0.9978209619011325,1.0009238527606084,145.0,171.0,0.5686274509803921
3984,1.0,1.0,4154.0,0.9977069795175324,1.000973180422244,145.0,170.0,0.5686274509803921
3985,1.0,1.0,4155.0,0.9975911503065622,1.0008573512112737,145.0,170.0,0.5686274509803921
3986,1.0,1.0,4155.0,0.9974650039522469,1.0009031101677326,146.0,169.0,0.5725490196078431
3987,1.0,1.0,4155.0,0.9973321865557007,1.0009512457298961,146.0,168.0,0.5725490196078431
3988,1.0,1.0,4156.0,0.997196988416913,1.0008160475911085,147.0,168.0,0.5764705882352941
3989,1.0,1.0,4156.0,0.9970500061033727,1.00085954207621,147.0,167.0,0.5764705882352941
3990,1.0,1.0,4156.0,0.996895260647999,1.0009052985141438,148.0,166.0,0.5803921568627451
3991,1.0,1.0,4156.0,0.9967323448259098,1.0009534373165883,148.0,165.0,0.5803921568627451
3992,1.0,1.0,4157.0,0.9965662415682963,1.0007873340589748,149.0,165.0,0.5843137254901961
3993,1.0,1.0,4157.0,0.9963859610300964,1.0008292162834422,149.0,164.0,0.5843137254901961
3994,1.0,1.0,4157.0,0.9961961698630282,1.0008732806560239,150.0,163.0,0.5882352941176471
3995,1.0,1.0,4157.0,0.9959963686166522,1.000919643135595,150.0,162.0,0.5882352941176471
3996,1.0,1.0,4157.0,0.9957860314982148,1.0009684257286808,151.0,161.0,0.592156862745098
3997,1.0,1.0,4158.0,0.9955712490841505,1.0007536433146167,151.0,161.0,0.592156862745098
3998,1.0,1.0,4158.0,0.995338500172004,1.0007936519935472,152.0,160.0,0.596078431372549
3999,1.0,1.0,4158.0,0.995093484155047,1.0008357492303557,152.0,159.0,0.596078431372549
4000,1.0,1.0,4158.0,0.9948355562542874,1.000880045807244,153.0,158.0,0.6
4001,1.0,1.0,4158.0,0.9945640377120917,1.0009266582941512,153.0,157.0,0.6
4002,1.0,1.0,4158.0,0.9942782140059806,1.000975709355517,153.0,156.0,0.6
4003,1.0,1.0,4159.0,0.9939859195008056,1.0006834148503418,154.0,156.0,0.6039215686274509
4004,1.0,1.0,4159.0,0.9936696412621266,1.0007196363669018,154.0,155.0,0.6039215686274509
4005,1.0,1.0,4159.0,0.9933367041846639,1.0007577516633746,155.0,154.0,0.6078431372549019
4006,1.0,1.0,4159.0,0.9929862321182135,1.000797861043172,155.0,153.0,0.6078431372549019
4007,1.0,1.0,4159.0,0.9926173027678635,1.0008400700572935,156.0,152.0,0.611764705882353
4008,1.0,1.0,4159.0,0.9922289452669026,1.000884489782092,156.0,151.0,0.611764705882353
4009,1.0,1.0,4159.0,0.9918201376219075,1.0009312371115806,157.0,150.0,0.615686274509804
4010,1.0,1.0,4159.0,0.9913898040232858,1.000980435065047,157.0,149.0,0.615686274509804
4011,1.0,1.0,4160.0,0.9909491076950216,1.000539738736783,158.0,149.0,0.6196078431372549
4012,1.0,1.0,4160.0,0.9904729123323313,1.000568313428922,158.0,148.0,0.6196078431372549
4013,1.0,1.0,4160.0,0.9899716456863048,1.0005983836827161,159.0,147.0,0.6235294117647059
4014,1.0,1.0,4160.0,0.9894439886341897,1.0006300286304122,159.0,146.0,0.6235294117647059
4015,1.0,1.0,4160.0,0.9888885526047961,1.000663331548188,159.0,145.0,0.6235294117647059
4016,1.0,1.0,4160.0,0.9883038759243625,1.0006983800753015,160.0,144.0,0.6274509803921569
4017,1.0,1.0,4160.0,0.9876884199700458,1.0007352664447184,160.0,143.0,0.6274509803921569
4018,1.0,1.0,4160.0,0.9870405651209133,1.0007740877258318,161.0,142.0,0.6313725490196078
4019,1.0,1.0,4160.0,0.9863586064957832,1.000814946079908,161.0,141.0,0.6313725490196078
4020,1.0,1.0,4160.0,0.9856407494666948,1.0008579490289313,162.0,140.0,0.6352941176470588
4021,1.0,1.0,4160.0,0.9848851049362028,1.000903209738557,162.0,139.0,0.6352941176470588
4022,1.0,1.0,4160.0,0.9840896843660691,1.0009508473159159,163.0,138.0,0.6392156862745098
4023,1.0,1.0,4161.0,0.9832740114198442,1.000135174369691,163.0,138.0,0.6392156862745098
4024,1.0,1.0,4161.0,0.9823937866823996,1.0001423792611857,163.0,137.0,0.6392156862745098
4025,1.0,1.0,4161.0,0.9814672298046457,1.0001499588349467,164.0,136.0,0.6431372549019608
4026,1.0,1.0,4161.0,0.9804919024790093,1.0001579330372208,164.0,135.0,0.6431372549019608
4027,1.0,1.0,4161.0,0.9794652380546334,1.0001663228527509,165.0,134.0,0.6470588235294118
4028,1.0,1.0,4161.0,0.9783845347830329,1.0001751503599987,165.0,133.0,0.6470588235294118
4029,1.0,1.0,4161.0,0.9772469487082298,1.0001844387892465,166.0,132.0,0.6509803921568628
4030,1.0,1.0,4161.0,0.976049486182659,1.000194212583729,166.0,131.0,0.6509803921568628
4031,1.0,1.0,4161.0,0.9747889959891476,1.0002044974639581,166.0,130.0,0.6509803921568628
4032,1.0,1.0,4161.0,0.9734621610482395,1.0002153204954085,167.0,129.0,0.6549019607843137
4033,0.0,1.0,4161.0,0.9720654896890373,1.0002267101597415,167.0,128.0,0.6549019607843137
4034,1.0,1.0,4163.0,0.9732972884591407,1.0000504479063097,168.0,129.0,0.6588235294117647
4035,1.0,1.0,4165.0,0.9744588169357156,0.9998743184105262,162.0,130.0,0.6352941176470588
4036,1.0,1.0,4166.0,0.9755221769952103,1.0009376784700208,158.0,130.0,0.6196078431372549
4037,1.0,1.0,4168.0,0.976553705707258,1.000698432108328,155.0,131.0,0.6078431372549019
4038,1.0,1.0,4170.0,0.9775235336448511,1.0004610237258678,153.0,132.0,0.6
4039,1.0,1.0,4172.0,0.9784342129867728,1.0002248285637385,152.0,133.0,0.596078431372549
4040,1.0,1.0,4174.0,0.979288140257607,0.9999892250557245,149.0,134.0,0.5843137254901961
4041,1.0,1.0,4175.0,0.9800623497746923,1.0007634345728098,149.0,134.0,0.5843137254901961
4042,1.0,1.0,4177.0,0.9808106316434899,1.0004766622017014,147.0,135.0,0.5764705882352941
4043,1.0,1.0,4179.0,0.9814832023148173,1.0001659313451183,145.0,136.0,0.5686274509803921
4044,1.0,1.0,4180.0,0.982108242182019,1.00079097121232,145.0,136.0,0.5686274509803921
4045,1.0,1.0,4182.0,0.9827101506927209,1.0004587432715069,143.0,137.0,0.5607843137254902
4046,1.0,1.0,4183.0,0.9832449427244059,1.0009935353031918,143.0,137.0,0.5607843137254902
4047,1.0,1.0,4185.0,0.9837583971059728,1.0006195600558194,142.0,138.0,0.5568627450980392
4048,1.0,1.0,4187.0,0.9842291104272921,1.0002472152296464,141.0,139.0,0.5529411764705883
4049,1.0,1.0,4188.0,0.9846388121774228,1.000656916979777,140.0,139.0,0.5490196078431373
4050,1.0,1.0,4190.0,0.9850080897490727,1.0002252893113093,138.0,140.0,0.5411764705882353
4051,1.0,1.0,4191.0,0.9853388903868362,1.0005560899490729,138.0,140.0,0.5411764705882353
4052,1.0,1.0,4192.0,0.9856320846187069,1.0008492841809435,137.0,140.0,0.5372549019607843
4053,1.0,1.0,4194.0,0.9859069777771505,1.0003633173612754,136.0,141.0,0.5333333333333333
4054,1.0,1.0,4195.0,0.986127176954745,1.00058351653887,136.0,141.0,0.5333333333333333
4055,1.0,1.0,4196.0,0.9863117953917081,1.0007681349758328,135.0,141.0,0.5294117647058824
4056,1.0,1.0,4197.0,0.9864613189260314,1.0009176585101562,133.0,141.0,0.5215686274509804
4057,1.0,1.0,4199.0,0.986593748120963,1.0003272707258815,133.0,142.0,0.5215686274509804
4058,1.0,1.0,4200.0,0.9866741709794369,1.0004076935843553,132.0,142.0,0.5176470588235295
4059,1.0,1.0,4201.0,0.9867204062208174,1.000453928825736,132.0,142.0,0.5176470588235295
4060,1.0,1.0,4202.0,0.9867325755167919,1.0004660981217104,132.0,142.0,0.5176470588235295
4061,1.0,1.0,4203.0,0.9867107108918238,1.0004442334967423,131.0,142.0,0.5137254901960784
4062,1.0,1.0,4204.0,0.9866547548074265,1.000388277412345,131.0,142.0,0.5137254901960784
4063,1.0,1.0,4205.0,0.9865645600107458,1.0002980826156642,130.0,142.0,0.5098039215686274
4064,1.0,1.0,4205.0,0.9864222820667914,1.0008786216509162,129.0,141.0,0.5058823529411764
4065,1.0,1.0,4206.0,0.986262807054868,1.0007191466389929,129.0,141.0,0.5058823529411764
4066,1.0,1.0,4207.0,0.9860681082236293,1.0005244478077542,128.0,141.0,0.5019607843137255
4067,1.0,1.0,4208.0,0.9858376732077297,1.0002940127918545,128.0,141.0,0.5019607843137255
4068,1.0,1.0,4208.0,0.9855523618305351,1.0007695613927716,128.0,140.0,0.5019607843137255
4069,1.0,1.0,4209.0,0.9852485395831025,1.000465739145339,128.0,140.0,0.5019607843137255
4070,1.0,1.0,4209.0,0.9848873639342965,1.0009054687366508,128.0,139.0,0.5019607843137255
4071,1.0,1.0,4210.0,0.9845069542223784,1.0005250590247328,128.0,139.0,0.5019607843137255
4072,1.0,1.0,4210.0,0.9840662641071534,1.000927427057,129.0,138.0,0.5058823529411764
4073,1.0,1.0,4211.0,0.9836052599835765,1.0004664229334232,129.0,138.0,0.5058823529411764
4074,1.0,1.0,4211.0,0.9830805757755268,1.0008291683543127,129.0,137.0,0.5058823529411764
4075,1.0,1.0,4212.0,0.9825341213727569,1.000282713951543,129.0,137.0,0.5058823529411764
4076,1.0,1.0,4212.0,0.9819200872559174,1.0006028162862184,130.0,136.0,0.5098039215686274
4077,1.0,1.0,4212.0,0.9812584744213302,1.0009245049795417,130.0,135.0,0.5098039215686274
4078,1.0,1.0,4213.0,0.9805727546422787,1.0002387852004901,130.0,135.0,0.5098039215686274
4079,1.0,1.0,4213.0,0.9798119583166329,1.0005130431147504,131.0,134.0,0.5137254901960784
4080,1.0,1.0,4213.0,0.9789980355655048,1.0007886511424706,131.0,133.0,0.5137254901960784
4081,1.0,1.0,4214.0,0.9781567811735543,0.99994739675052,131.0,133.0,0.5137254901960784
4082,1.0,1.0,4214.0,0.9772315047744922,1.0001689948555088,132.0,132.0,0.5176470588235295
4083,1.0,1.0,4214.0,0.9762463112827314,1.0003910376838014,132.0,131.0,0.5176470588235295
4084,1.0,1.0,4214.0,0.97519860808382,1.0006141095586305,132.0,130.0,0.5176470588235295
4085,1.0,1.0,4214.0,0.9740856380640763,1.0008387975112454,133.0,129.0,0.5215686274509804
4086,1.0,1.0,4215.0,0.972938771277396,0.9996919307245651,133.0,129.0,0.5215686274509804
4087,0.0,1.0,4215.0,0.9716881067546695,0.9998493272253738,134.0,128.0,0.5254901960784314
4088,1.0,1.0,4217.0,0.9730649192482637,0.9998180786954327,135.0,129.0,0.5294117647058824
4089,1.0,1.0,4219.0,0.9743708499504058,0.9997863514252164,135.0,130.0,0.5294117647058824
4090,1.0,1.0,4220.0,0.9755783807434013,1.0009938822182118,136.0,130.0,0.5333333333333333
4091,1.0,1.0,4222.0,0.9767542280935502,1.0008989544946203,136.0,131.0,0.5333333333333333
4092,1.0,1.0,4224.0,0.9778689023597347,1.0008063924407513,137.0,132.0,0.5372549019607843
4093,1.0,1.0,4226.0,0.9788974002086498,1.0006880157856155,137.0,133.0,0.5372549019607843
4094,1.0,1.0,4228.0,0.9798969047525246,1.000597989550642,138.0,134.0,0.5411764705882353
4095,1.0,1.0,4230.0,0.9808435064141691,1.0005095369723807,138.0,135.0,0.5411764705882353
4096,1.0,1.0,4232.0,0.9817396962505877,1.0004224252808886,139.0,136.0,0.5450980392156862
4097,1.0,1.0,4234.0,0.9825878326560868,1.0003364252348728,139.0,137.0,0.5450980392156862
4098,1.0,1.0,4236.0,0.9833901475685758,1.0002513105184225,140.0,138.0,0.5490196078431373
4099,1.0,1.0,4237.0,0.9841282163112892,1.000989379261136,141.0,138.0,0.5529411764705883
4100,1.0,1.0,4239.0,0.9848461340777672,1.0008642388801214,141.0,139.0,0.5529411764705883
4101,1.0,1.0,4241.0,0.9855241732497129,1.0007413728119494,142.0,140.0,0.5568627450980392
4102,1.0,1.0,4243.0,0.9861641181407367,1.0006204577248614,143.0,141.0,0.5607843137254902
4103,1.0,1.0,4245.0,0.9867676528163414,1.0005011754212598,143.0,142.0,0.5607843137254902
4104,1.0,1.0,4247.0,0.9873363655256735,1.0003832120003462,144.0,143.0,0.5647058823529412
4105,1.0,1.0,4248.0,0.9878558624911884,1.000902708965861,145.0,143.0,0.5686274509803921
4106,1.0,1.0,4250.0,0.988360127926351,1.00075463207729,145.0,144.0,0.5686274509803921
4107,1.0,1.0,4252.0,0.9888337621192145,1.0006085410626064,146.0,145.0,0.5725490196078431
4108,1.0,1.0,4254.0,0.9892780114755496,1.000464051471772,147.0,146.0,0.5764705882352941
4109,1.0,1.0,4255.0,0.9896804210495375,1.0008664610457598,147.0,146.0,0.5764705882352941
4110,1.0,1.0,4257.0,0.9900700149137318,1.0006967529101432,148.0,147.0,0.5803921568627451
4111,1.0,1.0,4259.0,0.9904334772382254,1.000528878334816,149.0,148.0,0.5843137254901961
4112,1.0,1.0,4260.0,0.990759468821997,1.0008548699185877,150.0,148.0,0.5882352941176471
4113,1.0,1.0,4262.0,0.9910740860403764,1.0006647170821377,150.0,149.0,0.5882352941176471
4114,1.0,1.0,4263.0,0.9913535331147123,1.0009441641564736,151.0,149.0,0.592156862745098
4115,1.0,1.0,4265.0,0.9916225220096464,1.0007336214993194,152.0,150.0,0.596078431372549
4116,1.0,1.0,4266.0,0.9918583680579265,1.0009694675475995,153.0,150.0,0.6
4117,1.0,1.0,4268.0,0.9920844696557722,1.0007400141709617,153.0,151.0,0.6
4118,1.0,1.0,4269.0,0.9922791989012614,1.0009347434164508,154.0,151.0,0.6039215686274509
4119,1.0,1.0,4271.0,0.992464707101065,1.000687474390495,155.0,152.0,0.6078431372549019
4120,1.0,1.0,4272.0,0.9926203706738352,1.0008431379632652,156.0,152.0,0.611764705882353
4121,1.0,1.0,4273.0,0.9927571412698987,1.0009799085593287,157.0,152.0,0.615686274509804
4122,1.0,1.0,4275.0,0.9928853937207547,1.0006970226457133,158.0,153.0,0.6196078431372549
4123,1.0,1.0,4276.0,0.9929854093600732,1.0007970382850317,158.0,153.0,0.6196078431372549
4124,1.0,1.0,4277.0,0.993067466295783,1.0008790952207416,159.0,153.0,0.6235294117647059
4125,1.0,1.0,4278.0,0.9931317804671889,1.0009434093921474,160.0,153.0,0.6274509803921569
4126,1.0,1.0,4279.0,0.9931785211221102,1.0009901500470688,161.0,153.0,0.6313725490196078
4127,1.0,1.0,4281.0,0.9932173254257048,1.0006383729044155,162.0,154.0,0.6352941176470588
4128,1.0,1.0,4282.0,0.9932292421304203,1.000650289609131,163.0,154.0,0.6392156862745098
4129,1.0,1.0,4283.0,0.99322381675944,1.0006448642381507,164.0,154.0,0.6431372549019608
4130,1.0,1.0,4284.0,0.9932010350354723,1.000622082514183,165.0,154.0,0.6470588235294118
4131,1.0,1.0,4284.0,0.9931513228431772,1.0009629517681358,165.0,153.0,0.6470588235294118
4132,1.0,1.0,4285.0,0.9930936027251372,1.0009052316500957,166.0,153.0,0.6509803921568628
4133,1.0,1.0,4286.0,0.9930182086228705,1.000829837547829,167.0,153.0,0.6549019607843137
4134,1.0,1.0,4287.0,0.9929249421308446,1.0007365710558032,168.0,153.0,0.6588235294117647
4135,1.0,1.0,4288.0,0.9928135578109227,1.0006251867358813,169.0,153.0,0.6627450980392157
4136,1.0,1.0,4288.0,0.9926737476375953,1.0008965149270252,170.0,152.0,0.6666666666666666
4137,1.0,1.0,4289.0,0.9925251998621335,1.0007479671515636,171.0,152.0,0.6705882352941176
4138,1.0,1.0,4290.0,0.9923575086604602,1.0005802759498903,172.0,152.0,0.6745098039215687
4139,1.0,1.0,4290.0,0.9921596907305943,1.0008152352457838,173.0,151.0,0.6784313725490196
4140,1.0,1.0,4291.0,0.9919523372598564,1.000607881775046,174.0,151.0,0.6823529411764706
4141,1.0,1.0,4291.0,0.9917132637199308,1.0008243632096039,175.0,150.0,0.6862745098039216
4142,1.0,1.0,4292.0,0.9914640638760499,1.000575163365723,175.0,150.0,0.6862745098039216
4143,1.0,1.0,4292.0,0.9911813041904265,1.0007719352321878,176.0,149.0,0.6901960784313725
4144,1.0,1.0,4292.0,0.9908753374105674,1.0009707385071582,177.0,148.0,0.6941176470588235
4145,1.0,1.0,4293.0,0.9905583011826549,1.0006537022792457,178.0,148.0,0.6980392156862745
4146,1.0,1.0,4293.0,0.9902041226980843,1.0008308606944956,179.0,147.0,0.7019607843137254
4147,1.0,1.0,4294.0,0.9898377896121073,1.0004645276085187,180.0,147.0,0.7058823529411765
4148,1.0,1.0,4294.0,0.9894317710452964,1.000617811041519,179.0,146.0,0.7019607843137254
4149,1.0,1.0,4294.0,0.988997941349657,1.000772720293049,178.0,145.0,0.6980392156862745
4150,1.0,1.0,4294.0,0.9885351588680958,1.0009296630190347,177.0,144.0,0.6941176470588235
4151,1.0,1.0,4295.0,0.9880580961419141,1.000452600292853,175.0,144.0,0.6862745098039216
4152,1.0,1.0,4295.0,0.9875345114825076,1.0005813579571803,174.0,143.0,0.6823529411764706
4153,1.0,1.0,4295.0,0.9869781229059498,1.0007116455108682,172.0,142.0,0.6745098039215687
4154,1.0,1.0,4295.0,0.9863874662317761,1.0008438058159008,170.0,141.0,0.6666666666666666
4155,1.0,1.0,4295.0,0.9857609871003177,1.0009781866625542,168.0,140.0,0.6588235294117647
4156,1.0,1.0,4296.0,0.985116546112489,1.0003337456747257,165.0,140.0,0.6470588235294118
4157,1.0,1.0,4296.0,0.9844144043720484,1.0004325091744026,161.0,139.0,0.6313725490196078
4158,1.0,1.0,4296.0,0.983671247906271,1.0005324108561178,156.0,138.0,0.611764705882353
4159,1.0,1.0,4296.0,0.982885121040247,1.0006337136190329,149.0,137.0,0.5843137254901961
4160,1.0,1.0,4296.0,0.9820539550190656,1.0007366840493666,138.0,136.0,0.5411764705882353
4161,1.0,1.0,4296.0,0.981175562563724,1.0008415931219354,128.0,135.0,0.5019607843137255
4162,1.0,1.0,4296.0,0.9802476321151288,1.0009487169132463,129.0,134.0,0.5058823529411764
4163,1.0,1.0,4297.0,0.9792942616033524,0.9999953464014699,129.0,134.0,0.5058823529411764
4164,1.0,1.0,4297.0,0.9782611894466318,1.0000518050235976,130.0,133.0,0.5098039215686274
4165,1.0,1.0,4297.0,0.9771709098937181,1.0001083999747347,130.0,132.0,0.5098039215686274
4166,1.0,1.0,4297.0,0.9760205537878932,1.0001652801889633,130.0,131.0,0.5098039215686274
4167,1.0,1.0,4297.0,0.974807093876247,1.0002225953510575,131.0,130.0,0.5137254901960784
4168,1.0,1.0,4297.0,0.9735273368432222,1.0002804962903913,131.0,129.0,0.5137254901960784
4169,1.0,1.0,4297.0,0.9721779149071534,1.0003391353778577,132.0,128.0,0.5176470588235295
4170,1.0,1.0,4297.0,0.9707552769576825,1.000398666926845,132.0,127.0,0.5176470588235295
4171,1.0,1.0,4297.0,0.9692556792107317,1.0004592475993237,133.0,126.0,0.5215686274509804
4172,1.0,1.0,4297.0,0.967675175356441,1.0005210368181168,133.0,125.0,0.5215686274509804
4173,1.0,1.0,4297.0,0.9660096061741407,1.0005841971864309,134.0,124.0,0.5254901960784314
4174,1.0,1.0,4297.0,0.9642545885870355,1.0006488949157621,134.0,123.0,0.5254901960784314
4175,1.0,1.0,4297.0,0.962405504127791,1.0007153002632927,134.0,122.0,0.5254901960784314
4176,1.0,1.0,4297.0,0.9604574867846722,1.0007835879799372,135.0,121.0,0.5294117647058824
4177,1.0,1.0,4314.0,0.9590070752794657,0.9767556678582516,135.0,137.0,0.5294117647058824
4178,0.0,0.0,4346.0,0.9572256076065978,0.9608446667807934,136.0,168.0,0.5333333333333333
4179,1.0,0.0,4349.0,0.9576454080854568,0.9609116089901684,136.0,170.0,0.5333333333333333
4180,1.0,0.0,4352.0,0.957953120445372,0.960900866761874,136.0,172.0,0.5333333333333333
4181,1.0,0.0,4354.0,0.9581462050570444,0.9609465640577214,137.0,173.0,0.5372549019607843
4182,1.0,0.0,4356.0,0.9582291481030774,0.9608894891537205,137.0,174.0,0.5372549019607843
4183,1.0,0.0,4356.0,0.958195517002018,0.960995876002695,137.0,173.0,0.5372549019607843
4184,1.0,0.0,4356.0,0.9580518741035956,0.9609996204200977,138.0,172.0,0.5411764705882353
4185,1.0,0.0,4356.0,0.9577978414001828,0.9609007322596587,138.0,171.0,0.5411764705882353
4186,1.0,0.0,4355.0,0.9574285629476077,0.9608666691630935,139.0,169.0,0.5450980392156862
4187,1.0,0.0,4353.0,0.9569417086227987,0.9609517464889433,139.0,166.0,0.5450980392156862
4188,1.0,0.0,4352.0,0.956345178995788,0.9607884342491338,139.0,164.0,0.5450980392156862
4189,0.0,0.0,4350.0,0.9556266011487615,0.9608089953792276,140.0,161.0,0.5490196078431373
4190,1.0,0.0,4359.0,0.9574836560860447,0.9609217623015305,140.0,169.0,0.5490196078431373
4191,1.0,1.0,4338.0,0.9590114495349296,0.9696381875313409,140.0,147.0,0.5490196078431373
4192,1.0,1.0,4313.0,0.9599217255951844,1.0002478267904493,140.0,121.0,0.5490196078431373
4193,1.0,1.0,4315.0,0.9614655745398362,0.9997753706753378,141.0,122.0,0.5529411764705883
4194,1.0,1.0,4317.0,0.9629080171016982,0.9993023234304248,141.0,123.0,0.5529411764705883
4195,1.0,1.0,4318.0,0.9642085227835151,1.0006028291122417,141.0,123.0,0.5529411764705883
4196,1.0,1.0,4320.0,0.9654148403673939,0.9999894313796842,141.0,124.0,0.5529411764705883
4197,1.0,1.0,4322.0,0.9665744707720259,0.9994203322337016,141.0,125.0,0.5529411764705883
4198,1.0,1.0,4323.0,0.9676061346827796,1.0004519961444553,142.0,125.0,0.5568627450980392
4199,1.0,1.0,4325.0,0.9685946616583377,0.9997982300469297,142.0,126.0,0.5568627450980392
4200,1.0,1.0,4326.0,0.9694625386605666,1.0006661070491587,142.0,126.0,0.5568627450980392
4201,1.0,1.0,4328.0,0.9702900584972858,0.9999334484664482,142.0,127.0,0.5568627450980392
4202,1.0,1.0,4329.0,0.9710032901486103,1.0006466801177727,142.0,127.0,0.5568627450980392
4203,1.0,1.0,4331.0,0.9716782190148613,0.9998394394855655,142.0,128.0,0.5568627450980392
4204,1.0,1.0,4332.0,0.9722443179561515,1.0004055384268558,142.0,128.0,0.5568627450980392
4205,1.0,1.0,4333.0,0.9727391808353458,1.00090040130605,141.0,128.0,0.5529411764705883
4206,1.0,1.0,4335.0,0.973198408845547,0.999951568292716,141.0,129.0,0.5529411764705883
4207,1.0,1.0,4336.0,0.9735545223764603,1.0003076818236294,141.0,129.0,0.5529411764705883
4208,1.0,1.0,4337.0,0.9738427574913249,1.000595916938494,140.0,129.0,0.5490196078431373
4209,1.0,1.0,4338.0,0.9740638727036008,1.00081703215077,139.0,129.0,0.5450980392156862
4210,1.0,1.0,4339.0,0.9742184498954256,1.0009716093425947,138.0,129.0,0.5411764705882353
4211,1.0,1.0,4341.0,0.974339479825133,0.9997549812999437,137.0,130.0,0.5372549019607843
4212,1.0,1.0,4342.0,0.9743620272927322,0.9997775287675429,135.0,130.0,0.5294117647058824
4213,1.0,1.0,4343.0,0.9743187356099146,0.9997342370847252,133.0,130.0,0.5215686274509804
4214,1.0,1.0,4343.0,0.9741769068749486,1.0009300663221177,129.0,129.0,0.5058823529411764
4215,1.0,1.0,4344.0,0.9740014215541273,1.0007545810012963,128.0,129.0,0.5019607843137255
4216,1.0,1.0,4345.0,0.9737592338677244,1.0005123933148936,129.0,129.0,0.5058823529411764
4217,1.0,1.0,4346.0,0.9734497064797236,1.0002028659268927,129.0,129.0,0.5058823529411764
4218,1.0,1.0,4347.0,0.9730720248443667,0.9998251842915358,130.0,129.0,0.5098039215686274
4219,1.0,1.0,4347.0,0.9725908961402452,1.0007521166109494,130.0,128.0,0.5098039215686274
4220,1.0,1.0,4348.0,0.9720737423442489,1.0002349628149532,130.0,128.0,0.5098039215686274
4221,1.0,1.0,4349.0,0.9714849036029671,0.9996461240736714,131.0,128.0,0.5137254901960784
4222,1.0,1.0,4349.0,0.9707867262119567,1.000430116181119,131.0,127.0,0.5137254901960784
4223,1.0,1.0,4350.0,0.9700496761307764,0.9996930660999388,132.0,127.0,0.5176470588235295
4224,1.0,1.0,4350.0,0.9691977052790262,1.0004012736676182,132.0,126.0,0.5176470588235295
4225,1.0,1.0,4351.0,0.9683046803318147,0.9995082487204067,133.0,126.0,0.5215686274509804
4226,0.0,1.0,4351.0,0.9672902423025203,1.000136103764196,133.0,125.0,0.5215686274509804
4227,1.0,1.0,4353.0,0.9689034195645181,1.0001069879531101,134.0,126.0,0.5254901960784314
4228,1.0,1.0,4355.0,0.9704347637201067,1.0000781536892691,134.0,127.0,0.5254901960784314
4229,1.0,1.0,4357.0,0.9718883046223272,1.0000495250930315,135.0,128.0,0.5294117647058824
4230,1.0,1.0,4359.0,0.9732678673788171,1.0000210268259861,135.0,129.0,0.5294117647058824
4231,1.0,1.0,4361.0,0.9745770824178828,0.9999925838926934,136.0,130.0,0.5333333333333333
4232,1.0,1.0,4363.0,0.9758193950422586,0.9999641214433287,136.0,131.0,0.5333333333333333
4233,1.0,1.0,4365.0,0.976998074495693,0.9999355645767095,137.0,132.0,0.5372549019607843
4234,1.0,1.0,4367.0,0.9781162225662214,0.9999068381431871,137.0,133.0,0.5372549019607843
4235,1.0,1.0,4368.0,0.9791502418964608,1.0009408574734266,138.0,133.0,0.5411764705882353
4236,1.0,1.0,4370.0,0.9801573301288544,1.000858414926972,138.0,134.0,0.5411764705882353
4237,1.0,1.0,4372.0,0.9811122008089554,1.000778231367167,138.0,135.0,0.5411764705882353
4238,1.0,1.0,4374.0,0.9820173667543435,1.0007000957846446,139.0,136.0,0.5450980392156862
4239,1.0,1.0,4376.0,0.9828752099806637,1.0006238025594496,139.0,137.0,0.5450980392156862
4240,1.0,1.0,4378.0,0.983687987970091,1.0005491509199378,140.0,138.0,0.5490196078431373
4241,1.0,1.0,4380.0,0.9844578396120712,1.0004759444144256,140.0,139.0,0.5490196078431373
4242,1.0,1.0,4382.0,0.9851867908319779,1.0004039903942146,141.0,140.0,0.5529411764705883
4243,1.0,1.0,4384.0,0.985876759922495,1.0003330995066197,141.0,141.0,0.5529411764705883
4244,1.0,1.0,4385.0,0.986511955511493,1.0009682950956178,142.0,141.0,0.5568627450980392
4245,1.0,1.0,4387.0,0.9871301900152711,1.0008637126201896,142.0,142.0,0.5568627450980392
4246,1.0,1.0,4389.0,0.9877145565980371,1.0007614030727097,143.0,143.0,0.5607843137254902
4247,1.0,1.0,4391.0,0.9882665930665873,1.0006610972175263,143.0,144.0,0.5607843137254902
4248,1.0,1.0,4393.0,0.9887877521484705,1.0005625310918624,143.0,145.0,0.5607843137254902
4249,1.0,1.0,4395.0,0.9892794053149551,1.0004654453111774,144.0,146.0,0.5647058823529412
4250,1.0,1.0,4396.0,0.9897292223670908,1.0009152623633133,144.0,146.0,0.5647058823529412
4251,1.0,1.0,4398.0,0.990166352133953,1.0007930901303643,145.0,147.0,0.5686274509803921
4252,1.0,1.0,4400.0,0.9905776038801151,1.0006730049767059,145.0,148.0,0.5686274509803921
4253,1.0,1.0,4402.0,0.9909640598470142,1.0005546908887755,146.0,149.0,0.5725490196078431
4254,1.0,1.0,4403.0,0.9913150561272555,1.0009056871690167,146.0,149.0,0.5725490196078431
4255,1.0,1.0,4405.0,0.9916554929728649,1.000766592462538,146.0,150.0,0.5725490196078431
4256,1.0,1.0,4407.0,0.9919739705894557,1.0006295151046452,147.0,151.0,0.5764705882352941
4257,1.0,1.0,4408.0,0.9922607850666733,1.0009163295818628,147.0,151.0,0.5764705882352941
4258,1.0,1.0,4410.0,0.9925383300407457,1.0007610973301757,148.0,152.0,0.5803921568627451
4259,1.0,1.0,4412.0,0.992796239041241,1.0006078679661996,148.0,153.0,0.5803921568627451
4260,1.0,1.0,4413.0,0.9930256766126211,1.0008373055375797,148.0,153.0,0.5803921568627451
4261,1.0,1.0,4415.0,0.9932467756102812,1.0006678230889918,149.0,154.0,0.5843137254901961
4262,1.0,1.0,4416.0,0.9934410645095477,1.0008621119882584,149.0,154.0,0.5843137254901961
4263,1.0,1.0,4418.0,0.9936276072156947,1.0006776023204698,149.0,155.0,0.5843137254901961
4264,1.0,1.0,4419.0,0.9937887939346468,1.000838789039422,150.0,155.0,0.5882352941176471
4265,1.0,1.0,4420.0,0.9939340872972426,1.0009840824020177,150.0,155.0,0.5882352941176471
4266,1.0,1.0,4422.0,0.9940724561869358,1.000769951536472,150.0,156.0,0.5882352941176471
4267,1.0,1.0,4423.0,0.9941870690712467,1.0008845644207829,151.0,156.0,0.592156862745098
4268,1.0,1.0,4424.0,0.9942868140955277,1.000984309445064,151.0,156.0,0.592156862745098
4269,1.0,1.0,4426.0,0.9943801109525596,1.0007427315346191,151.0,157.0,0.592156862745098
4270,1.0,1.0,4427.0,0.994450869282307,1.0008134898643664,152.0,157.0,0.596078431372549
4271,1.0,1.0,4428.0,0.9944992752909008,1.0008618958729603,152.0,157.0,0.596078431372549
4272,1.0,1.0,4429.0,0.9945413629140292,1.0009039834960887,152.0,157.0,0.596078431372549
4273,1.0,1.0,4430.0,0.9945694935630145,1.000932114145074,152.0,157.0,0.596078431372549
4274,1.0,1.0,4431.0,0.9945837412658806,1.00094636184794,153.0,157.0,0.6
4275,1.0,1.0,4432.0,0.9945841435165821,1.0009467640986416,153.0,157.0,0.6
4276,1.0,1.0,4433.0,0.9945707013736735,1.000933321955733,153.0,157.0,0.6
4277,1.0,1.0,4434.0,0.9945433794630948,1.0009060000451542,153.0,157.0,0.6
4278,1.0,1.0,4435.0,0.9945021058850811,1.0008647264671406,153.0,157.0,0.6
4279,1.0,1.0,4436.0,0.9944467720249534,1.0008093926070127,153.0,157.0,0.6
4280,1.0,1.0,4437.0,0.9943772322672904,1.0007398528493499,154.0,157.0,0.6039215686274509
4281,1.0,1.0,4437.0,0.9942851464068552,1.0009826417563914,154.0,156.0,0.6039215686274509
4282,1.0,1.0,4438.0,0.9941866079905164,1.0008841033400526,154.0,156.0,0.6039215686274509
4283,1.0,1.0,4439.0,0.9940732005007777,1.000770695850314,154.0,156.0,0.6039215686274509
4284,1.0,1.0,4439.0,0.9939360389643771,1.000986034069152,153.0,155.0,0.6
4285,1.0,1.0,4440.0,0.99379195809104,1.000841953195815,153.0,155.0,0.6
4286,1.0,1.0,4441.0,0.9936319921880741,1.0006819872928492,153.0,155.0,0.6
4287,1.0,1.0,4441.0,0.9934466818373142,1.0008677293160249,153.0,154.0,0.6
4288,1.0,1.0,4442.0,0.9932536400758762,1.0006746875545869,152.0,154.0,0.596078431372549
4289,1.0,1.0,4442.0,0.993033806280428,1.0008454352053866,152.0,153.0,0.596078431372549
4290,1.0,1.0,4443.0,0.9928056553051221,1.0006172842300807,151.0,153.0,0.592156862745098
4291,1.0,1.0,4443.0,0.9925490576803431,1.000771824969773,150.0,152.0,0.5882352941176471
4292,1.0,1.0,4443.0,0.9922728523126174,1.0009283968278069,148.0,151.0,0.5803921568627451
4293,1.0,1.0,4444.0,0.991987409197657,1.0006429537128465,147.0,151.0,0.5764705882352941
4294,1.0,1.0,4444.0,0.9916703383080818,1.0007814377977549,144.0,150.0,0.5647058823529412
4295,1.0,1.0,4444.0,0.9913313472561596,1.0009219782979208,140.0,149.0,0.5490196078431373
4296,1.0,1.0,4445.0,0.9909818396409973,1.0005724706827586,134.0,149.0,0.5254901960784314
4297,1.0,1.0,4445.0,0.9905969191281087,1.0006923202246993,121.0,148.0,0.4745098039215686
4298,1.0,1.0,4445.0,0.990187253665557,1.0008139916619683,122.0,147.0,0.47843137254901963
4299,1.0,1.0,4445.0,0.989751765186336,1.0009378051825584,123.0,146.0,0.4823529411764706
4300,1.0,1.0,4446.0,0.9893036487450497,1.0004896887412722,124.0,146.0,0.48627450980392156
4301,1.0,1.0,4446.0,0.9888137599879151,1.0005885389313072,125.0,145.0,0.49019607843137253
4302,1.0,1.0,4446.0,0.9882944337570645,1.0006889379080035,126.0,144.0,0.49411764705882355
4303,1.0,1.0,4446.0,0.9877443034045217,1.0007911498791944,127.0,143.0,0.4980392156862745
4304,1.0,1.0,4446.0,0.9871619212188331,1.0008954438237516,128.0,142.0,0.5019607843137255
4305,1.0,1.0,4447.0,0.986563361695562,1.0002968843004805,129.0,142.0,0.5058823529411764
4306,1.0,1.0,4447.0,0.9859127158715559,1.0003690554556808,130.0,141.0,0.5098039215686274
4307,1.0,1.0,4447.0,0.9852249982472119,1.0004421978094484,131.0,140.0,0.5137254901960784
4308,1.0,1.0,4447.0,0.9844983990393078,1.0005165038416621,132.0,139.0,0.5176470588235295
4309,1.0,1.0,4447.0,0.983731006144665,1.0005921690945117,133.0,138.0,0.5215686274509804
4310,1.0,1.0,4447.0,0.9829208001082976,1.0006693926870835,134.0,137.0,0.5254901960784314
4311,1.0,1.0,4447.0,0.9820656488090576,1.0007483778393587,135.0,136.0,0.5294117647058824
4312,1.0,1.0,4447.0,0.9811633018487886,1.0008293324070001,136.0,135.0,0.5333333333333333
4313,1.0,1.0,4447.0,0.980211384630227,1.0009124694283444,136.0,134.0,0.5333333333333333
4314,1.0,1.0,4447.0,0.9792073921080606,1.0009980076850264,136.0,133.0,0.5333333333333333
4315,1.0,1.0,4448.0,0.9781766188833421,0.9999672344603078,136.0,133.0,0.5333333333333333
4316,1.0,1.0,4448.0,0.9770618758560113,0.9999993659370279,137.0,132.0,0.5372549019607843
4317,1.0,1.0,4448.0,0.9758867693440911,1.0000314957451613,137.0,131.0,0.5372549019607843
4318,1.0,1.0,4448.0,0.9746482069620237,1.0000637084368342,137.0,130.0,0.5372549019607843
4319,0.0,1.0,4448.0,0.9733429293351197,1.0000960887822887,138.0,129.0,0.5411764705882353
4320,1.0,1.0,4450.0,0.9746659633682417,1.0000814648430523,138.0,130.0,0.5411764705882353
4321,1.0,1.0,4452.0,0.9759223288839116,1.0000670552849817,139.0,131.0,0.5450980392156862
4322,1.0,1.0,4454.0,0.9771153321071708,1.0000528221881875,139.0,132.0,0.5450980392156862
4323,1.0,1.0,4456.0,0.9782481125201858,1.0000387280971517,139.0,133.0,0.5450980392156862
4324,1.0,1.0,4458.0,0.9793236511240434,1.0000247359221608,140.0,134.0,0.5490196078431373
4325,1.0,1.0,4460.0,0.9803447782834905,1.0000108088417021,140.0,135.0,0.5490196078431373
4326,1.0,1.0,4461.0,0.9812902289585572,1.0009562595167687,140.0,135.0,0.5490196078431373
4327,1.0,1.0,4463.0,0.9822116562537311,1.0008943852840322,141.0,136.0,0.5529411764705883
4328,1.0,1.0,4465.0,0.9830862721179936,1.0008348646967795,141.0,137.0,0.5529411764705883
4329,1.0,1.0,4467.0,0.9839163781720405,1.000777541121887,141.0,138.0,0.5529411764705883
4330,1.0,1.0,4469.0,0.9847041589054875,1.0007222637078417,142.0,139.0,0.5568627450980392
4331,1.0,1.0,4471.0,0.9854516874255277,1.0006688869877642,142.0,140.0,0.5568627450980392
4332,1.0,1.0,4473.0,0.9861609309124773,1.000617270496602,142.0,141.0,0.5568627450980392
4333,1.0,1.0,4475.0,0.986833755796565,1.0005672784014834,142.0,142.0,0.5568627450980392
4334,1.0,1.0,4477.0,0.9874719326695909,1.0005187791442636,143.0,143.0,0.5607843137254902
4335,1.0,1.0,4479.0,0.9880771409443792,1.0004716450953182,143.0,144.0,0.5607843137254902
4336,1.0,1.0,4481.0,0.9886509732742841,1.000425752217676,143.0,145.0,0.5607843137254902
4337,1.0,1.0,4482.0,0.9891805986674662,1.0009553776108582,143.0,145.0,0.5607843137254902
4338,1.0,1.0,4484.0,0.9896968478223187,1.0008828878185412,142.0,146.0,0.5568627450980392
4339,1.0,1.0,4486.0,0.9901859834188089,1.0008127214152203,142.0,147.0,0.5568627450980392
4340,1.0,1.0,4488.0,0.9906492926558751,1.0007446937524658,143.0,148.0,0.5607843137254902
4341,1.0,1.0,4490.0,0.9910879947683513,1.0006786258101126,143.0,149.0,0.5607843137254902
4342,1.0,1.0,4492.0,0.9915032442354812,1.0006143437251542,143.0,150.0,0.5607843137254902
4343,1.0,1.0,4493.0,0.9918850369670775,1.0009961364567506,142.0,150.0,0.5568627450980392
4344,1.0,1.0,4495.0,0.9922571554295795,1.000912699944769,142.0,151.0,0.5568627450980392
4345,1.0,1.0,4497.0,0.9926088979853172,1.000831665274747,142.0,152.0,0.5568627450980392
4346,1.0,1.0,4499.0,0.9929411902725951,1.0007528191975537,141.0,153.0,0.5529411764705883
4347,1.0,1.0,4501.0,0.9932549067448011,1.0006759542235117,140.0,154.0,0.5490196078431373
4348,1.0,1.0,4502.0,0.9935418345163359,1.0009628819950465,140.0,154.0,0.5490196078431373
4349,1.0,1.0,4504.0,0.9938212812789797,1.0008712763837548,138.0,155.0,0.5411764705882353
4350,1.0,1.0,4506.0,0.9940844682555154,1.0007819636050517,136.0,156.0,0.5333333333333333
4351,1.0,1.0,4508.0,0.99433208804325,1.0006947086253095,135.0,157.0,0.5294117647058824
4352,1.0,1.0,4509.0,0.9945570429276227,1.0009196635096822,134.0,157.0,0.5254901960784314
4353,1.0,1.0,4511.0,0.9947758314466271,1.0008203209995836,133.0,158.0,0.5215686274509804
4354,1.0,1.0,4513.0,0.9949808721536487,1.0007231372289573,133.0,159.0,0.5215686274509804
4355,1.0,1.0,4514.0,0.9951657108451092,1.0009079759204178,132.0,159.0,0.5176470588235295
4356,1.0,1.0,4516.0,0.9953451896013057,1.000800341422849,129.0,160.0,0.5058823529411764
4357,1.0,1.0,4517.0,0.9955057747612859,1.0009609265828292,129.0,160.0,0.5058823529411764
4358,1.0,1.0,4519.0,0.9956615267971296,1.0008439210275957,130.0,161.0,0.5098039215686274
4359,1.0,1.0,4520.0,0.9957995499078202,1.0009819441382863,129.0,161.0,0.5058823529411764
4360,1.0,1.0,4522.0,0.9959331632976458,1.0008564378165885,130.0,162.0,0.5098039215686274
4361,1.0,1.0,4523.0,0.9960500781897348,1.0009733527086775,130.0,162.0,0.5098039215686274
4362,1.0,1.0,4525.0,0.9961629104411529,1.0008400212341486,131.0,163.0,0.5137254901960784
4363,1.0,1.0,4526.0,0.9962599486073749,1.0009370594003706,131.0,163.0,0.5137254901960784
4364,1.0,1.0,4528.0,0.9963531408289784,1.0007963960823243,132.0,164.0,0.5176470588235295
4365,1.0,1.0,4529.0,0.9964313243957241,1.00087457964907,132.0,164.0,0.5176470588235295
4366,1.0,1.0,4530.0,0.9965004015349344,1.0009436567882801,133.0,164.0,0.5215686274509804
4367,1.0,1.0,4532.0,0.9965605540285543,1.0007816465192327,133.0,165.0,0.5215686274509804
4368,1.0,1.0,4533.0,0.9966116553485651,1.0008327478392436,133.0,165.0,0.5215686274509804
4369,1.0,1.0,4534.0,0.9966541105549769,1.0008752030456554,134.0,165.0,0.5254901960784314
4370,1.0,1.0,4535.0,0.9966880313720168,1.0009091238626953,134.0,165.0,0.5254901960784314
4371,1.0,1.0,4536.0,0.9967135070649931,1.0009345995556715,135.0,165.0,0.5294117647058824
4372,1.0,1.0,4537.0,0.9967306046752027,1.0009516971658812,135.0,165.0,0.5294117647058824
4373,1.0,1.0,4538.0,0.9967393691963569,1.0009604616870353,136.0,165.0,0.5333333333333333
4374,1.0,1.0,4539.0,0.9967398236929852,1.0009609161836637,136.0,165.0,0.5333333333333333
4375,1.0,1.0,4540.0,0.9967319693611312,1.0009530618518097,137.0,165.0,0.5372549019607843
4376,1.0,1.0,4541.0,0.9967157855315005,1.000936878022179,137.0,165.0,0.5372549019607843
4377,1.0,1.0,4542.0,0.9966912296150678,1.0009123221057463,138.0,165.0,0.5411764705882353
4378,1.0,1.0,4543.0,0.9966582369910005,1.0008793294816791,138.0,165.0,0.5411764705882353
4379,1.0,1.0,4544.0,0.9966167208366036,1.0008378133272822,139.0,165.0,0.5450980392156862
4380,1.0,1.0,4545.0,0.996566571898839,1.0007876643895175,139.0,165.0,0.5450980392156862
4381,1.0,1.0,4545.0,0.9965022465497789,1.0009455018031248,140.0,164.0,0.5490196078431373
4382,1.0,1.0,4546.0,0.9964344130674702,1.000877668320816,140.0,164.0,0.5490196078431373
4383,1.0,1.0,4547.0,0.9963574812857093,1.0008007365390552,141.0,164.0,0.5529411764705883
4384,1.0,1.0,4547.0,0.9962655522713453,1.000942663064341,141.0,163.0,0.5529411764705883
4385,1.0,1.0,4548.0,0.996169792058847,1.0008469028518427,141.0,163.0,0.5529411764705883
4386,1.0,1.0,4548.0,0.9960582558706725,1.0009815303896152,142.0,162.0,0.5568627450980392
4387,1.0,1.0,4549.0,0.9959426585620406,1.0008659330809833,142.0,162.0,0.5568627450980392
4388,1.0,1.0,4549.0,0.9958103877432095,1.0009927819736757,143.0,161.0,0.5607843137254902
4389,1.0,1.0,4550.0,0.9956737357241332,1.0008561299545993,143.0,161.0,0.5607843137254902
4390,1.0,1.0,4550.0,0.9955193869086589,1.0009745387302023,144.0,160.0,0.5647058823529412
4391,1.0,1.0,4551.0,0.9953602407904887,1.000815392612032,144.0,160.0,0.5647058823529412
4392,1.0,1.0,4551.0,0.9951822406844946,1.0009245057598033,145.0,159.0,0.5686274509803921
4393,1.0,1.0,4552.0,0.994998924142814,1.0007411892181226,145.0,159.0,0.5686274509803921
4394,1.0,1.0,4552.0,0.9947954530908069,1.0008399426437633,146.0,158.0,0.5725490196078431
4395,1.0,1.0,4552.0,0.9945782858627228,1.0009409064447823,146.0,157.0,0.5725490196078431
4396,1.0,1.0,4553.0,0.994355008171731,1.0007176287537904,146.0,157.0,0.5725490196078431
4397,1.0,1.0,4553.0,0.9941091258935051,1.0008066212430413,147.0,156.0,0.5764705882352941
4398,1.0,1.0,4553.0,0.993847741314999,1.000897736419774,147.0,155.0,0.5764705882352941
4399,1.0,1.0,4553.0,0.9935701665820587,1.0009912140607693,148.0,154.0,0.5803921568627451
4400,1.0,1.0,4554.0,0.9932851853982947,1.0007062328770053,148.0,154.0,0.5803921568627451
4401,1.0,1.0,4554.0,0.9929734951945269,1.0007851241194854,149.0,153.0,0.5843137254901961
4402,1.0,1.0,4554.0,0.9926433141886395,1.0008660814780694,149.0,152.0,0.5843137254901961
4403,1.0,1.0,4554.0,0.9922937734832484,1.000949317998438,149.0,151.0,0.5843137254901961
4404,1.0,1.0,4555.0,0.9919350500863349,1.0005905946015243,150.0,151.0,0.5882352941176471
4405,1.0,1.0,4555.0,0.9915445611276716,1.0006556606173447,150.0,150.0,0.5882352941176471
4406,1.0,1.0,4555.0,0.9911318210140809,1.0007224520558422,151.0,149.0,0.592156862745098
4407,1.0,1.0,4555.0,0.9906957435873696,1.0007911446839604,151.0,148.0,0.592156862745098
4408,1.0,1.0,4555.0,0.9902351812753617,1.000861919271773,151.0,147.0,0.592156862745098
4409,1.0,1.0,4555.0,0.9897489220719733,1.0009349620681958,152.0,146.0,0.596078431372549
4410,1.0,1.0,4556.0,0.9892500274246399,1.0004360674208623,152.0,146.0,0.596078431372549
4411,1.0,1.0,4556.0,0.9887092193527199,1.000483998296112,153.0,145.0,0.6
4412,1.0,1.0,4556.0,0.9881386987001493,1.0005332028510883,153.0,144.0,0.6
4413,1.0,1.0,4556.0,0.9875369640967895,1.0005838105714622,153.0,143.0,0.6
4414,1.0,1.0,4556.0,0.9869024320305266,1.000635954635445,154.0,142.0,0.6039215686274509
4415,1.0,1.0,4556.0,0.9862334326801336,1.0006897722642585,154.0,141.0,0.6039215686274509
4416,1.0,1.0,4556.0,0.9855282055210041,1.0007454050832407,154.0,140.0,0.6039215686274509
4417,1.0,1.0,4556.0,0.9847848946921929,1.000802999494547,155.0,139.0,0.6078431372549019
4418,1.0,1.0,4556.0,0.9840015441125718,1.0008627070624185,155.0,138.0,0.6078431372549019
4419,1.0,1.0,4556.0,0.9831760923332469,1.0009246849120328,155.0,137.0,0.6078431372549019
4420,1.0,1.0,4556.0,0.9823063671126937,1.0009890961429948,155.0,136.0,0.6078431372549019
4421,1.0,1.0,4557.0,0.9814140319170372,1.0000967609473383,156.0,136.0,0.611764705882353
4422,1.0,1.0,4557.0,0.980450031673187,1.0001160622313985,156.0,135.0,0.611764705882353
4423,1.0,1.0,4557.0,0.9794345841442662,1.0001356689423837,156.0,134.0,0.611764705882353
4424,1.0,1.0,4557.0,0.9783650170999356,1.0001556326769014,156.0,133.0,0.611764705882353
4425,1.0,1.0,4557.0,0.9772385158900785,1.0001760059710951,157.0,132.0,0.615686274509804
4426,1.0,1.0,4557.0,0.9760521160378269,1.000196842438897,157.0,131.0,0.615686274509804
4427,1.0,1.0,4557.0,0.9748026954383064,1.000218196913117,157.0,130.0,0.615686274509804
4428,0.0,1.0,4557.0,0.9734869661425709,1.00024012558974,157.0,129.0,0.615686274509804
4429,1.0,1.0,4559.0,0.9747999275510917,1.0002154290259022,157.0,130.0,0.615686274509804
4430,1.0,1.0,4561.0,0.9760465729794837,1.0001912993805537,157.0,131.0,0.615686274509804
4431,1.0,1.0,4563.0,0.9772301830736112,1.0001676731546278,157.0,132.0,0.615686274509804
4432,1.0,1.0,4565.0,0.9783538725968799,1.0001444881738457,157.0,133.0,0.615686274509804
4433,1.0,1.0,4567.0,0.9794205986269824,1.0001216834250999,157.0,134.0,0.615686274509804
4434,1.0,1.0,4569.0,0.9804331683376822,1.0000991988958938,157.0,135.0,0.615686274509804
4435,1.0,1.0,4571.0,0.9813942463861128,1.0000769754164138,157.0,136.0,0.615686274509804
4436,1.0,1.0,4572.0,0.982283607319163,1.000966336349464,157.0,136.0,0.615686274509804
4437,1.0,1.0,4574.0,0.9831502983829163,1.0008988909617023,156.0,137.0,0.611764705882353
4438,1.0,1.0,4576.0,0.9839726481266248,1.0008338110764714,156.0,138.0,0.611764705882353
4439,1.0,1.0,4578.0,0.9847528206285612,1.0007709254309154,155.0,139.0,0.6078431372549019
4440,1.0,1.0,4580.0,0.985492868974257,1.0007100685364936,155.0,140.0,0.6078431372549019
4441,1.0,1.0,4582.0,0.9861947406593587,1.0006510802434836,154.0,141.0,0.6039215686274509
4442,1.0,1.0,4584.0,0.9868602827146167,1.0005938053195351,153.0,142.0,0.6
4443,1.0,1.0,4586.0,0.987491246566492,1.0005380930411647,151.0,143.0,0.592156862745098
4444,1.0,1.0,4588.0,0.988089292646174,1.000483796797113,149.0,144.0,0.5843137254901961
4445,1.0,1.0,4590.0,0.9886559947591352,1.0004307737025273,146.0,145.0,0.5725490196078431
4446,1.0,1.0,4591.0,0.9891785031498076,1.0009532820931997,142.0,145.0,0.5568627450980392
4447,1.0,1.0,4593.0,0.9896876297876303,1.0008736697838527,133.0,146.0,0.5215686274509804
4448,1.0,1.0,4595.0,0.9901696186091046,1.0007963566055158,129.0,147.0,0.5058823529411764
4449,1.0,1.0,4597.0,0.9906257380058661,1.0007211391024569,130.0,148.0,0.5098039215686274
4450,1.0,1.0,4599.0,0.9910571882921164,1.0006478193338777,130.0,149.0,0.5098039215686274
4451,1.0,1.0,4601.0,0.9914651048633463,1.0005762043530193,131.0,150.0,0.5137254901960784
4452,1.0,1.0,4602.0,0.9918394643322739,1.000950563821947,131.0,150.0,0.5137254901960784
4453,1.0,1.0,4604.0,0.9922040296041208,1.0008595741193103,132.0,151.0,0.5176470588235295
4454,1.0,1.0,4606.0,0.9925480791643995,1.0007708464538294,132.0,152.0,0.5176470588235295
4455,1.0,1.0,4608.0,0.9928725184066898,1.0006841473316483,133.0,153.0,0.5215686274509804
4456,1.0,1.0,4609.0,0.993168686955037,1.0009803158799955,133.0,153.0,0.5215686274509804
4457,1.0,1.0,4611.0,0.9934568932726706,1.0008779407513813,134.0,154.0,0.5254901960784314
4458,1.0,1.0,4613.0,0.99372788088839,1.0007778759931651,134.0,155.0,0.5254901960784314
4459,1.0,1.0,4615.0,0.9939823629275,1.0006798582770362,135.0,156.0,0.5294117647058824
4460,1.0,1.0,4616.0,0.9942128518737027,1.000910347223239,135.0,156.0,0.5294117647058824
4461,1.0,1.0,4618.0,0.9944366980152302,1.0007993185972897,135.0,157.0,0.5294117647058824
4462,1.0,1.0,4620.0,0.9946459038883768,1.0006903934413334,136.0,158.0,0.5333333333333333
4463,1.0,1.0,4621.0,0.9948336581566122,1.0008781477095687,136.0,158.0,0.5333333333333333
4464,1.0,1.0,4623.0,0.9950155661339983,1.000757831209307,137.0,159.0,0.5372549019607843
4465,1.0,1.0,4624.0,0.9951773633957715,1.0009196284710802,137.0,159.0,0.5372549019607843
4466,1.0,1.0,4626.0,0.9953338313868878,1.0007889832084311,138.0,160.0,0.5411764705882353
4467,1.0,1.0,4627.0,0.9954713758917497,1.000926527713293,138.0,160.0,0.5411764705882353
4468,1.0,1.0,4629.0,0.9956039967491346,1.0007863909796006,139.0,161.0,0.5450980392156862
4469,1.0,1.0,4630.0,0.9957187372865028,1.000901131516969,139.0,161.0,0.5450980392156862
4470,1.0,1.0,4632.0,0.9958288554382134,1.0007521299571562,140.0,162.0,0.5490196078431373
4471,1.0,1.0,4633.0,0.9959220005978204,1.0008452751167631,140.0,162.0,0.5490196078431373
4472,1.0,1.0,4634.0,0.9960047297745735,1.0009280042935162,141.0,162.0,0.5529411764705883
4473,1.0,1.0,4636.0,0.9960832569727213,1.0007603677657169,141.0,163.0,0.5529411764705883
4474,1.0,1.0,4637.0,0.9961457804712821,1.0008228912642778,142.0,163.0,0.5568627450980392
4475,1.0,1.0,4638.0,0.9961984611016672,1.000875571894663,142.0,163.0,0.5568627450980392
4476,1.0,1.0,4639.0,0.9962414374971141,1.0009185482901097,143.0,163.0,0.5607843137254902
4477,1.0,1.0,4640.0,0.9962748227534006,1.0009519335463963,143.0,163.0,0.5607843137254902
4478,1.0,1.0,4641.0,0.9962987047264641,1.0009758155194597,144.0,163.0,0.5647058823529412
4479,1.0,1.0,4642.0,0.9963131462636021,1.0009902570565978,144.0,163.0,0.5647058823529412
4480,1.0,1.0,4643.0,0.99631818536886,1.0009952961618556,145.0,163.0,0.5686274509803921
4481,1.0,1.0,4644.0,0.9963138353030407,1.0009909460960364,145.0,163.0,0.5686274509803921
4482,1.0,1.0,4645.0,0.996300084618603,1.0009771954115987,145.0,163.0,0.5686274509803921
4483,1.0,1.0,4646.0,0.9962768971295348,1.0009540079225305,146.0,163.0,0.5725490196078431
4484,1.0,1.0,4647.0,0.9962442118161283,1.000921322609124,146.0,163.0,0.5725490196078431
4485,1.0,1.0,4648.0,0.9962019426644008,1.0008790534573964,147.0,163.0,0.5764705882352941
4486,1.0,1.0,4649.0,0.9961499784397424,1.000827089232738,147.0,163.0,0.5764705882352941
4487,1.0,1.0,4650.0,0.9960881823941936,1.0007652931871893,148.0,163.0,0.5803921568627451
4488,1.0,1.0,4650.0,0.9960103956106934,1.000933670129636,148.0,162.0,0.5803921568627451
4489,1.0,1.0,4651.0,0.9959284217586828,1.0008516962776255,149.0,162.0,0.5843137254901961
4490,1.0,1.0,4652.0,0.99583604882161,1.0007593233405527,149.0,162.0,0.5843137254901961
4491,1.0,1.0,4652.0,0.9957267218223902,1.0009091160528563,150.0,161.0,0.5882352941176471
4492,1.0,1.0,4653.0,0.995612793449449,1.000795187679915,150.0,161.0,0.5882352941176471
4493,1.0,1.0,4653.0,0.9954810079057028,1.0009361597272461,150.0,160.0,0.5882352941176471
4494,1.0,1.0,4654.0,0.9953443240618844,1.0007994758834278,151.0,160.0,0.592156862745098
4495,1.0,1.0,4654.0,0.9951887443441145,1.0009310094194233,151.0,159.0,0.592156862745098
4496,1.0,1.0,4655.0,0.9950278653055515,1.0007701303808603,152.0,159.0,0.596078431372549
4497,1.0,1.0,4655.0,0.9948469079176168,1.0008913974705733,152.0,158.0,0.596078431372549
4498,1.0,1.0,4656.0,0.9946601391066248,1.0007046286595813,153.0,158.0,0.6
4499,1.0,1.0,4656.0,0.9944519561518221,1.0008145767338816,153.0,157.0,0.6
4500,1.0,1.0,4656.0,0.9942291730816297,1.000926668431166,154.0,156.0,0.6039215686274509
4501,1.0,1.0,4657.0,0.9939997901573093,1.0006972855068457,154.0,156.0,0.6039215686274509
4502,1.0,1.0,4657.0,0.9937464600012127,1.0007964551059878,154.0,155.0,0.6039215686274509
4503,1.0,1.0,4657.0,0.9934766731609088,1.0008977206396195,155.0,154.0,0.6078431372549019
4504,1.0,1.0,4658.0,0.9931992338344626,1.0006202813131733,155.0,154.0,0.6078431372549019
4505,1.0,1.0,4658.0,0.9928948592996865,1.000706488224645,156.0,153.0,0.611764705882353
4506,1.0,1.0,4658.0,0.9925717870262254,1.0007945543156553,156.0,152.0,0.611764705882353
4507,1.0,1.0,4658.0,0.9922291668238861,1.0008847113390755,157.0,151.0,0.615686274509804
4508,1.0,1.0,4658.0,0.9918660970605568,1.0009771965502299,157.0,150.0,0.615686274509804
4509,1.0,1.0,4659.0,0.9914933031862739,1.000604402675947,157.0,150.0,0.615686274509804
4510,1.0,1.0,4659.0,0.9910870264158018,1.000677657457563,158.0,149.0,0.6196078431372549
4511,1.0,1.0,4659.0,0.990657294451687,1.0007526955482777,158.0,148.0,0.6196078431372549
4512,1.0,1.0,4659.0,0.9902029764203399,1.0008297144167513,159.0,147.0,0.6235294117647059
4513,1.0,1.0,4659.0,0.9897228767479938,1.0009089167442162,159.0,146.0,0.6235294117647059
4514,1.0,1.0,4659.0,0.9892157320144579,1.0009905109578499,159.0,145.0,0.6235294117647059
4515,1.0,1.0,4660.0,0.988695303498769,1.000470082442161,160.0,145.0,0.6274509803921569
4516,1.0,1.0,4660.0,0.9881307847048426,1.0005252888557816,160.0,144.0,0.6274509803921569
4517,1.0,1.0,4660.0,0.9875350311338238,1.0005818776084965,160.0,143.0,0.6274509803921569
4518,1.0,1.0,4660.0,0.9869064750131571,1.0006399976180755,161.0,142.0,0.6313725490196078
4519,1.0,1.0,4660.0,0.9862434622477882,1.000699801831913,161.0,141.0,0.6313725490196078
4520,1.0,1.0,4660.0,0.985544248067282,1.0007614476295186,161.0,140.0,0.6313725490196078
4521,1.0,1.0,4660.0,0.9848069924343211,1.0008250972366755,162.0,139.0,0.6352941176470588
4522,1.0,1.0,4660.0,0.9840297552025032,1.00089091815235,162.0,138.0,0.6352941176470588
4523,1.0,1.0,4660.0,0.9832104910106918,1.0009590835894777,162.0,137.0,0.6352941176470588
4524,1.0,1.0,4661.0,0.982369798506358,1.0001183910851439,163.0,137.0,0.6392156862745098
4525,1.0,1.0,4661.0,0.9814610938593586,1.0001438228896598,163.0,136.0,0.6392156862745098
4526,1.0,1.0,4661.0,0.9805036026172526,1.0001696331754641,163.0,135.0,0.6392156862745098
4527,1.0,1.0,4661.0,0.9794948050662444,1.000195889864362,164.0,134.0,0.6431372549019608
4528,1.0,1.0,4661.0,0.978432046475937,1.0002226620529027,164.0,133.0,0.6431372549019608
4529,1.0,1.0,4661.0,0.9773125301131977,1.0002500201942144,164.0,132.0,0.6431372549019608
4530,1.0,1.0,4661.0,0.9761333098823354,1.0002780362834054,164.0,131.0,0.6431372549019608
4531,1.0,1.0,4661.0,0.9748912825722159,1.0003067840470266,165.0,130.0,0.6470588235294118
4532,0.0,1.0,4661.0,0.9735831796899181,1.0003363391370872,165.0,129.0,0.6470588235294118
4533,1.0,1.0,4663.0,0.9749040207054223,1.0003195221802328,165.0,130.0,0.6470588235294118
4534,1.0,1.0,4665.0,0.9761588196701512,1.0003035460712213,165.0,131.0,0.6470588235294118
4535,1.0,1.0,4667.0,0.9773508786866436,1.0002883687676603,165.0,132.0,0.6470588235294118
4536,1.0,1.0,4669.0,0.9784833347523114,1.0002739503292772,165.0,133.0,0.6470588235294118
4537,1.0,1.0,4671.0,0.9795591680146958,1.0002602528128133,165.0,134.0,0.6470588235294118
4538,1.0,1.0,4673.0,0.980581209613961,1.0002472401721725,165.0,135.0,0.6470588235294118
4539,1.0,1.0,4675.0,0.981552149133263,1.0002348781635642,165.0,136.0,0.6470588235294118
4540,1.0,1.0,4677.0,0.9824745416765999,1.0002231342553858,165.0,137.0,0.6470588235294118
4541,1.0,1.0,4679.0,0.9833508145927699,1.0002119775426166,165.0,138.0,0.6470588235294118
4542,1.0,1.0,4681.0,0.9841832738631313,1.0002013786654855,165.0,139.0,0.6470588235294118
4543,1.0,1.0,4682.0,0.9849546009397668,1.0009727057421212,165.0,139.0,0.6470588235294118
4544,1.0,1.0,4684.0,0.9857068708927785,1.000924070455015,165.0,140.0,0.6470588235294118
4545,1.0,1.0,4686.0,0.9864215273481396,1.0008778669322644,164.0,141.0,0.6431372549019608
4546,1.0,1.0,4688.0,0.9871004509807326,1.000833973585651,164.0,142.0,0.6431372549019608
4547,1.0,1.0,4690.0,0.987745428431696,1.0007922749063687,163.0,143.0,0.6392156862745098
4548,1.0,1.0,4692.0,0.9883581570101112,1.0007526611610502,162.0,144.0,0.6352941176470588
4549,1.0,1.0,4694.0,0.9889251532891654,1.0006999322325574,161.0,145.0,0.6313725490196078
4550,1.0,1.0,4696.0,0.9894773463116883,1.0006633863079106,160.0,146.0,0.6274509803921569
4551,1.0,1.0,4698.0,0.9900018481402946,1.000628586136706,159.0,147.0,0.6235294117647059
4552,1.0,1.0,4700.0,0.9905000390429544,1.0005954401395452,157.0,148.0,0.615686274509804
4553,1.0,1.0,4702.0,0.9909732300483586,1.0005638610901197,154.0,149.0,0.6039215686274509
4554,1.0,1.0,4704.0,0.9914226663959953,1.0005337658856683,151.0,150.0,0.592156862745098
4555,1.0,1.0,4705.0,0.9918384339611528,1.0009495334508258,146.0,150.0,0.5725490196078431
4556,1.0,1.0,4707.0,0.9922444046177264,1.000899949132916,136.0,151.0,0.5333333333333333
4557,1.0,1.0,4709.0,0.9926299658127677,1.0008527331021977,129.0,152.0,0.5058823529411764
4558,1.0,1.0,4711.0,0.9929961321810007,1.0008077611059591,130.0,153.0,0.5098039215686274
4559,1.0,1.0,4713.0,0.993343867318131,1.0007649147968416,130.0,154.0,0.5098039215686274
4560,1.0,1.0,4715.0,0.9936740863166247,1.0007240814213998,131.0,155.0,0.5137254901960784
4561,1.0,1.0,4717.0,0.9939876581738463,1.0006851535233825,131.0,156.0,0.5137254901960784
4562,1.0,1.0,4718.0,0.9942772508730193,1.0009747462225556,132.0,156.0,0.5176470588235295
4563,1.0,1.0,4720.0,0.9945603702385684,1.0009229908206279,132.0,157.0,0.5176470588235295
4564,1.0,1.0,4722.0,0.9948291747889555,1.000873664341912,133.0,158.0,0.5215686274509804
4565,1.0,1.0,4724.0,0.9950843719045769,1.0008266369798855,133.0,159.0,0.5215686274509804
4566,1.0,1.0,4726.0,0.9953266331567892,1.0007817849783325,134.0,160.0,0.5254901960784314
4567,1.0,1.0,4728.0,0.9955565960752036,1.0007389903056698,134.0,161.0,0.5254901960784314
4568,1.0,1.0,4729.0,0.995768553934986,1.0009509481654522,135.0,161.0,0.5294117647058824
4569,1.0,1.0,4731.0,0.995976020505554,1.0008992950244968,135.0,162.0,0.5294117647058824
4570,1.0,1.0,4733.0,0.9961728976563997,1.0008500084493954,136.0,163.0,0.5333333333333333
4571,1.0,1.0,4735.0,0.9963597034852887,1.0008029587386345,136.0,164.0,0.5333333333333333
4572,1.0,1.0,4736.0,0.996531517929468,1.0009747731828138,136.0,164.0,0.5333333333333333
4573,1.0,1.0,4738.0,0.9966999012703452,1.0009209937610237,137.0,165.0,0.5372549019607843
4574,1.0,1.0,4740.0,0.9968596001408814,1.000869638007026,137.0,166.0,0.5372549019607843
4575,1.0,1.0,4742.0,0.9970110348012617,1.0008205707740991,138.0,167.0,0.5411764705882353
4576,1.0,1.0,4743.0,0.9971499639442968,1.0009594999171343,138.0,167.0,0.5411764705882353
4577,1.0,1.0,4745.0,0.9972862770129263,1.0009053361871219,139.0,168.0,0.5450980392156862
4578,1.0,1.0,4747.0,0.9974154487052739,1.0008535549207596,139.0,169.0,0.5450980392156862
4579,1.0,1.0,4748.0,0.9975336315097887,1.0009717377252745,140.0,169.0,0.5490196078431373
4580,1.0,1.0,4750.0,0.9976497316993895,1.000915932604101,140.0,170.0,0.5490196078431373
4581,1.0,1.0,4752.0,0.9977596469724099,1.0008625378318858,141.0,171.0,0.5529411764705883
4582,1.0,1.0,4753.0,0.9978598874176239,1.0009627782770998,141.0,171.0,0.5529411764705883
4583,1.0,1.0,4755.0,0.9979584740528256,1.0009062203693277,142.0,172.0,0.5568627450980392
4584,1.0,1.0,4756.0,0.9980480980474773,1.0009958443639795,142.0,172.0,0.5568627450980392
4585,1.0,1.0,4758.0,0.9981363646199876,1.0009367236206645,143.0,173.0,0.5607843137254902
4586,1.0,1.0,4760.0,0.9982197268888662,1.0008800679395093,143.0,174.0,0.5607843137254902
4587,1.0,1.0,4761.0,0.998295164069533,1.0009555051201762,144.0,174.0,0.5647058823529412
4588,1.0,1.0,4763.0,0.9983695255335112,1.0008968495316222,144.0,175.0,0.5647058823529412
4589,1.0,1.0,4764.0,0.9984365181241858,1.0009638421222968,145.0,175.0,0.5686274509803921
4590,1.0,1.0,4766.0,0.9985026364478433,1.0009035942460487,145.0,176.0,0.5686274509803921
4591,1.0,1.0,4767.0,0.9985618900976283,1.0009628478958337,145.0,176.0,0.5686274509803921
4592,1.0,1.0,4769.0,0.9986204373986936,1.0009013473069888,146.0,177.0,0.5725490196078431
4593,1.0,1.0,4770.0,0.9986725762405619,1.0009534861488572,146.0,177.0,0.5725490196078431
4594,1.0,1.0,4772.0,0.9987241461054831,1.0008910105183635,147.0,178.0,0.5764705882352941
4595,1.0,1.0,4773.0,0.9987697193304219,1.0009365837433024,147.0,178.0,0.5764705882352941
4596,1.0,1.0,4774.0,0.9988121938762161,1.0009790582890965,148.0,178.0,0.5803921568627451
4597,1.0,1.0,4776.0,0.99885432064772,1.0009128418399564,148.0,179.0,0.5803921568627451
4598,1.0,1.0,4777.0,0.998890925300313,1.0009494464925495,149.0,179.0,0.5843137254901961
4599,1.0,1.0,4778.0,0.9989247432917618,1.0009832644839982,149.0,179.0,0.5843137254901961
4600,1.0,1.0,4780.0,0.998958370790028,1.0009139659226527,150.0,180.0,0.5882352941176471
4601,1.0,1.0,4781.0,0.9989868753442097,1.0009424704768344,150.0,180.0,0.5882352941176471
4602,1.0,0.0,4778.0,0.9990019905617873,1.0014029483599927,150.0,176.0,0.5882352941176471
4603,1.0,0.0,4772.0,0.9990002180523373,1.002438324267823,151.0,169.0,0.592156862745098
4604,1.0,0.0,4769.0,0.9990022260582883,1.0032233185489667,151.0,165.0,0.592156862745098
4605,1.0,0.0,4767.0,0.9990038472347709,1.0039271217537136,152.0,162.0,0.596078431372549
4606,1.0,0.0,4765.0,0.9990003172151876,1.0047425822904963,152.0,159.0,0.596078431372549
4607,1.0,0.0,4765.0,0.9990071124370099,1.0050516019899665,153.0,158.0,0.6
4608,1.0,0.0,4764.0,0.9990031375909499,1.0057006329404863,153.0,156.0,0.6
4609,1.0,0.0,4764.0,0.9990042887683417,1.0060542838731168,153.0,155.0,0.6
4610,1.0,0.0,4764.0,0.9990028196530185,1.0064238671317292,154.0,154.0,0.6039215686274509
4611,1.0,0.0,4765.0,0.9990082405423217,1.0064292880210324,154.0,154.0,0.6039215686274509
4612,1.0,0.0,4765.0,0.9990020130830526,1.0068136420080112,155.0,153.0,0.6078431372549019
4613,1.0,0.0,4766.0,0.9990031742513015,1.00681480317626,155.0,153.0,0.6078431372549019
4614,1.0,0.0,4767.0,0.9990022129393397,1.0068138418642982,156.0,153.0,0.611764705882353
4615,1.0,0.0,4769.0,0.9990086407808332,1.0064296882595438,156.0,154.0,0.611764705882353
4616,1.0,0.0,4770.0,0.9990034213270138,1.0064244688057244,156.0,154.0,0.611764705882353
4617,1.0,0.0,4772.0,0.9990050934611734,1.0060550885659485,157.0,155.0,0.615686274509804
4618,1.0,0.0,4774.0,0.9990041474202307,1.005701642769767,157.0,156.0,0.615686274509804
4619,1.0,0.0,4776.0,0.9990005807146045,1.005363201296664,158.0,157.0,0.6196078431372549
4620,1.0,0.0,4779.0,0.999001745836529,1.0047440109118377,158.0,159.0,0.6196078431372549
4621,1.0,0.0,4783.0,0.9990054906138082,1.0039287651327509,158.0,162.0,0.6196078431372549
4622,1.0,0.0,4787.0,0.9990040885197031,1.0032251810103816,159.0,165.0,0.6235294117647059
4623,1.0,0.0,4792.0,0.9990023044973442,1.00244041071283,159.0,169.0,0.6235294117647059
4624,1.0,0.0,4799.0,0.9990012283300074,1.0015285523281183,159.0,175.0,0.6235294117647059
4625,1.0,1.0,4805.0,0.9989894268322143,1.0009450219648388,160.0,180.0,0.6274509803921569
4626,1.0,1.0,4806.0,0.9989611645612356,1.0009167596938602,160.0,180.0,0.6274509803921569
4627,1.0,1.0,4806.0,0.998927786698202,1.0009863078904384,160.0,179.0,0.6274509803921569
4628,1.0,1.0,4807.0,0.9988942263509499,1.0009527475431863,161.0,179.0,0.6313725490196078
4629,1.0,1.0,4808.0,0.9988578880295291,1.0009164092217655,161.0,179.0,0.6313725490196078
4630,1.0,1.0,4808.0,0.9988160369770444,1.0009829013899247,161.0,178.0,0.6313725490196078
4631,1.0,1.0,4809.0,0.9987738482636923,1.0009407126765728,162.0,178.0,0.6352941176470588
4632,1.0,1.0,4810.0,0.9987285717368097,1.0008954361496902,162.0,178.0,0.6352941176470588
4633,1.0,1.0,4810.0,0.9986773102163431,1.0009582201246383,162.0,177.0,0.6352941176470588
4634,1.0,1.0,4811.0,0.99862549217676,1.000906402085055,162.0,177.0,0.6352941176470588
4635,1.0,1.0,4811.0,0.9985672789800278,1.0009682367782333,163.0,176.0,0.6392156862745098
4636,1.0,1.0,4812.0,0.9985083736158453,1.0009093314140507,163.0,176.0,0.6392156862745098
4637,1.0,1.0,4812.0,0.9984426186756006,1.0009699426737115,163.0,175.0,0.6392156862745098
4638,1.0,1.0,4813.0,0.9983760055224216,1.0009033295205325,163.0,175.0,0.6392156862745098
4639,1.0,1.0,4813.0,0.9983020405485414,1.0009623815991846,163.0,174.0,0.6392156862745098
4640,1.0,1.0,4814.0,0.9982270179539701,1.0008873590046132,163.0,174.0,0.6392156862745098
4641,1.0,1.0,4814.0,0.9981440894582003,1.0009444484588774,163.0,173.0,0.6392156862745098
4642,1.0,1.0,4815.0,0.9980598671911676,1.0008602261918447,163.0,173.0,0.6392156862745098
4643,1.0,1.0,4815.0,0.9979671286178253,1.0009148749343275,163.0,172.0,0.6392156862745098
4644,1.0,1.0,4815.0,0.9978690403829511,1.000971931242427,163.0,171.0,0.6392156862745098
4645,1.0,1.0,4816.0,0.9977693224248154,1.0008722132842913,163.0,171.0,0.6392156862745098
4646,1.0,1.0,4816.0,0.9976599551005901,1.0009261560053015,163.0,170.0,0.6392156862745098
4647,1.0,1.0,4816.0,0.9975444297634717,1.0009825359789575,163.0,169.0,0.6392156862745098
4648,1.0,1.0,4817.0,0.9974268502278965,1.0008649564433822,163.0,169.0,0.6392156862745098
4649,1.0,1.0,4817.0,0.9972983118084953,1.0009173709826908,163.0,168.0,0.6392156862745098
4650,1.0,1.0,4817.0,0.997162663683327,1.0009721996561645,162.0,167.0,0.6352941176470588
4651,1.0,1.0,4818.0,0.997024432904119,1.0008339688769565,162.0,167.0,0.6352941176470588
4652,1.0,1.0,4818.0,0.996873731865731,1.0008837697318758,161.0,166.0,0.6313725490196078
4653,1.0,1.0,4818.0,0.996714803805937,1.0009358962966155,160.0,165.0,0.6274509803921569
4654,1.0,1.0,4818.0,0.9965472304930008,1.0009904857463465,159.0,164.0,0.6235294117647059
4655,1.0,1.0,4819.0,0.9963762674256137,1.0008195226789596,158.0,164.0,0.6196078431372549
4656,1.0,1.0,4819.0,0.9961903565628337,1.0008674673558293,156.0,163.0,0.611764705882353
4657,1.0,1.0,4819.0,0.9959944203225876,1.0009176948415304,154.0,162.0,0.6039215686274509
4658,1.0,1.0,4819.0,0.9957879430831903,1.0009703373136565,150.0,161.0,0.5882352941176471
4659,1.0,1.0,4820.0,0.9955770255786529,1.000759419809119,145.0,161.0,0.5686274509803921
4660,1.0,1.0,4820.0,0.9953481567773346,1.000803308598878,137.0,160.0,0.5372549019607843
4661,1.0,1.0,4820.0,0.9951070462833251,1.0008493113586339,129.0,159.0,0.5058823529411764
4662,1.0,1.0,4820.0,0.9948530595953243,1.0008975491482808,130.0,158.0,0.5098039215686274
4663,1.0,1.0,4820.0,0.9945855283273113,1.0009481489093708,130.0,157.0,0.5098039215686274
4664,1.0,1.0,4821.0,0.9943119056555076,1.0006745262375671,131.0,157.0,0.5137254901960784
4665,1.0,1.0,4821.0,0.9940155649687958,1.000713060318332,131.0,156.0,0.5137254901960784
4666,1.0,1.0,4821.0,0.9937034757688439,1.000753470873619,132.0,155.0,0.5176470588235295
4667,1.0,1.0,4821.0,0.9933748167682837,1.0007958642469943,132.0,154.0,0.5176470588235295
4668,1.0,1.0,4821.0,0.9930287230750083,1.000840351999967,133.0,153.0,0.5215686274509804
4669,1.0,1.0,4821.0,0.9926642839161409,1.000887051205571,133.0,152.0,0.5215686274509804
4670,1.0,1.0,4821.0,0.9922805402412634,1.000936084756453,134.0,151.0,0.5254901960784314
4671,1.0,1.0,4821.0,0.9918764821985998,1.000987581688273,134.0,150.0,0.5254901960784314
4672,1.0,1.0,4822.0,0.991462727374293,1.0005738268639661,135.0,150.0,0.5294117647058824
4673,1.0,1.0,4822.0,0.9910154091911338,1.0006060402328951,135.0,149.0,0.5294117647058824
4674,1.0,1.0,4822.0,0.9905444473479514,1.0006398484445422,136.0,148.0,0.5333333333333333
4675,1.0,1.0,4822.0,0.9900486024714742,1.0006753404678854,136.0,147.0,0.5333333333333333
4676,1.0,1.0,4822.0,0.9895265697067639,1.0007126097029864,137.0,146.0,0.5372549019607843
4677,1.0,1.0,4822.0,0.9889769752833873,1.0007517542267794,137.0,145.0,0.5372549019607843
4678,1.0,1.0,4822.0,0.9883983729002301,1.0007928770511691,138.0,144.0,0.5411764705882353
4679,1.0,1.0,4822.0,0.9877892399194419,1.0008360863941146,138.0,143.0,0.5411764705882353
4680,1.0,1.0,4822.0,0.9871479733594943,1.0008814959644128,139.0,142.0,0.5450980392156862
4681,1.0,1.0,4822.0,0.9864728856768086,1.0009292252609334,139.0,141.0,0.5450980392156862
4682,1.0,1.0,4822.0,0.9857622003248514,1.000979399887088,139.0,140.0,0.5450980392156862
4683,1.0,1.0,4823.0,0.9850335563092201,1.0002507558714566,140.0,140.0,0.5490196078431373
4684,1.0,1.0,4823.0,0.9842469931467576,1.000265097949112,140.0,139.0,0.5490196078431373
4685,1.0,1.0,4823.0,0.9834189747031022,1.0002801376529489,141.0,138.0,0.5529411764705883
4686,1.0,1.0,4823.0,0.98254732198235,1.0002959145611359,141.0,137.0,0.5529411764705883
4687,1.0,1.0,4823.0,0.9816297411615511,1.0003124701918522,142.0,136.0,0.5568627450980392
4688,1.0,1.0,4823.0,0.9806638175543354,1.0003298481125469,142.0,135.0,0.5568627450980392
4689,1.0,1.0,4823.0,0.9796470092564731,1.0003480940545906,143.0,134.0,0.5607843137254902
4690,1.0,1.0,4823.0,0.9785766404566542,1.0003672560336199,143.0,133.0,0.5607843137254902
4691,1.0,1.0,4823.0,0.9774498943948791,1.0003873844758957,144.0,132.0,0.5647058823529412
4692,1.0,1.0,4823.0,0.9762638059499326,1.0004085323510026,144.0,131.0,0.5647058823529412
4693,1.0,1.0,4823.0,0.9750152538364333,1.000430755311244,145.0,130.0,0.5686274509803921
4694,0.0,1.0,4823.0,0.9737009523909246,1.0004541118380936,145.0,129.0,0.5686274509803921
4695,1.0,1.0,4825.0,0.9750159047713784,1.000431406246189,146.0,130.0,0.5725490196078431
4696,1.0,1.0,4827.0,0.9762651095328095,1.0004098359338796,146.0,131.0,0.5725490196078431
4697,1.0,1.0,4829.0,0.9774518540561691,1.0003893441371856,147.0,132.0,0.5764705882352941
4698,1.0,1.0,4831.0,0.9785792613533606,1.0003698769303264,147.0,133.0,0.5764705882352941
4699,1.0,1.0,4833.0,0.9796502982856926,1.00035138308381,148.0,134.0,0.5803921568627451
4700,1.0,1.0,4835.0,0.980667783371408,1.0003338139296196,148.0,135.0,0.5803921568627451
4701,1.0,1.0,4837.0,0.9816343942028376,1.0003171232331387,149.0,136.0,0.5843137254901961
4702,1.0,1.0,4839.0,0.9825526744926958,1.0003012670714817,149.0,137.0,0.5843137254901961
4703,1.0,1.0,4841.0,0.9834250407680609,1.0002862037179077,150.0,138.0,0.5882352941176471
4704,1.0,1.0,4843.0,0.984253788729658,1.0002718935320123,150.0,139.0,0.5882352941176471
4705,1.0,1.0,4845.0,0.9850410992931751,1.0002582988554116,150.0,140.0,0.5882352941176471
4706,1.0,1.0,4846.0,0.9857705105598187,1.0009877101220552,151.0,140.0,0.592156862745098
4707,1.0,1.0,4848.0,0.9864819850318278,1.0009383246159527,151.0,141.0,0.592156862745098
4708,1.0,1.0,4850.0,0.9871578857802366,1.000891408385155,152.0,142.0,0.596078431372549
4709,1.0,1.0,4852.0,0.9877999914912247,1.0008468379658972,152.0,143.0,0.596078431372549
4710,1.0,1.0,4854.0,0.9884099919166635,1.0008044960676024,153.0,144.0,0.6
4711,1.0,1.0,4856.0,0.9889894923208303,1.0007642712642224,153.0,145.0,0.6
4712,1.0,1.0,4858.0,0.9895400177047888,1.0007260577010113,154.0,146.0,0.6039215686274509
4713,1.0,1.0,4860.0,0.9900486757426312,1.0006754137390426,154.0,147.0,0.6039215686274509
4714,1.0,1.0,4862.0,0.9905447701081317,1.0006401712047224,155.0,148.0,0.6078431372549019
4715,1.0,1.0,4864.0,0.9910159822897062,1.0006066133314675,155.0,149.0,0.6078431372549019
4716,1.0,1.0,4866.0,0.9914635523194116,1.0005746518090848,156.0,150.0,0.611764705882353
4717,1.0,1.0,4867.0,0.9918775611611729,1.000988660650846,156.0,150.0,0.611764705882353
4718,1.0,1.0,4869.0,0.9922818760606662,1.0009374205758557,156.0,151.0,0.611764705882353
4719,1.0,1.0,4871.0,0.9926658801076876,1.0008886473971177,157.0,152.0,0.615686274509804
4720,1.0,1.0,4873.0,0.993030583839203,1.0008422127641614,157.0,153.0,0.615686274509804
4721,1.0,1.0,4875.0,0.9933769470018741,1.0007979944805847,158.0,154.0,0.6196078431372549
4722,1.0,1.0,4877.0,0.9937058810777081,1.000755876182483,158.0,155.0,0.6196078431372549
4723,1.0,1.0,4879.0,0.9940182516826939,1.00071574703223,159.0,156.0,0.6235294117647059
4724,1.0,1.0,4881.0,0.9943148808447395,1.000677501426799,159.0,157.0,0.6235294117647059
4725,1.0,1.0,4882.0,0.9945887998213221,1.0009514204033816,160.0,157.0,0.6274509803921569
4726,1.0,1.0,4884.0,0.9948566360033089,1.0009011255562654,160.0,158.0,0.6274509803921569
4727,1.0,1.0,4886.0,0.9951109370168834,1.000853202092192,161.0,159.0,0.6313725490196078
4728,1.0,1.0,4888.0,0.9953523720752391,1.0008075238967824,161.0,160.0,0.6313725490196078
4729,1.0,1.0,4890.0,0.9955815765337928,1.0007639707642588,161.0,161.0,0.6313725490196078
4730,1.0,1.0,4891.0,0.9957928416717634,1.0009752359022295,162.0,161.0,0.6352941176470588
4731,1.0,1.0,4893.0,0.9959996794356163,1.000922953954559,162.0,162.0,0.6352941176470588
4732,1.0,1.0,4895.0,0.9961959900400894,1.0008731008330851,163.0,163.0,0.6392156862745098
4733,1.0,1.0,4897.0,0.9963822900920365,1.0008255453453823,163.0,164.0,0.6392156862745098
4734,1.0,1.0,4898.0,0.9965536581977126,1.0009969134510583,164.0,164.0,0.6431372549019608
4735,1.0,1.0,4900.0,0.9967216534639505,1.000942745954629,164.0,165.0,0.6431372549019608
4736,1.0,1.0,4902.0,0.9968810215024619,1.0008910593686067,164.0,166.0,0.6431372549019608
4737,1.0,1.0,4904.0,0.9970321817028218,1.0008417176756592,165.0,167.0,0.6470588235294118
4738,1.0,1.0,4905.0,0.9971708920355773,1.0009804280084147,165.0,167.0,0.6470588235294118
4739,1.0,1.0,4907.0,0.9973070413678518,1.0009261005420473,166.0,168.0,0.6509803921568628
4740,1.0,1.0,4909.0,0.9974361039668836,1.0008742101823693,166.0,169.0,0.6509803921568628
4741,1.0,1.0,4910.0,0.9975542320340343,1.00099233824952,167.0,169.0,0.6549019607843137
4742,1.0,1.0,4912.0,0.9976703316981769,1.0009365326028883,167.0,170.0,0.6549019607843137
4743,1.0,1.0,4914.0,0.9977803006562621,1.000883191515738,167.0,171.0,0.6549019607843137
4744,1.0,1.0,4915.0,0.9978806491383405,1.0009835399978164,168.0,171.0,0.6588235294117647
4745,1.0,1.0,4917.0,0.9979793984465138,1.000927144763016,168.0,172.0,0.6588235294117647
4746,1.0,1.0,4919.0,0.998072830382178,1.000873189382855,169.0,173.0,0.6627450980392157
4747,1.0,1.0,4920.0,0.9981577801251931,1.0009581391258702,169.0,173.0,0.6627450980392157
4748,1.0,1.0,4922.0,0.9982414721250163,1.0009018131756595,169.0,174.0,0.6627450980392157
4749,1.0,1.0,4923.0,0.9983172962609335,1.0009776373115766,170.0,174.0,0.6666666666666666
4750,1.0,1.0,4925.0,0.998392102922771,1.000919426920882,170.0,175.0,0.6666666666666666
4751,1.0,1.0,4926.0,0.9984596001254872,1.0009869241235982,171.0,175.0,0.6705882352941176
4752,1.0,1.0,4928.0,0.9985262838032949,1.0009272416015003,171.0,176.0,0.6705882352941176
4753,1.0,1.0,4929.0,0.9985861650371128,1.0009871228353182,171.0,176.0,0.6705882352941176
4754,1.0,1.0,4931.0,0.9986454038036308,1.000926313711926,172.0,177.0,0.6745098039215687
4755,1.0,1.0,4932.0,0.9986982998120174,1.0009792097203125,172.0,177.0,0.6745098039215687
4756,1.0,1.0,4934.0,0.9987506945370659,1.0009175589499464,172.0,178.0,0.6745098039215687
4757,1.0,1.0,4935.0,0.9987971624864256,1.000964026899306,173.0,178.0,0.6784313725490196
4758,1.0,1.0,4937.0,0.9988432431052061,1.0009017642974425,173.0,179.0,0.6784313725490196
4759,1.0,1.0,4938.0,0.998883772453648,1.0009422936458845,174.0,179.0,0.6823529411764706
4760,1.0,1.0,4939.0,0.9989214963176652,1.0009800175099017,174.0,179.0,0.6823529411764706
4761,1.0,1.0,4941.0,0.998956513970584,1.0009121091032087,174.0,180.0,0.6823529411764706
4762,1.0,1.0,4942.0,0.9989887856076358,1.0009443807402605,175.0,180.0,0.6862745098039216
4763,1.0,0.0,4936.0,0.9990007219627413,1.0018010809634184,175.0,173.0,0.6862745098039216
4764,1.0,0.0,4931.0,0.9990035640846724,1.0028131000575098,172.0,167.0,0.6745098039215687
4765,1.0,0.0,4927.0,0.9990014811951519,1.0039247557140947,169.0,162.0,0.6627450980392157
4766,1.0,0.0,4925.0,0.9990042659778107,1.0047465310531194,168.0,159.0,0.6588235294117647
4767,1.0,0.0,4923.0,0.9990014798419007,1.005698975191437,166.0,156.0,0.6509803921568628
4768,1.0,0.0,4922.0,0.9990021387899839,1.0064231862686945,167.0,154.0,0.6549019607843137
4769,1.0,0.0,4922.0,0.9990087583200138,1.0068203872449724,165.0,153.0,0.6470588235294118
4770,1.0,0.0,4921.0,0.9990022273099615,1.007657771825151,164.0,151.0,0.6431372549019608
4771,1.0,0.0,4921.0,0.9990030854911818,1.0081141849808548,165.0,150.0,0.6470588235294118
4772,1.0,0.0,4921.0,0.9990013202131687,1.00859195125493,163.0,149.0,0.6392156862745098
4773,1.0,0.0,4922.0,0.9990092225112759,1.0085998535530372,163.0,149.0,0.6392156862745098
4774,1.0,0.0,4922.0,0.9990028366034208,1.0090982377000115,162.0,148.0,0.6352941176470588
4775,1.0,0.0,4923.0,0.9990067694032829,1.0091021704998737,163.0,148.0,0.6392156862745098
4776,1.0,0.0,4924.0,0.9990087355795125,1.0091041366761033,162.0,148.0,0.6352941176470588
4777,1.0,0.0,4925.0,0.999008740306258,1.0091041414028488,162.0,148.0,0.6352941176470588
4778,1.0,0.0,4926.0,0.999006783595958,1.0091021846925488,161.0,148.0,0.6313725490196078
4779,1.0,0.0,4927.0,0.9990028602993748,1.0090982613959656,161.0,148.0,0.6313725490196078
4780,1.0,0.0,4929.0,0.9990092557728665,1.0085998868146278,161.0,149.0,0.6313725490196078
4781,1.0,0.0,4930.0,0.9990013631279264,1.0085919941696877,161.0,149.0,0.6313725490196078
4782,1.0,0.0,4932.0,0.9990031381720403,1.0081142376617134,162.0,150.0,0.6352941176470588
4783,1.0,0.0,4934.0,0.9990022898955544,1.0076578344107439,162.0,151.0,0.6352941176470588
4784,1.0,0.0,4937.0,0.9990088309750402,1.0068204598999988,163.0,153.0,0.6392156862745098
4785,1.0,0.0,4939.0,0.9990022217056411,1.0064232691843518,164.0,154.0,0.6431372549019608
4786,1.0,0.0,4943.0,0.9990006919869998,1.0053633125690593,165.0,157.0,0.6470588235294118
4787,1.0,0.0,4947.0,0.9990018497178553,1.0044570015393985,165.0,160.0,0.6470588235294118
4788,1.0,0.0,4952.0,0.999003274180951,1.003446529434297,166.0,164.0,0.6509803921568628
4789,1.0,0.0,4958.0,0.9990021961425012,1.0024403023579869,167.0,169.0,0.6549019607843137
4790,1.0,0.0,4967.0,0.9990024164113855,1.0012833263196808,168.0,177.0,0.6588235294117647
4791,1.0,1.0,4971.0,0.9989798938915774,1.000935489024202,169.0,180.0,0.6627450980392157
4792,1.0,1.0,4972.0,0.9989468879063934,1.000902483039018,169.0,180.0,0.6627450980392157
4793,1.0,1.0,4972.0,0.9989087287590102,1.0009672499512465,170.0,179.0,0.6666666666666666
4794,1.0,1.0,4973.0,0.9988703369749368,1.0009288581671731,171.0,179.0,0.6705882352941176
4795,1.0,1.0,4973.0,0.998826465220182,1.0009933296330624,172.0,178.0,0.6745098039215687
4796,1.0,1.0,4974.0,0.9987822832473052,1.0009491476601857,173.0,178.0,0.6784313725490196
4797,1.0,1.0,4975.0,0.9987350356582232,1.0009019000711037,174.0,178.0,0.6823529411764706
4798,1.0,1.0,4975.0,0.9986818200858767,1.000962729994172,175.0,177.0,0.6862745098039216
4799,1.0,1.0,4976.0,0.9986280598624913,1.0009089697707865,175.0,177.0,0.6862745098039216
4800,1.0,1.0,4976.0,0.9985679112390244,1.0009688690372298,176.0,176.0,0.6901960784313725
4801,1.0,1.0,4977.0,0.9985070721119467,1.000908029910152,177.0,176.0,0.6941176470588235
4802,1.0,1.0,4977.0,0.9984393799837967,1.0009667039819077,178.0,175.0,0.6980392156862745
4803,1.0,1.0,4978.0,0.9983708211198392,1.0008981451179502,179.0,175.0,0.7019607843137254
4804,1.0,1.0,4978.0,0.9982948967920158,1.000955237842659,180.0,174.0,0.7058823529411765
4805,1.0,1.0,4979.0,0.9982178960441419,1.000878237094785,180.0,174.0,0.7058823529411765
4806,1.0,1.0,4979.0,0.9981329653900437,1.0009333243907208,179.0,173.0,0.7019607843137254
4807,1.0,1.0,4979.0,0.998043121486972,1.0009908678034742,179.0,172.0,0.7019607843137254
4808,1.0,1.0,4980.0,0.9979519070655472,1.0008996533820493,178.0,172.0,0.6980392156862745
4809,1.0,1.0,4980.0,0.9978517127220267,1.0009546035815025,178.0,171.0,0.6980392156862745
4810,1.0,1.0,4981.0,0.997749843056137,1.0008527339156128,177.0,171.0,0.6941176470588235
4811,1.0,1.0,4981.0,0.9976382727626614,1.000904473667373,176.0,170.0,0.6901960784313725
4812,1.0,1.0,4981.0,0.9975204873975085,1.0009585936129943,175.0,169.0,0.6862745098039216
4813,1.0,1.0,4982.0,0.9974005848276726,1.0008386910431584,174.0,169.0,0.6823529411764706
4814,1.0,1.0,4982.0,0.9972696542545364,1.0008887134287319,173.0,168.0,0.6784313725490196
4815,1.0,1.0,4982.0,0.9971315385610173,1.0009410745338547,171.0,167.0,0.6705882352941176
4816,1.0,1.0,4982.0,0.9969858742847642,1.0009959121509089,169.0,166.0,0.6627450980392157
4817,1.0,1.0,4983.0,0.9968374191729213,1.000847457039066,167.0,166.0,0.6549019607843137
4818,1.0,1.0,4983.0,0.9966757574594768,1.0008968499501554,164.0,165.0,0.6431372549019608
4819,1.0,1.0,4983.0,0.9965053477393466,1.0009486029926924,161.0,164.0,0.6313725490196078
4820,1.0,1.0,4984.0,0.9963314380469929,1.0007746933003387,157.0,164.0,0.615686274509804
4821,1.0,1.0,4984.0,0.9961424625871972,1.0008195733801928,150.0,163.0,0.5882352941176471
4822,1.0,1.0,4984.0,0.9959433357131573,1.0008666102321,140.0,162.0,0.5490196078431373
4823,1.0,1.0,4984.0,0.9957335334067837,1.00091592763725,129.0,161.0,0.5058823529411764
4824,1.0,1.0,4984.0,0.9955125035567436,1.000967655378287,130.0,160.0,0.5098039215686274
4825,1.0,1.0,4985.0,0.9952866582899237,1.000741810111467,130.0,160.0,0.5098039215686274
4826,1.0,1.0,4985.0,0.9950417653971205,1.0007840304724291,131.0,159.0,0.5137254901960784
4827,1.0,1.0,4985.0,0.9947838245185203,1.0008283140714769,131.0,158.0,0.5137254901960784
4828,1.0,1.0,4985.0,0.9945121568623372,1.0008747774443967,132.0,157.0,0.5176470588235295
4829,1.0,1.0,4985.0,0.9942260475136866,1.0009235428632228,132.0,156.0,0.5176470588235295
4830,1.0,1.0,4985.0,0.9939247435532299,1.000974738658005,133.0,155.0,0.5215686274509804
4831,1.0,1.0,4986.0,0.9936164905310707,1.0006664856358458,133.0,155.0,0.5215686274509804
4832,1.0,1.0,4986.0,0.9932828522672832,1.0007038997459938,134.0,154.0,0.5254901960784314
4833,1.0,1.0,4986.0,0.9929315372989358,1.0007431662238944,134.0,153.0,0.5254901960784314
4834,1.0,1.0,4986.0,0.9925616211129542,1.0007843884023842,135.0,152.0,0.5294117647058824
4835,1.0,1.0,4986.0,0.9921721302456908,1.0008276747608804,135.0,151.0,0.5294117647058824
4836,1.0,1.0,4986.0,0.9917620397211793,1.0008731392108523,136.0,150.0,0.5333333333333333
4837,1.0,1.0,4986.0,0.9913302703538288,1.00092090139559,136.0,149.0,0.5333333333333333
4838,1.0,1.0,4986.0,0.990875685908462,1.0009710870050528,137.0,148.0,0.5372549019607843
4839,1.0,1.0,4987.0,0.9904100329321415,1.0005054340287323,137.0,148.0,0.5372549019607843
4840,1.0,1.0,4987.0,0.9899068475195563,1.0005335855159676,138.0,147.0,0.5411764705882353
4841,1.0,1.0,4987.0,0.989377101179391,1.0005631411756135,138.0,146.0,0.5411764705882353
4842,1.0,1.0,4987.0,0.9888193998423297,1.0005941787857218,139.0,145.0,0.5450980392156862
4843,1.0,1.0,4987.0,0.9882322758732742,1.0006267800242132,139.0,144.0,0.5450980392156862
4844,1.0,1.0,4987.0,0.9876141842091485,1.000661030683821,140.0,143.0,0.5490196078431373
4845,1.0,1.0,4987.0,0.9869634982929415,1.00069702089786,140.0,142.0,0.5490196078431373
4846,1.0,1.0,4987.0,0.986278505793295,1.0007348453774199,140.0,141.0,0.5490196078431373
4847,1.0,1.0,4987.0,0.9855574040983676,1.0007746036606042,141.0,140.0,0.5529411764705883
4848,1.0,1.0,4987.0,0.9847982955721202,1.0008164003744744,141.0,139.0,0.5529411764705883
4849,1.0,1.0,4987.0,0.9839991825605361,1.0008603455103828,142.0,138.0,0.5568627450980392
4850,1.0,1.0,4987.0,0.9831579621346377,1.0009065547134237,142.0,137.0,0.5568627450980392
4851,1.0,1.0,4987.0,0.9822724205564621,1.0009551495867632,143.0,136.0,0.5607843137254902
4852,1.0,1.0,4988.0,0.9813641796701407,1.0000469087004418,143.0,136.0,0.5607843137254902
4853,1.0,1.0,4988.0,0.9803841425455019,1.0000501731037135,144.0,135.0,0.5647058823529412
4854,1.0,1.0,4988.0,0.9793524847433512,1.0000535695414687,144.0,134.0,0.5647058823529412
4855,1.0,1.0,4988.0,0.9782664913747358,1.0000571069517015,145.0,133.0,0.5686274509803921
4856,1.0,1.0,4988.0,0.9771233045623696,1.0000607946433862,145.0,132.0,0.5686274509803921
4857,1.0,1.0,4988.0,0.9759199159199043,1.0000646423209745,146.0,131.0,0.5725490196078431
4858,1.0,1.0,4988.0,0.9746531586351233,1.0000686601099338,146.0,130.0,0.5725490196078431
4859,0.0,1.0,4988.0,0.9733196991362238,1.000072858583393,147.0,129.0,0.5764705882352941
4860,1.0,1.0,4990.0,0.9745819061889984,0.9999974076638091,147.0,130.0,0.5764705882352941
4861,1.0,1.0,4992.0,0.9757755943224053,0.9999203207234755,148.0,131.0,0.5803921568627451
4862,1.0,1.0,4994.0,0.9769364887972558,0.9998739788782723,148.0,132.0,0.5803921568627451
4863,1.0,1.0,4995.0,0.9780087531349357,1.0009462432159524,149.0,132.0,0.5843137254901961
4864,1.0,1.0,4997.0,0.9790525528089045,1.0008431683858703,149.0,133.0,0.5843137254901961
4865,1.0,1.0,4999.0,0.980041227621844,1.0007423124199615,150.0,134.0,0.5882352941176471
4866,1.0,1.0,5001.0,0.9809773793495778,1.0006434099077894,150.0,135.0,0.5882352941176471
4867,1.0,1.0,5003.0,0.9818634715492842,1.0005462005795853,150.0,136.0,0.5882352941176471
4868,1.0,1.0,5005.0,0.9827018360425415,1.0004504286213274,151.0,137.0,0.592156862745098
4869,1.0,1.0,5007.0,0.9834946790517001,1.0003558420015468,151.0,138.0,0.592156862745098
4870,1.0,1.0,5009.0,0.9842440870057316,1.0002621918080858,152.0,139.0,0.596078431372549
4871,1.0,1.0,5010.0,0.9849325228006228,1.0009506276029771,152.0,139.0,0.596078431372549
4872,1.0,1.0,5012.0,0.9856018433715241,1.0008190429337607,153.0,140.0,0.6
4873,1.0,1.0,5014.0,0.986233274056561,1.0006896136406858,153.0,141.0,0.6
4874,1.0,1.0,5016.0,0.9868284765154309,1.0005619991203494,154.0,142.0,0.6039215686274509
4875,1.0,1.0,5018.0,0.9873890170703941,1.0004358635450668,154.0,143.0,0.6039215686274509
4876,1.0,1.0,5019.0,0.987900480438237,1.0009473269129097,155.0,143.0,0.6078431372549019
4877,1.0,1.0,5021.0,0.9883968296913774,1.0007913338423164,155.0,144.0,0.6078431372549019
4878,1.0,1.0,5023.0,0.988862644285811,1.000637423229203,156.0,145.0,0.611764705882353
4879,1.0,1.0,5025.0,0.9892991500494178,1.0004851900456402,156.0,146.0,0.611764705882353
4880,1.0,1.0,5026.0,0.9896938716585034,1.0008799116547258,157.0,146.0,0.615686274509804
4881,1.0,1.0,5028.0,0.9900758129541347,1.000702550950546,157.0,147.0,0.615686274509804
4882,1.0,1.0,5030.0,0.9904316379680665,1.0005270390646572,157.0,148.0,0.615686274509804
4883,1.0,1.0,5031.0,0.9907499874010914,1.0008453884976822,158.0,148.0,0.6196078431372549
4884,1.0,1.0,5033.0,0.991056937517617,1.0006475685593783,158.0,149.0,0.6196078431372549
4885,1.0,1.0,5034.0,0.9913286723624072,1.0009193034041683,159.0,149.0,0.6235294117647059
4886,1.0,1.0,5036.0,0.9915898836047632,1.0007009830944362,159.0,150.0,0.6235294117647059
4887,1.0,1.0,5037.0,0.9918178661099263,1.0009289655995994,160.0,150.0,0.6274509803921569
4888,1.0,1.0,5039.0,0.9920359975805813,1.0006915420957707,160.0,151.0,0.6274509803921569
4889,1.0,1.0,5040.0,0.992222629140787,1.0008781736559764,161.0,151.0,0.6313725490196078
4890,1.0,1.0,5042.0,0.9923998907875163,1.0006226580769464,161.0,152.0,0.6313725490196078
4891,1.0,1.0,5043.0,0.9925471372379663,1.0007699045273963,161.0,152.0,0.6313725490196078
4892,1.0,1.0,5044.0,0.9926752979921413,1.0008980652815713,162.0,152.0,0.6352941176470588
4893,1.0,1.0,5046.0,0.9927947252240621,1.0006063541490207,162.0,153.0,0.6352941176470588
4894,1.0,1.0,5047.0,0.9928856770431382,1.0006973059680968,163.0,153.0,0.6392156862745098
4895,1.0,1.0,5048.0,0.9929584077051403,1.000770036630099,163.0,153.0,0.6392156862745098
4896,1.0,1.0,5049.0,0.9930131086065471,1.0008247375315056,164.0,153.0,0.6431372549019608
4897,1.0,1.0,5050.0,0.9930499236970993,1.000861552622058,164.0,153.0,0.6431372549019608
4898,1.0,1.0,5051.0,0.993068949858614,1.0008805787835726,164.0,153.0,0.6431372549019608
4899,1.0,1.0,5052.0,0.9930702371599374,1.000881866084896,165.0,153.0,0.6470588235294118
4900,1.0,1.0,5053.0,0.9930537889887047,1.0008654179136631,165.0,153.0,0.6470588235294118
4901,1.0,1.0,5054.0,0.9930195620602545,1.000831190985213,166.0,153.0,0.6509803921568628
4902,1.0,1.0,5055.0,0.9929674663037227,1.0007790952286812,166.0,153.0,0.6509803921568628
4903,1.0,1.0,5056.0,0.9928973646250128,1.0007089935499713,167.0,153.0,0.6549019607843137
4904,1.0,1.0,5057.0,0.9928090725460232,1.0006207014709818,167.0,153.0,0.6549019607843137
4905,1.0,1.0,5057.0,0.9926923428102996,1.0009151100997296,167.0,152.0,0.6549019607843137
4906,1.0,1.0,5058.0,0.9925669244071063,1.0007896916965362,168.0,152.0,0.6588235294117647
4907,1.0,1.0,5059.0,0.9924224723791357,1.0006452396685657,168.0,152.0,0.6588235294117647
4908,1.0,1.0,5059.0,0.9922480645801268,1.0009036090953163,169.0,151.0,0.6627450980392157
4909,1.0,1.0,5060.0,0.9920643538030083,1.0007198983181977,169.0,151.0,0.6627450980392157
4910,1.0,1.0,5060.0,0.9918492177370786,1.0009603172267516,169.0,150.0,0.6627450980392157
4911,1.0,1.0,5061.0,0.9916243131409227,1.0007354126305958,170.0,150.0,0.6666666666666666
4912,1.0,1.0,5061.0,0.9913662704116162,1.0009569014533775,170.0,149.0,0.6666666666666666
4913,1.0,1.0,5062.0,0.9910978030221105,1.0006884340638718,171.0,149.0,0.6705882352941176
4914,1.0,1.0,5062.0,0.9907942279016706,1.0008896289982614,171.0,148.0,0.6705882352941176
4915,1.0,1.0,5063.0,0.9904793698871013,1.000574770983692,171.0,148.0,0.6705882352941176
4916,1.0,1.0,5063.0,0.9901271619019385,1.0007538998983498,172.0,147.0,0.6745098039215687
4917,1.0,1.0,5063.0,0.989748972763886,1.0009350127601084,172.0,146.0,0.6745098039215687
4918,1.0,1.0,5064.0,0.9893581483152885,1.000544188311511,173.0,146.0,0.6784313725490196
4919,1.0,1.0,5064.0,0.9889256949707639,1.0007004739141558,173.0,145.0,0.6784313725490196
4920,1.0,1.0,5064.0,0.9884640987182676,1.0008586028692066,173.0,144.0,0.6784313725490196
4921,1.0,1.0,5065.0,0.9879880352207566,1.0003825393716956,171.0,144.0,0.6705882352941176
4922,1.0,1.0,5065.0,0.9874652654191758,1.0005121118938485,167.0,143.0,0.6549019607843137
4923,1.0,1.0,5065.0,0.986909509473961,1.0006430320788795,165.0,142.0,0.6470588235294118
4924,1.0,1.0,5065.0,0.9863193048694675,1.0007756444535922,165.0,141.0,0.6470588235294118
4925,1.0,1.0,5065.0,0.9856930984356829,1.0009102979979194,163.0,140.0,0.6392156862745098
4926,1.0,1.0,5066.0,0.9850487514911477,1.0002659510533842,162.0,140.0,0.6352941176470588
4927,1.0,1.0,5066.0,0.984346525387102,1.0003646301894562,161.0,139.0,0.6313725490196078
4928,1.0,1.0,5066.0,0.9836031059288117,1.0004642688786585,161.0,138.0,0.6313725490196078
4929,1.0,1.0,5066.0,0.9828165367492817,1.0005651293280677,160.0,137.0,0.6274509803921569
4930,1.0,1.0,5066.0,0.9819847479296182,1.0006674769599193,160.0,136.0,0.6274509803921569
4931,1.0,1.0,5066.0,0.9811055505518747,1.0007715811100861,159.0,135.0,0.6235294117647059
4932,1.0,1.0,5066.0,0.9801766309387413,1.0008777157368587,158.0,134.0,0.6196078431372549
4933,1.0,1.0,5066.0,0.9791955445649205,1.0009861601418863,159.0,133.0,0.6235294117647059
4934,1.0,1.0,5067.0,0.9781876463108024,0.9999782618877681,158.0,133.0,0.6196078431372549
4935,1.0,1.0,5067.0,0.9770958072736178,1.0000332973546344,158.0,132.0,0.6196078431372549
4936,1.0,1.0,5067.0,0.9759436940450482,1.0000884204461182,158.0,131.0,0.6196078431372549
4937,1.0,1.0,5067.0,0.974728274748176,1.0001437762229866,157.0,130.0,0.615686274509804
4938,1.0,1.0,5067.0,0.9734463509111675,1.0001995103583365,157.0,129.0,0.615686274509804
4939,1.0,1.0,5067.0,0.9720945490502408,1.000255769520945,156.0,128.0,0.611764705882353
4940,1.0,1.0,5067.0,0.9706693117920782,1.0003127017612405,157.0,127.0,0.615686274509804
4941,0.0,1.0,5067.0,0.9691668885123157,1.0003704569009078,157.0,126.0,0.615686274509804
4942,1.0,1.0,5069.0,0.9702929133338201,0.9999363033029824,157.0,127.0,0.615686274509804
4943,1.0,1.0,5070.0,0.9713046574826576,1.00094804745182,157.0,127.0,0.615686274509804
4944,1.0,1.0,5072.0,0.9722788919183533,1.0004401123890576,158.0,128.0,0.6196078431372549
4945,1.0,1.0,5074.0,0.9731801760696235,0.9999333355167925,159.0,129.0,0.6235294117647059
4946,1.0,1.0,5075.0,0.9739782977606168,1.000731457207786,160.0,129.0,0.6274509803921569
4947,1.0,1.0,5077.0,0.9747422402101903,1.000157741685001,160.0,130.0,0.6274509803921569
4948,1.0,1.0,5078.0,0.9754087600934059,1.0008242615682166,161.0,130.0,0.6313725490196078
4949,1.0,1.0,5080.0,0.9760431501636435,1.0001878765647136,162.0,131.0,0.6352941176470588
4950,1.0,1.0,5081.0,0.9765541340762038,1.000698860477274,163.0,131.0,0.6392156862745098
4951,1.0,1.0,5083.0,0.9770637801575988,1.0000012702386154,164.0,132.0,0.6431372549019608
4952,1.0,1.0,5084.0,0.9774851310790873,1.000422621160104,164.0,132.0,0.6431372549019608
4953,1.0,1.0,5085.0,0.977848702697449,1.0007861927784656,165.0,132.0,0.6470588235294118
4954,1.0,1.0,5087.0,0.9781833884667379,0.9999740040437036,166.0,133.0,0.6509803921568628
4955,1.0,1.0,5088.0,0.9784341222481076,1.0002247378250733,167.0,133.0,0.6549019607843137
4956,1.0,1.0,5089.0,0.9786295005539356,1.0004201161309014,168.0,133.0,0.6588235294117647
4957,1.0,1.0,5090.0,0.9787700375376587,1.0005606531146245,169.0,133.0,0.6627450980392157
4958,1.0,1.0,5091.0,0.9788561030334442,1.00064671861041,169.0,133.0,0.6627450980392157
4959,1.0,1.0,5092.0,0.9788879235294392,1.000678539106405,170.0,133.0,0.6666666666666666
4960,1.0,1.0,5093.0,0.9788655827637908,1.0006561983407565,171.0,133.0,0.6705882352941176
4961,1.0,1.0,5094.0,0.9787890219450104,1.0005796375219762,172.0,133.0,0.6745098039215687
4962,1.0,1.0,5095.0,0.9786580395972594,1.000448655174225,173.0,133.0,0.6784313725490196
4963,1.0,1.0,5096.0,0.9784722910301488,1.0002629066071145,174.0,133.0,0.6823529411764706
4964,1.0,1.0,5097.0,0.9782312874316599,1.0000219030086257,175.0,133.0,0.6862745098039216
4965,1.0,1.0,5097.0,0.9779064578951595,1.0008439479761762,176.0,132.0,0.6901960784313725
4966,1.0,1.0,5098.0,0.9775528944969486,1.0004903845779651,177.0,132.0,0.6941176470588235
4967,1.0,1.0,5099.0,0.9771417301203948,1.0000792202014115,177.0,132.0,0.6941176470588235
4968,1.0,1.0,5099.0,0.9766424757154157,1.0007872021164859,178.0,131.0,0.6980392156862745
4969,1.0,1.0,5100.0,0.9761127089187036,1.0002574353197737,179.0,131.0,0.7019607843137254
4970,1.0,1.0,5100.0,0.9754906737911071,1.0009061752659176,180.0,130.0,0.7058823529411765
4971,1.0,1.0,5101.0,0.9748367244128948,1.0002522258877053,180.0,130.0,0.7058823529411765
4972,1.0,1.0,5101.0,0.9740856011109633,1.0008387605581324,179.0,129.0,0.7019607843137254
4973,1.0,1.0,5102.0,0.9733005809448498,1.0000537403920189,178.0,129.0,0.6980392156862745
4974,1.0,1.0,5102.0,0.9724127151733941,1.0005739356440984,178.0,128.0,0.6980392156862745
4975,1.0,1.0,5103.0,0.9714883554127824,0.9996495758834867,177.0,128.0,0.6941176470588235
4976,1.0,1.0,5103.0,0.9704546660861517,1.000098056055314,176.0,127.0,0.6901960784313725
4977,1.0,1.0,5103.0,0.9693432258808006,1.0005467942693926,175.0,126.0,0.6862745098039216
4978,1.0,1.0,5103.0,0.968151109954083,1.0009969714157587,174.0,125.0,0.6823529411764706
4979,1.0,1.0,5104.0,0.9669172912376207,0.9997631526992965,172.0,125.0,0.6745098039215687
4980,1.0,1.0,5104.0,0.9655564081864001,1.0001309991986904,171.0,124.0,0.6705882352941176
4981,1.0,1.0,5104.0,0.9641048841040911,1.0004991904328178,169.0,123.0,0.6627450980392157
4982,1.0,1.0,5104.0,0.9625588991904772,1.0008686953259789,166.0,122.0,0.6509803921568628
4983,1.0,1.0,5105.0,0.960963500187457,0.9992732963229587,164.0,122.0,0.6431372549019608
4984,1.0,1.0,5105.0,0.9592187141862634,0.9995448153815284,160.0,121.0,0.6274509803921569
4985,1.0,0.0,5159.0,0.9583314005987058,0.960991741649349,155.0,174.0,0.6078431372549019
4986,1.0,0.0,5150.0,0.9563825013464695,0.9608257565998154,148.0,164.0,0.5803921568627451
4987,1.0,0.0,5144.0,0.9543113723891333,0.9606739929711928,136.0,157.0,0.5333333333333333
4988,1.0,0.0,5139.0,0.9521113185570694,0.9607668630722589,129.0,151.0,0.5058823529411764
4989,1.0,0.0,5135.0,0.9497800097224565,0.9609660497186789,130.0,146.0,0.5098039215686274
4990,0.0,0.0,5133.0,0.9473335730097803,0.9603804194844529,130.0,143.0,0.5098039215686274
4991,0.0,0.0,5134.0,0.9474262830575801,0.9604731295322527,131.0,143.0,0.5137254901960784
4992,1.0,0.0,5139.0,0.950072007862738,0.9606987458591494,131.0,147.0,0.5137254901960784
4993,1.0,0.0,5145.0,0.9525866313165,0.9608093986059301,132.0,152.0,0.5176470588235295
4994,1.0,0.0,5153.0,0.9549788740768981,0.9607211391522068,132.0,159.0,0.5176470588235295
4995,1.0,0.0,5163.0,0.9572369430340162,0.9608560022082118,132.0,168.0,0.5176470588235295
4996,1.0,1.0,5133.0,0.9590015526916269,0.9767501452704128,133.0,137.0,0.5215686274509804
4997,1.0,1.0,5118.0,0.9604462635388464,1.0007723647341114,133.0,121.0,0.5215686274509804
4998,1.0,1.0,5120.0,0.9623885506891207,1.0006983468246224,134.0,122.0,0.5254901960784314
4999,1.0,1.0,5122.0,0.9642318603412083,1.000626166669935,134.0,123.0,0.5254901960784314
5000,1.0,1.0,5124.0,0.9659810433099836,1.000555634322274,135.0,124.0,0.5294117647058824
5001,1.0,1.0,5126.0,0.9676407027085219,1.0004865641701977,135.0,125.0,0.5294117647058824
5002,1.0,1.0,5128.0,0.9692152060615562,1.0004187744501483,136.0,126.0,0.5333333333333333
5003,1.0,1.0,5130.0,0.9707086967989631,1.0003520867681255,136.0,127.0,0.5333333333333333
5004,1.0,1.0,5132.0,0.9721251051595252,1.0002863256302295,137.0,128.0,0.5372549019607843
5005,1.0,1.0,5134.0,0.9734681585336651,1.0002213179808341,137.0,129.0,0.5372549019607843
5006,1.0,1.0,5136.0,0.9747413912723671,1.0001568927471778,138.0,130.0,0.5411764705882353
5007,1.0,1.0,5138.0,0.9759481539881016,1.0000928803891718,138.0,131.0,0.5411764705882353
5008,1.0,1.0,5140.0,0.977091622372226,1.0000291124532426,139.0,132.0,0.5450980392156862
5009,1.0,1.0,5142.0,0.9781748055520667,0.9999654211290324,139.0,133.0,0.5450980392156862
5010,1.0,1.0,5143.0,0.9791740141573708,1.0009646297343366,139.0,133.0,0.5450980392156862
5011,1.0,1.0,5145.0,0.9801463542234103,1.0008474390215278,140.0,134.0,0.5490196078431373
5012,1.0,1.0,5147.0,0.9810664478531957,1.0007324784114073,140.0,135.0,0.5490196078431373
5013,1.0,1.0,5149.0,0.9819367163457526,1.0006194453760537,141.0,136.0,0.5529411764705883
5014,1.0,1.0,5151.0,0.9827594498813248,1.0005080424601107,141.0,137.0,0.5529411764705883
5015,1.0,1.0,5153.0,0.9835368135481635,1.0003979764980102,142.0,138.0,0.5568627450980392
5016,1.0,1.0,5155.0,0.9842492361645522,1.0002673409669065,142.0,139.0,0.5568627450980392
5017,1.0,1.0,5156.0,0.9849212362040165,1.0009393410063707,143.0,139.0,0.5607843137254902
5018,1.0,1.0,5158.0,0.9855740913179207,1.0007912908801573,143.0,140.0,0.5607843137254902
5019,1.0,1.0,5160.0,0.9861889835142406,1.0006453230983654,143.0,141.0,0.5607843137254902
5020,1.0,1.0,5162.0,0.986767530930335,1.0005010535352534,144.0,142.0,0.5647058823529412
5021,1.0,1.0,5164.0,0.9873112560594036,1.0003581025340762,144.0,143.0,0.5647058823529412
5022,1.0,1.0,5165.0,0.9878056993671127,1.0008525458417854,145.0,143.0,0.5686274509803921
5023,1.0,1.0,5167.0,0.988284779136248,1.000679283287187,145.0,144.0,0.5686274509803921
5024,1.0,1.0,5169.0,0.9887171389868574,1.0004919179302494,146.0,145.0,0.5725490196078431
5025,1.0,1.0,5170.0,0.9891205618914805,1.0008953408348724,146.0,145.0,0.5725490196078431
5026,1.0,1.0,5172.0,0.9895104505662581,1.0006964905624804,146.0,146.0,0.5725490196078431
5027,1.0,1.0,5174.0,0.9898727351635788,1.00049947315999,147.0,147.0,0.5764705882352941
5028,1.0,1.0,5175.0,0.9901954262420425,1.0008221642384538,147.0,147.0,0.5764705882352941
5029,1.0,1.0,5177.0,0.9905059398336893,1.00060134093028,148.0,148.0,0.5803921568627451
5030,1.0,1.0,5178.0,0.9907791733756546,1.0008745744722454,148.0,148.0,0.5803921568627451
5031,1.0,1.0,5180.0,0.9910410844063167,1.000631715448078,148.0,149.0,0.5803921568627451
5032,1.0,1.0,5181.0,0.9912677384465296,1.0008583694882909,149.0,149.0,0.5843137254901961
5033,1.0,1.0,5183.0,0.991483708531898,1.0005948080215712,149.0,150.0,0.5843137254901961
5034,1.0,1.0,5184.0,0.9916661704719869,1.00077726996166,149.0,150.0,0.5843137254901961
5035,1.0,1.0,5185.0,0.9918272853265782,1.0009383848162512,150.0,150.0,0.5882352941176471
5036,1.0,1.0,5187.0,0.9919785739340736,1.000634118449263,150.0,151.0,0.5882352941176471
5037,1.0,1.0,5188.0,0.9920982115162607,1.0007537560314501,150.0,151.0,0.5882352941176471
5038,1.0,1.0,5189.0,0.9921976097608243,1.0008531542760137,151.0,151.0,0.592156862745098
5039,1.0,1.0,5190.0,0.9922770302420925,1.000932574757282,151.0,151.0,0.592156862745098
5040,1.0,1.0,5191.0,0.9923366819613317,1.0009922264765212,151.0,151.0,0.592156862745098
5041,1.0,1.0,5193.0,0.9923872639060962,1.0006100311955262,152.0,152.0,0.596078431372549
5042,1.0,1.0,5194.0,0.9924077974259458,1.0006305647153757,152.0,152.0,0.596078431372549
5043,1.0,1.0,5195.0,0.9924088785658045,1.0006316458552345,152.0,152.0,0.596078431372549
5044,1.0,1.0,5196.0,0.9923905101707775,1.0006132774602075,152.0,152.0,0.596078431372549
5045,1.0,1.0,5196.0,0.9923421018936375,1.000997646408827,153.0,151.0,0.6
5046,1.0,1.0,5197.0,0.9922846381050022,1.0009401826201918,153.0,151.0,0.6
5047,1.0,1.0,5198.0,0.9922074255750298,1.0008629700902194,153.0,151.0,0.6
5048,1.0,1.0,5199.0,0.992110261112852,1.0007658056280415,153.0,151.0,0.6
5049,1.0,1.0,5200.0,0.9919928890225158,1.0006484335377053,153.0,151.0,0.6
5050,1.0,1.0,5200.0,0.9918439035781565,1.0009550030678296,153.0,150.0,0.6
5051,1.0,1.0,5201.0,0.9916851356189424,1.0007962351086155,153.0,150.0,0.6
5052,1.0,1.0,5202.0,0.9915050704825119,1.000616169972185,153.0,150.0,0.6
5053,1.0,1.0,5202.0,0.9912915534164615,1.0008821844582227,153.0,149.0,0.6
5054,1.0,1.0,5203.0,0.99106741506654,1.0006580461083012,153.0,149.0,0.6
5055,1.0,1.0,5203.0,0.9908080890173806,1.0009034901139713,153.0,148.0,0.6
5056,1.0,1.0,5204.0,0.9905375165507119,1.0006329176473026,153.0,148.0,0.6
5057,1.0,1.0,5204.0,0.9902297471309853,1.0008564851273967,152.0,147.0,0.596078431372549
5058,1.0,1.0,5205.0,0.9899098905425707,1.000536628538982,152.0,147.0,0.596078431372549
5059,1.0,1.0,5205.0,0.9895505382126126,1.000736578208835,151.0,146.0,0.592156862745098
5060,1.0,1.0,5205.0,0.9891636872990033,1.0009384662423952,150.0,145.0,0.5882352941176471
5061,1.0,1.0,5206.0,0.988748319773023,1.000523098716415,149.0,145.0,0.5843137254901961
5062,1.0,1.0,5206.0,0.988303342562235,1.000697846713174,148.0,144.0,0.5803921568627451
5063,1.0,1.0,5206.0,0.987827584673979,1.0008744311486517,146.0,143.0,0.5725490196078431
5064,1.0,1.0,5207.0,0.9873365208400622,1.0003833673147349,144.0,143.0,0.5647058823529412
5065,1.0,1.0,5207.0,0.9867962416710503,1.0005297642759687,140.0,142.0,0.5490196078431373
5066,1.0,1.0,5207.0,0.986221215769594,1.0006775553537188,133.0,141.0,0.5215686274509804
5067,1.0,1.0,5207.0,0.9856099299096365,1.0008271294718731,126.0,140.0,0.49411764705882355
5068,1.0,1.0,5207.0,0.984960775444178,1.0009788802465323,127.0,139.0,0.4980392156862745
5069,1.0,1.0,5208.0,0.9842925801037918,1.000310684906146,127.0,139.0,0.4980392156862745
5070,1.0,1.0,5208.0,0.9835635402176812,1.000424703167528,127.0,138.0,0.4980392156862745
5071,1.0,1.0,5208.0,0.9827912464900381,1.000539839068824,128.0,137.0,0.5019607843137255
5072,1.0,1.0,5208.0,0.9819736665689477,1.0006563955992487,128.0,136.0,0.5019607843137255
5073,1.0,1.0,5208.0,0.9811086489283019,1.0007746794865133,129.0,135.0,0.5058823529411764
5074,1.0,1.0,5208.0,0.9801939172058884,1.000895002004006,129.0,134.0,0.5058823529411764
5075,1.0,1.0,5209.0,0.9792536040652695,0.999954688863387,129.0,134.0,0.5058823529411764
5076,1.0,1.0,5209.0,0.9782334822861849,1.0000240978631507,130.0,133.0,0.5098039215686274
5077,1.0,1.0,5209.0,0.9771560801973272,1.0000935702783438,130.0,132.0,0.5098039215686274
5078,1.0,1.0,5209.0,0.9760185625300414,1.0001632889311114,130.0,131.0,0.5098039215686274
5079,1.0,1.0,5209.0,0.9748179358167821,1.0002334372915926,131.0,130.0,0.5137254901960784
5080,1.0,1.0,5209.0,0.9735510405135668,1.0003041999607358,131.0,129.0,0.5137254901960784
5081,0.0,1.0,5209.0,0.9722145426853872,1.0003757631560914,131.0,128.0,0.5137254901960784
5082,1.0,1.0,5211.0,0.9735069072312408,1.0002600666784098,132.0,129.0,0.5176470588235295
5083,1.0,1.0,5213.0,0.9747295531119133,1.0001450545867239,132.0,130.0,0.5176470588235295
5084,1.0,1.0,5215.0,0.9758856978165646,1.0000304242176348,132.0,131.0,0.5176470588235295
5085,1.0,1.0,5217.0,0.9769783838312593,0.9999158739122759,132.0,132.0,0.5176470588235295
5086,1.0,1.0,5218.0,0.977982549958873,1.0009200400398897,133.0,132.0,0.5215686274509804
5087,1.0,1.0,5220.0,0.9789581824670492,1.000748798044015,133.0,133.0,0.5215686274509804
5088,1.0,1.0,5222.0,0.9798505050845541,1.0005515898826716,133.0,134.0,0.5215686274509804
5089,1.0,1.0,5224.0,0.9806911297080545,1.000357160266266,133.0,135.0,0.5215686274509804
5090,1.0,1.0,5226.0,0.9815048937317029,1.000187622762004,133.0,136.0,0.5215686274509804
5091,1.0,1.0,5227.0,0.982247231817196,1.000929960847497,133.0,136.0,0.5215686274509804
5092,1.0,1.0,5229.0,0.9829668043083871,1.0007153968871731,133.0,137.0,0.5215686274509804
5093,1.0,1.0,5231.0,0.98364155260039,1.0005027155502366,133.0,138.0,0.5215686274509804
5094,1.0,1.0,5233.0,0.9842732523466042,1.0002913571489584,133.0,139.0,0.5215686274509804
5095,1.0,1.0,5234.0,0.9848440566845755,1.0008621614869297,133.0,139.0,0.5215686274509804
5096,1.0,1.0,5236.0,0.985395512992988,1.0006127125552247,133.0,140.0,0.5215686274509804
5097,1.0,1.0,5238.0,0.9859085364408559,1.0003648760249806,132.0,141.0,0.5176470588235295
5098,1.0,1.0,5239.0,0.9863668700096211,1.000823209593746,132.0,141.0,0.5176470588235295
5099,1.0,1.0,5241.0,0.9868078606892144,1.000541383294133,131.0,142.0,0.5137254901960784
5100,1.0,1.0,5242.0,0.9871974084864772,1.0009309310913956,130.0,142.0,0.5098039215686274
5101,1.0,1.0,5244.0,0.987570872333704,1.0006177188083767,129.0,143.0,0.5058823529411764
5102,1.0,1.0,5245.0,0.987895737560293,1.0009425840349657,128.0,143.0,0.5019607843137255
5103,1.0,1.0,5247.0,0.9882054761909217,1.0005999803418606,125.0,144.0,0.49019607843137253
5104,1.0,1.0,5248.0,0.9884690807305601,1.000863584881499,122.0,144.0,0.47843137254901963
5105,1.0,1.0,5250.0,0.9887182311357421,1.000493010079134,121.0,145.0,0.4745098039215686
5106,1.0,1.0,5251.0,0.9889233515985737,1.0006981305419658,122.0,145.0,0.47843137254901963
5107,1.0,1.0,5252.0,0.9891000777801868,1.0008748567235788,123.0,145.0,0.4823529411764706
5108,1.0,1.0,5254.0,0.9892632158263984,1.0004492558226208,124.0,146.0,0.48627450980392156
5109,1.0,1.0,5255.0,0.9893844751543441,1.0005705151505666,125.0,146.0,0.49019607843137253
5110,1.0,1.0,5256.0,0.9894785159444366,1.000664555940659,126.0,146.0,0.49411764705882355
5111,1.0,1.0,5257.0,0.9895455856724393,1.0007316256686618,127.0,146.0,0.4980392156862745
5112,1.0,1.0,5258.0,0.9895858608376363,1.0007719008338587,128.0,146.0,0.5019607843137255
5113,1.0,1.0,5259.0,0.9895994474273048,1.0007854874235271,129.0,146.0,0.5058823529411764
5114,1.0,1.0,5260.0,0.9895863811956278,1.0007724211918503,130.0,146.0,0.5098039215686274
5115,1.0,1.0,5261.0,0.9895466277577851,1.0007326677540076,131.0,146.0,0.5137254901960784
5116,1.0,1.0,5262.0,0.989480082499467,1.0006661224956894,132.0,146.0,0.5176470588235295
5117,1.0,1.0,5263.0,0.9893865703015721,1.0005726102977945,133.0,146.0,0.5215686274509804
5118,1.0,1.0,5264.0,0.9892658450793694,1.000451885075592,133.0,146.0,0.5215686274509804
5119,1.0,1.0,5264.0,0.9891032480579875,1.0008780270013795,134.0,145.0,0.5254901960784314
5120,1.0,1.0,5265.0,0.9889270712440406,1.0007018501874325,134.0,145.0,0.5254901960784314
5121,1.0,1.0,5266.0,0.9887225099374157,1.0004972888808077,135.0,145.0,0.5294117647058824
5122,1.0,1.0,5266.0,0.9884739299484449,1.0008684340993839,135.0,144.0,0.5294117647058824
5123,1.0,1.0,5267.0,0.9882109085861175,1.0006054127370565,136.0,144.0,0.5333333333333333
5124,1.0,1.0,5267.0,0.9879017674285764,1.000948613903249,136.0,143.0,0.5333333333333333
5125,1.0,1.0,5268.0,0.9875775155431497,1.0006243620178223,137.0,143.0,0.5372549019607843
5126,1.0,1.0,5268.0,0.9872046825192151,1.0009382051241336,137.0,142.0,0.5372549019607843
5127,1.0,1.0,5269.0,0.9868157846874359,1.0005493072923544,138.0,142.0,0.5411764705882353
5128,1.0,1.0,5269.0,0.9863754648259531,1.000831804410078,138.0,141.0,0.5411764705882353
5129,1.0,1.0,5270.0,0.9859178246932361,1.000374164277361,139.0,141.0,0.5450980392156862
5130,1.0,1.0,5270.0,0.985405519124186,1.0006227186864225,139.0,140.0,0.5450980392156862
5131,1.0,1.0,5270.0,0.9848548070265155,1.0008729118288697,140.0,139.0,0.5490196078431373
5132,1.0,1.0,5271.0,0.9842847751896598,1.0003028799920142,140.0,139.0,0.5490196078431373
5133,1.0,1.0,5271.0,0.9836538782678321,1.0005150412176789,139.0,138.0,0.5450980392156862
5134,1.0,1.0,5271.0,0.982979965236183,1.000728557814969,138.0,137.0,0.5411764705882353
5135,1.0,1.0,5271.0,0.9822612626393659,1.000943991669667,138.0,136.0,0.5411764705882353
5136,1.0,1.0,5272.0,0.9815198313714631,1.0002025604017641,138.0,136.0,0.5411764705882353
5137,1.0,1.0,5272.0,0.9807070134749836,1.000373044033195,139.0,135.0,0.5450980392156862
5138,1.0,1.0,5272.0,0.9798434245613327,1.00054450935945,139.0,134.0,0.5450980392156862
5139,1.0,1.0,5272.0,0.9789267920281064,1.0007174076050722,138.0,133.0,0.5411764705882353
5140,1.0,1.0,5272.0,0.9779547036844279,1.0008921937654445,138.0,132.0,0.5411764705882353
5141,1.0,1.0,5273.0,0.9769540084416422,0.9998914985226587,139.0,132.0,0.5450980392156862
5142,1.0,1.0,5273.0,0.975864729166013,1.000009455567083,139.0,131.0,0.5450980392156862
5143,1.0,1.0,5273.0,0.9747119360197682,1.0001274374945788,139.0,130.0,0.5450980392156862
5144,1.0,1.0,5273.0,0.9734925953367334,1.0002457547839025,139.0,129.0,0.5450980392156862
5145,1.0,1.0,5273.0,0.9722034983256372,1.0003647187963416,138.0,128.0,0.5411764705882353
5146,1.0,1.0,5273.0,0.9708412526259245,1.0004846425950868,139.0,127.0,0.5450980392156862
5147,1.0,1.0,5273.0,0.9694022733804903,1.0006058417690824,139.0,126.0,0.5450980392156862
5148,1.0,1.0,5273.0,0.967882773801847,1.0007286352635227,140.0,125.0,0.5490196078431373
5149,1.0,1.0,5273.0,0.9662787552068927,1.0008533462191829,140.0,124.0,0.5490196078431373
5150,1.0,1.0,5273.0,0.9645859964940617,1.0009803028227884,140.0,123.0,0.5490196078431373
5151,1.0,1.0,5274.0,0.9628467024022507,0.9992410087309773,140.0,123.0,0.5490196078431373
5152,1.0,1.0,5274.0,0.9609653100759226,0.9992751062114242,141.0,122.0,0.5529411764705883
5153,1.0,1.0,5275.0,0.9590303100046235,0.9973401061401252,140.0,122.0,0.5490196078431373
5154,0.0,0.0,5325.0,0.9578170824509737,0.9609199733104496,141.0,171.0,0.5529411764705883
5155,1.0,0.0,5329.0,0.9583067497760933,0.9609670908267365,141.0,174.0,0.5529411764705883
5156,1.0,0.0,5333.0,0.9586853310503807,0.9609662409586759,141.0,177.0,0.5529411764705883
5157,1.0,0.0,5337.0,0.9589540175046279,0.9609096126372525,142.0,180.0,0.5568627450980392
5158,1.0,1.0,5315.0,0.9590069004982289,0.9653695210802884,142.0,157.0,0.5568627450980392
5159,1.0,1.0,5310.0,0.959006833243607,0.9676623777587965,142.0,151.0,0.5568627450980392
5160,1.0,1.0,5320.0,0.9590050422571634,0.9644601940787066,142.0,160.0,0.5568627450980392
5161,1.0,0.0,5340.0,0.9589182639014966,0.960976785093733,143.0,179.0,0.5607843137254902
5162,1.0,0.0,5339.0,0.9586353520710402,0.9609162619793354,143.0,177.0,0.5607843137254902
5163,1.0,0.0,5337.0,0.9582399067236667,0.9609002477743098,143.0,174.0,0.5607843137254902
5164,1.0,0.0,5334.0,0.957729221357487,0.9609954222621985,143.0,170.0,0.5607843137254902
5165,1.0,0.0,5332.0,0.9571090295116532,0.9609185654844906,143.0,167.0,0.5607843137254902
5166,1.0,0.0,5330.0,0.956374009225162,0.9608172644785079,144.0,164.0,0.5647058823529412
5167,1.0,0.0,5327.0,0.9555152565129905,0.9609704083345337,144.0,160.0,0.5647058823529412
5168,0.0,0.0,5325.0,0.9545423321298885,0.960904952711948,145.0,157.0,0.5686274509803921
5169,1.0,0.0,5332.0,0.9561449314106878,0.9608220422036834,145.0,163.0,0.5686274509803921
5170,1.0,0.0,5340.0,0.9576257334591045,0.960891934363816,145.0,170.0,0.5686274509803921
5171,1.0,0.0,5351.0,0.9589927903462403,0.9609483854788649,146.0,180.0,0.5725490196078431
5172,1.0,1.0,5293.0,0.9593621828761507,0.9996882840714157,146.0,121.0,0.5725490196078431
5173,1.0,1.0,5294.0,0.9604890055413856,1.0008151067366506,147.0,121.0,0.5764705882352941
5174,1.0,1.0,5296.0,0.9615635520351511,0.9998733481706528,147.0,122.0,0.5764705882352941
5175,1.0,1.0,5297.0,0.962441175491302,1.0007509716268037,147.0,122.0,0.5764705882352941
5176,1.0,1.0,5299.0,0.9633157344259267,0.9997100407546533,148.0,123.0,0.5803921568627451
5177,1.0,1.0,5300.0,0.9640494294208332,1.0004437357495597,148.0,123.0,0.5803921568627451
5178,1.0,1.0,5302.0,0.9647351770181458,0.9993097680304361,148.0,124.0,0.5803921568627451
5179,1.0,1.0,5303.0,0.9652860123709197,0.99986060338321,149.0,124.0,0.5843137254901961
5180,1.0,1.0,5304.0,0.9657477114446065,1.0003223024568968,149.0,124.0,0.5843137254901961
5181,1.0,1.0,5305.0,0.9661214892367682,1.0006960802490585,149.0,124.0,0.5843137254901961
5182,1.0,1.0,5306.0,0.9664083293731739,1.000982920385464,150.0,124.0,0.5882352941176471
5183,1.0,1.0,5308.0,0.966651096775085,0.9994969582367608,150.0,125.0,0.5882352941176471
5184,1.0,1.0,5309.0,0.9667660993304943,0.9996119607921701,150.0,125.0,0.5882352941176471
5185,1.0,1.0,5310.0,0.9667957497565025,0.9996416112181783,150.0,125.0,0.5882352941176471
5186,1.0,1.0,5311.0,0.9667401260805468,0.9995859875422226,151.0,125.0,0.592156862745098
5187,1.0,1.0,5312.0,0.9665569718457354,0.9994028333074112,151.0,125.0,0.592156862745098
5188,1.0,1.0,5312.0,0.966285809642097,1.0008604006543873,151.0,124.0,0.592156862745098
5189,1.0,1.0,5313.0,0.9659702522836188,1.000544843295909,151.0,124.0,0.592156862745098
5190,1.0,1.0,5314.0,0.9655673592774026,1.0001419502896929,151.0,124.0,0.592156862745098
5191,1.0,1.0,5315.0,0.965076070378695,0.9996506613909854,151.0,124.0,0.592156862745098
5192,1.0,1.0,5315.0,0.9644507663232398,1.0008450726519664,152.0,123.0,0.596078431372549
5193,1.0,1.0,5316.0,0.9637785710199339,1.0001728773486604,152.0,123.0,0.596078431372549
5194,1.0,1.0,5317.0,0.9629667297679467,0.9993610360966734,152.0,123.0,0.596078431372549
5195,1.0,1.0,5317.0,0.9620574325416648,1.0003672286771665,152.0,122.0,0.596078431372549
5196,1.0,1.0,5318.0,0.9610974015769009,0.9994071977124026,151.0,122.0,0.592156862745098
5197,1.0,1.0,5318.0,0.9599883359860406,1.0003144371813055,151.0,121.0,0.592156862745098
5198,1.0,1.0,5323.0,0.9590078876401192,0.991853749101795,151.0,125.0,0.592156862745098
5199,1.0,0.0,5375.0,0.9584810664780736,0.9608820242762791,151.0,176.0,0.592156862745098
5200,1.0,0.0,5367.0,0.9570692207248672,0.9608787566977046,150.0,167.0,0.5882352941176471
5201,1.0,0.0,5361.0,0.9555388694431255,0.9609940212646687,150.0,160.0,0.5882352941176471
5202,1.0,0.0,5357.0,0.9538931016430737,0.9609430967478487,149.0,155.0,0.5843137254901961
5203,1.0,0.0,5354.0,0.952126191032463,0.9607817355476524,148.0,151.0,0.5803921568627451
5204,1.0,0.0,5351.0,0.950224944842095,0.9608516828385063,147.0,147.0,0.5764705882352941
5205,1.0,0.0,5349.0,0.9481983481466576,0.9605928522975966,145.0,144.0,0.5686274509803921
5206,0.0,0.0,5347.0,0.9460290626082424,0.9604854021923671,143.0,141.0,0.5607843137254902
5207,1.0,0.0,5348.0,0.94640047811947,0.9608568177035948,139.0,141.0,0.5450980392156862
5208,1.0,0.0,5350.0,0.9466493760260255,0.9603828986309441,134.0,142.0,0.5254901960784314
5209,1.0,0.0,5351.0,0.9467411508274524,0.9604746734323709,128.0,142.0,0.5019607843137255
5210,1.0,0.0,5352.0,0.9466936511166489,0.9604271737215675,129.0,142.0,0.5058823529411764
5211,1.0,0.0,5352.0,0.9464891448141133,0.960945484398238,129.0,141.0,0.5058823529411764
5212,1.0,0.0,5353.0,0.9461623542403125,0.9606186938244372,130.0,141.0,0.5098039215686274
5213,1.0,0.0,5353.0,0.9456762785710919,0.9608934781333285,130.0,140.0,0.5098039215686274
5214,1.0,0.0,5354.0,0.9450667549704241,0.9602839545326607,131.0,140.0,0.5137254901960784
5215,1.0,0.0,5354.0,0.9442941364299284,0.9603122412322828,131.0,139.0,0.5137254901960784
5216,1.0,0.0,5354.0,0.9433749235116169,0.9602360864614635,132.0,138.0,0.5176470588235295
5217,1.0,0.0,5353.0,0.9422839426282548,0.9609666716585558,132.0,136.0,0.5176470588235295
5218,1.0,0.0,5353.0,0.941062694258965,0.9607287248171766,132.0,135.0,0.5176470588235295
5219,1.0,0.0,5353.0,0.9396863477166726,0.9603874325147901,133.0,134.0,0.5215686274509804
5220,1.0,0.0,5353.0,0.9381512810367924,0.9599418966137581,133.0,133.0,0.5215686274509804
5221,0.0,0.0,5352.0,0.9364240475316015,0.9605687739326716,134.0,131.0,0.5254901960784314
5222,1.0,0.0,5354.0,0.9372493863383441,0.9601868764193606,134.0,132.0,0.5254901960784314
5223,1.0,0.0,5355.0,0.9378816552646031,0.9608191453456196,135.0,132.0,0.5294117647058824
5224,0.0,0.0,5357.0,0.9383798619011765,0.9601704774781422,135.0,133.0,0.5294117647058824
5225,1.0,0.0,5361.0,0.9413966543033592,0.9600793833336602,136.0,136.0,0.5333333333333333
5226,1.0,0.0,5365.0,0.9442496275701404,0.9602677323724947,136.0,139.0,0.5333333333333333
5227,1.0,0.0,5369.0,0.9469476586980407,0.9606811813029592,136.0,142.0,0.5333333333333333
5228,1.0,0.0,5374.0,0.949513362739852,0.9606994027360745,137.0,146.0,0.5372549019607843
5229,1.0,0.0,5380.0,0.9519465104747649,0.9606020549899543,137.0,151.0,0.5372549019607843
5230,1.0,0.0,5386.0,0.9542398122957744,0.9609373076453107,138.0,156.0,0.5411764705882353
5231,1.0,0.0,5395.0,0.9564203368041011,0.960863592057447,138.0,164.0,0.5411764705882353
5232,1.0,0.0,5408.0,0.958481300106924,0.9608822579051295,139.0,176.0,0.5450980392156862
5233,1.0,1.0,5354.0,0.9594595917138248,0.9997856929090898,139.0,121.0,0.5450980392156862
5234,1.0,1.0,5356.0,0.9613067157610689,0.9996165118965705,139.0,122.0,0.5450980392156862
5235,1.0,1.0,5358.0,0.9630520153761051,0.9994463217048317,140.0,123.0,0.5490196078431373
5236,1.0,1.0,5360.0,0.9647000834526575,0.9992746744649478,140.0,124.0,0.5490196078431373
5237,1.0,1.0,5361.0,0.9662131469331829,1.0007877379454733,141.0,124.0,0.5529411764705883
5238,1.0,1.0,5363.0,0.9676816240412136,1.0005274855028894,141.0,125.0,0.5529411764705883
5239,1.0,1.0,5365.0,0.9690650527914582,1.0002686211800502,141.0,126.0,0.5529411764705883
5240,1.0,1.0,5367.0,0.9703670737858907,1.000010463755053,142.0,127.0,0.5568627450980392
5241,1.0,1.0,5369.0,0.971591113395549,0.9997523338662533,142.0,128.0,0.5568627450980392
5242,1.0,1.0,5370.0,0.972706093854933,1.0008673143256372,142.0,128.0,0.5568627450980392
5243,1.0,1.0,5372.0,0.9737853523743227,1.0005385118214918,143.0,129.0,0.5607843137254902
5244,1.0,1.0,5374.0,0.974795624978908,1.0002111264537186,143.0,130.0,0.5607843137254902
5245,1.0,1.0,5376.0,0.9757395702808063,0.9998842966818764,143.0,131.0,0.5607843137254902
5246,1.0,1.0,5377.0,0.976590265308036,1.0007349917091062,144.0,131.0,0.5647058823529412
5247,1.0,1.0,5379.0,0.9774103105477241,1.0003478006287407,144.0,132.0,0.5647058823529412
5248,1.0,1.0,5381.0,0.978170909236222,0.9999615248131877,144.0,133.0,0.5647058823529412
5249,1.0,1.0,5382.0,0.9788475230967204,1.0006381386736862,145.0,133.0,0.5686274509803921
5250,1.0,1.0,5384.0,0.9794964092309526,1.00019749402907,145.0,134.0,0.5686274509803921
5251,1.0,1.0,5385.0,0.9800661256876816,1.000767210485799,145.0,134.0,0.5686274509803921
5252,1.0,1.0,5387.0,0.980609924432736,1.0002759549909475,145.0,135.0,0.5686274509803921
5253,1.0,1.0,5388.0,0.9810787444464343,1.0007447750046459,146.0,135.0,0.5725490196078431
5254,1.0,1.0,5390.0,0.9815229845420499,1.000205713572351,146.0,136.0,0.5725490196078431
5255,1.0,1.0,5391.0,0.9818958463069061,1.0005785753372072,146.0,136.0,0.5725490196078431
5256,1.0,1.0,5392.0,0.9822222631728788,1.0009049922031799,146.0,136.0,0.5725490196078431
5257,1.0,1.0,5394.0,0.982525848737591,1.0002744413163769,146.0,137.0,0.5725490196078431
5258,1.0,1.0,5395.0,0.9827618328181411,1.000510425396927,146.0,137.0,0.5725490196078431
5259,1.0,1.0,5396.0,0.9829535910311376,1.0007021836099235,146.0,137.0,0.5725490196078431
5260,1.0,1.0,5397.0,0.983101628003457,1.000850220582243,146.0,137.0,0.5725490196078431
5261,1.0,1.0,5398.0,0.983206333306079,1.000954925884865,146.0,137.0,0.5725490196078431
5262,1.0,1.0,5400.0,0.9832895993548505,1.0001507623046972,146.0,138.0,0.5725490196078431
5263,1.0,1.0,5401.0,0.9833083546332841,1.0001695175831309,146.0,138.0,0.5725490196078431
5264,1.0,1.0,5402.0,0.9832842653729527,1.0001454283227993,145.0,138.0,0.5686274509803921
5265,1.0,1.0,5402.0,0.9831956513054889,1.0009442438842748,145.0,137.0,0.5686274509803921
5266,1.0,1.0,5403.0,0.9830855698736468,1.0008341624524328,144.0,137.0,0.5647058823529412
5267,1.0,1.0,5404.0,0.982932114513871,1.0006807070926569,143.0,137.0,0.5607843137254902
5268,1.0,1.0,5405.0,0.9827348813962671,1.000483473975053,142.0,137.0,0.5568627450980392
5269,1.0,1.0,5406.0,0.9824933514863154,1.0002419440651014,141.0,137.0,0.5529411764705883
5270,1.0,1.0,5406.0,0.9821841345731194,1.0008668636034204,139.0,136.0,0.5450980392156862
5271,1.0,1.0,5407.0,0.9818519860202424,1.0005347150505435,136.0,136.0,0.5333333333333333
5272,1.0,1.0,5408.0,0.981473277146675,1.000156006176976,132.0,136.0,0.5176470588235295
5273,1.0,1.0,5408.0,0.9810230591334128,1.0006890896916243,123.0,135.0,0.4823529411764706
5274,1.0,1.0,5409.0,0.9805229018020807,1.0001889323602922,122.0,135.0,0.47843137254901963
5275,1.0,1.0,5409.0,0.9799714889491751,1.0006725737472926,122.0,134.0,0.47843137254901963
5276,1.0,1.0,5410.0,0.9793939093405462,1.0000949941386637,123.0,134.0,0.4823529411764706
5277,1.0,1.0,5410.0,0.9787368903178604,1.0005275058948262,124.0,133.0,0.48627450980392156
5278,1.0,1.0,5410.0,0.9780239157433794,1.000961405824396,125.0,132.0,0.49019607843137253
5279,1.0,1.0,5411.0,0.9772825164067884,1.000220006487805,126.0,132.0,0.49411764705882355
5280,1.0,1.0,5411.0,0.9764533975319994,1.0005981239330695,127.0,131.0,0.4980392156862745
5281,1.0,1.0,5411.0,0.9755623139138735,1.0009778153886841,128.0,130.0,0.5019607843137255
5282,1.0,1.0,5412.0,0.9746395045717707,1.0000550060465814,129.0,130.0,0.5058823529411764
5283,1.0,1.0,5412.0,0.9736190023063669,1.000372161753536,130.0,129.0,0.5098039215686274
5284,1.0,1.0,5412.0,0.9725290763628218,1.000690296833526,131.0,128.0,0.5137254901960784
5285,1.0,1.0,5413.0,0.971402962643777,0.9995641831144813,132.0,128.0,0.5176470588235295
5286,1.0,1.0,5413.0,0.9701672946409003,0.9998106846100627,133.0,127.0,0.5215686274509804
5287,1.0,1.0,5413.0,0.9688531195186577,1.0000566879072497,134.0,126.0,0.5254901960784314
5288,1.0,1.0,5413.0,0.967456978921464,1.0003028403831398,135.0,125.0,0.5294117647058824
5289,1.0,1.0,5413.0,0.9659751987951164,1.0005497898074067,136.0,124.0,0.5333333333333333
5290,1.0,1.0,5413.0,0.9644038797182295,1.0007981860469561,137.0,123.0,0.5372549019607843
5291,1.0,1.0,5414.0,0.9627855460076894,0.999179852336416,138.0,123.0,0.5411764705882353
5292,1.0,1.0,5414.0,0.9610249531247514,0.9993347492602531,139.0,122.0,0.5450980392156862
5293,1.0,1.0,5414.0,0.9591617943289841,0.9994878955242491,139.0,121.0,0.5450980392156862
5294,1.0,0.0,5467.0,0.9581208511637727,0.9609212101644496,139.0,173.0,0.5450980392156862
5295,1.0,0.0,5457.0,0.9560383775081156,0.9609616520270584,140.0,162.0,0.5490196078431373
5296,1.0,0.0,5451.0,0.9538404382791941,0.9608904333839691,140.0,155.0,0.5490196078431373
5297,0.0,0.0,5447.0,0.9515230767855473,0.9606341762752204,140.0,150.0,0.5490196078431373
5298,1.0,0.0,5448.0,0.9517605138224066,0.9608716133120797,141.0,150.0,0.5529411764705883
5299,1.0,0.0,5449.0,0.9518715888878482,0.9609826883775213,141.0,150.0,0.5529411764705883
5300,1.0,0.0,5450.0,0.9518565942846758,0.960967693774349,141.0,150.0,0.5529411764705883
5301,1.0,0.0,5451.0,0.9517154905534074,0.9608265900430806,142.0,150.0,0.5568627450980392
5302,1.0,0.0,5452.0,0.9514479063684345,0.9605590058581076,142.0,150.0,0.5568627450980392
5303,1.0,0.0,5452.0,0.9510414566640675,0.9606320877058286,142.0,149.0,0.5568627450980392
5304,1.0,0.0,5452.0,0.9505061686877638,0.9606015697843545,142.0,148.0,0.5568627450980392
5305,1.0,0.0,5452.0,0.9498406337869543,0.9604673717833656,142.0,147.0,0.5568627450980392
5306,1.0,0.0,5451.0,0.9490287594770871,0.9608035384204792,142.0,145.0,0.5568627450980392
5307,1.0,0.0,5451.0,0.9480963743468107,0.9604908784977497,143.0,144.0,0.5607843137254902
5308,1.0,0.0,5450.0,0.9470106740017237,0.9607441966066422,143.0,142.0,0.5607843137254902
5309,1.0,0.0,5450.0,0.9458014184518415,0.9602577580359662,143.0,141.0,0.5607843137254902
5310,1.0,0.0,5449.0,0.944430025825572,0.9604481306279263,142.0,139.0,0.5568627450980392
5311,1.0,0.0,5448.0,0.9429093133182801,0.960657905897066,142.0,137.0,0.5568627450980392
5312,0.0,0.0,5447.0,0.941234945976918,0.9609009765351296,141.0,135.0,0.5529411764705883
5313,1.0,0.0,5449.0,0.9421094323861823,0.9607921614164833,141.0,136.0,0.5529411764705883
5314,1.0,0.0,5451.0,0.9428315751964627,0.9605801677752486,141.0,137.0,0.5529411764705883
5315,1.0,0.0,5453.0,0.9434032747835759,0.9602644377334225,139.0,138.0,0.5450980392156862
5316,1.0,0.0,5454.0,0.9438054995883216,0.9606666625381682,139.0,138.0,0.5450980392156862
5317,0.0,0.0,5455.0,0.9440609249726051,0.9609220879224517,138.0,138.0,0.5411764705882353
5318,1.0,0.0,5460.0,0.9468779881668246,0.9606115107717431,137.0,142.0,0.5372549019607843
5319,1.0,0.0,5465.0,0.949542004899654,0.9607280448958765,138.0,146.0,0.5411764705882353
5320,1.0,0.0,5471.0,0.9520735406996899,0.9607290852148793,138.0,151.0,0.5411764705882353
5321,1.0,0.0,5478.0,0.9544646836264997,0.9608273042085592,139.0,157.0,0.5450980392156862
5322,1.0,0.0,5487.0,0.9567413033187453,0.9609623958094239,140.0,165.0,0.5490196078431373
5323,1.0,0.0,5502.0,0.9589012773054599,0.9609597984976963,140.0,179.0,0.5490196078431373
5324,1.0,1.0,5445.0,0.9599861235613172,1.000312224756582,141.0,121.0,0.5529411764705883
5325,1.0,1.0,5447.0,0.9619359241594219,1.0002457202949235,140.0,122.0,0.5490196078431373
5326,1.0,1.0,5449.0,0.9637855561368933,1.00017986246562,141.0,123.0,0.5529411764705883
5327,1.0,1.0,5451.0,0.9655398869463039,1.0001144779585942,141.0,124.0,0.5529411764705883
5328,1.0,1.0,5453.0,0.9672035332476786,1.0000493947093543,142.0,125.0,0.5568627450980392
5329,1.0,1.0,5455.0,0.9687808730575997,0.9999844414461917,142.0,126.0,0.5568627450980392
5330,1.0,1.0,5457.0,0.970276057270304,0.9999194472394664,142.0,127.0,0.5568627450980392
5331,1.0,1.0,5459.0,0.9716930205810882,0.9998542410517924,143.0,128.0,0.5607843137254902
5332,1.0,1.0,5461.0,0.9730354918407699,0.9997886512879389,142.0,129.0,0.5568627450980392
5333,1.0,1.0,5463.0,0.9743070038684536,0.9997225053432642,142.0,130.0,0.5568627450980392
5334,1.0,1.0,5464.0,0.9754799479709855,1.000895449445796,142.0,130.0,0.5568627450980392
5335,1.0,1.0,5466.0,0.976620949597059,1.0007656759981292,143.0,131.0,0.5607843137254902
5336,1.0,1.0,5468.0,0.9777004274062828,1.0006379174872995,144.0,132.0,0.5647058823529412
5337,1.0,1.0,5470.0,0.9787212221297339,1.0005118377066997,143.0,133.0,0.5607843137254902
5338,1.0,1.0,5472.0,0.9796860200693156,1.000387104867433,144.0,134.0,0.5647058823529412
5339,1.0,1.0,5474.0,0.9805973601669745,1.000263390725186,144.0,135.0,0.5647058823529412
5340,1.0,1.0,5476.0,0.9814336884694199,1.000116417499721,143.0,136.0,0.5607843137254902
5341,1.0,1.0,5477.0,0.9822211580573112,1.0009038870876124,144.0,136.0,0.5647058823529412
5342,1.0,1.0,5479.0,0.9829857934357431,1.000734386014529,145.0,137.0,0.5686274509803921
5343,1.0,1.0,5481.0,0.9837056545863743,1.000566817536221,146.0,138.0,0.5725490196078431
5344,1.0,1.0,5483.0,0.9843826358806538,1.000400740683008,147.0,139.0,0.5764705882352941
5345,1.0,1.0,5485.0,0.9850185188483034,1.00023571841054,148.0,140.0,0.5803921568627451
5346,1.0,1.0,5486.0,0.9855964430968561,1.0008136426590928,149.0,140.0,0.5843137254901961
5347,1.0,1.0,5488.0,0.9861559724785035,1.0006123120626282,149.0,141.0,0.5843137254901961
5348,1.0,1.0,5490.0,0.9866790702087784,1.0004125928136969,149.0,142.0,0.5843137254901961
5349,1.0,1.0,5491.0,0.9871503861344059,1.0008839087393244,149.0,142.0,0.5843137254901961
5350,1.0,1.0,5493.0,0.9876054943669657,1.0006523408416383,149.0,143.0,0.5843137254901961
5351,1.0,1.0,5495.0,0.9880279854794383,1.0004224896303773,147.0,144.0,0.5764705882352941
5352,1.0,1.0,5496.0,0.9883879850301636,1.0007824891811026,145.0,144.0,0.5686274509803921
5353,1.0,1.0,5498.0,0.9887484129071353,1.0005231918505273,140.0,145.0,0.5490196078431373
5354,1.0,1.0,5499.0,0.9890648902674706,1.0008396692108625,135.0,145.0,0.5294117647058824
5355,1.0,1.0,5501.0,0.9893676868936869,1.0005537268899094,135.0,146.0,0.5294117647058824
5356,1.0,1.0,5502.0,0.9896288797254984,1.0008149197217209,135.0,146.0,0.5294117647058824
5357,1.0,1.0,5504.0,0.9898771212124533,1.0005038592088646,134.0,147.0,0.5254901960784314
5358,1.0,1.0,5505.0,0.9900857807227854,1.0007125187191968,134.0,147.0,0.5254901960784314
5359,1.0,1.0,5506.0,0.9902690313835415,1.0008957693799527,135.0,147.0,0.5294117647058824
5360,1.0,1.0,5508.0,0.9904402982552214,1.0005356993518122,135.0,148.0,0.5294117647058824
5361,1.0,1.0,5509.0,0.9905741123362237,1.0006695134328145,133.0,148.0,0.5215686274509804
5362,1.0,1.0,5510.0,0.9906837685907859,1.0007791696873767,134.0,148.0,0.5254901960784314
5363,1.0,1.0,5511.0,0.9907695555879987,1.0008649566845895,134.0,148.0,0.5254901960784314
5364,1.0,1.0,5512.0,0.9908316990831179,1.0009271001797087,135.0,148.0,0.5294117647058824
5365,1.0,1.0,5513.0,0.990870362611657,1.0009657637082476,134.0,148.0,0.5254901960784314
5366,1.0,1.0,5514.0,0.9908856479197437,1.0009810490163344,135.0,148.0,0.5294117647058824
5367,1.0,1.0,5515.0,0.990877595231873,1.0009729963284637,134.0,148.0,0.5254901960784314
5368,1.0,1.0,5516.0,0.9908461833567612,1.000941584453352,135.0,148.0,0.5294117647058824
5369,1.0,1.0,5517.0,0.990791329631579,1.0008867307281697,134.0,148.0,0.5254901960784314
5370,1.0,1.0,5518.0,0.9907128897044177,1.0008082908010085,134.0,148.0,0.5254901960784314
5371,1.0,1.0,5519.0,0.9906106571544169,1.0007060582510077,135.0,148.0,0.5294117647058824
5372,1.0,1.0,5520.0,0.9904843629485497,1.0005797640451404,135.0,148.0,0.5294117647058824
5373,1.0,1.0,5520.0,0.9903207319117244,1.0009474699081358,136.0,147.0,0.5333333333333333
5374,1.0,1.0,5521.0,0.9901316291167721,1.0007583671131834,135.0,147.0,0.5294117647058824
5375,1.0,1.0,5522.0,0.9899301809478309,1.0005569189442423,135.0,147.0,0.5294117647058824
5376,1.0,1.0,5522.0,0.9896892904331496,1.000875330429372,135.0,146.0,0.5294117647058824
5377,1.0,1.0,5523.0,0.9894356075491579,1.0006216475453804,135.0,146.0,0.5294117647058824
5378,1.0,1.0,5523.0,0.9891404996093287,1.0009152785527207,136.0,145.0,0.5333333333333333
5379,1.0,1.0,5524.0,0.9888319099073324,1.0006066888507243,136.0,145.0,0.5333333333333333
5380,1.0,1.0,5524.0,0.9884795894176479,1.000874093568587,136.0,144.0,0.5333333333333333
5381,1.0,1.0,5525.0,0.9881128424479468,1.0005073465988858,136.0,144.0,0.5333333333333333
5382,1.0,1.0,5525.0,0.9876997176142475,1.0007465640889202,136.0,143.0,0.5333333333333333
5383,1.0,1.0,5525.0,0.9872542236163753,1.0009877462212937,137.0,142.0,0.5372549019607843
5384,1.0,1.0,5526.0,0.9867751881017038,1.0005087107066224,137.0,142.0,0.5372549019607843
5385,1.0,1.0,5526.0,0.986261350450458,1.0007176900345829,137.0,141.0,0.5372549019607843
5386,1.0,1.0,5526.0,0.9857113584582924,1.000928558020529,137.0,140.0,0.5372549019607843
5387,1.0,1.0,5527.0,0.9851432740080672,1.0003604735703038,137.0,140.0,0.5372549019607843
5388,1.0,1.0,5527.0,0.984517559141797,1.0005356639441512,137.0,139.0,0.5372549019607843
5389,1.0,1.0,5527.0,0.9838511010101105,1.0007122639599573,138.0,138.0,0.5411764705882353
5390,1.0,1.0,5527.0,0.9831421457758192,1.000890738354605,138.0,137.0,0.5411764705882353
5391,1.0,1.0,5528.0,0.9824115823731238,1.0001601749519098,138.0,137.0,0.5411764705882353
5392,1.0,1.0,5528.0,0.9816131167853074,1.0002958458156084,138.0,136.0,0.5411764705882353
5393,1.0,1.0,5528.0,0.9807662646627153,1.0004322952209268,139.0,135.0,0.5450980392156862
5394,1.0,1.0,5528.0,0.9798687974471305,1.000569882245248,139.0,134.0,0.5450980392156862
5395,1.0,1.0,5528.0,0.9789183533827224,1.0007089689596882,138.0,133.0,0.5411764705882353
5396,1.0,1.0,5528.0,0.9779124313009002,1.0008499213819169,138.0,132.0,0.5411764705882353
5397,1.0,1.0,5528.0,0.9768483840382911,1.0009931104393612,138.0,131.0,0.5411764705882353
5398,1.0,1.0,5529.0,0.9757543662479569,0.999899092649027,138.0,131.0,0.5411764705882353
5399,1.0,1.0,5529.0,0.9745671371197098,0.9999826385945204,139.0,130.0,0.5450980392156862
5400,1.0,1.0,5529.0,0.9733129794049353,1.0000661388521044,139.0,129.0,0.5450980392156862
5401,1.0,1.0,5529.0,0.9719885926885952,1.0001498131592994,139.0,128.0,0.5450980392156862
5402,1.0,1.0,5529.0,0.970590491742488,1.0002338817116505,138.0,127.0,0.5411764705882353
5403,1.0,1.0,5529.0,0.9691149973535982,1.0003185657421902,138.0,126.0,0.5411764705882353
5404,1.0,1.0,5529.0,0.9675582266419545,1.0004040881036302,138.0,125.0,0.5411764705882353
5405,1.0,1.0,5529.0,0.9659160828425264,1.0004906738548167,138.0,124.0,0.5411764705882353
5406,1.0,1.0,5529.0,0.964184244524263,1.0005785508529896,137.0,123.0,0.5372549019607843
5407,1.0,1.0,5529.0,0.9623581542179055,1.0006679503534073,137.0,122.0,0.5372549019607843
5408,1.0,1.0,5529.0,0.9604330064226478,1.0007591076179128,135.0,121.0,0.5294117647058824
5409,0.0,1.0,5550.0,0.9590099409740214,0.9734662805581461,134.0,141.0,0.5254901960784314
5410,1.0,1.0,5532.0,0.9590001149019627,0.9973099110374644,132.0,122.0,0.5176470588235295
5411,1.0,1.0,5532.0,0.9593902409125502,0.9997163421078152,130.0,121.0,0.5098039215686274
5412,1.0,1.0,5533.0,0.959725199265803,1.000051300461068,128.0,121.0,0.5019607843137255
5413,1.0,1.0,5534.0,0.9599567563078211,1.000282857503086,123.0,121.0,0.4823529411764706
5414,1.0,1.0,5535.0,0.9600855213992413,1.0004116225945063,121.0,121.0,0.4745098039215686
5415,1.0,1.0,5536.0,0.9601118333955676,1.0004379345908325,122.0,121.0,0.47843137254901963
5416,1.0,1.0,5537.0,0.9600357615388951,1.0003618627341602,123.0,121.0,0.4823529411764706
5417,1.0,1.0,5538.0,0.9598571056401279,1.0001832068353929,124.0,121.0,0.48627450980392156
5418,1.0,1.0,5539.0,0.9595753955521636,0.9999014967474287,125.0,121.0,0.49019607843137253
5419,1.0,1.0,5540.0,0.9591898899326656,0.9995159911279307,126.0,121.0,0.49411764705882355
5420,1.0,1.0,5550.0,0.9590161218423408,0.9844316233171514,127.0,130.0,0.4980392156862745
5421,1.0,0.0,5601.0,0.9589887093794067,0.9609443045120313,128.0,180.0,0.5019607843137255
5422,0.0,0.0,5596.0,0.9582648716813338,0.960925212731977,129.0,174.0,0.5058823529411764
5423,1.0,1.0,5544.0,0.9591626217824352,0.9994887229777002,130.0,121.0,0.5098039215686274
5424,1.0,1.0,5546.0,0.9609221045140652,0.9992319006495669,131.0,122.0,0.5137254901960784
5425,1.0,1.0,5547.0,0.9625320913115389,1.0008418874470406,132.0,122.0,0.5176470588235295
5426,1.0,1.0,5549.0,0.9640925934725566,1.0004868998012832,133.0,123.0,0.5215686274509804
5427,1.0,1.0,5551.0,0.9655586024585023,1.0001331934707927,134.0,124.0,0.5254901960784314
5428,1.0,1.0,5553.0,0.9669339761877598,0.9997798376494356,135.0,125.0,0.5294117647058824
5429,1.0,1.0,5555.0,0.9682223340648797,0.9994259024534716,136.0,126.0,0.5333333333333333
5430,1.0,1.0,5556.0,0.969389062159214,1.0005926305478061,137.0,126.0,0.5372549019607843
5431,1.0,1.0,5558.0,0.9705152397288244,1.0001586296979867,138.0,127.0,0.5411764705882353
5432,1.0,1.0,5560.0,0.9715638258240371,0.9997250462947413,139.0,128.0,0.5450980392156862
5433,1.0,1.0,5561.0,0.9725032809595764,1.0006645014302806,140.0,128.0,0.5490196078431373
5434,1.0,1.0,5563.0,0.9734064804369758,1.0001596398841448,141.0,129.0,0.5529411764705883
5435,1.0,1.0,5564.0,0.974207112991907,1.000960272439076,142.0,129.0,0.5568627450980392
5436,1.0,1.0,5566.0,0.974974168450764,1.0003896699255745,143.0,130.0,0.5607843137254902
5437,1.0,1.0,5568.0,0.9756753664581757,0.9998200928592458,144.0,131.0,0.5647058823529412
5438,1.0,1.0,5569.0,0.9762831452334907,1.0004278716345607,145.0,131.0,0.5686274509803921
5439,1.0,1.0,5570.0,0.9768300589719763,1.0009747853730464,146.0,131.0,0.5725490196078431
5440,1.0,1.0,5572.0,0.977346953958878,1.0002844440398946,147.0,132.0,0.5764705882352941
5441,1.0,1.0,5573.0,0.9777762989800871,1.0007137890611038,148.0,132.0,0.5803921568627451
5442,1.0,1.0,5575.0,0.978176567616125,0.9999671831930907,149.0,133.0,0.5843137254901961
5443,1.0,1.0,5576.0,0.9784928663146368,1.0002834818916027,150.0,133.0,0.5882352941176471
5444,1.0,1.0,5577.0,0.978753964127256,1.0005445797042218,151.0,133.0,0.592156862745098
5445,1.0,1.0,5578.0,0.9789605481534891,1.000751163730455,151.0,133.0,0.592156862745098
5446,1.0,1.0,5579.0,0.9791131620355109,1.0009037776124767,152.0,133.0,0.596078431372549
5447,1.0,1.0,5581.0,0.979238747241105,0.9999398320392225,150.0,134.0,0.5882352941176471
5448,1.0,1.0,5582.0,0.979284484711328,0.9999855695094455,149.0,134.0,0.5843137254901961
5449,1.0,1.0,5583.0,0.9792770346602486,0.9999781194583661,146.0,134.0,0.5725490196078431
5450,1.0,1.0,5583.0,0.9791898376301642,1.00098045320713,144.0,133.0,0.5647058823529412
5451,1.0,1.0,5584.0,0.9790758137015331,1.0008664292784988,139.0,133.0,0.5450980392156862
5452,1.0,1.0,5585.0,0.9789081229590799,1.0006987385360457,136.0,133.0,0.5333333333333333
5453,1.0,1.0,5586.0,0.9786863241113772,1.000476939688343,135.0,133.0,0.5294117647058824
5454,1.0,1.0,5587.0,0.9784098334772471,1.000200449054213,135.0,133.0,0.5294117647058824
5455,1.0,1.0,5587.0,0.97804998676312,1.0009874768441367,134.0,132.0,0.5254901960784314
5456,1.0,1.0,5588.0,0.9776617838948298,1.0005992739758465,135.0,132.0,0.5294117647058824
5457,1.0,1.0,5589.0,0.9772162665992437,1.0001537566802603,134.0,132.0,0.5254901960784314
5458,1.0,1.0,5589.0,0.9766828554238605,1.0008275818249306,135.0,131.0,0.5294117647058824
5459,1.0,1.0,5590.0,0.9761190381191354,1.0002637645202055,135.0,131.0,0.5294117647058824
5460,1.0,1.0,5590.0,0.9754629691393161,1.0008784706141267,135.0,130.0,0.5294117647058824
5461,1.0,1.0,5591.0,0.9747749130019026,1.000190414476713,135.0,130.0,0.5294117647058824
5462,1.0,1.0,5591.0,0.9739895202791623,1.0007426797263315,136.0,129.0,0.5333333333333333
5463,1.0,1.0,5592.0,0.9731699778479457,0.9999231372951147,136.0,129.0,0.5333333333333333
5464,1.0,1.0,5592.0,0.9722472461190268,1.000408466589731,136.0,128.0,0.5333333333333333
5465,1.0,1.0,5592.0,0.9712514808272632,1.0008948707964256,136.0,127.0,0.5333333333333333
5466,1.0,1.0,5593.0,0.9702180658837907,0.999861455852953,136.0,127.0,0.5333333333333333
5467,1.0,1.0,5593.0,0.9690701733006777,1.0002737416892697,136.0,126.0,0.5333333333333333
5468,1.0,1.0,5593.0,0.9678408864367769,1.0006867478984527,136.0,125.0,0.5333333333333333
5469,1.0,1.0,5594.0,0.9665690804054541,0.9994149418671299,137.0,125.0,0.5372549019607843
5470,1.0,1.0,5594.0,0.965169293695078,0.9997438847073683,137.0,124.0,0.5372549019607843
5471,1.0,1.0,5594.0,0.9636778472312678,1.0000721535599943,137.0,123.0,0.5372549019607843
5472,1.0,1.0,5594.0,0.9620908161549084,1.00040061229041,137.0,122.0,0.5372549019607843
5473,1.0,1.0,5594.0,0.9604040240684304,1.0007301252636953,138.0,121.0,0.5411764705882353
5474,1.0,1.0,5604.0,0.9590279390912952,0.9844434405661059,138.0,130.0,0.5411764705882353
5475,1.0,0.0,5645.0,0.9577219894284436,0.9609881903331551,139.0,170.0,0.5450980392156862
5476,0.0,0.0,5637.0,0.9557187804661431,0.9609011746966092,139.0,161.0,0.5450980392156862
5477,1.0,0.0,5640.0,0.9562899378212666,0.9609670486142622,139.0,163.0,0.5450980392156862
5478,1.0,0.0,5643.0,0.9567451684636026,0.9609662609542812,139.0,165.0,0.5450980392156862
5479,1.0,0.0,5646.0,0.9570857581412795,0.9608952941141169,139.0,167.0,0.5450980392156862
5480,1.0,0.0,5648.0,0.9573082745293514,0.960927333703547,140.0,168.0,0.5490196078431373
5481,1.0,0.0,5650.0,0.9574184442714478,0.9608565504869336,140.0,169.0,0.5490196078431373
5482,1.0,0.0,5651.0,0.9574123698508855,0.9608504760663713,141.0,169.0,0.5529411764705883
5483,1.0,0.0,5651.0,0.9572900352823472,0.9609090944565428,141.0,168.0,0.5529411764705883
5484,1.0,0.0,5651.0,0.957055306069815,0.9608648420426524,142.0,167.0,0.5568627450980392
5485,1.0,0.0,5650.0,0.9567024234306476,0.9609235159213262,142.0,165.0,0.5568627450980392
5486,1.0,0.0,5649.0,0.9562347873398922,0.9609118981328878,142.0,163.0,0.5568627450980392
5487,1.0,0.0,5648.0,0.9556510794035038,0.9608334736339699,142.0,161.0,0.5568627450980392
5488,1.0,0.0,5646.0,0.9549423044145353,0.9609867939674919,142.0,158.0,0.5568627450980392
5489,1.0,0.0,5645.0,0.9541204372161265,0.9608179325656628,143.0,156.0,0.5607843137254902
5490,1.0,0.0,5643.0,0.9531670310530653,0.9609786599780238,143.0,153.0,0.5607843137254902
5491,1.0,0.0,5642.0,0.952097463213297,0.9607530077284865,143.0,151.0,0.5607843137254902
5492,1.0,0.0,5640.0,0.9508878743974691,0.9609832754940598,144.0,148.0,0.5647058823529412
5493,1.0,0.0,5639.0,0.9495581968714969,0.9607442368677194,144.0,146.0,0.5647058823529412
5494,1.0,0.0,5638.0,0.9480936247098228,0.9604881288607618,145.0,144.0,0.5686274509803921
5495,1.0,0.0,5636.0,0.9464724640941069,0.9609288036782316,145.0,141.0,0.5686274509803921
5496,0.0,0.0,5635.0,0.9447235494277753,0.9607416542301296,145.0,139.0,0.5686274509803921
5497,1.0,0.0,5637.0,0.9455193283959042,0.9607365279581408,146.0,140.0,0.5725490196078431
5498,1.0,0.0,5639.0,0.9461717371756015,0.9606280767597263,146.0,141.0,0.5725490196078431
5499,1.0,0.0,5641.0,0.9466824926320767,0.9604160152369953,146.0,142.0,0.5725490196078431
5500,1.0,0.0,5642.0,0.9470362121323865,0.9607697347373051,147.0,142.0,0.5764705882352941
5501,1.0,0.0,5643.0,0.9472514335975843,0.9609849562025029,147.0,142.0,0.5764705882352941
5502,1.0,0.0,5645.0,0.9473454501261964,0.960392296600869,146.0,143.0,0.5725490196078431
5503,1.0,0.0,5646.0,0.9472850116599403,0.9603318581346129,147.0,143.0,0.5764705882352941
5504,1.0,0.0,5646.0,0.9470699591502206,0.9608034817551392,147.0,142.0,0.5764705882352941
5505,1.0,0.0,5647.0,0.94673322413958,0.9604667467444986,147.0,142.0,0.5764705882352941
5506,1.0,0.0,5647.0,0.9462395866767412,0.960695926260866,147.0,141.0,0.5764705882352941
5507,1.0,0.0,5647.0,0.9456044744419994,0.9608216740042359,148.0,140.0,0.5803921568627451
5508,1.0,0.0,5647.0,0.9448262160873679,0.9608443208897223,148.0,139.0,0.5803921568627451
5509,1.0,0.0,5647.0,0.9439027635645454,0.960763926514392,148.0,138.0,0.5803921568627451
5510,1.0,0.0,5647.0,0.9428316867353137,0.9605802793140996,148.0,137.0,0.5803921568627451
5511,1.0,0.0,5647.0,0.9416101669764381,0.9602928960067391,148.0,136.0,0.5803921568627451
5512,1.0,0.0,5646.0,0.9402097769025473,0.9609108617006648,148.0,134.0,0.5803921568627451
5513,1.0,0.0,5646.0,0.9386759963530003,0.960466611929966,148.0,133.0,0.5803921568627451
5514,1.0,0.0,5646.0,0.9369808368464876,0.9599183269275041,148.0,132.0,0.5803921568627451
5515,1.0,0.0,5645.0,0.9350888826595021,0.9605043841343127,148.0,130.0,0.5803921568627451
5516,1.0,0.0,5645.0,0.9330555167812384,0.9598086762284075,148.0,129.0,0.5803921568627451
5517,1.0,0.0,5644.0,0.9308098770814852,0.9604532670506476,148.0,127.0,0.5803921568627451
5518,1.0,0.0,5644.0,0.9284164570332623,0.9596200254218542,148.0,126.0,0.5803921568627451
5519,1.0,0.0,5643.0,0.9257925491615927,0.960367140173883,148.0,124.0,0.5803921568627451
5520,1.0,0.0,5643.0,0.9230133630994162,0.9594076694281428,147.0,123.0,0.5764705882352941
5521,0.0,0.0,5642.0,0.9199824655010929,0.9603085666963579,147.0,121.0,0.5764705882352941
5522,1.0,0.0,5643.0,0.9194709338877556,0.9597970350830206,146.0,121.0,0.5725490196078431
5523,1.0,0.0,5644.0,0.9187500686858732,0.9590761698811382,145.0,121.0,0.5686274509803921
5524,1.0,0.0,5644.0,0.9177662727520187,0.9602148003259818,144.0,120.0,0.5647058823529412
5525,1.0,0.0,5645.0,0.9166204934619722,0.9590690210359353,142.0,120.0,0.5568627450980392
5526,0.0,0.0,5645.0,0.9152035942881407,0.9598862548923124,140.0,119.0,0.5490196078431373
5527,1.0,0.0,5646.0,0.9162524110879069,0.9609350716920786,137.0,119.0,0.5372549019607843
5528,1.0,0.0,5648.0,0.9171381249581122,0.9595866525320753,131.0,120.0,0.5137254901960784
5529,1.0,0.0,5649.0,0.9177540811326802,0.9602026087066433,121.0,120.0,0.4745098039215686
5530,1.0,0.0,5650.0,0.9181563217381099,0.960604849312073,122.0,120.0,0.47843137254901963
5531,0.0,0.0,5651.0,0.9183459053023103,0.9607944328762734,123.0,120.0,0.4823529411764706
5532,1.0,0.0,5654.0,0.9210557249297543,0.9593655210652561,122.0,122.0,0.47843137254901963
5533,1.0,0.0,5656.0,0.9235060963351707,0.9599004026638973,122.0,123.0,0.47843137254901963
5534,1.0,0.0,5658.0,0.9257551679941005,0.9603297590063908,122.0,124.0,0.47843137254901963
5535,1.0,0.0,5660.0,0.9277645321174391,0.9606103935791149,122.0,125.0,0.47843137254901963
5536,1.0,0.0,5662.0,0.9296259129830418,0.9608294813716337,122.0,126.0,0.47843137254901963
5537,1.0,0.0,5664.0,0.9313020988828102,0.9609454888519726,122.0,127.0,0.47843137254901963
5538,1.0,0.0,5666.0,0.9327975008322702,0.9609587213029744,122.0,128.0,0.47843137254901963
5539,1.0,0.0,5668.0,0.93411605409971,0.960869213546879,122.0,129.0,0.47843137254901963
5540,1.0,0.0,5670.0,0.9352612285621489,0.9606767300369595,122.0,130.0,0.47843137254901963
5541,1.0,0.0,5672.0,0.9362360378365935,0.9603807642376636,123.0,131.0,0.4823529411764706
5542,1.0,0.0,5674.0,0.9370430472106082,0.9599805372916247,124.0,132.0,0.48627450980392156
5543,0.0,0.0,5675.0,0.9376564437064348,0.9605939337874513,125.0,132.0,0.49019607843137253
5544,1.0,0.0,5679.0,0.940818516909944,0.9604845474681556,125.0,135.0,0.49019607843137253
5545,1.0,0.0,5683.0,0.9438147443109841,0.9606759072608307,126.0,138.0,0.49411764705882355
5546,1.0,0.0,5688.0,0.946672059032593,0.9604055816375116,126.0,142.0,0.49411764705882355
5547,1.0,0.0,5693.0,0.9493757853740377,0.9605618253702601,126.0,146.0,0.49411764705882355
5548,1.0,0.0,5699.0,0.9519465933628843,0.9606021378780738,127.0,151.0,0.4980392156862745
5549,1.0,0.0,5706.0,0.9543857128618287,0.9607483334438882,127.0,157.0,0.4980392156862745
5550,1.0,0.0,5715.0,0.9567015147759076,0.9609226072665862,126.0,165.0,0.49411764705882355
5551,1.0,0.0,5730.0,0.9588987448245717,0.9609572660168081,126.0,179.0,0.49411764705882355
5552,1.0,1.0,5673.0,0.9600139461682919,1.0003400473635569,127.0,121.0,0.4980392156862745
5553,1.0,1.0,5675.0,0.9620023685273321,1.000312164662834,127.0,122.0,0.4980392156862745
5554,1.0,1.0,5677.0,0.9638907971193389,1.0002851034480655,128.0,123.0,0.5019607843137255
5555,1.0,1.0,5679.0,0.9656842014932387,1.000258792505529,128.0,124.0,0.5019607843137255
5556,1.0,1.0,5681.0,0.9673873011342262,1.000233162595902,128.0,125.0,0.5019607843137255
5557,1.0,1.0,5683.0,0.9690045778834615,1.0002081462720536,129.0,126.0,0.5058823529411764
5558,1.0,1.0,5685.0,0.9705402877323901,1.0001836777015525,129.0,127.0,0.5058823529411764
5559,1.0,1.0,5687.0,0.9719984720227197,1.000159692493424,130.0,128.0,0.5098039215686274
5560,1.0,1.0,5689.0,0.9733829680815302,1.0001361275286993,130.0,129.0,0.5098039215686274
5561,1.0,1.0,5691.0,0.9746974193195027,1.0001129207943134,130.0,130.0,0.5098039215686274
5562,1.0,1.0,5693.0,0.9759452848188422,1.0000900112199123,131.0,131.0,0.5137254901960784
5563,1.0,1.0,5695.0,0.9771298484361262,1.0000673385171428,131.0,132.0,0.5137254901960784
5564,1.0,1.0,5697.0,0.9782542274440313,1.0000448430209972,131.0,133.0,0.5137254901960784
5565,1.0,1.0,5699.0,0.979321380734684,1.0000224655328014,132.0,134.0,0.5176470588235295
5566,1.0,1.0,5701.0,0.9803341166062174,1.0000001471644289,132.0,135.0,0.5176470588235295
5567,1.0,1.0,5702.0,0.981271147936325,1.0009371784945365,133.0,135.0,0.5215686274509804
5568,1.0,1.0,5704.0,0.9821841056733233,1.0008668347036243,133.0,136.0,0.5215686274509804
5569,1.0,1.0,5706.0,0.983050179477883,1.000798772056669,133.0,137.0,0.5215686274509804
5570,1.0,1.0,5708.0,0.983871648491595,1.0007328114414418,133.0,138.0,0.5215686274509804
5571,1.0,1.0,5710.0,0.9846506744750219,1.000668779277376,134.0,139.0,0.5254901960784314
5572,1.0,1.0,5712.0,0.9853893074965407,1.0006065070587773,134.0,140.0,0.5254901960784314
5573,1.0,1.0,5714.0,0.986089491327261,1.0005458309113857,134.0,141.0,0.5254901960784314
5574,1.0,1.0,5716.0,0.9867354614759483,1.0004689840808667,135.0,142.0,0.5294117647058824
5575,1.0,1.0,5718.0,0.9873632516705587,1.0004100981452313,135.0,143.0,0.5294117647058824
5576,1.0,1.0,5719.0,0.987941896874365,1.0009887433490376,135.0,143.0,0.5294117647058824
5577,1.0,1.0,5721.0,0.9885055369540903,1.0009000411050293,135.0,144.0,0.5294117647058824
5578,1.0,1.0,5723.0,0.9890389284468526,1.0008137073902446,135.0,145.0,0.5294117647058824
5579,1.0,1.0,5725.0,0.9895434750144751,1.0007295150106976,135.0,146.0,0.5294117647058824
5580,1.0,1.0,5727.0,0.990020504411083,1.0006472424074944,136.0,147.0,0.5333333333333333
5581,1.0,1.0,5729.0,0.9904712719771939,1.0005666730737846,136.0,148.0,0.5333333333333333
5582,1.0,1.0,5730.0,0.9908846682624219,1.0009800693590127,136.0,148.0,0.5333333333333333
5583,1.0,1.0,5732.0,0.9912870196544697,1.000877650696231,135.0,149.0,0.5294117647058824
5584,1.0,1.0,5734.0,0.9916664421508714,1.0007775416405444,135.0,150.0,0.5294117647058824
5585,1.0,1.0,5736.0,0.9920239342318807,1.0006794787470703,135.0,151.0,0.5294117647058824
5586,1.0,1.0,5738.0,0.9923604366661318,1.0005832039555618,135.0,152.0,0.5294117647058824
5587,1.0,1.0,5739.0,0.9926668200774682,1.0008895873668981,134.0,152.0,0.5254901960784314
5588,1.0,1.0,5741.0,0.9929644476562486,1.000776076581207,134.0,153.0,0.5254901960784314
5589,1.0,1.0,5743.0,0.9932435606235981,1.0006646081023087,133.0,154.0,0.5215686274509804
5590,1.0,1.0,5744.0,0.9934958550320631,1.0009169025107736,132.0,154.0,0.5176470588235295
5591,1.0,1.0,5746.0,0.9937405474329939,1.000790542537769,131.0,155.0,0.5137254901960784
5592,1.0,1.0,5748.0,0.9939687675903273,1.0006662629398635,129.0,156.0,0.5058823529411764
5593,1.0,1.0,5749.0,0.9941729588775503,1.0008704542270865,127.0,156.0,0.4980392156862745
5594,1.0,1.0,5751.0,0.994362245172655,1.0007248657547145,123.0,157.0,0.4823529411764706
5595,1.0,1.0,5752.0,0.9945366952708456,1.0008993158529051,124.0,157.0,0.48627450980392156
5596,1.0,1.0,5754.0,0.9947049254572025,1.000749415010159,124.0,158.0,0.48627450980392156
5597,1.0,1.0,5755.0,0.994851859358566,1.0008963489115226,125.0,158.0,0.49019607843137253
5598,1.0,1.0,5757.0,0.9949929948669802,1.000735259942289,126.0,159.0,0.49411764705882355
5599,1.0,1.0,5758.0,0.9951139602617104,1.000856225337019,127.0,159.0,0.4980392156862745
5600,1.0,1.0,5759.0,0.9952224357510444,1.0009647008263531,128.0,159.0,0.5019607843137255
5601,1.0,1.0,5761.0,0.995318338702881,1.0007734905244243,128.0,160.0,0.5019607843137255
5602,1.0,1.0,5762.0,0.9954022711826287,1.000857423004172,129.0,160.0,0.5058823529411764
5603,1.0,1.0,5763.0,0.9954744540652345,1.0009296058867778,130.0,160.0,0.5098039215686274
5604,1.0,1.0,5764.0,0.9955350773056522,1.0009902291271955,130.0,160.0,0.5098039215686274
5605,1.0,1.0,5766.0,0.9955909445338924,1.0007733387643585,131.0,161.0,0.5137254901960784
5606,1.0,1.0,5767.0,0.9956288970941813,1.0008112913246474,132.0,161.0,0.5176470588235295
5607,1.0,1.0,5768.0,0.9956556789568449,1.000838073187311,133.0,161.0,0.5215686274509804
5608,1.0,1.0,5769.0,0.995671360600469,1.000853754830935,134.0,161.0,0.5254901960784314
5609,1.0,1.0,5770.0,0.9956693391973697,1.0008517334278357,135.0,161.0,0.5294117647058824
5610,1.0,1.0,5771.0,0.9956625654136413,1.0008449596441074,136.0,161.0,0.5333333333333333
5611,1.0,1.0,5772.0,0.9956447095331282,1.0008271037635943,137.0,161.0,0.5372549019607843
5612,1.0,1.0,5773.0,0.995615724566671,1.000798118797137,138.0,161.0,0.5411764705882353
5613,1.0,1.0,5774.0,0.9955755342380426,1.0007579284685086,139.0,161.0,0.5450980392156862
5614,1.0,1.0,5774.0,0.9955173886880526,1.000972540509596,140.0,160.0,0.5490196078431373
5615,1.0,1.0,5775.0,0.9954544405768916,1.0009095923984348,141.0,160.0,0.5529411764705883
5616,1.0,1.0,5776.0,0.9953798801564678,1.000835031978011,142.0,160.0,0.5568627450980392
5617,1.0,1.0,5777.0,0.9952935112151491,1.0007486630366924,143.0,160.0,0.5607843137254902
5618,1.0,1.0,5777.0,0.9951881126818607,1.0009303777571694,144.0,159.0,0.5647058823529412
5619,1.0,1.0,5778.0,0.9950774131655105,1.0008196782408192,145.0,159.0,0.5686274509803921
5620,1.0,1.0,5778.0,0.9949467656888934,1.0009912552418498,146.0,158.0,0.5725490196078431
5621,1.0,1.0,5779.0,0.9948105695728278,1.0008550591257843,147.0,158.0,0.5764705882352941
5622,1.0,1.0,5780.0,0.9946611045281801,1.0007055940811367,148.0,158.0,0.5803921568627451
5623,1.0,1.0,5780.0,0.9944902278803052,1.0008528484623647,149.0,157.0,0.5843137254901961
5624,1.0,1.0,5781.0,0.9943130090379896,1.000675629620049,150.0,157.0,0.5882352941176471
5625,1.0,1.0,5781.0,0.9941130750844037,1.00081057043394,151.0,156.0,0.592156862745098
5626,1.0,1.0,5781.0,0.9938976492231453,1.0009476443279204,152.0,155.0,0.596078431372549
5627,1.0,1.0,5782.0,0.9936752029993156,1.0007251981040906,153.0,155.0,0.6
5628,1.0,1.0,5782.0,0.9934275260403531,1.0008485735190638,154.0,154.0,0.6039215686274509
5629,1.0,1.0,5782.0,0.9931625530972863,1.0009741820222449,155.0,153.0,0.6078431372549019
5630,1.0,1.0,5783.0,0.9928896017817745,1.0007012307067331,156.0,153.0,0.611764705882353
5631,1.0,1.0,5783.0,0.9925884247285702,1.0008111920180003,157.0,152.0,0.615686274509804
5632,1.0,1.0,5783.0,0.9922677435299148,1.0009232880451042,158.0,151.0,0.6196078431372549
5633,1.0,1.0,5784.0,0.9919378111398596,1.000593355655049,159.0,151.0,0.6235294117647059
5634,1.0,1.0,5784.0,0.9915761204539847,1.0006872199436578,160.0,150.0,0.6274509803921569
5635,1.0,1.0,5784.0,0.9911922616640415,1.0007828927058027,160.0,149.0,0.6274509803921569
5636,1.0,1.0,5784.0,0.9907852246153195,1.0008806257119103,160.0,148.0,0.6274509803921569
5637,1.0,1.0,5784.0,0.9903539381576902,1.0009806761541016,159.0,147.0,0.6235294117647059
5638,1.0,1.0,5785.0,0.9899108913498643,1.0005376293462755,159.0,147.0,0.6235294117647059
5639,1.0,1.0,5785.0,0.9894283514341982,1.0006143914304206,158.0,146.0,0.6196078431372549
5640,1.0,1.0,5785.0,0.9889179913907272,1.0006927703341193,157.0,145.0,0.615686274509804
5641,1.0,1.0,5785.0,0.9883784681667057,1.0007729723176446,157.0,144.0,0.615686274509804
5642,1.0,1.0,5785.0,0.9878083619641755,1.0008552084388482,155.0,143.0,0.6078431372549019
5643,1.0,1.0,5785.0,0.9872061725036562,1.0009396951085747,150.0,142.0,0.5882352941176471
5644,1.0,1.0,5786.0,0.986587922156304,1.0003214447612225,147.0,142.0,0.5764705882352941
5645,1.0,1.0,5786.0,0.9859176501410081,1.000373989725133,141.0,141.0,0.5529411764705883
5646,1.0,1.0,5786.0,0.9852103193102939,1.0004275188725305,134.0,140.0,0.5254901960784314
5647,1.0,1.0,5786.0,0.9844640682672385,1.0004821730695928,128.0,139.0,0.5019607843137255
5648,1.0,1.0,5786.0,0.9836769331933074,1.000538096143154,126.0,138.0,0.49411764705882355
5649,1.0,1.0,5786.0,0.9828468426804113,1.0005954352591973,125.0,137.0,0.49019607843137253
5650,1.0,1.0,5786.0,0.981971612279832,1.000654341310133,123.0,136.0,0.4823529411764706
5651,1.0,1.0,5786.0,0.9810489387536733,1.0007149693118849,120.0,135.0,0.47058823529411764
5652,1.0,1.0,5786.0,0.9800763940137085,1.000777478811826,121.0,134.0,0.4745098039215686
5653,1.0,1.0,5786.0,0.9790514187316746,1.0008420343086404,122.0,133.0,0.47843137254901963
5654,1.0,1.0,5786.0,0.9779713156041976,1.0009088056852142,122.0,132.0,0.47843137254901963
5655,1.0,1.0,5786.0,0.9768332422546264,1.0009779686556965,123.0,131.0,0.4823529411764706
5656,1.0,1.0,5787.0,0.9756651585305309,0.9998098849316011,123.0,131.0,0.4823529411764706
5657,1.0,1.0,5787.0,0.9744036287113715,0.9998191301861822,124.0,130.0,0.48627450980392156
5658,1.0,1.0,5787.0,0.9730747400203998,0.9998278994675689,124.0,129.0,0.48627450980392156
5659,0.0,1.0,5787.0,0.9716749953821135,0.9998362158528178,125.0,128.0,0.49019607843137253
5660,1.0,1.0,5789.0,0.9729026932565359,0.9996558527037049,125.0,129.0,0.49019607843137253
5661,1.0,1.0,5790.0,0.9740264984527519,1.000779657899921,126.0,129.0,0.49411764705882355
5662,1.0,1.0,5792.0,0.975116251251475,1.0005317527262856,126.0,130.0,0.49411764705882355
5663,1.0,1.0,5794.0,0.9761405205008598,1.0002852469019299,127.0,131.0,0.4980392156862745
5664,1.0,1.0,5796.0,0.9771020016462995,1.000039491727316,127.0,132.0,0.4980392156862745
5665,1.0,1.0,5797.0,0.9779752882146975,1.0009127782957141,128.0,132.0,0.5019607843137255
5666,1.0,1.0,5799.0,0.978820022053805,1.0006106376307708,128.0,133.0,0.5019607843137255
5667,1.0,1.0,5801.0,0.9796090191088435,1.0003101039069608,129.0,134.0,0.5058823529411764
5668,1.0,1.0,5803.0,0.9803443556878526,1.000010386246064,129.0,135.0,0.5058823529411764
5669,1.0,1.0,5804.0,0.9810040146703874,1.000670045228599,130.0,135.0,0.5098039215686274
5670,1.0,1.0,5806.0,0.9816388970775344,1.0003216261078354,130.0,136.0,0.5098039215686274
5671,1.0,1.0,5807.0,0.9822027061869099,1.000885435217211,131.0,136.0,0.5137254901960784
5672,1.0,1.0,5809.0,0.9827436325292722,1.0004922251080581,131.0,137.0,0.5137254901960784
5673,1.0,1.0,5810.0,0.9832175305027138,1.0009661230814997,131.0,137.0,0.5137254901960784
5674,1.0,1.0,5812.0,0.9836700186886116,1.0005311816384583,131.0,138.0,0.5137254901960784
5675,1.0,1.0,5813.0,0.9840589972076815,1.0009201601575282,130.0,138.0,0.5098039215686274
5676,1.0,1.0,5815.0,0.9844276425949801,1.0004457473973343,131.0,139.0,0.5137254901960784
5677,1.0,1.0,5816.0,0.9847357988641627,1.000753903666517,131.0,139.0,0.5137254901960784
5678,1.0,1.0,5818.0,0.9850243222147856,1.0002415217770222,132.0,140.0,0.5176470588235295
5679,1.0,1.0,5819.0,0.985254902118329,1.0004721016805656,131.0,140.0,0.5137254901960784
5680,1.0,1.0,5820.0,0.9854476545942203,1.000664854156457,132.0,140.0,0.5176470588235295
5681,1.0,1.0,5821.0,0.9856030868858175,1.0008202864480542,132.0,140.0,0.5176470588235295
5682,1.0,1.0,5822.0,0.9857216080254667,1.0009388075877033,133.0,140.0,0.5215686274509804
5683,1.0,1.0,5824.0,0.9858220636796013,1.0002784032637262,132.0,141.0,0.5176470588235295
5684,1.0,1.0,5825.0,0.9858676018947353,1.00032394147886,133.0,141.0,0.5215686274509804
5685,1.0,1.0,5826.0,0.9858768762769747,1.0003332158610996,133.0,141.0,0.5215686274509804
5686,1.0,1.0,5827.0,0.9858499112325882,1.000306250816713,134.0,141.0,0.5254901960784314
5687,1.0,1.0,5827.0,0.9857681020322353,1.0009853015944719,134.0,140.0,0.5254901960784314
5688,1.0,1.0,5828.0,0.9856683496990175,1.000885549261254,134.0,140.0,0.5254901960784314
5689,1.0,1.0,5829.0,0.985531857958097,1.0007490575203335,134.0,140.0,0.5254901960784314
5690,1.0,1.0,5830.0,0.9853582676206816,1.0005754671829181,135.0,140.0,0.5294117647058824
5691,1.0,1.0,5831.0,0.9851471218700942,1.0003643214323308,135.0,140.0,0.5294117647058824
5692,1.0,1.0,5831.0,0.984878355829415,1.0008964606317692,136.0,139.0,0.5333333333333333
5693,1.0,1.0,5832.0,0.9845903320200846,1.0006084368224388,135.0,139.0,0.5294117647058824
5694,1.0,1.0,5833.0,0.9842627832545021,1.0002808880568563,136.0,139.0,0.5333333333333333
5695,1.0,1.0,5833.0,0.983874311530434,1.0007354744802808,136.0,138.0,0.5333333333333333
5696,1.0,1.0,5834.0,0.9834650206596545,1.0003261836095012,137.0,138.0,0.5372549019607843
5697,1.0,1.0,5834.0,0.9829916806535499,1.0007402732323358,137.0,137.0,0.5372549019607843
5698,1.0,1.0,5835.0,0.9824963365181931,1.000244929096979,138.0,137.0,0.5411764705882353
5699,1.0,1.0,5835.0,0.9819333132349393,1.0006160422652404,137.0,136.0,0.5372549019607843
5700,1.0,1.0,5835.0,0.9813227460391455,1.000988776597357,138.0,135.0,0.5411764705882353
5701,1.0,1.0,5836.0,0.9806882410347239,1.0003542715929354,138.0,135.0,0.5411764705882353
5702,1.0,1.0,5836.0,0.9799789633952669,1.0006800481933844,138.0,134.0,0.5411764705882353
5703,1.0,1.0,5837.0,0.979243538669682,0.9999446234677994,139.0,134.0,0.5450980392156862
5704,1.0,1.0,5837.0,0.9784282788177481,1.000218894394714,139.0,133.0,0.5450980392156862
5705,1.0,1.0,5837.0,0.9775562512784925,1.0004937413595092,140.0,132.0,0.5490196078431373
5706,1.0,1.0,5837.0,0.9766251612426016,1.0007698876436717,139.0,131.0,0.5450980392156862
5707,1.0,1.0,5838.0,0.9756635132505757,0.9998082396516458,140.0,131.0,0.5490196078431373
5708,1.0,1.0,5838.0,0.9746084148338017,1.0000239163086122,140.0,130.0,0.5490196078431373
5709,1.0,1.0,5838.0,0.973486496456064,1.0002396559032332,141.0,129.0,0.5529411764705883
5710,1.0,1.0,5838.0,0.9722948057005791,1.0004560261712834,141.0,128.0,0.5529411764705883
5711,1.0,1.0,5838.0,0.9710302065390432,1.0006735965082056,142.0,127.0,0.5568627450980392
5712,1.0,1.0,5838.0,0.9696893710789256,1.0008929394675177,142.0,126.0,0.5568627450980392
5713,1.0,1.0,5839.0,0.9683087753807151,0.9995123437693071,143.0,126.0,0.5607843137254902
5714,1.0,1.0,5839.0,0.9668067773768658,0.9996526388385416,143.0,125.0,0.5607843137254902
5715,1.0,1.0,5839.0,0.9652174287871662,0.9997920197994565,143.0,124.0,0.5607843137254902
5716,0.0,1.0,5839.0,0.9635365471153278,0.9999308534440544,143.0,123.0,0.5607843137254902
5717,1.0,1.0,5840.0,0.9644379473029859,1.0008322536317125,144.0,123.0,0.5647058823529412
5718,1.0,1.0,5842.0,0.9652924225085295,0.9998670135208199,144.0,124.0,0.5647058823529412
5719,1.0,1.0,5843.0,0.9660134519050356,1.000588042917326,144.0,124.0,0.5647058823529412
5720,1.0,1.0,5845.0,0.9666893694158147,0.9995352308774905,145.0,125.0,0.5686274509803921
5721,1.0,1.0,5846.0,0.9672376227975679,1.0000834842592436,145.0,125.0,0.5686274509803921
5722,1.0,1.0,5847.0,0.9677017649011492,1.000547626362825,146.0,125.0,0.5725490196078431
5723,1.0,1.0,5848.0,0.968083017153147,1.0009288786148227,146.0,125.0,0.5725490196078431
5724,1.0,1.0,5850.0,0.9684223874238186,0.9996259558124105,147.0,126.0,0.5764705882352941
5725,1.0,1.0,5851.0,0.9686406543679122,0.9998442227565042,147.0,126.0,0.5764705882352941
5726,1.0,1.0,5852.0,0.9687783969469801,0.999981965335572,148.0,126.0,0.5803921568627451
5727,1.0,1.0,5853.0,0.9688359776414934,1.0000395460300855,148.0,126.0,0.5803921568627451
5728,1.0,1.0,5854.0,0.9688135479795956,1.0000171163681877,149.0,126.0,0.5843137254901961
5729,1.0,1.0,5855.0,0.9687110489358607,0.9999146173244526,149.0,126.0,0.5843137254901961
5730,1.0,1.0,5856.0,0.968528210775963,0.9997317791645549,148.0,126.0,0.5803921568627451
5731,1.0,1.0,5857.0,0.96826455234685,0.999468120735442,149.0,126.0,0.5843137254901961
5732,1.0,1.0,5857.0,0.9678793752356937,1.0007252366973693,149.0,125.0,0.5843137254901961
5733,1.0,1.0,5858.0,0.967451780243428,1.000297641705104,150.0,125.0,0.5882352941176471
5734,1.0,1.0,5859.0,0.9669406375452166,0.9997864990068924,150.0,125.0,0.5882352941176471
5735,1.0,1.0,5859.0,0.9663024919498986,1.000877082962189,151.0,124.0,0.592156862745098
5736,1.0,1.0,5860.0,0.9656199951005509,1.0001945861128412,151.0,124.0,0.592156862745098
5737,1.0,1.0,5861.0,0.9648492408740361,0.9994238318863264,152.0,124.0,0.596078431372549
5738,1.0,1.0,5861.0,0.9639438745710243,1.000338180899751,152.0,123.0,0.596078431372549
5739,1.0,1.0,5862.0,0.9629902830944981,0.9993845894232247,152.0,123.0,0.596078431372549
5740,1.0,1.0,5862.0,0.9618949712273817,1.0002047673628833,153.0,122.0,0.6
5741,1.0,1.0,5863.0,0.9607484980920088,0.9990582942275106,153.0,122.0,0.6
5742,1.0,1.0,5863.0,0.9594520721634742,0.9997781733587392,154.0,121.0,0.6039215686274509
5743,1.0,1.0,5920.0,0.9590027520979332,0.9612836620062284,154.0,177.0,0.6039215686274509
5744,1.0,0.0,5913.0,0.957518347713832,0.9609564539293178,154.0,169.0,0.6039215686274509
5745,1.0,0.0,5907.0,0.9559104027726976,0.9608336772916404,155.0,162.0,0.6078431372549019
5746,1.0,0.0,5902.0,0.9541870690254268,0.9608845643749632,155.0,156.0,0.6078431372549019
5747,1.0,0.0,5898.0,0.9523321326060243,0.9609876771212138,156.0,151.0,0.611764705882353
5748,1.0,0.0,5895.0,0.9503519890908732,0.9609787270872845,156.0,147.0,0.611764705882353
5749,1.0,0.0,5893.0,0.9482468293976234,0.9606413335485624,156.0,144.0,0.611764705882353
5750,1.0,0.0,5891.0,0.945999108443635,0.9604554480277597,157.0,141.0,0.615686274509804
5751,0.0,0.0,5889.0,0.9436018517344685,0.9604630146843152,157.0,138.0,0.615686274509804
5752,1.0,0.0,5890.0,0.9437474176675067,0.9606085806173533,157.0,138.0,0.615686274509804
5753,1.0,0.0,5891.0,0.9437460313329223,0.960607194282769,158.0,138.0,0.6196078431372549
5754,1.0,0.0,5892.0,0.9435976890824667,0.9604588520323133,158.0,138.0,0.6196078431372549
5755,1.0,0.0,5893.0,0.9433020005417962,0.9601631634916429,158.0,138.0,0.6196078431372549
5756,1.0,0.0,5893.0,0.9428365707075959,0.9605851632863818,159.0,137.0,0.6235294117647059
5757,1.0,0.0,5893.0,0.9422207107963103,0.9609034398266113,159.0,136.0,0.6235294117647059
5758,1.0,0.0,5894.0,0.9414767523406677,0.9601594813709687,159.0,136.0,0.6235294117647059
5759,1.0,0.0,5894.0,0.9405560307326831,0.9602220612908947,159.0,135.0,0.6235294117647059
5760,0.0,0.0,5894.0,0.9394788776266265,0.960179962424744,160.0,134.0,0.6274509803921569
5761,1.0,0.0,5896.0,0.9409257900684249,0.9605918206266365,160.0,135.0,0.6274509803921569
5762,1.0,0.0,5898.0,0.942217244063035,0.960899973093336,160.0,136.0,0.6274509803921569
5763,1.0,0.0,5901.0,0.9433782550491769,0.9602394179990236,160.0,138.0,0.6274509803921569
5764,1.0,0.0,5903.0,0.944367506837473,0.9603856116398273,160.0,139.0,0.6274509803921569
5765,1.0,0.0,5905.0,0.9451908480977648,0.9604080476600013,161.0,140.0,0.6313725490196078
5766,1.0,0.0,5907.0,0.9458884885164851,0.9603448281006098,161.0,141.0,0.6313725490196078
5767,1.0,0.0,5908.0,0.9464261231405124,0.9608824627246372,161.0,141.0,0.6313725490196078
5768,1.0,0.0,5910.0,0.946841307646765,0.9605748302516836,161.0,142.0,0.6313725490196078
5769,1.0,0.0,5911.0,0.9470998741311016,0.9608333967360202,161.0,142.0,0.6313725490196078
5770,0.0,0.0,5912.0,0.9472201101119018,0.9609536327168203,161.0,142.0,0.6313725490196078
5771,1.0,0.0,5918.0,0.9498928623073775,0.9605196003037888,161.0,147.0,0.6313725490196078
5772,1.0,0.0,5924.0,0.9524332053794724,0.9606559726689025,161.0,152.0,0.6313725490196078
5773,1.0,0.0,5931.0,0.9548333872185579,0.9608778767715145,161.0,158.0,0.6313725490196078
5774,1.0,0.0,5941.0,0.9571259917464592,0.9609355277192966,160.0,167.0,0.6274509803921569
5775,1.0,1.0,5916.0,0.9590033245966936,0.9734596641808183,160.0,141.0,0.6274509803921569
5776,1.0,1.0,5897.0,0.9604482562924728,1.0007743574877377,160.0,121.0,0.6274509803921569
5777,1.0,1.0,5899.0,0.9624178454336278,1.0007276415691295,159.0,122.0,0.6235294117647059
5778,1.0,1.0,5901.0,0.9642885341680293,1.0006828404967558,158.0,123.0,0.6196078431372549
5779,1.0,1.0,5903.0,0.9660652453607677,1.000639836373058,158.0,124.0,0.6196078431372549
5780,1.0,1.0,5905.0,0.9677105444888163,1.0005564059504921,157.0,125.0,0.615686274509804
5781,1.0,1.0,5907.0,0.9693108759403769,1.0005144443289689,155.0,126.0,0.6078431372549019
5782,1.0,1.0,5909.0,0.9708304465391491,1.0004738365083115,153.0,127.0,0.6
5783,1.0,1.0,5911.0,0.9722732551551294,1.0004344756258337,151.0,128.0,0.592156862745098
5784,1.0,1.0,5913.0,0.9736430986530971,1.0003962581002661,147.0,129.0,0.5764705882352941
5785,1.0,1.0,5915.0,0.9749092829619941,1.0003247844368046,142.0,130.0,0.5568627450980392
5786,1.0,1.0,5917.0,0.9761420230444093,1.0002867494454795,131.0,131.0,0.5137254901960784
5787,1.0,1.0,5919.0,0.9773119789769416,1.0002494690579582,128.0,132.0,0.5019607843137255
5788,1.0,1.0,5921.0,0.9784222295909919,1.0002128451679577,129.0,133.0,0.5058823529411764
5789,1.0,1.0,5923.0,0.9794756965987026,1.00017678139682,129.0,134.0,0.5058823529411764
5790,1.0,1.0,5925.0,0.9804751522816733,1.0001411828398847,129.0,135.0,0.5058823529411764
5791,1.0,1.0,5927.0,0.9813980139267477,1.0000807429570489,130.0,136.0,0.5098039215686274
5792,1.0,1.0,5928.0,0.982273120587728,1.000955849618029,130.0,136.0,0.5098039215686274
5793,1.0,1.0,5930.0,0.9831255297827497,1.0008741223615356,131.0,137.0,0.5137254901960784
5794,1.0,1.0,5932.0,0.9839335324771997,1.0007946954270464,131.0,138.0,0.5137254901960784
5795,1.0,1.0,5934.0,0.9846992549939583,1.0007173597963126,132.0,139.0,0.5176470588235295
5796,1.0,1.0,5936.0,0.9854247123922798,1.0006419119545165,132.0,140.0,0.5176470588235295
5797,1.0,1.0,5938.0,0.9861118137705811,1.000568153354706,132.0,141.0,0.5176470588235295
5798,1.0,1.0,5940.0,0.9867623672903838,1.0004958898953022,133.0,142.0,0.5215686274509804
5799,1.0,1.0,5942.0,0.987378084934635,1.0004249314093077,133.0,143.0,0.5215686274509804
5800,1.0,1.0,5943.0,0.9879446966229875,1.0009915430976601,134.0,143.0,0.5254901960784314
5801,1.0,1.0,5945.0,0.9884963105550185,1.0008908147059574,134.0,144.0,0.5254901960784314
5802,1.0,1.0,5947.0,0.9890176516200891,1.0007924305634812,135.0,145.0,0.5294117647058824
5803,1.0,1.0,5949.0,0.9895100917683705,1.0006961317645928,135.0,146.0,0.5294117647058824
5804,1.0,1.0,5951.0,0.9899749268949896,1.000601664891401,135.0,147.0,0.5294117647058824
5805,1.0,1.0,5953.0,0.990400437428361,1.0004958385249518,136.0,148.0,0.5333333333333333
5806,1.0,1.0,5954.0,0.990800685954965,1.0008960870515557,136.0,148.0,0.5333333333333333
5807,1.0,1.0,5956.0,0.9911896685823165,1.0007802996240778,136.0,149.0,0.5333333333333333
5808,1.0,1.0,5958.0,0.9915554661269901,1.0006665656166631,137.0,150.0,0.5372549019607843
5809,1.0,1.0,5959.0,0.9918879443621602,1.0009990438518332,137.0,150.0,0.5372549019607843
5810,1.0,1.0,5961.0,0.9922107559792758,1.0008663004944653,137.0,151.0,0.5372549019607843
5811,1.0,1.0,5963.0,0.9925130695858104,1.0007358368752404,138.0,152.0,0.5411764705882353
5812,1.0,1.0,5965.0,0.9927956807438868,1.0006073096688453,138.0,153.0,0.5411764705882353
5813,1.0,1.0,5966.0,0.9930498190036443,1.0008614479286029,138.0,153.0,0.5411764705882353
5814,1.0,1.0,5968.0,0.9932956822222896,1.0007167297010002,139.0,154.0,0.5450980392156862
5815,1.0,1.0,5969.0,0.993514864044152,1.0009359115228627,139.0,154.0,0.5450980392156862
5816,1.0,1.0,5971.0,0.9937264938821964,1.0007764889869715,139.0,155.0,0.5450980392156862
5817,1.0,1.0,5972.0,0.9939130279611157,1.0009630230658908,140.0,155.0,0.5490196078431373
5818,1.0,1.0,5974.0,0.9940925821478268,1.000790077497363,140.0,156.0,0.5490196078431373
5819,1.0,1.0,5975.0,0.9942484332922102,1.0009459286417466,140.0,156.0,0.5490196078431373
5820,1.0,1.0,5977.0,0.9943977352672306,1.0007603558492901,140.0,157.0,0.5490196078431373
5821,1.0,1.0,5978.0,0.994524545094742,1.0008871656768015,140.0,157.0,0.5490196078431373
5822,1.0,1.0,5979.0,0.994637353690691,1.0009999742727504,140.0,157.0,0.5490196078431373
5823,1.0,1.0,5981.0,0.9947442072653847,1.0007886968183413,141.0,158.0,0.5529411764705883
5824,1.0,1.0,5982.0,0.9948298679282646,1.000874357481221,141.0,158.0,0.5529411764705883
5825,1.0,1.0,5983.0,0.9949023104477084,1.000946800000665,141.0,158.0,0.5529411764705883
5826,1.0,1.0,5985.0,0.9949690873402269,1.0007113524155355,141.0,159.0,0.5529411764705883
5827,1.0,1.0,5986.0,0.9950156312045174,1.000757896279826,140.0,159.0,0.5490196078431373
5828,1.0,1.0,5987.0,0.9950494264027347,1.0007916914780435,140.0,159.0,0.5490196078431373
5829,1.0,1.0,5988.0,0.9950705618696112,1.00081282694492,140.0,159.0,0.5490196078431373
5830,1.0,1.0,5989.0,0.9950790932247966,1.0008213583001053,140.0,159.0,0.5490196078431373
5831,1.0,1.0,5990.0,0.9950750429192253,1.000817307994534,139.0,159.0,0.5450980392156862
5832,1.0,1.0,5991.0,0.9950584002941987,1.0008006653695074,139.0,159.0,0.5450980392156862
5833,1.0,1.0,5992.0,0.9950291215533351,1.0007713866286438,138.0,159.0,0.5411764705882353
5834,1.0,1.0,5993.0,0.9949871296473163,1.000729394722625,137.0,159.0,0.5372549019607843
5835,1.0,1.0,5993.0,0.994924952192825,1.0009694417457815,135.0,158.0,0.5294117647058824
5836,1.0,1.0,5994.0,0.9948571686949481,1.0009016582479047,134.0,158.0,0.5254901960784314
5837,1.0,1.0,5995.0,0.9947762388977581,1.0008207284507147,131.0,158.0,0.5137254901960784
5838,1.0,1.0,5996.0,0.9946819498281043,1.0007264393810609,126.0,158.0,0.49411764705882355
5839,1.0,1.0,5996.0,0.9945663040112755,1.000928924593335,123.0,157.0,0.4823529411764706
5840,1.0,1.0,5997.0,0.9944445162003506,1.00080713678241,123.0,157.0,0.4823529411764706
5841,1.0,1.0,5997.0,0.9943003593496356,1.0009978546991718,124.0,156.0,0.48627450980392156
5842,1.0,1.0,5998.0,0.9941497899770768,1.000847285326613,124.0,156.0,0.48627450980392156
5843,1.0,1.0,5999.0,0.9939842546416091,1.0006817499911453,124.0,156.0,0.48627450980392156
5844,1.0,1.0,5999.0,0.993794731191429,1.0008447262962041,125.0,155.0,0.49019607843137253
5845,1.0,1.0,6000.0,0.9935979165417521,1.0006479116465272,125.0,155.0,0.49019607843137253
5846,1.0,1.0,6000.0,0.9933756677715277,1.0007967152502384,125.0,154.0,0.49019607843137253
5847,1.0,1.0,6000.0,0.9931359865480706,1.000947615473029,125.0,153.0,0.49019607843137253
5848,1.0,1.0,6001.0,0.992888257040197,1.0006998859651555,125.0,153.0,0.49019607843137253
5849,1.0,1.0,6001.0,0.9926122982558371,1.0008350655452671,126.0,152.0,0.49411764705882355
5850,1.0,1.0,6001.0,0.9923168981510977,1.0009724426662872,126.0,151.0,0.49411764705882355
5851,1.0,1.0,6002.0,0.992012376209225,1.0006679207244145,126.0,151.0,0.49411764705882355
5852,1.0,1.0,6002.0,0.9916762921953992,1.0007873916850722,126.0,150.0,0.49411764705882355
5853,1.0,1.0,6002.0,0.9913183036873511,1.0009089347291122,126.0,149.0,0.49411764705882355
5854,1.0,1.0,6003.0,0.990949764290882,1.0005403953326433,126.0,149.0,0.49411764705882355
5855,1.0,1.0,6003.0,0.9905457275878702,1.000641128684461,126.0,148.0,0.49411764705882355
5856,1.0,1.0,6003.0,0.990116811220616,1.0007435492170274,126.0,147.0,0.49411764705882355
5857,1.0,1.0,6003.0,0.9896618864618372,1.0008479264580596,125.0,146.0,0.49019607843137253
5858,1.0,1.0,6003.0,0.9891797561411158,1.0009545350845077,125.0,145.0,0.49019607843137253
5859,1.0,1.0,6004.0,0.9886842473648902,1.0004590263082822,124.0,145.0,0.48627450980392156
5860,1.0,1.0,6004.0,0.9881446192153382,1.0005391233662773,124.0,144.0,0.48627450980392156
5861,1.0,1.0,6004.0,0.9875737926953003,1.000620639169973,123.0,143.0,0.4823529411764706
5862,1.0,1.0,6004.0,0.9869702656297237,1.0007037882346421,122.0,142.0,0.47843137254901963
5863,1.0,1.0,6004.0,0.9863324497894883,1.0007887893736132,121.0,141.0,0.4745098039215686
5864,1.0,1.0,6004.0,0.9856586667118571,1.0008758662740938,122.0,140.0,0.47843137254901963
5865,1.0,1.0,6004.0,0.9849471432834676,1.0009652480858218,123.0,139.0,0.4823529411764706
5866,1.0,1.0,6005.0,0.9842165431060428,1.000234647908397,124.0,139.0,0.48627450980392156
5867,1.0,1.0,6005.0,0.9834248982855311,1.0002860612353779,125.0,138.0,0.49019607843137253
5868,1.0,1.0,6005.0,0.9825896347762972,1.0003382273550832,126.0,137.0,0.49411764705882355
5869,1.0,1.0,6005.0,0.9817085545164748,1.0003912835467759,127.0,136.0,0.4980392156862745
5870,1.0,1.0,6005.0,0.9807793388738009,1.0004453694320123,128.0,135.0,0.5019607843137255
5871,1.0,1.0,6005.0,0.9797995425439525,1.00050062734207,129.0,134.0,0.5058823529411764
5872,1.0,1.0,6005.0,0.978766587115536,1.0005572026925018,130.0,133.0,0.5098039215686274
5873,1.0,1.0,6005.0,0.9776777542847919,1.0006152443658085,131.0,132.0,0.5137254901960784
5874,1.0,1.0,6005.0,0.9765301787021654,1.0006749051032355,132.0,131.0,0.5176470588235295
5875,1.0,1.0,6005.0,0.9753208404319132,1.000736341906724,133.0,130.0,0.5215686274509804
5876,1.0,1.0,6005.0,0.974046557004903,1.000799716452072,134.0,129.0,0.5254901960784314
5877,1.0,1.0,6005.0,0.972703975043695,1.0008651955143992,135.0,128.0,0.5294117647058824
5878,1.0,1.0,6005.0,0.9712895614378652,1.0009329514070275,136.0,127.0,0.5333333333333333
5879,1.0,1.0,6006.0,0.9698375983924599,0.9994809883616222,137.0,127.0,0.5372549019607843
5880,1.0,1.0,6006.0,0.9682701564771734,0.9994737248657654,138.0,126.0,0.5411764705882353
5881,1.0,1.0,6006.0,0.966619214973669,0.9994650764353448,139.0,125.0,0.5450980392156862
5882,1.0,1.0,6006.0,0.9648804292990427,0.999455020311333,140.0,124.0,0.5490196078431373
5883,1.0,1.0,6006.0,0.9630492237015192,0.9994435300302459,141.0,123.0,0.5529411764705883
5884,1.0,1.0,6006.0,0.9611207792189996,0.9994305753545014,142.0,122.0,0.5568627450980392
5885,1.0,1.0,6006.0,0.9590900209975828,0.9994161221928478,143.0,121.0,0.5607843137254902
5886,1.0,0.0,6057.0,0.9578273693853767,0.9609302602448526,144.0,171.0,0.5647058823529412
5887,1.0,0.0,6048.0,0.9555750844359447,0.9607574786664108,145.0,161.0,0.5686274509803921
5888,1.0,0.0,6042.0,0.953202347290955,0.9606233947696655,146.0,154.0,0.5725490196078431
5889,0.0,0.0,6037.0,0.9506963209223493,0.96079172201894,146.0,148.0,0.5725490196078431
5890,1.0,0.0,6038.0,0.9507579186295243,0.960853319726115,146.0,148.0,0.5725490196078431
5891,1.0,0.0,6039.0,0.950690579053136,0.9607859801497267,145.0,148.0,0.5686274509803921
5892,1.0,0.0,6040.0,0.950494124983773,0.9605895260803636,145.0,148.0,0.5686274509803921
5893,1.0,0.0,6040.0,0.9501550966151233,0.9607818346115347,142.0,147.0,0.5568627450980392
5894,1.0,0.0,6040.0,0.9496848974480927,0.9608709374443152,140.0,146.0,0.5490196078431373
5895,1.0,0.0,6040.0,0.9490822901164515,0.9608570690598436,140.0,145.0,0.5490196078431373
5896,1.0,0.0,6040.0,0.9483456888114327,0.9607401929623717,140.0,144.0,0.5490196078431373
5897,1.0,0.0,6040.0,0.9474731551085491,0.9605200015832217,140.0,143.0,0.5490196078431373
5898,1.0,0.0,6039.0,0.9464447857862149,0.9609011253703397,139.0,141.0,0.5450980392156862
5899,1.0,0.0,6039.0,0.9452922084158836,0.9605094079781201,139.0,140.0,0.5450980392156862
5900,1.0,0.0,6038.0,0.9439751271411643,0.9608362900910109,140.0,138.0,0.5490196078431373
5901,1.0,0.0,6038.0,0.9425301212207089,0.9602787137994948,139.0,137.0,0.5450980392156862
5902,1.0,0.0,6037.0,0.9409099265604445,0.9605759571186561,139.0,135.0,0.5450980392156862
5903,1.0,0.0,6036.0,0.9391304464604832,0.9609210620374489,138.0,133.0,0.5411764705882353
5904,1.0,0.0,6036.0,0.9372159961845814,0.9601534862655979,139.0,132.0,0.5450980392156862
5905,0.0,0.0,6035.0,0.9351053700685703,0.960520871543381,138.0,130.0,0.5411764705882353
5906,1.0,0.0,6036.0,0.935517538572818,0.9609330400476287,139.0,130.0,0.5450980392156862
5907,1.0,0.0,6038.0,0.9357926003653492,0.9599373267664193,137.0,131.0,0.5372549019607843
5908,1.0,0.0,6039.0,0.9358692882781711,0.9600140146792412,137.0,131.0,0.5372549019607843
5909,1.0,0.0,6040.0,0.935778758899018,0.9599234853000881,137.0,131.0,0.5372549019607843
5910,1.0,0.0,6040.0,0.9354898192152441,0.9609053206900547,137.0,130.0,0.5372549019607843
5911,1.0,0.0,6041.0,0.935063699874076,0.9604792013488866,136.0,130.0,0.5333333333333333
5912,1.0,0.0,6042.0,0.934468324731389,0.9598838262061996,136.0,130.0,0.5333333333333333
5913,1.0,0.0,6042.0,0.9336695430342421,0.9604227024814112,135.0,129.0,0.5294117647058824
5914,0.0,0.0,6042.0,0.9326962075029748,0.960857427973679,136.0,128.0,0.5333333333333333
5915,1.0,0.0,6045.0,0.9342803227030891,0.9596958241778998,136.0,130.0,0.5333333333333333
5916,1.0,0.0,6047.0,0.935657192461633,0.9598019188627032,136.0,131.0,0.5333333333333333
5917,1.0,0.0,6048.0,0.9368353320038788,0.9609800584049489,136.0,131.0,0.5333333333333333
5918,1.0,0.0,6050.0,0.937878203513046,0.9608156935940625,136.0,132.0,0.5333333333333333
5919,1.0,0.0,6052.0,0.9387575966104051,0.9605482121873709,136.0,133.0,0.5333333333333333
5920,1.0,0.0,6054.0,0.9394758254883182,0.9601769102864357,136.0,134.0,0.5333333333333333
5921,1.0,0.0,6055.0,0.9400095673630893,0.9607106521612068,136.0,134.0,0.5333333333333333
5922,1.0,0.0,6057.0,0.940411979530595,0.9600780100888066,137.0,135.0,0.5372549019607843
5923,1.0,0.0,6058.0,0.9406336289012124,0.960299659459424,137.0,135.0,0.5372549019607843
5924,1.0,0.0,6059.0,0.940700311622449,0.9603663421806606,137.0,135.0,0.5372549019607843
5925,1.0,0.0,6060.0,0.9406122031751504,0.960278233733362,137.0,135.0,0.5372549019607843
5926,0.0,0.0,6061.0,0.9403690716949815,0.9600351022531931,138.0,135.0,0.5411764705882353
5927,1.0,0.0,6064.0,0.9426485631322016,0.9603971557109875,138.0,137.0,0.5411764705882353
5928,1.0,0.0,6067.0,0.9447737135506515,0.9607918183530059,138.0,139.0,0.5411764705882353
5929,1.0,0.0,6071.0,0.9467680556097235,0.9605015782146421,139.0,142.0,0.5450980392156862
5930,1.0,0.0,6074.0,0.9486001609956423,0.9609946651465813,139.0,144.0,0.5450980392156862
5931,1.0,0.0,6078.0,0.9503082420210797,0.960934980017491,139.0,147.0,0.5450980392156862
5932,1.0,0.0,6082.0,0.9518800948926082,0.9609911943822813,139.0,150.0,0.5450980392156862
5933,1.0,0.0,6087.0,0.953330149013823,0.9607511964925335,140.0,154.0,0.5490196078431373
5934,1.0,0.0,6092.0,0.9546502270514942,0.9606947166044507,140.0,158.0,0.5490196078431373
5935,1.0,0.0,6097.0,0.9558451311577325,0.9607684056766753,141.0,162.0,0.5529411764705883
5936,1.0,0.0,6102.0,0.956919087695167,0.9609291255613116,141.0,166.0,0.5529411764705883
5937,1.0,0.0,6108.0,0.9578753742984405,0.9609782651579164,142.0,171.0,0.5568627450980392
5938,1.0,0.0,6116.0,0.9587221172754621,0.9608889816883425,142.0,178.0,0.5568627450980392
5939,1.0,1.0,6074.0,0.9590237630527588,0.9786897936109704,143.0,135.0,0.5607843137254902
5940,1.0,1.0,6061.0,0.959133421897684,0.999459523092949,143.0,121.0,0.5607843137254902
5941,1.0,1.0,6062.0,0.9596413802534135,0.9999674814486785,143.0,121.0,0.5607843137254902
5942,1.0,1.0,6063.0,0.9600457167215599,1.0003718179168248,143.0,121.0,0.5607843137254902
5943,1.0,1.0,6064.0,0.9603474953454605,1.0006735965407254,143.0,121.0,0.5607843137254902
5944,1.0,1.0,6065.0,0.9605475102793886,1.0008736114746535,144.0,121.0,0.5647058823529412
5945,1.0,1.0,6066.0,0.9606462878784336,1.0009723890736986,144.0,121.0,0.5647058823529412
5946,1.0,1.0,6067.0,0.9606440880836455,1.0009701892789105,145.0,121.0,0.5686274509803921
5947,1.0,1.0,6068.0,0.9605409051060909,1.0008670063013558,145.0,121.0,0.5686274509803921
5948,1.0,1.0,6069.0,0.9603364674116179,1.0006625686068829,146.0,121.0,0.5725490196078431
5949,1.0,1.0,6070.0,0.9600302370062941,1.000356338201559,146.0,121.0,0.5725490196078431
5950,1.0,1.0,6071.0,0.9596214080206316,0.9999475092158966,147.0,121.0,0.5764705882352941
5951,1.0,1.0,6072.0,0.9591089045888787,0.9994350057841437,147.0,121.0,0.5764705882352941
5952,1.0,1.0,6088.0,0.9590185883654019,0.9777013173957029,148.0,136.0,0.5803921568627451
5953,0.0,0.0,6130.0,0.9586757729617423,0.9609566828700375,148.0,177.0,0.5803921568627451
5954,1.0,1.0,6075.0,0.9595660534721193,0.9998921546673843,148.0,121.0,0.5803921568627451
5955,1.0,1.0,6077.0,0.9613101987140809,0.9996199948495825,149.0,122.0,0.5843137254901961
5956,1.0,1.0,6079.0,0.9629525286895007,0.9993468350182273,149.0,123.0,0.5843137254901961
5957,1.0,1.0,6080.0,0.9644530389206327,1.0008473452493594,150.0,123.0,0.5882352941176471
5958,1.0,1.0,6082.0,0.9659066638844336,1.000481254896724,150.0,124.0,0.5882352941176471
5959,1.0,1.0,6084.0,0.9672705695426671,1.0001164310043429,150.0,125.0,0.5882352941176471
5960,1.0,1.0,6086.0,0.9685483451207497,0.9997519135093417,151.0,126.0,0.592156862745098
5961,1.0,1.0,6087.0,0.9697053488398779,1.00090891722847,151.0,126.0,0.592156862745098
5962,1.0,1.0,6089.0,0.9708226343676525,1.0004660243368149,152.0,127.0,0.596078431372549
5963,1.0,1.0,6091.0,0.9718631373542894,1.0000243578249937,152.0,128.0,0.596078431372549
5964,1.0,1.0,6092.0,0.9727952970431746,1.0009565175138788,153.0,128.0,0.6
5965,1.0,1.0,6094.0,0.9736919695372976,1.0004451289844667,153.0,129.0,0.6
5966,1.0,1.0,6096.0,0.9745194103723085,0.9999349118471191,153.0,130.0,0.6
5967,1.0,1.0,6097.0,0.9752488422466513,1.000664343721462,154.0,130.0,0.6039215686274509
5968,1.0,1.0,6099.0,0.975945723471577,1.000090449872647,154.0,131.0,0.6039215686274509
5969,1.0,1.0,6100.0,0.9765498969302311,1.0006946233313012,154.0,131.0,0.6039215686274509
5970,1.0,1.0,6102.0,0.9771233143687704,1.000060804449787,155.0,132.0,0.6078431372549019
5971,1.0,1.0,6103.0,0.9776085933163798,1.0005460833973965,155.0,132.0,0.6078431372549019
5972,1.0,1.0,6104.0,0.978036417861487,1.0009739079425035,155.0,132.0,0.6078431372549019
5973,1.0,1.0,6106.0,0.9784079138581578,1.0001985294351237,156.0,133.0,0.611764705882353
5974,1.0,1.0,6107.0,0.9787225885755081,1.0005132041524738,156.0,133.0,0.611764705882353
5975,1.0,1.0,6108.0,0.978982666939231,1.0007732825161968,156.0,133.0,0.611764705882353
5976,1.0,1.0,6109.0,0.9791888333660733,1.000979448943039,157.0,133.0,0.615686274509804
5977,1.0,1.0,6111.0,0.9793402335649315,1.000041318363049,157.0,134.0,0.615686274509804
5978,1.0,1.0,6112.0,0.9794385929499969,1.0001396777481144,157.0,134.0,0.615686274509804
5979,1.0,1.0,6113.0,0.9794841703617566,1.000185255159874,157.0,134.0,0.615686274509804
5980,1.0,1.0,6114.0,0.9794770857407676,1.000178170538885,158.0,134.0,0.6196078431372549
5981,1.0,1.0,6115.0,0.9794173204432908,1.0001184052414083,158.0,134.0,0.6196078431372549
5982,1.0,1.0,6116.0,0.9793047171922273,1.0000058019903448,158.0,134.0,0.6196078431372549
5983,1.0,1.0,6116.0,0.979112439810927,1.0009030553878928,158.0,133.0,0.6196078431372549
5984,1.0,1.0,6117.0,0.9788931318526084,1.0006837474295742,159.0,133.0,0.6235294117647059
5985,1.0,1.0,6118.0,0.97861967633876,1.0004102919157258,159.0,133.0,0.6235294117647059
5986,1.0,1.0,6119.0,0.9782913536496087,1.0000819692265746,159.0,133.0,0.6235294117647059
5987,1.0,1.0,6119.0,0.9778793630914406,1.0008168531724573,159.0,132.0,0.6235294117647059
5988,1.0,1.0,6120.0,0.9774385673694469,1.0003760574504634,159.0,132.0,0.6235294117647059
5989,1.0,1.0,6121.0,0.9769398698082484,0.999877359889265,159.0,132.0,0.6235294117647059
5990,1.0,1.0,6121.0,0.9763525510072768,1.000497277408347,159.0,131.0,0.6235294117647059
5991,1.0,1.0,6122.0,0.975733956854814,0.9998786832558841,159.0,131.0,0.6235294117647059
5992,1.0,1.0,6122.0,0.9750220976555091,1.0004375991303196,159.0,130.0,0.6235294117647059
5993,1.0,1.0,6122.0,0.9742445071342448,1.000997666581414,158.0,129.0,0.6196078431372549
5994,1.0,1.0,6123.0,0.9734334379225443,1.0001865973697135,158.0,129.0,0.6196078431372549
5995,1.0,1.0,6123.0,0.972519872729127,1.0006810931998313,158.0,128.0,0.6196078431372549
5996,1.0,1.0,6124.0,0.9715700955401212,0.9997313160108254,157.0,128.0,0.615686274509804
5997,1.0,1.0,6124.0,0.9705112038906949,1.0001545938598573,156.0,127.0,0.611764705882353
5998,1.0,1.0,6124.0,0.9693747101462442,1.0005782785348363,156.0,126.0,0.611764705882353
5999,1.0,1.0,6125.0,0.9681976281086144,0.9994011964972064,155.0,126.0,0.6078431372549019
6000,1.0,1.0,6125.0,0.9668988512725247,0.9997447127342005,153.0,125.0,0.6
6001,1.0,1.0,6125.0,0.96551296615031,1.0000875571626002,151.0,124.0,0.592156862745098
6002,1.0,1.0,6125.0,0.9640363256758593,1.000430632004586,149.0,123.0,0.5843137254901961
6003,1.0,1.0,6125.0,0.962465043953187,1.0007748400886887,145.0,122.0,0.5686274509803921
6004,1.0,1.0,6126.0,0.9608441011536422,0.9991538972891438,139.0,122.0,0.5450980392156862
6005,1.0,1.0,6126.0,0.95907345714794,0.999399558343205,127.0,121.0,0.4980392156862745
6006,1.0,0.0,6179.0,0.9581453899760138,0.9609457489766908,121.0,173.0,0.4745098039215686
6007,0.0,0.0,6170.0,0.9561622891993407,0.9608393999923363,122.0,163.0,0.47843137254901963
6008,1.0,0.0,6173.0,0.956752528674907,0.9609736211655856,123.0,165.0,0.4823529411764706
6009,1.0,0.0,6177.0,0.9572327863742454,0.9608518455484409,124.0,168.0,0.48627450980392156
6010,1.0,0.0,6180.0,0.9575946611169605,0.960860862021672,125.0,170.0,0.49019607843137253
6011,1.0,0.0,6182.0,0.9578405350341337,0.9609434258936096,126.0,171.0,0.49411764705882355
6012,1.0,0.0,6184.0,0.9579754629908703,0.9609232093073724,127.0,172.0,0.4980392156862745
6013,1.0,0.0,6185.0,0.9579962098568938,0.9609439561733959,128.0,172.0,0.5019607843137255
6014,1.0,0.0,6186.0,0.9579066093911643,0.9608543557076664,129.0,172.0,0.5058823529411764
6015,1.0,0.0,6185.0,0.9576986685758337,0.9609648694805453,130.0,170.0,0.5098039215686274
6016,1.0,0.0,6184.0,0.9573787798007445,0.9609978389749401,131.0,168.0,0.5137254901960784
6017,0.0,0.0,6183.0,0.9569460333364471,0.9609560712025917,132.0,166.0,0.5176470588235295
6018,1.0,1.0,6178.0,0.9590061453071017,0.9644612971286449,133.0,160.0,0.5215686274509804
6019,1.0,1.0,6140.0,0.9601747239995915,1.0005008251948564,134.0,121.0,0.5254901960784314
6020,1.0,1.0,6142.0,0.962110916093385,1.0004207122288866,135.0,122.0,0.5294117647058824
6021,1.0,1.0,6144.0,0.963947400071635,1.0003417064003617,136.0,123.0,0.5333333333333333
6022,1.0,1.0,6146.0,0.9656890087869154,1.0002635997992058,137.0,124.0,0.5372549019607843
6023,1.0,1.0,6148.0,0.9673403254200563,1.000186186881732,138.0,125.0,0.5411764705882353
6024,1.0,1.0,6150.0,0.9689056955411446,1.0001092639297366,139.0,126.0,0.5450980392156862
6025,1.0,1.0,6152.0,0.970389238545236,1.0000326285143983,140.0,127.0,0.5490196078431373
6026,1.0,1.0,6154.0,0.9717948584928675,0.9999560789635717,141.0,128.0,0.5529411764705883
6027,1.0,1.0,6156.0,0.9731262543839012,0.9998794138310703,142.0,129.0,0.5568627450980392
6028,1.0,1.0,6158.0,0.9743869298917347,0.9998024313665453,143.0,130.0,0.5607843137254902
6029,1.0,1.0,6159.0,0.9755492478060566,1.000964749280867,144.0,130.0,0.5647058823529412
6030,1.0,1.0,6161.0,0.9766472216356574,1.0007919480367276,145.0,131.0,0.5686274509803921
6031,1.0,1.0,6163.0,0.9777146955627896,1.0006521856438062,146.0,132.0,0.5725490196078431
6032,1.0,1.0,6165.0,0.9787235239519289,1.0005141395288946,147.0,133.0,0.5764705882352941
6033,1.0,1.0,6167.0,0.979676361614626,1.0003774464127435,148.0,134.0,0.5803921568627451
6034,1.0,1.0,6169.0,0.980550503158724,1.0002165337169355,149.0,135.0,0.5843137254901961
6035,1.0,1.0,6171.0,0.9813974140331034,1.0000801430634045,149.0,136.0,0.5843137254901961
6036,1.0,1.0,6172.0,0.9821726161280153,1.0008553451583164,147.0,136.0,0.5764705882352941
6037,1.0,1.0,6174.0,0.9829248562715487,1.0006734488503346,146.0,137.0,0.5725490196078431
6038,1.0,1.0,6176.0,0.9836321618263231,1.0004933247761698,143.0,138.0,0.5607843137254902
6039,1.0,1.0,6178.0,0.9842963941227454,1.0003144989250996,140.0,139.0,0.5490196078431373
6040,1.0,1.0,6179.0,0.9848997919103355,1.0009178967126897,133.0,139.0,0.5215686274509804
6041,1.0,1.0,6181.0,0.9854839883400139,1.0007011879022505,133.0,140.0,0.5215686274509804
6042,1.0,1.0,6183.0,0.9860299847390082,1.000486324323133,130.0,141.0,0.5098039215686274
6043,1.0,1.0,6184.0,0.9865216108596844,1.0009779504438092,131.0,141.0,0.5137254901960784
6044,1.0,1.0,6186.0,0.986996301303952,1.0007298239088704,132.0,142.0,0.5176470588235295
6045,1.0,1.0,6188.0,0.9874367714884933,1.000483617963166,132.0,143.0,0.5176470588235295
6046,1.0,1.0,6189.0,0.9878282901554356,1.0008751366301083,133.0,143.0,0.5215686274509804
6047,1.0,1.0,6191.0,0.9882045047332471,1.000599008884186,133.0,144.0,0.5215686274509804
6048,1.0,1.0,6192.0,0.9885345826636004,1.0009290868145393,132.0,144.0,0.5176470588235295
6049,1.0,1.0,6194.0,0.9888503788330056,1.0006251577763976,133.0,145.0,0.5215686274509804
6050,1.0,1.0,6195.0,0.9891224928171585,1.0008972717605504,133.0,145.0,0.5215686274509804
6051,1.0,1.0,6197.0,0.9893810776528494,1.0005671176490718,134.0,146.0,0.5254901960784314
6052,1.0,1.0,6198.0,0.9895980939329754,1.0007841339291978,134.0,146.0,0.5254901960784314
6053,1.0,1.0,6199.0,0.9897884538299289,1.0009744938261513,135.0,146.0,0.5294117647058824
6054,1.0,1.0,6201.0,0.9899662823138793,1.0005930203102906,135.0,147.0,0.5294117647058824
6055,1.0,1.0,6202.0,0.9901047634556844,1.0007315014520957,135.0,147.0,0.5294117647058824
6056,1.0,1.0,6203.0,0.990217885702474,1.0008446236988853,136.0,147.0,0.5333333333333333
6057,1.0,1.0,6204.0,0.9903059467443709,1.0009326847407822,135.0,147.0,0.5294117647058824
6058,1.0,1.0,6205.0,0.9903691783209594,1.0009959163173707,135.0,147.0,0.5294117647058824
6059,1.0,1.0,6207.0,0.990407746831125,1.0005031479277158,135.0,148.0,0.5294117647058824
6060,1.0,1.0,6208.0,0.9904210725697935,1.0005164736663843,135.0,148.0,0.5294117647058824
6061,1.0,1.0,6209.0,0.9904098377457943,1.000505238842385,134.0,148.0,0.5254901960784314
6062,1.0,1.0,6209.0,0.9903610699718823,1.0009878079682937,134.0,147.0,0.5254901960784314
6063,1.0,1.0,6210.0,0.9903005606157054,1.0009272986121167,134.0,147.0,0.5254901960784314
6064,1.0,1.0,6211.0,0.9902152076201971,1.0008419456166084,133.0,147.0,0.5215686274509804
6065,1.0,1.0,6212.0,0.9901047863722116,1.0007315243686228,133.0,147.0,0.5215686274509804
6066,1.0,1.0,6213.0,0.989969006289517,1.0005957442859283,133.0,147.0,0.5215686274509804
6067,1.0,1.0,6213.0,0.989793886033034,1.0009799260292565,132.0,146.0,0.5176470588235295
6068,1.0,1.0,6214.0,0.9896062486588191,1.0007922886550416,132.0,146.0,0.5176470588235295
6069,1.0,1.0,6215.0,0.9893919763612367,1.0005780163574591,132.0,146.0,0.5176470588235295
6070,1.0,1.0,6215.0,0.9891361641889009,1.000910943132293,132.0,145.0,0.5176470588235295
6071,1.0,1.0,6216.0,0.9888668588453974,1.0006416377887895,131.0,145.0,0.5137254901960784
6072,1.0,1.0,6216.0,0.988553914685095,1.000948418836034,131.0,144.0,0.5137254901960784
6073,1.0,1.0,6217.0,0.9882267396375852,1.0006212437885242,132.0,144.0,0.5176470588235295
6074,1.0,1.0,6217.0,0.9878534864555235,1.0009003329301962,131.0,143.0,0.5137254901960784
6075,1.0,1.0,6218.0,0.987464995490384,1.0005118419650567,131.0,143.0,0.5137254901960784
6076,1.0,1.0,6218.0,0.9870276272813345,1.000761149886253,132.0,142.0,0.5176470588235295
6077,1.0,1.0,6219.0,0.9865737283296039,1.0003072509345223,132.0,142.0,0.5176470588235295
6078,1.0,1.0,6219.0,0.9860677703577543,1.0005241099418791,132.0,141.0,0.5176470588235295
6079,1.0,1.0,6219.0,0.9855251486236885,1.000742348185925,132.0,140.0,0.5176470588235295
6080,1.0,1.0,6219.0,0.9849444351754743,1.0009625399778286,132.0,139.0,0.5176470588235295
6081,1.0,1.0,6220.0,0.984344637851625,1.0003627426539792,133.0,139.0,0.5215686274509804
6082,1.0,1.0,6220.0,0.9836841329761246,1.0005452959259713,132.0,138.0,0.5176470588235295
6083,1.0,1.0,6220.0,0.9829806916084561,1.0007292841872422,133.0,137.0,0.5215686274509804
6084,1.0,1.0,6220.0,0.9822324625871257,1.0009151916174268,133.0,136.0,0.5215686274509804
6085,1.0,1.0,6221.0,0.9814614291050985,1.0001441581353996,134.0,136.0,0.5254901960784314
6086,1.0,1.0,6221.0,0.9806188553043196,1.000284885862531,134.0,135.0,0.5254901960784314
6087,1.0,1.0,6221.0,0.9797252784911838,1.0004263632893013,133.0,134.0,0.5215686274509804
6088,1.0,1.0,6221.0,0.9787783471477617,1.0005689627247274,133.0,133.0,0.5215686274509804
6089,1.0,1.0,6221.0,0.9777755693494652,1.0007130594304818,133.0,132.0,0.5215686274509804
6090,1.0,1.0,6221.0,0.9767143062073513,1.0008590326084215,134.0,131.0,0.5254901960784314
6091,1.0,1.0,6222.0,0.9756227197011154,0.9997674461021855,134.0,131.0,0.5254901960784314
6092,1.0,1.0,6222.0,0.9744375754186854,0.999853076893496,133.0,130.0,0.5215686274509804
6093,1.0,1.0,6222.0,0.9731851615978833,0.9999383210450523,134.0,129.0,0.5254901960784314
6094,1.0,1.0,6222.0,0.9718621824128653,1.0000234028835695,134.0,128.0,0.5254901960784314
6095,1.0,1.0,6222.0,0.97046515633946,1.0001085463086223,135.0,127.0,0.5294117647058824
6096,1.0,1.0,6222.0,0.9689904069932638,1.0001939753818558,135.0,126.0,0.5294117647058824
6097,1.0,1.0,6222.0,0.9674340534549446,1.0002799149166204,134.0,125.0,0.5254901960784314
6098,1.0,1.0,6222.0,0.9657920000572964,1.0003665910695867,135.0,124.0,0.5294117647058824
6099,1.0,1.0,6222.0,0.9640599256071674,1.000454231935894,135.0,123.0,0.5294117647058824
6100,1.0,1.0,6222.0,0.9622332720138993,1.000543068149401,135.0,122.0,0.5294117647058824
6101,1.0,1.0,6222.0,0.9603072322943522,1.0006333334896171,136.0,121.0,0.5333333333333333
6102,1.0,1.0,6246.0,0.9590088231088933,0.9714033272598324,135.0,144.0,0.5294117647058824
6103,1.0,0.0,6270.0,0.9571209760363695,0.9609305120092069,135.0,167.0,0.5294117647058824
6104,1.0,0.0,6262.0,0.9548675134407938,0.9609120029937503,135.0,158.0,0.5294117647058824
6105,1.0,0.0,6257.0,0.9524970491764477,0.9607198164658778,136.0,152.0,0.5333333333333333
6106,0.0,0.0,6253.0,0.9500095494198808,0.9606362874162921,136.0,147.0,0.5333333333333333
6107,1.0,0.0,6254.0,0.950055394551436,0.9606821325478473,136.0,147.0,0.5333333333333333
6108,1.0,0.0,6255.0,0.9499834305338304,0.9606101685302417,135.0,147.0,0.5294117647058824
6109,1.0,0.0,6255.0,0.9497669011430793,0.9609529411393017,135.0,146.0,0.5294117647058824
6110,0.0,0.0,6256.0,0.9494325204638335,0.960618560460056,136.0,146.0,0.5333333333333333
6111,1.0,0.0,6261.0,0.9516479068938286,0.9607590063835018,136.0,150.0,0.5333333333333333
6112,1.0,0.0,6267.0,0.9537362979846508,0.9607862930894258,136.0,155.0,0.5333333333333333
6113,1.0,0.0,6274.0,0.9556986808669323,0.9608810750973984,136.0,161.0,0.5333333333333333
6114,1.0,0.0,6283.0,0.9575325179114631,0.9609706241269489,136.0,169.0,0.5333333333333333
6115,1.0,1.0,6259.0,0.959012769231069,0.971407273382008,136.0,144.0,0.5333333333333333
6116,1.0,1.0,6237.0,0.9599360625746373,1.0002621637699023,134.0,121.0,0.5254901960784314
6117,1.0,1.0,6239.0,0.9614654736580757,0.9997752697935773,134.0,122.0,0.5254901960784314
6118,1.0,1.0,6241.0,0.9628934780932458,0.9992877844219724,134.0,123.0,0.5254901960784314
6119,1.0,1.0,6242.0,0.9641795073878224,1.000573813716549,133.0,123.0,0.5215686274509804
6120,1.0,1.0,6244.0,0.9654179315952445,0.9999925226075348,133.0,124.0,0.5215686274509804
6121,1.0,1.0,6246.0,0.9665653503594962,0.999411211821172,132.0,125.0,0.5176470588235295
6122,1.0,1.0,6247.0,0.9675847786287842,1.00043064009046,130.0,125.0,0.5098039215686274
6123,1.0,1.0,6249.0,0.9685610137627344,0.9997645821513264,129.0,126.0,0.5058823529411764
6124,1.0,1.0,6250.0,0.9694165103762618,1.0006200787648538,127.0,126.0,0.4980392156862745
6125,1.0,1.0,6252.0,0.9702315286972152,0.9998749186663776,123.0,127.0,0.4823529411764706
6126,1.0,1.0,6253.0,0.9709321048069846,1.000575494776147,122.0,127.0,0.47843137254901963
6127,1.0,1.0,6255.0,0.9715561864557194,0.9997174069264236,123.0,128.0,0.4823529411764706
6128,1.0,1.0,6256.0,0.9721072211699888,1.000268441640693,124.0,128.0,0.48627450980392156
6129,1.0,1.0,6257.0,0.972586659041146,1.0007478795118503,125.0,128.0,0.49019607843137253
6130,1.0,1.0,6259.0,0.9730300606701675,0.9997832201173366,125.0,129.0,0.49019607843137253
6131,1.0,1.0,6260.0,0.9733699047983869,1.000123064245556,126.0,129.0,0.49411764705882355
6132,1.0,1.0,6261.0,0.9736413846748259,1.000394544121995,127.0,129.0,0.4980392156862745
6133,1.0,1.0,6262.0,0.9738452147202116,1.0005983741673807,128.0,129.0,0.5019607843137255
6134,1.0,1.0,6263.0,0.9739819313294005,1.0007350907765695,129.0,129.0,0.5058823529411764
6135,1.0,1.0,6264.0,0.9740518942829433,1.0008050537301123,130.0,129.0,0.5098039215686274
6136,1.0,1.0,6265.0,0.9740552876938752,1.0008084471410443,131.0,129.0,0.5137254901960784
6137,1.0,1.0,6266.0,0.9739921204922253,1.0007452799393943,132.0,129.0,0.5176470588235295
6138,1.0,1.0,6267.0,0.9738622264485153,1.0006153858956843,133.0,129.0,0.5215686274509804
6139,1.0,1.0,6268.0,0.9736652637363147,1.0004184231834838,134.0,129.0,0.5254901960784314
6140,1.0,1.0,6269.0,0.9734007140326963,1.0001538734798654,134.0,129.0,0.5254901960784314
6141,1.0,1.0,6270.0,0.9730678811542299,0.999821040601399,135.0,129.0,0.5294117647058824
6142,1.0,1.0,6270.0,0.9726315903025511,1.0007928107732553,135.0,128.0,0.5294117647058824
6143,1.0,1.0,6271.0,0.9721593814488982,1.0003206019196025,136.0,128.0,0.5333333333333333
6144,1.0,1.0,6272.0,0.9716157130160249,0.9997769334867291,136.0,128.0,0.5333333333333333
6145,1.0,1.0,6272.0,0.9709630501687203,1.0006064401378827,137.0,127.0,0.5372549019607843
6146,1.0,1.0,6273.0,0.9702719786416585,0.9999153686108209,137.0,127.0,0.5372549019607843
6147,1.0,1.0,6273.0,0.9694665713506343,1.0006701397392264,138.0,126.0,0.5411764705882353
6148,1.0,1.0,6274.0,0.9686208175064426,0.9998243858950345,138.0,126.0,0.5411764705882353
6149,1.0,1.0,6274.0,0.967654482520101,1.0005003439817768,139.0,125.0,0.5450980392156862
6150,1.0,1.0,6275.0,0.9666451378297146,0.9994909992913904,139.0,125.0,0.5450980392156862
6151,1.0,1.0,6275.0,0.9655080126113913,1.0000826036236816,140.0,124.0,0.5490196078431373
6152,1.0,1.0,6275.0,0.9642801190052033,1.00067442533393,140.0,123.0,0.5490196078431373
6153,1.0,1.0,6276.0,0.9630048850792748,0.9993991914080015,141.0,123.0,0.5529411764705883
6154,1.0,1.0,6276.0,0.9615879691890319,0.9998977653245336,141.0,122.0,0.5529411764705883
6155,1.0,1.0,6276.0,0.9600699690071812,1.0003960702024461,142.0,121.0,0.5568627450980392
6156,1.0,1.0,6295.0,0.9590105933620812,0.9750286981644355,142.0,139.0,0.5568627450980392
6157,1.0,0.0,6327.0,0.9575860656668679,0.9608522665715794,143.0,170.0,0.5607843137254902
6158,1.0,0.0,6319.0,0.9557491080468327,0.9609315022772987,143.0,161.0,0.5607843137254902
6159,1.0,0.0,6314.0,0.9537915200970744,0.9608415152018493,143.0,155.0,0.5607843137254902
6160,0.0,0.0,6310.0,0.9517175834235581,0.9608286829132312,144.0,150.0,0.5647058823529412
6161,1.0,0.0,6312.0,0.9522010155368017,0.9608565600519912,144.0,151.0,0.5647058823529412
6162,1.0,0.0,6314.0,0.9525481188394809,0.9607708861289109,145.0,152.0,0.5686274509803921
6163,1.0,0.0,6315.0,0.9527703487706851,0.9609931160601152,145.0,152.0,0.5686274509803921
6164,1.0,0.0,6317.0,0.9528788321553681,0.9606904610803265,146.0,153.0,0.5725490196078431
6165,1.0,0.0,6318.0,0.9528537983033414,0.9606654272282998,146.0,153.0,0.5725490196078431
6166,1.0,0.0,6318.0,0.9526951813360472,0.9609179486254773,147.0,152.0,0.5764705882352941
6167,1.0,0.0,6319.0,0.9524226200131933,0.9606453873026234,147.0,152.0,0.5764705882352941
6168,1.0,0.0,6319.0,0.952014840149917,0.9606703846651065,148.0,151.0,0.5803921568627451
6169,0.0,0.0,6319.0,0.9514807835501933,0.9605918830398664,148.0,150.0,0.5803921568627451
6170,1.0,0.0,6324.0,0.9534923757277252,0.9609134232064357,148.0,154.0,0.5803921568627451
6171,1.0,0.0,6331.0,0.955399316406152,0.9608544682276953,148.0,160.0,0.5803921568627451
6172,1.0,0.0,6339.0,0.9571814348661725,0.9609909708390099,148.0,167.0,0.5803921568627451
6173,1.0,0.0,6352.0,0.9588459665320563,0.9609044877242927,148.0,179.0,0.5803921568627451
6174,1.0,1.0,6295.0,0.9595695555008317,0.9998956566960967,148.0,121.0,0.5803921568627451
6175,1.0,1.0,6297.0,0.9610426376704371,0.9993524338059387,149.0,122.0,0.5843137254901961
6176,1.0,1.0,6298.0,0.9623665410984028,1.0006763372339045,149.0,122.0,0.5843137254901961
6177,1.0,1.0,6300.0,0.9636405242314573,1.0000348305601838,149.0,123.0,0.5843137254901961
6178,1.0,1.0,6302.0,0.9647744981348081,0.9993490891470984,148.0,124.0,0.5803921568627451
6179,1.0,1.0,6303.0,0.96581577334904,1.0003903643613303,147.0,124.0,0.5764705882352941
6180,1.0,1.0,6305.0,0.9668114164708188,0.9996572779324946,147.0,125.0,0.5764705882352941
6181,1.0,1.0,6306.0,0.9676376065612351,1.0004834680229109,147.0,125.0,0.5764705882352941
6182,1.0,1.0,6308.0,0.9684186370332488,0.9996222054218408,147.0,126.0,0.5764705882352941
6183,1.0,1.0,6309.0,0.9691185588840927,1.0003221272726848,146.0,126.0,0.5725490196078431
6184,1.0,1.0,6310.0,0.9697392140133745,1.0009427824019665,144.0,126.0,0.5647058823529412
6185,1.0,1.0,6312.0,0.9703202400701803,0.9999636300393426,143.0,127.0,0.5607843137254902
6186,1.0,1.0,6313.0,0.970787057366783,1.0004304473359453,142.0,127.0,0.5568627450980392
6187,1.0,1.0,6314.0,0.971140894369753,1.0007842843389154,143.0,127.0,0.5607843137254902
6188,1.0,1.0,6316.0,0.9714928948328294,0.9996541153035337,143.0,128.0,0.5607843137254902
6189,1.0,1.0,6317.0,0.9717355776757294,0.9998967981464336,143.0,128.0,0.5607843137254902
6190,1.0,1.0,6318.0,0.9719056856663217,1.000066906137026,144.0,128.0,0.5647058823529412
6191,1.0,1.0,6319.0,0.9720036664572131,1.0001648869279174,144.0,128.0,0.5647058823529412
6192,1.0,1.0,6320.0,0.9720297778925904,1.0001909983632946,144.0,128.0,0.5647058823529412
6193,1.0,1.0,6321.0,0.9719479845579484,1.0001092050286526,145.0,128.0,0.5686274509803921
6194,1.0,1.0,6322.0,0.9718284742588466,0.9999896947295508,145.0,128.0,0.5686274509803921
6195,1.0,1.0,6323.0,0.9716366335721293,0.9997978540428335,145.0,128.0,0.5686274509803921
6196,1.0,1.0,6323.0,0.9713358535250758,1.0009792434942382,146.0,127.0,0.5725490196078431
6197,1.0,1.0,6324.0,0.9709976458597289,1.0006410358288913,146.0,127.0,0.5725490196078431
6198,1.0,1.0,6325.0,0.9705850164271081,1.0002284063962705,146.0,127.0,0.5725490196078431
6199,1.0,1.0,6326.0,0.9700968793602855,0.9997402693294479,146.0,127.0,0.5725490196078431
6200,1.0,1.0,6326.0,0.9694939457419182,1.0006975141305101,147.0,126.0,0.5764705882352941
6201,1.0,1.0,6327.0,0.968850737608255,1.000054305996847,147.0,126.0,0.5764705882352941
6202,1.0,1.0,6327.0,0.9680875533853415,1.0009334148470173,147.0,125.0,0.5764705882352941
6203,1.0,1.0,6328.0,0.9672824991185549,1.0001283605802307,147.0,125.0,0.5764705882352941
6204,1.0,1.0,6328.0,0.9663513415903809,1.0009259326026712,147.0,124.0,0.5764705882352941
6205,1.0,1.0,6329.0,0.9653759613598627,0.999950552372153,147.0,124.0,0.5764705882352941
6206,1.0,1.0,6329.0,0.9642673551593893,1.0006616614881159,148.0,123.0,0.5803921568627451
6207,0.0,1.0,6330.0,0.9631113750501075,0.9995056813788341,148.0,123.0,0.5803921568627451
6208,1.0,1.0,6331.0,0.9644922315277331,1.0008865378564598,148.0,123.0,0.5803921568627451
6209,1.0,1.0,6333.0,0.9658263058764671,1.0004008968887574,147.0,124.0,0.5764705882352941
6210,1.0,1.0,6335.0,0.9670704494511919,0.9999163109128677,147.0,125.0,0.5764705882352941
6211,1.0,1.0,6337.0,0.9682279363139461,0.999431504702538,147.0,126.0,0.5764705882352941
6212,1.0,1.0,6338.0,0.9692638081366753,1.0004673765252674,147.0,126.0,0.5764705882352941
6213,1.0,1.0,6340.0,0.9702587998188319,0.9999021897879943,146.0,127.0,0.5725490196078431
6214,1.0,1.0,6341.0,0.9711014167097993,1.0007448066789617,146.0,127.0,0.5725490196078431
6215,1.0,1.0,6343.0,0.9719420931722945,1.0001033136429989,145.0,128.0,0.5686274509803921
6216,1.0,1.0,6344.0,0.9726746341155064,1.0008358545862106,144.0,128.0,0.5647058823529412
6217,1.0,1.0,6346.0,0.9733713703299363,1.0001245297771053,143.0,129.0,0.5607843137254902
6218,1.0,1.0,6347.0,0.9739654472268793,1.0007186066740483,142.0,129.0,0.5568627450980392
6219,1.0,1.0,6349.0,0.9744927270889587,0.9999082285637694,139.0,130.0,0.5450980392156862
6220,1.0,1.0,6350.0,0.9749528825486407,1.0003683840234512,136.0,130.0,0.5333333333333333
6221,1.0,1.0,6351.0,0.9753487537401578,1.0007642552149685,131.0,130.0,0.5137254901960784
6222,1.0,1.0,6353.0,0.9757123372072412,0.9998570636083113,121.0,131.0,0.4745098039215686
6223,1.0,1.0,6354.0,0.9759825987336728,1.000127325134743,122.0,131.0,0.47843137254901963
6224,1.0,1.0,6355.0,0.9761912043114331,1.0003359307125033,123.0,131.0,0.4823529411764706
6225,1.0,1.0,6356.0,0.9763387029025694,1.0004834293036395,124.0,131.0,0.48627450980392156
6226,1.0,1.0,6357.0,0.9764254826612684,1.0005702090623385,125.0,131.0,0.49019607843137253
6227,1.0,1.0,6358.0,0.9764517719553161,1.0005964983563862,126.0,131.0,0.49411764705882355
6228,1.0,1.0,6359.0,0.9764176399670654,1.0005623663681356,127.0,131.0,0.4980392156862745
6229,1.0,1.0,6360.0,0.9763229968754951,1.000467723276565,128.0,131.0,0.5019607843137255
6230,1.0,1.0,6361.0,0.9761675936198371,1.0003123200209072,129.0,131.0,0.5058823529411764
6231,1.0,1.0,6362.0,0.9759510212441559,1.000095747645226,130.0,131.0,0.5098039215686274
6232,1.0,1.0,6363.0,0.9756727098211468,0.999817436222217,131.0,131.0,0.5137254901960784
6233,1.0,1.0,6363.0,0.9753009721748913,1.0007164736497018,132.0,130.0,0.5176470588235295
6234,1.0,1.0,6364.0,0.9748968210632405,1.000312322538051,133.0,130.0,0.5215686274509804
6235,1.0,1.0,6365.0,0.9744282381532001,0.9998437396280108,134.0,130.0,0.5254901960784314
6236,1.0,1.0,6365.0,0.9738614063555993,1.0006145658027683,135.0,129.0,0.5294117647058824
6237,1.0,1.0,6366.0,0.9732600877076183,1.0000132471547873,135.0,129.0,0.5294117647058824
6238,1.0,1.0,6366.0,0.9725558168931443,1.0007170373638485,136.0,128.0,0.5333333333333333
6239,1.0,1.0,6367.0,0.9718154286729873,0.9999766491436916,136.0,128.0,0.5333333333333333
6240,1.0,1.0,6367.0,0.9709665716059174,1.0006099615750799,137.0,127.0,0.5372549019607843
6241,1.0,1.0,6368.0,0.9700793151260299,0.9997227050951922,137.0,127.0,0.5372549019607843
6242,1.0,1.0,6368.0,0.9690772158729286,1.0002807842615207,137.0,126.0,0.5372549019607843
6243,1.0,1.0,6368.0,0.9679937408721248,1.0008396023338006,138.0,125.0,0.5411764705882353
6244,1.0,1.0,6369.0,0.9668681489524127,0.9997140104140885,138.0,125.0,0.5411764705882353
6245,1.0,1.0,6369.0,0.9656153633761393,1.0001899543884296,139.0,124.0,0.5450980392156862
6246,1.0,1.0,6369.0,0.9642720919140138,1.0006663982427404,138.0,123.0,0.5411764705882353
6247,1.0,1.0,6370.0,0.9628814590082238,0.9992757653369504,138.0,123.0,0.5411764705882353
6248,1.0,1.0,6370.0,0.961348819332669,0.9996586154681708,139.0,122.0,0.5450980392156862
6249,1.0,1.0,6370.0,0.9597144660237791,1.000040567219044,139.0,121.0,0.5450980392156862
6250,1.0,0.0,6429.0,0.958929796235386,0.9609883174276224,139.0,179.0,0.5450980392156862
6251,1.0,0.0,6418.0,0.9570925306832347,0.9609020666560721,140.0,167.0,0.5490196078431373
6252,1.0,0.0,6411.0,0.9551409247015783,0.960883189776887,140.0,159.0,0.5490196078431373
6253,1.0,0.0,6406.0,0.9530626118522858,0.9608742407772443,139.0,153.0,0.5450980392156862
6254,0.0,0.0,6402.0,0.9508560575391256,0.9609514586357163,139.0,148.0,0.5450980392156862
6255,1.0,0.0,6404.0,0.9512203291786525,0.9608109602204137,137.0,149.0,0.5372549019607843
6256,1.0,0.0,6406.0,0.9514562332633862,0.9605673327530594,136.0,150.0,0.5333333333333333
6257,1.0,0.0,6407.0,0.9515532937416075,0.9606643932312806,135.0,150.0,0.5294117647058824
6258,1.0,0.0,6408.0,0.9515234469324089,0.960634546422082,136.0,150.0,0.5333333333333333
6259,1.0,0.0,6408.0,0.951354933394774,0.9609455644365351,135.0,149.0,0.5294117647058824
6260,1.0,0.0,6409.0,0.9510707022047904,0.9606613332465516,135.0,149.0,0.5294117647058824
6261,1.0,0.0,6409.0,0.9506460288080376,0.9607414299046283,134.0,148.0,0.5254901960784314
6262,1.0,0.0,6409.0,0.950091476539727,0.9607182145361384,133.0,147.0,0.5215686274509804
6263,1.0,0.0,6409.0,0.9494055860517842,0.9605916260480066,133.0,146.0,0.5215686274509804
6264,1.0,0.0,6408.0,0.9485714564988006,0.9609659606497396,133.0,144.0,0.5215686274509804
6265,1.0,0.0,6408.0,0.9476163297503635,0.960663176225036,133.0,143.0,0.5215686274509804
6266,1.0,0.0,6407.0,0.946505744157849,0.9609620837419738,133.0,141.0,0.5215686274509804
6267,1.0,0.0,6407.0,0.9452711109341048,0.9604883104963413,132.0,140.0,0.5176470588235295
6268,1.0,0.0,6406.0,0.9438719182862838,0.9607330812361304,132.0,138.0,0.5176470588235295
6269,1.0,0.0,6406.0,0.9423445293904769,0.9600931219692628,132.0,137.0,0.5176470588235295
6270,1.0,0.0,6405.0,0.9406414633553078,0.9603074939135194,130.0,135.0,0.5098039215686274
6271,1.0,0.0,6404.0,0.938778405398323,0.9605690209752887,130.0,133.0,0.5098039215686274
6272,1.0,0.0,6403.0,0.9367500438029848,0.9608947702040549,129.0,131.0,0.5058823529411764
6273,1.0,0.0,6403.0,0.9345831716411335,0.9599986731159441,128.0,130.0,0.5019607843137255
6274,1.0,0.0,6402.0,0.9322098510086014,0.9603710714793057,126.0,128.0,0.49411764705882355
6275,1.0,0.0,6401.0,0.9296527148772799,0.9608562832658718,124.0,126.0,0.48627450980392156
6276,1.0,0.0,6401.0,0.9269465584402335,0.9597924199019093,122.0,125.0,0.47843137254901963
6277,1.0,0.0,6400.0,0.924003829705612,0.9603981360343387,123.0,123.0,0.4823529411764706
6278,1.0,0.0,6400.0,0.9209032211279602,0.9592130172634619,124.0,122.0,0.48627450980392156
6279,1.0,0.0,6399.0,0.9175427630024866,0.9599912905764497,125.0,120.0,0.49019607843137253
6280,1.0,0.0,6398.0,0.9139571418090096,0.9609915213923482,126.0,118.0,0.49411764705882355
6281,0.0,0.0,6398.0,0.9101995132305432,0.9597093864761628,127.0,117.0,0.4980392156862745
6282,1.0,0.0,6398.0,0.9088371465289993,0.96095280257702,128.0,116.0,0.5019607843137255
6283,0.0,0.0,6399.0,0.9073016925251305,0.9594173485731512,128.0,116.0,0.5019607843137255
6284,1.0,0.0,6400.0,0.908157215301405,0.9602728713494257,129.0,116.0,0.5058823529411764
6285,1.0,0.0,6401.0,0.9087743872861815,0.9608900433342022,130.0,116.0,0.5098039215686274
6286,1.0,0.0,6403.0,0.9092183068127309,0.9587281800583505,131.0,117.0,0.5137254901960784
6287,1.0,0.0,6404.0,0.909363026660037,0.9588728999056566,132.0,117.0,0.5176470588235295
6288,1.0,0.0,6405.0,0.9092724018662718,0.9587822751118914,133.0,117.0,0.5215686274509804
6289,1.0,0.0,6405.0,0.9088827197486673,0.960998375796688,134.0,116.0,0.5254901960784314
6290,1.0,0.0,6406.0,0.9083200702582632,0.9604357263062839,135.0,116.0,0.5294117647058824
6291,1.0,0.0,6407.0,0.9075194985420373,0.959635154590058,136.0,116.0,0.5333333333333333
6292,1.0,0.0,6408.0,0.9064788978323148,0.9585945538803355,137.0,116.0,0.5372549019607843
6293,1.0,0.0,6408.0,0.9051287147625247,0.9599873000762307,138.0,115.0,0.5411764705882353
6294,1.0,0.0,6409.0,0.9035992019354266,0.9584577872491327,139.0,115.0,0.5450980392156862
6295,1.0,0.0,6409.0,0.901749187853981,0.9594950671315662,138.0,114.0,0.5411764705882353
6296,1.0,0.0,6409.0,0.89964061900373,0.9604257550853987,139.0,113.0,0.5450980392156862
6297,1.0,0.0,6410.0,0.8973458761809217,0.9581310122625903,139.0,113.0,0.5450980392156862
6298,1.0,0.0,6410.0,0.8947069577484494,0.958691311518627,139.0,112.0,0.5450980392156862
6299,1.0,0.0,6410.0,0.8917909523626835,0.9591429036997124,140.0,111.0,0.5490196078431373
6300,1.0,0.0,6410.0,0.8885901863252406,0.9594869772063237,140.0,110.0,0.5490196078431373
6301,1.0,0.0,6410.0,0.885096236567601,0.9597244374950569,141.0,109.0,0.5529411764705883
6302,0.0,0.0,6410.0,0.881299908485139,0.9598559094614084,141.0,108.0,0.5529411764705883
6303,1.0,0.0,6411.0,0.8799235035099288,0.9584795044861982,141.0,108.0,0.5529411764705883
6304,1.0,0.0,6411.0,0.8781354305738054,0.9608259579172469,142.0,107.0,0.5568627450980392
6305,1.0,0.0,6412.0,0.8761326748989441,0.9588232022423856,142.0,107.0,0.5568627450980392
6306,0.0,0.0,6412.0,0.8737032397573155,0.9607459001188329,142.0,106.0,0.5568627450980392
6307,0.0,0.0,6413.0,0.8736846168219894,0.9607272771835068,143.0,106.0,0.5607843137254902
6308,1.0,0.0,6415.0,0.8759707435886472,0.9586612709320887,143.0,107.0,0.5607843137254902
6309,1.0,0.0,6416.0,0.8779304775752753,0.9606210049187168,143.0,107.0,0.5607843137254902
6310,1.0,0.0,6418.0,0.8796749894731692,0.9582309904494387,142.0,108.0,0.5568627450980392
6311,1.0,0.0,6419.0,0.8810071794258426,0.9595631804021121,143.0,108.0,0.5607843137254902
6312,1.0,0.0,6420.0,0.8820312660180932,0.9605872669943627,142.0,108.0,0.5568627450980392
6313,1.0,0.0,6422.0,0.882845621395314,0.9574738223227699,142.0,109.0,0.5568627450980392
6314,0.0,0.0,6423.0,0.883260782454564,0.9578889833820199,140.0,109.0,0.5490196078431373
6315,1.0,0.0,6424.0,0.8860050978529914,0.9606332987804473,140.0,109.0,0.5490196078431373
6316,1.0,0.0,6426.0,0.8884494266668216,0.9593462175479047,140.0,110.0,0.5490196078431373
6317,1.0,0.0,6428.0,0.8906910946619436,0.9580430459989726,139.0,111.0,0.5450980392156862
6318,1.0,0.0,6429.0,0.8925630764202359,0.9599150277572649,137.0,111.0,0.5372549019607843
6319,1.0,0.0,6431.0,0.894238678087826,0.9582230318580035,133.0,112.0,0.5215686274509804
6320,1.0,0.0,6432.0,0.8955580308255828,0.9595423845957604,133.0,112.0,0.5215686274509804
6321,0.0,0.0,6433.0,0.8966066378371779,0.9605909916073554,133.0,112.0,0.5215686274509804
6322,1.0,0.0,6435.0,0.9000967672237582,0.9608819033054269,133.0,113.0,0.5215686274509804
6323,1.0,0.0,6438.0,0.9033943248858236,0.9582529101995296,132.0,115.0,0.5176470588235295
6324,1.0,0.0,6440.0,0.9063636239085011,0.9584792799565218,131.0,116.0,0.5137254901960784
6325,1.0,0.0,6442.0,0.9090865114151482,0.9585963846607678,131.0,117.0,0.5137254901960784
6326,1.0,0.0,6444.0,0.9115701528992037,0.9586045324825424,130.0,118.0,0.5098039215686274
6327,1.0,0.0,6445.0,0.9137637987969968,0.9607981783803354,128.0,118.0,0.5019607843137255
6328,1.0,0.0,6447.0,0.9157908078098482,0.9604734684140199,127.0,119.0,0.4980392156862745
6329,1.0,0.0,6449.0,0.9175962136853572,0.9600447412593203,126.0,120.0,0.49411764705882355
6330,1.0,0.0,6451.0,0.9191303463024196,0.9594564474976847,126.0,121.0,0.49411764705882355
6331,1.0,0.0,6452.0,0.9204542490478176,0.9607803502430826,125.0,121.0,0.49019607843137253
6332,1.0,0.0,6454.0,0.9216205209993945,0.9599303171348963,126.0,122.0,0.49411764705882355
6333,1.0,0.0,6455.0,0.9225338717970397,0.9608436679325414,126.0,122.0,0.49411764705882355
6334,1.0,0.0,6457.0,0.9232924794858225,0.9596867858145491,127.0,123.0,0.4980392156862745
6335,1.0,0.0,6458.0,0.9238048988797816,0.9601992052085082,127.0,123.0,0.4980392156862745
6336,1.0,0.0,6459.0,0.9241191378180946,0.9605134441468213,128.0,123.0,0.5019607843137255
6337,1.0,0.0,6460.0,0.9242360232453359,0.9606303295740626,128.0,123.0,0.5019607843137255
6338,1.0,0.0,6461.0,0.9241558627547353,0.9605501690834619,128.0,123.0,0.5019607843137255
6339,1.0,0.0,6462.0,0.9238784453976328,0.9602727517263594,128.0,123.0,0.5019607843137255
6340,1.0,0.0,6463.0,0.9234030411283524,0.959797347457079,128.0,123.0,0.5019607843137255
6341,0.0,0.0,6463.0,0.9226817395159391,0.9609915356514409,128.0,122.0,0.5019607843137255
6342,1.0,0.0,6465.0,0.924484322234696,0.9608786285634227,129.0,123.0,0.5058823529411764
6343,1.0,0.0,6467.0,0.9260415201185614,0.9606161111308518,129.0,124.0,0.5058823529411764
6344,1.0,0.0,6469.0,0.9274484168225251,0.9602942782842009,129.0,125.0,0.5058823529411764
6345,1.0,0.0,6471.0,0.9286643883076006,0.9598679566961925,130.0,126.0,0.5098039215686274
6346,1.0,0.0,6472.0,0.9296546301526345,0.9608581985412264,130.0,126.0,0.5098039215686274
6347,1.0,0.0,6474.0,0.9304997571781906,0.9601431471473529,130.0,127.0,0.5098039215686274
6348,1.0,0.0,6475.0,0.9311258846990911,0.9607692746682535,131.0,127.0,0.5137254901960784
6349,0.0,0.0,6477.0,0.9315726647654528,0.959733885236157,131.0,128.0,0.5137254901960784
6350,1.0,0.0,6480.0,0.9345378347429731,0.9599533362177838,131.0,130.0,0.5137254901960784
6351,1.0,0.0,6483.0,0.937325843980751,0.9602633340617676,131.0,132.0,0.5137254901960784
6352,1.0,0.0,6486.0,0.9399445063038726,0.9606455911019901,131.0,134.0,0.5137254901960784
6353,1.0,0.0,6490.0,0.9424238979900484,0.9601724905688344,131.0,137.0,0.5137254901960784
6354,1.0,0.0,6493.0,0.9447231445737057,0.96074124937606,131.0,139.0,0.5137254901960784
6355,1.0,0.0,6497.0,0.9468914497217298,0.9606249723266483,131.0,142.0,0.5137254901960784
6356,1.0,0.0,6501.0,0.9489129387883881,0.9606877177317802,131.0,145.0,0.5137254901960784
6357,1.0,0.0,6505.0,0.9507809951271646,0.9608763962237553,131.0,148.0,0.5137254901960784
6358,1.0,0.0,6510.0,0.9525137855750441,0.9607365528644741,131.0,152.0,0.5137254901960784
6359,1.0,0.0,6515.0,0.9541359009285288,0.9608333962780652,131.0,156.0,0.5137254901960784
6360,1.0,0.0,6521.0,0.9556375028603183,0.9608198970907844,131.0,161.0,0.5137254901960784
6361,1.0,0.0,6528.0,0.9570192286931261,0.9608287646659635,131.0,167.0,0.5137254901960784
6362,1.0,0.0,6536.0,0.9582826432245921,0.9609429842752353,131.0,174.0,0.5137254901960784
6363,1.0,1.0,6497.0,0.959016837096024,0.9797179218941415,130.0,134.0,0.5098039215686274
6364,1.0,1.0,6485.0,0.9595604696547635,0.9998865708500285,130.0,121.0,0.5098039215686274
6365,1.0,1.0,6486.0,0.9604783126745045,1.0008044138697694,129.0,121.0,0.5058823529411764
6366,1.0,1.0,6488.0,0.9613438513836525,0.9996536475191542,128.0,122.0,0.5019607843137255
6367,1.0,1.0,6489.0,0.9620610040188275,1.0003708001543292,127.0,122.0,0.4980392156862745
6368,1.0,1.0,6490.0,0.9626807729470566,1.0009905690825582,125.0,122.0,0.49019607843137253
6369,1.0,1.0,6492.0,0.9632514485062916,0.9996457548350183,123.0,123.0,0.4823529411764706
6370,1.0,1.0,6493.0,0.9636810909523359,1.0000753972810625,121.0,123.0,0.4745098039215686
6371,1.0,1.0,6494.0,0.9640174902902934,1.00041179661902,122.0,123.0,0.47843137254901963
6372,1.0,1.0,6495.0,0.9642615317815797,1.0006558381103063,123.0,123.0,0.4823529411764706
6373,1.0,1.0,6496.0,0.9644138576406457,1.0008081639693722,124.0,123.0,0.48627450980392156
6374,1.0,1.0,6497.0,0.9644748687250151,1.0008691750537417,125.0,123.0,0.49019607843137253
6375,1.0,1.0,6498.0,0.9644447255901734,1.0008390319189,126.0,123.0,0.49411764705882355
6376,1.0,1.0,6499.0,0.9643233489120808,1.0007176552408075,127.0,123.0,0.4980392156862745
6377,1.0,1.0,6500.0,0.9641104192784274,1.000504725607154,128.0,123.0,0.5019607843137255
6378,1.0,1.0,6501.0,0.9638053763480716,1.0001996826767983,129.0,123.0,0.5058823529411764
6379,1.0,1.0,6502.0,0.96340741737646,0.9998017237051866,130.0,123.0,0.5098039215686274
6380,1.0,1.0,6503.0,0.9629154951031406,0.9993098014318672,131.0,123.0,0.5137254901960784
6381,1.0,1.0,6503.0,0.9622816556287275,1.0005914517642291,132.0,122.0,0.5176470588235295
6382,1.0,1.0,6504.0,0.961597672476588,0.9999074686120897,133.0,122.0,0.5215686274509804
6383,1.0,1.0,6505.0,0.9607659712007197,0.9990757673362214,134.0,122.0,0.5254901960784314
6384,1.0,1.0,6505.0,0.9598310224806429,1.000157123675908,135.0,121.0,0.5294117647058824
6385,1.0,1.0,6512.0,0.9590088444215829,0.9886522343907452,136.0,127.0,0.5333333333333333
6386,1.0,0.0,6562.0,0.9585477412693368,0.9609486990675423,137.0,176.0,0.5372549019607843
6387,1.0,0.0,6555.0,0.9573124712199951,0.9609315303941907,138.0,168.0,0.5411764705882353
6388,1.0,0.0,6550.0,0.9559650181423005,0.9608882926612433,139.0,162.0,0.5450980392156862
6389,1.0,0.0,6546.0,0.9544996550962912,0.9608622756783507,140.0,157.0,0.5490196078431373
6390,0.0,0.0,6543.0,0.9529084149071947,0.9607200438321531,141.0,153.0,0.5529411764705883
6391,1.0,0.0,6546.0,0.9538791781627495,0.9609291732675245,142.0,155.0,0.5568627450980392
6392,1.0,0.0,6550.0,0.9547272138769622,0.9607717034299188,143.0,158.0,0.5607843137254902
6393,1.0,0.0,6553.0,0.9554459732590586,0.9609011250806018,144.0,160.0,0.5647058823529412
6394,1.0,0.0,6556.0,0.9560537970927718,0.9609770716117146,145.0,162.0,0.5686274509803921
6395,1.0,0.0,6559.0,0.9565387135196156,0.9609819687729615,146.0,164.0,0.5725490196078431
6396,1.0,0.0,6562.0,0.9569143992141195,0.9609244370802641,147.0,166.0,0.5764705882352941
6397,1.0,0.0,6564.0,0.957171290091621,0.9609808260644584,148.0,167.0,0.5803921568627451
6398,1.0,0.0,6566.0,0.9573154738377847,0.9609345330119803,146.0,168.0,0.5725490196078431
6399,1.0,0.0,6567.0,0.9573429220550402,0.9609619812292358,145.0,168.0,0.5686274509803921
6400,1.0,0.0,6568.0,0.9572583467949922,0.9608774059691878,143.0,168.0,0.5607843137254902
6401,1.0,0.0,6568.0,0.9570568856717127,0.96086642164455,141.0,167.0,0.5529411764705883
6402,1.0,0.0,6567.0,0.9567372752786452,0.9609583677693238,140.0,165.0,0.5490196078431373
6403,1.0,0.0,6566.0,0.956303003149379,0.9609801139423746,138.0,163.0,0.5411764705882353
6404,1.0,0.0,6565.0,0.955752838689768,0.9609352329202341,136.0,161.0,0.5333333333333333
6405,1.0,0.0,6564.0,0.9550852368434741,0.9608275019187829,134.0,159.0,0.5254901960784314
6406,1.0,0.0,6562.0,0.9542901757957434,0.9609876711452797,130.0,156.0,0.5098039215686274
6407,1.0,0.0,6561.0,0.953380898505569,0.9608019459842795,127.0,154.0,0.4980392156862745
6408,1.0,0.0,6559.0,0.9523369689836322,0.9609925134988216,122.0,151.0,0.47843137254901963
6409,1.0,0.0,6558.0,0.9511754586082359,0.9607660896499971,116.0,149.0,0.4549019607843137
6410,1.0,0.0,6557.0,0.9498836166276219,0.9605103546240332,111.0,147.0,0.43529411764705883
6411,1.0,0.0,6555.0,0.9484570892379893,0.9608515933889283,109.0,144.0,0.42745098039215684
6412,1.0,0.0,6554.0,0.9468925369601782,0.9606260595650967,108.0,142.0,0.4235294117647059
6413,1.0,0.0,6553.0,0.9451855848219226,0.9604027843841592,108.0,140.0,0.4235294117647059
6414,1.0,0.0,6552.0,0.9433314552711369,0.9601926182209836,109.0,138.0,0.42745098039215684
6415,0.0,0.0,6550.0,0.9413249525954026,0.9609909831536142,109.0,135.0,0.42745098039215684
6416,1.0,0.0,6552.0,0.9418411899398332,0.9605239189701342,109.0,136.0,0.42745098039215684
6417,1.0,0.0,6553.0,0.9422055753949408,0.9608883044252418,110.0,136.0,0.43137254901960786
6418,1.0,0.0,6555.0,0.9424418224756879,0.9601904150544738,109.0,137.0,0.42745098039215684
6419,1.0,0.0,6556.0,0.9425049837926363,0.9602535763714222,109.0,137.0,0.42745098039215684
6420,1.0,0.0,6557.0,0.9423952255597781,0.960143818138564,109.0,137.0,0.42745098039215684
6421,1.0,0.0,6557.0,0.942133875815235,0.960816604845536,110.0,136.0,0.43137254901960786
6422,1.0,0.0,6558.0,0.9417441990132271,0.9604269280435281,110.0,136.0,0.43137254901960786
6423,1.0,0.0,6558.0,0.9411784628659101,0.9608444934241217,110.0,135.0,0.43137254901960786
6424,1.0,0.0,6559.0,0.9404831460595093,0.9601491766177209,110.0,135.0,0.43137254901960786
6425,0.0,0.0,6559.0,0.9396072537365594,0.9603083385346769,111.0,134.0,0.43529411764705883
6426,1.0,0.0,6561.0,0.9412557647933328,0.9609217953515444,111.0,135.0,0.43529411764705883
6427,1.0,0.0,6564.0,0.9427724403633272,0.9605210329421131,112.0,137.0,0.4392156862745098
6428,1.0,0.0,6566.0,0.944114564875467,0.9609757278253136,112.0,138.0,0.4392156862745098
6429,1.0,0.0,6569.0,0.9453096224530684,0.9605268220153049,111.0,140.0,0.43529411764705883
6430,1.0,0.0,6571.0,0.9463587557213934,0.9608150953055181,112.0,141.0,0.4392156862745098
6431,1.0,0.0,6574.0,0.9472834545468138,0.9603303010214864,112.0,143.0,0.4392156862745098
6432,1.0,0.0,6576.0,0.9480518185407789,0.9604463226917179,112.0,144.0,0.4392156862745098
6433,1.0,0.0,6578.0,0.9486834767940617,0.9604582557374538,112.0,145.0,0.4392156862745098
6434,1.0,0.0,6579.0,0.9491657504883055,0.9609405294316976,113.0,145.0,0.44313725490196076
6435,1.0,0.0,6581.0,0.9495293457121693,0.9607153857083918,113.0,146.0,0.44313725490196076
6436,1.0,0.0,6582.0,0.949746499401677,0.9609325393978995,114.0,146.0,0.4470588235294118
6437,1.0,0.0,6584.0,0.9498457481138969,0.9604724861103082,115.0,147.0,0.45098039215686275
6438,1.0,0.0,6584.0,0.9497864451077414,0.9609724851039638,115.0,146.0,0.45098039215686275
6439,1.0,0.0,6585.0,0.9496093422445768,0.9607953822407993,116.0,146.0,0.4549019607843137
6440,1.0,0.0,6586.0,0.9493003494411651,0.9604863894373876,116.0,146.0,0.4549019607843137
6441,1.0,0.0,6586.0,0.9488443124816315,0.9606190914250236,117.0,145.0,0.4588235294117647
6442,1.0,0.0,6586.0,0.9482536552917864,0.9606481594427254,117.0,144.0,0.4588235294117647
6443,1.0,0.0,6586.0,0.9475268235106038,0.9605736699852764,118.0,143.0,0.4627450980392157
6444,1.0,0.0,6586.0,0.9466619044228702,0.9603954270277888,118.0,142.0,0.4627450980392157
6445,1.0,0.0,6585.0,0.9456380881570254,0.960855287719262,118.0,140.0,0.4627450980392157
6446,1.0,0.0,6585.0,0.9444888213086989,0.9605069261110533,119.0,139.0,0.4666666666666667
6447,1.0,0.0,6584.0,0.9431718555356079,0.9609204481143938,119.0,137.0,0.4666666666666667
6448,1.0,0.0,6584.0,0.9417258780457243,0.9604086070760253,120.0,136.0,0.47058823529411764
6449,1.0,0.0,6583.0,0.9401013347436393,0.9608024195417568,120.0,134.0,0.47058823529411764
6450,0.0,0.0,6583.0,0.9383431155917958,0.9601337311687616,121.0,133.0,0.4745098039215686
6451,1.0,0.0,6584.0,0.939082157114989,0.9608727726919547,121.0,133.0,0.4745098039215686
6452,1.0,0.0,6586.0,0.939688825211964,0.9603899100100814,121.0,134.0,0.4745098039215686
6453,1.0,0.0,6587.0,0.9401115668313856,0.9608126516295031,122.0,134.0,0.47843137254901963
6454,1.0,0.0,6589.0,0.9404032471631953,0.9600692777214069,122.0,135.0,0.47843137254901963
6455,1.0,0.0,6590.0,0.9405141417182026,0.9601801722764142,122.0,135.0,0.47843137254901963
6456,1.0,0.0,6591.0,0.9404697551838737,0.9601357857420852,123.0,135.0,0.4823529411764706
6457,1.0,0.0,6591.0,0.9402447578938495,0.960945842691967,123.0,134.0,0.4823529411764706
6458,1.0,0.0,6592.0,0.9398890498190093,0.9605901346171268,123.0,134.0,0.4823529411764706
6459,1.0,0.0,6593.0,0.9393764820257816,0.9600775668238991,123.0,134.0,0.4823529411764706
6460,1.0,0.0,6593.0,0.9386791657992477,0.9604697813762134,123.0,133.0,0.4823529411764706
6461,1.0,0.0,6593.0,0.937820478956396,0.9607579690374125,123.0,132.0,0.4823529411764706
6462,1.0,0.0,6593.0,0.9367981617950083,0.9609428881960784,123.0,131.0,0.4823529411764706
6463,1.0,0.0,6594.0,0.9356404787842025,0.9597852051852727,122.0,131.0,0.47843137254901963
6464,1.0,0.0,6594.0,0.9342840215737375,0.9596995230485481,123.0,130.0,0.4823529411764706
6465,1.0,0.0,6593.0,0.9327203286555719,0.9608815491262761,123.0,128.0,0.4823529411764706
6466,0.0,0.0,6593.0,0.9310121679469602,0.9606555579161226,124.0,127.0,0.48627450980392156
6467,1.0,0.0,6595.0,0.9318281477341845,0.9599893682048888,124.0,128.0,0.48627450980392156
6468,1.0,0.0,6596.0,0.9323943248590061,0.9605555453297103,125.0,128.0,0.49019607843137253
6469,1.0,0.0,6597.0,0.9328186964412126,0.9609799169119169,125.0,128.0,0.49019607843137253
6470,1.0,0.0,6599.0,0.9331023792481259,0.9598555386952949,126.0,129.0,0.49411764705882355
6471,1.0,0.0,6600.0,0.9331774317083894,0.9599305911555585,126.0,129.0,0.49411764705882355
6472,1.0,0.0,6601.0,0.9330783502508463,0.9598315096980153,126.0,129.0,0.49411764705882355
6473,1.0,0.0,6601.0,0.9327705752124503,0.9609317956831546,127.0,128.0,0.4980392156862745
6474,1.0,0.0,6602.0,0.9323219847639483,0.9604832052346526,127.0,128.0,0.4980392156862745
6475,1.0,0.0,6603.0,0.9316970994817917,0.9598583199524959,127.0,128.0,0.4980392156862745
6476,1.0,0.0,6603.0,0.9308581708022192,0.9605015607713816,128.0,127.0,0.5019607843137255
6477,0.0,0.0,6604.0,0.9298752942866616,0.959518684255824,128.0,127.0,0.5019607843137255
6478,1.0,0.0,6605.0,0.9313413582365325,0.9609847482056949,129.0,127.0,0.5058823529411764
6479,1.0,0.0,6607.0,0.9326647458962981,0.9608259663670023,130.0,128.0,0.5098039215686274
6480,1.0,0.0,6609.0,0.9338109355189486,0.9605640949661176,130.0,129.0,0.5098039215686274
6481,1.0,0.0,6611.0,0.9347829433929646,0.9601984448677753,131.0,130.0,0.5137254901960784
6482,1.0,0.0,6612.0,0.9355197886801174,0.9609352901549281,132.0,130.0,0.5176470588235295
6483,1.0,0.0,6614.0,0.9361504879543259,0.960295214355396,132.0,131.0,0.5176470588235295
6484,1.0,0.0,6615.0,0.9365837551582699,0.96072848155934,133.0,131.0,0.5215686274509804
6485,1.0,0.0,6616.0,0.9368516852462392,0.9609964116473093,133.0,131.0,0.5215686274509804
6486,1.0,0.0,6618.0,0.9369843903359778,0.9599218804169943,132.0,132.0,0.5176470588235295
6487,1.0,0.0,6619.0,0.9369233281873317,0.9598608182683482,133.0,132.0,0.5215686274509804
6488,1.0,0.0,6619.0,0.9366683381104365,0.9608130645115066,133.0,131.0,0.5215686274509804
6489,1.0,0.0,6620.0,0.9362776405428479,0.960422366943918,133.0,131.0,0.5215686274509804
6490,1.0,0.0,6621.0,0.9357208002945072,0.9598655266955773,132.0,131.0,0.5176470588235295
6491,1.0,0.0,6621.0,0.9349653972189023,0.9603808986937129,133.0,130.0,0.5215686274509804
6492,1.0,0.0,6621.0,0.9340388504517683,0.9607920098989373,133.0,129.0,0.5215686274509804
6493,1.0,0.0,6622.0,0.932973020634507,0.9597261800816761,132.0,129.0,0.5176470588235295
6494,1.0,0.0,6622.0,0.9316982200531922,0.9598594405238965,132.0,128.0,0.5176470588235295
6495,1.0,0.0,6622.0,0.9302436779457014,0.9598870679148638,132.0,127.0,0.5176470588235295
6496,1.0,0.0,6622.0,0.9286055665696469,0.9598091349582388,132.0,126.0,0.5176470588235295
6497,1.0,0.0,6622.0,0.9267795751056176,0.9596254365672934,130.0,125.0,0.5098039215686274
6498,1.0,0.0,6622.0,0.924760898312919,0.9593354893252093,130.0,124.0,0.5098039215686274
6499,1.0,0.0,6621.0,0.9224975645171136,0.9608073606526153,130.0,122.0,0.5098039215686274
6500,1.0,0.0,6621.0,0.9200746033424554,0.9604007045377204,130.0,121.0,0.5098039215686274
6501,1.0,0.0,6621.0,0.917441312176593,0.9598898397505561,129.0,120.0,0.5058823529411764
6502,1.0,0.0,6621.0,0.9145907613059323,0.959273421910104,129.0,119.0,0.5058823529411764
6503,1.0,0.0,6620.0,0.9114551487941682,0.9609650220397878,128.0,117.0,0.5019607843137255
6504,1.0,0.0,6620.0,0.908143808978386,0.9602594650264067,128.0,116.0,0.5019607843137255
6505,0.0,0.0,6620.0,0.9045907423441258,0.9594493276578319,126.0,115.0,0.49411764705882355
6506,1.0,0.0,6621.0,0.9034885091830358,0.9583470944967418,127.0,115.0,0.4980392156862745
6507,0.0,0.0,6621.0,0.9020654834708814,0.9598113627484667,128.0,114.0,0.5019607843137255
6508,1.0,0.0,6622.0,0.9030903474727376,0.9608362267503229,129.0,114.0,0.5058823529411764
6509,0.0,0.0,6624.0,0.9039342192517675,0.9587928045654736,130.0,115.0,0.5098039215686274
6510,1.0,0.0,6626.0,0.9071568652919861,0.9592725213400068,130.0,116.0,0.5098039215686274
6511,1.0,0.0,6628.0,0.9101351872934995,0.9596450605391191,131.0,117.0,0.5137254901960784
6512,1.0,0.0,6630.0,0.9128770229457852,0.9599114025291239,131.0,118.0,0.5137254901960784
6513,1.0,0.0,6632.0,0.9153895876058229,0.9600722482099946,132.0,119.0,0.5176470588235295
6514,1.0,0.0,6634.0,0.917679493285876,0.9601280208598391,133.0,120.0,0.5215686274509804
6515,1.0,0.0,6636.0,0.9197527660535235,0.9600788672487885,133.0,121.0,0.5215686274509804
6516,1.0,0.0,6638.0,0.9215657467664823,0.9598755429019841,134.0,122.0,0.5254901960784314
6517,1.0,0.0,6640.0,0.9232189809169671,0.9596132872456937,135.0,123.0,0.5294117647058824
6518,1.0,0.0,6642.0,0.924625833355342,0.9592004243676323,136.0,124.0,0.5333333333333333
6519,1.0,0.0,6643.0,0.9258343327235994,0.9604089237358897,137.0,124.0,0.5372549019607843
6520,1.0,0.0,6645.0,0.9268919856819684,0.9597378471436442,138.0,125.0,0.5411764705882353
6521,1.0,0.0,6646.0,0.9276751344753198,0.9605209959369956,138.0,125.0,0.5411764705882353
6522,1.0,0.0,6648.0,0.9283500693288396,0.9595536377174315,139.0,126.0,0.5450980392156862
6523,1.0,0.0,6649.0,0.9287984473871103,0.9600020157757022,140.0,126.0,0.5490196078431373
6524,1.0,0.0,6650.0,0.9290614531672479,0.9602650215558398,141.0,126.0,0.5529411764705883
6525,1.0,0.0,6651.0,0.9291397787897262,0.9603433471783182,142.0,126.0,0.5568627450980392
6526,1.0,0.0,6652.0,0.9290336303746047,0.9602371987631967,143.0,126.0,0.5607843137254902
6527,1.0,0.0,6653.0,0.9287027240090917,0.9599062923976837,144.0,126.0,0.5647058823529412
6528,1.0,0.0,6654.0,0.9282241978079333,0.9594277661965253,144.0,126.0,0.5647058823529412
6529,1.0,0.0,6654.0,0.9275187835706816,0.9603646450323574,145.0,125.0,0.5686274509803921
6530,1.0,0.0,6655.0,0.9266647393689917,0.9595106008306675,146.0,125.0,0.5725490196078431
6531,1.0,0.0,6655.0,0.9255777030644683,0.9601522940767586,147.0,124.0,0.5764705882352941
6532,1.0,0.0,6655.0,0.9242948186101145,0.9606891249388412,148.0,123.0,0.5803921568627451
6533,1.0,0.0,6656.0,0.9228593693612966,0.9592536756900233,149.0,123.0,0.5843137254901961
6534,1.0,0.0,6656.0,0.9211765920541696,0.9594863881896714,150.0,122.0,0.5882352941176471
6535,1.0,0.0,6656.0,0.9192863847261323,0.9596124859213974,151.0,121.0,0.592156862745098
6536,1.0,0.0,6656.0,0.9171837731473742,0.9596323007213373,151.0,120.0,0.592156862745098
6537,1.0,0.0,6656.0,0.9148632241295305,0.9595458847337022,152.0,119.0,0.596078431372549
6538,1.0,0.0,6656.0,0.9123186309646589,0.9593530105479976,153.0,118.0,0.6
6539,0.0,0.0,6656.0,0.9095432973549579,0.9590531706005775,154.0,117.0,0.6039215686274509
6540,1.0,0.0,6657.0,0.9092249729347648,0.9587348461803844,155.0,117.0,0.6078431372549019
6541,1.0,0.0,6657.0,0.9086074663777548,0.9607231224257755,156.0,116.0,0.611764705882353
6542,1.0,0.0,6658.0,0.907816268096969,0.9599319241449897,157.0,116.0,0.615686274509804
6543,1.0,0.0,6659.0,0.9067858217952001,0.9589014778432208,157.0,116.0,0.615686274509804
6544,1.0,0.0,6659.0,0.9054466008280022,0.9603051861417082,158.0,115.0,0.6196078431372549
6545,1.0,0.0,6660.0,0.9038585551261413,0.9587171404398473,159.0,115.0,0.6235294117647059
6546,1.0,0.0,6660.0,0.9020175056219808,0.959763384899566,158.0,114.0,0.6196078431372549
6547,1.0,0.0,6660.0,0.8999186074484042,0.9607037435300729,159.0,113.0,0.6235294117647059
6548,1.0,0.0,6661.0,0.8976342668508089,0.9584194029324776,160.0,113.0,0.6274509803921569
6549,1.0,0.0,6661.0,0.8950065095663653,0.9589908633365428,161.0,112.0,0.6313725490196078
6550,0.0,0.0,6661.0,0.8921024536228858,0.9594544049599147,159.0,111.0,0.6235294117647059
6551,0.0,0.0,6662.0,0.8915460357152559,0.9588979870522849,160.0,111.0,0.6274509803921569
6552,1.0,0.0,6663.0,0.8934221402413843,0.9607740915784133,159.0,111.0,0.6235294117647059
6553,1.0,0.0,6665.0,0.8951041253710768,0.9590884791412543,157.0,112.0,0.615686274509804
6554,1.0,0.0,6666.0,0.8964321390637867,0.9604164928339642,157.0,112.0,0.615686274509804
6555,1.0,0.0,6668.0,0.897487605754033,0.9582727418357017,155.0,113.0,0.6078431372549019
6556,1.0,0.0,6669.0,0.8982771994688192,0.9590623355504879,154.0,113.0,0.6039215686274509
6557,0.0,0.0,6670.0,0.8988029980863427,0.9595881341680114,152.0,113.0,0.596078431372549
6558,1.0,0.0,6672.0,0.9017719974131049,0.9595178766906901,150.0,114.0,0.5882352941176471
6559,1.0,0.0,6674.0,0.9044825019962173,0.9593410873099233,147.0,115.0,0.5764705882352941
6560,1.0,0.0,6676.0,0.9069416447424775,0.9590573007904982,148.0,116.0,0.5803921568627451
6561,1.0,0.0,6678.0,0.9091558970801656,0.9586657703257853,147.0,117.0,0.5764705882352941
6562,1.0,0.0,6679.0,0.9110707855024718,0.9605806587480914,145.0,117.0,0.5686274509803921
6563,1.0,0.0,6681.0,0.9127516496761003,0.959786029259439,146.0,118.0,0.5725490196078431
6564,1.0,0.0,6683.0,0.914263213414469,0.9589458740186407,144.0,119.0,0.5647058823529412
6565,1.0,0.0,6684.0,0.915494732841047,0.9601773934452187,144.0,119.0,0.5647058823529412
6566,1.0,0.0,6686.0,0.9165611554479407,0.9590096830219038,142.0,120.0,0.5568627450980392
6567,1.0,0.0,6687.0,0.9173563020183808,0.9598048295923439,141.0,120.0,0.5529411764705883
6568,1.0,0.0,6688.0,0.91793668623254,0.9603852138065031,140.0,120.0,0.5490196078431373
6569,0.0,0.0,6689.0,0.9183038354172972,0.9607523629912603,140.0,120.0,0.5490196078431373
6570,1.0,0.0,6692.0,0.921191109955074,0.9595009060905757,141.0,122.0,0.5529411764705883
6571,1.0,0.0,6694.0,0.923819292547206,0.9602135988759326,141.0,123.0,0.5529411764705883
6572,1.0,0.0,6696.0,0.9262469995934093,0.9608215906056996,142.0,124.0,0.5568627450980392
6573,1.0,0.0,6699.0,0.9285206243712946,0.9597241927598865,143.0,126.0,0.5607843137254902
6574,1.0,0.0,6701.0,0.9305640354503073,0.9602074254194697,143.0,127.0,0.5607843137254902
6575,1.0,0.0,6703.0,0.9323867159607067,0.9605479364314109,144.0,128.0,0.5647058823529412
6576,1.0,0.0,6705.0,0.934033271982706,0.9607864314298751,144.0,129.0,0.5647058823529412
6577,1.0,0.0,6707.0,0.9355388153282782,0.9609543168030888,145.0,130.0,0.5686274509803921
6578,1.0,0.0,6710.0,0.9369041310159112,0.9598416210969277,145.0,132.0,0.5686274509803921
6579,1.0,0.0,6711.0,0.9380445134789854,0.960982003560002,145.0,132.0,0.5686274509803921
6580,1.0,0.0,6713.0,0.939051262226622,0.9608418778035878,146.0,133.0,0.5725490196078431
6581,1.0,0.0,6715.0,0.9398976195590658,0.9605987043571833,146.0,134.0,0.5725490196078431
6582,1.0,0.0,6717.0,0.9405858127324546,0.9602518432906662,146.0,135.0,0.5725490196078431
6583,1.0,0.0,6718.0,0.9410937005647495,0.9607597311229611,145.0,135.0,0.5686274509803921
6584,1.0,0.0,6720.0,0.9414465718195832,0.9601293008498842,141.0,136.0,0.5529411764705883
6585,1.0,0.0,6721.0,0.9416465527163564,0.9603292817466574,139.0,136.0,0.5450980392156862
6586,1.0,0.0,6722.0,0.9416941695205867,0.9603768985508877,134.0,136.0,0.5254901960784314
6587,1.0,0.0,6723.0,0.941589547539654,0.960272276569955,134.0,136.0,0.5254901960784314
6588,1.0,0.0,6723.0,0.94130845923585,0.9609744897940616,135.0,135.0,0.5294117647058824
6589,1.0,0.0,6724.0,0.9408981323686727,0.9605641629268843,135.0,135.0,0.5294117647058824
6590,1.0,0.0,6725.0,0.940333534913871,0.9599995654720825,135.0,135.0,0.5294117647058824
6591,1.0,0.0,6725.0,0.9395879682289792,0.9602890530270967,134.0,134.0,0.5254901960784314
6592,1.0,0.0,6725.0,0.9386834225131111,0.9604740380900768,134.0,133.0,0.5254901960784314
6593,1.0,0.0,6725.0,0.9376175173828037,0.9605550074638203,129.0,132.0,0.5058823529411764
6594,1.0,0.0,6725.0,0.9363874478245564,0.9605321742256265,128.0,131.0,0.5019607843137255
6595,1.0,0.0,6725.0,0.9349899768132158,0.9604054782880265,128.0,130.0,0.5019607843137255
6596,0.0,0.0,6725.0,0.933421426793489,0.9601745862406581,128.0,129.0,0.5019607843137255
6597,1.0,0.0,6727.0,0.9343418329257842,0.9597573344005949,128.0,130.0,0.5019607843137255
6598,1.0,0.0,6728.0,0.9350910836066966,0.9605065850815072,129.0,130.0,0.5058823529411764
6599,1.0,0.0,6730.0,0.9357021053259817,0.9598468317270519,129.0,131.0,0.5058823529411764
6600,1.0,0.0,6731.0,0.9360835602432798,0.9602282866443499,129.0,131.0,0.5058823529411764
6601,1.0,0.0,6732.0,0.9363277687807607,0.9604724951818309,128.0,131.0,0.5019607843137255
6602,1.0,0.0,6733.0,0.9364059665539048,0.960550692954975,128.0,131.0,0.5019607843137255
6603,1.0,0.0,6734.0,0.9362874045688888,0.9604321309699589,127.0,131.0,0.4980392156862745
6604,1.0,0.0,6735.0,0.936032132636491,0.9601768590375611,127.0,131.0,0.4980392156862745
6605,1.0,0.0,6735.0,0.9355791171724661,0.9609946186472768,127.0,130.0,0.4980392156862745
6606,1.0,0.0,6736.0,0.9349891570456712,0.9604046585204818,128.0,130.0,0.5019607843137255
6607,1.0,0.0,6736.0,0.9341971609757697,0.9609503204229387,128.0,129.0,0.5019607843137255
6608,1.0,0.0,6737.0,0.9332662984623832,0.9600194579095522,129.0,129.0,0.5058823529411764
6609,1.0,0.0,6737.0,0.9321272369687004,0.9602884574394046,129.0,128.0,0.5058823529411764
6610,1.0,0.0,6737.0,0.9308095629407247,0.9604529529098871,130.0,127.0,0.5098039215686274
6611,1.0,0.0,6737.0,0.9293098088152247,0.9605133772038167,130.0,126.0,0.5098039215686274
6612,0.0,0.0,6737.0,0.9276240278708174,0.9604698893324932,130.0,125.0,0.5098039215686274
6613,1.0,0.0,6739.0,0.9284614774428823,0.9596650458314743,131.0,126.0,0.5137254901960784
6614,1.0,0.0,6740.0,0.9290726633989457,0.9602762317875376,131.0,126.0,0.5137254901960784
6615,1.0,0.0,6741.0,0.9294991986979597,0.9607027670865517,131.0,126.0,0.5137254901960784
6616,1.0,0.0,6742.0,0.9297422058012375,0.9609457741898294,131.0,126.0,0.5137254901960784
6617,1.0,0.0,6744.0,0.9298403285472703,0.9594837185164327,132.0,127.0,0.5176470588235295
6618,1.0,0.0,6744.0,0.9296797121040311,0.9608832804926231,132.0,126.0,0.5176470588235295
6619,1.0,0.0,6745.0,0.9293740468464491,0.960577615235041,131.0,126.0,0.5137254901960784
6620,1.0,0.0,6746.0,0.9288845240461531,0.960088092434745,128.0,126.0,0.5019607843137255
6621,1.0,0.0,6747.0,0.9282098554852479,0.9594134238738399,120.0,126.0,0.47058823529411764
6622,1.0,0.0,6747.0,0.9273082611452947,0.9601541226069705,114.0,125.0,0.4470588235294118
6623,1.0,0.0,6747.0,0.9262153727557241,0.9607899637680144,115.0,124.0,0.45098039215686275
6624,1.0,0.0,6748.0,0.9249726406931915,0.9595472317054818,115.0,124.0,0.45098039215686275
6625,1.0,0.0,6748.0,0.9234903581326335,0.9598846644613601,116.0,123.0,0.4549019607843137
6626,1.0,0.0,6748.0,0.9218067344092666,0.9601165305447683,116.0,122.0,0.4549019607843137
6627,1.0,0.0,6748.0,0.9199173389343454,0.9602434401296104,117.0,121.0,0.4588235294117647
6628,1.0,0.0,6748.0,0.9178171996145142,0.9602657271884774,117.0,120.0,0.4588235294117647
6629,1.0,0.0,6748.0,0.915500789767353,0.9601834503715247,118.0,119.0,0.4627450980392157
6630,1.0,0.0,6748.0,0.9129620135774744,0.9599963931608131,118.0,118.0,0.4627450980392157
6631,1.0,0.0,6748.0,0.9101941900549047,0.9597040633005243,119.0,117.0,0.4666666666666667
6632,1.0,0.0,6748.0,0.9071900354535323,0.959305691501553,119.0,116.0,0.4666666666666667
6633,1.0,0.0,6748.0,0.9039416441033533,0.9588002294170593,120.0,115.0,0.47058823529411764
6634,1.0,0.0,6748.0,0.9004404676060779,0.9581863468836631,120.0,114.0,0.47058823529411764
6635,1.0,0.0,6747.0,0.8965993626777016,0.9605837164478791,121.0,112.0,0.4745098039215686
6636,1.0,0.0,6747.0,0.8925601839875645,0.9599121353245935,121.0,111.0,0.4745098039215686
6637,1.0,0.0,6747.0,0.8882382689395001,0.9591350598205832,122.0,110.0,0.47843137254901963
6638,0.0,0.0,6747.0,0.8836222440728553,0.9582504450003113,122.0,109.0,0.47843137254901963
6639,1.0,0.0,6747.0,0.8813315409011391,0.9598875418774085,123.0,108.0,0.4823529411764706
6640,1.0,0.0,6748.0,0.8788292651325058,0.9573852661087753,123.0,108.0,0.4823529411764706
6641,1.0,0.0,6748.0,0.8759124418282822,0.9586029691717237,124.0,107.0,0.48627450980392156
6642,0.0,0.0,6748.0,0.8726690723183435,0.9597117326798609,124.0,106.0,0.48627450980392156
6643,1.0,0.0,6749.0,0.8718337935214469,0.9588764538829643,124.0,106.0,0.48627450980392156
6644,1.0,0.0,6750.0,0.8706668148915326,0.9577094752530501,125.0,106.0,0.49019607843137253
6645,1.0,0.0,6750.0,0.8690534722778968,0.9606773252900204,125.0,105.0,0.49019607843137253
6646,0.0,0.0,6751.0,0.867213000016897,0.9588368530290207,125.0,105.0,0.49019607843137253
6647,1.0,0.0,6752.0,0.8676605405535371,0.9592843935656608,126.0,105.0,0.49411764705882355
6648,1.0,0.0,6753.0,0.8677656926787027,0.9593895456908264,126.0,105.0,0.49411764705882355
6649,1.0,0.0,6754.0,0.8675287331085129,0.9591525861206365,126.0,105.0,0.49411764705882355
6650,1.0,0.0,6755.0,0.8669490382651511,0.9585728912772747,126.0,105.0,0.49411764705882355
6651,1.0,0.0,6756.0,0.866025082635872,0.9576489356479956,126.0,105.0,0.49411764705882355
6652,1.0,0.0,6757.0,0.8647544347584928,0.9563782877706164,126.0,105.0,0.49411764705882355
6653,0.0,0.0,6757.0,0.8630162843445897,0.9594624454099829,126.0,104.0,0.49411764705882355
6654,1.0,0.0,6758.0,0.8636728783402465,0.9601190394056398,125.0,104.0,0.49019607843137253
6655,1.0,0.0,6759.0,0.8639768991988104,0.9604230602642037,123.0,104.0,0.4823529411764706
6656,1.0,0.0,6760.0,0.8639291469751723,0.9603753080405656,117.0,104.0,0.4588235294117647
6657,1.0,0.0,6761.0,0.8635294960055858,0.9599756570709791,116.0,104.0,0.4549019607843137
6658,1.0,0.0,6762.0,0.8627768945769729,0.9592230556423662,116.0,104.0,0.4549019607843137
6659,1.0,0.0,6763.0,0.8616693621592585,0.9581155232246518,115.0,104.0,0.45098039215686275
6660,0.0,0.0,6764.0,0.8602039841934483,0.9566501452588416,113.0,104.0,0.44313725490196076
6661,1.0,0.0,6765.0,0.8608848344446635,0.9573309955100567,111.0,104.0,0.43529411764705883
6662,0.0,0.0,6766.0,0.8613232410793863,0.9577694021447796,111.0,104.0,0.43529411764705883
6663,1.0,0.0,6767.0,0.8640344702684349,0.9604806313338282,111.0,104.0,0.43529411764705883
6664,1.0,0.0,6769.0,0.8665115443563172,0.9581353973684408,112.0,105.0,0.4392156862745098
6665,1.0,0.0,6770.0,0.8685257398803009,0.9601495928924245,112.0,105.0,0.4392156862745098
6666,1.0,0.0,6772.0,0.8703114169874535,0.9573540773489709,112.0,106.0,0.4392156862745098
6667,0.0,0.0,6773.0,0.8716497948532422,0.9586924552147597,113.0,106.0,0.44313725490196076
6668,1.0,0.0,6775.0,0.8752819879686446,0.9579725153120862,113.0,107.0,0.44313725490196076
6669,1.0,0.0,6777.0,0.8786919892858218,0.9572479902620913,113.0,108.0,0.44313725490196076
6670,1.0,0.0,6778.0,0.8816870818151802,0.9602430827914497,113.0,108.0,0.44313725490196076
6671,1.0,0.0,6780.0,0.8844715373816061,0.959099738309062,114.0,109.0,0.4470588235294118
6672,1.0,0.0,6782.0,0.8869519706779838,0.957848761559067,114.0,110.0,0.4470588235294118
6673,1.0,0.0,6783.0,0.8890485605047957,0.9599453513858789,115.0,110.0,0.45098039215686275
6674,1.0,0.0,6785.0,0.8909440661808943,0.9582960175179233,115.0,111.0,0.45098039215686275
6675,1.0,0.0,6786.0,0.8924705513346867,0.9598225026717156,116.0,111.0,0.4549019607843137
6676,1.0,0.0,6788.0,0.8938004129107096,0.9577847666808871,116.0,112.0,0.4549019607843137
6677,1.0,0.0,6789.0,0.8947728722274858,0.9587572259976633,117.0,112.0,0.4588235294117647
6678,1.0,0.0,6790.0,0.895472519611263,0.9594568733814405,117.0,112.0,0.4588235294117647
6679,1.0,0.0,6791.0,0.8958191650165845,0.9598035187867621,117.0,112.0,0.4588235294117647
6680,0.0,0.0,6792.0,0.8959736815526269,0.9599580353228044,118.0,112.0,0.4627450980392157
6681,1.0,0.0,6794.0,0.8985680547892215,0.9593531908708902,118.0,113.0,0.4627450980392157
6682,1.0,0.0,6796.0,0.9008175721925658,0.958563451470151,119.0,114.0,0.4666666666666667
6683,1.0,0.0,6797.0,0.9028097848658709,0.9605556641434562,119.0,114.0,0.4666666666666667
6684,1.0,0.0,6799.0,0.904546233815139,0.959404819128845,119.0,115.0,0.4666666666666667
6685,1.0,0.0,6800.0,0.9060350052188497,0.9608935905325557,120.0,115.0,0.47058823529411764
6686,1.0,0.0,6802.0,0.9073468318401375,0.9594624878881582,120.0,116.0,0.47058823529411764
6687,1.0,0.0,6803.0,0.9083513601382202,0.9604670161862409,120.0,116.0,0.47058823529411764
6688,1.0,0.0,6805.0,0.909181522748739,0.9586913959943586,120.0,117.0,0.47058823529411764
6689,1.0,0.0,6806.0,0.909712388879846,0.9592222621254656,120.0,117.0,0.47058823529411764
6690,1.0,0.0,6807.0,0.9099453555476757,0.9594552287932954,121.0,117.0,0.4745098039215686
6691,1.0,0.0,6808.0,0.9100048105055206,0.9595146837511402,122.0,117.0,0.47843137254901963
6692,1.0,0.0,6809.0,0.9098306097271508,0.9593404829727704,122.0,117.0,0.47843137254901963
6693,1.0,0.0,6810.0,0.9094222947894656,0.9589321680350852,123.0,117.0,0.4823529411764706
6694,1.0,0.0,6810.0,0.9087153169830018,0.9608309730310225,123.0,116.0,0.4823529411764706
6695,1.0,0.0,6811.0,0.9078349312701448,0.9599505873181655,124.0,116.0,0.48627450980392156
6696,1.0,0.0,6812.0,0.9067153466499183,0.958831002697939,124.0,116.0,0.48627450980392156
6697,1.0,0.0,6812.0,0.905286801903354,0.96014538721706,125.0,115.0,0.49019607843137253
6698,1.0,0.0,6813.0,0.9036793434182737,0.9585379287319797,126.0,115.0,0.49411764705882355
6699,1.0,0.0,6813.0,0.901751594577485,0.9594974738550702,126.0,114.0,0.49411764705882355
6700,1.0,0.0,6813.0,0.8995652973013737,0.9603504333830424,127.0,113.0,0.4980392156862745
6701,1.0,0.0,6814.0,0.8971926278376988,0.9579777639193675,127.0,113.0,0.4980392156862745
6702,0.0,0.0,6814.0,0.8944753794792464,0.9584597332494239,128.0,112.0,0.5019607843137255
6703,1.0,0.0,6815.0,0.8941940449211532,0.9581783986913307,128.0,112.0,0.5019607843137255
6704,1.0,0.0,6815.0,0.8935563439775251,0.9609082953145541,129.0,111.0,0.5058823529411764
6705,0.0,0.0,6816.0,0.8926385281496272,0.9599904794866562,129.0,111.0,0.5058823529411764
6706,1.0,0.0,6818.0,0.8942381409583606,0.9582224947285382,130.0,112.0,0.5098039215686274
6707,1.0,0.0,6819.0,0.8954815034237622,0.9594658571939397,130.0,112.0,0.5098039215686274
6708,1.0,0.0,6820.0,0.8964539187751024,0.9604382725452799,131.0,112.0,0.5137254901960784
6709,1.0,0.0,6822.0,0.8972358756617907,0.9580210117434594,132.0,113.0,0.5176470588235295
6710,1.0,0.0,6823.0,0.8976733674637651,0.9584585035454338,132.0,113.0,0.5176470588235295
6711,1.0,0.0,6824.0,0.8978454751368841,0.9586306112185528,132.0,113.0,0.5176470588235295
6712,1.0,0.0,6825.0,0.8977526515960768,0.9585377876777454,133.0,113.0,0.5215686274509804
6713,1.0,0.0,6826.0,0.8973946525688679,0.9581797886505365,133.0,113.0,0.5215686274509804
6714,1.0,0.0,6826.0,0.8966926062909109,0.9606769600610884,134.0,112.0,0.5254901960784314
6715,1.0,0.0,6827.0,0.8958007296733436,0.9597850834435211,134.0,112.0,0.5254901960784314
6716,1.0,0.0,6828.0,0.8946387460107926,0.9586230997809702,135.0,112.0,0.5294117647058824
6717,1.0,0.0,6828.0,0.8931215662287323,0.9604735175657613,135.0,111.0,0.5294117647058824
6718,1.0,0.0,6829.0,0.8914094760659921,0.9587614274030211,135.0,111.0,0.5294117647058824
6719,0.0,0.0,6829.0,0.889329590143801,0.9602263810248841,136.0,110.0,0.5333333333333333
6720,1.0,0.0,6830.0,0.8896809385699468,0.9605777294510299,136.0,110.0,0.5333333333333333
6721,1.0,0.0,6831.0,0.8897465183426216,0.9606433092237048,136.0,110.0,0.5333333333333333
6722,1.0,0.0,6832.0,0.8895265020401751,0.9604232929212583,136.0,110.0,0.5333333333333333
6723,1.0,0.0,6833.0,0.8889294173506952,0.9598262082317783,135.0,110.0,0.5294117647058824
6724,1.0,0.0,6834.0,0.8881309349758857,0.9590277258569688,135.0,110.0,0.5294117647058824
6725,1.0,0.0,6835.0,0.887042604990779,0.9579393958718622,129.0,110.0,0.5058823529411764
6726,0.0,0.0,6835.0,0.8855706700474564,0.9601988709749123,130.0,109.0,0.5098039215686274
6727,1.0,0.0,6837.0,0.8866157547381561,0.9575125456192393,130.0,110.0,0.5098039215686274
6728,1.0,0.0,6838.0,0.8872761111805012,0.9581729020615843,130.0,110.0,0.5098039215686274
6729,1.0,0.0,6839.0,0.8876443704762456,0.9585411613573287,131.0,110.0,0.5137254901960784
6730,1.0,0.0,6840.0,0.8877215017287989,0.9586182926098821,131.0,110.0,0.5137254901960784
6731,0.0,0.0,6841.0,0.8875077079151419,0.958404498796225,131.0,110.0,0.5137254901960784
6732,1.0,0.0,6842.0,0.8896340053673437,0.9605307962484269,131.0,110.0,0.5137254901960784
6733,1.0,0.0,6844.0,0.8915607593132071,0.9589127106502361,131.0,111.0,0.5137254901960784
6734,0.0,0.0,6845.0,0.8931201156134284,0.9604720669504574,131.0,111.0,0.5137254901960784
6735,1.0,0.0,6848.0,0.8971120351017903,0.957897171183459,130.0,113.0,0.5098039215686274
6736,1.0,0.0,6850.0,0.9008290952266494,0.9585749745042347,129.0,114.0,0.5058823529411764
6737,1.0,0.0,6852.0,0.9042851792863156,0.9591437646000216,125.0,115.0,0.49019607843137253
6738,1.0,0.0,6854.0,0.9074893822388403,0.9596050382868611,126.0,116.0,0.49411764705882355
6739,1.0,0.0,6856.0,0.9104501361972568,0.9599600094428764,126.0,117.0,0.49411764705882355
6740,1.0,0.0,6858.0,0.9131752326193502,0.9602096122026889,126.0,118.0,0.49411764705882355
6741,1.0,0.0,6860.0,0.9156718428114947,0.9603545034156664,126.0,119.0,0.49411764705882355
6742,1.0,0.0,6862.0,0.9179465368005114,0.9603950643744745,126.0,120.0,0.49411764705882355
6743,1.0,0.0,6864.0,0.9200053006232138,0.9603314018184789,127.0,121.0,0.4980392156862745
6744,1.0,0.0,6866.0,0.9218535520791351,0.9601633482146368,126.0,122.0,0.49411764705882355
6745,1.0,0.0,6868.0,0.9234961549878962,0.9598904613166228,126.0,123.0,0.49411764705882355
6746,1.0,0.0,6870.0,0.9248907726216427,0.959465363633933,126.0,124.0,0.49411764705882355
6747,1.0,0.0,6871.0,0.9260899507138037,0.9606645417260941,119.0,124.0,0.4666666666666667
6748,1.0,0.0,6873.0,0.9271389550749981,0.9599848165366739,106.0,125.0,0.41568627450980394
6749,1.0,0.0,6874.0,0.9279562152694272,0.960802076731103,106.0,125.0,0.41568627450980394
6750,1.0,0.0,6876.0,0.9286259966354677,0.9598295650240597,105.0,126.0,0.4117647058823529
6751,1.0,0.0,6877.0,0.9290699473307504,0.9602735157193424,105.0,126.0,0.4117647058823529
6752,1.0,0.0,6878.0,0.9293292402214359,0.9605328086100279,105.0,126.0,0.4117647058823529
6753,1.0,0.0,6879.0,0.9294045576572364,0.9606081260458283,105.0,126.0,0.4117647058823529
6754,1.0,0.0,6880.0,0.9292960978419305,0.9604996662305224,105.0,126.0,0.4117647058823529
6755,1.0,0.0,6881.0,0.9290035753549513,0.9602071437435432,105.0,126.0,0.4117647058823529
6756,1.0,0.0,6882.0,0.9285262204002807,0.9597297887888726,105.0,126.0,0.4117647058823529
6757,1.0,0.0,6882.0,0.9278227722058123,0.9606686336674881,104.0,125.0,0.40784313725490196
6758,1.0,0.0,6883.0,0.9269293839382013,0.9597752453998771,104.0,125.0,0.40784313725490196
6759,1.0,0.0,6883.0,0.9258437045756909,0.9604182955879812,104.0,124.0,0.40784313725490196
6760,1.0,0.0,6883.0,0.924562877067327,0.9609571833960536,104.0,123.0,0.40784313725490196
6761,1.0,0.0,6884.0,0.9231301901814915,0.9595244965102181,104.0,123.0,0.40784313725490196
6762,1.0,0.0,6884.0,0.9214508879237158,0.9597606840592174,104.0,122.0,0.40784313725490196
6763,1.0,0.0,6884.0,0.9195648774762657,0.9598909786715307,104.0,121.0,0.40784313725490196
6764,1.0,0.0,6884.0,0.917467195653753,0.9599157232277161,104.0,120.0,0.40784313725490196
6765,0.0,0.0,6884.0,0.9151523222408553,0.959834982845027,104.0,119.0,0.40784313725490196
6766,1.0,0.0,6885.0,0.9152457444128024,0.9599284050169741,104.0,119.0,0.40784313725490196
6767,1.0,0.0,6886.0,0.9151734145323591,0.9598560751365308,104.0,119.0,0.40784313725490196
6768,1.0,0.0,6887.0,0.9148807210685377,0.9595633816727094,105.0,119.0,0.4117647058823529
6769,1.0,0.0,6888.0,0.9143668937753806,0.9590495543795523,105.0,119.0,0.4117647058823529
6770,1.0,0.0,6888.0,0.9135732950134878,0.9606076745968265,105.0,118.0,0.4117647058823529
6771,1.0,0.0,6889.0,0.9126125580409072,0.9596469376242459,106.0,118.0,0.41568627450980394
6772,1.0,0.0,6889.0,0.91136456865349,0.9608744418991096,106.0,117.0,0.41568627450980394
6773,1.0,0.0,6890.0,0.9099468023274188,0.9594566755730384,106.0,117.0,0.41568627450980394
6774,0.0,0.0,6890.0,0.9082317534155641,0.9603474094635848,107.0,116.0,0.4196078431372549
6775,1.0,0.0,6892.0,0.9090370772054492,0.9585469504510689,107.0,117.0,0.4196078431372549
6776,1.0,0.0,6893.0,0.909542724396072,0.9590525976416916,108.0,117.0,0.4235294117647059
6777,1.0,0.0,6894.0,0.9097500256379336,0.9592598988835532,108.0,117.0,0.4235294117647059
6778,1.0,0.0,6895.0,0.9097833011437324,0.959293174389352,108.0,117.0,0.4235294117647059
6779,1.0,0.0,6896.0,0.9095823379939434,0.959092211239563,109.0,117.0,0.42745098039215684
6780,1.0,0.0,6897.0,0.9090831331417036,0.9585930063873233,109.0,117.0,0.42745098039215684
6781,1.0,0.0,6897.0,0.9083446733766789,0.9604603294246996,110.0,116.0,0.43137254901960786
6782,1.0,0.0,6898.0,0.9074318303273493,0.95954748637537,110.0,116.0,0.43137254901960786
6783,1.0,0.0,6899.0,0.9062787275786953,0.958394383626716,110.0,116.0,0.43137254901960786
6784,1.0,0.0,6899.0,0.9048155157061482,0.9596741010198542,111.0,115.0,0.43529411764705883
6785,1.0,0.0,6899.0,0.9031018183486172,0.9608476976262025,111.0,114.0,0.43529411764705883
6786,1.0,0.0,6900.0,0.9012071589547752,0.9589530382323604,111.0,114.0,0.43529411764705883
6787,1.0,0.0,6900.0,0.8989821868806547,0.9597673229623234,112.0,113.0,0.4392156862745098
6788,1.0,0.0,6900.0,0.8964913784562203,0.9604757322263978,112.0,112.0,0.4392156862745098
6789,1.0,0.0,6901.0,0.8938102101452423,0.9577945639154198,112.0,112.0,0.4392156862745098
6790,1.0,0.0,6901.0,0.890771665357214,0.958123616694243,112.0,111.0,0.4392156862745098
6791,0.0,0.0,6901.0,0.8874456775832835,0.9583424684643667,112.0,110.0,0.4392156862745098
6792,1.0,0.0,6902.0,0.8865459664930568,0.95744275737414,112.0,110.0,0.4392156862745098
6793,1.0,0.0,6902.0,0.8852613435011989,0.9598895444286548,113.0,109.0,0.44313725490196076
6794,1.0,0.0,6903.0,0.8837704538571258,0.9583986547845817,113.0,109.0,0.44313725490196076
6795,0.0,0.0,6903.0,0.8818828036647184,0.9604388046409879,114.0,108.0,0.4470588235294118
6796,1.0,0.0,6904.0,0.8824166105142457,0.9609726114905152,114.0,108.0,0.4470588235294118
6797,1.0,0.0,6906.0,0.8827417002132065,0.9573699011406624,114.0,109.0,0.4470588235294118
6798,0.0,0.0,6907.0,0.8826673221174018,0.9572955230448579,115.0,109.0,0.45098039215686275
6799,1.0,0.0,6908.0,0.8849205366230452,0.9595487375505012,115.0,109.0,0.45098039215686275
6800,1.0,0.0,6910.0,0.8869665876162673,0.9578633784973505,115.0,110.0,0.45098039215686275
6801,1.0,0.0,6911.0,0.8886288336055512,0.9595256244866344,116.0,110.0,0.4549019607843137
6802,1.0,0.0,6912.0,0.8900025422440896,0.9608993331251727,116.0,110.0,0.4549019607843137
6803,1.0,0.0,6914.0,0.8911776772101758,0.9585296285472048,116.0,111.0,0.4549019607843137
6804,1.0,0.0,6915.0,0.8919844064198224,0.9593363577568513,117.0,111.0,0.4588235294117647
6805,1.0,0.0,6916.0,0.8925112015001939,0.9598631528372229,117.0,111.0,0.4588235294117647
6806,1.0,0.0,6917.0,0.8927594487541335,0.9601114000911625,117.0,111.0,0.4588235294117647
6807,0.0,0.0,6918.0,0.892729801463888,0.960081752800917,117.0,111.0,0.4588235294117647
6808,1.0,0.0,6920.0,0.8951357917804239,0.9591201455506014,117.0,112.0,0.4588235294117647
6809,1.0,0.0,6922.0,0.8972658236542765,0.9580509597359452,117.0,113.0,0.4588235294117647
6810,1.0,0.0,6923.0,0.8990514692539217,0.9598366053355903,116.0,113.0,0.4549019607843137
6811,1.0,0.0,6925.0,0.9006493904869306,0.9583952697645158,116.0,114.0,0.4549019607843137
6812,1.0,0.0,6926.0,0.9018414980493428,0.959587377326928,115.0,114.0,0.45098039215686275
6813,1.0,0.0,6927.0,0.9027752937645166,0.9605211730421018,113.0,114.0,0.44313725490196076
6814,1.0,0.0,6929.0,0.9035975996877909,0.9584561850014969,112.0,115.0,0.4392156862745098
6815,1.0,0.0,6930.0,0.9040994001402763,0.9589579854539824,111.0,115.0,0.43529411764705883
6816,0.0,0.0,6931.0,0.904352347169113,0.959210932482819,111.0,115.0,0.43529411764705883
6817,1.0,0.0,6933.0,0.9070555003153957,0.9591711563634164,112.0,116.0,0.4392156862745098
6818,1.0,0.0,6935.0,0.9095140626730347,0.9590239359186543,112.0,117.0,0.4392156862745098
6819,1.0,0.0,6937.0,0.9117345041429712,0.9587688837263099,112.0,118.0,0.4392156862745098
6820,1.0,0.0,6938.0,0.9136653825299182,0.9606997621132569,112.0,118.0,0.4392156862745098
6821,1.0,0.0,6940.0,0.9154293650417473,0.960112025645919,113.0,119.0,0.44313725490196076
6822,1.0,0.0,6942.0,0.9169707932510547,0.9594193208250178,113.0,120.0,0.44313725490196076
6823,1.0,0.0,6943.0,0.9182420234181271,0.9606905509920902,113.0,120.0,0.44313725490196076
6824,1.0,0.0,6945.0,0.9193525222044449,0.9596786233997099,113.0,121.0,0.44313725490196076
6825,1.0,0.0,6946.0,0.9202016756627868,0.9605277768580518,113.0,121.0,0.44313725490196076
6826,1.0,0.0,6948.0,0.9208925336605049,0.9592023297960066,112.0,122.0,0.4392156862745098
6827,1.0,0.0,6949.0,0.9213285547481365,0.9596383508836381,112.0,122.0,0.4392156862745098
6828,1.0,0.0,6950.0,0.9215600014728468,0.9598697976083486,111.0,122.0,0.43529411764705883
6829,1.0,0.0,6951.0,0.9215383677817132,0.959848163917215,110.0,122.0,0.43137254901960786
6830,1.0,0.0,6952.0,0.9213593712343084,0.9596691673698101,110.0,122.0,0.43137254901960786
6831,1.0,0.0,6953.0,0.9209758814199986,0.9592856775555003,110.0,122.0,0.43137254901960786
6832,1.0,0.0,6953.0,0.9203377740318112,0.9606638752270762,110.0,121.0,0.43137254901960786
6833,0.0,0.0,6954.0,0.9195417293366029,0.959867830531868,110.0,121.0,0.43137254901960786
6834,1.0,0.0,6956.0,0.9212172314272811,0.9595270275627827,110.0,122.0,0.43137254901960786
6835,1.0,0.0,6957.0,0.9226387510756799,0.9609485472111816,109.0,122.0,0.42745098039215684
6836,1.0,0.0,6959.0,0.9239058036133179,0.9603001099420445,110.0,123.0,0.43137254901960786
6837,1.0,0.0,6961.0,0.9249726082657277,0.959547199278018,110.0,124.0,0.43137254901960786
6838,1.0,0.0,6962.0,0.9257998623347767,0.9603744533470671,110.0,124.0,0.43137254901960786
6839,1.0,0.0,6964.0,0.9264761792823878,0.9593220407440636,110.0,125.0,0.43137254901960786
6840,1.0,0.0,6965.0,0.9269190079164111,0.9597648693780869,110.0,125.0,0.43137254901960786
6841,1.0,0.0,6966.0,0.9271295135753572,0.959975375037033,110.0,125.0,0.43137254901960786
6842,1.0,0.0,6967.0,0.927190364875141,0.9600362263368167,110.0,125.0,0.43137254901960786
6843,1.0,0.0,6968.0,0.9270617173759043,0.95990757883758,111.0,125.0,0.43529411764705883
6844,1.0,0.0,6969.0,0.9267432325315965,0.9595890939932723,111.0,125.0,0.43529411764705883
6845,1.0,0.0,6969.0,0.9261919621454097,0.9607665531577,111.0,124.0,0.43529411764705883
6846,1.0,0.0,6970.0,0.9254907864793918,0.9600653774916821,112.0,124.0,0.4392156862745098
6847,0.0,0.0,6970.0,0.924551423856891,0.9609457301856177,113.0,123.0,0.44313725490196076
6848,1.0,0.0,6972.0,0.9261360770629934,0.9607106680752837,113.0,124.0,0.44313725490196076
6849,1.0,0.0,6974.0,0.9275263515245248,0.9603722129862006,114.0,125.0,0.4470588235294118
6850,1.0,0.0,6976.0,0.928725905858489,0.959929474247081,114.0,126.0,0.4470588235294118
6851,1.0,0.0,6977.0,0.9296998924407032,0.9609034608292951,115.0,126.0,0.45098039215686275
6852,1.0,0.0,6979.0,0.930528883314724,0.9601722732838864,115.0,127.0,0.45098039215686275
6853,1.0,0.0,6980.0,0.9311389513318171,0.9607823413009795,116.0,127.0,0.4549019607843137
6854,1.0,0.0,6982.0,0.9316058104090555,0.9597670308797598,116.0,128.0,0.4549019607843137
6855,1.0,0.0,6983.0,0.931858385854476,0.9600196063251802,117.0,128.0,0.4588235294117647
6856,1.0,0.0,6984.0,0.9319334464691118,0.960094666939816,117.0,128.0,0.4588235294117647
6857,1.0,0.0,6985.0,0.9318311897808962,0.9599924102516004,118.0,128.0,0.4627450980392157
6858,1.0,0.0,6986.0,0.9315513466932812,0.9597125671639855,118.0,128.0,0.4627450980392157
6859,1.0,0.0,6986.0,0.9310570766482805,0.9607004666174429,119.0,127.0,0.4666666666666667
6860,1.0,0.0,6987.0,0.9304193822037317,0.960062772172894,119.0,127.0,0.4666666666666667
6861,1.0,0.0,6987.0,0.9295624767414367,0.9607660451300286,120.0,126.0,0.47058823529411764
6862,1.0,0.0,6988.0,0.9285602139506869,0.9597637823392788,120.0,126.0,0.47058823529411764
6863,1.0,0.0,6988.0,0.9273319473768509,0.9601778088385267,121.0,125.0,0.4745098039215686
6864,1.0,0.0,6988.0,0.9259124490855856,0.9604870400978759,121.0,124.0,0.4745098039215686
6865,1.0,0.0,6988.0,0.9242979835550716,0.9606922898837983,122.0,123.0,0.47843137254901963
6866,1.0,0.0,6988.0,0.9224843021918081,0.9607940983273098,122.0,122.0,0.47843137254901963
6867,1.0,0.0,6988.0,0.9204666321501018,0.9607927333453669,123.0,121.0,0.4823529411764706
6868,1.0,0.0,6988.0,0.9182396637719485,0.9606881913459117,123.0,120.0,0.4823529411764706
6869,0.0,0.0,6988.0,0.9157975366142476,0.9604801972184193,124.0,119.0,0.48627450980392156
6870,1.0,0.0,6989.0,0.9158226884362657,0.9605053490404374,124.0,119.0,0.48627450980392156
6871,1.0,0.0,6990.0,0.9156291852904421,0.9603118458946138,124.0,119.0,0.48627450980392156
6872,1.0,0.0,6991.0,0.9152165179579723,0.959899178562144,125.0,119.0,0.49019607843137253
6873,1.0,0.0,6992.0,0.9145836004721919,0.9592662610763636,125.0,119.0,0.49019607843137253
6874,1.0,0.0,6992.0,0.9136714817984566,0.9607058613817953,125.0,118.0,0.49019607843137253
6875,1.0,0.0,6993.0,0.9125924833003098,0.9596268628836485,126.0,118.0,0.49411764705882355
6876,1.0,0.0,6993.0,0.9112261795590615,0.9607360528046811,126.0,117.0,0.49411764705882355
6877,1.0,0.0,6994.0,0.9096262605008634,0.959136133746483,126.0,117.0,0.49411764705882355
6878,1.0,0.0,6994.0,0.9077885158124043,0.959904171860425,126.0,116.0,0.49411764705882355
6879,1.0,0.0,6994.0,0.9057081093234515,0.9605666946371575,126.0,115.0,0.49411764705882355
6880,1.0,0.0,6995.0,0.9034498977997196,0.9583084831134256,126.0,115.0,0.49411764705882355
6881,1.0,0.0,6995.0,0.90087079211602,0.9586166713936052,126.0,114.0,0.49411764705882355
6882,1.0,0.0,6995.0,0.8980308200957836,0.9588159561774523,125.0,113.0,0.49019607843137253
6883,0.0,0.0,6995.0,0.8949225081284308,0.9589068618986083,123.0,112.0,0.4823529411764706
6884,1.0,0.0,6996.0,0.894251286615777,0.9582356403859545,119.0,112.0,0.4666666666666667
6885,0.0,0.0,6996.0,0.8932238493536272,0.9605758006906562,119.0,111.0,0.4666666666666667
6886,1.0,0.0,6998.0,0.8947153810470662,0.9586997348172437,119.0,112.0,0.4666666666666667
6887,1.0,0.0,6999.0,0.8958519182921436,0.9598362720623211,119.0,112.0,0.4666666666666667
6888,1.0,0.0,7000.0,0.8967184831991293,0.9607028369693068,118.0,112.0,0.4627450980392157
6889,1.0,0.0,7002.0,0.8973952858636316,0.9581804219453003,117.0,113.0,0.4588235294117647
6890,1.0,0.0,7003.0,0.8977280429439507,0.9585131790256194,116.0,113.0,0.4549019607843137
6891,1.0,0.0,7004.0,0.8977955597782573,0.958580695859926,117.0,113.0,0.4588235294117647
6892,1.0,0.0,7005.0,0.897598014042431,0.9583831501240997,117.0,113.0,0.4588235294117647
6893,1.0,0.0,7006.0,0.897134885879272,0.9579200219609407,117.0,113.0,0.4588235294117647
6894,0.0,0.0,7006.0,0.8963270268688135,0.960311380638991,117.0,112.0,0.4588235294117647
6895,1.0,0.0,7008.0,0.8979599544150023,0.958745090496671,117.0,113.0,0.4588235294117647
6896,1.0,0.0,7009.0,0.8993243555254413,0.96010949160711,117.0,113.0,0.4588235294117647
6897,0.0,0.0,7011.0,0.9005017503910115,0.9582476296685968,116.0,114.0,0.4549019607843137
6898,1.0,0.0,7013.0,0.9040488867049792,0.9589074720186852,116.0,115.0,0.4549019607843137
6899,1.0,0.0,7015.0,0.9072731885695899,0.9593888446176106,114.0,116.0,0.4470588235294118
6900,1.0,0.0,7017.0,0.9103202874530352,0.9598301606986548,112.0,117.0,0.4392156862745098
6901,1.0,0.0,7019.0,0.9131313870929357,0.9601657666762744,110.0,118.0,0.43137254901960786
6902,1.0,0.0,7021.0,0.915713885119923,0.9603965457240947,109.0,119.0,0.42745098039215684
6903,1.0,0.0,7023.0,0.9180745775814365,0.9605231051553996,108.0,120.0,0.4235294117647059
6904,1.0,0.0,7025.0,0.920219676826059,0.960545778021324,108.0,121.0,0.4235294117647059
6905,1.0,0.0,7027.0,0.9221548278518026,0.9604646239873043,109.0,122.0,0.42745098039215684
6906,1.0,0.0,7029.0,0.9238851231613667,0.9602794294900934,109.0,123.0,0.42745098039215684
6907,1.0,0.0,7031.0,0.9253684567963728,0.9599430478086631,109.0,124.0,0.42745098039215684
6908,1.0,0.0,7033.0,0.9266997180322081,0.9595455794938839,109.0,125.0,0.42745098039215684
6909,1.0,0.0,7034.0,0.9277559691355267,0.9606018305972025,110.0,125.0,0.43137254901960786
6910,1.0,0.0,7036.0,0.9287042190218036,0.9599077874103955,110.0,126.0,0.43137254901960786
6911,1.0,0.0,7037.0,0.9294268440857076,0.9606304124742996,110.0,126.0,0.43137254901960786
6912,1.0,0.0,7039.0,0.9300037548931155,0.9596471448622779,110.0,127.0,0.43137254901960786
6913,1.0,0.0,7040.0,0.9303603609266966,0.960003750895859,111.0,127.0,0.43529411764705883
6914,1.0,0.0,7041.0,0.9305356049694957,0.9601789949386581,111.0,127.0,0.43529411764705883
6915,1.0,0.0,7042.0,0.9305299481900468,0.9601733381592091,111.0,127.0,0.43529411764705883
6916,1.0,0.0,7043.0,0.9303433757020878,0.9599867656712502,111.0,127.0,0.43529411764705883
6917,1.0,0.0,7044.0,0.9299753965253875,0.9596187864945499,111.0,127.0,0.43529411764705883
6918,1.0,0.0,7044.0,0.9293870379475769,0.9605906063361689,111.0,126.0,0.43529411764705883
6919,1.0,0.0,7045.0,0.9286528603602751,0.959856428748867,112.0,126.0,0.4392156862745098
6920,1.0,0.0,7045.0,0.927692922796228,0.9605387842579037,112.0,125.0,0.4392156862745098
6921,1.0,0.0,7046.0,0.9265848135288628,0.9594306749905386,113.0,125.0,0.44313725490196076
6922,1.0,0.0,7046.0,0.9252435018275058,0.9598180928397961,113.0,124.0,0.44313725490196076
6923,1.0,0.0,7046.0,0.9237054624993791,0.9600997688281058,113.0,123.0,0.44313725490196076
6924,1.0,0.0,7046.0,0.9219666480725666,0.9602764442080682,114.0,122.0,0.4470588235294118
6925,1.0,0.0,7046.0,0.9200224827196293,0.9603485839148943,114.0,121.0,0.4470588235294118
6926,0.0,0.0,7046.0,0.9178678502159541,0.9603163777899172,114.0,120.0,0.4470588235294118
6927,0.0,0.0,7047.0,0.9181830806125709,0.960631608186534,114.0,120.0,0.4470588235294118
6928,1.0,0.0,7050.0,0.9210181185864057,0.9593279147219074,115.0,122.0,0.45098039215686275
6929,1.0,0.0,7052.0,0.9235936093741512,0.9599879157028779,115.0,123.0,0.45098039215686275
6930,1.0,0.0,7054.0,0.9259680307128816,0.9605426217251719,115.0,124.0,0.45098039215686275
6931,1.0,0.0,7056.0,0.9281476310798038,0.9609934925414796,115.0,125.0,0.45098039215686275
6932,1.0,0.0,7059.0,0.9301761506114711,0.9598195405806335,116.0,127.0,0.4549019607843137
6933,1.0,0.0,7061.0,0.9319809185962064,0.9601421390669106,116.0,128.0,0.4549019607843137
6934,1.0,0.0,7063.0,0.9336066889982999,0.960359848445469,117.0,129.0,0.4588235294117647
6935,1.0,0.0,7065.0,0.9350577401609155,0.9604732416357261,117.0,130.0,0.4588235294117647
6936,1.0,0.0,7067.0,0.9363378906397439,0.9604826170408141,118.0,131.0,0.4627450980392157
6937,1.0,0.0,7069.0,0.9374505092518348,0.9603879993328513,118.0,132.0,0.4627450980392157
6938,1.0,0.0,7071.0,0.9383985239409043,0.96018913951787,118.0,133.0,0.4627450980392157
6939,1.0,0.0,7072.0,0.9391578896301445,0.9609485052071102,119.0,133.0,0.4666666666666667
6940,1.0,0.0,7074.0,0.9397850811892591,0.9604861659873766,119.0,134.0,0.4666666666666667
6941,1.0,0.0,7075.0,0.9402285995760238,0.9609296843741413,120.0,134.0,0.47058823529411764
6942,1.0,0.0,7077.0,0.9405413646560834,0.960207395214295,120.0,135.0,0.47058823529411764
6943,1.0,0.0,7078.0,0.9406737074264271,0.9603397379846387,120.0,135.0,0.47058823529411764
6944,1.0,0.0,7079.0,0.9406511890171932,0.9603172195754048,121.0,135.0,0.4745098039215686
6945,1.0,0.0,7080.0,0.9404737501694103,0.9601397807276218,121.0,135.0,0.4745098039215686
6946,1.0,0.0,7080.0,0.9401157110790517,0.9608167958771692,121.0,134.0,0.4745098039215686
6947,1.0,0.0,7081.0,0.9396000817546908,0.9603011665528083,122.0,134.0,0.47843137254901963
6948,1.0,0.0,7081.0,0.9389255052770524,0.9607161208540181,122.0,133.0,0.47843137254901963
6949,1.0,0.0,7082.0,0.9381181431315175,0.9599087587084832,122.0,133.0,0.47843137254901963
6950,1.0,0.0,7082.0,0.9371213941419181,0.9600588842229346,122.0,132.0,0.47843137254901963
6951,0.0,0.0,7082.0,0.9359591751369024,0.9601039015379725,122.0,131.0,0.47843137254901963
6952,1.0,0.0,7084.0,0.9373203684087761,0.9602578584897926,122.0,132.0,0.47843137254901963
6953,1.0,0.0,7086.0,0.9385166152817257,0.9603072308586914,121.0,133.0,0.4745098039215686
6954,1.0,0.0,7088.0,0.9395510637738376,0.9602521485719551,121.0,134.0,0.4745098039215686
6955,1.0,0.0,7090.0,0.9404264361179859,0.9600924666761975,122.0,135.0,0.47843137254901963
6956,1.0,0.0,7091.0,0.941121083708897,0.9607871142671086,122.0,135.0,0.47843137254901963
6957,1.0,0.0,7093.0,0.9416859996429428,0.9603687286732437,122.0,136.0,0.47843137254901963
6958,1.0,0.0,7094.0,0.9420747030754417,0.9607574321057427,123.0,136.0,0.4823529411764706
6959,1.0,0.0,7095.0,0.9423121691268692,0.9609948981571702,123.0,136.0,0.4823529411764706
6960,1.0,0.0,7097.0,0.9424217773137572,0.9601703698925431,124.0,137.0,0.48627450980392156
6961,1.0,0.0,7098.0,0.94233549238055,0.960084084959336,124.0,137.0,0.48627450980392156
6962,1.0,0.0,7098.0,0.9420974587430814,0.9607801877733824,124.0,136.0,0.48627450980392156
6963,1.0,0.0,7099.0,0.9417310022137474,0.9604137312440484,125.0,136.0,0.49019607843137253
6964,1.0,0.0,7099.0,0.9411884516106845,0.9608544821688961,125.0,135.0,0.49019607843137253
6965,1.0,0.0,7100.0,0.9405163466347082,0.9601823771929198,125.0,135.0,0.49019607843137253
6966,0.0,0.0,7100.0,0.9396637535121177,0.9603648383102352,125.0,134.0,0.49019607843137253
6967,1.0,0.0,7103.0,0.9413596646695758,0.9600423936998768,125.0,136.0,0.49019607843137253
6968,1.0,0.0,7105.0,0.9428760462954215,0.9606246388742075,125.0,137.0,0.49019607843137253
6969,1.0,0.0,7108.0,0.9442626377591059,0.9602807425614602,124.0,139.0,0.48627450980392156
6970,1.0,0.0,7110.0,0.9454809350781584,0.960698134640395,123.0,140.0,0.4823529411764706
6971,1.0,0.0,7113.0,0.9465733682539952,0.9603068908589137,124.0,142.0,0.48627450980392156
6972,1.0,0.0,7115.0,0.9474890641815401,0.9605359106562127,124.0,143.0,0.48627450980392156
6973,1.0,0.0,7117.0,0.948283300162128,0.960677804313067,125.0,144.0,0.49019607843137253
6974,1.0,0.0,7119.0,0.9489414395641952,0.9607162185075873,125.0,145.0,0.49019607843137253
6975,1.0,0.0,7121.0,0.9494652143335367,0.9606512543297592,126.0,146.0,0.49411764705882355
6976,1.0,0.0,7123.0,0.9498560028248084,0.9604827408212198,126.0,147.0,0.49411764705882355
6977,1.0,0.0,7124.0,0.9501018906068583,0.9607286286032697,126.0,147.0,0.49411764705882355
6978,1.0,0.0,7125.0,0.9502171487758694,0.9608438867722807,127.0,147.0,0.4980392156862745
6979,1.0,0.0,7126.0,0.9502020806428126,0.960828818639224,127.0,147.0,0.4980392156862745
6980,1.0,0.0,7127.0,0.9500430225316343,0.9606697605280456,127.0,147.0,0.4980392156862745
6981,1.0,0.0,7127.0,0.9497524986902757,0.9609385386864981,128.0,146.0,0.5019607843137255
6982,1.0,0.0,7128.0,0.949344085659231,0.9605301256554535,128.0,146.0,0.5019607843137255
6983,1.0,0.0,7128.0,0.9487887435673752,0.9605635225107673,128.0,145.0,0.5019607843137255
6984,1.0,0.0,7128.0,0.9480986350112228,0.9604931391621618,128.0,144.0,0.5019607843137255
6985,1.0,0.0,7127.0,0.9472552171893769,0.9609887397942954,128.0,142.0,0.5019607843137255
6986,1.0,0.0,7127.0,0.94628888769744,0.9607452272815648,127.0,141.0,0.4980392156862745
6987,1.0,0.0,7127.0,0.9451812131731279,0.9603984127353644,126.0,140.0,0.49411764705882355
6988,1.0,0.0,7126.0,0.9439292786834819,0.9607904416333285,119.0,138.0,0.4666666666666667
6989,1.0,0.0,7126.0,0.9425297896640557,0.9602783822428416,119.0,137.0,0.4666666666666667
6990,1.0,0.0,7125.0,0.940955111032303,0.9606211415905146,119.0,135.0,0.4666666666666667
6991,1.0,0.0,7125.0,0.9392478057196635,0.959948890517781,119.0,134.0,0.4666666666666667
6992,1.0,0.0,7124.0,0.9373526895249124,0.9602901796059289,118.0,132.0,0.4627450980392157
6993,1.0,0.0,7123.0,0.9352882970616736,0.9607037985364842,117.0,130.0,0.4588235294117647
6994,0.0,0.0,7123.0,0.9330830176818994,0.9598361771290684,115.0,129.0,0.45098039215686275
6995,1.0,0.0,7124.0,0.9333675188499722,0.9601206782971412,112.0,129.0,0.4392156862745098
6996,1.0,0.0,7125.0,0.9334783863295579,0.960231545776727,111.0,129.0,0.43529411764705883
6997,1.0,0.0,7126.0,0.9334159118771821,0.9601690713243511,112.0,129.0,0.4392156862745098
6998,1.0,0.0,7127.0,0.9331456321640226,0.9598987916111916,112.0,129.0,0.4392156862745098
6999,1.0,0.0,7127.0,0.9326994199039262,0.9608606403746305,112.0,128.0,0.4392156862745098
7000,1.0,0.0,7128.0,0.9321122049829123,0.9602734254536165,112.0,128.0,0.4392156862745098
7001,1.0,0.0,7128.0,0.9313120390473797,0.9609554290165421,113.0,127.0,0.44313725490196076
7002,1.0,0.0,7129.0,0.9303691196659809,0.9600125096351433,113.0,127.0,0.44313725490196076
7003,1.0,0.0,7129.0,0.9292068569969999,0.9604104253855918,113.0,126.0,0.44313725490196076
7004,1.0,0.0,7129.0,0.927858296583274,0.9607041580449498,113.0,125.0,0.44313725490196076
7005,1.0,0.0,7129.0,0.9263198895816094,0.9608944805938997,113.0,124.0,0.44313725490196076
7006,1.0,0.0,7129.0,0.924587587552528,0.9609818938812547,112.0,123.0,0.4392156862745098
7007,1.0,0.0,7129.0,0.9226568318064796,0.9609666279419813,113.0,122.0,0.44313725490196076
7008,0.0,0.0,7129.0,0.9205225414072904,0.9608486426025554,113.0,121.0,0.44313725490196076
7009,1.0,0.0,7131.0,0.9209114940016347,0.9592212901371364,113.0,122.0,0.44313725490196076
7010,1.0,0.0,7132.0,0.9210456595815268,0.9593554557170285,114.0,122.0,0.4470588235294118
7011,1.0,0.0,7133.0,0.920974506337533,0.9592843024730346,114.0,122.0,0.4470588235294118
7012,1.0,0.0,7133.0,0.9206487319010233,0.9609748330962883,115.0,121.0,0.45098039215686275
7013,1.0,0.0,7134.0,0.920165838467675,0.96049193966294,115.0,121.0,0.45098039215686275
7014,0.0,0.0,7135.0,0.9194754401420443,0.9598015413373093,116.0,121.0,0.4549019607843137
7015,1.0,0.0,7137.0,0.9212564141570512,0.9595662102925528,116.0,122.0,0.4549019607843137
7016,1.0,0.0,7139.0,0.9228301682093134,0.95922447453804,117.0,123.0,0.4588235294117647
7017,1.0,0.0,7140.0,0.9241565173581296,0.9605508236868563,117.0,123.0,0.4588235294117647
7018,1.0,0.0,7142.0,0.9253299377618186,0.9599045287741089,118.0,124.0,0.4627450980392157
7019,1.0,0.0,7143.0,0.9262647479229258,0.9608393389352161,118.0,124.0,0.4627450980392157
7020,1.0,0.0,7145.0,0.9270498443457218,0.9598957058073976,119.0,125.0,0.4666666666666667
7021,1.0,0.0,7146.0,0.9276029620998334,0.9604488235615092,119.0,125.0,0.4666666666666667
7022,1.0,0.0,7147.0,0.9279676668370951,0.9608135282987709,120.0,125.0,0.47058823529411764
7023,1.0,0.0,7148.0,0.9281449183068153,0.9609907797684911,120.0,125.0,0.47058823529411764
7024,1.0,0.0,7149.0,0.9281351829602302,0.960981044421906,121.0,125.0,0.4745098039215686
7025,1.0,0.0,7150.0,0.9279384351780067,0.9607842966396825,121.0,125.0,0.4745098039215686
7026,1.0,0.0,7151.0,0.9275541572028229,0.9604000186644986,122.0,125.0,0.47843137254901963
7027,1.0,0.0,7152.0,0.9269813377768495,0.9598271992385253,122.0,125.0,0.47843137254901963
7028,1.0,0.0,7152.0,0.9261763594017476,0.9607509504140379,123.0,124.0,0.4823529411764706
7029,1.0,0.0,7153.0,0.9252214346869629,0.9597960256992533,123.0,124.0,0.4823529411764706
7030,0.0,0.0,7153.0,0.9240276141951891,0.9604219205239157,124.0,123.0,0.48627450980392156
7031,1.0,0.0,7155.0,0.9253564310855401,0.9599310220978304,124.0,124.0,0.48627450980392156
7032,1.0,0.0,7157.0,0.9264888175313792,0.959334678993055,125.0,125.0,0.49019607843137253
7033,1.0,0.0,7158.0,0.9273877489221809,0.9602336103838567,125.0,125.0,0.49019607843137253
7034,0.0,0.0,7159.0,0.9280977009456648,0.9609435624073406,125.0,125.0,0.49019607843137253
7035,1.0,0.0,7162.0,0.9313301297649696,0.960973519734132,126.0,127.0,0.49411764705882355
7036,1.0,0.0,7166.0,0.9343726225943978,0.9597881240692084,126.0,130.0,0.49411764705882355
7037,1.0,0.0,7169.0,0.9372031307325814,0.960140620813598,126.0,132.0,0.49411764705882355
7038,1.0,0.0,7172.0,0.9398949238039453,0.9605960086020628,127.0,134.0,0.4980392156862745
7039,1.0,0.0,7176.0,0.9424473157581006,0.9601959083368865,127.0,137.0,0.4980392156862745
7040,1.0,0.0,7179.0,0.9447990882036448,0.9608171930059991,127.0,139.0,0.4980392156862745
7041,1.0,0.0,7183.0,0.9470396282954217,0.9607731509003402,127.0,142.0,0.4980392156862745
7042,1.0,0.0,7187.0,0.9491337422494477,0.9609085211928398,127.0,145.0,0.4980392156862745
7043,1.0,0.0,7192.0,0.951100243040073,0.9606908740818342,127.0,149.0,0.4980392156862745
7044,1.0,0.0,7197.0,0.952928806108008,0.9607404350329665,126.0,153.0,0.49411764705882355
7045,1.0,0.0,7202.0,0.9546259600486362,0.9609885806306957,125.0,157.0,0.49019607843137253
7046,1.0,0.0,7209.0,0.956209877413928,0.9608869882069236,120.0,163.0,0.47058823529411764
7047,1.0,0.0,7217.0,0.9576677606288906,0.9609339615336021,120.0,170.0,0.47058823529411764
7048,1.0,1.0,7223.0,0.9590022699886702,0.9615295939867812,121.0,175.0,0.4745098039215686
7049,1.0,1.0,7170.0,0.9593277828617701,0.9996538840570351,122.0,121.0,0.47843137254901963
7050,1.0,1.0,7171.0,0.9604339934386479,1.0007600946339128,122.0,121.0,0.47843137254901963
7051,1.0,1.0,7173.0,0.9614877830753646,0.9997975792108664,123.0,122.0,0.4823529411764706
7052,1.0,1.0,7174.0,0.9623935654057181,1.0007033615412197,123.0,122.0,0.4823529411764706
7053,1.0,1.0,7176.0,0.9632494985577582,0.9996438048864849,124.0,123.0,0.48627450980392156
7054,1.0,1.0,7177.0,0.963964393465164,1.0003586997938907,124.0,123.0,0.48627450980392156
7055,1.0,1.0,7178.0,0.9645867907974115,1.0009810971261381,125.0,123.0,0.49019607843137253
7056,1.0,1.0,7180.0,0.9651159954738626,0.9996905864861529,125.0,124.0,0.49019607843137253
7057,1.0,1.0,7181.0,0.9655556164583396,1.00013020747063,126.0,124.0,0.49411764705882355
7058,1.0,1.0,7182.0,0.9659068106481701,1.0004814016604604,127.0,124.0,0.4980392156862745
7059,1.0,1.0,7183.0,0.9661705022385901,1.0007450932508803,127.0,124.0,0.4980392156862745
7060,1.0,1.0,7184.0,0.9663473851548381,1.0009219761671284,128.0,124.0,0.5019607843137255
7061,1.0,1.0,7186.0,0.9664800349570692,0.999325896418745,128.0,125.0,0.5019607843137255
7062,1.0,1.0,7187.0,0.9664844697501196,0.9993303312117954,129.0,125.0,0.5058823529411764
7063,1.0,1.0,7187.0,0.9663607012044975,1.0009352922167878,129.0,124.0,0.5058823529411764
7064,1.0,1.0,7188.0,0.9661927345870944,1.0007673255993847,130.0,124.0,0.5098039215686274
7065,1.0,1.0,7189.0,0.9659380178016995,1.0005126088139897,130.0,124.0,0.5098039215686274
7066,1.0,1.0,7190.0,0.9655958805409826,1.0001704715532729,131.0,124.0,0.5137254901960784
7067,1.0,1.0,7191.0,0.9651654224437312,0.9997400134560215,131.0,124.0,0.5137254901960784
7068,1.0,1.0,7191.0,0.9646011843267454,1.0009954906554719,132.0,123.0,0.5176470588235295
7069,1.0,1.0,7192.0,0.96399045079876,1.0003847571274866,132.0,123.0,0.5176470588235295
7070,1.0,1.0,7193.0,0.9632872882675468,0.9996815945962735,133.0,123.0,0.5215686274509804
7071,1.0,1.0,7193.0,0.962443186938304,1.0007529830738058,133.0,122.0,0.5215686274509804
7072,1.0,1.0,7194.0,0.9615493670137283,0.99985916314923,133.0,122.0,0.5215686274509804
7073,1.0,1.0,7194.0,0.960507701845785,1.00083380304105,134.0,121.0,0.5254901960784314
7074,1.0,1.0,7195.0,0.9594138097071734,0.9997399109024384,134.0,121.0,0.5254901960784314
7075,1.0,1.0,7230.0,0.9590077348574473,0.9660577299622223,134.0,155.0,0.5254901960784314
7076,1.0,0.0,7247.0,0.9577932327878144,0.9608961236472903,135.0,171.0,0.5294117647058824
7077,1.0,0.0,7241.0,0.9563474477620899,0.9607907030154358,135.0,164.0,0.5294117647058824
7078,1.0,0.0,7236.0,0.9547765304625497,0.9608210200155063,135.0,158.0,0.5294117647058824
7079,1.0,0.0,7232.0,0.9530829502225227,0.9608945791474811,135.0,153.0,0.5294117647058824
7080,1.0,0.0,7229.0,0.9512661158431759,0.960856746884937,134.0,149.0,0.5254901960784314
7081,0.0,0.0,7227.0,0.9493261213254336,0.9605121613216561,133.0,146.0,0.5215686274509804
7082,1.0,0.0,7229.0,0.9499375570454902,0.9605642950419016,131.0,147.0,0.5137254901960784
7083,1.0,0.0,7231.0,0.9504172494946139,0.9605126505912046,132.0,148.0,0.5176470588235295
7084,1.0,0.0,7232.0,0.9507541653405323,0.9608495664371229,132.0,148.0,0.5176470588235295
7085,1.0,0.0,7234.0,0.9509744297066338,0.960565060748395,133.0,149.0,0.5215686274509804
7086,1.0,0.0,7235.0,0.9510539985172871,0.9606446295590483,133.0,149.0,0.5215686274509804
7087,1.0,0.0,7236.0,0.9510053768449218,0.960596007886683,134.0,149.0,0.5254901960784314
7088,1.0,0.0,7236.0,0.9508161410569455,0.9609115421535361,134.0,148.0,0.5254901960784314
7089,1.0,0.0,7237.0,0.9505104168831432,0.9606058179797339,135.0,148.0,0.5294117647058824
7090,1.0,0.0,7237.0,0.9500621612834736,0.960688899279885,135.0,147.0,0.5294117647058824
7091,1.0,0.0,7237.0,0.9494824903187606,0.9606685303149831,135.0,146.0,0.5294117647058824
7092,1.0,0.0,7237.0,0.9487698785390972,0.9605446574824893,136.0,145.0,0.5333333333333333
7093,1.0,0.0,7236.0,0.9479065602603888,0.9609534067350614,136.0,143.0,0.5333333333333333
7094,1.0,0.0,7236.0,0.9469212498528059,0.9606547724577245,136.0,142.0,0.5333333333333333
7095,1.0,0.0,7235.0,0.9457777247550855,0.960994924317322,136.0,140.0,0.5333333333333333
7096,1.0,0.0,7235.0,0.9445091165396148,0.9605272213419691,137.0,139.0,0.5372549019607843
7097,1.0,0.0,7234.0,0.9430728628078822,0.9608214553866681,137.0,137.0,0.5372549019607843
7098,0.0,0.0,7234.0,0.9415073368521788,0.9601900658824798,136.0,136.0,0.5333333333333333
7099,1.0,0.0,7236.0,0.9424661686055041,0.96021476118429,135.0,137.0,0.5294117647058824
7100,1.0,0.0,7238.0,0.9432735955393703,0.9601347584892169,134.0,138.0,0.5254901960784314
7101,1.0,0.0,7239.0,0.9439112064297002,0.9607723693795468,135.0,138.0,0.5294117647058824
7102,1.0,0.0,7241.0,0.9444228321072639,0.9604409369096182,136.0,139.0,0.5333333333333333
7103,1.0,0.0,7242.0,0.9447686928496386,0.9607867976519929,136.0,139.0,0.5333333333333333
7104,1.0,0.0,7243.0,0.9449702348484708,0.9609883396508251,137.0,139.0,0.5372549019607843
7105,1.0,0.0,7245.0,0.9450474977076493,0.9602646972698858,137.0,140.0,0.5372549019607843
7106,1.0,0.0,7245.0,0.9449421057197847,0.960960210522139,138.0,139.0,0.5411764705882353
7107,1.0,0.0,7246.0,0.9446918245364456,0.9607099293388,139.0,139.0,0.5450980392156862
7108,1.0,0.0,7247.0,0.9443165315547373,0.9603346363570916,139.0,139.0,0.5450980392156862
7109,1.0,0.0,7247.0,0.9437751938995438,0.9606363568493904,140.0,138.0,0.5490196078431373
7110,1.0,0.0,7247.0,0.9430858962282967,0.9608344888070827,140.0,137.0,0.5490196078431373
7111,1.0,0.0,7247.0,0.9422468245997555,0.9609295536300565,141.0,136.0,0.5529411764705883
7112,1.0,0.0,7247.0,0.9412557709306875,0.960921801488899,142.0,135.0,0.5568627450980392
7113,1.0,0.0,7247.0,0.9401101271851212,0.9608112119832387,142.0,134.0,0.5568627450980392
7114,0.0,0.0,7247.0,0.9388068785110948,0.9605974940880605,143.0,133.0,0.5607843137254902
7115,1.0,0.0,7249.0,0.9400286507931451,0.9607297355912626,143.0,134.0,0.5607843137254902
7116,1.0,0.0,7251.0,0.9410926037351774,0.960758634293389,144.0,135.0,0.5647058823529412
7117,1.0,0.0,7253.0,0.942001537213355,0.960684266243656,144.0,136.0,0.5647058823529412
7118,1.0,0.0,7255.0,0.9427578431578836,0.9605064357366695,145.0,137.0,0.5686274509803921
7119,1.0,0.0,7257.0,0.9433635118475644,0.960224674797411,145.0,138.0,0.5686274509803921
7120,1.0,0.0,7258.0,0.9437996011155725,0.9606607640654191,146.0,138.0,0.5725490196078431
7121,1.0,0.0,7259.0,0.9440888754408214,0.9609500383906681,146.0,138.0,0.5725490196078431
7122,1.0,0.0,7261.0,0.9442310152277568,0.9602491200301111,147.0,139.0,0.5764705882352941
7123,1.0,0.0,7262.0,0.9442274213300392,0.9602455261323936,145.0,139.0,0.5686274509803921
7124,1.0,0.0,7262.0,0.9440575482582454,0.960918711208092,143.0,138.0,0.5607843137254902
7125,1.0,0.0,7263.0,0.9437620750837605,0.9606232380336072,140.0,138.0,0.5490196078431373
7126,1.0,0.0,7264.0,0.9432980713382245,0.9601592342880712,137.0,138.0,0.5372549019607843
7127,0.0,0.0,7264.0,0.942684851990947,0.9604334445697329,131.0,137.0,0.5137254901960784
7128,1.0,0.0,7267.0,0.9445967537356189,0.9606148585379732,127.0,139.0,0.4980392156862745
7129,1.0,0.0,7270.0,0.9463792835871345,0.9608356231712593,121.0,141.0,0.4745098039215686
7130,1.0,0.0,7274.0,0.9480338141761737,0.9604283183271127,122.0,144.0,0.47843137254901963
7131,1.0,0.0,7277.0,0.9495165030445898,0.9607025430408123,122.0,146.0,0.47843137254901963
7132,1.0,0.0,7280.0,0.9508785286336251,0.9609739297302158,122.0,148.0,0.47843137254901963
7133,1.0,0.0,7284.0,0.9521204409184009,0.9607759854335903,121.0,151.0,0.4745098039215686
7134,1.0,0.0,7288.0,0.953231906858196,0.9606529543369066,121.0,154.0,0.4745098039215686
7135,1.0,0.0,7291.0,0.9542083284829466,0.9609058238324829,121.0,156.0,0.4745098039215686
7136,1.0,0.0,7295.0,0.9550629565992862,0.9608052216745949,122.0,159.0,0.47843137254901963
7137,1.0,0.0,7298.0,0.9557970606663542,0.9609794548968202,122.0,161.0,0.47843137254901963
7138,1.0,0.0,7302.0,0.9564195402014559,0.9608627954548018,123.0,164.0,0.4823529411764706
7139,1.0,0.0,7305.0,0.956914470722831,0.9609245085889756,123.0,166.0,0.4823529411764706
7140,1.0,0.0,7308.0,0.9572955170176909,0.9609145761918865,123.0,168.0,0.4823529411764706
7141,1.0,0.0,7311.0,0.9575641830941763,0.9608303839988879,124.0,170.0,0.48627450980392156
7142,1.0,0.0,7312.0,0.9577167681397966,0.9609829690445081,124.0,170.0,0.48627450980392156
7143,1.0,0.0,7314.0,0.9577622689596841,0.96086515981916,124.0,171.0,0.48627450980392156
7144,1.0,0.0,7314.0,0.9576888606286327,0.9609550615333442,125.0,170.0,0.49019607843137253
7145,1.0,0.0,7314.0,0.9575041071939724,0.9609422134094582,125.0,169.0,0.49019607843137253
7146,1.0,0.0,7314.0,0.957207522462454,0.9608265816366496,125.0,168.0,0.49019607843137253
7147,1.0,0.0,7313.0,0.9567934419274643,0.9608034797936089,125.0,166.0,0.49019607843137253
7148,1.0,0.0,7311.0,0.9562591916051835,0.9609363023981791,125.0,163.0,0.49019607843137253
7149,1.0,0.0,7310.0,0.9556203866236164,0.9608027808540824,125.0,161.0,0.49019607843137253
7150,1.0,0.0,7308.0,0.9548504375231075,0.960894927076064,125.0,158.0,0.49019607843137253
7151,1.0,0.0,7307.0,0.953967154458181,0.9606646498077174,125.0,156.0,0.49019607843137253
7152,1.0,0.0,7305.0,0.9529614432163572,0.9607730721413157,124.0,153.0,0.48627450980392156
7153,1.0,0.0,7303.0,0.9518188939699985,0.9609299934596717,123.0,150.0,0.4823529411764706
7154,1.0,0.0,7302.0,0.950570109257574,0.9606655103541647,124.0,148.0,0.48627450980392156
7155,1.0,0.0,7300.0,0.9491632807853103,0.9609380597287024,124.0,145.0,0.48627450980392156
7156,1.0,0.0,7299.0,0.947633347928062,0.9606801944027346,125.0,143.0,0.49019607843137253
7157,1.0,0.0,7298.0,0.9459630968818545,0.9604194364659793,125.0,141.0,0.49019607843137253
7158,1.0,0.0,7296.0,0.944127324923264,0.9609884878731106,125.0,138.0,0.49019607843137253
7159,1.0,0.0,7295.0,0.9421598080022437,0.9608425370325447,125.0,136.0,0.49019607843137253
7160,1.0,0.0,7294.0,0.9400616969252271,0.9607627817233446,126.0,134.0,0.49411764705882355
7161,1.0,0.0,7293.0,0.9377779167850608,0.9607154068660774,127.0,132.0,0.4980392156862745
7162,1.0,0.0,7292.0,0.9353259793955128,0.9607414808703234,127.0,130.0,0.4980392156862745
7163,1.0,0.0,7291.0,0.9326989553310974,0.9608601758018016,128.0,128.0,0.5019607843137255
7164,0.0,0.0,7291.0,0.9299274072306453,0.9595707971998076,129.0,127.0,0.5058823529411764
7165,1.0,0.0,7291.0,0.9296030365176422,0.9608066049062342,130.0,126.0,0.5098039215686274
7166,1.0,0.0,7292.0,0.9291334152124375,0.9603369836010295,130.0,126.0,0.5098039215686274
7167,0.0,0.0,7293.0,0.9284793031233767,0.9596828715119686,131.0,126.0,0.5137254901960784
7168,1.0,0.0,7295.0,0.9302705578502257,0.9599139478193881,132.0,127.0,0.5176470588235295
7169,1.0,0.0,7297.0,0.9319144181739102,0.9600756386446144,132.0,128.0,0.5176470588235295
7170,1.0,0.0,7299.0,0.9333791059138417,0.9601322653610107,132.0,129.0,0.5176470588235295
7171,1.0,0.0,7301.0,0.9346684755114413,0.9600839769862519,132.0,130.0,0.5176470588235295
7172,1.0,0.0,7303.0,0.93575496526716,0.9598996916682301,132.0,131.0,0.5176470588235295
7173,1.0,0.0,7304.0,0.9366723891420028,0.9608171155430729,132.0,131.0,0.5176470588235295
7174,1.0,0.0,7306.0,0.9374247091481963,0.9603621992292128,132.0,132.0,0.5176470588235295
7175,1.0,0.0,7307.0,0.938012357336359,0.9609498474173755,133.0,132.0,0.5215686274509804
7176,1.0,0.0,7309.0,0.9384662871876563,0.9602569027646221,132.0,133.0,0.5176470588235295
7177,1.0,0.0,7310.0,0.938731746363458,0.9605223619404237,132.0,133.0,0.5176470588235295
7178,1.0,0.0,7311.0,0.9388094334405424,0.9606000490175081,132.0,133.0,0.5176470588235295
7179,0.0,0.0,7312.0,0.9387540293975287,0.9605446449744944,132.0,133.0,0.5176470588235295
7180,1.0,0.0,7315.0,0.9412221802413618,0.9608882107995734,132.0,135.0,0.5176470588235295
7181,1.0,0.0,7319.0,0.943529532024582,0.9603906949744286,132.0,138.0,0.5176470588235295
7182,1.0,0.0,7322.0,0.9456838343266326,0.9609010338888692,132.0,140.0,0.5176470588235295
7183,1.0,0.0,7326.0,0.9477089971253099,0.9607558435999825,131.0,143.0,0.5137254901960784
7184,1.0,0.0,7330.0,0.9495898481200833,0.9607758881163058,131.0,146.0,0.5137254901960784
7185,1.0,0.0,7334.0,0.9513322930628002,0.9609229241045614,132.0,149.0,0.5176470588235295
7186,1.0,0.0,7339.0,0.9529412100083541,0.9607528389333125,132.0,153.0,0.5176470588235295
7187,1.0,0.0,7344.0,0.9544287653773222,0.9607913859593817,130.0,157.0,0.5098039215686274
7188,1.0,0.0,7349.0,0.955790257051311,0.9609726512817771,130.0,161.0,0.5098039215686274
7189,1.0,0.0,7356.0,0.9570404318169058,0.9608499677897432,130.0,167.0,0.5098039215686274
7190,1.0,0.0,7363.0,0.9581609737861966,0.9609613327868736,130.0,173.0,0.5098039215686274
7191,1.0,1.0,7341.0,0.9590092410461084,0.9681203405357816,129.0,150.0,0.5058823529411764
7192,1.0,1.0,7313.0,0.9591920642288692,0.9995181654241342,128.0,121.0,0.5019607843137255
7193,1.0,1.0,7314.0,0.959976819941688,1.000302921136953,127.0,121.0,0.4980392156862745
7194,1.0,1.0,7315.0,0.9606588365029456,1.0009849376982105,126.0,121.0,0.49411764705882355
7195,1.0,1.0,7317.0,0.9612399086930663,0.999549704828568,126.0,122.0,0.49411764705882355
7196,1.0,1.0,7318.0,0.9617189806429055,1.0000287767784073,127.0,122.0,0.4980392156862745
7197,1.0,1.0,7319.0,0.9620997688242834,1.000409564959785,127.0,122.0,0.4980392156862745
7198,1.0,1.0,7320.0,0.9623832753113615,1.0006930714468631,128.0,122.0,0.5019607843137255
7199,1.0,1.0,7321.0,0.9625702461738423,1.000880042309344,129.0,122.0,0.5058823529411764
7200,1.0,1.0,7322.0,0.9626611734403117,1.0009709695758133,130.0,122.0,0.5098039215686274
7201,1.0,1.0,7323.0,0.9626562963930496,1.0009660925285513,131.0,122.0,0.5137254901960784
7202,1.0,1.0,7324.0,0.9625556021977213,1.000865398333223,131.0,122.0,0.5137254901960784
7203,1.0,1.0,7325.0,0.9623588258696021,1.0006686220051038,132.0,122.0,0.5176470588235295
7204,1.0,1.0,7326.0,0.9620654495762497,1.0003752457117514,133.0,122.0,0.5215686274509804
7205,1.0,1.0,7327.0,0.961674701274787,0.9999844974102887,134.0,122.0,0.5254901960784314
7206,1.0,1.0,7328.0,0.9611855526802098,0.9994953488157114,135.0,122.0,0.5294117647058824
7207,1.0,1.0,7328.0,0.9605476014361239,1.000873702631389,136.0,121.0,0.5333333333333333
7208,1.0,1.0,7329.0,0.9598575282202919,1.0001836294155568,137.0,121.0,0.5372549019607843
7209,1.0,1.0,7330.0,0.9590644019273156,0.9993905031225806,137.0,121.0,0.5372549019607843
7210,1.0,1.0,7382.0,0.9590006353665685,0.9619483816830706,138.0,172.0,0.5411764705882353
7211,1.0,0.0,7383.0,0.9579908647950532,0.9609386111115553,139.0,172.0,0.5450980392156862
7212,1.0,0.0,7378.0,0.9568448564932135,0.9608548943593581,140.0,166.0,0.5490196078431373
7213,1.0,0.0,7374.0,0.9555828580119612,0.9607652522424273,141.0,161.0,0.5529411764705883
7214,1.0,0.0,7370.0,0.9541959556090169,0.9608934509585533,142.0,156.0,0.5568627450980392
7215,1.0,0.0,7367.0,0.9526886978230102,0.9609114651124403,143.0,152.0,0.5607843137254902
7216,0.0,0.0,7365.0,0.9510723948646366,0.9606630259063977,144.0,149.0,0.5647058823529412
7217,1.0,0.0,7368.0,0.9519934033827196,0.9606489478979091,144.0,151.0,0.5647058823529412
7218,1.0,0.0,7371.0,0.952797509615849,0.9606091385408074,145.0,153.0,0.5686274509803921
7219,1.0,0.0,7373.0,0.9534668567596747,0.9608879042383852,146.0,154.0,0.5725490196078431
7220,1.0,0.0,7376.0,0.9540223347958936,0.9607198301454299,147.0,156.0,0.5764705882352941
7221,1.0,0.0,7378.0,0.9544477805210496,0.9608104011031091,148.0,157.0,0.5803921568627451
7222,1.0,0.0,7380.0,0.9547533519844191,0.9607978415373757,149.0,158.0,0.5843137254901961
7223,1.0,0.0,7381.0,0.9549324914431301,0.9609769809960866,149.0,158.0,0.5843137254901961
7224,1.0,0.0,7383.0,0.9550007815406931,0.9607430466160019,150.0,159.0,0.5882352941176471
7225,1.0,0.0,7383.0,0.9549362969796222,0.9609807865325788,151.0,158.0,0.592156862745098
7226,1.0,0.0,7384.0,0.9547609730719735,0.96080546262493,152.0,158.0,0.596078431372549
7227,1.0,0.0,7384.0,0.9544592372151595,0.960821857797219,152.0,157.0,0.596078431372549
7228,1.0,0.0,7384.0,0.9540376572457541,0.9607351525952904,153.0,156.0,0.6
7229,1.0,0.0,7383.0,0.9534860852875223,0.9609071327662329,152.0,154.0,0.596078431372549
7230,1.0,0.0,7383.0,0.9528206948230726,0.9606323237480311,152.0,153.0,0.596078431372549
7231,1.0,0.0,7382.0,0.9520206062830227,0.9606761507982121,152.0,151.0,0.596078431372549
7232,1.0,0.0,7381.0,0.9510925901926561,0.9606832212344173,151.0,149.0,0.592156862745098
7233,1.0,0.0,7380.0,0.950034024422294,0.9606607624187053,152.0,147.0,0.596078431372549
7234,1.0,0.0,7379.0,0.9488419238464216,0.9606167027898137,150.0,145.0,0.5882352941176471
7235,1.0,0.0,7378.0,0.9475129303874906,0.9605597768621632,148.0,143.0,0.5803921568627451
7236,1.0,0.0,7377.0,0.9460433018513361,0.9604996414354608,143.0,141.0,0.5607843137254902
7237,1.0,0.0,7376.0,0.9444288995003053,0.9604470043026596,140.0,139.0,0.5490196078431373
7238,1.0,0.0,7375.0,0.9426651743042382,0.9604137668830242,140.0,137.0,0.5490196078431373
7239,1.0,0.0,7374.0,0.9407471518030117,0.9604131823612233,140.0,135.0,0.5490196078431373
7240,1.0,0.0,7373.0,0.9386694155074633,0.960460031084429,141.0,133.0,0.5529411764705883
7241,1.0,0.0,7372.0,0.9364260887580592,0.9605708151591293,140.0,131.0,0.5490196078431373
7242,1.0,0.0,7371.0,0.9340108149526163,0.9607639743997853,140.0,129.0,0.5490196078431373
7243,1.0,0.0,7371.0,0.9314528401744858,0.9596140606451901,140.0,128.0,0.5490196078431373
7244,1.0,0.0,7370.0,0.9286764737875426,0.9598800421761345,141.0,126.0,0.5529411764705883
7245,1.0,0.0,7369.0,0.925706407960578,0.9602809989728683,140.0,124.0,0.5490196078431373
7246,0.0,0.0,7368.0,0.922534177888647,0.9608439740241488,140.0,122.0,0.5490196078431373
7247,1.0,0.0,7369.0,0.9218831108594601,0.9601929069949617,133.0,122.0,0.5215686274509804
7248,1.0,0.0,7370.0,0.9210289288255396,0.9593387249610412,134.0,122.0,0.5254901960784314
7249,1.0,0.0,7370.0,0.9199202688161772,0.9602463700114422,134.0,121.0,0.5254901960784314
7250,1.0,0.0,7371.0,0.9186525728018577,0.9589786739971228,135.0,121.0,0.5294117647058824
7251,1.0,0.0,7371.0,0.9171216894874507,0.9595702170614138,135.0,120.0,0.5294117647058824
7252,1.0,0.0,7371.0,0.9153727053559051,0.9600553659600768,136.0,119.0,0.5333333333333333
7253,1.0,0.0,7371.0,0.9134010178174017,0.9604353974007404,136.0,118.0,0.5333333333333333
7254,1.0,0.0,7371.0,0.9112014382205229,0.9607113114661425,137.0,117.0,0.5372549019607843
7255,1.0,0.0,7371.0,0.9087681781979087,0.9608838342459294,137.0,116.0,0.5372549019607843
7256,1.0,0.0,7371.0,0.9060948344337099,0.9609534197474159,138.0,115.0,0.5411764705882353
7257,1.0,0.0,7371.0,0.9031743718127576,0.9609202510903428,138.0,114.0,0.5411764705882353
7258,1.0,0.0,7371.0,0.8999991049071023,0.960784240988771,138.0,113.0,0.5411764705882353
7259,1.0,0.0,7371.0,0.8965606777512023,0.9605450315213798,138.0,112.0,0.5411764705882353
7260,0.0,0.0,7371.0,0.8928500418525425,0.9602019931895714,139.0,111.0,0.5450980392156862
7261,1.0,0.0,7372.0,0.8915753599827391,0.958927311319768,139.0,111.0,0.5450980392156862
7262,1.0,0.0,7372.0,0.889933318890108,0.9608301097711911,138.0,110.0,0.5411764705882353
7263,1.0,0.0,7373.0,0.8880925219583038,0.9589893128393869,138.0,110.0,0.5411764705882353
7264,0.0,0.0,7373.0,0.8858708830076716,0.9604990839351275,137.0,109.0,0.5372549019607843
7265,1.0,0.0,7374.0,0.8860761604035254,0.9607043613309814,138.0,109.0,0.5411764705882353
7266,1.0,0.0,7375.0,0.8859864220805276,0.9606146230079835,139.0,109.0,0.5450980392156862
7267,0.0,0.0,7376.0,0.8856014318851964,0.9602296328126523,139.0,109.0,0.5450980392156862
7268,1.0,0.0,7378.0,0.88764264895445,0.9585394398355331,140.0,110.0,0.5490196078431373
7269,1.0,0.0,7379.0,0.8893018401285496,0.9601986310096328,141.0,110.0,0.5529411764705883
7270,1.0,0.0,7381.0,0.8907606136772617,0.9581125650142907,141.0,111.0,0.5529411764705883
7271,1.0,0.0,7382.0,0.8918498839339211,0.95920183527095,142.0,111.0,0.5568627450980392
7272,1.0,0.0,7383.0,0.8926588660547634,0.9600108173917924,143.0,111.0,0.5607843137254902
7273,1.0,0.0,7384.0,0.893189688940107,0.960541640277136,144.0,111.0,0.5647058823529412
7274,1.0,0.0,7385.0,0.8933574008367209,0.9607093521737499,144.0,111.0,0.5647058823529412
7275,1.0,0.0,7386.0,0.8933308229700447,0.9606827743070737,145.0,111.0,0.5686274509803921
7276,0.0,0.0,7387.0,0.8930278541755414,0.9603798055125704,146.0,111.0,0.5725490196078431
7277,1.0,0.0,7389.0,0.8951613073370601,0.9591456611072376,146.0,112.0,0.5725490196078431
7278,1.0,0.0,7390.0,0.8968589083176719,0.9608432620878494,147.0,112.0,0.5764705882352941
7279,1.0,0.0,7392.0,0.8984450462572295,0.9592301823388982,148.0,113.0,0.5803921568627451
7280,1.0,0.0,7393.0,0.8996899011399555,0.9604750372216242,148.0,113.0,0.5803921568627451
7281,1.0,0.0,7395.0,0.9007487117399563,0.9584945910175415,149.0,114.0,0.5843137254901961
7282,1.0,0.0,7396.0,0.9014760032196396,0.9592218824972248,150.0,114.0,0.5882352941176471
7283,1.0,0.0,7397.0,0.9019477226825134,0.9596936019600987,151.0,114.0,0.592156862745098
7284,1.0,0.0,7398.0,0.902165111495585,0.9599109907731702,151.0,114.0,0.592156862745098
7285,1.0,0.0,7399.0,0.902128741734678,0.9598746210122633,152.0,114.0,0.596078431372549
7286,1.0,0.0,7400.0,0.901838517689896,0.9595843969674812,153.0,114.0,0.6
7287,1.0,0.0,7401.0,0.9012936756137521,0.9590395548913373,154.0,114.0,0.6039215686274509
7288,1.0,0.0,7402.0,0.9004927817113092,0.9582386609888944,154.0,114.0,0.6039215686274509
7289,1.0,0.0,7402.0,0.8993596951884737,0.9601448312701424,155.0,113.0,0.6078431372549019
7290,1.0,0.0,7403.0,0.8980396954198826,0.9588248315015513,156.0,113.0,0.611764705882353
7291,1.0,0.0,7403.0,0.8963773458817302,0.9603616996519078,153.0,112.0,0.6
7292,1.0,0.0,7404.0,0.894524336371312,0.9585086901414895,152.0,112.0,0.596078431372549
7293,1.0,0.0,7404.0,0.8923158296633857,0.9596677810004147,151.0,111.0,0.592156862745098
7294,1.0,0.0,7404.0,0.8898239435598367,0.9607207344409199,151.0,110.0,0.592156862745098
7295,0.0,0.0,7405.0,0.8871330137872981,0.9580298046683813,149.0,110.0,0.5843137254901961
7296,1.0,0.0,7406.0,0.8867811892434398,0.957677980124523,149.0,110.0,0.5843137254901961
7297,1.0,0.0,7406.0,0.8860450718051882,0.9606732727326441,149.0,109.0,0.5843137254901961
7298,1.0,0.0,7407.0,0.8851047501576264,0.9597329510850823,148.0,109.0,0.5803921568627451
7299,1.0,0.0,7408.0,0.8838668564484605,0.9584950573759166,147.0,109.0,0.5764705882352941
7300,1.0,0.0,7408.0,0.8822324558819905,0.96078845685826,147.0,108.0,0.5764705882352941
7301,1.0,0.0,7409.0,0.8803888535475006,0.9589448545237701,147.0,108.0,0.5764705882352941
7302,1.0,0.0,7409.0,0.8781348078574593,0.9608253352009009,146.0,107.0,0.5725490196078431
7303,0.0,0.0,7410.0,0.8756660777899531,0.9583566051333946,145.0,107.0,0.5686274509803921
7304,1.0,0.0,7411.0,0.875507032812513,0.9581975601559545,145.0,107.0,0.5686274509803921
7305,1.0,0.0,7412.0,0.875025675438357,0.9577162027817985,144.0,107.0,0.5647058823529412
7306,0.0,0.0,7413.0,0.8742207389375525,0.956911266280994,144.0,107.0,0.5647058823529412
7307,1.0,0.0,7414.0,0.8757216840035186,0.9584122113469601,143.0,107.0,0.5607843137254902
7308,1.0,0.0,7415.0,0.8769008815443237,0.9595914088877652,142.0,107.0,0.5568627450980392
7309,1.0,0.0,7416.0,0.8777614347113909,0.9604519620548324,142.0,107.0,0.5568627450980392
7310,1.0,0.0,7417.0,0.8781995946217237,0.9608901219651652,141.0,107.0,0.5529411764705883
7311,0.0,0.0,7419.0,0.8784232406460761,0.9569792416223456,139.0,108.0,0.5450980392156862
7312,1.0,0.0,7420.0,0.8808578139556276,0.959413814931897,138.0,108.0,0.5411764705882353
7313,1.0,0.0,7422.0,0.8831752451990817,0.9578034461265377,137.0,109.0,0.5372549019607843
7314,1.0,0.0,7423.0,0.8849986723749519,0.9596268733024078,133.0,109.0,0.5215686274509804
7315,1.0,0.0,7425.0,0.8866151416588006,0.9575119325398838,132.0,110.0,0.5176470588235295
7316,1.0,0.0,7426.0,0.8879332297364884,0.9588300206175715,133.0,110.0,0.5215686274509804
7317,0.0,0.0,7427.0,0.8888700566052908,0.959766847486374,133.0,110.0,0.5215686274509804
7318,1.0,0.0,7429.0,0.8923232571792046,0.9596752085162336,133.0,111.0,0.5215686274509804
7319,1.0,0.0,7431.0,0.8953247180252475,0.959309071795425,132.0,112.0,0.5176470588235295
7320,1.0,0.0,7433.0,0.8982106784873609,0.9589958145690296,132.0,113.0,0.5176470588235295
7321,1.0,0.0,7435.0,0.9008287723139151,0.9585746515915003,132.0,114.0,0.5176470588235295
7322,1.0,0.0,7436.0,0.9031155577058727,0.9608614369834579,131.0,114.0,0.5137254901960784
7323,1.0,0.0,7438.0,0.9052214172177226,0.9600800025314287,131.0,115.0,0.5137254901960784
7324,1.0,0.0,7440.0,0.9070778594064614,0.9591935154544821,131.0,116.0,0.5137254901960784
7325,1.0,0.0,7441.0,0.9086262954498008,0.9607419514978215,131.0,116.0,0.5137254901960784
7326,1.0,0.0,7443.0,0.9100010893195545,0.9595109625651741,130.0,117.0,0.5098039215686274
7327,1.0,0.0,7444.0,0.9110152692675612,0.9605251425131808,130.0,117.0,0.5098039215686274
7328,1.0,0.0,7446.0,0.9119190535546492,0.9589534331379879,129.0,118.0,0.5058823529411764
7329,1.0,0.0,7447.0,0.9125337604150943,0.9595681399984329,129.0,118.0,0.5058823529411764
7330,1.0,0.0,7448.0,0.9129213079851746,0.9599556875685132,128.0,118.0,0.5019607843137255
7331,1.0,0.0,7449.0,0.9130827161269166,0.9601170957102553,129.0,118.0,0.5058823529411764
7332,1.0,0.0,7450.0,0.913018409598588,0.9600527891819267,130.0,118.0,0.5098039215686274
7333,1.0,0.0,7451.0,0.9127282191724826,0.9597625987558213,131.0,118.0,0.5137254901960784
7334,1.0,0.0,7452.0,0.9122113811895844,0.9592457607729231,131.0,118.0,0.5137254901960784
7335,1.0,0.0,7452.0,0.9114062350632932,0.9609161083089128,132.0,117.0,0.5176470588235295
7336,1.0,0.0,7453.0,0.9104314216467952,0.9599412948924149,133.0,117.0,0.5215686274509804
7337,1.0,0.0,7454.0,0.9092240751549805,0.9587339484006001,134.0,117.0,0.5254901960784314
7338,0.0,0.0,7454.0,0.9077175441637707,0.9598332002117914,135.0,116.0,0.5294117647058824
7339,1.0,0.0,7455.0,0.9086665584955904,0.9607822145436111,135.0,116.0,0.5294117647058824
7340,1.0,0.0,7457.0,0.9094420366092077,0.9589519098548274,136.0,117.0,0.5333333333333333
7341,1.0,0.0,7458.0,0.909918903806204,0.9594287770518236,136.0,117.0,0.5333333333333333
7342,1.0,0.0,7459.0,0.9101618891967244,0.959671762442344,137.0,117.0,0.5372549019607843
7343,1.0,0.0,7460.0,0.9101081580195378,0.9596180312651574,138.0,117.0,0.5411764705882353
7344,1.0,0.0,7461.0,0.9098813435599242,0.9593912168055438,138.0,117.0,0.5411764705882353
7345,1.0,0.0,7462.0,0.9094205484510813,0.958930421696701,139.0,117.0,0.5450980392156862
7346,1.0,0.0,7462.0,0.9086610858778328,0.9607767419258535,140.0,116.0,0.5490196078431373
7347,1.0,0.0,7463.0,0.9077280726847561,0.9598437287327768,141.0,116.0,0.5529411764705883
7348,1.0,0.0,7464.0,0.9065555793775062,0.9586712354255269,142.0,116.0,0.5568627450980392
7349,1.0,0.0,7464.0,0.9050737055037281,0.9599322908174341,142.0,115.0,0.5568627450980392
7350,1.0,0.0,7465.0,0.9034123571114352,0.9582709424251412,143.0,115.0,0.5607843137254902
7351,1.0,0.0,7465.0,0.9014300157678892,0.9591758950454744,144.0,114.0,0.5647058823529412
7352,1.0,0.0,7465.0,0.8991882797289956,0.9599734158106643,145.0,113.0,0.5686274509803921
7353,1.0,0.0,7465.0,0.896681249689389,0.9606656034595665,146.0,112.0,0.5725490196078431
7354,1.0,0.0,7466.0,0.8939843594243788,0.9579687131945563,147.0,112.0,0.5764705882352941
7355,1.0,0.0,7466.0,0.8909305509698948,0.9582825023069238,148.0,111.0,0.5803921568627451
7356,1.0,0.0,7466.0,0.8875897176495422,0.9584865085306253,148.0,110.0,0.5803921568627451
7357,1.0,0.0,7466.0,0.8839530677966883,0.9585812687241442,149.0,109.0,0.5843137254901961
7358,1.0,0.0,7466.0,0.8800110312801415,0.9585670322564109,150.0,108.0,0.5882352941176471
7359,1.0,0.0,7466.0,0.8757532343195952,0.9584437616630367,151.0,107.0,0.592156862745098
7360,0.0,0.0,7466.0,0.8711684721862054,0.9582111325477228,152.0,106.0,0.596078431372549
7361,1.0,0.0,7466.0,0.8688762586638322,0.9605001116759558,153.0,105.0,0.6
7362,0.0,0.0,7467.0,0.8663564491424792,0.9579803021546028,154.0,105.0,0.6039215686274509
7363,1.0,0.0,7468.0,0.8661223983375175,0.9577462513496411,154.0,105.0,0.6039215686274509
7364,0.0,0.0,7469.0,0.8655419113784075,0.9571657643905311,155.0,105.0,0.6078431372549019
7365,1.0,0.0,7470.0,0.8672450396152569,0.9588688926273805,155.0,105.0,0.6078431372549019
7366,1.0,0.0,7471.0,0.8686046860171104,0.960228539029234,156.0,105.0,0.611764705882353
7367,0.0,0.0,7473.0,0.8697360217551242,0.9567786821166416,156.0,106.0,0.611764705882353
7368,1.0,0.0,7474.0,0.8730501230011627,0.9600927833626801,155.0,106.0,0.6078431372549019
7369,1.0,0.0,7476.0,0.8761417387778296,0.9588322661212711,154.0,107.0,0.6039215686274509
7370,1.0,0.0,7478.0,0.8789074117618064,0.9574634127380759,151.0,108.0,0.592156862745098
7371,1.0,0.0,7479.0,0.8812587428592171,0.9598147438354866,138.0,108.0,0.5411764705882353
7372,1.0,0.0,7481.0,0.8833983097859166,0.9580265107133725,136.0,109.0,0.5333333333333333
7373,1.0,0.0,7482.0,0.8851401368377787,0.9597683377652346,133.0,109.0,0.5215686274509804
7374,1.0,0.0,7484.0,0.8866753782725216,0.9575721691536048,131.0,110.0,0.5137254901960784
7375,1.0,0.0,7485.0,0.8878260483629479,0.958722839244031,130.0,110.0,0.5098039215686274
7376,1.0,0.0,7486.0,0.888686068509885,0.9595828593909681,128.0,110.0,0.5019607843137255
7377,1.0,0.0,7487.0,0.889257701924246,0.9601544928053292,128.0,110.0,0.5019607843137255
7378,1.0,0.0,7488.0,0.8895424529044897,0.9604392437855729,125.0,110.0,0.49019607843137253
7379,1.0,0.0,7489.0,0.8895410707953013,0.9604378616763845,124.0,110.0,0.48627450980392156
7380,1.0,0.0,7490.0,0.8892535519595508,0.9601503428406339,123.0,110.0,0.4823529411764706
7381,1.0,0.0,7491.0,0.8886791397687233,0.9595759306498064,121.0,110.0,0.4745098039215686
7382,1.0,0.0,7492.0,0.8878163226117906,0.9587131134928737,119.0,110.0,0.4666666666666667
7383,1.0,0.0,7493.0,0.8866628299172867,0.9575596207983699,114.0,110.0,0.4470588235294118
7384,1.0,0.0,7493.0,0.8851247328564784,0.9597529337839343,111.0,109.0,0.43529411764705883
7385,0.0,0.0,7494.0,0.8833800096417583,0.9580082105692143,111.0,109.0,0.43529411764705883
7386,1.0,0.0,7495.0,0.8839647545219713,0.9585929554494272,111.0,109.0,0.43529411764705883
7387,1.0,0.0,7496.0,0.8842489273520655,0.9588771282795214,111.0,109.0,0.43529411764705883
7388,1.0,0.0,7497.0,0.8842332759552778,0.9588614768827337,112.0,109.0,0.4392156862745098
7389,1.0,0.0,7498.0,0.8839177591437222,0.9585459600711781,112.0,109.0,0.4392156862745098
7390,0.0,0.0,7499.0,0.8833015466099996,0.9579297475374555,112.0,109.0,0.4392156862745098
7391,1.0,0.0,7500.0,0.8850145956895474,0.9596427966170034,113.0,109.0,0.44313725490196076
7392,1.0,0.0,7502.0,0.8865207287805337,0.9574175196616168,113.0,110.0,0.44313725490196076
7393,1.0,0.0,7503.0,0.8875509902332133,0.9584477811142964,113.0,110.0,0.44313725490196076
7394,1.0,0.0,7504.0,0.8883762265607805,0.9592730174418637,114.0,110.0,0.4470588235294118
7395,1.0,0.0,7505.0,0.8889122607822215,0.9598090516633047,114.0,110.0,0.4470588235294118
7396,1.0,0.0,7506.0,0.8891605035139083,0.9600572943949914,114.0,110.0,0.4470588235294118
7397,1.0,0.0,7507.0,0.8891216080261876,0.9600183989072707,114.0,110.0,0.4470588235294118
7398,1.0,0.0,7508.0,0.88870457864087,0.9596013695219532,114.0,110.0,0.4470588235294118
7399,1.0,0.0,7509.0,0.888085559889408,0.9589823507704911,114.0,110.0,0.4470588235294118
7400,1.0,0.0,7510.0,0.8871765741195263,0.9580733650006095,114.0,110.0,0.4470588235294118
7401,1.0,0.0,7510.0,0.8858843359417674,0.9605125368692233,114.0,109.0,0.4470588235294118
7402,1.0,0.0,7511.0,0.8843874705655839,0.9590156714930398,113.0,109.0,0.44313725490196076
7403,1.0,0.0,7512.0,0.8825911455499228,0.9572193464773788,112.0,109.0,0.4392156862745098
7404,1.0,0.0,7512.0,0.8803949565430138,0.9589509575192833,110.0,108.0,0.43137254901960786
7405,1.0,0.0,7512.0,0.8778840174217443,0.9605745447651858,110.0,107.0,0.43137254901960786
7406,1.0,0.0,7513.0,0.8751577339481789,0.9578482612916204,109.0,107.0,0.42745098039215684
7407,1.0,0.0,7513.0,0.872002205373765,0.9590448657352825,109.0,106.0,0.42745098039215684
7408,1.0,0.0,7513.0,0.8685098404977034,0.960133693509827,108.0,105.0,0.4235294117647059
7409,1.0,0.0,7514.0,0.86478891536433,0.9564127683764536,107.0,105.0,0.4196078431372549
7410,1.0,0.0,7514.0,0.8606005784328689,0.9570467394982621,107.0,104.0,0.4196078431372549
7411,1.0,0.0,7514.0,0.8560454009183363,0.9575676757240134,107.0,103.0,0.4196078431372549
7412,1.0,0.0,7514.0,0.8511113955114837,0.9579769479385123,107.0,102.0,0.4196078431372549
7413,1.0,0.0,7514.0,0.845785577987556,0.9582756331739019,107.0,101.0,0.4196078431372549
7414,1.0,0.0,7514.0,0.8400539330372798,0.9584645174439597,107.0,100.0,0.4196078431372549
7415,1.0,0.0,7514.0,0.8339013773844701,0.9585440978125541,107.0,99.0,0.4196078431372549
7416,1.0,0.0,7514.0,0.8273117200931985,0.9585145837017081,107.0,98.0,0.4196078431372549
7417,0.0,0.0,7514.0,0.8202676199600669,0.9583758974427086,107.0,97.0,0.4196078431372549
7418,1.0,0.0,7514.0,0.8153821188268302,0.9607592530190845,108.0,96.0,0.4235294117647059
7419,0.0,0.0,7515.0,0.8101971621054624,0.9555742962977167,108.0,96.0,0.4235294117647059
7420,0.0,0.0,7515.0,0.8069672412849007,0.9599958035925369,108.0,95.0,0.4235294117647059
7421,1.0,0.0,7516.0,0.806057108932217,0.9590856712398532,109.0,95.0,0.42745098039215684
7422,1.0,0.0,7517.0,0.8046464100736326,0.9576749723812688,109.0,95.0,0.42745098039215684
7423,0.0,0.0,7518.0,0.80273143234373,0.9557599946513662,109.0,95.0,0.42745098039215684
7424,1.0,0.0,7519.0,0.8029387152747989,0.955967277582435,110.0,95.0,0.43137254901960786
7425,0.0,0.0,7520.0,0.8026372254008685,0.9556657877085046,110.0,95.0,0.43137254901960786
7426,1.0,0.0,7521.0,0.8044577482749018,0.957486310582538,110.0,95.0,0.43137254901960786
7427,0.0,0.0,7522.0,0.8057734957991993,0.9588020581068355,110.0,95.0,0.43137254901960786
7428,1.0,0.0,7524.0,0.8094058903558865,0.9547830245481408,111.0,96.0,0.43529411764705883
7429,1.0,0.0,7525.0,0.8123596595719331,0.9577367937641874,111.0,96.0,0.43529411764705883
7430,0.0,0.0,7526.0,0.814828957465496,0.9602060916577504,112.0,96.0,0.4392156862745098
7431,0.0,0.0,7528.0,0.8194518611362949,0.9575601386189365,112.0,97.0,0.4392156862745098
7432,1.0,0.0,7530.0,0.8263994258727398,0.9576022894812494,113.0,98.0,0.44313725490196076
7433,1.0,0.0,7532.0,0.8328901469930605,0.9575328674211445,113.0,99.0,0.44313725490196076
7434,1.0,0.0,7534.0,0.8389411053423101,0.95735168974899,114.0,100.0,0.4470588235294118
7435,1.0,0.0,7536.0,0.8445682244950923,0.9570582796814381,114.0,101.0,0.4470588235294118
7436,1.0,0.0,7538.0,0.8497863126597036,0.9566518650867322,114.0,102.0,0.4470588235294118
7437,1.0,0.0,7540.0,0.8546091016471038,0.9561313764527809,115.0,103.0,0.45098039215686275
7438,1.0,0.0,7541.0,0.8589256340828164,0.9604479088884935,115.0,103.0,0.45098039215686275
7439,1.0,0.0,7543.0,0.8630010749497397,0.9594472360151329,116.0,104.0,0.4549019607843137
7440,1.0,0.0,7545.0,0.8667159923296883,0.9583398453418119,116.0,105.0,0.4549019607843137
7441,1.0,0.0,7547.0,0.8699685691667214,0.9570112295282388,116.0,106.0,0.4549019607843137
7442,1.0,0.0,7548.0,0.8727673648735677,0.9598100252350851,117.0,106.0,0.4588235294117647
7443,1.0,0.0,7550.0,0.8754489445073009,0.9581394718507424,117.0,107.0,0.4588235294117647
7444,0.0,0.0,7551.0,0.8777020453837627,0.9603925727272042,117.0,107.0,0.4588235294117647
7445,1.0,0.0,7553.0,0.8823709019815125,0.9609269029577819,118.0,108.0,0.4627450980392157
7446,1.0,0.0,7556.0,0.8868211016429615,0.9577178925240446,118.0,110.0,0.4627450980392157
7447,1.0,0.0,7558.0,0.8908777849175313,0.9582297362545603,118.0,111.0,0.4627450980392157
7448,1.0,0.0,7560.0,0.8946473044682002,0.9586316582383777,118.0,112.0,0.4627450980392157
7449,1.0,0.0,7562.0,0.898139580083259,0.9589247161649277,118.0,113.0,0.4627450980392157
7450,1.0,0.0,7564.0,0.9013638019616947,0.95910968123928,118.0,114.0,0.4627450980392157
7451,1.0,0.0,7566.0,0.9043284548979245,0.9591870402116305,118.0,115.0,0.4627450980392157
7452,1.0,0.0,7568.0,0.9069710090905683,0.959086665138589,117.0,116.0,0.4588235294117647
7453,1.0,0.0,7570.0,0.9094355650928914,0.958945438338511,117.0,117.0,0.4588235294117647
7454,1.0,0.0,7572.0,0.9116617936349325,0.9586961732182712,116.0,118.0,0.4549019607843137
7455,1.0,0.0,7573.0,0.913598267750542,0.9606326473338807,116.0,118.0,0.4549019607843137
7456,1.0,0.0,7575.0,0.915367669373193,0.9600503299773647,117.0,119.0,0.4588235294117647
7457,1.0,0.0,7577.0,0.9169143543362999,0.959362881910263,117.0,120.0,0.4588235294117647
7458,1.0,0.0,7578.0,0.918190692733712,0.9606392203076751,117.0,120.0,0.4588235294117647
7459,1.0,0.0,7580.0,0.9193061646696208,0.9596322658648858,117.0,121.0,0.4588235294117647
7460,0.0,0.0,7581.0,0.9201601692840411,0.9604862704793061,117.0,121.0,0.4588235294117647
7461,1.0,0.0,7584.0,0.9234873481578937,0.9598816544866203,117.0,123.0,0.4588235294117647
7462,1.0,0.0,7587.0,0.9266038399351433,0.9594497013968191,116.0,125.0,0.4549019607843137
7463,1.0,0.0,7589.0,0.9295271839227485,0.9607307523113404,116.0,126.0,0.4549019607843137
7464,1.0,0.0,7592.0,0.9323011772600116,0.9604623977307158,115.0,128.0,0.45098039215686275
7465,1.0,0.0,7595.0,0.934891595430726,0.9603070969055366,112.0,130.0,0.4392156862745098
7466,1.0,0.0,7598.0,0.9373057838108765,0.960243273891893,105.0,132.0,0.4117647058823529
7467,1.0,0.0,7601.0,0.9395226357998128,0.9602237205979303,105.0,134.0,0.4117647058823529
7468,1.0,0.0,7604.0,0.9416028922127011,0.9602856212430021,105.0,136.0,0.4117647058823529
7469,1.0,0.0,7607.0,0.9435258760420359,0.9603870389918825,105.0,138.0,0.4117647058823529
7470,1.0,0.0,7610.0,0.9452969983800295,0.960514197942266,105.0,140.0,0.4117647058823529
7471,1.0,0.0,7613.0,0.9469212364990671,0.9606547591039857,105.0,142.0,0.4117647058823529
7472,1.0,0.0,7616.0,0.9484031502827627,0.9607976544337017,106.0,144.0,0.41568627450980394
7473,1.0,0.0,7619.0,0.9497468972336607,0.9609329372298832,106.0,146.0,0.41568627450980394
7474,1.0,0.0,7623.0,0.9509685418095799,0.9605591728513411,106.0,149.0,0.41568627450980394
7475,1.0,0.0,7626.0,0.952045686239318,0.9607012307545074,107.0,151.0,0.4196078431372549
7476,1.0,0.0,7629.0,0.9529949691186246,0.960806598043583,107.0,153.0,0.4196078431372549
7477,1.0,0.0,7632.0,0.9538190509941603,0.9608690460989353,108.0,155.0,0.4235294117647059
7478,1.0,0.0,7635.0,0.9545202470989631,0.9608828676810226,108.0,157.0,0.4235294117647059
7479,1.0,0.0,7638.0,0.955100534989302,0.9608428000646108,108.0,159.0,0.4235294117647059
7480,1.0,0.0,7641.0,0.9555615611423576,0.9607439553728236,109.0,161.0,0.42745098039215684
7481,1.0,0.0,7643.0,0.9558986502508746,0.9608219247698174,109.0,162.0,0.42745098039215684
7482,1.0,0.0,7645.0,0.9561196831758414,0.960796793968837,109.0,163.0,0.42745098039215684
7483,1.0,0.0,7646.0,0.9562195451017559,0.9608966558947515,110.0,163.0,0.43137254901960786
7484,1.0,0.0,7647.0,0.9562044951190483,0.9608816059120439,110.0,163.0,0.43137254901960786
7485,1.0,0.0,7647.0,0.9560684973266126,0.9609917718455554,110.0,162.0,0.43137254901960786
7486,1.0,0.0,7647.0,0.9558168903166155,0.9609992845470816,110.0,161.0,0.43137254901960786
7487,1.0,0.0,7647.0,0.9554490119653462,0.9609041637868894,110.0,160.0,0.43137254901960786
7488,1.0,0.0,7647.0,0.9549638941718804,0.9607061592471892,110.0,159.0,0.43137254901960786
7489,1.0,0.0,7646.0,0.9543525109648652,0.9607151315469247,110.0,157.0,0.43137254901960786
7490,1.0,0.0,7645.0,0.9536197781325071,0.9606697732372821,110.0,155.0,0.43137254901960786
7491,1.0,0.0,7643.0,0.9527536202182704,0.9609763875077004,110.0,152.0,0.43137254901960786
7492,1.0,0.0,7642.0,0.9517705854924149,0.960881684982088,110.0,150.0,0.43137254901960786
7493,1.0,0.0,7641.0,0.9506588775832201,0.9607542786798108,109.0,148.0,0.42745098039215684
7494,1.0,0.0,7640.0,0.9494153814887429,0.9606014214849654,109.0,146.0,0.42745098039215684
7495,1.0,0.0,7639.0,0.9480366149286095,0.9604311190795485,109.0,144.0,0.42745098039215684
7496,1.0,0.0,7637.0,0.946501109888694,0.9609574494728187,109.0,141.0,0.42745098039215684
7497,1.0,0.0,7636.0,0.9448379261818327,0.960856030984187,109.0,139.0,0.42745098039215684
7498,1.0,0.0,7635.0,0.9430264960159394,0.9607750885947253,109.0,137.0,0.42745098039215684
7499,1.0,0.0,7634.0,0.9410617193914959,0.9607277499497074,109.0,135.0,0.42745098039215684
7500,1.0,0.0,7633.0,0.9389380567821741,0.9607286723591398,109.0,133.0,0.42745098039215684
7501,1.0,0.0,7632.0,0.9366495106697195,0.9607942370707896,110.0,131.0,0.43137254901960786
7502,1.0,0.0,7631.0,0.9341896054536251,0.9609427649007941,110.0,129.0,0.43137254901960786
7503,0.0,0.0,7631.0,0.9315874697661617,0.9597486902368659,110.0,128.0,0.43137254901960786
7504,1.0,0.0,7632.0,0.9314729841805758,0.95963420465128,110.0,128.0,0.43137254901960786
7505,1.0,0.0,7632.0,0.9311438654204653,0.9607872553896277,110.0,127.0,0.43137254901960786
7506,1.0,0.0,7633.0,0.9306715506523124,0.9603149406214748,110.0,127.0,0.43137254901960786
7507,1.0,0.0,7634.0,0.9300186928137084,0.9596620827828708,110.0,127.0,0.43137254901960786
7508,0.0,0.0,7634.0,0.9291455695115949,0.9603491379001868,110.0,126.0,0.43137254901960786
7509,1.0,0.0,7636.0,0.9307955750502201,0.9604389650193825,110.0,127.0,0.43137254901960786
7510,1.0,0.0,7638.0,0.9322634636810829,0.9604246841517872,109.0,128.0,0.42745098039215684
7511,1.0,0.0,7640.0,0.933553098269001,0.9603062577161701,109.0,129.0,0.42745098039215684
7512,1.0,0.0,7642.0,0.9346678725892061,0.9600833740640168,107.0,130.0,0.4196078431372549
7513,1.0,0.0,7643.0,0.9355797654808928,0.9609952669557035,105.0,130.0,0.4117647058823529
7514,1.0,0.0,7645.0,0.9363547154158842,0.9604994418169543,96.0,131.0,0.3764705882352941
7515,1.0,0.0,7647.0,0.936962177759865,0.9598996678408815,95.0,132.0,0.37254901960784315
7516,1.0,0.0,7648.0,0.9373758144113136,0.9603133044923301,95.0,132.0,0.37254901960784315
7517,1.0,0.0,7649.0,0.937626120926299,0.9605636110073156,95.0,132.0,0.37254901960784315
7518,1.0,0.0,7650.0,0.9377137560061766,0.9606512460871931,95.0,132.0,0.37254901960784315
7519,1.0,0.0,7651.0,0.9376389502695777,0.9605764403505942,95.0,132.0,0.37254901960784315
7520,1.0,0.0,7652.0,0.9373720998207353,0.9603095899017519,95.0,132.0,0.37254901960784315
7521,1.0,0.0,7653.0,0.9369698461468287,0.9599073362278452,95.0,132.0,0.37254901960784315
7522,1.0,0.0,7653.0,0.9363737869603554,0.9605185133614256,95.0,131.0,0.37254901960784315
7523,1.0,0.0,7654.0,0.9356102903711464,0.9597550167722165,96.0,131.0,0.3764705882352941
7524,1.0,0.0,7654.0,0.9346773471776508,0.9600928486524615,96.0,130.0,0.3764705882352941
7525,1.0,0.0,7654.0,0.9335725022662018,0.9603256617133709,96.0,129.0,0.3764705882352941
7526,1.0,0.0,7654.0,0.93229284815019,0.9604540686208942,96.0,128.0,0.3764705882352941
7527,1.0,0.0,7654.0,0.930835017318784,0.9604784072879464,97.0,127.0,0.3803921568627451
7528,0.0,0.0,7654.0,0.9291951733750592,0.9603987417636511,97.0,126.0,0.3803921568627451
7529,1.0,0.0,7656.0,0.9300785888085558,0.9597219787777181,98.0,127.0,0.3843137254901961
7530,1.0,0.0,7657.0,0.9307418963995822,0.9603852863687445,98.0,127.0,0.3843137254901961
7531,1.0,0.0,7658.0,0.9312248460405448,0.9608682360097072,99.0,127.0,0.38823529411764707
7532,1.0,0.0,7660.0,0.93156481278036,0.9597260332510642,99.0,128.0,0.38823529411764707
7533,1.0,0.0,7661.0,0.9316903879998606,0.9598516084705648,100.0,128.0,0.39215686274509803
7534,1.0,0.0,7662.0,0.9316380062889591,0.9597992267596633,100.0,128.0,0.39215686274509803
7535,1.0,0.0,7663.0,0.931407529801048,0.9595687502717523,101.0,128.0,0.396078431372549
7536,1.0,0.0,7663.0,0.9309622478902452,0.9606056378594076,101.0,127.0,0.396078431372549
7537,1.0,0.0,7664.0,0.930373292030531,0.9600166819996934,102.0,127.0,0.4
7538,1.0,0.0,7664.0,0.9295650038631411,0.9607685722517331,102.0,126.0,0.4
7539,1.0,0.0,7665.0,0.9286113650176168,0.9598149334062087,103.0,126.0,0.403921568627451
7540,1.0,0.0,7665.0,0.927431856997077,0.9602777184587528,103.0,125.0,0.403921568627451
7541,1.0,0.0,7665.0,0.9260613801791613,0.9606359711914516,103.0,124.0,0.403921568627451
7542,1.0,0.0,7665.0,0.9244963280459273,0.9608906343746539,104.0,123.0,0.40784313725490196
7543,1.0,0.0,7666.0,0.9227792414062184,0.959173547734945,104.0,123.0,0.40784313725490196
7544,1.0,0.0,7666.0,0.9208146158451604,0.9591244119806621,105.0,122.0,0.4117647058823529
7545,1.0,0.0,7666.0,0.9186416076942212,0.9589677088894862,105.0,121.0,0.4117647058823529
7546,1.0,0.0,7665.0,0.9162000773217011,0.9608827379258728,106.0,119.0,0.41568627450980394
7547,0.0,0.0,7665.0,0.9135897209666071,0.9606241005499457,106.0,118.0,0.41568627450980394
7548,0.0,0.0,7666.0,0.9134438485743864,0.9604782281577251,106.0,118.0,0.41568627450980394
7549,1.0,0.0,7668.0,0.9157017757836772,0.9603844363878489,107.0,119.0,0.4196078431372549
7550,1.0,0.0,7670.0,0.917795151023133,0.9602436785970961,107.0,120.0,0.4196078431372549
7551,1.0,0.0,7672.0,0.9196177765234521,0.9599438777187171,107.0,121.0,0.4196078431372549
7552,1.0,0.0,7674.0,0.921280569986465,0.9595903661219667,108.0,122.0,0.4235294117647059
7553,1.0,0.0,7675.0,0.9226895476876176,0.9609993438231192,108.0,122.0,0.4235294117647059
7554,1.0,0.0,7677.0,0.923944191953304,0.9603384982820307,109.0,123.0,0.42745098039215684
7555,1.0,0.0,7679.0,0.9249986893557096,0.9595732803679999,110.0,124.0,0.43137254901960786
7556,1.0,0.0,7680.0,0.9258137048092017,0.960388295821492,110.0,124.0,0.43137254901960786
7557,1.0,0.0,7682.0,0.92647781956882,0.9593236810304958,111.0,125.0,0.43529411764705883
7558,1.0,0.0,7683.0,0.9269084503313938,0.9597543117930696,111.0,125.0,0.43529411764705883
7559,1.0,0.0,7684.0,0.9271067303357722,0.959952591797448,112.0,125.0,0.4392156862745098
7560,1.0,0.0,7685.0,0.9271552960250942,0.96000115748677,112.0,125.0,0.4392156862745098
7561,1.0,0.0,7686.0,0.9270142706289486,0.9598601320906244,113.0,125.0,0.44313725490196076
7562,1.0,0.0,7687.0,0.9266832830278715,0.9595291444895473,113.0,125.0,0.44313725490196076
7563,1.0,0.0,7687.0,0.9261193521230633,0.9606939431353536,114.0,124.0,0.4470588235294118
7564,1.0,0.0,7688.0,0.9254053248594177,0.9599799158717081,114.0,124.0,0.4470588235294118
7565,1.0,0.0,7688.0,0.9244528857402896,0.9608471920690163,115.0,123.0,0.45098039215686275
7566,1.0,0.0,7689.0,0.9233482977928291,0.9597426041215558,115.0,123.0,0.45098039215686275
7567,0.0,0.0,7689.0,0.9219976684408269,0.9603074645763285,116.0,122.0,0.4549019607843137
7568,1.0,0.0,7691.0,0.9231224638658667,0.9595167701945934,116.0,123.0,0.4549019607843137
7569,1.0,0.0,7692.0,0.9240449499852905,0.9604392563140172,117.0,123.0,0.4588235294117647
7570,1.0,0.0,7694.0,0.9248142137612372,0.9593888047735275,117.0,124.0,0.4588235294117647
7571,1.0,0.0,7695.0,0.9253435101261797,0.95991810113847,118.0,124.0,0.4627450980392157
7572,1.0,0.0,7696.0,0.9256785583640226,0.9602531493763129,118.0,124.0,0.4627450980392157
7573,1.0,0.0,7697.0,0.9258202401806548,0.9603948311929451,118.0,124.0,0.4627450980392157
7574,1.0,0.0,7698.0,0.9257689284229622,0.9603435194352525,119.0,124.0,0.4666666666666667
7575,1.0,0.0,7699.0,0.9255244880600035,0.9600990790722939,119.0,124.0,0.4666666666666667
7576,1.0,0.0,7700.0,0.9250862758276659,0.9596608668399562,120.0,124.0,0.47058823529411764
7577,1.0,0.0,7700.0,0.9244088121371303,0.960803118465857,120.0,123.0,0.47058823529411764
7578,1.0,0.0,7701.0,0.9235790836350963,0.959973389963823,120.0,123.0,0.47058823529411764
7579,1.0,0.0,7701.0,0.9225039210596842,0.9608137171951858,121.0,122.0,0.4745098039215686
7580,1.0,0.0,7702.0,0.9212739365576798,0.9595837326931815,121.0,122.0,0.4745098039215686
7581,1.0,0.0,7702.0,0.9197901188374231,0.9601162200326882,121.0,121.0,0.4745098039215686
7582,1.0,0.0,7702.0,0.9180952224825283,0.9605437500564914,122.0,120.0,0.47843137254901963
7583,1.0,0.0,7702.0,0.9161847872394294,0.9608674478436011,123.0,119.0,0.4823529411764706
7584,0.0,0.0,7703.0,0.9141110711092737,0.9587937317134454,123.0,119.0,0.4823529411764706
7585,0.0,0.0,7704.0,0.9144457747025212,0.9591284353066929,124.0,119.0,0.48627450980392156
7586,1.0,0.0,7706.0,0.9172442000072991,0.9596927275812622,125.0,120.0,0.49019607843137253
7587,1.0,0.0,7708.0,0.9198248468910434,0.9601509480863084,125.0,121.0,0.49019607843137253
7588,1.0,0.0,7710.0,0.9221945065297641,0.9605043026652658,126.0,122.0,0.49411764705882355
7589,1.0,0.0,7712.0,0.9243594148698789,0.9607537211986056,126.0,123.0,0.49411764705882355
7590,1.0,0.0,7714.0,0.9262786096715108,0.9608532006838011,127.0,124.0,0.4980392156862745
7591,1.0,0.0,7716.0,0.9280060171343198,0.9608518785959956,128.0,125.0,0.5019607843137255
7592,1.0,0.0,7718.0,0.9295839713223396,0.9607875397109316,128.0,126.0,0.5019607843137255
7593,1.0,0.0,7720.0,0.9309766201717341,0.9606200101408965,129.0,127.0,0.5058823529411764
7594,1.0,0.0,7722.0,0.9321876285478963,0.9603488490186005,130.0,128.0,0.5098039215686274
7595,1.0,0.0,7724.0,0.9332201833149739,0.959973342762143,130.0,129.0,0.5098039215686274
7596,1.0,0.0,7725.0,0.9340444177461042,0.9607975771932733,131.0,129.0,0.5137254901960784
7597,1.0,0.0,7727.0,0.9347293837778822,0.9601448852526928,132.0,130.0,0.5176470588235295
7598,1.0,0.0,7728.0,0.9352116302526908,0.9606271317275015,132.0,130.0,0.5176470588235295
7599,1.0,0.0,7729.0,0.9355250102164507,0.9609405116912614,133.0,130.0,0.5215686274509804
7600,0.0,0.0,7731.0,0.9357013031307142,0.9598460295317843,134.0,131.0,0.5254901960784314
7601,1.0,0.0,7734.0,0.9383384975433933,0.960129113120359,134.0,133.0,0.5254901960784314
7602,1.0,0.0,7737.0,0.9408371673521063,0.9605031979103179,135.0,135.0,0.5294117647058824
7603,1.0,0.0,7740.0,0.9431763602495215,0.9609249528283074,136.0,137.0,0.5333333333333333
7604,1.0,0.0,7744.0,0.9453626010679488,0.9605798006301853,136.0,140.0,0.5333333333333333
7605,1.0,0.0,7748.0,0.9474157739254425,0.9604626204001151,137.0,143.0,0.5372549019607843
7606,1.0,0.0,7752.0,0.9493079729490961,0.9604940129453186,138.0,146.0,0.5411764705882353
7607,1.0,0.0,7756.0,0.9510617789374493,0.9606524099792104,138.0,149.0,0.5411764705882353
7608,1.0,0.0,7760.0,0.9526738573116136,0.9608966246010436,139.0,152.0,0.5450980392156862
7609,1.0,0.0,7765.0,0.9541762966168366,0.9608737919663729,140.0,156.0,0.5490196078431373
7610,1.0,0.0,7770.0,0.9555444551347005,0.9609996069562438,140.0,160.0,0.5490196078431373
7611,1.0,0.0,7777.0,0.9568168208969193,0.960826858763064,141.0,166.0,0.5529411764705883
7612,1.0,0.0,7784.0,0.9579625005414693,0.9609102468579713,142.0,172.0,0.5568627450980392
7613,1.0,0.0,7793.0,0.9589998147601144,0.960955409892739,142.0,180.0,0.5568627450980392
7614,1.0,1.0,7735.0,0.9591149418952727,0.9994410430905377,143.0,121.0,0.5607843137254902
7615,1.0,1.0,7736.0,0.9599225320483695,1.0002486332436344,144.0,121.0,0.5647058823529412
7616,1.0,1.0,7737.0,0.9606272401870282,1.000953341382293,144.0,121.0,0.5647058823529412
7617,1.0,1.0,7739.0,0.9612800359296005,0.9995898320651022,145.0,122.0,0.5686274509803921
7618,1.0,1.0,7740.0,0.9617842776627943,1.000094073798296,146.0,122.0,0.5725490196078431
7619,1.0,1.0,7741.0,0.9621904074617895,1.0005002035972912,146.0,122.0,0.5725490196078431
7620,1.0,1.0,7742.0,0.9624994940892151,1.0008092902247168,147.0,122.0,0.5764705882352941
7621,1.0,1.0,7744.0,0.9627123509309328,0.9991066572596594,148.0,123.0,0.5803921568627451
7622,1.0,1.0,7745.0,0.9628270823803634,0.99922138870909,149.0,123.0,0.5843137254901961
7623,1.0,1.0,7746.0,0.9628463233307283,0.9992406296594549,149.0,123.0,0.5843137254901961
7624,1.0,1.0,7747.0,0.9627701244161075,0.9991644307448342,150.0,123.0,0.5882352941176471
7625,1.0,1.0,7747.0,0.9625516257459533,1.000861421881455,151.0,122.0,0.592156862745098
7626,1.0,1.0,7748.0,0.9622836938457495,1.0005934899812512,151.0,122.0,0.592156862745098
7627,1.0,1.0,7749.0,0.9619189642644603,1.000228760399962,152.0,122.0,0.596078431372549
7628,1.0,1.0,7750.0,0.9614073620641473,0.9997171581996491,153.0,122.0,0.6
7629,1.0,1.0,7751.0,0.9608433154135696,0.9991531115490713,153.0,122.0,0.6
7630,1.0,1.0,7751.0,0.9601295654890973,1.0004556666843623,154.0,121.0,0.6039215686274509
7631,1.0,1.0,7752.0,0.9593625934982815,0.9996886946935465,153.0,121.0,0.6
7632,1.0,1.0,7779.0,0.9590045667042599,0.9696313047006713,150.0,147.0,0.5882352941176471
7633,1.0,0.0,7806.0,0.9581788212201264,0.9609791802208034,149.0,173.0,0.5843137254901961
7634,1.0,0.0,7801.0,0.9570581460203622,0.9608676819931996,147.0,167.0,0.5764705882352941
7635,1.0,0.0,7797.0,0.9558181850648251,0.9607414595837679,146.0,162.0,0.5725490196078431
7636,1.0,0.0,7793.0,0.9544679781841643,0.9608305987662238,145.0,157.0,0.5686274509803921
7637,1.0,0.0,7790.0,0.9529851667049538,0.9607967956299123,145.0,153.0,0.5686274509803921
7638,1.0,0.0,7787.0,0.9513710944157969,0.9609617254575581,144.0,149.0,0.5647058823529412
7639,1.0,0.0,7785.0,0.9496341382476461,0.9608201782438686,144.0,146.0,0.5647058823529412
7640,1.0,0.0,7783.0,0.9477588925804059,0.9608057390550785,143.0,143.0,0.5607843137254902
7641,1.0,0.0,7781.0,0.945757073493354,0.9609742730555906,142.0,140.0,0.5568627450980392
7642,1.0,0.0,7780.0,0.9436095809113283,0.9604707438611749,141.0,138.0,0.5529411764705883
7643,1.0,0.0,7778.0,0.9412864948972278,0.9609525254554394,139.0,135.0,0.5450980392156862
7644,1.0,0.0,7777.0,0.9388267312883144,0.9606173468652801,140.0,133.0,0.5490196078431373
7645,1.0,0.0,7776.0,0.936201791214442,0.9603465176155122,138.0,131.0,0.5411764705882353
7646,1.0,0.0,7775.0,0.9334043138278373,0.9601574732750063,137.0,129.0,0.5372549019607843
7647,1.0,0.0,7774.0,0.9304264352841449,0.9600698252533073,132.0,127.0,0.5176470588235295
7648,1.0,0.0,7773.0,0.9272597627597643,0.9601056242214401,132.0,125.0,0.5176470588235295
7649,1.0,0.0,7772.0,0.923895346505816,0.9602896528345426,132.0,123.0,0.5176470588235295
7650,1.0,0.0,7771.0,0.9203236498034821,0.9606497509987472,132.0,121.0,0.5176470588235295
7651,1.0,0.0,7771.0,0.9165889378624559,0.959037465436419,132.0,120.0,0.5176470588235295
7652,0.0,0.0,7770.0,0.9125774376640179,0.9596118172473566,132.0,118.0,0.5176470588235295
7653,1.0,0.0,7770.0,0.9110218782275772,0.9605317514731968,131.0,117.0,0.5137254901960784
7654,0.0,0.0,7771.0,0.9092956400355727,0.9588055132811923,126.0,117.0,0.49411764705882355
7655,1.0,0.0,7772.0,0.909965458816643,0.9594753320622627,127.0,117.0,0.4980392156862745
7656,1.0,0.0,7773.0,0.910401518304423,0.9599113915500426,127.0,117.0,0.4980392156862745
7657,1.0,0.0,7774.0,0.9106049660238797,0.9601148392694994,127.0,117.0,0.4980392156862745
7658,1.0,0.0,7775.0,0.9105763373637492,0.9600862106093688,127.0,117.0,0.4980392156862745
7659,1.0,0.0,7776.0,0.910315556985452,0.9598254302310716,128.0,117.0,0.5019607843137255
7660,1.0,0.0,7777.0,0.9098219386248347,0.9593318118704544,128.0,117.0,0.5019607843137255
7661,1.0,0.0,7778.0,0.9090941832862116,0.9586040565318312,128.0,117.0,0.5019607843137255
7662,1.0,0.0,7778.0,0.9080669016274857,0.9601825576755064,128.0,116.0,0.5019607843137255
7663,1.0,0.0,7779.0,0.9068645057061678,0.9589801617541885,127.0,116.0,0.4980392156862745
7664,1.0,0.0,7779.0,0.9053535421823447,0.9602121274960507,126.0,115.0,0.49411764705882355
7665,1.0,0.0,7780.0,0.9036638405523185,0.9585224258660245,121.0,115.0,0.4745098039215686
7666,1.0,0.0,7780.0,0.9016538077695682,0.9593996870471534,118.0,114.0,0.4627450980392157
7667,0.0,0.0,7780.0,0.8993849692177903,0.960170105299459,119.0,113.0,0.4666666666666667
7668,1.0,0.0,7781.0,0.8995608628782289,0.9603459989598976,119.0,113.0,0.4666666666666667
7669,1.0,0.0,7782.0,0.8994763395030081,0.9602614755846768,120.0,113.0,0.47058823529411764
7670,1.0,0.0,7783.0,0.8990532470005499,0.9598383830822186,120.0,113.0,0.47058823529411764
7671,0.0,0.0,7784.0,0.8984424348097364,0.9592275708914051,121.0,113.0,0.4745098039215686
7672,1.0,0.0,7785.0,0.9001998412988729,0.9609849773805416,121.0,113.0,0.4745098039215686
7673,1.0,0.0,7787.0,0.9017725454530704,0.9595184247306556,122.0,114.0,0.47843137254901963
7674,1.0,0.0,7788.0,0.9030164247861958,0.960762304063781,122.0,114.0,0.47843137254901963
7675,1.0,0.0,7790.0,0.9040791173631092,0.9589377026768152,122.0,115.0,0.47843137254901963
7676,1.0,0.0,7791.0,0.9048225716210108,0.9596811569347168,123.0,115.0,0.4823529411764706
7677,1.0,0.0,7792.0,0.9053190755381073,0.9601776608518133,123.0,115.0,0.4823529411764706
7678,1.0,0.0,7793.0,0.9055699357036543,0.9604285210173603,124.0,115.0,0.48627450980392156
7679,1.0,0.0,7794.0,0.9055758122759818,0.9604343975896878,124.0,115.0,0.48627450980392156
7680,1.0,0.0,7795.0,0.905336720719754,0.96019530603346,124.0,115.0,0.48627450980392156
7681,1.0,0.0,7796.0,0.9047817003270324,0.9596402856407384,125.0,115.0,0.49019607843137253
7682,1.0,0.0,7797.0,0.9039761054614872,0.9588346907751932,125.0,115.0,0.49019607843137253
7683,1.0,0.0,7797.0,0.90291781613663,0.9606636954142153,125.0,114.0,0.49019607843137253
7684,0.0,0.0,7798.0,0.9016780805591144,0.9594239598366996,125.0,114.0,0.49019607843137253
7685,1.0,0.0,7799.0,0.9028148836946299,0.9605607629722152,125.0,114.0,0.49019607843137253
7686,1.0,0.0,7801.0,0.9037699697026396,0.9586285550163456,125.0,115.0,0.49019607843137253
7687,1.0,0.0,7802.0,0.9044050038451628,0.9592635891588688,124.0,115.0,0.48627450980392156
7688,1.0,0.0,7803.0,0.9047919887843127,0.9596505740980187,123.0,115.0,0.4823529411764706
7689,1.0,0.0,7804.0,0.9048616113818753,0.9597201966955813,122.0,115.0,0.47843137254901963
7690,1.0,0.0,7805.0,0.904751201318497,0.959609786632203,123.0,115.0,0.4823529411764706
7691,0.0,0.0,7806.0,0.9043936530977279,0.9592522384114339,123.0,115.0,0.4823529411764706
7692,1.0,0.0,7808.0,0.9064864196942174,0.9586020757422381,123.0,116.0,0.4823529411764706
7693,1.0,0.0,7809.0,0.9082696237250124,0.9603852797730331,124.0,116.0,0.48627450980392156
7694,1.0,0.0,7811.0,0.9098782469724193,0.9593881202180389,124.0,117.0,0.48627450980392156
7695,1.0,0.0,7812.0,0.9111894072252134,0.960699280470833,124.0,117.0,0.48627450980392156
7696,1.0,0.0,7814.0,0.9122668553917582,0.9593012349750969,124.0,118.0,0.48627450980392156
7697,1.0,0.0,7815.0,0.9131164418862976,0.9601508214696363,124.0,118.0,0.48627450980392156
7698,1.0,0.0,7816.0,0.913740402462765,0.9607747820461037,124.0,118.0,0.48627450980392156
7699,1.0,0.0,7818.0,0.9141976645849902,0.9588803251891619,124.0,119.0,0.48627450980392156
7700,1.0,0.0,7819.0,0.9143747098985049,0.9590573705026766,123.0,119.0,0.4823529411764706
7701,1.0,0.0,7820.0,0.9143292897743416,0.9590119503785133,122.0,119.0,0.47843137254901963
7702,1.0,0.0,7821.0,0.9140612846858582,0.9587439452900299,119.0,119.0,0.4666666666666667
7703,1.0,0.0,7821.0,0.9135127038941928,0.9605470834775315,119.0,118.0,0.4666666666666667
7704,1.0,0.0,7822.0,0.9127968254415256,0.9598312050248643,119.0,118.0,0.4666666666666667
7705,1.0,0.0,7823.0,0.9118544799748793,0.958888859558218,120.0,118.0,0.47058823529411764
7706,1.0,0.0,7823.0,0.9106228871511168,0.9601327603967365,120.0,117.0,0.47058823529411764
7707,1.0,0.0,7824.0,0.9092195655952734,0.958729438840893,121.0,117.0,0.4745098039215686
7708,1.0,0.0,7824.0,0.9075170476727723,0.959632703720793,121.0,116.0,0.4745098039215686
7709,1.0,0.0,7824.0,0.9055711535599363,0.9604297388736424,122.0,115.0,0.47843137254901963
7710,1.0,0.0,7825.0,0.9034470940024173,0.9583056793161233,122.0,115.0,0.47843137254901963
7711,1.0,0.0,7825.0,0.9010021329065165,0.9587480121841018,123.0,114.0,0.4823529411764706
7712,1.0,0.0,7825.0,0.8982966511077382,0.9590817871894068,123.0,113.0,0.4823529411764706
7713,0.0,0.0,7825.0,0.8953235289171382,0.9593078826873157,124.0,112.0,0.48627450980392156
7714,1.0,0.0,7826.0,0.8947885524991022,0.9587729062692797,124.0,112.0,0.48627450980392156
7715,1.0,0.0,7827.0,0.89398080541194,0.9579651591821176,125.0,112.0,0.49019607843137253
7716,0.0,0.0,7827.0,0.8928161307826398,0.9601680821196688,125.0,111.0,0.49019607843137253
7717,1.0,0.0,7829.0,0.8941693521653205,0.958153705935498,126.0,112.0,0.49411764705882355
7718,1.0,0.0,7830.0,0.8951661421815298,0.9591504959517073,126.0,112.0,0.49411764705882355
7719,1.0,0.0,7831.0,0.895891155185672,0.9598755089558495,127.0,112.0,0.4980392156862745
7720,1.0,0.0,7832.0,0.8962642678839225,0.9602486216541001,127.0,112.0,0.4980392156862745
7721,1.0,0.0,7833.0,0.8964464230362291,0.9604307768064066,128.0,112.0,0.5019607843137255
7722,1.0,0.0,7834.0,0.8963601703366122,0.9603445241067897,128.0,112.0,0.5019607843137255
7723,1.0,0.0,7835.0,0.8960052828042833,0.9599896365744608,129.0,112.0,0.5058823529411764
7724,1.0,0.0,7836.0,0.8953808265246836,0.9593651802948612,129.0,112.0,0.5058823529411764
7725,1.0,0.0,7837.0,0.8944851581918145,0.958469511961992,129.0,112.0,0.5058823529411764
7726,1.0,0.0,7837.0,0.8932338895609648,0.9605858408979938,130.0,111.0,0.5098039215686274
7727,1.0,0.0,7838.0,0.8917880061371517,0.9591399574741807,130.0,111.0,0.5098039215686274
7728,1.0,0.0,7838.0,0.8899753230856541,0.9608721139667372,130.0,110.0,0.5098039215686274
7729,1.0,0.0,7839.0,0.8879639947323401,0.9588607856134232,130.0,110.0,0.5098039215686274
7730,1.0,0.0,7839.0,0.8855714861306562,0.9601996870581122,131.0,109.0,0.5137254901960784
7731,1.0,0.0,7840.0,0.8829735270415712,0.9576017279690272,131.0,109.0,0.5137254901960784
7732,1.0,0.0,7840.0,0.8799767102283217,0.9585327112045912,132.0,108.0,0.5176470588235295
7733,0.0,0.0,7840.0,0.8766640426525151,0.9593545699959566,133.0,107.0,0.5215686274509804
7734,1.0,0.0,7841.0,0.8757643992118618,0.9584549265553033,133.0,107.0,0.5215686274509804
7735,1.0,0.0,7842.0,0.8745431206544906,0.9572336479979321,133.0,107.0,0.5215686274509804
7736,1.0,0.0,7842.0,0.8728909795928668,0.9599336399543842,133.0,106.0,0.5215686274509804
7737,1.0,0.0,7843.0,0.8710159342634285,0.9580585946249459,132.0,106.0,0.5176470588235295
7738,1.0,0.0,7843.0,0.8686954436854578,0.9603192966975814,133.0,105.0,0.5215686274509804
7739,1.0,0.0,7844.0,0.8661468812796169,0.9577707342917405,133.0,105.0,0.5215686274509804
7740,1.0,0.0,7844.0,0.8631344806702019,0.9595806417355952,132.0,104.0,0.5176470588235295
7741,1.0,0.0,7845.0,0.8598855565659409,0.9563317176313342,132.0,104.0,0.5176470588235295
7742,1.0,0.0,7845.0,0.856150443763896,0.9576727185695731,132.0,103.0,0.5176470588235295
7743,1.0,0.0,7845.0,0.8520367794980721,0.9589023319251007,133.0,102.0,0.5215686274509804
7744,0.0,0.0,7845.0,0.8475337383361903,0.9600237935225361,132.0,101.0,0.5176470588235295
7745,1.0,0.0,7846.0,0.8454052671367681,0.9578953223231139,132.0,101.0,0.5176470588235295
7746,1.0,0.0,7847.0,0.8428771785939424,0.9553672337802882,132.0,101.0,0.5176470588235295
7747,1.0,0.0,7847.0,0.8397986018236574,0.9582091862303372,131.0,100.0,0.5137254901960784
7748,1.0,0.0,7847.0,0.8362984424265922,0.9609411628546762,130.0,99.0,0.5098039215686274
7749,1.0,0.0,7848.0,0.832527287816489,0.9571700082445731,130.0,99.0,0.5098039215686274
7750,0.0,0.0,7848.0,0.8281636071011977,0.9593664707097073,130.0,98.0,0.5098039215686274
7751,1.0,0.0,7849.0,0.826147513098829,0.9573503767073385,129.0,98.0,0.5058823529411764
7752,1.0,0.0,7850.0,0.8236823229919581,0.9548851866004676,128.0,98.0,0.5019607843137255
7753,0.0,0.0,7850.0,0.8205933406387008,0.9587016181213425,129.0,97.0,0.5058823529411764
7754,1.0,0.0,7851.0,0.819663814445019,0.9577720919276607,130.0,97.0,0.5098039215686274
7755,1.0,0.0,7852.0,0.8184367812361908,0.9565450587188324,131.0,97.0,0.5137254901960784
7756,1.0,0.0,7853.0,0.8165637412837489,0.9546720187663905,131.0,97.0,0.5137254901960784
7757,1.0,0.0,7853.0,0.8142079743346853,0.9595851085269396,132.0,96.0,0.5176470588235295
7758,1.0,0.0,7854.0,0.811549661943564,0.9569267961358183,133.0,96.0,0.5215686274509804
7759,0.0,0.0,7855.0,0.8084047466572528,0.9537818808495071,134.0,96.0,0.5254901960784314
7760,0.0,0.0,7855.0,0.8072101503889889,0.9602387126966251,134.0,95.0,0.5254901960784314
7761,1.0,0.0,7857.0,0.8085223627643598,0.9538994969566141,135.0,96.0,0.5294117647058824
7762,0.0,0.0,7858.0,0.809153624726481,0.9545307589187353,136.0,96.0,0.5333333333333333
7763,1.0,0.0,7859.0,0.811923557379683,0.9573006915719373,137.0,96.0,0.5372549019607843
7764,1.0,0.0,7860.0,0.8142078710730529,0.9595850052653072,138.0,96.0,0.5411764705882353
7765,1.0,0.0,7862.0,0.8161896390526241,0.9542979165352657,138.0,97.0,0.5411764705882353
7766,0.0,0.0,7863.0,0.8175194867565201,0.9556277642391617,139.0,97.0,0.5450980392156862
7767,0.0,0.0,7864.0,0.821009554625538,0.9591178321081797,140.0,97.0,0.5490196078431373
7768,1.0,0.0,7866.0,0.8268372358483056,0.9580400994568151,141.0,98.0,0.5529411764705883
7769,1.0,0.0,7868.0,0.8322092255864634,0.9568519460145475,142.0,99.0,0.5568627450980392
7770,1.0,0.0,7870.0,0.8371396606551118,0.9555502450617916,140.0,100.0,0.5490196078431373
7771,1.0,0.0,7871.0,0.8413454894223622,0.959756073829042,138.0,100.0,0.5411764705882353
7772,1.0,0.0,7873.0,0.8454298327806884,0.9579198879670342,137.0,101.0,0.5372549019607843
7773,1.0,0.0,7875.0,0.8491074125410689,0.9559729649680975,136.0,102.0,0.5333333333333333
7774,1.0,0.0,7876.0,0.8522577497824071,0.9591233022094356,135.0,102.0,0.5294117647058824
7775,1.0,0.0,7878.0,0.8551562987469321,0.9566785735526092,134.0,103.0,0.5254901960784314
7776,1.0,0.0,7879.0,0.8574198743895663,0.9589421491952435,133.0,103.0,0.5215686274509804
7777,1.0,0.0,7880.0,0.8594383959379024,0.9609606707435795,131.0,103.0,0.5137254901960784
7778,1.0,0.0,7882.0,0.8612171752907518,0.9576633363561451,129.0,104.0,0.5058823529411764
7779,1.0,0.0,7883.0,0.8625132702056191,0.9589594312710124,127.0,104.0,0.4980392156862745
7780,1.0,0.0,7884.0,0.8634537403830393,0.9598999014484326,124.0,104.0,0.48627450980392156
7781,1.0,0.0,7885.0,0.8640410607445319,0.9604872218099252,123.0,104.0,0.4823529411764706
7782,1.0,0.0,7886.0,0.8642767768699953,0.9607229379353885,123.0,104.0,0.4823529411764706
7783,0.0,0.0,7887.0,0.8641615090650228,0.960607670130416,122.0,104.0,0.47843137254901963
7784,1.0,0.0,7889.0,0.8664439994188748,0.9580678524309985,121.0,105.0,0.4745098039215686
7785,1.0,0.0,7890.0,0.8681459669807725,0.9597698199928961,120.0,105.0,0.47058823529411764
7786,1.0,0.0,7892.0,0.8697300098777815,0.9567726702392989,121.0,106.0,0.4745098039215686
7787,1.0,0.0,7893.0,0.8707536303604072,0.9577962907219246,120.0,106.0,0.47058823529411764
7788,1.0,0.0,7894.0,0.8715487219719751,0.9585913823334925,120.0,106.0,0.47058823529411764
7789,1.0,0.0,7895.0,0.8720113635622374,0.9590540239237548,121.0,106.0,0.4745098039215686
7790,1.0,0.0,7896.0,0.8721427726090634,0.9591854329705808,120.0,106.0,0.47058823529411764
7791,1.0,0.0,7897.0,0.8719432949257337,0.9589859552872512,120.0,106.0,0.47058823529411764
7792,1.0,0.0,7898.0,0.8714124055709768,0.9584550659324942,120.0,106.0,0.47058823529411764
7793,1.0,0.0,7899.0,0.8705487074675431,0.9575913678290605,118.0,106.0,0.4627450980392157
7794,1.0,0.0,7899.0,0.8692383345713774,0.9608621875835011,118.0,105.0,0.4627450980392157
7795,1.0,0.0,7900.0,0.8677013185075673,0.9593251715196909,118.0,105.0,0.4627450980392157
7796,0.0,0.0,7901.0,0.8657045548644676,0.9573284078765912,118.0,105.0,0.4627450980392157
7797,0.0,0.0,7902.0,0.8661034275808108,0.9577272805929344,116.0,105.0,0.4549019607843137
7798,1.0,0.0,7903.0,0.8687873931673306,0.9604112461794542,116.0,105.0,0.4549019607843137
7799,1.0,0.0,7905.0,0.8711319357439911,0.9581745961055085,116.0,106.0,0.4549019607843137
7800,1.0,0.0,7906.0,0.8731373518357672,0.9601800121972847,117.0,106.0,0.4588235294117647
7801,1.0,0.0,7908.0,0.8749205120077368,0.9576110393511783,116.0,107.0,0.4549019607843137
7802,1.0,0.0,7909.0,0.8762738028105939,0.9589643301540354,116.0,107.0,0.4549019607843137
7803,1.0,0.0,7910.0,0.877306799032519,0.9599973263759605,116.0,107.0,0.4549019607843137
7804,0.0,0.0,7911.0,0.8780222190846224,0.9607127464280639,116.0,107.0,0.4549019607843137
7805,1.0,0.0,7913.0,0.8811542374203849,0.9597102383966544,116.0,108.0,0.4549019607843137
7806,1.0,0.0,7915.0,0.8839735037493588,0.9586017046768147,115.0,109.0,0.45098039215686275
7807,1.0,0.0,7916.0,0.886300866691144,0.9609290676186,116.0,109.0,0.4549019607843137
7808,1.0,0.0,7918.0,0.8885155918896983,0.9594123827707814,116.0,110.0,0.4549019607843137
7809,1.0,0.0,7920.0,0.8904369370669097,0.9577888884039387,116.0,111.0,0.4549019607843137
7810,1.0,0.0,7921.0,0.891987927171515,0.959339878508544,117.0,111.0,0.4588235294117647
7811,1.0,0.0,7922.0,0.8932589924119809,0.9606109437490099,117.0,111.0,0.4588235294117647
7812,1.0,0.0,7924.0,0.8943355089196179,0.9583198626897954,117.0,112.0,0.4588235294117647
7813,0.0,0.0,7925.0,0.8950560313154001,0.9590403850855777,118.0,112.0,0.4627450980392157
7814,1.0,0.0,7927.0,0.898131964319907,0.9589171004015757,118.0,113.0,0.4627450980392157
7815,1.0,0.0,7929.0,0.9010177532079517,0.958763632485537,118.0,114.0,0.4627450980392157
7816,1.0,0.0,7931.0,0.9036430624991751,0.9585016478128812,118.0,115.0,0.4627450980392157
7817,1.0,0.0,7932.0,0.905947985958587,0.9608065712722931,119.0,115.0,0.4666666666666667
7818,1.0,0.0,7934.0,0.9080757356375232,0.9601913916855439,119.0,116.0,0.4666666666666667
7819,1.0,0.0,7936.0,0.9099615793576104,0.95947145260323,119.0,117.0,0.4666666666666667
7820,1.0,0.0,7937.0,0.9114867051823671,0.9609965784279867,119.0,117.0,0.4666666666666667
7821,1.0,0.0,7939.0,0.9129026759670333,0.959937055550372,118.0,118.0,0.4627450980392157
7822,1.0,0.0,7941.0,0.9140321578050892,0.9587148184092609,118.0,119.0,0.4627450980392157
7823,1.0,0.0,7942.0,0.9149354084794744,0.9596180690836461,117.0,119.0,0.4588235294117647
7824,1.0,0.0,7943.0,0.9156176692387634,0.9603003298429351,115.0,119.0,0.45098039215686275
7825,1.0,0.0,7944.0,0.9160807355060068,0.9607633961101785,112.0,119.0,0.4392156862745098
7826,1.0,0.0,7946.0,0.9163802470658421,0.9588287746398052,112.0,120.0,0.4392156862745098
7827,1.0,0.0,7947.0,0.9164080065145344,0.9588565340884975,111.0,120.0,0.43529411764705883
7828,1.0,0.0,7947.0,0.9161640869032641,0.9608467475074358,112.0,119.0,0.4392156862745098
7829,1.0,0.0,7948.0,0.915756831930368,0.9604394925345398,112.0,119.0,0.4392156862745098
7830,1.0,0.0,7949.0,0.915130748683036,0.9598134092872077,112.0,119.0,0.4392156862745098
7831,1.0,0.0,7950.0,0.9142841895737751,0.9589668501779468,112.0,119.0,0.4392156862745098
7832,0.0,0.0,7950.0,0.9131576413531424,0.960192020936481,112.0,118.0,0.4392156862745098
7833,1.0,0.0,7952.0,0.9145517255060817,0.9592343861102534,112.0,119.0,0.4392156862745098
7834,1.0,0.0,7953.0,0.9156092391272633,0.960291899731435,112.0,119.0,0.4392156862745098
7835,1.0,0.0,7955.0,0.9165563784502904,0.9590049060242535,112.0,120.0,0.4392156862745098
7836,1.0,0.0,7956.0,0.9172322291658175,0.9596807567397806,112.0,120.0,0.4392156862745098
7837,1.0,0.0,7957.0,0.917638569828359,0.9600870974023221,111.0,120.0,0.43529411764705883
7838,1.0,0.0,7958.0,0.917828169885186,0.9602766974591491,110.0,120.0,0.43137254901960786
7839,1.0,0.0,7959.0,0.9178559494730134,0.9603044770469765,109.0,120.0,0.42745098039215684
7840,1.0,0.0,7960.0,0.9176702815662823,0.9601188091402454,107.0,120.0,0.4196078431372549
7841,1.0,0.0,7961.0,0.9172706775652381,0.9597192051392012,107.0,120.0,0.4196078431372549
7842,1.0,0.0,7962.0,0.916601664691207,0.9590501922651701,106.0,120.0,0.41568627450980394
7843,1.0,0.0,7962.0,0.9157131825137315,0.9603958431179032,105.0,119.0,0.4117647058823529
7844,1.0,0.0,7963.0,0.9146601783841317,0.9593428389883034,104.0,119.0,0.40784313725490196
7845,1.0,0.0,7963.0,0.913328174587398,0.9603625541707367,101.0,118.0,0.396078431372549
7846,1.0,0.0,7964.0,0.9118283875262239,0.9588627671095625,101.0,118.0,0.396078431372549
7847,1.0,0.0,7964.0,0.9100392844435949,0.9595491576892146,99.0,117.0,0.38823529411764707
7848,1.0,0.0,7964.0,0.908013442635818,0.9601290986838387,98.0,116.0,0.3843137254901961
7849,1.0,0.0,7964.0,0.9057455309402405,0.9606041162539465,98.0,115.0,0.3843137254901961
7850,1.0,0.0,7964.0,0.9032295811681896,0.9609754604457749,97.0,114.0,0.3803921568627451
7851,0.0,0.0,7965.0,0.900533005577774,0.9582788848553593,97.0,114.0,0.3803921568627451
7852,1.0,0.0,7965.0,0.9001359221666145,0.9609210582482832,97.0,113.0,0.3803921568627451
7853,0.0,0.0,7966.0,0.8995539682122733,0.960339104293942,96.0,113.0,0.3764705882352941
7854,1.0,0.0,7968.0,0.9014171912043446,0.9591630704819298,96.0,114.0,0.3764705882352941
7855,1.0,0.0,7969.0,0.9029506542325837,0.9606965335101689,95.0,114.0,0.37254901960784315
7856,1.0,0.0,7971.0,0.9042287242456455,0.9590873095593515,96.0,115.0,0.3764705882352941
7857,1.0,0.0,7972.0,0.905258281161651,0.960116866475357,96.0,115.0,0.3764705882352941
7858,1.0,0.0,7973.0,0.9060420343409057,0.9609006196546117,96.0,115.0,0.3764705882352941
7859,1.0,0.0,7975.0,0.9066488612354273,0.958764517283448,96.0,116.0,0.3764705882352941
7860,1.0,0.0,7976.0,0.9069465530419947,0.9590622090900154,96.0,116.0,0.3764705882352941
7861,1.0,0.0,7977.0,0.9070027081037495,0.9591183641517702,97.0,116.0,0.3803921568627451
7862,1.0,0.0,7978.0,0.9068174741971706,0.9589331302451913,97.0,116.0,0.3803921568627451
7863,1.0,0.0,7979.0,0.9063903638646089,0.9585060199126296,97.0,116.0,0.3803921568627451
7864,1.0,0.0,7979.0,0.9056534381878538,0.9605120235015598,97.0,115.0,0.3803921568627451
7865,1.0,0.0,7980.0,0.9046682320852772,0.9595268173989833,98.0,115.0,0.3843137254901961
7866,1.0,0.0,7981.0,0.9035024844288739,0.95836106974258,98.0,115.0,0.3843137254901961
7867,1.0,0.0,7981.0,0.9020159809983689,0.9597618602759541,99.0,114.0,0.38823529411764707
7868,1.0,0.0,7982.0,0.9003456580648417,0.9580915373424269,99.0,114.0,0.38823529411764707
7869,1.0,0.0,7982.0,0.8983427553434309,0.9591278914250996,100.0,113.0,0.39215686274509803
7870,1.0,0.0,7982.0,0.8960723335571346,0.9600566873273121,100.0,112.0,0.39215686274509803
7871,0.0,0.0,7982.0,0.8935284179117782,0.9608803692488072,100.0,111.0,0.39215686274509803
7872,1.0,0.0,7983.0,0.8934222414954339,0.9607741928324629,101.0,111.0,0.396078431372549
7873,1.0,0.0,7984.0,0.8930399147263295,0.9603918660633585,101.0,111.0,0.396078431372549
7874,1.0,0.0,7985.0,0.8923804314813881,0.9597323828184171,102.0,111.0,0.4
7875,1.0,0.0,7986.0,0.8914420562783862,0.9587940076154152,102.0,111.0,0.4
7876,1.0,0.0,7987.0,0.890222319708895,0.957574271045924,102.0,111.0,0.4
7877,1.0,0.0,7987.0,0.8886316632842765,0.9595284541653596,103.0,110.0,0.403921568627451
7878,1.0,0.0,7988.0,0.8868388256109959,0.9577356164920791,103.0,110.0,0.403921568627451
7879,0.0,0.0,7988.0,0.8846618467179733,0.9592900476454294,103.0,109.0,0.403921568627451
7880,1.0,0.0,7989.0,0.8849086024969901,0.959536803424446,103.0,109.0,0.403921568627451
7881,1.0,0.0,7990.0,0.8848572700363486,0.9594854709638045,104.0,109.0,0.40784313725490196
7882,1.0,0.0,7991.0,0.8844120370699498,0.9590402379974057,104.0,109.0,0.40784313725490196
7883,1.0,0.0,7992.0,0.8837583024344111,0.958386503361867,104.0,109.0,0.40784313725490196
7884,1.0,0.0,7993.0,0.8827077752731103,0.9573359762005662,104.0,109.0,0.40784313725490196
7885,1.0,0.0,7993.0,0.8813485843625282,0.9599045853387976,104.0,108.0,0.40784313725490196
7886,1.0,0.0,7994.0,0.8797778657062434,0.9583338666825129,104.0,108.0,0.40784313725490196
7887,1.0,0.0,7994.0,0.8777950958316671,0.9604856231751087,104.0,107.0,0.40784313725490196
7888,1.0,0.0,7995.0,0.8754907341040163,0.9581812614474579,105.0,107.0,0.4117647058823529
7889,1.0,0.0,7995.0,0.8728587164134817,0.9599013767749991,105.0,106.0,0.4117647058823529
7890,0.0,0.0,7996.0,0.8700037095520288,0.9570463699135462,105.0,106.0,0.4117647058823529
7891,1.0,0.0,7996.0,0.8693321726401713,0.9609560256522949,106.0,105.0,0.41568627450980394
7892,1.0,0.0,7997.0,0.8684342395029558,0.9600580925150795,106.0,105.0,0.41568627450980394
7893,0.0,0.0,7998.0,0.867195954004133,0.9588198070162566,106.0,105.0,0.41568627450980394
7894,1.0,0.0,7999.0,0.8682456364450215,0.9598694894571451,106.0,105.0,0.41568627450980394
7895,1.0,0.0,8000.0,0.8689544702004659,0.9605783232125895,106.0,105.0,0.41568627450980394
7896,1.0,0.0,8001.0,0.8693243206224541,0.9609481736345777,106.0,105.0,0.41568627450980394
7897,1.0,0.0,8002.0,0.8693561610015703,0.9609800140136939,106.0,105.0,0.41568627450980394
7898,1.0,0.0,8003.0,0.8690500751282857,0.9606739281404093,106.0,105.0,0.41568627450980394
7899,1.0,0.0,8004.0,0.8684052575134605,0.9600291105255842,105.0,105.0,0.4117647058823529
7900,1.0,0.0,8005.0,0.8674200112686343,0.9590438642807579,105.0,105.0,0.4117647058823529
7901,0.0,0.0,8006.0,0.8660917436405313,0.9577155966526549,105.0,105.0,0.4117647058823529
7902,1.0,0.0,8007.0,0.8670485381353934,0.958672391147517,105.0,105.0,0.4117647058823529
7903,1.0,0.0,8008.0,0.867661333686102,0.9592851866982256,105.0,105.0,0.4117647058823529
7904,1.0,0.0,8009.0,0.8679317429125268,0.9595555959246505,106.0,105.0,0.41568627450980394
7905,0.0,0.0,8010.0,0.8678604774178958,0.9594843304300195,106.0,105.0,0.41568627450980394
7906,1.0,0.0,8012.0,0.8701905217631116,0.957233182124629,106.0,106.0,0.41568627450980394
7907,1.0,0.0,8013.0,0.8720729487216359,0.9591156090831533,107.0,106.0,0.4196078431372549
7908,1.0,0.0,8014.0,0.8736243052029329,0.9606669655644503,107.0,106.0,0.4196078431372549
7909,1.0,0.0,8016.0,0.8749546872206524,0.9576452145640939,107.0,107.0,0.4196078431372549
7910,1.0,0.0,8017.0,0.8758552898040302,0.9585458171474717,107.0,107.0,0.4196078431372549
7911,1.0,0.0,8018.0,0.8764344964564588,0.9591250237999003,107.0,107.0,0.4196078431372549
7912,1.0,0.0,8019.0,0.876693831405971,0.9593843587494125,108.0,107.0,0.4235294117647059
7913,1.0,0.0,8020.0,0.8766339771129603,0.9593245044564018,108.0,107.0,0.4235294117647059
7914,1.0,0.0,8021.0,0.876148762569535,0.9588392899129765,109.0,107.0,0.42745098039215684
7915,1.0,0.0,8022.0,0.875443637213676,0.9581341645571175,109.0,107.0,0.42745098039215684
7916,0.0,0.0,8023.0,0.8744160326305779,0.9571065599740194,109.0,107.0,0.42745098039215684
7917,1.0,0.0,8024.0,0.8756948235450213,0.9583853508884628,110.0,107.0,0.43137254901960786
7918,1.0,0.0,8025.0,0.8766517962488867,0.9593423235923282,110.0,107.0,0.43137254901960786
7919,1.0,0.0,8026.0,0.8772894690913944,0.9599799964348359,111.0,107.0,0.43529411764705883
7920,1.0,0.0,8027.0,0.8776095201589725,0.960300047502414,111.0,107.0,0.43529411764705883
7921,1.0,0.0,8028.0,0.8776127916912724,0.9603033190347139,111.0,107.0,0.43529411764705883
7922,1.0,0.0,8029.0,0.8772992922975895,0.959989819641031,111.0,107.0,0.43529411764705883
7923,1.0,0.0,8030.0,0.8766681969795195,0.959358724322961,112.0,107.0,0.4392156862745098
7924,1.0,0.0,8031.0,0.8757178449599095,0.958408372303351,112.0,107.0,0.4392156862745098
7925,1.0,0.0,8032.0,0.874445735312392,0.9571362626558335,112.0,107.0,0.4392156862745098
7926,0.0,0.0,8032.0,0.872742506883406,0.9597851672449235,113.0,106.0,0.44313725490196076
7927,1.0,0.0,8033.0,0.8734475624163174,0.9604902227778348,113.0,106.0,0.44313725490196076
7928,1.0,0.0,8034.0,0.8738251648764609,0.9608678252379783,114.0,106.0,0.4470588235294118
7929,1.0,0.0,8035.0,0.8738763079545212,0.9609189683160386,114.0,106.0,0.4470588235294118
7930,1.0,0.0,8036.0,0.8736011262375458,0.9606437865990632,115.0,106.0,0.45098039215686275
7931,1.0,0.0,8037.0,0.8729988955631214,0.9600415559246388,115.0,106.0,0.45098039215686275
7932,1.0,0.0,8038.0,0.8720680311136839,0.9591106914752013,115.0,106.0,0.45098039215686275
7933,1.0,0.0,8039.0,0.8708060832459451,0.9578487436074625,116.0,106.0,0.4549019607843137
7934,1.0,0.0,8039.0,0.8690981378901543,0.960721990902278,116.0,105.0,0.4549019607843137
7935,1.0,0.0,8040.0,0.8670457139498637,0.9586695669619874,117.0,105.0,0.4588235294117647
7936,1.0,0.0,8041.0,0.864760876787662,0.9563847297997856,117.0,105.0,0.4588235294117647
7937,0.0,0.0,8041.0,0.8620085540416444,0.9584547151070377,117.0,104.0,0.4588235294117647
7938,1.0,0.0,8042.0,0.8616483237833372,0.9580944848487305,118.0,104.0,0.4627450980392157
7939,1.0,0.0,8043.0,0.8609301926127872,0.9573763536781805,118.0,104.0,0.4627450980392157
7940,1.0,0.0,8044.0,0.8598522707111247,0.956298431776518,119.0,104.0,0.4666666666666667
7941,0.0,0.0,8044.0,0.8582880725173234,0.9598103473230005,119.0,103.0,0.4666666666666667
7942,1.0,0.0,8045.0,0.8591126839085075,0.9606349587141846,119.0,103.0,0.4666666666666667
7943,1.0,0.0,8047.0,0.8596966959672853,0.9561428570326785,119.0,104.0,0.4666666666666667
7944,1.0,0.0,8048.0,0.8597940223267037,0.9562401833920969,119.0,104.0,0.4666666666666667
7945,1.0,0.0,8048.0,0.8594049191087609,0.960927193914438,120.0,103.0,0.47058823529411764
7946,1.0,0.0,8049.0,0.858775985598413,0.96029826040409,120.0,103.0,0.47058823529411764
7947,1.0,0.0,8050.0,0.8577819177830313,0.9593041925887084,119.0,103.0,0.4666666666666667
7948,1.0,0.0,8051.0,0.8564200996946809,0.957942374500358,119.0,103.0,0.4666666666666667
7949,1.0,0.0,8052.0,0.8545567908389791,0.9560790656446562,119.0,103.0,0.4666666666666667
7950,1.0,0.0,8052.0,0.8523107366960114,0.95917628912304,118.0,102.0,0.4627450980392157
7951,1.0,0.0,8053.0,0.8498130337154768,0.9566785861425053,119.0,102.0,0.4666666666666667
7952,1.0,0.0,8053.0,0.8467899451137273,0.9592800003000731,119.0,101.0,0.4666666666666667
7953,0.0,0.0,8054.0,0.8433636721570139,0.9558537273433597,119.0,101.0,0.4666666666666667
7954,1.0,0.0,8054.0,0.8421567772849241,0.960567361691604,120.0,100.0,0.47058823529411764
7955,1.0,0.0,8055.0,0.8406863139524998,0.9590968983591797,120.0,100.0,0.47058823529411764
7956,1.0,0.0,8056.0,0.8388041944999225,0.9572147789066023,120.0,100.0,0.47058823529411764
7957,0.0,0.0,8056.0,0.8363536575397172,0.9609963779678012,120.0,99.0,0.47058823529411764
7958,0.0,0.0,8057.0,0.8362638496167715,0.9609065700448556,120.0,99.0,0.47058823529411764
7959,1.0,0.0,8059.0,0.8385345343944457,0.9569451188011255,120.0,100.0,0.47058823529411764
7960,1.0,0.0,8060.0,0.8402360920326355,0.9586466764393153,120.0,100.0,0.47058823529411764
7961,1.0,0.0,8061.0,0.8415248087561464,0.9599353931628263,120.0,100.0,0.47058823529411764
7962,0.0,0.0,8062.0,0.8424040759247773,0.9608146603314571,119.0,100.0,0.4666666666666667
7963,1.0,0.0,8064.0,0.8456520043663363,0.9581420595526821,118.0,101.0,0.4627450980392157
7964,1.0,0.0,8065.0,0.8483567467535207,0.9608468019398665,114.0,101.0,0.4470588235294118
7965,1.0,0.0,8067.0,0.8508066459674212,0.9576721983944497,113.0,102.0,0.44313725490196076
7966,1.0,0.0,8068.0,0.8527337743291905,0.9595993267562191,113.0,102.0,0.44313725490196076
7967,1.0,0.0,8070.0,0.8544103671103227,0.9559326419159998,114.0,103.0,0.4470588235294118
7968,1.0,0.0,8071.0,0.8555801803541443,0.9571024551598214,114.0,103.0,0.4470588235294118
7969,1.0,0.0,8072.0,0.8563764492791318,0.9578987240848089,114.0,103.0,0.4470588235294118
7970,0.0,0.0,8073.0,0.8568012693298245,0.9583235441355016,115.0,103.0,0.45098039215686275
7971,1.0,0.0,8075.0,0.8596109863255355,0.9560571473909287,115.0,104.0,0.45098039215686275
7972,1.0,0.0,8076.0,0.8619337920701983,0.9583799531355915,115.0,104.0,0.45098039215686275
7973,1.0,0.0,8077.0,0.8638994481349522,0.9603456092003455,115.0,104.0,0.45098039215686275
7974,1.0,0.0,8079.0,0.8656305937771356,0.9572544467892592,116.0,105.0,0.4549019607843137
7975,1.0,0.0,8080.0,0.8668965425644228,0.9585203955765464,116.0,105.0,0.4549019607843137
7976,1.0,0.0,8081.0,0.8678180924192117,0.9594419454313353,116.0,105.0,0.4549019607843137
7977,1.0,0.0,8082.0,0.8683976684726991,0.9600215214848227,116.0,105.0,0.4549019607843137
7978,1.0,0.0,8083.0,0.8686367959250254,0.960260648937149,116.0,105.0,0.4549019607843137
7979,1.0,0.0,8084.0,0.8685361040589604,0.960159957071084,115.0,105.0,0.45098039215686275
7980,0.0,0.0,8085.0,0.8680953278959089,0.9597191809080325,115.0,105.0,0.45098039215686275
7981,1.0,0.0,8087.0,0.8700564796002779,0.9570991399617953,114.0,106.0,0.4470588235294118
7982,1.0,0.0,8088.0,0.8714580680211123,0.9585007283826297,111.0,106.0,0.43529411764705883
7983,1.0,0.0,8089.0,0.8726329813542065,0.959675641715724,111.0,106.0,0.43529411764705883
7984,1.0,0.0,8090.0,0.8734782979801587,0.9605209583416762,111.0,106.0,0.43529411764705883
7985,1.0,0.0,8092.0,0.8741022559130003,0.9567927832564418,111.0,107.0,0.43529411764705883
7986,1.0,0.0,8093.0,0.8742941911712168,0.9569847185146583,111.0,107.0,0.43529411764705883
7987,1.0,0.0,8094.0,0.874160622344187,0.9568511496876285,110.0,107.0,0.43137254901960786
7988,1.0,0.0,8094.0,0.873595184438404,0.9606378447999214,109.0,106.0,0.42745098039215684
7989,1.0,0.0,8095.0,0.8728086954354526,0.95985135579697,109.0,106.0,0.42745098039215684
7990,1.0,0.0,8096.0,0.8716930721308365,0.9587357324923539,109.0,106.0,0.42745098039215684
7991,0.0,0.0,8097.0,0.8702453786737538,0.9572880390352713,109.0,106.0,0.42745098039215684
7992,1.0,0.0,8098.0,0.871093384291949,0.9581360446534665,109.0,106.0,0.42745098039215684
7993,0.0,0.0,8099.0,0.871607741631786,0.9586504019933034,108.0,106.0,0.4235294117647059
7994,1.0,0.0,8101.0,0.874527396709174,0.9572179240526155,107.0,107.0,0.4196078431372549
7995,0.0,0.0,8102.0,0.8769101344069119,0.9596006617503534,106.0,107.0,0.41568627450980394
7996,1.0,0.0,8104.0,0.8818072566714475,0.960363257647717,105.0,108.0,0.4117647058823529
7997,1.0,0.0,8107.0,0.8864842387225504,0.9573810296036336,105.0,110.0,0.4117647058823529
7998,1.0,0.0,8109.0,0.890766817905405,0.958118769242434,105.0,111.0,0.4117647058823529
7999,1.0,0.0,8111.0,0.8947619413459054,0.9587462951160829,105.0,112.0,0.4117647058823529
8000,1.0,0.0,8113.0,0.8984801225267897,0.9592652586084583,105.0,113.0,0.4117647058823529
8001,1.0,0.0,8115.0,0.901931146135376,0.9596770254129612,105.0,114.0,0.4117647058823529
8002,1.0,0.0,8117.0,0.9051240938127396,0.9599826791264456,105.0,115.0,0.4117647058823529
8003,1.0,0.0,8119.0,0.9080673680527684,0.9601830241007892,105.0,116.0,0.4117647058823529
8004,1.0,0.0,8121.0,0.9106384251738686,0.9601482984194882,105.0,117.0,0.4117647058823529
8005,1.0,0.0,8123.0,0.9130980949390667,0.9601324745224054,105.0,118.0,0.4117647058823529
8006,1.0,0.0,8125.0,0.9152687749937749,0.9599514355979466,105.0,119.0,0.4117647058823529
8007,1.0,0.0,8127.0,0.917273763602885,0.9597222911768482,105.0,120.0,0.4117647058823529
8008,1.0,0.0,8129.0,0.9190610515898976,0.9593871527851626,105.0,121.0,0.4117647058823529
8009,1.0,0.0,8130.0,0.9205862272210013,0.9609123284162663,105.0,121.0,0.4117647058823529
8010,1.0,0.0,8132.0,0.9219541193692662,0.9602639155047679,105.0,122.0,0.4117647058823529
8011,1.0,0.0,8134.0,0.9230675124978838,0.9594618188266104,106.0,123.0,0.41568627450980394
8012,1.0,0.0,8135.0,0.9239807846803764,0.960375091009103,106.0,123.0,0.41568627450980394
8013,1.0,0.0,8137.0,0.9247406656633267,0.959315256675617,106.0,124.0,0.41568627450980394
8014,1.0,0.0,8138.0,0.9252603856876465,0.9598349766999368,106.0,124.0,0.41568627450980394
8015,1.0,0.0,8139.0,0.9255856388363441,0.9601602298486345,107.0,124.0,0.4196078431372549
8016,1.0,0.0,8140.0,0.9257172810387584,0.9602918720510487,107.0,124.0,0.4196078431372549
8017,1.0,0.0,8141.0,0.9256556587217377,0.960230249734028,107.0,124.0,0.4196078431372549
8018,1.0,0.0,8142.0,0.9254006097212899,0.9599752007335802,107.0,124.0,0.4196078431372549
8019,1.0,0.0,8143.0,0.9249514628558346,0.959526053868125,107.0,124.0,0.4196078431372549
8020,1.0,0.0,8143.0,0.9242627097612031,0.9606570160899297,107.0,123.0,0.4196078431372549
8021,0.0,0.0,8144.0,0.9234213073751367,0.9598156137038634,107.0,123.0,0.4196078431372549
8022,1.0,0.0,8146.0,0.925056620428198,0.9596312114404884,107.0,124.0,0.4196078431372549
8023,1.0,0.0,8148.0,0.9264947140613335,0.9593405755230093,107.0,125.0,0.4196078431372549
8024,1.0,0.0,8149.0,0.9276993681566155,0.9605452296182913,107.0,125.0,0.4196078431372549
8025,1.0,0.0,8151.0,0.9287558675100538,0.9599594358986457,107.0,126.0,0.4196078431372549
8026,1.0,0.0,8152.0,0.9295868779581937,0.9607904463467857,107.0,126.0,0.4196078431372549
8027,1.0,0.0,8154.0,0.9302725952916071,0.9599159852607695,107.0,127.0,0.4196078431372549
8028,1.0,0.0,8155.0,0.9307387153259268,0.9603821052950892,107.0,127.0,0.4196078431372549
8029,1.0,0.0,8156.0,0.9310244690389362,0.9606678590080986,107.0,127.0,0.4196078431372549
8030,1.0,0.0,8157.0,0.9311306084140907,0.9607739983832531,107.0,127.0,0.4196078431372549
8031,1.0,0.0,8158.0,0.9310574127655353,0.9607008027346977,107.0,127.0,0.4196078431372549
8032,1.0,0.0,8159.0,0.9308046894731422,0.9604480794423046,106.0,127.0,0.41568627450980394
8033,1.0,0.0,8160.0,0.9303337691295015,0.9599771590986639,106.0,127.0,0.41568627450980394
8034,1.0,0.0,8160.0,0.9296795165993594,0.9608830849879514,106.0,126.0,0.41568627450980394
8035,1.0,0.0,8161.0,0.9288802147403887,0.9600837831289807,106.0,126.0,0.41568627450980394
8036,1.0,0.0,8161.0,0.9278557512056732,0.960701612667349,106.0,125.0,0.41568627450980394
8037,1.0,0.0,8162.0,0.9266414343846567,0.9594872958463325,106.0,125.0,0.41568627450980394
8038,1.0,0.0,8162.0,0.9252340687067577,0.959808659719048,106.0,124.0,0.41568627450980394
8039,1.0,0.0,8162.0,0.923629950578087,0.9600242569068136,105.0,123.0,0.4117647058823529
8040,0.0,0.0,8162.0,0.9218248586351482,0.96013465477065,105.0,122.0,0.4117647058823529
8041,1.0,0.0,8163.0,0.922494736706605,0.9608045328421067,104.0,122.0,0.40784313725490196
8042,1.0,0.0,8165.0,0.9230097686821194,0.959404075010846,104.0,123.0,0.40784313725490196
8043,1.0,0.0,8166.0,0.9232778683870111,0.9596721747157377,104.0,123.0,0.40784313725490196
8044,1.0,0.0,8167.0,0.923346400713907,0.9597407070426336,103.0,123.0,0.403921568627451
8045,1.0,0.0,8168.0,0.9231688866439479,0.9595631929726746,103.0,123.0,0.403921568627451
8046,1.0,0.0,8169.0,0.9228358448006664,0.959230151129393,104.0,123.0,0.40784313725490196
8047,1.0,0.0,8169.0,0.922255412992337,0.9605652091278387,104.0,122.0,0.40784313725490196
8048,1.0,0.0,8170.0,0.9215195052888172,0.9598293014243189,103.0,122.0,0.403921568627451
8049,1.0,0.0,8170.0,0.9205304106005483,0.9608565117958133,103.0,121.0,0.403921568627451
8050,1.0,0.0,8171.0,0.9193838855435972,0.9597099867388622,103.0,121.0,0.403921568627451
8051,1.0,0.0,8171.0,0.9179760976937732,0.9604246252677363,103.0,120.0,0.403921568627451
8052,0.0,0.0,8172.0,0.9164068786586568,0.9588554062326199,102.0,120.0,0.4
8053,1.0,0.0,8173.0,0.9172519777321018,0.9597005053060649,101.0,120.0,0.396078431372549
8054,0.0,0.0,8174.0,0.9178820399116702,0.9603305674856333,100.0,120.0,0.39215686274509803
8055,1.0,0.0,8177.0,0.9209766962668883,0.9592864924023901,100.0,122.0,0.39215686274509803
8056,1.0,0.0,8179.0,0.9238633965596508,0.9602577028883774,99.0,123.0,0.38823529411764707
8057,1.0,0.0,8182.0,0.9265497373696756,0.9593955988313514,99.0,125.0,0.38823529411764707
8058,1.0,0.0,8184.0,0.9290384661910074,0.9602420345795993,100.0,126.0,0.39215686274509803
8059,1.0,0.0,8186.0,0.931300449559037,0.9609438395281994,100.0,127.0,0.39215686274509803
8060,1.0,0.0,8189.0,0.9334539479049151,0.9602071073520841,100.0,129.0,0.39215686274509803
8061,1.0,0.0,8191.0,0.9353619220098925,0.9607774234847032,100.0,130.0,0.39215686274509803
8062,1.0,0.0,8194.0,0.937161786924448,0.9600992770054645,100.0,132.0,0.39215686274509803
8063,1.0,0.0,8196.0,0.938735926304381,0.9605265418813467,101.0,133.0,0.396078431372549
8064,1.0,0.0,8198.0,0.9401767811243836,0.9608778659225011,101.0,134.0,0.396078431372549
8065,1.0,0.0,8201.0,0.9414841586377349,0.9601668876680359,101.0,136.0,0.396078431372549
8066,1.0,0.0,8203.0,0.9426123342351798,0.9603609268139657,102.0,137.0,0.4
8067,1.0,0.0,8205.0,0.9435894896595591,0.9604506526094058,102.0,138.0,0.4
8068,1.0,0.0,8207.0,0.9444181963725163,0.9604363011748707,102.0,139.0,0.4
8069,1.0,0.0,8209.0,0.9450800991493928,0.9602972987116294,103.0,140.0,0.403921568627451
8070,1.0,0.0,8210.0,0.9455984513329098,0.9608156508951463,103.0,140.0,0.403921568627451
8071,1.0,0.0,8212.0,0.9459931507764582,0.9604494903605829,103.0,141.0,0.403921568627451
8072,1.0,0.0,8213.0,0.9462281198523135,0.9606844594364382,103.0,141.0,0.403921568627451
8073,1.0,0.0,8214.0,0.9463225106688464,0.9607788502529712,103.0,141.0,0.403921568627451
8074,1.0,0.0,8215.0,0.9462765716229429,0.9607329112070676,104.0,141.0,0.40784313725490196
8075,1.0,0.0,8216.0,0.9460901818223766,0.9605465214065013,104.0,141.0,0.40784313725490196
8076,1.0,0.0,8216.0,0.9457443169989752,0.9609615165612118,104.0,140.0,0.40784313725490196
8077,1.0,0.0,8217.0,0.945275183292621,0.9604923828548575,104.0,140.0,0.40784313725490196
8078,1.0,0.0,8217.0,0.9446435031420233,0.9606616079443776,105.0,139.0,0.4117647058823529
8079,1.0,0.0,8217.0,0.9438661479996944,0.960727310949541,105.0,138.0,0.4117647058823529
8080,1.0,0.0,8217.0,0.9429410721942066,0.9606896647729926,105.0,137.0,0.4117647058823529
8081,1.0,0.0,8217.0,0.9418658413155456,0.9605485703458466,105.0,136.0,0.4117647058823529
8082,1.0,0.0,8217.0,0.9406376258087678,0.9603036563669793,105.0,135.0,0.4117647058823529
8083,1.0,0.0,8217.0,0.9392531935278026,0.9599542783259201,105.0,134.0,0.4117647058823529
8084,1.0,0.0,8216.0,0.9376809645431678,0.9606184546241844,105.0,132.0,0.4117647058823529
8085,1.0,0.0,8216.0,0.9359712779491102,0.9601160043501803,105.0,131.0,0.4117647058823529
8086,1.0,0.0,8215.0,0.9340605107418266,0.9608136701889957,106.0,129.0,0.41568627450980394
8087,1.0,0.0,8215.0,0.9320071733402482,0.9601683938109524,106.0,128.0,0.41568627450980394
8088,0.0,0.0,8214.0,0.9297369031013456,0.9609404714899376,106.0,126.0,0.41568627450980394
8089,1.0,0.0,8216.0,0.9300274219730162,0.9596708119421786,106.0,127.0,0.41568627450980394
8090,1.0,0.0,8217.0,0.9300976983526494,0.9597410883218118,106.0,127.0,0.41568627450980394
8091,1.0,0.0,8218.0,0.9299859215242005,0.9596293114933628,107.0,127.0,0.4196078431372549
8092,1.0,0.0,8218.0,0.9296537929920066,0.9608573613805985,107.0,126.0,0.4196078431372549
8093,1.0,0.0,8219.0,0.9291765474372805,0.9603801158258725,107.0,126.0,0.4196078431372549
8094,1.0,0.0,8220.0,0.9285149246045532,0.9597184929931452,106.0,126.0,0.41568627450980394
8095,1.0,0.0,8220.0,0.9276271788062498,0.9604730402679256,106.0,125.0,0.41568627450980394
8096,1.0,0.0,8221.0,0.9265910882941285,0.9594369497558043,106.0,125.0,0.41568627450980394
8097,1.0,0.0,8221.0,0.9253218118605555,0.9598964028728458,106.0,124.0,0.41568627450980394
8098,1.0,0.0,8221.0,0.9238560138792473,0.960250320207974,106.0,123.0,0.41568627450980394
8099,1.0,0.0,8221.0,0.9221898369870947,0.9604996331225963,106.0,122.0,0.41568627450980394
8100,1.0,0.0,8221.0,0.9203188965080662,0.9606449977033312,107.0,121.0,0.4196078431372549
8101,1.0,0.0,8221.0,0.9182382689145854,0.9606867964885485,107.0,120.0,0.4196078431372549
8102,0.0,0.0,8221.0,0.9159424788708794,0.9606251394750511,107.0,119.0,0.4196078431372549
8103,1.0,0.0,8222.0,0.9161143492338838,0.9607970098380555,108.0,119.0,0.4235294117647059
8104,1.0,0.0,8223.0,0.9160683321574614,0.9607509927616331,108.0,119.0,0.4235294117647059
8105,1.0,0.0,8224.0,0.9157470210817297,0.9604296816859014,109.0,119.0,0.42745098039215684
8106,1.0,0.0,8225.0,0.9152039916404234,0.9598866522445951,110.0,119.0,0.43137254901960786
8107,1.0,0.0,8226.0,0.9144951002710104,0.9591777608751821,110.0,119.0,0.43137254901960786
8108,1.0,0.0,8226.0,0.9135067748183763,0.960541154401715,111.0,118.0,0.43529411764705883
8109,1.0,0.0,8227.0,0.9123511361019095,0.9593855156852482,111.0,118.0,0.43529411764705883
8110,1.0,0.0,8227.0,0.9109075570181349,0.9604174302637545,112.0,117.0,0.4392156862745098
8111,1.0,0.0,8228.0,0.9092295241370394,0.958739397382659,112.0,117.0,0.4392156862745098
8112,1.0,0.0,8228.0,0.9073126215826203,0.959428277630641,113.0,116.0,0.44313725490196076
8113,1.0,0.0,8228.0,0.9051518048744713,0.9600103901881774,113.0,115.0,0.44313725490196076
8114,1.0,0.0,8228.0,0.9027413876528341,0.9604872669304193,114.0,114.0,0.4470588235294118
8115,1.0,0.0,8228.0,0.9000750267144937,0.9608601627961624,114.0,113.0,0.4470588235294118
8116,1.0,0.0,8229.0,0.8971457053201389,0.9579308414018076,115.0,113.0,0.45098039215686275
8117,1.0,0.0,8229.0,0.8939457147292582,0.9579300684994357,115.0,112.0,0.45098039215686275
8118,1.0,0.0,8229.0,0.8904666339139808,0.9578185852510098,116.0,111.0,0.4549019607843137
8119,1.0,0.0,8229.0,0.886699307398477,0.9575960982795602,116.0,110.0,0.4549019607843137
8120,0.0,0.0,8229.0,0.8826338211656007,0.9572620220930568,117.0,109.0,0.4588235294117647
8121,0.0,0.0,8229.0,0.8808910555147393,0.9594470564910088,117.0,108.0,0.4588235294117647
8122,1.0,0.0,8230.0,0.88156713704226,0.9601231380185294,118.0,108.0,0.4627450980392157
8123,1.0,0.0,8231.0,0.8819365887820328,0.9604925897583023,118.0,108.0,0.4627450980392157
8124,0.0,0.0,8232.0,0.8820003829754781,0.9605563839517476,119.0,108.0,0.4666666666666667
8125,1.0,0.0,8234.0,0.884485943630097,0.9591141445575531,119.0,109.0,0.4666666666666667
8126,1.0,0.0,8236.0,0.8866675199258478,0.9575643108069309,120.0,110.0,0.47058823529411764
8127,1.0,0.0,8237.0,0.8884645041974221,0.9593612950785052,120.0,110.0,0.47058823529411764
8128,1.0,0.0,8238.0,0.8899725186724401,0.9608693095535232,121.0,110.0,0.4745098039215686
8129,1.0,0.0,8240.0,0.8912818804656069,0.9586338318026358,121.0,111.0,0.4745098039215686
8130,1.0,0.0,8241.0,0.8922231107214271,0.9595750620584561,121.0,111.0,0.4745098039215686
8131,1.0,0.0,8242.0,0.8927986863616271,0.960150637698656,122.0,111.0,0.47843137254901963
8132,1.0,0.0,8243.0,0.893178501937286,0.960530453274315,122.0,111.0,0.47843137254901963
8133,0.0,0.0,8244.0,0.893281525740295,0.9606334770773239,123.0,111.0,0.4823529411764706
8134,1.0,0.0,8246.0,0.8958216390560754,0.9598059928262529,123.0,112.0,0.4823529411764706
8135,1.0,0.0,8248.0,0.8980096691287813,0.95879480521045,123.0,113.0,0.4823529411764706
8136,1.0,0.0,8249.0,0.8999293035939314,0.9607144396756001,124.0,113.0,0.48627450980392156
8137,1.0,0.0,8251.0,0.9015855941211709,0.9593314733987561,124.0,114.0,0.48627450980392156
8138,1.0,0.0,8252.0,0.9029866010287098,0.960732480306295,124.0,114.0,0.48627450980392156
8139,1.0,0.0,8254.0,0.9042063426964643,0.9590649280101703,124.0,115.0,0.48627450980392156
8140,1.0,0.0,8255.0,0.9051071808487161,0.9599657661624221,124.0,115.0,0.48627450980392156
8141,1.0,0.0,8256.0,0.9057618176318145,0.9606204029455205,124.0,115.0,0.48627450980392156
8142,1.0,0.0,8258.0,0.9062387907177873,0.958354446765808,124.0,116.0,0.48627450980392156
8143,1.0,0.0,8259.0,0.9064055495828647,0.9585212056308854,123.0,116.0,0.4823529411764706
8144,1.0,0.0,8260.0,0.9063293480098165,0.9584450040578372,123.0,116.0,0.4823529411764706
8145,1.0,0.0,8260.0,0.9059431705245358,0.9608017558382418,124.0,115.0,0.48627450980392156
8146,1.0,0.0,8261.0,0.9053798065865841,0.9602383919002901,124.0,115.0,0.48627450980392156
8147,1.0,0.0,8262.0,0.9045709587156316,0.9594295440293377,125.0,115.0,0.49019607843137253
8148,1.0,0.0,8263.0,0.903514498364649,0.958373083678355,125.0,115.0,0.49019607843137253
8149,1.0,0.0,8263.0,0.9021373138551854,0.9598831931327706,125.0,114.0,0.49019607843137253
8150,1.0,0.0,8264.0,0.900576629139691,0.9583225084172763,126.0,114.0,0.49411764705882355
8151,1.0,0.0,8264.0,0.8986839724549316,0.9594691085366003,126.0,113.0,0.49411764705882355
8152,1.0,0.0,8264.0,0.8965246946450534,0.9605090484152309,126.0,112.0,0.49411764705882355
8153,1.0,0.0,8265.0,0.8940931134000305,0.958077467170208,127.0,112.0,0.4980392156862745
8154,1.0,0.0,8265.0,0.89138282982185,0.958734781158879,127.0,111.0,0.4980392156862745
8155,1.0,0.0,8265.0,0.8883867115853057,0.9592835024663888,127.0,110.0,0.4980392156862745
8156,1.0,0.0,8265.0,0.8850968741687227,0.9597250750961788,127.0,109.0,0.4980392156862745
8157,1.0,0.0,8265.0,0.8815046601052157,0.9600606610814851,127.0,108.0,0.4980392156862745
8158,1.0,0.0,8265.0,0.87760061619988,0.9602911435433215,127.0,107.0,0.4980392156862745
8159,1.0,0.0,8265.0,0.8733744686529652,0.9604171290144826,127.0,106.0,0.4980392156862745
8160,0.0,0.0,8265.0,0.8688150960235581,0.9604389490356817,126.0,105.0,0.49411764705882355
8161,1.0,0.0,8266.0,0.8666595453882231,0.9582833984003467,125.0,105.0,0.49019607843137253
8162,0.0,0.0,8266.0,0.8640415056653896,0.9604876667307829,122.0,104.0,0.47843137254901963
8163,1.0,0.0,8267.0,0.8638209083029607,0.9602670693683539,122.0,104.0,0.47843137254901963
8164,1.0,0.0,8268.0,0.8632481273559719,0.9596942884213652,123.0,104.0,0.4823529411764706
8165,1.0,0.0,8269.0,0.8623216555061421,0.9587678165715354,123.0,104.0,0.4823529411764706
8166,1.0,0.0,8270.0,0.8610390546696558,0.9574852157350491,123.0,104.0,0.4823529411764706
8167,1.0,0.0,8270.0,0.8592733006567115,0.9607955754623886,123.0,103.0,0.4823529411764706
8168,0.0,0.0,8271.0,0.8572673699870136,0.9587896447926907,123.0,103.0,0.4823529411764706
8169,1.0,0.0,8272.0,0.8573937571559969,0.958916031961674,122.0,103.0,0.47843137254901963
8170,1.0,0.0,8273.0,0.8571448647385487,0.9586671395442258,121.0,103.0,0.4745098039215686
8171,1.0,0.0,8274.0,0.856650194517194,0.9581724693228711,120.0,103.0,0.47058823529411764
8172,1.0,0.0,8275.0,0.8557847958037502,0.9573070706094273,120.0,103.0,0.47058823529411764
8173,1.0,0.0,8276.0,0.8545463912331817,0.9560686660388588,120.0,103.0,0.47058823529411764
8174,1.0,0.0,8276.0,0.8528015650835209,0.9596671175105495,120.0,102.0,0.47058823529411764
8175,0.0,0.0,8277.0,0.8508063817499445,0.957671934176973,121.0,102.0,0.4745098039215686
8176,1.0,0.0,8278.0,0.8510570129347926,0.9579225653618212,122.0,102.0,0.47843137254901963
8177,1.0,0.0,8279.0,0.8509225392464468,0.9577880916734753,122.0,102.0,0.47843137254901963
8178,1.0,0.0,8280.0,0.8504026068067794,0.9572681592338079,123.0,102.0,0.4823529411764706
8179,1.0,0.0,8281.0,0.8494958473725283,0.9563613997995568,123.0,102.0,0.4823529411764706
8180,1.0,0.0,8281.0,0.84806286761616,0.9605529228025058,124.0,101.0,0.48627450980392156
8181,1.0,0.0,8282.0,0.8463742713203566,0.9588643265067024,125.0,101.0,0.49019607843137253
8182,0.0,0.0,8283.0,0.844288607692159,0.9567786628785048,125.0,101.0,0.49019607843137253
8183,1.0,0.0,8284.0,0.8444319670904405,0.9569220222767864,126.0,101.0,0.49411764705882355
8184,1.0,0.0,8285.0,0.8441731478294074,0.9566632030157532,126.0,101.0,0.49411764705882355
8185,0.0,0.0,8286.0,0.8435114688057409,0.9560015239920867,127.0,101.0,0.4980392156862745
8186,1.0,0.0,8287.0,0.8450767677062208,0.9575668228925666,127.0,101.0,0.4980392156862745
8187,1.0,0.0,8288.0,0.8462415847911116,0.9587316399774574,128.0,101.0,0.5019607843137255
8188,1.0,0.0,8289.0,0.8470089853685316,0.9594990405548774,129.0,101.0,0.5058823529411764
8189,1.0,0.0,8290.0,0.8473809889136843,0.9598710441000301,129.0,101.0,0.5058823529411764
8190,0.0,0.0,8291.0,0.8473585743832674,0.9598486295696133,130.0,101.0,0.5098039215686274
8191,1.0,0.0,8293.0,0.8497102688575395,0.9565758212845681,130.0,102.0,0.5098039215686274
8192,1.0,0.0,8294.0,0.8515363072767599,0.9584018597037884,131.0,102.0,0.5137254901960784
8193,1.0,0.0,8295.0,0.8529785021236862,0.9598440545507148,132.0,102.0,0.5176470588235295
8194,1.0,0.0,8296.0,0.8540406486479153,0.9609062010749438,132.0,102.0,0.5176470588235295
8195,0.0,0.0,8298.0,0.854855698734451,0.9563779735401281,133.0,103.0,0.5215686274509804
8196,1.0,0.0,8299.0,0.8577967201563714,0.9593189949620485,133.0,103.0,0.5215686274509804
8197,1.0,0.0,8301.0,0.8604936791833799,0.9569398402487732,134.0,104.0,0.5254901960784314
8198,1.0,0.0,8302.0,0.8627060498352821,0.9591522109006754,134.0,104.0,0.5254901960784314
8199,1.0,0.0,8304.0,0.8646807695427723,0.9563046225548959,135.0,105.0,0.5294117647058824
8200,1.0,0.0,8305.0,0.8661877928579076,0.9578116458700312,136.0,105.0,0.5333333333333333
8201,1.0,0.0,8306.0,0.8673485521097379,0.9589724051218615,136.0,105.0,0.5333333333333333
8202,1.0,0.0,8307.0,0.8680486354496526,0.9596724884617762,137.0,105.0,0.5372549019607843
8203,1.0,0.0,8308.0,0.8685189448347608,0.9601427978468844,137.0,105.0,0.5372549019607843
8204,1.0,0.0,8309.0,0.8686491247670294,0.960272977779153,138.0,105.0,0.5411764705882353
8205,1.0,0.0,8310.0,0.8684395178252274,0.960063370837351,138.0,105.0,0.5411764705882353
8206,1.0,0.0,8311.0,0.8678895724121398,0.9595134254242634,139.0,105.0,0.5450980392156862
8207,1.0,0.0,8312.0,0.8669978413029951,0.9586216943151187,139.0,105.0,0.5450980392156862
8208,0.0,0.0,8313.0,0.8657619778369798,0.9573858308491034,140.0,105.0,0.5490196078431373
8209,1.0,0.0,8314.0,0.8668103086891835,0.9584341617013071,140.0,105.0,0.5490196078431373
8210,1.0,0.0,8315.0,0.867514013677638,0.9591378666897616,140.0,105.0,0.5490196078431373
8211,1.0,0.0,8316.0,0.8678749446575766,0.9594987976697003,141.0,105.0,0.5529411764705883
8212,1.0,0.0,8317.0,0.867894051447367,0.9595179044594906,141.0,105.0,0.5529411764705883
8213,1.0,0.0,8318.0,0.8675713843280353,0.9591952373401589,141.0,105.0,0.5529411764705883
8214,1.0,0.0,8319.0,0.8667886276973623,0.9584124807094859,140.0,105.0,0.5490196078431373
8215,1.0,0.0,8320.0,0.8657727813020084,0.957396634314132,138.0,105.0,0.5411764705882353
8216,1.0,0.0,8320.0,0.8642921122294553,0.9607382732948486,134.0,104.0,0.5254901960784314
8217,1.0,0.0,8321.0,0.8625779660608963,0.9590241271262896,127.0,104.0,0.4980392156862745
8218,1.0,0.0,8322.0,0.8605083654071409,0.9569545264725342,126.0,104.0,0.49411764705882355
8219,1.0,0.0,8322.0,0.857954215026236,0.9594764898319131,126.0,103.0,0.49411764705882355
8220,1.0,0.0,8323.0,0.855026259948032,0.9565485347537092,125.0,103.0,0.49019607843137253
8221,1.0,0.0,8323.0,0.8517167950275858,0.9585823474546143,119.0,102.0,0.4666666666666667
8222,1.0,0.0,8323.0,0.8480171111466859,0.9605071663330317,119.0,101.0,0.4666666666666667
8223,1.0,0.0,8324.0,0.844061690314589,0.9565517455009348,119.0,101.0,0.4666666666666667
8224,0.0,0.0,8324.0,0.8395588983911397,0.9579694827978196,119.0,100.0,0.4666666666666667
8225,0.0,0.0,8325.0,0.8374172804313192,0.9558278648379991,119.0,100.0,0.4666666666666667
8226,1.0,0.0,8326.0,0.8374869825789217,0.9558975669856016,118.0,100.0,0.4627450980392157
8227,1.0,0.0,8327.0,0.837136609313283,0.9555471937199629,117.0,100.0,0.4588235294117647
8228,0.0,0.0,8327.0,0.8362134301579464,0.9608561505860305,113.0,99.0,0.44313725490196076
8229,0.0,0.0,8329.0,0.8376506110204434,0.9560611954271232,108.0,100.0,0.4235294117647059
8230,1.0,0.0,8330.0,0.841292135596152,0.9597027200028319,108.0,100.0,0.4235294117647059
8231,1.0,0.0,8332.0,0.8446678163386607,0.9571578715250065,108.0,101.0,0.4235294117647059
8232,1.0,0.0,8333.0,0.8474977210583012,0.959987776244647,108.0,101.0,0.4235294117647059
8233,1.0,0.0,8335.0,0.8499335148922266,0.9567990673192551,109.0,102.0,0.42745098039215684
8234,1.0,0.0,8336.0,0.8519743969232367,0.9588399493502653,109.0,102.0,0.42745098039215684
8235,1.0,0.0,8337.0,0.8536325882494434,0.960498140676472,110.0,102.0,0.43137254901960786
8236,1.0,0.0,8339.0,0.8549124525322314,0.9564347273379085,110.0,103.0,0.43137254901960786
8237,1.0,0.0,8340.0,0.8558105074795778,0.9573327822852549,110.0,103.0,0.43137254901960786
8238,1.0,0.0,8341.0,0.8563356242321043,0.9578578990377814,110.0,103.0,0.43137254901960786
8239,1.0,0.0,8342.0,0.8564891846760017,0.9580114594816788,111.0,103.0,0.43529411764705883
8240,1.0,0.0,8343.0,0.8562715929177014,0.9577938677233785,111.0,103.0,0.43529411764705883
8241,1.0,0.0,8344.0,0.8556822763473131,0.9572045511529902,111.0,103.0,0.43529411764705883
8242,0.0,0.0,8345.0,0.8547196841317569,0.956241958937434,111.0,103.0,0.43529411764705883
8243,1.0,0.0,8346.0,0.8560128620809917,0.9575351368866688,111.0,103.0,0.43529411764705883
8244,1.0,0.0,8347.0,0.8569336343475156,0.9584559091531927,111.0,103.0,0.43529411764705883
8245,1.0,0.0,8348.0,0.8574844240162405,0.9590066988219176,112.0,103.0,0.4392156862745098
8246,1.0,0.0,8349.0,0.8576666805336628,0.9591889553393399,112.0,103.0,0.4392156862745098
8247,1.0,0.0,8350.0,0.8574808835221971,0.9590031583278742,113.0,103.0,0.44313725490196076
8248,0.0,0.0,8351.0,0.8569265440423397,0.9584488188480168,113.0,103.0,0.44313725490196076
8249,1.0,0.0,8352.0,0.8586337822533535,0.9601560570590306,113.0,103.0,0.44313725490196076
8250,0.0,0.0,8354.0,0.8600991608644478,0.9565453219298411,114.0,104.0,0.4470588235294118
8251,1.0,0.0,8355.0,0.8637104918417015,0.9601566529070947,114.0,104.0,0.4470588235294118
8252,1.0,0.0,8357.0,0.8670868151429814,0.958710668155105,114.0,105.0,0.4470588235294118
8253,1.0,0.0,8359.0,0.8701133669051637,0.9571560272666811,115.0,106.0,0.45098039215686275
8254,1.0,0.0,8360.0,0.8726920982415552,0.9597347586030727,115.0,106.0,0.45098039215686275
8255,1.0,0.0,8362.0,0.8749413884415609,0.9576319157850024,115.0,107.0,0.45098039215686275
8256,1.0,0.0,8363.0,0.8768615770322022,0.9595521043756438,115.0,107.0,0.45098039215686275
8257,1.0,0.0,8365.0,0.8784630178161792,0.9570190187924487,116.0,108.0,0.4549019607843137
8258,1.0,0.0,8366.0,0.8797446244365144,0.9583006254127838,116.0,108.0,0.4549019607843137
8259,1.0,0.0,8367.0,0.8807148051832969,0.9592708061595664,116.0,108.0,0.4549019607843137
8260,1.0,0.0,8368.0,0.8813761131637556,0.9599321141400251,115.0,108.0,0.45098039215686275
8261,1.0,0.0,8369.0,0.881730288662049,0.9602862896383185,115.0,108.0,0.45098039215686275
8262,1.0,0.0,8370.0,0.8817782637189625,0.960334264695232,115.0,108.0,0.45098039215686275
8263,1.0,0.0,8371.0,0.8815201645846455,0.960076165560915,114.0,108.0,0.4470588235294118
8264,1.0,0.0,8372.0,0.8809553120508502,0.9595113130271197,112.0,108.0,0.4392156862745098
8265,0.0,0.0,8373.0,0.8800822196635399,0.9586382206398094,105.0,108.0,0.4117647058823529
8266,1.0,0.0,8374.0,0.881530168758538,0.9600861697348074,104.0,108.0,0.40784313725490196
8267,1.0,0.0,8376.0,0.882767067961507,0.9573952688889629,104.0,109.0,0.40784313725490196
8268,1.0,0.0,8377.0,0.8836045661269427,0.9582327670543986,104.0,109.0,0.40784313725490196
8269,1.0,0.0,8378.0,0.8841405443780623,0.9587687453055183,104.0,109.0,0.40784313725490196
8270,1.0,0.0,8379.0,0.8843764131839473,0.9590046141114033,103.0,109.0,0.403921568627451
8271,1.0,0.0,8380.0,0.8842171160713056,0.9588453169987616,103.0,109.0,0.403921568627451
8272,0.0,0.0,8381.0,0.8837531271588516,0.9583813280863076,103.0,109.0,0.403921568627451
8273,0.0,0.0,8382.0,0.885710481551176,0.960338682478632,103.0,109.0,0.403921568627451
8274,1.0,0.0,8384.0,0.8900943301808902,0.9609911210619734,103.0,110.0,0.403921568627451
8275,1.0,0.0,8387.0,0.8942709845864945,0.958255338356672,103.0,112.0,0.403921568627451
8276,1.0,0.0,8389.0,0.89808305608545,0.9588681921671187,102.0,113.0,0.4
8277,1.0,0.0,8391.0,0.9015489954387769,0.9592948747163621,102.0,114.0,0.4
8278,1.0,0.0,8393.0,0.9048298863797142,0.9596884716934202,102.0,115.0,0.4
8279,1.0,0.0,8395.0,0.9078603296532297,0.9599759857012504,102.0,116.0,0.4
8280,1.0,0.0,8397.0,0.9106483001100429,0.9601581733556626,102.0,117.0,0.4
8281,1.0,0.0,8399.0,0.9131408340278693,0.960175213611208,101.0,118.0,0.396078431372549
8282,1.0,0.0,8401.0,0.9154017761688048,0.9600844367729765,101.0,119.0,0.396078431372549
8283,1.0,0.0,8403.0,0.9174973768672344,0.9599459044411975,101.0,120.0,0.396078431372549
8284,1.0,0.0,8405.0,0.9193758653995254,0.9597019665947905,101.0,121.0,0.396078431372549
8285,1.0,0.0,8407.0,0.9210421851565518,0.9593519812920535,101.0,122.0,0.396078431372549
8286,1.0,0.0,8408.0,0.9224540618232178,0.9607638579587194,101.0,122.0,0.396078431372549
8287,1.0,0.0,8410.0,0.9236643259876867,0.9600586323164133,101.0,123.0,0.396078431372549
8288,1.0,0.0,8412.0,0.9247180331982251,0.9592926242105154,101.0,124.0,0.396078431372549
8289,1.0,0.0,8413.0,0.9255315198910143,0.9601061109033047,101.0,124.0,0.396078431372549
8290,1.0,0.0,8414.0,0.9261512532192431,0.9607258442315334,101.0,124.0,0.396078431372549
8291,1.0,0.0,8416.0,0.9266209741388878,0.9594668356005636,101.0,125.0,0.396078431372549
8292,1.0,0.0,8417.0,0.9268575877840406,0.9597034492457164,102.0,125.0,0.4
8293,1.0,0.0,8418.0,0.9269038269009862,0.959749688362662,102.0,125.0,0.4
8294,1.0,0.0,8419.0,0.926759813171611,0.9596056746332868,102.0,125.0,0.4
8295,1.0,0.0,8419.0,0.9263830575336197,0.96095764854591,102.0,124.0,0.4
8296,1.0,0.0,8420.0,0.925856899498398,0.9604314905106883,102.0,124.0,0.4
8297,1.0,0.0,8421.0,0.9251378443607403,0.9597124353730306,103.0,124.0,0.403921568627451
8298,1.0,0.0,8421.0,0.9241796734715508,0.9605739798002775,103.0,123.0,0.403921568627451
8299,1.0,0.0,8422.0,0.9230686347743745,0.9594629411031012,103.0,123.0,0.403921568627451
8300,1.0,0.0,8422.0,0.9217108187173444,0.9600206148528461,104.0,122.0,0.40784313725490196
8301,1.0,0.0,8422.0,0.9201469784990443,0.9604730796943093,104.0,121.0,0.40784313725490196
8302,1.0,0.0,8422.0,0.9183729987504783,0.9608215263244414,104.0,120.0,0.40784313725490196
8303,1.0,0.0,8423.0,0.9164386322930846,0.9588871598670478,105.0,120.0,0.4117647058823529
8304,1.0,0.0,8423.0,0.9142326673698826,0.9589153279740543,105.0,119.0,0.4117647058823529
8305,1.0,0.0,8423.0,0.9118009989397593,0.958835378523098,105.0,118.0,0.4117647058823529
8306,1.0,0.0,8423.0,0.909137227875267,0.9586471011208866,105.0,117.0,0.4117647058823529
8307,0.0,0.0,8423.0,0.9062343442525516,0.9583500003005723,105.0,116.0,0.4117647058823529
8308,1.0,0.0,8423.0,0.9057162878515537,0.9605748731652597,105.0,115.0,0.4117647058823529
8309,1.0,0.0,8424.0,0.9050204479382189,0.9598790332519249,105.0,115.0,0.4117647058823529
8310,1.0,0.0,8425.0,0.9040781784112295,0.9589367637249355,105.0,115.0,0.4117647058823529
8311,1.0,0.0,8425.0,0.9028166680943026,0.9605625473718878,105.0,114.0,0.4117647058823529
8312,1.0,0.0,8426.0,0.9013734453456587,0.9591193246232439,105.0,114.0,0.4117647058823529
8313,1.0,0.0,8426.0,0.8996003475125018,0.9603854835941705,105.0,113.0,0.4117647058823529
8314,1.0,0.0,8427.0,0.8976409697291788,0.9584261058108475,105.0,113.0,0.4117647058823529
8315,1.0,0.0,8427.0,0.8953381928981612,0.9593225466683387,105.0,112.0,0.4117647058823529
8316,1.0,0.0,8427.0,0.8927599902589808,0.9601119415960098,105.0,111.0,0.4117647058823529
8317,1.0,0.0,8427.0,0.8898995770678504,0.9607963679489335,105.0,110.0,0.4117647058823529
8318,1.0,0.0,8428.0,0.8868403192432778,0.9577371101243609,105.0,110.0,0.4117647058823529
8319,0.0,0.0,8428.0,0.8833969241295746,0.9580251250570306,105.0,109.0,0.4117647058823529
8320,1.0,0.0,8428.0,0.8822782577635807,0.9608342587398502,104.0,108.0,0.40784313725490196
8321,1.0,0.0,8429.0,0.8809505101608346,0.9595065111371041,104.0,108.0,0.40784313725490196
8322,1.0,0.0,8430.0,0.8793145100680209,0.9578705110442903,103.0,108.0,0.403921568627451
8323,0.0,0.0,8430.0,0.8772652393999729,0.9599557667434144,101.0,107.0,0.396078431372549
8324,1.0,0.0,8431.0,0.8776305749637825,0.960321102307224,100.0,107.0,0.39215686274509803
8325,1.0,0.0,8432.0,0.8776791863996947,0.9603697137431362,100.0,107.0,0.39215686274509803
8326,1.0,0.0,8433.0,0.877411201632541,0.9601017289759826,100.0,107.0,0.39215686274509803
8327,1.0,0.0,8434.0,0.8768259154392503,0.9595164427826918,99.0,107.0,0.38823529411764707
8328,1.0,0.0,8435.0,0.8759217875929977,0.9586123149364392,100.0,107.0,0.39215686274509803
8329,0.0,0.0,8436.0,0.8746964388099774,0.9573869661534189,100.0,107.0,0.39215686274509803
8330,1.0,0.0,8437.0,0.8757782234354974,0.9584687507789389,100.0,107.0,0.39215686274509803
8331,1.0,0.0,8438.0,0.8765384093238351,0.9592289366672766,101.0,107.0,0.396078431372549
8332,1.0,0.0,8439.0,0.8769789969641706,0.9596695243076121,101.0,107.0,0.396078431372549
8333,1.0,0.0,8440.0,0.8771011457976625,0.959791673141104,101.0,107.0,0.396078431372549
8334,1.0,0.0,8441.0,0.8769051772686096,0.9595957046120511,102.0,107.0,0.4
8335,0.0,0.0,8442.0,0.8763905756703565,0.959081103013798,102.0,107.0,0.4
8336,1.0,0.0,8443.0,0.8781875657355391,0.9608780930789806,102.0,107.0,0.4
8337,1.0,0.0,8445.0,0.8797700102597779,0.9583260112360473,102.0,108.0,0.4
8338,1.0,0.0,8446.0,0.8809403828934979,0.9594963838697673,103.0,108.0,0.403921568627451
8339,0.0,0.0,8447.0,0.8818024763864468,0.9603584773627163,103.0,108.0,0.403921568627451
8340,1.0,0.0,8449.0,0.8850858155337561,0.9597140164612121,103.0,109.0,0.403921568627451
8341,1.0,0.0,8451.0,0.8879758556108275,0.9588726464919106,103.0,110.0,0.403921568627451
8342,1.0,0.0,8453.0,0.8906574439634878,0.9580093953005168,103.0,111.0,0.403921568627451
8343,1.0,0.0,8454.0,0.8929692575248487,0.9603212088618777,103.0,111.0,0.403921568627451
8344,1.0,0.0,8456.0,0.8950037286703686,0.9589880824405461,103.0,112.0,0.403921568627451
8345,1.0,0.0,8457.0,0.8967618938387054,0.9607462476088829,103.0,112.0,0.403921568627451
8346,1.0,0.0,8459.0,0.8983304110030843,0.959115547084753,103.0,113.0,0.403921568627451
8347,1.0,0.0,8460.0,0.8995573434389101,0.9603424795205788,103.0,113.0,0.403921568627451
8348,1.0,0.0,8462.0,0.9005978827559553,0.9583437620335405,103.0,114.0,0.403921568627451
8349,1.0,0.0,8463.0,0.9013065060343044,0.9590523853118896,103.0,114.0,0.403921568627451
8350,1.0,0.0,8464.0,0.9017591112506191,0.9595049905282044,103.0,114.0,0.403921568627451
8351,1.0,0.0,8465.0,0.9019568894712581,0.9597027687488433,103.0,114.0,0.403921568627451
8352,1.0,0.0,8466.0,0.9019003611652232,0.9596462404428084,103.0,114.0,0.403921568627451
8353,1.0,0.0,8467.0,0.9015893775738144,0.9593352568513996,104.0,114.0,0.40784313725490196
8354,1.0,0.0,8468.0,0.9010231203191594,0.9587689995967447,104.0,114.0,0.40784313725490196
8355,1.0,0.0,8468.0,0.9001260660720272,0.9609112021536959,104.0,113.0,0.40784313725490196
8356,1.0,0.0,8469.0,0.8990441153446223,0.9598292514262909,105.0,113.0,0.4117647058823529
8357,1.0,0.0,8470.0,0.8977003877196277,0.9584855238012964,105.0,113.0,0.4117647058823529
8358,1.0,0.0,8470.0,0.896013417410071,0.9599977711802485,106.0,112.0,0.41568627450980394
8359,1.0,0.0,8471.0,0.8941348294217442,0.9581191831919217,106.0,112.0,0.41568627450980394
8360,1.0,0.0,8471.0,0.891899719217621,0.95925167055465,106.0,111.0,0.41568627450980394
8361,1.0,0.0,8471.0,0.889380134590386,0.9602769254714691,107.0,110.0,0.4196078431372549
8362,0.0,0.0,8472.0,0.886660338375821,0.9575571292569042,107.0,110.0,0.4196078431372549
8363,1.0,0.0,8472.0,0.886187510185632,0.960815711113088,107.0,109.0,0.4196078431372549
8364,1.0,0.0,8473.0,0.8855108526239761,0.960139053551432,108.0,109.0,0.4235294117647059
8365,0.0,0.0,8474.0,0.884442014510741,0.9590702154381969,108.0,109.0,0.4235294117647059
8366,1.0,0.0,8475.0,0.8857963325637366,0.9604245334911925,108.0,109.0,0.4235294117647059
8367,1.0,0.0,8477.0,0.886945791830471,0.9578425827115541,108.0,110.0,0.4235294117647059
8368,1.0,0.0,8478.0,0.8877113913675146,0.9586081822485978,108.0,110.0,0.4235294117647059
8369,1.0,0.0,8479.0,0.8881860392321339,0.959082830113217,108.0,110.0,0.4235294117647059
8370,1.0,0.0,8480.0,0.8883709844976567,0.9592677753787399,108.0,110.0,0.4235294117647059
8371,1.0,0.0,8481.0,0.8882667138621503,0.9591635047432334,108.0,110.0,0.4235294117647059
8372,1.0,0.0,8482.0,0.8878729529292052,0.9587697438102883,108.0,110.0,0.4235294117647059
8373,1.0,0.0,8483.0,0.8871886654858402,0.9580854563669233,108.0,110.0,0.4235294117647059
8374,1.0,0.0,8483.0,0.8861211574539829,0.9607493583814388,108.0,109.0,0.4235294117647059
8375,1.0,0.0,8484.0,0.884849645438207,0.959477846365663,109.0,109.0,0.42745098039215684
8376,1.0,0.0,8485.0,0.8832798900326182,0.9579080909600741,109.0,109.0,0.42745098039215684
8377,1.0,0.0,8485.0,0.8813120831212621,0.9598680840975315,109.0,108.0,0.42745098039215684
8378,1.0,0.0,8486.0,0.8791326524083054,0.9576886533845749,109.0,108.0,0.42745098039215684
8379,1.0,0.0,8486.0,0.8765394725473261,0.9592299998907676,109.0,107.0,0.42745098039215684
8380,0.0,0.0,8486.0,0.8736213965614712,0.9606640569229886,109.0,106.0,0.42745098039215684
8381,0.0,0.0,8487.0,0.8730023242507781,0.9600449846122955,109.0,106.0,0.42745098039215684
8382,1.0,0.0,8489.0,0.8747866399741813,0.9574771673176228,109.0,107.0,0.42745098039215684
8383,1.0,0.0,8490.0,0.8762467475302409,0.9589372748736824,110.0,107.0,0.43137254901960786
8384,1.0,0.0,8491.0,0.8773864893072625,0.960077016650704,110.0,107.0,0.43137254901960786
8385,1.0,0.0,8492.0,0.8782088646257118,0.9608993919691533,111.0,107.0,0.43529411764705883
8386,1.0,0.0,8494.0,0.8788167504529281,0.9573727514291975,112.0,108.0,0.4392156862745098
8387,1.0,0.0,8495.0,0.8790100558111865,0.957566056787456,112.0,108.0,0.4392156862745098
8388,1.0,0.0,8496.0,0.8788900022205625,0.9574460031968319,113.0,108.0,0.44313725490196076
8389,1.0,0.0,8497.0,0.8784562737505546,0.957012274726824,113.0,108.0,0.44313725490196076
8390,0.0,0.0,8497.0,0.8776070161886877,0.9602975435321293,114.0,107.0,0.4470588235294118
8391,1.0,0.0,8499.0,0.8792739770930443,0.9578299780693138,114.0,108.0,0.4470588235294118
8392,1.0,0.0,8500.0,0.8805275607564433,0.9590835617327128,115.0,108.0,0.45098039215686275
8393,1.0,0.0,8501.0,0.8814717789050264,0.9600277798812958,115.0,108.0,0.45098039215686275
8394,1.0,0.0,8502.0,0.8821091163233951,0.9606651172996645,116.0,108.0,0.4549019607843137
8395,1.0,0.0,8503.0,0.882441250215282,0.9609972511915514,116.0,108.0,0.4549019607843137
8396,1.0,0.0,8505.0,0.8825647317979208,0.9571929327253768,117.0,109.0,0.4588235294117647
8397,1.0,0.0,8505.0,0.8821926026987623,0.9607486036750318,117.0,108.0,0.4588235294117647
8398,1.0,0.0,8506.0,0.8816111669547856,0.960167167931055,118.0,108.0,0.4627450980392157
8399,0.0,0.0,8507.0,0.880723217291252,0.9592792182675215,118.0,108.0,0.4627450980392157
8400,0.0,0.0,8508.0,0.8821579959458888,0.9607139969221583,119.0,108.0,0.4666666666666667
8401,1.0,0.0,8510.0,0.886014955832674,0.9606431567601299,119.0,109.0,0.4666666666666667
8402,1.0,0.0,8512.0,0.8894762778962375,0.9603730687773206,120.0,110.0,0.47058823529411764
8403,1.0,0.0,8514.0,0.8926512927256098,0.9600032440626388,120.0,111.0,0.47058823529411764
8404,1.0,0.0,8516.0,0.8956258421796741,0.9596101959498516,121.0,112.0,0.4745098039215686
8405,1.0,0.0,8518.0,0.8983257227973689,0.9591108588790376,121.0,113.0,0.4745098039215686
8406,1.0,0.0,8520.0,0.9006840063491275,0.9584298856267127,122.0,114.0,0.47843137254901963
8407,1.0,0.0,8521.0,0.9027809320228575,0.9605268113004427,122.0,114.0,0.47843137254901963
8408,1.0,0.0,8523.0,0.9046257197029441,0.9594843050166502,122.0,115.0,0.47843137254901963
8409,1.0,0.0,8525.0,0.9062863373785317,0.9584019934265524,123.0,116.0,0.4823529411764706
8410,0.0,0.0,8526.0,0.9076368659560154,0.9597525220040362,123.0,116.0,0.4823529411764706
8411,1.0,0.0,8528.0,0.9114427275454556,0.9609526007910753,124.0,117.0,0.48627450980392156
8412,1.0,0.0,8531.0,0.9150728291433812,0.9597554897475529,124.0,119.0,0.48627450980392156
8413,1.0,0.0,8533.0,0.9184191376997755,0.9608676652737386,124.0,120.0,0.48627450980392156
8414,1.0,0.0,8536.0,0.9215998748996829,0.9599096710351847,124.0,122.0,0.48627450980392156
8415,1.0,0.0,8538.0,0.9244734807279174,0.960867787056644,125.0,123.0,0.49019607843137253
8416,1.0,0.0,8541.0,0.9272371020039523,0.960082963465628,125.0,125.0,0.49019607843137253
8417,1.0,0.0,8543.0,0.9297649155707376,0.9609684839593295,125.0,126.0,0.49019607843137253
8418,1.0,0.0,8546.0,0.932144004096781,0.9603052245674852,125.0,128.0,0.49019607843137253
8419,1.0,0.0,8549.0,0.934339103842688,0.9597546053174987,124.0,130.0,0.48627450980392156
8420,1.0,0.0,8551.0,0.9363271128342342,0.9604718392353043,124.0,131.0,0.48627450980392156
8421,1.0,0.0,8554.0,0.9381754982830339,0.9599661138599996,123.0,133.0,0.4823529411764706
8422,1.0,0.0,8556.0,0.939831780636118,0.9605328654342355,120.0,134.0,0.47058823529411764
8423,1.0,0.0,8558.0,0.9413297255698236,0.9609957561280352,115.0,135.0,0.45098039215686275
8424,1.0,0.0,8561.0,0.9426708167906828,0.9604194093694687,115.0,137.0,0.45098039215686275
8425,1.0,0.0,8563.0,0.9438382871340681,0.9606994500839148,114.0,138.0,0.4470588235294118
8426,1.0,0.0,8565.0,0.9448795803718042,0.9608976851741585,113.0,139.0,0.44313725490196076
8427,1.0,0.0,8567.0,0.9457563106434683,0.9609735102057049,110.0,140.0,0.43137254901960786
8428,1.0,0.0,8569.0,0.9464902943641944,0.9609466339483191,108.0,141.0,0.4235294117647059
8429,1.0,0.0,8571.0,0.9471010701503522,0.9608345927552707,108.0,142.0,0.4235294117647059
8430,1.0,0.0,8573.0,0.9475550311461164,0.960601877620789,107.0,143.0,0.4196078431372549
8431,1.0,0.0,8574.0,0.9478718154022618,0.9609186618769344,107.0,143.0,0.4196078431372549
8432,1.0,0.0,8576.0,0.9480681469515049,0.9604626511024439,107.0,144.0,0.4196078431372549
8433,1.0,0.0,8577.0,0.9481127198591277,0.9605072240100667,107.0,144.0,0.4196078431372549
8434,1.0,0.0,8578.0,0.9480215418121924,0.9604160459631315,107.0,144.0,0.4196078431372549
8435,1.0,0.0,8578.0,0.9477784824785329,0.9608253289532055,107.0,143.0,0.4196078431372549
8436,1.0,0.0,8579.0,0.9474147248250142,0.9604615712996868,107.0,143.0,0.4196078431372549
8437,1.0,0.0,8579.0,0.946896694478466,0.9606302170833846,107.0,142.0,0.4196078431372549
8438,1.0,0.0,8579.0,0.9462389185910718,0.9606952581751965,107.0,141.0,0.4196078431372549
8439,1.0,0.0,8579.0,0.9454396661736542,0.9606568657358907,107.0,140.0,0.4196078431372549
8440,1.0,0.0,8579.0,0.9444968339303776,0.960514938732732,107.0,139.0,0.4196078431372549
8441,1.0,0.0,8579.0,0.9434079407237599,0.9602691036736065,107.0,138.0,0.4196078431372549
8442,1.0,0.0,8578.0,0.9421473664394926,0.9608300954697936,107.0,136.0,0.4196078431372549
8443,1.0,0.0,8578.0,0.9407561652582742,0.9604221958164858,107.0,135.0,0.4196078431372549
8444,1.0,0.0,8577.0,0.9391825193964827,0.9609731349734484,108.0,133.0,0.4235294117647059
8445,1.0,0.0,8577.0,0.9374740403927933,0.9604115304738098,108.0,132.0,0.4235294117647059
8446,1.0,0.0,8576.0,0.9355700646127002,0.9609855660875108,108.0,130.0,0.4235294117647059
8447,1.0,0.0,8576.0,0.9335259434096269,0.960279102856796,108.0,129.0,0.4235294117647059
8448,1.0,0.0,8575.0,0.9312707863498757,0.9609141763190381,109.0,127.0,0.42745098039215684
8449,1.0,0.0,8575.0,0.9288690618607818,0.9600726302493737,109.0,126.0,0.42745098039215684
8450,1.0,0.0,8574.0,0.9262380406135772,0.9608126316258675,110.0,124.0,0.43137254901960786
8451,0.0,0.0,8574.0,0.9234529135217917,0.9598472198505184,110.0,123.0,0.43137254901960786
8452,1.0,0.0,8575.0,0.9231445850432043,0.9595388913719309,111.0,123.0,0.43529411764705883
8453,1.0,0.0,8575.0,0.9225896790738917,0.9608994752093933,111.0,122.0,0.43529411764705883
8454,1.0,0.0,8576.0,0.9218801768569713,0.960189972992473,111.0,122.0,0.43529411764705883
8455,1.0,0.0,8577.0,0.9209675519142583,0.9592773480497601,112.0,122.0,0.4392156862745098
8456,0.0,0.0,8577.0,0.9198002874779159,0.9601263886731809,112.0,121.0,0.4392156862745098
8457,1.0,0.0,8579.0,0.9211543653668719,0.9594641615023736,112.0,122.0,0.4392156862745098
8458,1.0,0.0,8580.0,0.9222542953765471,0.9605640915120488,113.0,122.0,0.44313725490196076
8459,1.0,0.0,8582.0,0.9231987465499377,0.9595930528786644,113.0,123.0,0.44313725490196076
8460,1.0,0.0,8583.0,0.923896762762884,0.9602910690916107,113.0,123.0,0.44313725490196076
8461,1.0,0.0,8584.0,0.9243968402672449,0.9607911465959715,114.0,123.0,0.4470588235294118
8462,1.0,0.0,8586.0,0.9247446214551864,0.9593192124674768,114.0,124.0,0.4470588235294118
8463,1.0,0.0,8587.0,0.9248522520944764,0.9594268431067667,114.0,124.0,0.4470588235294118
8464,1.0,0.0,8588.0,0.9247643418223727,0.959338932834663,114.0,124.0,0.4470588235294118
8465,1.0,0.0,8588.0,0.9244363328973202,0.9608306392260468,114.0,123.0,0.4470588235294118
8466,1.0,0.0,8589.0,0.9239561315838226,0.9603504379125493,114.0,123.0,0.4470588235294118
8467,1.0,0.0,8590.0,0.9232314884283908,0.9596257947571174,114.0,123.0,0.4470588235294118
8468,1.0,0.0,8590.0,0.9223048228740862,0.9606146190095879,113.0,122.0,0.44313725490196076
8469,1.0,0.0,8591.0,0.9212228114505958,0.9595326075860975,113.0,122.0,0.44313725490196076
8470,1.0,0.0,8591.0,0.9198868322690978,0.9602129334643629,112.0,121.0,0.4392156862745098
8471,1.0,0.0,8591.0,0.9183400289619922,0.9607885565359553,110.0,120.0,0.43137254901960786
8472,1.0,0.0,8592.0,0.9166327521834574,0.9590812797574205,109.0,120.0,0.42745098039215684
8473,1.0,0.0,8592.0,0.9146543877809312,0.9593370483851029,109.0,119.0,0.42745098039215684
8474,0.0,0.0,8592.0,0.912451429662039,0.9594858092453776,109.0,118.0,0.42745098039215684
8475,1.0,0.0,8593.0,0.912709960002587,0.9597443395859256,109.0,118.0,0.42745098039215684
8476,1.0,0.0,8594.0,0.9127417947358951,0.9597761743192338,110.0,118.0,0.43137254901960786
8477,1.0,0.0,8595.0,0.9125470176375772,0.9595813972209158,110.0,118.0,0.43137254901960786
8478,1.0,0.0,8596.0,0.9121251161363222,0.9591594957196609,110.0,118.0,0.43137254901960786
8479,1.0,0.0,8596.0,0.911414679478376,0.9609245527239956,110.0,117.0,0.43137254901960786
8480,1.0,0.0,8597.0,0.9105345977523678,0.9600444709979874,110.0,117.0,0.43137254901960786
8481,1.0,0.0,8598.0,0.9094222544671104,0.9589321277127301,110.0,117.0,0.43137254901960786
8482,1.0,0.0,8598.0,0.9080112482069633,0.960126904254984,110.0,116.0,0.43137254901960786
8483,1.0,0.0,8599.0,0.9064249812278544,0.9585406372758751,109.0,116.0,0.42745098039215684
8484,1.0,0.0,8599.0,0.9045289900028762,0.9593875753165823,109.0,115.0,0.42745098039215684
8485,1.0,0.0,8599.0,0.9023817592779055,0.9601276385554908,108.0,114.0,0.4235294117647059
8486,1.0,0.0,8599.0,0.8999776384457714,0.9607627745274401,106.0,113.0,0.41568627450980394
8487,0.0,0.0,8600.0,0.8973882305343484,0.958173366616017,106.0,113.0,0.41568627450980394
8488,0.0,0.0,8601.0,0.897164267081098,0.9579494031627667,107.0,113.0,0.4196078431372549
8489,1.0,0.0,8602.0,0.8993051587085115,0.9600902947901802,107.0,113.0,0.4196078431372549
8490,1.0,0.0,8604.0,0.9012589935731168,0.959004872850702,107.0,114.0,0.4196078431372549
8491,1.0,0.0,8605.0,0.9028086189857734,0.9605544982633586,107.0,114.0,0.4196078431372549
8492,1.0,0.0,8607.0,0.9042468423044812,0.9591054276181872,107.0,115.0,0.4196078431372549
8493,1.0,0.0,8608.0,0.9053662686856019,0.9602248539993079,108.0,115.0,0.4235294117647059
8494,1.0,0.0,8610.0,0.9063069904513179,0.9584226464993386,108.0,116.0,0.4235294117647059
8495,1.0,0.0,8611.0,0.9069376774691211,0.9590533335171418,108.0,116.0,0.4235294117647059
8496,1.0,0.0,8612.0,0.9073268043853413,0.959442460433362,108.0,116.0,0.4235294117647059
8497,1.0,0.0,8613.0,0.9074753952181795,0.9595910512662003,107.0,116.0,0.4196078431372549
8498,1.0,0.0,8614.0,0.9073838409961426,0.9594994970441633,108.0,116.0,0.4235294117647059
8499,1.0,0.0,8615.0,0.9070519007870677,0.9591675568350884,108.0,116.0,0.4235294117647059
8500,1.0,0.0,8616.0,0.9064118861204374,0.9585275421684581,108.0,116.0,0.4235294117647059
8501,1.0,0.0,8616.0,0.9055255869435976,0.9603841722573037,108.0,115.0,0.4235294117647059
8502,1.0,0.0,8617.0,0.9043906708902937,0.9592492562039997,108.0,115.0,0.4235294117647059
8503,1.0,0.0,8617.0,0.9030041513393328,0.960750030616918,108.0,114.0,0.4235294117647059
8504,1.0,0.0,8618.0,0.901436412733615,0.9591822920112002,109.0,114.0,0.42745098039215684
8505,1.0,0.0,8618.0,0.8995389647470372,0.9603241008287059,108.0,113.0,0.4235294117647059
8506,1.0,0.0,8619.0,0.8974550752766999,0.9582402113583686,108.0,113.0,0.4235294117647059
8507,1.0,0.0,8619.0,0.8950272975627404,0.9590116513329179,108.0,112.0,0.4235294117647059
8508,1.0,0.0,8619.0,0.8923232758949986,0.9596752272320276,108.0,111.0,0.4235294117647059
8509,1.0,0.0,8619.0,0.8893358944269805,0.9602326853080636,109.0,110.0,0.42745098039215684
8510,1.0,0.0,8619.0,0.886057291628507,0.9606854925559629,109.0,109.0,0.42745098039215684
8511,0.0,0.0,8620.0,0.8825745167781531,0.957202717705609,110.0,109.0,0.43137254901960786
8512,1.0,0.0,8620.0,0.8813234131239941,0.9598794141002636,110.0,108.0,0.43137254901960786
8513,1.0,0.0,8621.0,0.8798607154840312,0.9584167164603007,111.0,108.0,0.43529411764705883
8514,0.0,0.0,8621.0,0.8779861846515079,0.9606767119949494,111.0,107.0,0.43529411764705883
8515,1.0,0.0,8623.0,0.8786288700969525,0.9571848710732219,112.0,108.0,0.4392156862745098
8516,1.0,0.0,8624.0,0.8788564806514494,0.9574124816277189,112.0,108.0,0.4392156862745098
8517,1.0,0.0,8625.0,0.878770328111907,0.9573263290881765,113.0,108.0,0.44313725490196076
8518,1.0,0.0,8625.0,0.8782694729393514,0.9609600002827929,113.0,107.0,0.44313725490196076
8519,1.0,0.0,8626.0,0.8775542877711249,0.9602448151145664,114.0,107.0,0.4470588235294118
8520,0.0,0.0,8627.0,0.8765221777192311,0.9592127050626726,114.0,107.0,0.4470588235294118
8521,1.0,0.0,8628.0,0.8778020056519545,0.960492532995396,114.0,107.0,0.4470588235294118
8522,1.0,0.0,8630.0,0.878866273411935,0.9574222743882045,115.0,108.0,0.45098039215686275
8523,0.0,0.0,8631.0,0.8795160910265338,0.9580720920028033,115.0,108.0,0.45098039215686275
8524,1.0,0.0,8633.0,0.8825811374919145,0.9572093384193705,116.0,109.0,0.4549019607843137
8525,1.0,0.0,8634.0,0.8852462936290524,0.9598744945565083,116.0,109.0,0.4549019607843137
8526,1.0,0.0,8636.0,0.8877051435090482,0.9586019343901313,116.0,110.0,0.4549019607843137
8527,1.0,0.0,8637.0,0.8897821319532444,0.9606789228343275,117.0,110.0,0.4588235294117647
8528,1.0,0.0,8639.0,0.8916599666979075,0.9590119180349365,117.0,111.0,0.4588235294117647
8529,1.0,0.0,8640.0,0.8931706648689932,0.9605226162060222,118.0,111.0,0.4627450980392157
8530,1.0,0.0,8642.0,0.8944865818663469,0.9584709356365244,119.0,112.0,0.4666666666666667
8531,1.0,0.0,8643.0,0.8954469023122323,0.9594312560824099,119.0,112.0,0.4666666666666667
8532,1.0,0.0,8644.0,0.8961361845884994,0.960120538358677,120.0,112.0,0.47058823529411764
8533,1.0,0.0,8645.0,0.8965562425958754,0.9605405963660529,120.0,112.0,0.47058823529411764
8534,1.0,0.0,8646.0,0.8967081817501691,0.9606925355203466,121.0,112.0,0.4745098039215686
8535,1.0,0.0,8647.0,0.8965924018912602,0.9605767556614377,122.0,112.0,0.47843137254901963
8536,1.0,0.0,8648.0,0.8962085983353097,0.9601929521054873,122.0,112.0,0.47843137254901963
8537,0.0,0.0,8649.0,0.8955557610729596,0.9595401148431372,123.0,112.0,0.4823529411764706
8538,1.0,0.0,8651.0,0.8972596494976435,0.9580447855793122,123.0,113.0,0.4823529411764706
8539,1.0,0.0,8652.0,0.8986970650619825,0.9594822011436512,124.0,113.0,0.48627450980392156
8540,1.0,0.0,8653.0,0.8997938607768707,0.9605789968585394,125.0,113.0,0.49019607843137253
8541,1.0,0.0,8655.0,0.9007789189655866,0.9585247982431718,125.0,114.0,0.49019607843137253
8542,1.0,0.0,8656.0,0.9014325375266843,0.9591784168042695,126.0,114.0,0.49411764705882355
8543,1.0,0.0,8657.0,0.9018304696875694,0.9595763489651546,126.0,114.0,0.49411764705882355
8544,1.0,0.0,8658.0,0.9019737626381397,0.9597196419157249,127.0,114.0,0.4980392156862745
8545,1.0,0.0,8659.0,0.9018627934651066,0.9596086727426918,128.0,114.0,0.5019607843137255
8546,1.0,0.0,8660.0,0.9014972701443309,0.9592431494219161,128.0,114.0,0.5019607843137255
8547,1.0,0.0,8661.0,0.9008762307723366,0.9586221100499218,129.0,114.0,0.5058823529411764
8548,1.0,0.0,8661.0,0.8999240078564261,0.9607091439380948,130.0,113.0,0.5098039215686274
8549,1.0,0.0,8662.0,0.8987863567280968,0.9595714928097655,130.0,113.0,0.5098039215686274
8550,1.0,0.0,8663.0,0.8973862503900288,0.9581713864716975,131.0,113.0,0.5137254901960784
8551,1.0,0.0,8663.0,0.8956420746902158,0.9596264284603934,131.0,112.0,0.5137254901960784
8552,1.0,0.0,8663.0,0.8936232728711664,0.9609752242081954,132.0,111.0,0.5176470588235295
8553,1.0,0.0,8664.0,0.8914108809520751,0.9587628322891041,133.0,111.0,0.5215686274509804
8554,1.0,0.0,8664.0,0.8888306969706017,0.9597274878516848,133.0,110.0,0.5215686274509804
8555,1.0,0.0,8664.0,0.8859579621916825,0.9605861631191386,134.0,109.0,0.5254901960784314
8556,1.0,0.0,8665.0,0.8828807939676282,0.9575089948950841,134.0,109.0,0.5254901960784314
8557,1.0,0.0,8665.0,0.8794045239850041,0.9579605249612736,135.0,108.0,0.5294117647058824
8558,1.0,0.0,8665.0,0.8756108974865513,0.9583014248299928,135.0,107.0,0.5294117647058824
8559,0.0,0.0,8665.0,0.8714899312446418,0.9585325916061592,136.0,106.0,0.5333333333333333
8560,1.0,0.0,8666.0,0.869773952712949,0.9568166130744664,137.0,106.0,0.5372549019607843
8561,1.0,0.0,8666.0,0.8676092605602225,0.9592331135723461,137.0,105.0,0.5372549019607843
8562,0.0,0.0,8667.0,0.8652136382029804,0.956837491215104,138.0,105.0,0.5411764705882353
8563,1.0,0.0,8668.0,0.8651007671649202,0.9567246201770438,138.0,105.0,0.5411764705882353
8564,1.0,0.0,8668.0,0.8645213049914054,0.9609674660567987,139.0,104.0,0.5450980392156862
8565,1.0,0.0,8669.0,0.863708968860732,0.9601551299261253,139.0,104.0,0.5450980392156862
8566,1.0,0.0,8670.0,0.8624205056435766,0.9588666667089699,140.0,104.0,0.5490196078431373
8567,0.0,0.0,8671.0,0.8608936400499262,0.9573398011153195,140.0,104.0,0.5490196078431373
8568,1.0,0.0,8672.0,0.8615148175571337,0.9579609786225269,141.0,104.0,0.5529411764705883
8569,0.0,0.0,8673.0,0.861895209298145,0.9583413703635383,141.0,104.0,0.5529411764705883
8570,1.0,0.0,8674.0,0.8645499287730051,0.9609960898383983,142.0,104.0,0.5568627450980392
8571,1.0,0.0,8676.0,0.8669718496164475,0.9585957026285711,142.0,105.0,0.5568627450980392
8572,0.0,0.0,8677.0,0.8689321032256236,0.9605559562377473,143.0,105.0,0.5607843137254902
8573,1.0,0.0,8679.0,0.8732964867425616,0.960339147104079,143.0,106.0,0.5607843137254902
8574,1.0,0.0,8681.0,0.8773274399614535,0.960017967304895,141.0,107.0,0.5529411764705883
8575,1.0,0.0,8683.0,0.8810355706539281,0.9595915716301976,138.0,108.0,0.5411764705882353
8576,1.0,0.0,8685.0,0.8843299242368856,0.9589581251643415,135.0,109.0,0.5294117647058824
8577,1.0,0.0,8687.0,0.8874155600643003,0.9583123509453835,131.0,110.0,0.5137254901960784
8578,1.0,0.0,8689.0,0.8902049210497793,0.9575568723868083,128.0,111.0,0.5019607843137255
8579,1.0,0.0,8690.0,0.8926233163941859,0.9599752677312149,122.0,111.0,0.47843137254901963
8580,1.0,0.0,8692.0,0.8948454901741374,0.9588298439443149,122.0,112.0,0.47843137254901963
8581,1.0,0.0,8693.0,0.8967130118981672,0.9606973656683447,123.0,112.0,0.4823529411764706
8582,1.0,0.0,8695.0,0.8983907569815535,0.9591758930632222,123.0,113.0,0.4823529411764706
8583,1.0,0.0,8696.0,0.8997270761415933,0.960512212223262,123.0,113.0,0.4823529411764706
8584,1.0,0.0,8698.0,0.9008034156692983,0.9585492949468836,123.0,114.0,0.4823529411764706
8585,1.0,0.0,8699.0,0.9016187115540281,0.9593645908316133,124.0,114.0,0.48627450980392156
8586,1.0,0.0,8700.0,0.9021788109701964,0.9599246902477816,124.0,114.0,0.48627450980392156
8587,1.0,0.0,8701.0,0.9024851878636353,0.9602310671412205,124.0,114.0,0.48627450980392156
8588,1.0,0.0,8702.0,0.9025386484893275,0.9602845277669128,123.0,114.0,0.4823529411764706
8589,1.0,0.0,8703.0,0.9023393335331304,0.9600852128107157,123.0,114.0,0.4823529411764706
8590,0.0,0.0,8704.0,0.901886718482001,0.9596325977595862,122.0,114.0,0.47843137254901963
8591,1.0,0.0,8706.0,0.9038815227107011,0.9587401080244071,120.0,115.0,0.47058823529411764
8592,1.0,0.0,8707.0,0.9054862371148292,0.9603448224285352,118.0,115.0,0.4627450980392157
8593,1.0,0.0,8709.0,0.9069793775535966,0.9590950336016173,118.0,116.0,0.4627450980392157
8594,1.0,0.0,8710.0,0.9081642526841942,0.9602799087322149,118.0,116.0,0.4627450980392157
8595,1.0,0.0,8712.0,0.9091742697391909,0.9586841429848105,118.0,117.0,0.4627450980392157
8596,1.0,0.0,8713.0,0.9098849712279085,0.9593948444735281,117.0,117.0,0.4588235294117647
8597,1.0,0.0,8714.0,0.9103617016138914,0.959871574859511,117.0,117.0,0.4588235294117647
8598,1.0,0.0,8715.0,0.910605715450787,0.9601155886964066,116.0,117.0,0.4549019607843137
8599,1.0,0.0,8716.0,0.9106176548802714,0.960127528125891,113.0,117.0,0.44313725490196076
8600,1.0,0.0,8717.0,0.9103975513218956,0.9599074245675152,113.0,117.0,0.44313725490196076
8601,1.0,0.0,8718.0,0.9099448255557693,0.9594546988013889,113.0,117.0,0.44313725490196076
8602,1.0,0.0,8719.0,0.9092582861982973,0.9587681594439169,113.0,117.0,0.44313725490196076
8603,1.0,0.0,8719.0,0.9082726523704914,0.9603883084185121,114.0,116.0,0.4470588235294118
8604,1.0,0.0,8720.0,0.9071124457294171,0.9592281017774378,114.0,116.0,0.4470588235294118
8605,0.0,0.0,8720.0,0.9056443239595829,0.960502909273289,114.0,115.0,0.4470588235294118
8606,1.0,0.0,8722.0,0.9066966231897688,0.9588122792377896,115.0,116.0,0.45098039215686275
8607,1.0,0.0,8723.0,0.9074399130213537,0.9595555690693744,115.0,116.0,0.45098039215686275
8608,1.0,0.0,8724.0,0.9079429644238617,0.9600586204718824,115.0,116.0,0.45098039215686275
8609,1.0,0.0,8725.0,0.908207101216773,0.9603227572647937,116.0,116.0,0.4549019607843137
8610,1.0,0.0,8726.0,0.9082330184969107,0.9603486745449314,116.0,116.0,0.4549019607843137
8611,1.0,0.0,8727.0,0.908020784467644,0.9601364405156647,116.0,116.0,0.4549019607843137
8612,1.0,0.0,8728.0,0.9075698406183696,0.9596854966663904,116.0,116.0,0.4549019607843137
8613,1.0,0.0,8729.0,0.9068121853110959,0.9589278413591166,116.0,116.0,0.4549019607843137
8614,1.0,0.0,8729.0,0.9058092989125353,0.9606678842262413,116.0,115.0,0.4549019607843137
8615,1.0,0.0,8730.0,0.9045585422479553,0.9594171275616613,116.0,115.0,0.4549019607843137
8616,0.0,0.0,8730.0,0.9030566238524487,0.9608025031300339,115.0,114.0,0.45098039215686275
8617,0.0,0.0,8732.0,0.904075534954748,0.958934120268454,114.0,115.0,0.4470588235294118
8618,1.0,0.0,8734.0,0.907473592201665,0.9595892482496857,113.0,116.0,0.44313725490196076
8619,1.0,0.0,8736.0,0.910561343958093,0.9600712172037126,109.0,117.0,0.42745098039215684
8620,1.0,0.0,8738.0,0.9134772050266688,0.9605115846100075,108.0,118.0,0.4235294117647059
8621,1.0,0.0,8740.0,0.9161080890672123,0.960790749671384,107.0,119.0,0.4196078431372549
8622,1.0,0.0,8743.0,0.9186243262400255,0.9589504274352906,108.0,121.0,0.4235294117647059
8623,1.0,0.0,8745.0,0.9208719957137468,0.9591817918492485,108.0,122.0,0.4235294117647059
8624,1.0,0.0,8747.0,0.9229114335972408,0.9593057399259675,108.0,123.0,0.4235294117647059
8625,1.0,0.0,8749.0,0.9247480068323065,0.9593225978445968,107.0,124.0,0.4196078431372549
8626,1.0,0.0,8750.0,0.9263444384276078,0.9609190294398982,107.0,124.0,0.4196078431372549
8627,1.0,0.0,8752.0,0.9277913659964523,0.9606372274581281,107.0,125.0,0.4196078431372549
8628,1.0,0.0,8754.0,0.9290482708442345,0.9602518392328264,107.0,126.0,0.4196078431372549
8629,1.0,0.0,8756.0,0.9301184606152912,0.9597618505844536,108.0,127.0,0.4235294117647059
8630,1.0,0.0,8757.0,0.930968647469685,0.9606120374388474,108.0,127.0,0.4235294117647059
8631,1.0,0.0,8759.0,0.9316751772161658,0.95983639768687,108.0,128.0,0.4235294117647059
8632,1.0,0.0,8760.0,0.9321676058750579,0.9603288263457621,109.0,128.0,0.42745098039215684
8633,1.0,0.0,8761.0,0.9324833334400614,0.9606445539107656,109.0,128.0,0.42745098039215684
8634,1.0,0.0,8762.0,0.9326231907731899,0.9607844112438941,109.0,128.0,0.42745098039215684
8635,1.0,0.0,8763.0,0.9325875459200565,0.9607487663907608,110.0,128.0,0.43137254901960786
8636,1.0,0.0,8764.0,0.9323402009496079,0.9605014214203121,110.0,128.0,0.43137254901960786
8637,1.0,0.0,8765.0,0.9319509080052037,0.960112128475908,110.0,128.0,0.43137254901960786
8638,1.0,0.0,8765.0,0.9313482395805502,0.9609916295497126,111.0,127.0,0.43529411764705883
8639,1.0,0.0,8766.0,0.9305649086284773,0.9602082985976397,111.0,127.0,0.43529411764705883
8640,1.0,0.0,8766.0,0.9295988537517423,0.9608024221403343,111.0,126.0,0.43529411764705883
8641,1.0,0.0,8767.0,0.928487537275527,0.959691105664119,112.0,126.0,0.4392156862745098
8642,1.0,0.0,8767.0,0.9271500257618173,0.959995887223493,112.0,125.0,0.4392156862745098
8643,1.0,0.0,8767.0,0.9256208037895859,0.9601953948018762,112.0,124.0,0.4392156862745098
8644,1.0,0.0,8767.0,0.9238958470904852,0.9602901534192119,112.0,123.0,0.4392156862745098
8645,1.0,0.0,8767.0,0.9219706163047803,0.960280412440282,112.0,122.0,0.4392156862745098
8646,1.0,0.0,8767.0,0.9198400450356672,0.9601661462309322,112.0,121.0,0.4392156862745098
8647,1.0,0.0,8767.0,0.9174985265166475,0.9599470540906107,112.0,120.0,0.4392156862745098
8648,1.0,0.0,8767.0,0.9149398988568826,0.9596225594610543,112.0,119.0,0.4392156862745098
8649,1.0,0.0,8767.0,0.9121574288256882,0.9591918084090268,112.0,118.0,0.4392156862745098
8650,0.0,0.0,8767.0,0.9091437941335088,0.9586536673791284,113.0,117.0,0.44313725490196076
8651,1.0,0.0,8767.0,0.9085226431101018,0.9606382991581225,113.0,116.0,0.44313725490196076
8652,1.0,0.0,8768.0,0.9077275771437937,0.9598432331918144,113.0,116.0,0.44313725490196076
8653,0.0,0.0,8769.0,0.9066930297592573,0.958808685807278,113.0,116.0,0.44313725490196076
8654,1.0,0.0,8770.0,0.9080478574107433,0.960163513458764,114.0,116.0,0.4470588235294118
8655,1.0,0.0,8772.0,0.9092275206832776,0.9587373939288972,114.0,117.0,0.4470588235294118
8656,1.0,0.0,8773.0,0.910108008523596,0.9596178817692156,114.0,117.0,0.4470588235294118
8657,1.0,0.0,8774.0,0.9107551122014317,0.9602649854470513,114.0,117.0,0.4470588235294118
8658,1.0,0.0,8775.0,0.9111705346211998,0.9606804078668194,114.0,117.0,0.4470588235294118
8659,1.0,0.0,8776.0,0.9113553689997944,0.960865242245414,114.0,117.0,0.4470588235294118
8660,1.0,0.0,8777.0,0.9113101017434753,0.9608199749890949,114.0,117.0,0.4470588235294118
8661,1.0,0.0,8778.0,0.9110346137278833,0.9605444869735029,113.0,117.0,0.44313725490196076
8662,1.0,0.0,8779.0,0.9105281799845566,0.9600380532301762,113.0,117.0,0.44313725490196076
8663,1.0,0.0,8780.0,0.9097259935966494,0.959235866842269,111.0,117.0,0.43529411764705883
8664,1.0,0.0,8780.0,0.9086862440339962,0.9608019000820169,109.0,116.0,0.42745098039215684
8665,1.0,0.0,8781.0,0.9074730100571893,0.95958866610521,106.0,116.0,0.41568627450980394
8666,1.0,0.0,8781.0,0.9059528098051166,0.9608113951188226,105.0,115.0,0.4117647058823529
8667,1.0,0.0,8782.0,0.904255448466901,0.959114033780607,105.0,115.0,0.4117647058823529
8668,1.0,0.0,8782.0,0.9022393128388944,0.9599851921164796,104.0,114.0,0.40784313725490196
8669,1.0,0.0,8782.0,0.8999659122446741,0.9607510483263428,104.0,113.0,0.40784313725490196
8670,0.0,0.0,8783.0,0.897507193712741,0.9582923297944097,104.0,113.0,0.40784313725490196
8671,1.0,0.0,8784.0,0.8973363030383331,0.9581214391200018,104.0,113.0,0.40784313725490196
8672,0.0,0.0,8784.0,0.8968952447403418,0.9608795985105193,104.0,112.0,0.40784313725490196
8673,1.0,0.0,8786.0,0.8988964683091863,0.959681604390855,104.0,113.0,0.40784313725490196
8674,1.0,0.0,8788.0,0.9006277334694466,0.9583736127470318,104.0,114.0,0.40784313725490196
8675,1.0,0.0,8789.0,0.9021011943240809,0.9598470736016661,105.0,114.0,0.4117647058823529
8676,1.0,0.0,8790.0,0.9032466952230929,0.9609925745006781,105.0,114.0,0.4117647058823529
8677,1.0,0.0,8792.0,0.9042819468603596,0.9591405321740656,105.0,115.0,0.4117647058823529
8678,1.0,0.0,8793.0,0.9049984939404496,0.9598570792541556,106.0,115.0,0.41568627450980394
8679,1.0,0.0,8794.0,0.9054685536332068,0.9603271389469128,106.0,115.0,0.41568627450980394
8680,1.0,0.0,8795.0,0.9056933629378221,0.9605519482515281,107.0,115.0,0.4196078431372549
8681,1.0,0.0,8796.0,0.9056735134577296,0.9605320987714356,107.0,115.0,0.4196078431372549
8682,1.0,0.0,8797.0,0.9054089529574546,0.9602675382711606,108.0,115.0,0.4235294117647059
8683,1.0,0.0,8798.0,0.9048989852251546,0.9597575705388606,108.0,115.0,0.4235294117647059
8684,0.0,0.0,8799.0,0.9041422682404814,0.9590008535541874,109.0,115.0,0.42745098039215684
8685,1.0,0.0,8800.0,0.9056980580706845,0.9605566433843905,109.0,115.0,0.42745098039215684
8686,1.0,0.0,8802.0,0.9071428313590946,0.9592584874071153,110.0,116.0,0.43137254901960786
8687,1.0,0.0,8803.0,0.9082797694809285,0.9603954255289492,110.0,116.0,0.43137254901960786
8688,1.0,0.0,8805.0,0.9092421535187318,0.9587520267643515,111.0,117.0,0.43529411764705883
8689,1.0,0.0,8806.0,0.9099054006317813,0.9594152738774009,111.0,117.0,0.43529411764705883
8690,1.0,0.0,8807.0,0.9103347304036852,0.9598446036493048,111.0,117.0,0.43529411764705883
8691,1.0,0.0,8808.0,0.9105312726496329,0.9600411458952525,112.0,117.0,0.4392156862745098
8692,1.0,0.0,8809.0,0.910432070389592,0.9599419436352116,112.0,117.0,0.4392156862745098
8693,1.0,0.0,8810.0,0.9101606372480976,0.9596705104937172,112.0,117.0,0.4392156862745098
8694,1.0,0.0,8811.0,0.909655958440764,0.9591658316863836,113.0,117.0,0.44313725490196076
8695,1.0,0.0,8811.0,0.9088532316689976,0.9609688877170183,113.0,116.0,0.44313725490196076
8696,1.0,0.0,8812.0,0.9078774599242219,0.9599931159722426,113.0,116.0,0.44313725490196076
8697,1.0,0.0,8813.0,0.9066626011895873,0.958778257237608,114.0,116.0,0.4470588235294118
8698,0.0,0.0,8813.0,0.9051386435247722,0.9599972288384783,114.0,115.0,0.4470588235294118
8699,1.0,0.0,8814.0,0.9060669611783398,0.9609255464920459,114.0,115.0,0.4470588235294118
8700,1.0,0.0,8816.0,0.9068184181441146,0.9589340741921353,114.0,116.0,0.4470588235294118
8701,1.0,0.0,8817.0,0.9072611862243263,0.959376842272347,114.0,116.0,0.4470588235294118
8702,1.0,0.0,8818.0,0.9074632455417847,0.9595789015898054,114.0,116.0,0.4470588235294118
8703,1.0,0.0,8819.0,0.9074251278315355,0.9595407838795562,114.0,116.0,0.4470588235294118
8704,1.0,0.0,8820.0,0.907146732783815,0.9592623888318357,114.0,116.0,0.4470588235294118
8705,1.0,0.0,8821.0,0.9066273277800767,0.9587429838280974,115.0,116.0,0.45098039215686275
8706,1.0,0.0,8821.0,0.905798731021396,0.960657316335102,115.0,115.0,0.45098039215686275
8707,0.0,0.0,8822.0,0.9047925677060891,0.9596511530197951,115.0,115.0,0.45098039215686275
8708,1.0,0.0,8824.0,0.9062377689833254,0.9583534250313461,116.0,116.0,0.4549019607843137
8709,1.0,0.0,8825.0,0.9073727533508917,0.9594884093989124,116.0,116.0,0.4549019607843137
8710,1.0,0.0,8826.0,0.9082005076097545,0.9603161636577752,116.0,116.0,0.4549019607843137
8711,1.0,0.0,8827.0,0.9088534992007152,0.9609691552487359,117.0,116.0,0.4588235294117647
8712,1.0,0.0,8829.0,0.9093334465226979,0.9588433197683175,117.0,117.0,0.4588235294117647
8713,1.0,0.0,8830.0,0.9095144971646738,0.9590243704102934,117.0,117.0,0.4588235294117647
8714,1.0,0.0,8831.0,0.9094606017721694,0.958970475017789,117.0,117.0,0.4588235294117647
8715,1.0,0.0,8832.0,0.9091716185152049,0.9586814917608245,117.0,117.0,0.4588235294117647
8716,1.0,0.0,8832.0,0.9085833127150561,0.9606989687630768,117.0,116.0,0.4588235294117647
8717,1.0,0.0,8833.0,0.9078212516288615,0.9599369076768822,117.0,116.0,0.4588235294117647
8718,1.0,0.0,8834.0,0.9068199556362411,0.9589356116842618,117.0,116.0,0.4588235294117647
8719,1.0,0.0,8834.0,0.9055099748040896,0.9603685601177956,116.0,115.0,0.4549019607843137
8720,1.0,0.0,8835.0,0.904021667530529,0.9588802528442351,115.0,115.0,0.45098039215686275
8721,1.0,0.0,8835.0,0.9022139707541867,0.959959850031772,116.0,114.0,0.4549019607843137
8722,1.0,0.0,8835.0,0.9001489423219347,0.9609340784036033,116.0,113.0,0.4549019607843137
8723,1.0,0.0,8836.0,0.8978990776100677,0.9586842136917364,116.0,113.0,0.4549019607843137
8724,1.0,0.0,8836.0,0.8953064930817715,0.959290846851949,116.0,112.0,0.4549019607843137
8725,1.0,0.0,8836.0,0.8924383993247431,0.9597903506617721,116.0,111.0,0.4549019607843137
8726,1.0,0.0,8836.0,0.8892872487238324,0.9601840396049155,116.0,110.0,0.4549019607843137
8727,1.0,0.0,8836.0,0.8858447487774581,0.960472949704914,116.0,109.0,0.4549019607843137
8728,1.0,0.0,8836.0,0.8821018402752351,0.9606578412515046,116.0,108.0,0.4549019607843137
8729,0.0,0.0,8836.0,0.8780486734579469,0.9607392008013884,115.0,107.0,0.45098039215686275
8730,0.0,0.0,8837.0,0.8764121745410896,0.9591027018845311,114.0,107.0,0.4470588235294118
8731,1.0,0.0,8838.0,0.8770873241268016,0.9597778514702431,115.0,107.0,0.45098039215686275
8732,1.0,0.0,8839.0,0.8774443199771507,0.9601348473205922,115.0,107.0,0.45098039215686275
8733,1.0,0.0,8840.0,0.8773780880583069,0.9600686154017484,116.0,107.0,0.4549019607843137
8734,1.0,0.0,8841.0,0.8770951803941053,0.9597857077375468,116.0,107.0,0.4549019607843137
8735,0.0,0.0,8842.0,0.8764941396689283,0.9591846670123698,117.0,107.0,0.4588235294117647
8736,1.0,0.0,8843.0,0.878204963144026,0.9608954904874675,117.0,107.0,0.4588235294117647
8737,1.0,0.0,8845.0,0.8797012868608334,0.9582572878371028,118.0,108.0,0.4627450980392157
8738,1.0,0.0,8846.0,0.880785357836072,0.9593413588123415,118.0,108.0,0.4627450980392157
8739,1.0,0.0,8847.0,0.8814600288880978,0.9600160298643673,119.0,108.0,0.4666666666666667
8740,0.0,0.0,8848.0,0.8819234654694883,0.9604794664457578,119.0,108.0,0.4666666666666667
8741,1.0,0.0,8850.0,0.884808466097563,0.959436667025019,120.0,109.0,0.47058823529411764
8742,1.0,0.0,8852.0,0.8872994377884625,0.9581962286695457,121.0,110.0,0.4745098039215686
8743,1.0,0.0,8853.0,0.8894938290524896,0.9603906199335728,121.0,110.0,0.4745098039215686
8744,1.0,0.0,8855.0,0.8914883079251392,0.9588402592621682,122.0,111.0,0.47843137254901963
8745,1.0,0.0,8856.0,0.8931151984905992,0.9604671498276282,122.0,111.0,0.47843137254901963
8746,1.0,0.0,8858.0,0.8945471619181735,0.958531515688351,123.0,112.0,0.4823529411764706
8747,1.0,0.0,8859.0,0.8956236882154682,0.9596080419856458,123.0,112.0,0.4823529411764706
8748,1.0,0.0,8860.0,0.8964296415692061,0.9604139953393837,124.0,112.0,0.48627450980392156
8749,1.0,0.0,8861.0,0.8969671429092653,0.9609514966794428,124.0,112.0,0.48627450980392156
8750,1.0,0.0,8863.0,0.8973155363744993,0.958100672456168,124.0,113.0,0.48627450980392156
8751,1.0,0.0,8864.0,0.8973196743884737,0.9581048104701424,125.0,113.0,0.49019607843137253
8752,1.0,0.0,8864.0,0.896979567840699,0.9609639216108765,125.0,112.0,0.49019607843137253
8753,1.0,0.0,8865.0,0.8964503861152873,0.9604347398854648,126.0,112.0,0.49411764705882355
8754,1.0,0.0,8866.0,0.8956528069671075,0.959637160737285,126.0,112.0,0.49411764705882355
8755,1.0,0.0,8867.0,0.8945027002808823,0.9584870540510598,127.0,112.0,0.4980392156862745
8756,1.0,0.0,8867.0,0.893074969121712,0.960426920458741,127.0,111.0,0.4980392156862745
8757,1.0,0.0,8868.0,0.8914522049578959,0.9588041562949249,127.0,111.0,0.4980392156862745
8758,1.0,0.0,8868.0,0.8894617574790815,0.9603585483601647,128.0,110.0,0.5019607843137255
8759,1.0,0.0,8869.0,0.8872713132100125,0.9581681040910957,128.0,110.0,0.5019607843137255
8760,1.0,0.0,8869.0,0.884697865846462,0.9593260667739181,128.0,109.0,0.5019607843137255
8761,1.0,0.0,8869.0,0.8818209918140865,0.9603769927903559,128.0,108.0,0.5019607843137255
8762,1.0,0.0,8870.0,0.8787338332135125,0.957289834189782,128.0,108.0,0.5019607843137255
8763,1.0,0.0,8870.0,0.8752318759407189,0.9579224032841605,128.0,107.0,0.5019607843137255
8764,0.0,0.0,8870.0,0.8714015814993483,0.9584442418608657,128.0,106.0,0.5019607843137255
8765,1.0,0.0,8871.0,0.8699760422688645,0.9570187026303819,127.0,106.0,0.4980392156862745
8766,0.0,0.0,8871.0,0.8681023212319675,0.9597261742440911,126.0,105.0,0.49411764705882355
8767,1.0,0.0,8872.0,0.8686305464660072,0.9602543994781308,116.0,105.0,0.4549019607843137
8768,1.0,0.0,8873.0,0.8688189359357106,0.9604427889478342,116.0,105.0,0.4549019607843137
8769,1.0,0.0,8874.0,0.8686679854028401,0.9602918384149637,116.0,105.0,0.4549019607843137
8770,1.0,0.0,8875.0,0.8681772976291511,0.9598011506412747,116.0,105.0,0.4549019607843137
8771,1.0,0.0,8876.0,0.8673455813310288,0.9589694343431524,117.0,105.0,0.4588235294117647
8772,1.0,0.0,8877.0,0.8661706477813729,0.9577945007934965,117.0,105.0,0.4588235294117647
8773,1.0,0.0,8877.0,0.8645319385715688,0.9609780996369621,117.0,104.0,0.4588235294117647
8774,1.0,0.0,8878.0,0.8626603833877118,0.9591065444531051,117.0,104.0,0.4588235294117647
8775,1.0,0.0,8879.0,0.8604335906063603,0.9568797516717535,117.0,104.0,0.4588235294117647
8776,1.0,0.0,8879.0,0.857722051322068,0.9592443261277451,117.0,103.0,0.4588235294117647
8777,1.0,0.0,8880.0,0.8546360963833601,0.9561583711890372,117.0,103.0,0.4588235294117647
8778,1.0,0.0,8880.0,0.8511676048561874,0.9580331572832159,117.0,102.0,0.4588235294117647
8779,1.0,0.0,8880.0,0.8473074491312678,0.9597975043176136,117.0,101.0,0.4588235294117647
8780,0.0,0.0,8881.0,0.8431896889235317,0.9556797441098775,116.0,101.0,0.4549019607843137
8781,1.0,0.0,8881.0,0.8411538418313089,0.9595644262379888,115.0,100.0,0.45098039215686275
8782,1.0,0.0,8882.0,0.8388517869749259,0.9572623713816057,113.0,100.0,0.44313725490196076
8783,1.0,0.0,8882.0,0.8359814398542703,0.9606241602823544,113.0,99.0,0.44313725490196076
8784,0.0,0.0,8883.0,0.8328392633032808,0.9574819837313648,112.0,99.0,0.4392156862745098
8785,1.0,0.0,8884.0,0.8318967589421182,0.9565394793702022,113.0,99.0,0.44313725490196076
8786,0.0,0.0,8885.0,0.8305198675487795,0.9551625879768635,113.0,99.0,0.44313725490196076
8787,0.0,0.0,8886.0,0.8313365446722294,0.9559792651003134,114.0,99.0,0.4470588235294118
8788,1.0,0.0,8887.0,0.8341891411032698,0.9588318615313538,114.0,99.0,0.4470588235294118
8789,1.0,0.0,8889.0,0.8367572016103395,0.9551677860170193,114.0,100.0,0.4470588235294118
8790,0.0,0.0,8890.0,0.8387514577863879,0.9571620421930678,114.0,100.0,0.4470588235294118
8791,1.0,0.0,8892.0,0.843248981101838,0.9557390362881838,115.0,101.0,0.45098039215686275
8792,1.0,0.0,8893.0,0.8471969946174812,0.959687049803827,115.0,101.0,0.45098039215686275
8793,1.0,0.0,8895.0,0.8508871129805347,0.9577526654075632,115.0,102.0,0.45098039215686275
8794,1.0,0.0,8896.0,0.854054672246755,0.9609202246737836,115.0,102.0,0.45098039215686275
8795,1.0,0.0,8898.0,0.8569751719794894,0.9584974467851665,115.0,103.0,0.45098039215686275
8796,1.0,0.0,8899.0,0.8593956416614111,0.9609179164670882,115.0,103.0,0.45098039215686275
8797,1.0,0.0,8901.0,0.8615762566365922,0.9580224177019855,115.0,104.0,0.45098039215686275
8798,1.0,0.0,8902.0,0.8632751321247015,0.9597212931900948,115.0,104.0,0.45098039215686275
8799,1.0,0.0,8904.0,0.8646203877751507,0.9562442407872743,115.0,105.0,0.45098039215686275
8800,0.0,0.0,8905.0,0.865609381288166,0.9572332343002896,115.0,105.0,0.45098039215686275
8801,1.0,0.0,8906.0,0.8688821675495347,0.9605060205616583,116.0,105.0,0.4549019607843137
8802,1.0,0.0,8908.0,0.8719273733616231,0.9589700337231405,116.0,106.0,0.4549019607843137
8803,1.0,0.0,8910.0,0.8746355459457158,0.9573260732891573,116.0,107.0,0.4549019607843137
8804,1.0,0.0,8911.0,0.876913099250006,0.9596036265934476,117.0,107.0,0.4588235294117647
8805,1.0,0.0,8913.0,0.8789727531541802,0.9575287541304497,117.0,108.0,0.4588235294117647
8806,1.0,0.0,8914.0,0.8806182371228208,0.9591742380990903,117.0,108.0,0.4588235294117647
8807,1.0,0.0,8915.0,0.8819545941986622,0.9605105951749316,117.0,108.0,0.4588235294117647
8808,1.0,0.0,8917.0,0.8830810182915276,0.9577092192189836,117.0,109.0,0.4588235294117647
8809,0.0,0.0,8918.0,0.8838088675319391,0.958437068459395,117.0,109.0,0.4588235294117647
8810,1.0,0.0,8920.0,0.8869582067623212,0.9578549976434043,117.0,110.0,0.4588235294117647
8811,1.0,0.0,8921.0,0.889723718933886,0.9606205098149692,116.0,110.0,0.4549019607843137
8812,1.0,0.0,8923.0,0.8922035750318853,0.9595555263689143,116.0,111.0,0.4549019607843137
8813,1.0,0.0,8925.0,0.8944817875501192,0.9584661413202967,115.0,112.0,0.45098039215686275
8814,1.0,0.0,8926.0,0.8964043909002627,0.9603887446704402,115.0,112.0,0.45098039215686275
8815,1.0,0.0,8928.0,0.898136405449242,0.9589215415309107,116.0,113.0,0.4549019607843137
8816,1.0,0.0,8929.0,0.8995263247287371,0.9603114608104057,116.0,113.0,0.4549019607843137
8817,1.0,0.0,8931.0,0.9007297692612669,0.9584756485388521,116.0,114.0,0.4549019607843137
8818,1.0,0.0,8932.0,0.9016016448248512,0.9593475241024364,116.0,114.0,0.4549019607843137
8819,1.0,0.0,8933.0,0.9022182790074291,0.9599641582850144,116.0,114.0,0.4549019607843137
8820,1.0,0.0,8934.0,0.9025812945305334,0.9603271738081186,116.0,114.0,0.4549019607843137
8821,1.0,0.0,8935.0,0.9026916466981726,0.9604375259757578,115.0,114.0,0.45098039215686275
8822,1.0,0.0,8936.0,0.9025496259107874,0.9602955051883726,115.0,114.0,0.45098039215686275
8823,1.0,0.0,8937.0,0.9021548584294641,0.9599007377070493,116.0,114.0,0.4549019607843137
8824,1.0,0.0,8938.0,0.9015063053924095,0.9592521846699947,116.0,114.0,0.4549019607843137
8825,1.0,0.0,8939.0,0.900602260081105,0.9583481393586902,116.0,114.0,0.4549019607843137
8826,0.0,0.0,8939.0,0.899366310250381,0.9601514463320497,116.0,113.0,0.4549019607843137
8827,1.0,0.0,8941.0,0.9006490767078885,0.9583949559854738,116.0,114.0,0.4549019607843137
8828,1.0,0.0,8942.0,0.9016000618476259,0.9593459411252111,117.0,114.0,0.4588235294117647
8829,1.0,0.0,8943.0,0.9022958014406274,0.9600416807182126,117.0,114.0,0.4588235294117647
8830,1.0,0.0,8944.0,0.9027381263805583,0.9604840056581435,117.0,114.0,0.4588235294117647
8831,1.0,0.0,8945.0,0.9029282006804189,0.9606740799580041,117.0,114.0,0.4588235294117647
8832,1.0,0.0,8946.0,0.902866524535735,0.9606124038133202,116.0,114.0,0.4549019607843137
8833,1.0,0.0,8947.0,0.9025529356408626,0.9602988149184478,116.0,114.0,0.4549019607843137
8834,1.0,0.0,8948.0,0.9019866087618678,0.959732488039453,115.0,114.0,0.45098039215686275
8835,1.0,0.0,8949.0,0.9011660535648587,0.9589119328424439,113.0,114.0,0.44313725490196076
8836,1.0,0.0,8949.0,0.9000150775154927,0.9608002135971614,107.0,113.0,0.4196078431372549
8837,1.0,0.0,8950.0,0.8986789129107051,0.9594640489923738,107.0,113.0,0.4196078431372549
8838,1.0,0.0,8950.0,0.897002080687648,0.9609864344578255,107.0,112.0,0.4196078431372549
8839,1.0,0.0,8951.0,0.8951362325312879,0.9591205863014655,107.0,112.0,0.4196078431372549
8840,0.0,0.0,8951.0,0.8929164974304724,0.9602684487675014,107.0,111.0,0.4196078431372549
8841,1.0,0.0,8952.0,0.8931328912416131,0.9604848425786421,107.0,111.0,0.4196078431372549
8842,1.0,0.0,8953.0,0.8930723732519572,0.9604243245889862,107.0,111.0,0.4196078431372549
8843,1.0,0.0,8954.0,0.892734784203637,0.960086735540666,107.0,111.0,0.4196078431372549
8844,1.0,0.0,8955.0,0.8921192357044202,0.9594711870414492,108.0,111.0,0.4235294117647059
8845,1.0,0.0,8956.0,0.8912241078898351,0.9585760592268641,108.0,111.0,0.4235294117647059
8846,1.0,0.0,8956.0,0.8899606965048095,0.9608574873858926,108.0,110.0,0.4235294117647059
8847,0.0,0.0,8957.0,0.8884986013269651,0.9593953922080483,108.0,110.0,0.4235294117647059
8848,1.0,0.0,8958.0,0.8893792050292213,0.9602759959103044,108.0,110.0,0.4235294117647059
8849,1.0,0.0,8959.0,0.8899732460423733,0.9608700369234564,109.0,110.0,0.42745098039215684
8850,1.0,0.0,8961.0,0.8903686362878057,0.9577205876248347,109.0,111.0,0.42745098039215684
8851,1.0,0.0,8962.0,0.8903934917217393,0.9577454430587683,110.0,111.0,0.43137254901960786
8852,0.0,0.0,8962.0,0.8900478777532113,0.9609446686342944,110.0,110.0,0.43137254901960786
8853,1.0,0.0,8964.0,0.892221737019131,0.95957368835616,110.0,111.0,0.43137254901960786
8854,1.0,0.0,8966.0,0.8940299380544241,0.9580142918246016,111.0,112.0,0.43529411764705883
8855,1.0,0.0,8967.0,0.8955592705056499,0.9595436242758274,111.0,112.0,0.43529411764705883
8856,1.0,0.0,8968.0,0.8968178604930297,0.9608022142632072,111.0,112.0,0.43529411764705883
8857,1.0,0.0,8970.0,0.8978869497571209,0.9586720858387896,112.0,113.0,0.4392156862745098
8858,1.0,0.0,8971.0,0.8986132872893802,0.9593984233710489,112.0,113.0,0.4392156862745098
8859,1.0,0.0,8972.0,0.8989987845043664,0.9597839205860351,112.0,113.0,0.4392156862745098
8860,1.0,0.0,8973.0,0.899196418708639,0.9599815547903077,112.0,113.0,0.4392156862745098
8861,1.0,0.0,8974.0,0.8991326768136478,0.9599178128953165,112.0,113.0,0.4392156862745098
8862,1.0,0.0,8975.0,0.8988073910775642,0.9595925271592329,113.0,113.0,0.44313725490196076
8863,1.0,0.0,8976.0,0.8982197054852933,0.959004841566962,113.0,113.0,0.44313725490196076
8864,1.0,0.0,8977.0,0.8973680734958027,0.9581532095774714,112.0,113.0,0.4392156862745098
8865,1.0,0.0,8977.0,0.8961723243106345,0.9601566780808121,112.0,112.0,0.4392156862745098
8866,1.0,0.0,8978.0,0.8947853756227506,0.9587697293929281,112.0,112.0,0.4392156862745098
8867,0.0,0.0,8978.0,0.8930436166827569,0.9603955680197859,111.0,111.0,0.43529411764705883
8868,1.0,0.0,8980.0,0.89382035240185,0.9578047061720275,110.0,112.0,0.43137254901960786
8869,1.0,0.0,8981.0,0.8942397383340416,0.9582240921042191,108.0,112.0,0.4235294117647059
8870,1.0,0.0,8982.0,0.8943849093493039,0.9583692631194815,106.0,112.0,0.41568627450980394
8871,1.0,0.0,8983.0,0.8942562474766247,0.9582406012468022,105.0,112.0,0.4117647058823529
8872,1.0,0.0,8984.0,0.8938534141321282,0.9578377679023057,105.0,112.0,0.4117647058823529
8873,1.0,0.0,8984.0,0.8930933180052837,0.9604452693423127,105.0,111.0,0.4117647058823529
8874,1.0,0.0,8985.0,0.8921382371603293,0.9594901884973582,105.0,111.0,0.4117647058823529
8875,1.0,0.0,8986.0,0.8909036270038377,0.9582555783408667,105.0,111.0,0.4117647058823529
8876,1.0,0.0,8986.0,0.8892998899061532,0.9601966807872363,105.0,110.0,0.4117647058823529
8877,1.0,0.0,8987.0,0.8874957300509165,0.9583925209319997,104.0,110.0,0.40784313725490196
8878,1.0,0.0,8987.0,0.8853091576718326,0.9599373585992885,104.0,109.0,0.40784313725490196
8879,1.0,0.0,8988.0,0.8829164444672981,0.957544645394754,103.0,109.0,0.403921568627451
8880,0.0,0.0,8988.0,0.8801247233212983,0.9586807242975678,101.0,108.0,0.396078431372549
8881,1.0,0.0,8989.0,0.8797498326900138,0.9583058336662833,100.0,108.0,0.39215686274509803
8882,1.0,0.0,8990.0,0.879063529891107,0.9576195308673765,99.0,108.0,0.38823529411764707
8883,1.0,0.0,8990.0,0.8779632960428164,0.9606538233862579,99.0,107.0,0.38823529411764707
8884,1.0,0.0,8991.0,0.8766479264701799,0.9593384538136214,99.0,107.0,0.38823529411764707
8885,1.0,0.0,8992.0,0.875013246852558,0.9577037741959995,99.0,107.0,0.38823529411764707
8886,1.0,0.0,8992.0,0.8729489419048886,0.959991602266406,99.0,106.0,0.38823529411764707
8887,0.0,0.0,8993.0,0.8706618852218049,0.9577045455833223,99.0,106.0,0.38823529411764707
8888,0.0,0.0,8994.0,0.8706716236838627,0.9577142840453802,100.0,106.0,0.39215686274509803
8889,1.0,0.0,8995.0,0.8729781829185934,0.9600208432801108,100.0,106.0,0.39215686274509803
8890,0.0,0.0,8997.0,0.8750620673679457,0.9577525947113872,100.0,107.0,0.39215686274509803
8891,1.0,0.0,8999.0,0.8794487467314245,0.958004747707694,101.0,108.0,0.396078431372549
8892,1.0,0.0,9001.0,0.8835181859547225,0.9581463868821785,101.0,109.0,0.396078431372549
8893,1.0,0.0,9003.0,0.8872810940884279,0.9581778849695111,101.0,110.0,0.396078431372549
8894,1.0,0.0,9005.0,0.8907473735223659,0.9580993248593949,102.0,111.0,0.4
8895,1.0,0.0,9007.0,0.8939261460445207,0.9579104998146982,102.0,112.0,0.4
8896,1.0,0.0,9008.0,0.8967478471840967,0.9607322009542743,102.0,112.0,0.4
8897,1.0,0.0,9010.0,0.8993798633548344,0.9601649994365031,103.0,113.0,0.403921568627451
8898,1.0,0.0,9012.0,0.9016730565137342,0.9594189357913194,103.0,114.0,0.403921568627451
8899,1.0,0.0,9014.0,0.9037037928992684,0.9585623782129744,103.0,115.0,0.403921568627451
8900,1.0,0.0,9015.0,0.9054846347894667,0.9603432201031727,104.0,115.0,0.40784313725490196
8901,1.0,0.0,9017.0,0.9070870835540069,0.9592027396020276,104.0,116.0,0.40784313725490196
8902,1.0,0.0,9018.0,0.9083815504472206,0.9604972064952413,104.0,116.0,0.40784313725490196
8903,1.0,0.0,9020.0,0.9095017311010518,0.9590116043466714,105.0,117.0,0.4117647058823529
8904,0.0,0.0,9021.0,0.9103234579290301,0.9598333311746498,105.0,117.0,0.4117647058823529
8905,1.0,0.0,9023.0,0.9136042470006587,0.9606386265839973,105.0,118.0,0.4117647058823529
8906,1.0,0.0,9026.0,0.9167121000167497,0.9591606275907129,105.0,120.0,0.4117647058823529
8907,1.0,0.0,9028.0,0.9194890676971637,0.9598151688924287,106.0,121.0,0.41568627450980394
8908,1.0,0.0,9030.0,0.9221058646328341,0.9604156607683358,106.0,122.0,0.41568627450980394
8909,1.0,0.0,9032.0,0.9245176770017488,0.9609119833304754,107.0,123.0,0.4196078431372549
8910,1.0,0.0,9035.0,0.9267729617573599,0.9596188232190357,107.0,125.0,0.4196078431372549
8911,1.0,0.0,9037.0,0.9287912173820199,0.9599947857706118,107.0,126.0,0.4196078431372549
8912,1.0,0.0,9039.0,0.9306220814734745,0.9602654714426369,108.0,127.0,0.4235294117647059
8913,1.0,0.0,9041.0,0.9322323677490082,0.9603935882197124,108.0,128.0,0.4235294117647059
8914,1.0,0.0,9043.0,0.9337004222790057,0.9604535817261748,108.0,129.0,0.4235294117647059
8915,1.0,0.0,9045.0,0.9349940042360535,0.9604095057108641,108.0,130.0,0.4235294117647059
8916,1.0,0.0,9047.0,0.936116517783196,0.9602612441842662,109.0,131.0,0.42745098039215684
8917,1.0,0.0,9049.0,0.9370709169034521,0.9600084069844687,109.0,132.0,0.42745098039215684
8918,1.0,0.0,9050.0,0.9378317764868171,0.9607692665678337,109.0,132.0,0.42745098039215684
8919,1.0,0.0,9052.0,0.9384290354819894,0.9602196510589551,110.0,133.0,0.43137254901960786
8920,1.0,0.0,9053.0,0.9388656624574989,0.9606562780344646,110.0,133.0,0.43137254901960786
8921,1.0,0.0,9054.0,0.939142806431702,0.9609334220086677,110.0,133.0,0.43137254901960786
8922,1.0,0.0,9056.0,0.9392611967308468,0.9599622815289643,111.0,134.0,0.43529411764705883
8923,0.0,0.0,9056.0,0.9391932082217149,0.9609838237986806,111.0,133.0,0.43529411764705883
8924,1.0,0.0,9060.0,0.9416764701854832,0.9603591992157842,112.0,136.0,0.4392156862745098
8925,1.0,0.0,9063.0,0.9439988679455069,0.9608600308953535,112.0,138.0,0.4392156862745098
8926,1.0,0.0,9067.0,0.9461891826984226,0.9606455222825473,112.0,141.0,0.4392156862745098
8927,1.0,0.0,9071.0,0.9482304618915676,0.9606249660425066,113.0,144.0,0.44313725490196076
8928,1.0,0.0,9075.0,0.9501147956746714,0.9607415336710827,113.0,147.0,0.44313725490196076
8929,1.0,0.0,9079.0,0.9518760162576059,0.960987115747279,113.0,150.0,0.44313725490196076
8930,1.0,0.0,9084.0,0.9535048853476309,0.9609259328263414,114.0,154.0,0.4470588235294118
8931,1.0,0.0,9090.0,0.95502161497375,0.9607638800490588,114.0,159.0,0.4470588235294118
8932,1.0,0.0,9096.0,0.9564041038677021,0.960847359121048,114.0,164.0,0.4470588235294118
8933,1.0,0.0,9103.0,0.9576758249281749,0.9609420258328865,114.0,170.0,0.4470588235294118
8934,1.0,0.0,9112.0,0.9588305047599315,0.9609973691728119,114.0,178.0,0.4470588235294118
8935,1.0,1.0,9056.0,0.9590130780750923,0.9993391792703573,114.0,121.0,0.4470588235294118
8936,1.0,1.0,9057.0,0.9599357119084557,1.0002618131037206,114.0,121.0,0.4470588235294118
8937,1.0,1.0,9059.0,0.9608046135344738,0.9991144096699756,114.0,122.0,0.4470588235294118
8938,1.0,1.0,9060.0,0.9614745949162966,0.9997843910517983,114.0,122.0,0.4470588235294118
8939,1.0,1.0,9061.0,0.9620923087764126,1.0004021049119143,113.0,122.0,0.44313725490196076
8940,1.0,1.0,9062.0,0.962612721310524,1.0009225174460257,114.0,122.0,0.4470588235294118
8941,1.0,1.0,9064.0,0.9630838613923873,0.999478167721114,114.0,123.0,0.4470588235294118
8942,1.0,1.0,9065.0,0.9634135273423392,0.9998078336710658,114.0,123.0,0.4470588235294118
8943,1.0,1.0,9066.0,0.963649246069441,1.0000435523981677,114.0,123.0,0.4470588235294118
8944,1.0,1.0,9067.0,0.9637916378861326,1.0001859442148593,114.0,123.0,0.4470588235294118
8945,1.0,1.0,9068.0,0.963841077507721,1.0002353838364475,114.0,123.0,0.4470588235294118
8946,1.0,1.0,9069.0,0.9637976950384737,1.0001920013672003,114.0,123.0,0.4470588235294118
8947,1.0,1.0,9070.0,0.9636613763139976,1.0000556826427243,114.0,123.0,0.4470588235294118
8948,1.0,1.0,9071.0,0.9634317626008078,0.9998260689295344,114.0,123.0,0.4470588235294118
8949,1.0,1.0,9072.0,0.9631082496522902,0.9995025559810169,113.0,123.0,0.44313725490196076
8950,1.0,1.0,9072.0,0.9626433267514922,1.000953122886994,112.0,122.0,0.4392156862745098
8951,1.0,1.0,9073.0,0.9621292119390803,1.000439008074582,111.0,122.0,0.43529411764705883
8952,1.0,1.0,9074.0,0.9614687777909992,0.9997785739265008,111.0,122.0,0.43529411764705883
8953,1.0,1.0,9075.0,0.9607560608129869,0.9990658569484887,111.0,122.0,0.43529411764705883
8954,1.0,1.0,9075.0,0.9598934109437103,1.0002195121389752,111.0,121.0,0.43529411764705883
8955,1.0,1.0,9077.0,0.9590260326720106,0.9973358288075123,111.0,122.0,0.43529411764705883
8956,1.0,0.0,9134.0,0.9588020091877072,0.9609688736005876,110.0,178.0,0.43137254901960786
8957,1.0,0.0,9127.0,0.9576409615278221,0.9609071624325336,110.0,170.0,0.43137254901960786
8958,1.0,0.0,9122.0,0.9563667589586348,0.9608100142119806,110.0,164.0,0.43137254901960786
8959,1.0,0.0,9118.0,0.9549750461847243,0.960717311260033,110.0,159.0,0.43137254901960786
8960,1.0,0.0,9114.0,0.9534637132591697,0.9608847607378802,111.0,154.0,0.43529411764705883
8961,1.0,0.0,9111.0,0.9518227557349276,0.9609338552246007,111.0,150.0,0.43529411764705883
8962,1.0,0.0,9109.0,0.9500598485678516,0.960686586564263,110.0,147.0,0.43137254901960786
8963,1.0,0.0,9107.0,0.9481600595798845,0.9605545637308235,111.0,144.0,0.43529411764705883
8964,1.0,0.0,9105.0,0.946117480989553,0.9605738205736777,111.0,141.0,0.43529411764705883
8965,1.0,0.0,9103.0,0.9439451873809512,0.9608063503307979,112.0,138.0,0.4392156862745098
8966,0.0,0.0,9102.0,0.9416221357319003,0.9603048647622013,112.0,136.0,0.4392156862745098
8967,1.0,0.0,9103.0,0.9418226061638997,0.9605053351942007,112.0,136.0,0.4392156862745098
8968,1.0,0.0,9104.0,0.9418711758019027,0.9605539048322037,112.0,136.0,0.4392156862745098
8969,1.0,0.0,9105.0,0.9417440202440402,0.9604267492743412,113.0,136.0,0.44313725490196076
8970,1.0,0.0,9106.0,0.9414875116929993,0.9601702407233003,113.0,136.0,0.44313725490196076
8971,1.0,0.0,9106.0,0.9410542683037013,0.9607202988619129,113.0,135.0,0.44313725490196076
8972,0.0,0.0,9107.0,0.9404911174275241,0.9601571479857357,113.0,135.0,0.44313725490196076
8973,1.0,0.0,9110.0,0.9424509106417166,0.9601995032205025,113.0,137.0,0.44313725490196076
8974,1.0,0.0,9113.0,0.9442558426990058,0.9602739475013601,113.0,139.0,0.44313725490196076
8975,1.0,0.0,9116.0,0.9459109964986238,0.9603673360827485,113.0,141.0,0.44313725490196076
8976,1.0,0.0,9119.0,0.9474034212311223,0.9604502677057949,113.0,143.0,0.44313725490196076
8977,1.0,0.0,9122.0,0.948771649430656,0.960546428374048,112.0,145.0,0.4392156862745098
8978,1.0,0.0,9125.0,0.9500027998144585,0.9606295378108698,111.0,147.0,0.43529411764705883
8979,1.0,0.0,9128.0,0.9511003332227297,0.9606909642644909,112.0,149.0,0.4392156862745098
8980,1.0,0.0,9131.0,0.9520673373274002,0.9607228818425897,112.0,151.0,0.4392156862745098
8981,1.0,0.0,9134.0,0.952906536858187,0.9607181657831455,112.0,153.0,0.4392156862745098
8982,1.0,0.0,9137.0,0.9536017500500313,0.9606517451548063,112.0,155.0,0.4392156862745098
8983,1.0,0.0,9139.0,0.9541829734084404,0.9608804687579767,112.0,156.0,0.4392156862745098
8984,1.0,0.0,9142.0,0.9546513749898207,0.9606958645427772,111.0,158.0,0.43529411764705883
8985,1.0,0.0,9144.0,0.954984919000156,0.9607271840754648,111.0,159.0,0.43529411764705883
8986,1.0,0.0,9145.0,0.9552000022710181,0.9609422673463268,110.0,159.0,0.43137254901960786
8987,1.0,0.0,9147.0,0.955304552689316,0.9607597045108592,109.0,160.0,0.42745098039215684
8988,1.0,0.0,9148.0,0.9552848394142606,0.9607399912358038,108.0,160.0,0.4235294117647059
8989,1.0,0.0,9148.0,0.9551408105688126,0.9608830756441213,108.0,159.0,0.4235294117647059
8990,1.0,0.0,9148.0,0.9548787312248613,0.9609232207778179,107.0,158.0,0.4196078431372549
8991,1.0,0.0,9148.0,0.9544979116999228,0.9608605322819823,107.0,157.0,0.4196078431372549
8992,1.0,0.0,9148.0,0.9539973498373524,0.9606948451868887,106.0,156.0,0.41568627450980394
8993,1.0,0.0,9147.0,0.9533666899138284,0.960787737392539,106.0,154.0,0.41568627450980394
8994,1.0,0.0,9146.0,0.9526118823768568,0.9608346496662868,106.0,152.0,0.41568627450980394
8995,1.0,0.0,9145.0,0.9517307865786844,0.9608418860683575,106.0,150.0,0.41568627450980394
8996,1.0,0.0,9144.0,0.950720912863189,0.9608163139597797,107.0,148.0,0.4196078431372549
8997,1.0,0.0,9143.0,0.9495930382362207,0.9607790782324431,107.0,146.0,0.4196078431372549
8998,1.0,0.0,9142.0,0.9483174178394334,0.9607119219903724,108.0,144.0,0.4235294117647059
8999,1.0,0.0,9141.0,0.9469034049981557,0.9606369276030743,108.0,142.0,0.4235294117647059
9000,1.0,0.0,9140.0,0.9453470208965336,0.9605642204587701,109.0,140.0,0.42745098039215684
9001,1.0,0.0,9139.0,0.9436438842141567,0.9605050471640033,109.0,138.0,0.42745098039215684
9002,1.0,0.0,9138.0,0.9417891965882601,0.9604719256185611,110.0,136.0,0.43137254901960786
9003,1.0,0.0,9137.0,0.9397777266534824,0.9604788114515999,110.0,134.0,0.43137254901960786
9004,1.0,0.0,9136.0,0.9376317292687089,0.9605692193497254,111.0,132.0,0.43529411764705883
9005,1.0,0.0,9135.0,0.935321604855695,0.9607371063305057,111.0,130.0,0.43529411764705883
9006,1.0,0.0,9134.0,0.9328069752173018,0.9609681956880061,112.0,128.0,0.4392156862745098
9007,1.0,0.0,9134.0,0.9301481058057302,0.9597914957748925,112.0,127.0,0.4392156862745098
9008,1.0,0.0,9133.0,0.927265411045106,0.9601112725067817,112.0,125.0,0.4392156862745098
9009,1.0,0.0,9132.0,0.924184987418823,0.9605792937475497,113.0,123.0,0.44313725490196076
9010,1.0,0.0,9132.0,0.9209471606803341,0.9592569568158358,113.0,122.0,0.44313725490196076
9011,1.0,0.0,9131.0,0.9174496000244243,0.9598981275983874,114.0,120.0,0.4470588235294118
9012,0.0,0.0,9130.0,0.9137266311347796,0.9607610107181183,114.0,118.0,0.4470588235294118
9013,0.0,0.0,9131.0,0.9125229276871216,0.9595573072704603,115.0,118.0,0.45098039215686275
9014,1.0,0.0,9132.0,0.9137236153892885,0.9607579949726271,115.0,118.0,0.45098039215686275
9015,1.0,0.0,9134.0,0.9147575604607041,0.9594402210648758,115.0,119.0,0.45098039215686275
9016,1.0,0.0,9135.0,0.9155127621336082,0.9601954227377799,116.0,119.0,0.4549019607843137
9017,1.0,0.0,9136.0,0.9159912077808244,0.9606738683849961,116.0,119.0,0.4549019607843137
9018,1.0,0.0,9137.0,0.9162485776590428,0.9609312382632145,116.0,119.0,0.4549019607843137
9019,1.0,0.0,9139.0,0.916397255708927,0.9588457832828902,117.0,120.0,0.4588235294117647
9020,1.0,0.0,9139.0,0.9162198052180579,0.9609024658222296,117.0,119.0,0.4588235294117647
9021,1.0,0.0,9140.0,0.915879165992707,0.9605618265968787,117.0,119.0,0.4588235294117647
9022,1.0,0.0,9141.0,0.915320020424663,0.9600026810288347,118.0,119.0,0.4627450980392157
9023,1.0,0.0,9142.0,0.914540897078221,0.9592235576823926,118.0,119.0,0.4627450980392157
9024,1.0,0.0,9142.0,0.9134824601664713,0.96051683974981,119.0,118.0,0.4666666666666667
9025,1.0,0.0,9143.0,0.912256646004963,0.9592910255883017,120.0,118.0,0.47058823529411764
9026,1.0,0.0,9143.0,0.9107426428179968,0.9602525160636164,120.0,117.0,0.47058823529411764
9027,0.0,0.0,9144.0,0.9089937518489727,0.9585036250945923,121.0,117.0,0.4745098039215686
9028,1.0,0.0,9145.0,0.9097004238970727,0.9592102971426923,121.0,117.0,0.4745098039215686
9029,1.0,0.0,9146.0,0.9101726391915672,0.9596825124371868,122.0,117.0,0.47843137254901963
9030,1.0,0.0,9147.0,0.910411640404284,0.9599215136499036,122.0,117.0,0.47843137254901963
9031,1.0,0.0,9148.0,0.9104180564857829,0.9599279297314025,123.0,117.0,0.4823529411764706
9032,1.0,0.0,9149.0,0.9101919043204888,0.9597017775661084,123.0,117.0,0.4823529411764706
9033,1.0,0.0,9150.0,0.909732588771125,0.9592424620167446,124.0,117.0,0.48627450980392156
9034,1.0,0.0,9151.0,0.909038901112561,0.9585487743581806,125.0,117.0,0.49019607843137253
9035,1.0,0.0,9151.0,0.9080455416544901,0.9601611977025108,125.0,116.0,0.49019607843137253
9036,1.0,0.0,9152.0,0.9068770117233717,0.9589926677713924,126.0,116.0,0.49411764705882355
9037,1.0,0.0,9152.0,0.9053999471003198,0.9602585324140258,126.0,115.0,0.49411764705882355
9038,1.0,0.0,9153.0,0.9037442664892703,0.9586028518029763,127.0,115.0,0.4980392156862745
9039,1.0,0.0,9153.0,0.9017684663726988,0.959514345650284,127.0,114.0,0.4980392156862745
9040,0.0,0.0,9153.0,0.8995341622202662,0.9603192983019349,128.0,113.0,0.5019607843137255
9041,1.0,0.0,9154.0,0.8996670532315711,0.9604521893132398,128.0,113.0,0.5019607843137255
9042,1.0,0.0,9155.0,0.8996138398340758,0.9603989759157445,129.0,113.0,0.5058823529411764
9043,1.0,0.0,9156.0,0.899300348813963,0.9600854848956317,129.0,113.0,0.5058823529411764
9044,1.0,0.0,9157.0,0.898725755194864,0.9595108912765327,130.0,113.0,0.5098039215686274
9045,1.0,0.0,9158.0,0.8978885468883071,0.9586736829699758,130.0,113.0,0.5098039215686274
9046,1.0,0.0,9158.0,0.8967085910528956,0.9606929448230731,131.0,112.0,0.5137254901960784
9047,1.0,0.0,9159.0,0.8953388469430368,0.9593232007132143,131.0,112.0,0.5137254901960784
9048,1.0,0.0,9159.0,0.8936157490845429,0.9609677004215719,132.0,111.0,0.5176470588235295
9049,1.0,0.0,9160.0,0.8916990413265685,0.9590509926635975,132.0,111.0,0.5176470588235295
9050,1.0,0.0,9160.0,0.8894152998229872,0.9603120907040703,132.0,110.0,0.5176470588235295
9051,0.0,0.0,9161.0,0.8869314392721614,0.9578282301532446,133.0,110.0,0.5215686274509804
9052,1.0,0.0,9162.0,0.8867861534907657,0.9576829443718489,133.0,110.0,0.5215686274509804
9053,1.0,0.0,9162.0,0.886256587878785,0.9608847888062411,133.0,109.0,0.5215686274509804
9054,1.0,0.0,9163.0,0.8855233746787408,0.9601515756061967,133.0,109.0,0.5215686274509804
9055,1.0,0.0,9164.0,0.8844936910605691,0.9591218919880251,134.0,109.0,0.5254901960784314
9056,0.0,0.0,9165.0,0.8830691501498616,0.9576973510773177,132.0,109.0,0.5176470588235295
9057,1.0,0.0,9166.0,0.8840641526044354,0.9586923535318914,132.0,109.0,0.5176470588235295
9058,1.0,0.0,9167.0,0.8846631674021153,0.9592913683295712,133.0,109.0,0.5215686274509804
9059,1.0,0.0,9168.0,0.8850543413999507,0.9596825423274067,133.0,109.0,0.5215686274509804
9060,0.0,0.0,9169.0,0.8851478106815563,0.9597760116090124,132.0,109.0,0.5176470588235295
9061,1.0,0.0,9171.0,0.8875706163070611,0.9584674071881443,132.0,110.0,0.5176470588235295
9062,1.0,0.0,9172.0,0.8897020997994559,0.960598890680539,132.0,110.0,0.5176470588235295
9063,1.0,0.0,9174.0,0.8916342189813865,0.9589861703184155,132.0,111.0,0.5176470588235295
9064,1.0,0.0,9175.0,0.8931991338325911,0.9605510851696201,132.0,111.0,0.5176470588235295
9065,1.0,0.0,9177.0,0.8945693424283891,0.9585536961985667,132.0,112.0,0.5176470588235295
9066,1.0,0.0,9178.0,0.8955841722636713,0.9595685260338488,132.0,112.0,0.5176470588235295
9067,1.0,0.0,9179.0,0.8963283251660497,0.9603126789362272,131.0,112.0,0.5137254901960784
9068,1.0,0.0,9180.0,0.8968037594326357,0.9607881132028132,131.0,112.0,0.5137254901960784
9069,1.0,0.0,9181.0,0.8970117262062363,0.9609960799764138,131.0,112.0,0.5137254901960784
9070,1.0,0.0,9182.0,0.8969527727678344,0.9609371265380119,131.0,112.0,0.5137254901960784
9071,1.0,0.0,9183.0,0.8966267439768026,0.9606110977469802,130.0,112.0,0.5098039215686274
9072,1.0,0.0,9184.0,0.8960327818626385,0.960017135632816,129.0,112.0,0.5058823529411764
9073,1.0,0.0,9185.0,0.8951693233671467,0.9591536771373242,129.0,112.0,0.5058823529411764
9074,0.0,0.0,9186.0,0.8940340962311287,0.9580184500013063,129.0,112.0,0.5058823529411764
9075,1.0,0.0,9187.0,0.8952556919621213,0.9592400457322988,127.0,112.0,0.4980392156862745
9076,1.0,0.0,9188.0,0.8962057463383637,0.9601901001085412,128.0,112.0,0.5019607843137255
9077,1.0,0.0,9189.0,0.8968867595029515,0.960871113273129,128.0,112.0,0.5019607843137255
9078,1.0,0.0,9191.0,0.8973784532574345,0.9581635893391032,129.0,113.0,0.5058823529411764
9079,1.0,0.0,9192.0,0.8975260571314024,0.9583111932130711,129.0,113.0,0.5058823529411764
9080,1.0,0.0,9193.0,0.8974078892177457,0.9581930252994144,130.0,113.0,0.5098039215686274
9081,1.0,0.0,9193.0,0.8969457088866273,0.9609300626568048,131.0,112.0,0.5137254901960784
9082,0.0,0.0,9194.0,0.8962943642753614,0.9602787180455389,132.0,112.0,0.5176470588235295
9083,1.0,0.0,9196.0,0.8980837202665495,0.9588688563482182,133.0,113.0,0.5215686274509804
9084,1.0,0.0,9197.0,0.899530842343036,0.9603159784247047,133.0,113.0,0.5215686274509804
9085,1.0,0.0,9199.0,0.9007135718993728,0.9584594511769581,134.0,114.0,0.5254901960784314
9086,1.0,0.0,9200.0,0.9015646898621275,0.9593105691397127,135.0,114.0,0.5294117647058824
9087,1.0,0.0,9201.0,0.9022308007136067,0.959976679991192,136.0,114.0,0.5333333333333333
9088,1.0,0.0,9202.0,0.9026433258574709,0.9603892051350561,137.0,114.0,0.5372549019607843
9089,1.0,0.0,9203.0,0.9028033508862037,0.9605492301637889,138.0,114.0,0.5411764705882353
9090,1.0,0.0,9204.0,0.902637263739741,0.9603831430173262,138.0,114.0,0.5411764705882353
9091,1.0,0.0,9205.0,0.9022889920448385,0.9600348713224237,139.0,114.0,0.5450980392156862
9092,0.0,0.0,9206.0,0.9016872877774033,0.9594331670549885,140.0,114.0,0.5490196078431373
9093,1.0,0.0,9208.0,0.9035324779721537,0.9583910632858598,141.0,115.0,0.5529411764705883
9094,1.0,0.0,9209.0,0.9050569913231795,0.9599155766368855,142.0,115.0,0.5568627450980392
9095,1.0,0.0,9211.0,0.9064019861710046,0.9585176422190254,143.0,116.0,0.5607843137254902
9096,1.0,0.0,9212.0,0.9074371962596531,0.9595528523076738,143.0,116.0,0.5607843137254902
9097,1.0,0.0,9213.0,0.9082321607698516,0.9603478168178723,144.0,116.0,0.5647058823529412
9098,1.0,0.0,9214.0,0.9087889717134692,0.9609046277614899,145.0,116.0,0.5686274509803921
9099,1.0,0.0,9216.0,0.9091725685789314,0.958682441824551,146.0,117.0,0.5725490196078431
9100,1.0,0.0,9217.0,0.909256845401377,0.9587667186469966,147.0,117.0,0.5764705882352941
9101,1.0,0.0,9218.0,0.9091054981583866,0.9586153714040062,148.0,117.0,0.5803921568627451
9102,1.0,0.0,9218.0,0.9086546543712729,0.9607703104192936,148.0,116.0,0.5803921568627451
9103,1.0,0.0,9219.0,0.9080302430393139,0.9601458990873346,146.0,116.0,0.5725490196078431
9104,1.0,0.0,9220.0,0.9071671467783251,0.9592828028263458,146.0,116.0,0.5725490196078431
9105,0.0,0.0,9220.0,0.9059962793387051,0.9608548646524111,145.0,115.0,0.5686274509803921
9106,1.0,0.0,9222.0,0.9073467590974715,0.9594624151454922,144.0,116.0,0.5647058823529412
9107,1.0,0.0,9223.0,0.9083899403416045,0.9605055963896252,143.0,116.0,0.5607843137254902
9108,1.0,0.0,9225.0,0.9092588574250247,0.9587687306706443,144.0,117.0,0.5647058823529412
9109,1.0,0.0,9226.0,0.909828681541339,0.9593385547869586,144.0,117.0,0.5647058823529412
9110,1.0,0.0,9227.0,0.9101643864241644,0.959674259669784,144.0,117.0,0.5647058823529412
9111,1.0,0.0,9228.0,0.9102668555074033,0.9597767287530229,144.0,117.0,0.5647058823529412
9112,1.0,0.0,9229.0,0.9101363584465376,0.9596462316921572,144.0,117.0,0.5647058823529412
9113,1.0,0.0,9230.0,0.9097725518282497,0.9592824250738693,144.0,117.0,0.5647058823529412
9114,1.0,0.0,9231.0,0.9091744782667014,0.958684351512321,144.0,117.0,0.5647058823529412
9115,1.0,0.0,9231.0,0.9082770896876307,0.9603927457356514,145.0,116.0,0.5686274509803921
9116,1.0,0.0,9232.0,0.907205139972442,0.9593207960204627,145.0,116.0,0.5686274509803921
9117,1.0,0.0,9232.0,0.9058255190607121,0.9606841043744181,146.0,115.0,0.5725490196078431
9118,0.0,0.0,9233.0,0.9042684020871958,0.9591269874009019,146.0,115.0,0.5725490196078431
9119,1.0,0.0,9234.0,0.9050944553793645,0.9599530406930705,146.0,115.0,0.5725490196078431
9120,1.0,0.0,9235.0,0.9056742738143024,0.9605328591280085,147.0,115.0,0.5764705882352941
9121,1.0,0.0,9236.0,0.9060093832299967,0.9608679685437027,148.0,115.0,0.5803921568627451
9122,1.0,0.0,9237.0,0.9060303339736973,0.9608889192874033,147.0,115.0,0.5764705882352941
9123,1.0,0.0,9238.0,0.905803996122592,0.960662581436298,148.0,115.0,0.5803921568627451
9124,1.0,0.0,9239.0,0.9054001055703895,0.9602586908840955,149.0,115.0,0.5843137254901961
9125,1.0,0.0,9240.0,0.9046804529839316,0.9595390382976376,149.0,115.0,0.5843137254901961
9126,1.0,0.0,9241.0,0.9037802910039066,0.9586388763176126,150.0,115.0,0.5882352941176471
9127,1.0,0.0,9241.0,0.902560104319714,0.9603059835972992,150.0,114.0,0.5882352941176471
9128,1.0,0.0,9242.0,0.9011575300359764,0.9589034093135617,150.0,114.0,0.5882352941176471
9129,1.0,0.0,9242.0,0.8994245124695428,0.9602096485512115,151.0,113.0,0.592156862745098
9130,1.0,0.0,9243.0,0.8975047522291457,0.9582898883108144,151.0,113.0,0.592156862745098
9131,1.0,0.0,9243.0,0.8952412344739487,0.9592255882441262,149.0,112.0,0.5843137254901961
9132,1.0,0.0,9243.0,0.8927020357568409,0.9600539870938699,147.0,111.0,0.5764705882352941
9133,1.0,0.0,9243.0,0.8898804739759354,0.9607772648570185,147.0,110.0,0.5764705882352941
9134,1.0,0.0,9244.0,0.8868600172902932,0.9577568081713763,143.0,110.0,0.5607843137254902
9135,1.0,0.0,9244.0,0.8834554751524861,0.958083676079942,142.0,109.0,0.5568627450980392
9136,0.0,0.0,9244.0,0.8797442368966593,0.9583002378729287,141.0,108.0,0.5529411764705883
9137,0.0,0.0,9245.0,0.878448827875483,0.9570048288517524,139.0,108.0,0.5450980392156862
9138,1.0,0.0,9246.0,0.8794701619371723,0.9580261629134418,139.0,108.0,0.5450980392156862
9139,1.0,0.0,9247.0,0.8800786350338098,0.9586346360100793,136.0,108.0,0.5333333333333333
9140,1.0,0.0,9248.0,0.8803715255910622,0.9589275265673317,135.0,108.0,0.5294117647058824
9141,1.0,0.0,9249.0,0.880450317195319,0.9590063181715884,134.0,108.0,0.5254901960784314
9142,1.0,0.0,9250.0,0.8802195400122306,0.9587755409885,131.0,108.0,0.5137254901960784
9143,1.0,0.0,9251.0,0.8796785867334203,0.9582345877096897,129.0,108.0,0.5058823529411764
9144,0.0,0.0,9252.0,0.8788260337976285,0.9573820347738979,127.0,108.0,0.4980392156862745
9145,1.0,0.0,9253.0,0.8802912165918659,0.9588472175681354,125.0,108.0,0.49019607843137253
9146,1.0,0.0,9254.0,0.8814464119129597,0.9600024128892292,124.0,108.0,0.48627450980392156
9147,1.0,0.0,9255.0,0.8822946597485969,0.9608506607248664,122.0,108.0,0.47843137254901963
9148,1.0,0.0,9257.0,0.8829338695106002,0.9575620704380561,117.0,109.0,0.4588235294117647
9149,1.0,0.0,9258.0,0.8830784400058389,0.9577066409332948,117.0,109.0,0.4588235294117647
9150,1.0,0.0,9259.0,0.8830109993659798,0.9576392002934357,117.0,109.0,0.4588235294117647
9151,1.0,0.0,9260.0,0.8826404767940121,0.9572686777214681,116.0,109.0,0.4549019607843137
9152,1.0,0.0,9260.0,0.8818702200498602,0.9604262210261296,115.0,108.0,0.45098039215686275
9153,1.0,0.0,9261.0,0.8808898082854986,0.959445809261768,113.0,108.0,0.44313725490196076
9154,0.0,0.0,9262.0,0.879500271467528,0.9580562724437974,113.0,108.0,0.44313725490196076
9155,1.0,0.0,9263.0,0.8805259218699204,0.9590819228461899,113.0,108.0,0.44313725490196076
9156,1.0,0.0,9264.0,0.8812422024446378,0.9597982034209073,113.0,108.0,0.44313725490196076
9157,1.0,0.0,9265.0,0.8816509981405608,0.9602069991168303,113.0,108.0,0.44313725490196076
9158,1.0,0.0,9266.0,0.8817533847358365,0.960309385712106,112.0,108.0,0.4392156862745098
9159,1.0,0.0,9267.0,0.8815496316688742,0.9601056326451437,111.0,108.0,0.43529411764705883
9160,1.0,0.0,9268.0,0.8810392027473916,0.959595203723661,110.0,108.0,0.43137254901960786
9161,1.0,0.0,9269.0,0.8802207547373848,0.9587767557136543,110.0,108.0,0.43137254901960786
9162,1.0,0.0,9270.0,0.8790921338283018,0.9576481348045712,109.0,108.0,0.42745098039215684
9163,1.0,0.0,9270.0,0.8775496571433539,0.9602401844867954,109.0,107.0,0.42745098039215684
9164,1.0,0.0,9271.0,0.8756849427140462,0.9583754700574877,109.0,107.0,0.42745098039215684
9165,0.0,0.0,9271.0,0.8734930833971439,0.9605357437586614,109.0,106.0,0.42745098039215684
9166,1.0,0.0,9272.0,0.8737114832434912,0.9607541436050087,109.0,106.0,0.42745098039215684
9167,0.0,0.0,9273.0,0.8736031245455632,0.9606457849070806,109.0,106.0,0.42745098039215684
9168,1.0,0.0,9275.0,0.8757937214385445,0.958484248781986,109.0,107.0,0.42745098039215684
9169,1.0,0.0,9276.0,0.8776627603785623,0.9603532877220038,109.0,107.0,0.42745098039215684
9170,0.0,0.0,9278.0,0.8793158727109074,0.9578718736871769,110.0,108.0,0.43137254901960786
9171,1.0,0.0,9280.0,0.8831822613602007,0.9578104622876566,110.0,109.0,0.43137254901960786
9172,1.0,0.0,9282.0,0.8868369120884867,0.9577337029695698,110.0,110.0,0.43137254901960786
9173,1.0,0.0,9284.0,0.8901937652170056,0.9575457165540345,111.0,111.0,0.43529411764705883
9174,1.0,0.0,9285.0,0.8931796233469973,0.9605315746840263,111.0,111.0,0.43529411764705883
9175,1.0,0.0,9287.0,0.8959707238781995,0.9599550776483771,111.0,112.0,0.43529411764705883
9176,1.0,0.0,9289.0,0.8984101334948063,0.9591952695764749,112.0,113.0,0.4392156862745098
9177,1.0,0.0,9291.0,0.9006562345360132,0.9584021138135984,112.0,114.0,0.4392156862745098
9178,1.0,0.0,9292.0,0.9025705730958397,0.9603164523734249,112.0,114.0,0.4392156862745098
9179,1.0,0.0,9294.0,0.904302551605532,0.959161136919238,112.0,115.0,0.4392156862745098
9180,1.0,0.0,9295.0,0.9057158797810613,0.9605744650947673,112.0,115.0,0.4392156862745098
9181,1.0,0.0,9297.0,0.9069514233703844,0.9590670794184051,112.0,116.0,0.4392156862745098
9182,1.0,0.0,9298.0,0.907811813144246,0.9599274691922667,112.0,116.0,0.4392156862745098
9183,1.0,0.0,9299.0,0.9084964173700335,0.9606120734180542,112.0,116.0,0.4392156862745098
9184,1.0,0.0,9301.0,0.9090070376378143,0.9585169108834339,112.0,117.0,0.4392156862745098
9185,1.0,0.0,9302.0,0.909217902254839,0.9587277755004586,112.0,117.0,0.4392156862745098
9186,1.0,0.0,9303.0,0.909193040324463,0.9587029135700826,112.0,117.0,0.4392156862745098
9187,1.0,0.0,9303.0,0.908868912224085,0.9609845682721057,112.0,116.0,0.4392156862745098
9188,1.0,0.0,9304.0,0.9083717804153164,0.9604874364633371,112.0,116.0,0.4392156862745098
9189,1.0,0.0,9305.0,0.9076368624600863,0.959752518508107,112.0,116.0,0.4392156862745098
9190,1.0,0.0,9306.0,0.9066622243637762,0.9587778804117969,113.0,116.0,0.44313725490196076
9191,1.0,0.0,9306.0,0.9053784863456386,0.9602370716593446,113.0,115.0,0.44313725490196076
9192,1.0,0.0,9307.0,0.9039160758638329,0.958774661177539,113.0,115.0,0.44313725490196076
9193,1.0,0.0,9307.0,0.9021339980064389,0.9598798772840241,112.0,114.0,0.4392156862745098
9194,1.0,0.0,9307.0,0.9000943780385353,0.960879514120204,112.0,113.0,0.4392156862745098
9195,1.0,0.0,9308.0,0.8978697782007974,0.9586549142824661,113.0,113.0,0.44313725490196076
9196,1.0,0.0,9308.0,0.8953023814429217,0.9592867352130993,113.0,112.0,0.44313725490196076
9197,1.0,0.0,9308.0,0.8924594646362116,0.9598114159732406,113.0,111.0,0.44313725490196076
9198,0.0,0.0,9308.0,0.8893335464206493,0.9602303373017325,114.0,110.0,0.4470588235294118
9199,1.0,0.0,9309.0,0.8886388729646787,0.9595356638457618,114.0,110.0,0.4470588235294118
9200,0.0,0.0,9310.0,0.8876556885773287,0.9585524794584118,114.0,110.0,0.4470588235294118
9201,1.0,0.0,9311.0,0.8890129848786327,0.9599097757597158,114.0,110.0,0.4470588235294118
9202,1.0,0.0,9312.0,0.8900827547535943,0.9609795456346775,114.0,110.0,0.4470588235294118
9203,1.0,0.0,9314.0,0.890954162041655,0.958306113378684,114.0,111.0,0.4470588235294118
9204,0.0,0.0,9315.0,0.8914565753754642,0.9588085267124932,114.0,111.0,0.4470588235294118
9205,1.0,0.0,9317.0,0.8943912757210849,0.9583756294912624,114.0,112.0,0.4470588235294118
9206,1.0,0.0,9318.0,0.8969701287095915,0.960954482479769,114.0,112.0,0.4470588235294118
9207,1.0,0.0,9320.0,0.8993598816806427,0.9601450177623114,115.0,113.0,0.45098039215686275
9208,1.0,0.0,9322.0,0.901484792235064,0.9592306715126492,115.0,114.0,0.45098039215686275
9209,1.0,0.0,9324.0,0.9033504522427352,0.9582090375564413,115.0,115.0,0.45098039215686275
9210,1.0,0.0,9325.0,0.9048949563916047,0.9597535417053107,116.0,115.0,0.4549019607843137
9211,1.0,0.0,9327.0,0.9062595156295584,0.9583751716775791,116.0,116.0,0.4549019607843137
9212,1.0,0.0,9328.0,0.9073139151858582,0.959429571233879,116.0,116.0,0.4549019607843137
9213,1.0,0.0,9329.0,0.9081277447398296,0.9602434007878503,116.0,116.0,0.4549019607843137
9214,1.0,0.0,9330.0,0.9087031459481937,0.9608188019962144,116.0,116.0,0.4549019607843137
9215,1.0,0.0,9332.0,0.9091051072211254,0.958614980466745,117.0,117.0,0.4588235294117647
9216,1.0,0.0,9333.0,0.9092075709211513,0.958717444166771,117.0,117.0,0.4588235294117647
9217,1.0,0.0,9334.0,0.9090742808860568,0.9585841541316764,117.0,117.0,0.4588235294117647
9218,1.0,0.0,9334.0,0.9086414121561222,0.9607570682041429,116.0,116.0,0.4549019607843137
9219,1.0,0.0,9335.0,0.9080349410334074,0.9601505970814281,116.0,116.0,0.4549019607843137
9220,1.0,0.0,9336.0,0.9071897973448055,0.9593054533928262,115.0,116.0,0.45098039215686275
9221,1.0,0.0,9336.0,0.9060369420843264,0.9608955273980324,116.0,115.0,0.4549019607843137
9222,1.0,0.0,9337.0,0.9047071471384389,0.9595657324521449,116.0,115.0,0.4549019607843137
9223,1.0,0.0,9337.0,0.903059766583475,0.9608056458610602,116.0,114.0,0.4549019607843137
9224,1.0,0.0,9338.0,0.9012313133296601,0.9589771926072453,117.0,114.0,0.4588235294117647
9225,1.0,0.0,9338.0,0.8990726109597116,0.9598577470413803,117.0,113.0,0.4588235294117647
9226,1.0,0.0,9338.0,0.8966483101975515,0.9606326639677291,117.0,112.0,0.4588235294117647
9227,1.0,0.0,9339.0,0.8940340625271148,0.9580184162972923,117.0,112.0,0.4588235294117647
9228,1.0,0.0,9339.0,0.8910630274648431,0.9584149788018721,117.0,111.0,0.4588235294117647
9229,1.0,0.0,9339.0,0.8878053161590578,0.9587021070401409,117.0,110.0,0.4588235294117647
9230,1.0,0.0,9339.0,0.8842523556852702,0.9588805566127261,117.0,109.0,0.4588235294117647
9231,1.0,0.0,9339.0,0.8803947961474963,0.9589507971237657,116.0,108.0,0.4549019607843137
9232,1.0,0.0,9339.0,0.8762224860732684,0.9589130134167099,115.0,107.0,0.45098039215686275
9233,1.0,0.0,9339.0,0.8717244456992332,0.9587671060607507,115.0,106.0,0.45098039215686275
9234,1.0,0.0,9339.0,0.8668888380770383,0.9585126910891619,115.0,105.0,0.45098039215686275
9235,1.0,0.0,9339.0,0.8617029379234671,0.9581490989888604,115.0,104.0,0.45098039215686275
9236,1.0,0.0,9339.0,0.8561530981328525,0.9576753729385296,115.0,103.0,0.45098039215686275
9237,0.0,0.0,9339.0,0.85022471386364,0.9570902662906685,115.0,102.0,0.45098039215686275
9238,0.0,0.0,9339.0,0.8465337630519634,0.9590238182383092,115.0,101.0,0.45098039215686275
9239,1.0,0.0,9340.0,0.8452147506888408,0.9577048058751866,115.0,101.0,0.45098039215686275
9240,0.0,0.0,9341.0,0.843495619623241,0.9559856748095868,115.0,101.0,0.45098039215686275
9241,1.0,0.0,9342.0,0.844003424773413,0.9564934799597588,114.0,101.0,0.4470588235294118
9242,1.0,0.0,9343.0,0.8441079235213302,0.956597978707676,113.0,101.0,0.44313725490196076
9243,1.0,0.0,9344.0,0.8438093908636983,0.9562994460500441,110.0,101.0,0.43137254901960786
9244,1.0,0.0,9345.0,0.8431070411882602,0.955597096374606,108.0,101.0,0.4235294117647059
9245,1.0,0.0,9345.0,0.8418548081869265,0.9602653925936063,108.0,100.0,0.4235294117647059
9246,1.0,0.0,9346.0,0.840338212069737,0.9587487964764169,108.0,100.0,0.4235294117647059
9247,0.0,0.0,9347.0,0.8384090437748084,0.9568196281814882,108.0,100.0,0.4235294117647059
9248,0.0,0.0,9348.0,0.8386938054908384,0.9571043898975182,108.0,100.0,0.4235294117647059
9249,1.0,0.0,9349.0,0.8411932465907634,0.9596038309974433,108.0,100.0,0.4235294117647059
9250,1.0,0.0,9351.0,0.8432823656037942,0.95577242079014,108.0,101.0,0.4235294117647059
9251,1.0,0.0,9352.0,0.8449590697894668,0.9574491249758126,108.0,101.0,0.4235294117647059
9252,1.0,0.0,9353.0,0.8460907644087206,0.9585808195950664,108.0,101.0,0.4235294117647059
9253,1.0,0.0,9354.0,0.8468174347237867,0.9593074899101325,108.0,101.0,0.4235294117647059
9254,1.0,0.0,9355.0,0.8471409930249681,0.959631048211314,108.0,101.0,0.4235294117647059
9255,1.0,0.0,9356.0,0.8472065088009482,0.959696563987294,108.0,101.0,0.4235294117647059
9256,1.0,0.0,9357.0,0.8468771473431671,0.9593672025295129,109.0,101.0,0.42745098039215684
9257,1.0,0.0,9358.0,0.846152041910947,0.9586420970972928,109.0,101.0,0.42745098039215684
9258,0.0,0.0,9359.0,0.8450292843320977,0.9575193395184435,109.0,101.0,0.42745098039215684
9259,1.0,0.0,9360.0,0.8461374989287798,0.9586275541151256,109.0,101.0,0.42745098039215684
9260,1.0,0.0,9361.0,0.846848023107827,0.9593380782941728,108.0,101.0,0.4235294117647059
9261,1.0,0.0,9362.0,0.8470185086502406,0.9595085638365864,108.0,101.0,0.4235294117647059
9262,0.0,0.0,9363.0,0.8469306293401511,0.9594206845264969,108.0,101.0,0.4235294117647059
9263,1.0,0.0,9365.0,0.8490715148441146,0.9559370672711431,108.0,102.0,0.4235294117647059
9264,1.0,0.0,9366.0,0.8508220704799083,0.9576876229069369,108.0,102.0,0.4235294117647059
9265,1.0,0.0,9367.0,0.8521869029728898,0.9590524553999183,108.0,102.0,0.4235294117647059
9266,1.0,0.0,9368.0,0.8531696039875143,0.9600351564145428,108.0,102.0,0.4235294117647059
9267,1.0,0.0,9369.0,0.8537727595790833,0.9606383120061118,108.0,102.0,0.4235294117647059
9268,1.0,0.0,9370.0,0.8539979569991536,0.9608635094261821,108.0,102.0,0.4235294117647059
9269,1.0,0.0,9371.0,0.8537087817540188,0.9605743341810473,108.0,102.0,0.4235294117647059
9270,1.0,0.0,9372.0,0.8531716367372593,0.9600371891642878,107.0,102.0,0.4196078431372549
9271,0.0,0.0,9373.0,0.8522549516467856,0.9591205040738141,106.0,102.0,0.41568627450980394
9272,1.0,0.0,9374.0,0.8535878931007809,0.9604534455278094,106.0,102.0,0.41568627450980394
9273,1.0,0.0,9376.0,0.8545355395366205,0.9560578143422976,106.0,103.0,0.41568627450980394
9274,0.0,0.0,9377.0,0.8551068925988428,0.9566291674045199,107.0,103.0,0.4196078431372549
9275,1.0,0.0,9378.0,0.8579350347955065,0.9594573096011836,107.0,103.0,0.4196078431372549
9276,1.0,0.0,9380.0,0.8605194785831508,0.9569656396485441,107.0,104.0,0.4196078431372549
9277,1.0,0.0,9381.0,0.8626194018888458,0.9590655629542391,108.0,104.0,0.4235294117647059
9278,1.0,0.0,9382.0,0.8643639797509968,0.96081014081639,108.0,104.0,0.4235294117647059
9279,0.0,0.0,9384.0,0.8658752696421985,0.9574991226543221,109.0,105.0,0.42745098039215684
9280,1.0,0.0,9386.0,0.8696651786640375,0.9567078390255549,109.0,106.0,0.42745098039215684
9281,1.0,0.0,9387.0,0.8730060878173458,0.9600487481788632,110.0,106.0,0.43137254901960786
9282,1.0,0.0,9389.0,0.8761243956192197,0.9588149229626612,110.0,107.0,0.43137254901960786
9283,1.0,0.0,9391.0,0.8788160021667484,0.9573720031430178,111.0,108.0,0.43529411764705883
9284,1.0,0.0,9392.0,0.8811887034568209,0.9597447044330903,111.0,108.0,0.43529411764705883
9285,1.0,0.0,9394.0,0.8833494562619653,0.9579776571894212,111.0,109.0,0.43529411764705883
9286,1.0,0.0,9395.0,0.8851123406303674,0.9597405415578233,112.0,109.0,0.4392156862745098
9287,1.0,0.0,9397.0,0.8864819957314174,0.9573787866125005,112.0,110.0,0.4392156862745098
9288,1.0,0.0,9398.0,0.8876438125639292,0.9585406034450124,113.0,110.0,0.44313725490196076
9289,0.0,0.0,9399.0,0.8885144998850598,0.959411290766143,113.0,110.0,0.44313725490196076
9290,1.0,0.0,9401.0,0.8918142765801621,0.9591662279171911,114.0,111.0,0.4470588235294118
9291,1.0,0.0,9403.0,0.8948293540031067,0.9588137077732842,114.0,112.0,0.4470588235294118
9292,1.0,0.0,9405.0,0.8975676665681651,0.9583528026498338,114.0,113.0,0.4470588235294118
9293,1.0,0.0,9406.0,0.8999623871824731,0.9607475232641418,115.0,113.0,0.45098039215686275
9294,1.0,0.0,9408.0,0.902171780582589,0.9599176598601742,115.0,114.0,0.45098039215686275
9295,1.0,0.0,9410.0,0.9041237313000272,0.9589823166137332,115.0,115.0,0.45098039215686275
9296,1.0,0.0,9411.0,0.9057565611035512,0.9606151464172572,116.0,115.0,0.4549019607843137
9297,1.0,0.0,9413.0,0.9072117133769805,0.9593273694250012,116.0,116.0,0.4549019607843137
9298,0.0,0.0,9414.0,0.9082923968086504,0.9604080528566711,116.0,116.0,0.4549019607843137
9299,1.0,0.0,9417.0,0.9119539130165819,0.9589882925999206,116.0,118.0,0.4549019607843137
9300,1.0,0.0,9419.0,0.915320254799141,0.9600029154033127,117.0,119.0,0.4588235294117647
9301,1.0,0.0,9421.0,0.9184637551469612,0.9609122827209243,117.0,120.0,0.4588235294117647
9302,1.0,0.0,9424.0,0.9213873803634316,0.9596971764989333,117.0,122.0,0.4588235294117647
9303,1.0,0.0,9426.0,0.9241041302650692,0.9604984365937959,116.0,123.0,0.4549019607843137
9304,1.0,0.0,9429.0,0.926663264272517,0.9595091257341928,116.0,125.0,0.4549019607843137
9305,1.0,0.0,9431.0,0.9289429703926249,0.9601465387812168,116.0,126.0,0.4549019607843137
9306,1.0,0.0,9433.0,0.9310756889044127,0.9607190788735751,115.0,127.0,0.45098039215686275
9307,1.0,0.0,9436.0,0.9330613265725276,0.9598144860196967,113.0,129.0,0.44313725490196076
9308,1.0,0.0,9438.0,0.9348021217318278,0.9602176232066384,110.0,130.0,0.43137254901960786
9309,1.0,0.0,9440.0,0.9364022983047013,0.9605470247057715,110.0,131.0,0.43137254901960786
9310,1.0,0.0,9442.0,0.9378057054661275,0.960743195547144,110.0,132.0,0.43137254901960786
9311,1.0,0.0,9444.0,0.9390454434314117,0.9608360590083774,110.0,133.0,0.43137254901960786
9312,1.0,0.0,9446.0,0.9401233778345519,0.9608244626326694,110.0,134.0,0.43137254901960786
9313,1.0,0.0,9448.0,0.9410702820316674,0.960736312589879,111.0,135.0,0.43529411764705883
9314,1.0,0.0,9450.0,0.9418621080236032,0.9605448370539041,111.0,136.0,0.43529411764705883
9315,1.0,0.0,9452.0,0.9425009395629691,0.960249532141755,111.0,137.0,0.43529411764705883
9316,1.0,0.0,9453.0,0.9429668409098191,0.960715433488605,112.0,137.0,0.4392156862745098
9317,1.0,0.0,9455.0,0.9433054096017754,0.9601665725516221,112.0,138.0,0.4392156862745098
9318,1.0,0.0,9456.0,0.9434742459714124,0.960335408921259,112.0,138.0,0.4392156862745098
9319,1.0,0.0,9457.0,0.9434954112005425,0.9603565741503891,113.0,138.0,0.44313725490196076
9320,1.0,0.0,9458.0,0.9433689609871369,0.9602301239369835,113.0,138.0,0.44313725490196076
9321,1.0,0.0,9458.0,0.9430729456918996,0.9608215382706855,114.0,137.0,0.4470588235294118
9322,1.0,0.0,9459.0,0.9426498769648797,0.9603984695436656,114.0,137.0,0.4470588235294118
9323,1.0,0.0,9459.0,0.9420542699858747,0.9607369990161757,115.0,136.0,0.45098039215686275
9324,1.0,0.0,9459.0,0.9413061742436748,0.9609722048018864,115.0,135.0,0.45098039215686275
9325,1.0,0.0,9460.0,0.9404288339249641,0.9600948644831757,115.0,135.0,0.45098039215686275
9326,1.0,0.0,9460.0,0.9393707751630346,0.9600718599611521,116.0,134.0,0.4549019607843137
9327,1.0,0.0,9460.0,0.9381531658094289,0.9599437813863946,116.0,133.0,0.4549019607843137
9328,1.0,0.0,9459.0,0.9367433945904403,0.9608881209915104,116.0,131.0,0.4549019607843137
9329,1.0,0.0,9459.0,0.9351950953070112,0.9606105967818218,116.0,130.0,0.4549019607843137
9330,1.0,0.0,9459.0,0.9334762568007058,0.9602294162478748,116.0,129.0,0.4549019607843137
9331,1.0,0.0,9459.0,0.9315823558122971,0.9597435762830013,117.0,128.0,0.4588235294117647
9332,1.0,0.0,9458.0,0.9294704040457011,0.9606739724342931,117.0,126.0,0.4588235294117647
9333,1.0,0.0,9458.0,0.9272089522080339,0.9600548136697097,117.0,125.0,0.4588235294117647
9334,1.0,0.0,9458.0,0.9247559449814406,0.959330535993731,116.0,124.0,0.4549019607843137
9335,1.0,0.0,9457.0,0.9220582677166576,0.9603680638521592,116.0,122.0,0.4549019607843137
9336,1.0,0.0,9457.0,0.9191998070288101,0.9595259082240751,115.0,121.0,0.45098039215686275
9337,1.0,0.0,9456.0,0.9160742930649988,0.9607569536691705,114.0,119.0,0.4470588235294118
9338,1.0,0.0,9456.0,0.9127796221074118,0.9598140016907505,112.0,118.0,0.4392156862745098
9339,1.0,0.0,9456.0,0.9092554238395816,0.9587652970852012,101.0,117.0,0.396078431372549
9340,1.0,0.0,9455.0,0.9054256091118882,0.9602841944255942,101.0,115.0,0.396078431372549
9341,1.0,0.0,9455.0,0.9014103886046421,0.9591562678822273,101.0,114.0,0.396078431372549
9342,1.0,0.0,9455.0,0.8971357217516188,0.9579208578332875,101.0,113.0,0.396078431372549
9343,1.0,0.0,9454.0,0.8925083282067386,0.9598602795437676,101.0,111.0,0.396078431372549
9344,1.0,0.0,9454.0,0.8876759915029929,0.9585727823840761,101.0,110.0,0.396078431372549
9345,1.0,0.0,9454.0,0.8825480653032025,0.9571762662306584,100.0,109.0,0.39215686274509803
9346,1.0,0.0,9453.0,0.8770103422429719,0.9597008695864134,100.0,107.0,0.39215686274509803
9347,1.0,0.0,9453.0,0.8712446393693201,0.9582872997308375,100.0,106.0,0.39215686274509803
9348,1.0,0.0,9453.0,0.8651401065992717,0.9567639596113953,100.0,105.0,0.39215686274509803
9349,1.0,0.0,9452.0,0.8585570304484627,0.9600793052541398,100.0,103.0,0.39215686274509803
9350,1.0,0.0,9452.0,0.8517192024349493,0.9585847548619778,101.0,102.0,0.396078431372549
9351,0.0,0.0,9452.0,0.8444911617962646,0.9569812169826104,101.0,101.0,0.396078431372549
9352,1.0,0.0,9452.0,0.8394854663202017,0.9578960507268816,101.0,100.0,0.396078431372549
9353,0.0,0.0,9452.0,0.8340573641765606,0.9587000846046447,101.0,99.0,0.396078431372549
9354,0.0,0.0,9453.0,0.8309839481929071,0.9556266686209911,101.0,99.0,0.396078431372549
9355,0.0,0.0,9454.0,0.8301053219908955,0.9547480424189796,101.0,99.0,0.396078431372549
9356,1.0,0.0,9455.0,0.8314191733963097,0.9560618938243937,101.0,99.0,0.396078431372549
9357,1.0,0.0,9456.0,0.8322973809654797,0.9569401013935637,101.0,99.0,0.396078431372549
9358,1.0,0.0,9457.0,0.8327422557709561,0.9573849761990401,101.0,99.0,0.396078431372549
9359,1.0,0.0,9458.0,0.8327549685359111,0.9573976889639952,101.0,99.0,0.396078431372549
9360,1.0,0.0,9459.0,0.8323355527149896,0.9569782731430736,101.0,99.0,0.396078431372549
9361,1.0,0.0,9460.0,0.831482904582347,0.9561256250104311,101.0,99.0,0.396078431372549
9362,0.0,0.0,9461.0,0.8301947803271073,0.9548375007551912,101.0,99.0,0.396078431372549
9363,1.0,0.0,9462.0,0.830939570736445,0.9555822911645291,101.0,99.0,0.396078431372549
9364,0.0,0.0,9463.0,0.8313992636388225,0.9560419840669065,102.0,99.0,0.4
9365,1.0,0.0,9464.0,0.8340548392582259,0.9586975596863099,102.0,99.0,0.4
9366,1.0,0.0,9465.0,0.8362817070041797,0.9609244274322637,102.0,99.0,0.4
9367,1.0,0.0,9467.0,0.8382375354965099,0.9566481199031898,102.0,100.0,0.4
9368,1.0,0.0,9468.0,0.8396234552733085,0.9580340396799883,102.0,100.0,0.4
9369,1.0,0.0,9469.0,0.8404431134918829,0.9588536978985628,102.0,100.0,0.4
9370,1.0,0.0,9470.0,0.840994693608562,0.9594052780152419,102.0,100.0,0.4
9371,0.0,0.0,9471.0,0.8411354291304989,0.9595460135371787,102.0,100.0,0.4
9372,1.0,0.0,9473.0,0.8436414873811683,0.9561315425675141,102.0,101.0,0.4
9373,1.0,0.0,9474.0,0.845599068743292,0.9580891239296379,102.0,101.0,0.4
9374,1.0,0.0,9475.0,0.84715754276624,0.9596475979525858,102.0,101.0,0.4
9375,0.0,0.0,9476.0,0.8483210106974409,0.9608110658837867,103.0,101.0,0.403921568627451
9376,1.0,0.0,9478.0,0.8517169023410036,0.9585824547680322,103.0,102.0,0.403921568627451
9377,1.0,0.0,9480.0,0.8548595824250125,0.9563818572306896,103.0,103.0,0.403921568627451
9378,1.0,0.0,9481.0,0.857496665117276,0.9590189399229531,103.0,103.0,0.403921568627451
9379,1.0,0.0,9483.0,0.8598888957961037,0.956335056861497,104.0,104.0,0.40784313725490196
9380,1.0,0.0,9484.0,0.8617949465645951,0.9582411076299884,104.0,104.0,0.40784313725490196
9381,1.0,0.0,9485.0,0.8632198333458254,0.9596659944112187,104.0,104.0,0.40784313725490196
9382,1.0,0.0,9486.0,0.8644084212445138,0.9608545823099071,104.0,104.0,0.40784313725490196
9383,1.0,0.0,9488.0,0.8653638381235516,0.9569876911356752,105.0,105.0,0.4117647058823529
9384,1.0,0.0,9489.0,0.8658533561591313,0.9574772091712549,105.0,105.0,0.4117647058823529
9385,1.0,0.0,9490.0,0.8659957300348302,0.9576195830469538,106.0,105.0,0.41568627450980394
9386,1.0,0.0,9491.0,0.8657913344187423,0.957415187430866,106.0,105.0,0.41568627450980394
9387,1.0,0.0,9492.0,0.8652396314276675,0.9568634844397911,106.0,105.0,0.41568627450980394
9388,1.0,0.0,9492.0,0.8642217027334083,0.9606678637988015,107.0,104.0,0.4196078431372549
9389,1.0,0.0,9493.0,0.8629701116549957,0.959416272720389,107.0,104.0,0.4196078431372549
9390,1.0,0.0,9494.0,0.8613640980534765,0.9578102591188697,108.0,104.0,0.4235294117647059
9391,0.0,0.0,9494.0,0.8592757866528244,0.9607980614585016,108.0,103.0,0.4235294117647059
9392,1.0,0.0,9496.0,0.8597025330093259,0.9561486940747191,108.0,104.0,0.4235294117647059
9393,1.0,0.0,9497.0,0.8596426090271045,0.9560887700924978,109.0,104.0,0.42745098039215684
9394,1.0,0.0,9497.0,0.8590958570114711,0.9606181318171482,109.0,103.0,0.42745098039215684
9395,1.0,0.0,9498.0,0.858308461382123,0.9598307361878001,109.0,103.0,0.42745098039215684
9396,0.0,0.0,9499.0,0.8571547011208567,0.9586769759265338,110.0,103.0,0.43137254901960786
9397,0.0,0.0,9500.0,0.858132962201255,0.9596552370069321,110.0,103.0,0.43137254901960786
9398,1.0,0.0,9502.0,0.8616232736060393,0.9580694346714326,110.0,104.0,0.43137254901960786
9399,1.0,0.0,9503.0,0.8645083203281758,0.9609544813935691,110.0,104.0,0.43137254901960786
9400,1.0,0.0,9505.0,0.8672779254012082,0.9589017784133318,111.0,105.0,0.43529411764705883
9401,1.0,0.0,9507.0,0.8696982618568752,0.9567409222183926,111.0,106.0,0.43529411764705883
9402,1.0,0.0,9508.0,0.871669685505045,0.9587123458665624,112.0,106.0,0.4392156862745098
9403,1.0,0.0,9509.0,0.8733089774569962,0.9603516378185136,112.0,106.0,0.4392156862745098
9404,1.0,0.0,9511.0,0.8747264651355122,0.9574169924789537,113.0,107.0,0.44313725490196076
9405,1.0,0.0,9512.0,0.8757135727952521,0.9584041001386936,113.0,107.0,0.44313725490196076
9406,1.0,0.0,9513.0,0.8763789115845458,0.9590694389279873,113.0,107.0,0.44313725490196076
9407,1.0,0.0,9514.0,0.8767242323949447,0.9594147597383862,114.0,107.0,0.4470588235294118
9408,1.0,0.0,9515.0,0.876750443965423,0.9594409713088645,114.0,107.0,0.4470588235294118
9409,1.0,0.0,9516.0,0.8764576152737977,0.9591481426172392,115.0,107.0,0.45098039215686275
9410,1.0,0.0,9517.0,0.8757389622216551,0.9584294895650967,115.0,107.0,0.45098039215686275
9411,1.0,0.0,9518.0,0.874799319935111,0.9574898472785525,115.0,107.0,0.45098039215686275
9412,1.0,0.0,9518.0,0.8734294893529473,0.9604721497144647,116.0,106.0,0.4549019607843137
9413,1.0,0.0,9519.0,0.8717265784796072,0.9587692388411246,116.0,106.0,0.4549019607843137
9414,0.0,0.0,9520.0,0.8697976991249968,0.9568403594865142,116.0,106.0,0.4549019607843137
9415,1.0,0.0,9521.0,0.8701633407415889,0.9572060011031063,117.0,106.0,0.4588235294117647
9416,1.0,0.0,9522.0,0.8701928865967952,0.9572355469583126,118.0,106.0,0.4627450980392157
9417,1.0,0.0,9523.0,0.8698864144428663,0.9569290748043837,118.0,106.0,0.4627450980392157
9418,1.0,0.0,9523.0,0.8691315246198248,0.9607553776319484,119.0,105.0,0.4666666666666667
9419,1.0,0.0,9524.0,0.8680322440720984,0.9596560970842221,119.0,105.0,0.4666666666666667
9420,1.0,0.0,9525.0,0.8667031464343613,0.9583269994464849,120.0,105.0,0.47058823529411764
9421,1.0,0.0,9526.0,0.8650291409269415,0.9566529939390651,120.0,105.0,0.47058823529411764
9422,0.0,0.0,9526.0,0.8628883557939673,0.9593345168593606,121.0,104.0,0.4745098039215686
9423,1.0,0.0,9527.0,0.8630183294920297,0.959464490557423,122.0,104.0,0.47843137254901963
9424,1.0,0.0,9528.0,0.8629114740342507,0.959357635099644,122.0,104.0,0.47843137254901963
9425,1.0,0.0,9529.0,0.8624500417438369,0.9588962028092302,123.0,104.0,0.4823529411764706
9426,1.0,0.0,9530.0,0.8616328183252868,0.9580789793906801,123.0,104.0,0.4823529411764706
9427,1.0,0.0,9531.0,0.8604576531906567,0.95690381425605,124.0,104.0,0.48627450980392156
9428,1.0,0.0,9531.0,0.8587978048756766,0.9603200796813537,125.0,103.0,0.49019607843137253
9429,1.0,0.0,9532.0,0.8567663718366847,0.9582886466423618,125.0,103.0,0.49019607843137253
9430,0.0,0.0,9533.0,0.8544881649598344,0.9560104397655115,126.0,103.0,0.49411764705882355
9431,1.0,0.0,9534.0,0.8544651189867967,0.9559873937924738,126.0,103.0,0.49411764705882355
9432,1.0,0.0,9534.0,0.8539354375603339,0.9608009899873624,127.0,102.0,0.4980392156862745
9433,1.0,0.0,9535.0,0.8531583828248945,0.9600239352519231,127.0,102.0,0.4980392156862745
9434,1.0,0.0,9536.0,0.8520017531370245,0.9588673055640531,128.0,102.0,0.5019607843137255
9435,1.0,0.0,9537.0,0.8503254976158909,0.9571910500429195,129.0,102.0,0.5058823529411764
9436,1.0,0.0,9537.0,0.8482553618253257,0.9607454170116715,129.0,101.0,0.5058823529411764
9437,1.0,0.0,9538.0,0.8459301160590333,0.9584201712453791,130.0,101.0,0.5098039215686274
9438,0.0,0.0,9539.0,0.843206634130712,0.9556966893170578,130.0,101.0,0.5098039215686274
9439,1.0,0.0,9539.0,0.8425651099105544,0.9609756943172343,131.0,100.0,0.5137254901960784
9440,1.0,0.0,9540.0,0.841661091789603,0.9600716761962829,131.0,100.0,0.5137254901960784
9441,1.0,0.0,9541.0,0.8403479827533333,0.9587585671600132,132.0,100.0,0.5176470588235295
9442,0.0,0.0,9542.0,0.8386223272516498,0.9570329116583296,132.0,100.0,0.5176470588235295
9443,1.0,0.0,9543.0,0.8389593545916848,0.9573699389983646,133.0,100.0,0.5215686274509804
9444,0.0,0.0,9544.0,0.8390243992011399,0.9574349836078198,133.0,100.0,0.5215686274509804
9445,0.0,0.0,9545.0,0.8413049931779386,0.9597155775846185,134.0,100.0,0.5254901960784314
9446,1.0,0.0,9547.0,0.8458071380851777,0.9582971932715235,134.0,101.0,0.5254901960784314
9447,1.0,0.0,9549.0,0.8500405194216634,0.9569060718486919,135.0,102.0,0.5294117647058824
9448,1.0,0.0,9550.0,0.8537491137835292,0.9606146662105578,135.0,102.0,0.5294117647058824
9449,1.0,0.0,9552.0,0.8570728373921941,0.9585951121978712,136.0,103.0,0.5333333333333333
9450,1.0,0.0,9554.0,0.8601505936513045,0.9565967547166978,136.0,104.0,0.5333333333333333
9451,1.0,0.0,9555.0,0.862619209754202,0.9590653708195953,137.0,104.0,0.5372549019607843
9452,1.0,0.0,9557.0,0.8648437639399369,0.9564676169520605,132.0,105.0,0.5176470588235295
9453,1.0,0.0,9558.0,0.8666010506659405,0.9582249036780641,128.0,105.0,0.5019607843137255
9454,1.0,0.0,9559.0,0.8680072875252758,0.9596311405373994,125.0,105.0,0.49019607843137253
9455,1.0,0.0,9560.0,0.8691836416194771,0.9608074946316008,121.0,105.0,0.4745098039215686
9456,1.0,0.0,9562.0,0.8701332086172137,0.9571758689787311,117.0,106.0,0.4588235294117647
9457,1.0,0.0,9563.0,0.8706350074041906,0.9576776677657081,114.0,106.0,0.4470588235294118
9458,1.0,0.0,9564.0,0.8708019516578417,0.9578446120193591,109.0,106.0,0.42745098039215684
9459,1.0,0.0,9565.0,0.8706344807051498,0.9576771410666672,102.0,106.0,0.4
9460,1.0,0.0,9566.0,0.8701321538330817,0.9571748141945992,99.0,106.0,0.38823529411764707
9461,1.0,0.0,9566.0,0.8691820559745063,0.9608059089866299,99.0,105.0,0.38823529411764707
9462,0.0,0.0,9567.0,0.8678877003684957,0.9595115533806193,99.0,105.0,0.38823529411764707
9463,1.0,0.0,9568.0,0.8689947262416753,0.9606185792537989,99.0,105.0,0.38823529411764707
9464,1.0,0.0,9570.0,0.8698744678726589,0.9569171282341763,99.0,106.0,0.38823529411764707
9465,1.0,0.0,9571.0,0.8701941672418776,0.957236827603395,99.0,106.0,0.38823529411764707
9466,1.0,0.0,9572.0,0.8702838654686738,0.9573265258301912,100.0,106.0,0.39215686274509803
9467,1.0,0.0,9573.0,0.8700377851044188,0.9570804454659362,100.0,106.0,0.39215686274509803
9468,1.0,0.0,9573.0,0.8693436854148971,0.9609675384270208,100.0,105.0,0.39215686274509803
9469,0.0,0.0,9574.0,0.8684232197967932,0.9600470728089168,100.0,105.0,0.39215686274509803
9470,1.0,0.0,9576.0,0.8697939517652236,0.956836612126741,100.0,106.0,0.39215686274509803
9471,1.0,0.0,9577.0,0.870822036238299,0.9578646965998164,100.0,106.0,0.39215686274509803
9472,1.0,0.0,9578.0,0.8715157583591908,0.9585584187207082,101.0,106.0,0.396078431372549
9473,1.0,0.0,9579.0,0.8718769437124277,0.9589196040739452,101.0,106.0,0.396078431372549
9474,1.0,0.0,9580.0,0.8717949496314714,0.9588376099929888,101.0,106.0,0.396078431372549
9475,1.0,0.0,9581.0,0.8714871669933286,0.958529827354846,101.0,106.0,0.396078431372549
9476,1.0,0.0,9582.0,0.8708467723470943,0.9578894327086117,101.0,106.0,0.396078431372549
9477,0.0,0.0,9583.0,0.8698720804436995,0.9569147408052169,102.0,106.0,0.4
9478,1.0,0.0,9584.0,0.8711921052518193,0.9582347656133368,102.0,106.0,0.4
9479,1.0,0.0,9585.0,0.8721787415735804,0.9592214019350979,103.0,106.0,0.403921568627451
9480,1.0,0.0,9586.0,0.8728345858203559,0.9598772461818733,103.0,106.0,0.403921568627451
9481,1.0,0.0,9587.0,0.8731613638980584,0.9602040242595759,103.0,106.0,0.403921568627451
9482,1.0,0.0,9588.0,0.8730483425946878,0.9600910029562052,104.0,106.0,0.40784313725490196
9483,1.0,0.0,9589.0,0.8727128311366656,0.9597554914981831,104.0,106.0,0.40784313725490196
9484,1.0,0.0,9590.0,0.8720479331025082,0.9590905934640256,104.0,106.0,0.40784313725490196
9485,0.0,0.0,9591.0,0.871051898760546,0.9580945591220634,104.0,106.0,0.40784313725490196
9486,1.0,0.0,9592.0,0.8723536859151435,0.9593963462766609,104.0,106.0,0.40784313725490196
9487,1.0,0.0,9593.0,0.8733251413746013,0.9603678017361187,105.0,106.0,0.4117647058823529
9488,1.0,0.0,9595.0,0.8740748350972491,0.9567653624406907,105.0,107.0,0.4117647058823529
9489,1.0,0.0,9596.0,0.8743924339852308,0.9570829613286723,105.0,107.0,0.4117647058823529
9490,1.0,0.0,9597.0,0.8743847873216872,0.9570753146651287,105.0,107.0,0.4117647058823529
9491,1.0,0.0,9597.0,0.873945861487226,0.9609885218487434,105.0,106.0,0.4117647058823529
9492,1.0,0.0,9598.0,0.8732868073899355,0.9603294677514529,104.0,106.0,0.40784313725490196
9493,1.0,0.0,9599.0,0.8721882840260242,0.9592309443875416,104.0,106.0,0.40784313725490196
9494,1.0,0.0,9600.0,0.8708650071954385,0.9579076675569559,103.0,106.0,0.403921568627451
9495,1.0,0.0,9600.0,0.8690958879398254,0.960719740951949,104.0,105.0,0.40784313725490196
9496,1.0,0.0,9601.0,0.8670997506570117,0.9587236036691353,104.0,105.0,0.40784313725490196
9497,1.0,0.0,9602.0,0.864759749199838,0.9563836022119616,103.0,105.0,0.403921568627451
9498,1.0,0.0,9602.0,0.8619522591915119,0.9583984202569051,103.0,104.0,0.403921568627451
9499,1.0,0.0,9602.0,0.8587814856547427,0.9603037604604198,103.0,103.0,0.403921568627451
9500,0.0,0.0,9603.0,0.8552390844486437,0.9567613592543208,103.0,103.0,0.403921568627451
9501,1.0,0.0,9603.0,0.8539473124121465,0.960812864839175,104.0,102.0,0.40784313725490196
9502,1.0,0.0,9604.0,0.8524081983162826,0.9592737507433111,104.0,102.0,0.40784313725490196
9503,0.0,0.0,9605.0,0.8504875350982286,0.9573530875252572,104.0,102.0,0.40784313725490196
9504,1.0,0.0,9606.0,0.8508118473284632,0.9576773997554917,105.0,102.0,0.4117647058823529
9505,1.0,0.0,9607.0,0.850613402394359,0.9574789548213876,105.0,102.0,0.4117647058823529
9506,1.0,0.0,9608.0,0.8501588419534731,0.9570243943805017,106.0,102.0,0.41568627450980394
9507,1.0,0.0,9609.0,0.8493168130315476,0.9561823654585762,106.0,102.0,0.41568627450980394
9508,1.0,0.0,9609.0,0.847948092644502,0.9604381478308478,106.0,101.0,0.41568627450980394
9509,1.0,0.0,9610.0,0.846323453678622,0.9588135088649679,106.0,101.0,0.41568627450980394
9510,1.0,0.0,9611.0,0.8443016136497121,0.9567916688360579,107.0,101.0,0.4196078431372549
9511,1.0,0.0,9611.0,0.8417330339066473,0.9601436183133272,107.0,100.0,0.4196078431372549
9512,1.0,0.0,9612.0,0.8388997705890944,0.9573103549957742,107.0,100.0,0.4196078431372549
9513,1.0,0.0,9612.0,0.8354983412799377,0.9601410617080217,107.0,99.0,0.4196078431372549
9514,1.0,0.0,9613.0,0.8318238112284094,0.9564665316564935,107.0,99.0,0.4196078431372549
9515,1.0,0.0,9613.0,0.8275549038175142,0.9587577674260237,107.0,98.0,0.4196078431372549
9516,1.0,0.0,9613.0,0.822832193521928,0.9609404710045697,107.0,97.0,0.4196078431372549
9517,0.0,0.0,9614.0,0.8178203140508714,0.9559285915335131,107.0,97.0,0.4196078431372549
9518,1.0,0.0,9614.0,0.8147923845015033,0.9601695186937576,106.0,96.0,0.41568627450980394
9519,0.0,0.0,9615.0,0.811463447431569,0.9568405816238232,106.0,96.0,0.41568627450980394
9520,1.0,0.0,9616.0,0.8102792595335181,0.9556563937257725,106.0,96.0,0.41568627450980394
9521,1.0,0.0,9617.0,0.8086051255760403,0.9539822597682945,106.0,96.0,0.41568627450980394
9522,1.0,0.0,9617.0,0.8062502590021855,0.9592788213098217,106.0,95.0,0.41568627450980394
9523,1.0,0.0,9618.0,0.8035817151533597,0.9566102774609959,105.0,95.0,0.4117647058823529
9524,0.0,0.0,9619.0,0.8004060906044783,0.9534346529121145,105.0,95.0,0.4117647058823529
9525,1.0,0.0,9619.0,0.7991504169317047,0.9602331140976376,105.0,94.0,0.4117647058823529
9526,1.0,0.0,9620.0,0.7975727080029592,0.958655405168892,104.0,94.0,0.40784313725490196
9527,0.0,0.0,9621.0,0.795472621488142,0.9565553186540748,104.0,94.0,0.40784313725490196
9528,1.0,0.0,9622.0,0.7954762097911621,0.9565589069570949,104.0,94.0,0.40784313725490196
9529,1.0,0.0,9623.0,0.7949519034075533,0.9560346005734861,104.0,94.0,0.40784313725490196
9530,1.0,0.0,9624.0,0.7938983225836748,0.9549810197496076,104.0,94.0,0.40784313725490196
9531,1.0,0.0,9625.0,0.7923126947384111,0.953395391904344,103.0,94.0,0.403921568627451
9532,0.0,0.0,9625.0,0.7899843308884884,0.9595450647473651,103.0,93.0,0.403921568627451
9533,1.0,0.0,9626.0,0.789952258728712,0.9595129925875887,103.0,93.0,0.403921568627451
9534,1.0,0.0,9627.0,0.7893782986328752,0.9589390324917519,102.0,93.0,0.4
9535,1.0,0.0,9628.0,0.7882609401796734,0.9578216740385501,102.0,93.0,0.4
9536,1.0,0.0,9629.0,0.7865972429521244,0.9561579768110011,102.0,93.0,0.4
9537,0.0,0.0,9630.0,0.7843828287996291,0.9539435626585058,101.0,93.0,0.396078431372549
9538,1.0,0.0,9631.0,0.7842434492638917,0.9538041831227684,101.0,93.0,0.396078431372549
9539,1.0,0.0,9632.0,0.7835471586092918,0.9531078924681684,100.0,93.0,0.39215686274509803
9540,1.0,0.0,9632.0,0.7820747389357723,0.9605597219451162,100.0,92.0,0.39215686274509803
9541,1.0,0.0,9633.0,0.7802576586344302,0.9587426416437741,100.0,92.0,0.39215686274509803
9542,1.0,0.0,9634.0,0.7778737503587698,0.9563587333681137,100.0,92.0,0.39215686274509803
9543,0.0,0.0,9635.0,0.7749167406659605,0.9534017236753044,100.0,92.0,0.39215686274509803
9544,1.0,0.0,9636.0,0.7740104268989156,0.9524954099082595,100.0,92.0,0.39215686274509803
9545,1.0,0.0,9636.0,0.772292018172744,0.9601709476562638,100.0,91.0,0.39215686274509803
9546,1.0,0.0,9637.0,0.7702152483378626,0.9580941778213824,101.0,91.0,0.396078431372549
9547,0.0,0.0,9638.0,0.7675458253092016,0.9554247547927214,101.0,91.0,0.396078431372549
9548,1.0,0.0,9639.0,0.7666674328142709,0.9545463622977907,102.0,91.0,0.4
9549,1.0,0.0,9640.0,0.7654158776702135,0.9532948071537333,102.0,91.0,0.4
9550,1.0,0.0,9641.0,0.7635590394095668,0.9514379688930866,102.0,91.0,0.4
9551,0.0,0.0,9641.0,0.7608511611934408,0.9586184553866196,103.0,90.0,0.403921568627451
9552,1.0,0.0,9642.0,0.7603990706882605,0.9581663648814394,103.0,90.0,0.403921568627451
9553,1.0,0.0,9643.0,0.7593291288123869,0.9570964230055657,104.0,90.0,0.40784313725490196
9554,1.0,0.0,9644.0,0.7576385199293045,0.9554058141224834,104.0,90.0,0.40784313725490196
9555,0.0,0.0,9645.0,0.7553227950682685,0.9530900892614473,104.0,90.0,0.40784313725490196
9556,0.0,0.0,9646.0,0.755007439163855,0.9527747333570339,105.0,90.0,0.4117647058823529
9557,1.0,0.0,9647.0,0.7566916223321051,0.9544589165252839,105.0,90.0,0.4117647058823529
9558,0.0,0.0,9648.0,0.7577481976866194,0.9555154918797982,105.0,90.0,0.4117647058823529
9559,0.0,0.0,9649.0,0.7608115246362256,0.9585788188294044,105.0,90.0,0.4117647058823529
9560,1.0,0.0,9651.0,0.7661305349900479,0.9540094644735677,105.0,91.0,0.4117647058823529
9561,1.0,0.0,9652.0,0.7706052724820236,0.9584842019655434,106.0,91.0,0.41568627450980394
9562,1.0,0.0,9654.0,0.7747172100608406,0.9532021930701845,106.0,92.0,0.41568627450980394
9563,1.0,0.0,9655.0,0.7780189126362198,0.9565038956455637,106.0,92.0,0.41568627450980394
9564,1.0,0.0,9656.0,0.7807478958004433,0.9592328788097872,106.0,92.0,0.41568627450980394
9565,1.0,0.0,9658.0,0.7831287266443832,0.9526894605032599,106.0,93.0,0.41568627450980394
9566,1.0,0.0,9659.0,0.7845149417764241,0.9540756756353008,105.0,93.0,0.4117647058823529
9567,0.0,0.0,9660.0,0.7855514765220006,0.9551122103808773,105.0,93.0,0.4117647058823529
9568,1.0,0.0,9661.0,0.7886661212730783,0.958226855131955,105.0,93.0,0.4117647058823529
9569,1.0,0.0,9662.0,0.7912354935158439,0.9607962273747206,106.0,93.0,0.41568627450980394
9570,1.0,0.0,9664.0,0.7934728710346173,0.9545555682005501,106.0,94.0,0.41568627450980394
9571,0.0,0.0,9665.0,0.7949705656442481,0.9560532628101809,106.0,94.0,0.41568627450980394
9572,1.0,0.0,9666.0,0.7985706138721267,0.9596533110380595,106.0,94.0,0.41568627450980394
9573,1.0,0.0,9668.0,0.8016509105820107,0.9546794728896468,105.0,95.0,0.4117647058823529
9574,1.0,0.0,9669.0,0.8042092360039526,0.9572377983115887,105.0,95.0,0.4117647058823529
9575,1.0,0.0,9670.0,0.8062621320964982,0.9592906944041344,106.0,95.0,0.41568627450980394
9576,0.0,0.0,9671.0,0.8078150012177858,0.960843563525422,106.0,95.0,0.41568627450980394
9577,1.0,0.0,9673.0,0.8116898897541435,0.9570670239463979,106.0,96.0,0.41568627450980394
9578,1.0,0.0,9674.0,0.8148921634745929,0.9602692976668472,106.0,96.0,0.41568627450980394
9579,1.0,0.0,9676.0,0.8177936922507214,0.955901969733363,106.0,97.0,0.41568627450980394
9580,0.0,0.0,9677.0,0.8200475219438011,0.9581557994264428,106.0,97.0,0.41568627450980394
9581,1.0,0.0,9679.0,0.8246364333256782,0.9558392969341877,106.0,98.0,0.41568627450980394
9582,1.0,0.0,9680.0,0.8286040632778365,0.9598069268863461,106.0,98.0,0.41568627450980394
9583,1.0,0.0,9682.0,0.8322888600907503,0.9569315805188343,106.0,99.0,0.41568627450980394
9584,1.0,0.0,9683.0,0.8353805033570929,0.9600232237851769,106.0,99.0,0.41568627450980394
9585,1.0,0.0,9685.0,0.8381987357812668,0.9566093201879466,106.0,100.0,0.41568627450980394
9586,1.0,0.0,9686.0,0.8404469573853952,0.958857541792075,106.0,100.0,0.41568627450980394
9587,1.0,0.0,9687.0,0.8422828929836681,0.9606934773903479,106.0,100.0,0.41568627450980394
9588,0.0,0.0,9689.0,0.8437113739855542,0.9562014291719,106.0,101.0,0.41568627450980394
9589,1.0,0.0,9690.0,0.8473601480768758,0.9598502032632216,106.0,101.0,0.41568627450980394
9590,1.0,0.0,9692.0,0.8507514563668169,0.9576170087938455,106.0,102.0,0.41568627450980394
9591,1.0,0.0,9693.0,0.8536198485688362,0.9604854009958648,106.0,102.0,0.41568627450980394
9592,1.0,0.0,9695.0,0.8562400369645327,0.9577623117702098,106.0,103.0,0.41568627450980394
9593,1.0,0.0,9696.0,0.8583582607435878,0.9598805355492649,106.0,103.0,0.41568627450980394
9594,1.0,0.0,9698.0,0.8602338998661185,0.9566800609315118,107.0,104.0,0.4196078431372549
9595,1.0,0.0,9699.0,0.8616242669837604,0.9580704280491537,107.0,104.0,0.4196078431372549
9596,1.0,0.0,9700.0,0.8626566698817922,0.9591028309471855,107.0,104.0,0.4196078431372549
9597,1.0,0.0,9701.0,0.8633338254099456,0.9597799864753389,106.0,104.0,0.41568627450980394
9598,1.0,0.0,9702.0,0.8636575155564528,0.960103676621846,106.0,104.0,0.41568627450980394
9599,0.0,0.0,9703.0,0.8636285921374883,0.9600747532028816,106.0,104.0,0.41568627450980394
9600,1.0,0.0,9705.0,0.8659960244643812,0.9576198774765048,105.0,105.0,0.4117647058823529
9601,1.0,0.0,9706.0,0.8678992215960812,0.9595230746082049,105.0,105.0,0.4117647058823529
9602,1.0,0.0,9708.0,0.8695722515786233,0.9566149119401407,103.0,106.0,0.403921568627451
9603,0.0,0.0,9709.0,0.8707960371476726,0.95783869750919,102.0,106.0,0.4
9604,1.0,0.0,9711.0,0.8744229843898415,0.957113511733283,102.0,107.0,0.4
9605,1.0,0.0,9712.0,0.8776187529796926,0.9603092803231341,102.0,107.0,0.4
9606,1.0,0.0,9714.0,0.8804977663311623,0.9590537673074317,102.0,108.0,0.4
9607,0.0,0.0,9716.0,0.8831579773010216,0.9577861782284776,102.0,109.0,0.4
9608,1.0,0.0,9718.0,0.888142288211147,0.9590390790922302,102.0,110.0,0.4
9609,1.0,0.0,9720.0,0.892832236721828,0.960184188058857,101.0,111.0,0.396078431372549
9610,1.0,0.0,9723.0,0.8973180944644725,0.9581032305461412,101.0,113.0,0.396078431372549
9611,1.0,0.0,9725.0,0.9014517054434521,0.9591975847210373,100.0,114.0,0.39215686274509803
9612,1.0,0.0,9727.0,0.9053259788051775,0.9601845641188835,99.0,115.0,0.38823529411764707
9613,1.0,0.0,9729.0,0.9088807784862307,0.9609964345342514,97.0,116.0,0.3803921568627451
9614,1.0,0.0,9732.0,0.9123229061725446,0.9593572857558833,96.0,118.0,0.3764705882352941
9615,1.0,0.0,9734.0,0.9154708304681068,0.9601534910722785,96.0,119.0,0.3764705882352941
9616,1.0,0.0,9736.0,0.9183963095806904,0.9608448371546535,96.0,120.0,0.3764705882352941
9617,1.0,0.0,9739.0,0.9211561572627897,0.9594659533982914,95.0,122.0,0.37254901960784315
9618,1.0,0.0,9741.0,0.9236568210184746,0.9600511273472012,95.0,123.0,0.37254901960784315
9619,1.0,0.0,9743.0,0.9259565816715764,0.9605311726838667,94.0,124.0,0.3686274509803922
9620,1.0,0.0,9745.0,0.9280614912238139,0.9609073526854897,94.0,125.0,0.3686274509803922
9621,1.0,0.0,9748.0,0.9300150932569653,0.9596584832261277,94.0,127.0,0.3686274509803922
9622,1.0,0.0,9750.0,0.931744519908041,0.9599057403787452,94.0,128.0,0.3686274509803922
9623,1.0,0.0,9752.0,0.9332943268746642,0.9600474863218332,94.0,129.0,0.3686274509803922
9624,1.0,0.0,9754.0,0.9346685925962207,0.9600840940710313,94.0,130.0,0.3686274509803922
9625,1.0,0.0,9756.0,0.9358709335614515,0.9600156599625216,93.0,131.0,0.36470588235294116
9626,1.0,0.0,9758.0,0.9369045138255281,0.9598420039065446,93.0,132.0,0.36470588235294116
9627,1.0,0.0,9759.0,0.937744116649877,0.9606816067308935,93.0,132.0,0.36470588235294116
9628,1.0,0.0,9761.0,0.9384492952408173,0.960239910817783,93.0,133.0,0.36470588235294116
9629,1.0,0.0,9762.0,0.9389659584406124,0.9607565740175781,93.0,133.0,0.36470588235294116
9630,1.0,0.0,9764.0,0.9393220057415669,0.9600230905396844,93.0,134.0,0.36470588235294116
9631,1.0,0.0,9765.0,0.9395197011028776,0.9602207859009951,93.0,134.0,0.36470588235294116
9632,1.0,0.0,9766.0,0.9395595647754955,0.960260649573613,92.0,134.0,0.3607843137254902
9633,1.0,0.0,9767.0,0.9394417016638219,0.9601427864619394,92.0,134.0,0.3607843137254902
9634,1.0,0.0,9767.0,0.9391392617494683,0.960929877326434,92.0,133.0,0.3607843137254902
9635,1.0,0.0,9768.0,0.9387045986842506,0.9604952142612163,92.0,133.0,0.3607843137254902
9636,1.0,0.0,9769.0,0.9381100287656918,0.9599006443426575,91.0,133.0,0.3568627450980392
9637,1.0,0.0,9769.0,0.9373260506494743,0.9602635407304908,91.0,132.0,0.3568627450980392
9638,1.0,0.0,9769.0,0.9363771410875972,0.9605218674886673,91.0,131.0,0.3568627450980392
9639,0.0,0.0,9769.0,0.9352608029496352,0.9606763044244458,91.0,130.0,0.3568627450980392
9640,1.0,0.0,9771.0,0.9366692162047012,0.9608139426057714,91.0,131.0,0.3568627450980392
9641,1.0,0.0,9773.0,0.9379109695024112,0.9608484595834277,90.0,132.0,0.35294117647058826
9642,1.0,0.0,9775.0,0.9389893306146011,0.9607799461915668,90.0,133.0,0.35294117647058826
9643,1.0,0.0,9777.0,0.9399071373336716,0.9606082221317891,90.0,134.0,0.35294117647058826
9644,1.0,0.0,9779.0,0.9406668049404623,0.9603328354986739,90.0,135.0,0.35294117647058826
9645,1.0,0.0,9780.0,0.9412463803435489,0.9609124109017605,90.0,135.0,0.35294117647058826
9646,1.0,0.0,9782.0,0.9416965538177555,0.9603792828480565,90.0,136.0,0.35294117647058826
9647,1.0,0.0,9783.0,0.9419705425645599,0.9606532715948609,90.0,136.0,0.35294117647058826
9648,1.0,0.0,9784.0,0.9420930198236852,0.9607757488539862,90.0,136.0,0.35294117647058826
9649,1.0,0.0,9785.0,0.9420643079037081,0.9607470369340091,90.0,136.0,0.35294117647058826
9650,1.0,0.0,9786.0,0.9418843312469445,0.9605670602772455,91.0,136.0,0.3568627450980392
9651,1.0,0.0,9787.0,0.9415526162306134,0.9602353452609144,91.0,136.0,0.3568627450980392
9652,1.0,0.0,9787.0,0.9410443377037556,0.9607103682619672,91.0,135.0,0.3568627450980392
9653,1.0,0.0,9788.0,0.9404061255568612,0.9600721561150728,92.0,135.0,0.3607843137254902
9654,1.0,0.0,9788.0,0.9395871352078844,0.9602882200060019,92.0,134.0,0.3607843137254902
9655,1.0,0.0,9788.0,0.9386091636357704,0.9603997792127361,92.0,133.0,0.3607843137254902
9656,1.0,0.0,9788.0,0.937469637231119,0.9604071273121355,92.0,132.0,0.3607843137254902
9657,1.0,0.0,9788.0,0.9361655572402336,0.9603102836413038,93.0,131.0,0.36470588235294116
9658,1.0,0.0,9788.0,0.9346934918736648,0.9601089933484754,93.0,130.0,0.36470588235294116
9659,0.0,0.0,9788.0,0.9330495672751845,0.9598027267223536,93.0,129.0,0.36470588235294116
9660,1.0,0.0,9789.0,0.933895335197165,0.9606484946443341,93.0,129.0,0.36470588235294116
9661,1.0,0.0,9791.0,0.934568858421046,0.9599843598958566,93.0,130.0,0.36470588235294116
9662,1.0,0.0,9792.0,0.9350701944302454,0.9604856959050561,93.0,130.0,0.36470588235294116
9663,1.0,0.0,9793.0,0.9354022917288631,0.9608177932036738,94.0,130.0,0.3686274509803922
9664,1.0,0.0,9794.0,0.9355660242571591,0.9609815257319697,94.0,130.0,0.3686274509803922
9665,1.0,0.0,9795.0,0.9355618228902072,0.9609773243650178,94.0,130.0,0.3686274509803922
9666,1.0,0.0,9796.0,0.9353896765717788,0.9608051780465895,94.0,130.0,0.3686274509803922
9667,1.0,0.0,9797.0,0.9350165483089969,0.9604320497838076,95.0,130.0,0.37254901960784315
9668,0.0,0.0,9798.0,0.9345049949390674,0.959920496413878,95.0,130.0,0.37254901960784315
9669,1.0,0.0,9800.0,0.9364852492162798,0.96062997561735,95.0,131.0,0.37254901960784315
9670,1.0,0.0,9803.0,0.9382968890605542,0.9600875046375199,95.0,133.0,0.37254901960784315
9671,1.0,0.0,9805.0,0.9399167452585278,0.9606178300566452,95.0,134.0,0.37254901960784315
9672,1.0,0.0,9808.0,0.9414289796972453,0.9601117087275463,96.0,136.0,0.3764705882352941
9673,1.0,0.0,9810.0,0.9427379147956125,0.9604865073743984,96.0,137.0,0.3764705882352941
9674,1.0,0.0,9812.0,0.9439189148019437,0.9607800777517903,96.0,138.0,0.3764705882352941
9675,1.0,0.0,9814.0,0.9449307161295455,0.9609488209318998,97.0,139.0,0.3803921568627451
9676,1.0,0.0,9817.0,0.9458366680895623,0.9602930076736871,97.0,141.0,0.3803921568627451
9677,1.0,0.0,9819.0,0.9465805757353966,0.9603140983403151,97.0,142.0,0.3803921568627451
9678,1.0,0.0,9820.0,0.9471671792227061,0.9609007018276247,98.0,142.0,0.3843137254901961
9679,1.0,0.0,9822.0,0.9476323560513905,0.9606792025260631,98.0,143.0,0.3843137254901961
9680,1.0,0.0,9823.0,0.9479271061745498,0.9609739526492224,98.0,143.0,0.3843137254901961
9681,1.0,0.0,9825.0,0.948117439482776,0.9605119436337151,99.0,144.0,0.38823529411764707
9682,1.0,0.0,9826.0,0.9481561438665695,0.9605506480175086,99.0,144.0,0.38823529411764707
9683,1.0,0.0,9827.0,0.9480592115695088,0.9604537157204478,99.0,144.0,0.38823529411764707
9684,1.0,0.0,9827.0,0.9478104971166643,0.9608573435913369,100.0,143.0,0.39215686274509803
9685,1.0,0.0,9828.0,0.947441168593008,0.9604880150676806,100.0,143.0,0.39215686274509803
9686,1.0,0.0,9828.0,0.9469176369651857,0.9606511595701043,100.0,142.0,0.39215686274509803
9687,1.0,0.0,9828.0,0.9462544149083243,0.960710754492449,100.0,141.0,0.39215686274509803
9688,1.0,0.0,9828.0,0.9454497571012217,0.9606669566634582,101.0,140.0,0.396078431372549
9689,0.0,0.0,9828.0,0.9445015460233329,0.9605196508256872,101.0,139.0,0.396078431372549
9690,1.0,0.0,9831.0,0.9460974443604195,0.9605537839445443,101.0,141.0,0.396078431372549
9691,1.0,0.0,9834.0,0.9475487113629173,0.9605955578375899,102.0,143.0,0.4
9692,1.0,0.0,9837.0,0.9488443415782124,0.9606191205216045,102.0,145.0,0.4
9693,1.0,0.0,9840.0,0.9500174263498196,0.9606441643462309,102.0,147.0,0.4
9694,1.0,0.0,9843.0,0.9510303657917872,0.9606209968335484,103.0,149.0,0.403921568627451
9695,1.0,0.0,9846.0,0.951926733456135,0.9605822779713244,103.0,151.0,0.403921568627451
9696,1.0,0.0,9848.0,0.9526954536368785,0.9609182209263085,103.0,152.0,0.403921568627451
9697,1.0,0.0,9851.0,0.9533492023327321,0.9607702498114427,104.0,154.0,0.40784313725490196
9698,1.0,0.0,9853.0,0.9538701708626884,0.9609201659674634,104.0,155.0,0.40784313725490196
9699,1.0,0.0,9855.0,0.9542697451054414,0.9609672404549777,104.0,156.0,0.40784313725490196
9700,1.0,0.0,9857.0,0.954548976572156,0.9609115971542155,104.0,157.0,0.40784313725490196
9701,1.0,0.0,9859.0,0.9547086000824816,0.9607530896354382,104.0,158.0,0.40784313725490196
9702,1.0,0.0,9860.0,0.9547416738199856,0.9607861633729422,104.0,158.0,0.40784313725490196
9703,1.0,0.0,9861.0,0.9546560341664003,0.9607005237193569,104.0,158.0,0.40784313725490196
9704,1.0,0.0,9861.0,0.9544437064086353,0.9608063269906948,105.0,157.0,0.4117647058823529
9705,1.0,0.0,9861.0,0.9541114936677353,0.9608089890172716,105.0,156.0,0.4117647058823529
9706,1.0,0.0,9861.0,0.9536585216996452,0.9607085168044202,105.0,155.0,0.4117647058823529
9707,1.0,0.0,9860.0,0.9530740843094354,0.9608857132343939,106.0,153.0,0.41568627450980394
9708,1.0,0.0,9860.0,0.952375196122671,0.960597963412101,106.0,152.0,0.41568627450980394
9709,1.0,0.0,9859.0,0.9515398826527078,0.960650982142381,106.0,150.0,0.41568627450980394
9710,1.0,0.0,9858.0,0.9505752888866694,0.9606706899832601,107.0,148.0,0.4196078431372549
9711,1.0,0.0,9857.0,0.9494786869650946,0.9606647269613171,107.0,146.0,0.4196078431372549
9712,1.0,0.0,9856.0,0.9482469811712222,0.9606414853221612,107.0,144.0,0.4196078431372549
9713,1.0,0.0,9855.0,0.9468766975732059,0.9606102201781245,108.0,142.0,0.4235294117647059
9714,0.0,0.0,9854.0,0.9453639724321481,0.9605811719943846,108.0,140.0,0.4235294117647059
9715,1.0,0.0,9856.0,0.9463946972977115,0.9608510368818363,109.0,141.0,0.42745098039215684
9716,1.0,0.0,9859.0,0.9473010823034658,0.9603479287781383,109.0,143.0,0.42745098039215684
9717,1.0,0.0,9861.0,0.9480511788665982,0.9604456830175372,110.0,144.0,0.43137254901960786
9718,1.0,0.0,9863.0,0.948649472135255,0.960424251078647,110.0,145.0,0.43137254901960786
9719,1.0,0.0,9864.0,0.9491126324358468,0.9608874113792388,111.0,145.0,0.43529411764705883
9720,1.0,0.0,9866.0,0.9494569744817098,0.9606430144779323,111.0,146.0,0.43529411764705883
9721,1.0,0.0,9867.0,0.9496546845426104,0.9608407245388328,112.0,146.0,0.4392156862745098
9722,1.0,0.0,9868.0,0.9497206239851006,0.9609066639813231,113.0,146.0,0.44313725490196076
9723,1.0,0.0,9869.0,0.949654966334029,0.9608410063302515,113.0,146.0,0.44313725490196076
9724,1.0,0.0,9870.0,0.9494575388061036,0.9606435788023261,114.0,146.0,0.4470588235294118
9725,1.0,0.0,9870.0,0.9491134807782797,0.9608882597216718,114.0,145.0,0.4470588235294118
9726,1.0,0.0,9871.0,0.9486506067282072,0.9604253856715993,115.0,145.0,0.45098039215686275
9727,1.0,0.0,9871.0,0.9480382616189225,0.9604327657698615,115.0,144.0,0.45098039215686275
9728,0.0,0.0,9871.0,0.9472891750928454,0.960336021567518,116.0,143.0,0.4549019607843137
9729,1.0,0.0,9874.0,0.94906394107739,0.9608387200207821,116.0,145.0,0.4549019607843137
9730,1.0,0.0,9878.0,0.9507312316466029,0.9608266327431936,117.0,148.0,0.4588235294117647
9731,1.0,0.0,9882.0,0.9522525833590452,0.9609081278742346,118.0,151.0,0.4627450980392157
9732,1.0,0.0,9887.0,0.9536528749250348,0.9607028700298098,118.0,155.0,0.4627450980392157
9733,1.0,0.0,9891.0,0.9549270507510812,0.9609715403040378,119.0,158.0,0.4666666666666667
9734,1.0,0.0,9897.0,0.9560918158802658,0.9607689266732614,119.0,163.0,0.4666666666666667
9735,1.0,0.0,9902.0,0.957129158259944,0.9609386942327814,120.0,167.0,0.47058823529411764
9736,1.0,0.0,9909.0,0.9580573761192569,0.9608577351199339,120.0,173.0,0.47058823529411764
9737,1.0,0.0,9916.0,0.9588627216524818,0.9609212428447181,121.0,179.0,0.4745098039215686
9738,1.0,1.0,9867.0,0.9590094530244923,0.9857626124716613,122.0,129.0,0.47843137254901963
9739,1.0,1.0,9860.0,0.9593051718452845,0.9996312730405496,122.0,121.0,0.47843137254901963
9740,1.0,1.0,9861.0,0.9597848968807458,1.0001109980760108,123.0,121.0,0.4823529411764706
9741,1.0,1.0,9862.0,0.9601613777039588,1.0004874788992237,123.0,121.0,0.4823529411764706
9742,1.0,1.0,9863.0,0.9603839049241949,1.0007100061194598,124.0,121.0,0.48627450980392156
9743,1.0,1.0,9864.0,0.9605538793923901,1.0008799805876551,124.0,121.0,0.48627450980392156
9744,1.0,1.0,9865.0,0.9606226332865258,1.0009487344817907,125.0,121.0,0.49019607843137253
9745,1.0,1.0,9866.0,0.9605903475379023,1.0009164487331672,125.0,121.0,0.49019607843137253
9746,1.0,1.0,9867.0,0.9604569371840235,1.0007830383792884,126.0,121.0,0.49411764705882355
9747,1.0,1.0,9868.0,0.9602220511450104,1.0005481523402753,127.0,121.0,0.4980392156862745
9748,1.0,1.0,9869.0,0.9598850712997078,1.0002111724949727,127.0,121.0,0.4980392156862745
9749,1.0,1.0,9870.0,0.9594451108590494,0.9997712120543144,128.0,121.0,0.5019607843137255
9750,1.0,1.0,9875.0,0.9590341078770206,0.9918799693386964,128.0,125.0,0.5019607843137255
9751,1.0,1.0,9915.0,0.9590021803201056,0.9634454355734515,129.0,164.0,0.5058823529411764
9752,1.0,0.0,9926.0,0.9582787647617981,0.9609391058124412,129.0,174.0,0.5058823529411764
9753,1.0,0.0,9922.0,0.9573901818536255,0.9608282880691112,130.0,169.0,0.5098039215686274
9754,1.0,0.0,9918.0,0.9563807387049047,0.9608239939582506,130.0,164.0,0.5098039215686274
9755,1.0,0.0,9914.0,0.9552496347032096,0.9609918997785183,131.0,159.0,0.5137254901960784
9756,1.0,0.0,9912.0,0.9540172581389965,0.9607147534885329,131.0,156.0,0.5137254901960784
9757,1.0,0.0,9909.0,0.9526520946326281,0.9608748619220582,132.0,152.0,0.5176470588235295
9758,1.0,0.0,9907.0,0.9511581062452654,0.9607487372870266,132.0,149.0,0.5176470588235295
9759,1.0,0.0,9905.0,0.9495306585748453,0.9607166985710678,132.0,146.0,0.5176470588235295
9760,1.0,0.0,9903.0,0.9477646490904073,0.9608114955650798,133.0,143.0,0.5215686274509804
9761,1.0,0.0,9902.0,0.9458730080233029,0.9603293476074276,133.0,141.0,0.5215686274509804
9762,1.0,0.0,9900.0,0.943815608967872,0.9606767719177186,133.0,138.0,0.5215686274509804
9763,0.0,0.0,9899.0,0.9416256446448654,0.9603083736751664,134.0,136.0,0.5254901960784314
9764,1.0,0.0,9900.0,0.941959211636891,0.960641940667192,134.0,136.0,0.5254901960784314
9765,1.0,0.0,9901.0,0.9421412373230067,0.9608239663533077,134.0,136.0,0.5254901960784314
9766,1.0,0.0,9902.0,0.9421722007181761,0.9608549297484771,134.0,136.0,0.5254901960784314
9767,1.0,0.0,9903.0,0.9420521833050179,0.9607349123353189,133.0,136.0,0.5215686274509804
9768,1.0,0.0,9904.0,0.9417808692482348,0.9604635982785358,133.0,136.0,0.5215686274509804
9769,1.0,0.0,9904.0,0.941333592346761,0.9609996229049725,130.0,135.0,0.5098039215686274
9770,1.0,0.0,9905.0,0.940757143021679,0.9604231735798906,131.0,135.0,0.5137254901960784
9771,1.0,0.0,9905.0,0.9400008392246855,0.960701924022803,131.0,134.0,0.5137254901960784
9772,1.0,0.0,9905.0,0.9390866428993359,0.9608772584763016,132.0,133.0,0.5176470588235295
9773,1.0,0.0,9905.0,0.9380121482658268,0.9609496383468433,132.0,132.0,0.5176470588235295
9774,1.0,0.0,9905.0,0.9367745277067014,0.9609192541077716,133.0,131.0,0.5215686274509804
9775,1.0,0.0,9905.0,0.9353705243257513,0.9607860258005619,133.0,130.0,0.5215686274509804
9776,1.0,0.0,9905.0,0.9337964433772376,0.9605496028244066,134.0,129.0,0.5254901960784314
9777,1.0,0.0,9905.0,0.9320481425428742,0.9602093630135784,134.0,128.0,0.5254901960784314
9778,1.0,0.0,9905.0,0.9301210210309925,0.9597644110001549,135.0,127.0,0.5294117647058824
9779,1.0,0.0,9904.0,0.927970002894335,0.9608158643560107,135.0,125.0,0.5294117647058824
9780,1.0,0.0,9904.0,0.9256674364798296,0.96024202749212,135.0,124.0,0.5294117647058824
9781,1.0,0.0,9904.0,0.9231692580560604,0.9595635643847871,136.0,123.0,0.5333333333333333
9782,1.0,0.0,9903.0,0.9204197783460306,0.9607458795412956,136.0,121.0,0.5333333333333333
9783,1.0,0.0,9903.0,0.9175075363671571,0.9599560639411202,136.0,120.0,0.5333333333333333
9784,1.0,0.0,9903.0,0.9143782089576706,0.9590608695618423,136.0,119.0,0.5333333333333333
9785,1.0,0.0,9902.0,0.9109632605587963,0.9604731338044159,136.0,117.0,0.5333333333333333
9786,1.0,0.0,9902.0,0.907371290413179,0.9594869464611997,136.0,116.0,0.5333333333333333
9787,1.0,0.0,9902.0,0.9035355605054912,0.9583941458191972,135.0,115.0,0.5294117647058824
9788,1.0,0.0,9901.0,0.899371943631099,0.9601570797127676,129.0,113.0,0.5058823529411764
9789,1.0,0.0,9901.0,0.8950138476016846,0.9589982013718621,129.0,112.0,0.5058823529411764
9790,1.0,0.0,9901.0,0.8903794722238536,0.9577314235608826,130.0,111.0,0.5098039215686274
9791,0.0,0.0,9900.0,0.8853657284512851,0.9599939293787412,130.0,109.0,0.5098039215686274
9792,1.0,0.0,9901.0,0.882863920326667,0.957492121254123,130.0,109.0,0.5098039215686274
9793,1.0,0.0,9901.0,0.879962966039161,0.9585189670154305,130.0,108.0,0.5098039215686274
9794,1.0,0.0,9901.0,0.8767461248201791,0.9594366521636206,130.0,107.0,0.5098039215686274
9795,1.0,0.0,9901.0,0.8732049312980923,0.9602475916596097,130.0,106.0,0.5098039215686274
9796,1.0,0.0,9901.0,0.8693300665425794,0.960953919554703,130.0,105.0,0.5098039215686274
9797,0.0,0.0,9902.0,0.8652288000193467,0.9568526530314703,130.0,105.0,0.5098039215686274
9798,1.0,0.0,9902.0,0.863292858236592,0.9597390193019852,130.0,104.0,0.5098039215686274
9799,1.0,0.0,9903.0,0.8611208097420606,0.9575669708074539,131.0,104.0,0.5137254901960784
9800,1.0,0.0,9903.0,0.8584658232159983,0.9599880980216754,131.0,103.0,0.5137254901960784
9801,1.0,0.0,9904.0,0.8555685350925495,0.9570908098982266,132.0,103.0,0.5176470588235295
9802,0.0,0.0,9904.0,0.8521675152422696,0.9590330676692982,133.0,102.0,0.5215686274509804
9803,1.0,0.0,9905.0,0.851146048603229,0.9580116010302575,133.0,102.0,0.5215686274509804
9804,0.0,0.0,9906.0,0.8497397113953847,0.9566052638224133,134.0,102.0,0.5254901960784314
9805,1.0,0.0,9907.0,0.8505763816787164,0.957441934105745,134.0,102.0,0.5254901960784314
9806,1.0,0.0,9908.0,0.8510266822697589,0.9578922346967874,135.0,102.0,0.5294117647058824
9807,1.0,0.0,9909.0,0.8510917981700676,0.9579573505970962,136.0,102.0,0.5333333333333333
9808,1.0,0.0,9910.0,0.8507719007372749,0.9576374531643035,136.0,102.0,0.5333333333333333
9809,0.0,0.0,9911.0,0.8500661481360317,0.9569317005630602,137.0,102.0,0.5372549019607843
9810,1.0,0.0,9912.0,0.8514672549515223,0.9583328073785509,137.0,102.0,0.5372549019607843
9811,1.0,0.0,9913.0,0.8526144932406448,0.9594800456676733,138.0,102.0,0.5411764705882353
9812,1.0,0.0,9914.0,0.8532437181704606,0.9601092705974892,138.0,102.0,0.5411764705882353
9813,0.0,0.0,9915.0,0.8536237494771161,0.9604893019041446,139.0,102.0,0.5450980392156862
9814,1.0,0.0,9917.0,0.8563871661903653,0.9579094409960424,139.0,103.0,0.5450980392156862
9815,1.0,0.0,9918.0,0.8586490054691465,0.9601712802748236,140.0,103.0,0.5490196078431373
9816,1.0,0.0,9920.0,0.8606690252091019,0.9571151862744952,141.0,104.0,0.5529411764705883
9817,1.0,0.0,9921.0,0.8622049180108606,0.9586510790762539,141.0,104.0,0.5529411764705883
9818,1.0,0.0,9922.0,0.8633843746220282,0.9598305356874215,142.0,104.0,0.5568627450980392
9819,1.0,0.0,9923.0,0.8642104988757913,0.9606566599411845,142.0,104.0,0.5568627450980392
9820,1.0,0.0,9925.0,0.8648029312615653,0.9564267842736889,142.0,105.0,0.5568627450980392
9821,1.0,0.0,9926.0,0.8648105222549709,0.9564343752670945,143.0,105.0,0.5607843137254902
9822,1.0,0.0,9926.0,0.8644623514648371,0.9609085125302304,143.0,104.0,0.5607843137254902
9823,0.0,0.0,9927.0,0.8638811515766851,0.9603273126420784,143.0,104.0,0.5607843137254902
9824,1.0,0.0,9929.0,0.8655795055862727,0.9572033585983963,144.0,105.0,0.5647058823529412
9825,1.0,0.0,9930.0,0.8669241214526666,0.9585479744647902,144.0,105.0,0.5647058823529412
9826,1.0,0.0,9931.0,0.8678069444843628,0.9594307974964864,144.0,105.0,0.5647058823529412
9827,1.0,0.0,9932.0,0.8684593575323967,0.9600832105445203,143.0,105.0,0.5607843137254902
9828,1.0,0.0,9933.0,0.8687714843189003,0.9603953373310239,139.0,105.0,0.5450980392156862
9829,1.0,0.0,9934.0,0.8686266797519335,0.9602505327640571,140.0,105.0,0.5490196078431373
9830,1.0,0.0,9935.0,0.8682536223993769,0.9598774754115005,141.0,105.0,0.5529411764705883
9831,1.0,0.0,9936.0,0.8674222708988246,0.9590461239109482,141.0,105.0,0.5529411764705883
9832,1.0,0.0,9937.0,0.8663594971157005,0.9579833501278241,142.0,105.0,0.5568627450980392
9833,1.0,0.0,9938.0,0.8649509111225814,0.956574764134705,143.0,105.0,0.5607843137254902
9834,1.0,0.0,9938.0,0.8630753396360015,0.9595215007013947,143.0,104.0,0.5607843137254902
9835,1.0,0.0,9939.0,0.8608394400958321,0.9572856011612254,144.0,104.0,0.5647058823529412
9836,1.0,0.0,9939.0,0.8582373285559148,0.9597596033615919,145.0,103.0,0.5686274509803921
9837,0.0,0.0,9940.0,0.8552621573543029,0.95678443215998,145.0,103.0,0.5686274509803921
9838,1.0,0.0,9941.0,0.8546678328030366,0.9561901076087137,146.0,103.0,0.5725490196078431
9839,1.0,0.0,9941.0,0.8535674062557564,0.960432958682785,147.0,102.0,0.5764705882352941
9840,1.0,0.0,9942.0,0.8522186378960668,0.9590841903230953,147.0,102.0,0.5764705882352941
9841,0.0,0.0,9943.0,0.8504878215709758,0.9573533739980044,148.0,102.0,0.5803921568627451
9842,0.0,0.0,9944.0,0.851001981448049,0.9578675338750775,149.0,102.0,0.5843137254901961
9843,1.0,0.0,9945.0,0.8537624705795943,0.9606280230066229,149.0,102.0,0.5843137254901961
9844,1.0,0.0,9947.0,0.8562751312258982,0.9577974060315753,150.0,103.0,0.5882352941176471
9845,1.0,0.0,9948.0,0.8582859196088799,0.959808194414557,151.0,103.0,0.592156862745098
9846,0.0,0.0,9950.0,0.8600539329639301,0.9565000940293233,151.0,104.0,0.592156862745098
9847,1.0,0.0,9951.0,0.8639677796643488,0.9604139407297421,152.0,104.0,0.596078431372549
9848,1.0,0.0,9953.0,0.8676472957620113,0.9592711487741349,152.0,105.0,0.596078431372549
9849,1.0,0.0,9955.0,0.8709785152695737,0.9580211756310911,153.0,106.0,0.6
9850,1.0,0.0,9956.0,0.8738641910575673,0.9609068514190847,154.0,106.0,0.6039215686274509
9851,1.0,0.0,9958.0,0.8765295236605484,0.9592200510039899,154.0,107.0,0.6039215686274509
9852,1.0,0.0,9960.0,0.8788699339573729,0.9574259349336424,155.0,108.0,0.6078431372549019
9853,1.0,0.0,9961.0,0.8807959037418301,0.9593519047180996,155.0,108.0,0.6078431372549019
9854,1.0,0.0,9962.0,0.8824132141772224,0.9609692151534919,155.0,108.0,0.6078431372549019
9855,1.0,0.0,9964.0,0.8838217985243193,0.9584499994517752,154.0,109.0,0.6039215686274509
9856,1.0,0.0,9965.0,0.8848337574406271,0.959461958368083,153.0,109.0,0.6
9857,1.0,0.0,9966.0,0.8855474311566021,0.960175632084058,152.0,109.0,0.596078431372549
9858,1.0,0.0,9967.0,0.8859646977609703,0.9605928986884262,152.0,109.0,0.596078431372549
9859,1.0,0.0,9968.0,0.8860866553237434,0.9607148562511993,150.0,109.0,0.5882352941176471
9860,1.0,0.0,9969.0,0.8859136247858759,0.9605418257133318,147.0,109.0,0.5764705882352941
9861,1.0,0.0,9970.0,0.885445150803847,0.9600733517313029,142.0,109.0,0.5568627450980392
9862,1.0,0.0,9971.0,0.8846800005513886,0.9593082014788445,142.0,109.0,0.5568627450980392
9863,0.0,0.0,9972.0,0.8836161604752043,0.9582443614026603,141.0,109.0,0.5529411764705883
9864,1.0,0.0,9973.0,0.8848824099435151,0.959510610870971,140.0,109.0,0.5490196078431373
9865,1.0,0.0,9974.0,0.8858505022443951,0.9604787031718511,140.0,109.0,0.5490196078431373
9866,1.0,0.0,9976.0,0.8866138783108048,0.957510669191888,139.0,110.0,0.5450980392156862
9867,1.0,0.0,9977.0,0.8869925211908936,0.9578893120719767,137.0,110.0,0.5372549019607843
9868,1.0,0.0,9978.0,0.8869874273132927,0.9578842181943759,136.0,110.0,0.5333333333333333
9869,1.0,0.0,9979.0,0.8867758252502638,0.9576726161313469,135.0,110.0,0.5294117647058824
9870,1.0,0.0,9979.0,0.8861799161770703,0.9608081171045262,133.0,109.0,0.5215686274509804
9871,1.0,0.0,9980.0,0.8853801577481766,0.9600083586756325,131.0,109.0,0.5137254901960784
9872,0.0,0.0,9981.0,0.8842835520144963,0.9589117529419522,132.0,109.0,0.5176470588235295
9873,1.0,0.0,9982.0,0.8855187921188352,0.9601469930462911,133.0,109.0,0.5215686274509804
9874,1.0,0.0,9984.0,0.8865484430673211,0.9574452339484042,133.0,110.0,0.5215686274509804
9875,1.0,0.0,9985.0,0.8871931886314764,0.9580899795125596,133.0,110.0,0.5215686274509804
9876,1.0,0.0,9986.0,0.8874547255101544,0.9583515163912375,134.0,110.0,0.5254901960784314
9877,1.0,0.0,9987.0,0.8875109839355014,0.9584077748165846,135.0,110.0,0.5294117647058824
9878,1.0,0.0,9988.0,0.8872757633004449,0.958172554181528,135.0,110.0,0.5294117647058824
9879,1.0,0.0,9989.0,0.8867484446033139,0.9576452354843971,136.0,110.0,0.5333333333333333
9880,1.0,0.0,9989.0,0.8858367468416839,0.9604649477691398,137.0,109.0,0.5372549019607843
9881,1.0,0.0,9990.0,0.8847202966471557,0.9593484975746116,138.0,109.0,0.5411764705882353
9882,0.0,0.0,9991.0,0.8833052626712592,0.9579334635987151,138.0,109.0,0.5411764705882353
9883,1.0,0.0,9992.0,0.8841238229070654,0.9587520238345213,139.0,109.0,0.5450980392156862
9884,0.0,0.0,9993.0,0.8846374458347326,0.9592656467621885,140.0,109.0,0.5490196078431373
9885,1.0,0.0,9995.0,0.8876656325432307,0.9585624234243139,141.0,110.0,0.5529411764705883
9886,1.0,0.0,9997.0,0.8903118538397035,0.9576638051767324,142.0,111.0,0.5568627450980392
9887,1.0,0.0,9998.0,0.8926694221199647,0.9600213734569937,142.0,111.0,0.5568627450980392
9888,1.0,,,,,143.0,,0.5607843137254902
9889,1.0,,,,,144.0,,0.5647058823529412
9890,1.0,,,,,145.0,,0.5686274509803921
9891,1.0,,,,,145.0,,0.5686274509803921
9892,1.0,,,,,146.0,,0.5725490196078431
9893,1.0,,,,,147.0,,0.5764705882352941
9894,1.0,,,,,148.0,,0.5803921568627451
9895,1.0,,,,,149.0,,0.5843137254901961
9896,1.0,,,,,150.0,,0.5882352941176471
9897,1.0,,,,,150.0,,0.5882352941176471
9898,1.0,,,,,151.0,,0.592156862745098
9899,1.0,,,,,151.0,,0.592156862745098
9900,1.0,,,,,149.0,,0.5843137254901961
9901,1.0,,,,,141.0,,0.5529411764705883
9902,1.0,,,,,134.0,,0.5254901960784314
9903,1.0,,,,,128.0,,0.5019607843137255
9904,1.0,,,,,122.0,,0.47843137254901963
9905,1.0,,,,,112.0,,0.4392156862745098
9906,1.0,,,,,112.0,,0.4392156862745098
9907,1.0,,,,,111.0,,0.43529411764705883
9908,1.0,,,,,111.0,,0.43529411764705883
9909,1.0,,,,,109.0,,0.42745098039215684
9910,1.0,,,,,109.0,,0.42745098039215684
9911,1.0,,,,,109.0,,0.42745098039215684
9912,0.0,,,,,108.0,,0.4235294117647059
9913,1.0,,,,,108.0,,0.4235294117647059
9914,0.0,,,,,107.0,,0.4196078431372549
9915,1.0,,,,,106.0,,0.41568627450980394
9916,1.0,,,,,106.0,,0.41568627450980394
9917,1.0,,,,,106.0,,0.41568627450980394
9918,1.0,,,,,105.0,,0.4117647058823529
9919,1.0,,,,,106.0,,0.41568627450980394
9920,1.0,,,,,106.0,,0.41568627450980394
9921,1.0,,,,,106.0,,0.41568627450980394
9922,1.0,,,,,105.0,,0.4117647058823529
9923,1.0,,,,,105.0,,0.4117647058823529
9924,1.0,,,,,106.0,,0.41568627450980394
9925,1.0,,,,,106.0,,0.41568627450980394
9926,0.0,,,,,104.0,,0.40784313725490196
9927,1.0,,,,,104.0,,0.40784313725490196
9928,1.0,,,,,105.0,,0.4117647058823529
9929,0.0,,,,,105.0,,0.4117647058823529
9930,1.0,,,,,105.0,,0.4117647058823529
9931,0.0,,,,,105.0,,0.4117647058823529
9932,1.0,,,,,105.0,,0.4117647058823529
9933,1.0,,,,,105.0,,0.4117647058823529
9934,0.0,,,,,105.0,,0.4117647058823529
9935,1.0,,,,,105.0,,0.4117647058823529
9936,0.0,,,,,105.0,,0.4117647058823529
9937,1.0,,,,,105.0,,0.4117647058823529
9938,1.0,,,,,104.0,,0.40784313725490196
9939,0.0,,,,,103.0,,0.403921568627451
9940,0.0,,,,,103.0,,0.403921568627451
9941,1.0,,,,,102.0,,0.4
9942,1.0,,,,,102.0,,0.4
9943,1.0,,,,,102.0,,0.4
9944,1.0,,,,,102.0,,0.4
9945,1.0,,,,,102.0,,0.4
9946,1.0,,,,,103.0,,0.403921568627451
9947,1.0,,,,,103.0,,0.403921568627451
9948,1.0,,,,,103.0,,0.403921568627451
9949,1.0,,,,,104.0,,0.40784313725490196
9950,1.0,,,,,104.0,,0.40784313725490196
9951,1.0,,,,,104.0,,0.40784313725490196
9952,1.0,,,,,105.0,,0.4117647058823529
9953,1.0,,,,,105.0,,0.4117647058823529
9954,1.0,,,,,106.0,,0.41568627450980394
9955,1.0,,,,,106.0,,0.41568627450980394
9956,1.0,,,,,106.0,,0.41568627450980394
9957,1.0,,,,,107.0,,0.4196078431372549
9958,1.0,,,,,107.0,,0.4196078431372549
9959,1.0,,,,,108.0,,0.4235294117647059
9960,1.0,,,,,108.0,,0.4235294117647059
9961,1.0,,,,,108.0,,0.4235294117647059
9962,1.0,,,,,108.0,,0.4235294117647059
9963,1.0,,,,,109.0,,0.42745098039215684
9964,1.0,,,,,109.0,,0.42745098039215684
9965,1.0,,,,,109.0,,0.42745098039215684
9966,1.0,,,,,109.0,,0.42745098039215684
9967,1.0,,,,,109.0,,0.42745098039215684
9968,1.0,,,,,109.0,,0.42745098039215684
9969,1.0,,,,,109.0,,0.42745098039215684
9970,1.0,,,,,109.0,,0.42745098039215684
9971,1.0,,,,,109.0,,0.42745098039215684
9972,1.0,,,,,109.0,,0.42745098039215684
9973,1.0,,,,,109.0,,0.42745098039215684
9974,1.0,,,,,109.0,,0.42745098039215684
9975,1.0,,,,,110.0,,0.43137254901960786
9976,1.0,,,,,110.0,,0.43137254901960786
9977,1.0,,,,,110.0,,0.43137254901960786
9978,0.0,,,,,110.0,,0.43137254901960786
9979,1.0,,,,,109.0,,0.42745098039215684
9980,1.0,,,,,109.0,,0.42745098039215684
9981,1.0,,,,,109.0,,0.42745098039215684
9982,1.0,,,,,109.0,,0.42745098039215684
9983,1.0,,,,,110.0,,0.43137254901960786
9984,1.0,,,,,110.0,,0.43137254901960786
9985,1.0,,,,,110.0,,0.43137254901960786
9986,0.0,,,,,110.0,,0.43137254901960786
9987,1.0,,,,,110.0,,0.43137254901960786
9988,1.0,,,,,110.0,,0.43137254901960786
9989,1.0,,,,,109.0,,0.42745098039215684
9990,1.0,,,,,109.0,,0.42745098039215684
9991,1.0,,,,,109.0,,0.42745098039215684
9992,0.0,,,,,109.0,,0.42745098039215684
9993,0.0,,,,,109.0,,0.42745098039215684
9994,1.0,,,,,110.0,,0.43137254901960786
9995,1.0,,,,,110.0,,0.43137254901960786
9996,1.0,,,,,111.0,,0.43529411764705883
9997,0.0,,,,,111.0,,0.43529411764705883
9998,1.0,,,,,111.0,,0.43529411764705883
9999,0.0,,,,,112.0,,0.4392156862745098
