,input,verdict,time_verdict,valL,valU,active_monitors,wait_time,active_monitors_normalized
0,0.659,,,,,0.0,,0.0
1,0.657,,,,,0.0,,0.0
2,0.664,,,,,0.0,,0.0
3,0.673,,,,,0.0,,0.0
4,0.677,,,,,0.0,,0.0
5,0.681,,,,,0.0,,0.0
6,0.682,,,,,0.0,,0.0
7,0.678,,,,,0.0,,0.0
8,0.663,,,,,0.0,,0.0
9,0.644,,,,,0.0,,0.0
10,0.629,,,,,0.0,,0.0
11,0.62,,,,,0.0,,0.0
12,0.621,,,,,0.0,,0.0
13,0.621,,,,,0.0,,0.0
14,0.613,,,,,0.0,,0.0
15,0.615,,,,,0.0,,0.0
16,0.612,,,,,0.0,,0.0
17,0.613,,,,,0.0,,0.0
18,0.618,,,,,0.0,,0.0
19,0.628,,,,,0.0,,0.0
20,0.633,,,,,0.0,,0.0
21,0.636,,,,,0.0,,0.0
22,0.634,,,,,0.0,,0.0
23,0.633,,,,,0.0,,0.0
24,0.632,,,,,0.0,,0.0
25,0.634,,,,,0.0,,0.0
26,0.631,,,,,0.0,,0.0
27,0.626,,,,,0.0,,0.0
28,0.626,,,,,0.0,,0.0
29,0.627,,,,,0.0,,0.0
30,0.633,,,,,0.0,,0.0
31,0.627,,,,,0.0,,0.0
32,0.627,,,,,0.0,,0.0
33,0.623,,,,,0.0,,0.0
34,0.629,,,,,0.0,,0.0
35,0.633,,,,,0.0,,0.0
36,0.635,,,,,0.0,,0.0
37,0.635,,,,,0.0,,0.0
38,0.63,,,,,0.0,,0.0
39,0.629,,,,,0.0,,0.0
40,0.63,,,,,0.0,,0.0
41,0.624,,,,,0.0,,0.0
42,0.625,,,,,0.0,,0.0
43,0.625,,,,,0.0,,0.0
44,0.626,,,,,0.0,,0.0
45,0.633,,,,,0.0,,0.0
46,0.633,,,,,0.0,,0.0
47,0.634,,,,,0.0,,0.0
48,0.629,,,,,0.0,,0.0
49,0.633,,,,,0.0,,0.0
50,0.639,,,,,0.0,,0.0
51,0.641,,,,,0.0,,0.0
52,0.641,,,,,0.0,,0.0
53,0.641,,,,,0.0,,0.0
54,0.638,,,,,0.0,,0.0
55,0.641,,,,,0.0,,0.0
56,0.642,,,,,0.0,,0.0
57,0.647,,,,,0.0,,0.0
58,0.649,,,,,0.0,,0.0
59,0.65,,,,,0.0,,0.0
60,0.651,,,,,0.0,,0.0
61,0.651,,,,,0.0,,0.0
62,0.646,,,,,0.0,,0.0
63,0.641,,,,,0.0,,0.0
64,0.64,,,,,0.0,,0.0
65,0.637,,,,,0.0,,0.0
66,0.636,,,,,0.0,,0.0
67,0.639,,,,,0.0,,0.0
68,0.644,,,,,0.0,,0.0
69,0.647,,,,,0.0,,0.0
70,0.644,,,,,0.0,,0.0
71,0.638,,,,,0.0,,0.0
72,0.639,,,,,0.0,,0.0
73,0.639,,,,,0.0,,0.0
74,0.64,,,,,0.0,,0.0
75,0.637,,,,,0.0,,0.0
76,0.634,,,,,0.0,,0.0
77,0.635,,,,,0.0,,0.0
78,0.637,,,,,0.0,,0.0
79,0.635,,,,,0.0,,0.0
80,0.637,,,,,0.0,,0.0
81,0.639,,,,,0.0,,0.0
82,0.64,,,,,0.0,,0.0
83,0.641,,,,,0.0,,0.0
84,0.643,,,,,0.0,,0.0
85,0.643,,,,,0.0,,0.0
86,0.634,,,,,0.0,,0.0
87,0.631,,,,,0.0,,0.0
88,0.633,,,,,0.0,,0.0
89,0.636,,,,,0.0,,0.0
90,0.637,,,,,0.0,,0.0
91,0.639,,,,,0.0,,0.0
92,0.644,,,,,0.0,,0.0
93,0.645,,,,,0.0,,0.0
94,0.643,,,,,0.0,,0.0
95,0.645,,,,,0.0,,0.0
96,0.642,,,,,0.0,,0.0
97,0.645,,,,,0.0,,0.0
98,0.648,,,,,0.0,,0.0
99,0.644,,,,,0.0,,0.0
100,0.645,,,,,0.0,,0.0
101,0.647,,,,,0.0,,0.0
102,0.646,,,,,0.0,,0.0
103,0.648,,,,,0.0,,0.0
104,0.648,,,,,0.0,,0.0
105,0.644,,,,,0.0,,0.0
106,0.646,,,,,0.0,,0.0
107,0.644,,,,,0.0,,0.0
108,0.643,,,,,0.0,,0.0
109,0.646,,,,,0.0,,0.0
110,0.65,,,,,0.0,,0.0
111,0.647,,,,,0.0,,0.0
112,0.648,,,,,0.0,,0.0
113,0.647,,,,,0.0,,0.0
114,0.651,,,,,0.0,,0.0
115,0.649,,,,,0.0,,0.0
116,0.65,,,,,0.0,,0.0
117,0.645,,,,,0.0,,0.0
118,0.639,,,,,0.0,,0.0
119,0.636,,,,,0.0,,0.0
120,0.641,,,,,0.0,,0.0
121,0.64,,,,,0.0,,0.0
122,0.645,,,,,0.0,,0.0
123,0.649,,,,,0.0,,0.0
124,0.651,,,,,0.0,,0.0
125,0.649,,,,,0.0,,0.0
126,0.653,,,,,0.0,,0.0
127,0.651,,,,,0.0,,0.0
128,0.649,,,,,0.0,,0.0
129,0.65,0.0,179.0,0.6506970332173871,0.7022472960513023,1.0,50.0,0.008547008547008548
130,0.648,0.0,181.0,0.6514216034072806,0.6978168399578043,2.0,51.0,0.017094017094017096
131,0.645,0.0,182.0,0.6520362265266089,0.6984303371086682,3.0,51.0,0.02564102564102564
132,0.648,0.0,183.0,0.6527448249054306,0.6991379221158722,4.0,51.0,0.03418803418803419
133,0.649,0.0,184.0,0.6535230859188454,0.699915271094831,5.0,51.0,0.042735042735042736
134,0.652,0.0,185.0,0.6543695711303501,0.7007609354753251,6.0,51.0,0.05128205128205128
135,0.652,0.0,186.0,0.6552602549473729,0.7016508805444386,7.0,51.0,0.05982905982905983
136,0.655,0.0,187.0,0.6562049117936728,0.70259487251762,8.0,51.0,0.06837606837606838
137,0.662,0.0,189.0,0.6573286938219185,0.699079658473471,9.0,52.0,0.07692307692307693
138,0.659,0.0,190.0,0.6582637348339073,0.7000141609382339,10.0,52.0,0.08547008547008547
139,0.662,0.0,191.0,0.6592052719886139,0.7009552134004371,11.0,52.0,0.09401709401709402
140,0.667,0.0,192.0,0.6601319495003106,0.7018814546888807,12.0,52.0,0.10256410256410256
141,0.67,0.0,193.0,0.6609979809176592,0.7027470935053016,13.0,52.0,0.1111111111111111
142,0.672,0.0,195.0,0.6619166029496963,0.6994908042785746,14.0,53.0,0.11965811965811966
143,0.676,0.0,196.0,0.6625999938354361,0.7001738771575629,15.0,53.0,0.1282051282051282
144,0.68,0.0,197.0,0.6631467360070347,0.7007203331230851,16.0,53.0,0.13675213675213677
145,0.68,0.0,198.0,0.6635197057090328,0.7010930452396146,17.0,53.0,0.1452991452991453
146,0.667,0.0,199.0,0.6637232447914484,0.7012963524951084,18.0,53.0,0.15384615384615385
147,0.666,0.0,200.0,0.6639038812760896,0.7014767803355199,19.0,53.0,0.1623931623931624
148,0.663,0.0,201.0,0.6640747333461203,0.701647444625744,20.0,53.0,0.17094017094017094
149,0.666,0.0,202.0,0.6642716259178584,0.7018441681956561,21.0,53.0,0.1794871794871795
150,0.671,0.0,203.0,0.6644630771914426,0.7020354673675968,22.0,53.0,0.18803418803418803
151,0.672,0.0,204.0,0.6645958763641299,0.702168129648805,23.0,53.0,0.19658119658119658
152,0.667,0.0,205.0,0.6646602296773987,0.7022323597597427,24.0,53.0,0.20512820512820512
153,0.665,0.0,206.0,0.6647120320134055,0.7022840512136515,25.0,53.0,0.21367521367521367
154,0.665,0.0,207.0,0.6647740614016624,0.7023459808080201,26.0,53.0,0.2222222222222222
155,0.662,0.0,208.0,0.6648465917989386,0.7024184213907969,27.0,53.0,0.23076923076923078
156,0.655,0.0,209.0,0.6649640985936389,0.7025358473524478,28.0,53.0,0.23931623931623933
157,0.657,0.0,211.0,0.6653292343061006,0.6991438081890285,29.0,54.0,0.24786324786324787
158,0.658,0.0,212.0,0.6656771108132162,0.6994916192213742,30.0,54.0,0.2564102564102564
159,0.661,0.0,213.0,0.6661229420760659,0.6999373915569308,31.0,54.0,0.26495726495726496
160,0.662,0.0,214.0,0.6666387399716052,0.7004531364179063,32.0,54.0,0.27350427350427353
161,0.663,0.0,215.0,0.6672199075356309,0.7010342562508246,33.0,54.0,0.28205128205128205
162,0.665,0.0,216.0,0.6678617554808106,0.7016760612380077,34.0,54.0,0.2905982905982906
163,0.672,0.0,217.0,0.6685498517103412,0.7023641188053413,35.0,54.0,0.29914529914529914
164,0.679,0.0,219.0,0.669330615200325,0.6997634555858251,36.0,55.0,0.3076923076923077
165,0.682,0.0,220.0,0.6698985644516384,0.700331373520759,37.0,55.0,0.3162393162393162
166,0.678,0.0,221.0,0.6703424324014646,0.7007752132858436,38.0,55.0,0.3247863247863248
167,0.673,0.0,222.0,0.6707119477369885,0.7011447032551,39.0,55.0,0.3333333333333333
168,0.674,0.0,223.0,0.6710671721677053,0.7014999048561761,40.0,55.0,0.3418803418803419
169,0.675,0.0,224.0,0.6714010696575793,0.7018337817993735,41.0,55.0,0.3504273504273504
170,0.672,0.0,225.0,0.6717060628792945,0.7021387565290798,42.0,55.0,0.358974358974359
171,0.675,0.0,226.0,0.6720185216031273,0.7024511986101044,43.0,55.0,0.36752136752136755
172,0.676,0.0,227.0,0.6723083600196682,0.7027410220481182,44.0,55.0,0.37606837606837606
173,0.673,0.0,229.0,0.6726675061339439,0.7000569019595488,45.0,56.0,0.38461538461538464
174,0.672,0.0,230.0,0.6729324723582285,0.7003218560512263,46.0,56.0,0.39316239316239315
175,0.674,0.0,231.0,0.6732180631567266,0.7006074359303781,47.0,56.0,0.4017094017094017
176,0.671,0.0,232.0,0.6735051142150497,0.7008944771612894,48.0,56.0,0.41025641025641024
177,0.664,0.0,233.0,0.6738305952003713,0.7012199493019404,49.0,56.0,0.4188034188034188
178,0.666,0.0,234.0,0.6742750930830343,0.7016644392244,50.0,56.0,0.42735042735042733
179,0.67,0.0,235.0,0.6748214398294404,0.702210778806623,50.0,56.0,0.42735042735042733
180,0.672,0.0,237.0,0.6755215452125447,0.700171950292009,51.0,57.0,0.4358974358974359
181,0.679,0.0,238.0,0.6761800295284008,0.7008304288048768,51.0,57.0,0.4358974358974359
182,0.677,0.0,239.0,0.6768161198332889,0.7014665138870754,51.0,57.0,0.4358974358974359
183,0.674,0.0,240.0,0.6774590930456189,0.7021094823989847,51.0,57.0,0.4358974358974359
184,0.676,0.0,242.0,0.6782300981497142,0.7004154485677435,51.0,58.0,0.4358974358974359
185,0.682,0.0,243.0,0.6789524487382794,0.701137795348968,51.0,58.0,0.4358974358974359
186,0.687,0.0,244.0,0.6796493330354088,0.7018346762194907,51.0,58.0,0.4358974358974359
187,0.691,0.0,245.0,0.6802727401442414,0.7024580802443775,51.0,58.0,0.4358974358974359
188,0.687,0.0,247.0,0.6808532145689634,0.7008200206590859,52.0,59.0,0.4444444444444444
189,0.682,0.0,248.0,0.6812983660462477,0.7012651696383739,52.0,59.0,0.4444444444444444
190,0.678,0.0,249.0,0.6817412807629267,0.7017080821068564,52.0,59.0,0.4444444444444444
191,0.677,0.0,250.0,0.6822320495474947,0.7021988488680475,52.0,59.0,0.4444444444444444
192,0.683,0.0,251.0,0.6827875202360254,0.7027543177355389,52.0,59.0,0.4444444444444444
193,0.686,0.0,253.0,0.6834065099071212,0.7013766276566833,52.0,60.0,0.4444444444444444
194,0.691,0.0,254.0,0.6839429240398152,0.7019130403143355,53.0,60.0,0.452991452991453
195,0.69,0.0,255.0,0.6844064212857337,0.7023765362327165,53.0,60.0,0.452991452991453
196,0.689,0.0,257.0,0.6848669271277126,0.7010400305799971,53.0,61.0,0.452991452991453
197,0.682,0.0,258.0,0.6852333481701498,0.7014064505471288,53.0,61.0,0.452991452991453
198,0.682,0.0,259.0,0.6856412707642706,0.7018143721734748,53.0,61.0,0.452991452991453
199,0.683,0.0,260.0,0.6860954316750403,0.7022685322132469,53.0,61.0,0.452991452991453
200,0.683,0.0,262.0,0.6866398600502871,0.7011956505346731,53.0,62.0,0.452991452991453
201,0.683,0.0,263.0,0.6871821441570427,0.7017379339359209,53.0,62.0,0.452991452991453
202,0.686,0.0,264.0,0.6877765886096245,0.7023323777535455,53.0,62.0,0.452991452991453
203,0.687,0.0,266.0,0.6884416875338946,0.7015418977634235,53.0,63.0,0.452991452991453
204,0.689,0.0,267.0,0.6890811258718325,0.7021813355870461,53.0,63.0,0.452991452991453
205,0.69,0.0,269.0,0.6897666613158941,0.7015568500595865,53.0,64.0,0.452991452991453
206,0.689,0.0,270.0,0.6904126139551376,0.7022028022822345,53.0,64.0,0.452991452991453
207,0.688,0.0,272.0,0.6911145847362496,0.7017257542306369,53.0,65.0,0.452991452991453
208,0.685,0.0,273.0,0.6918183176628776,0.7024294868198225,53.0,65.0,0.452991452991453
209,0.684,0.0,275.0,0.692632647808468,0.7021827000497185,53.0,66.0,0.452991452991453
210,0.687,0.0,277.0,0.6935451430378466,0.7021401900549721,54.0,67.0,0.46153846153846156
211,0.69,0.0,279.0,0.694528525453446,0.7022640677688589,54.0,68.0,0.46153846153846156
212,0.691,0.0,281.0,0.6955636701431258,0.7025256582269974,54.0,69.0,0.46153846153846156
213,0.693,0.0,284.0,0.6966690242675639,0.7023082347948306,54.0,71.0,0.46153846153846156
214,0.697,0.0,287.0,0.697809838305244,0.7023775989937275,54.0,73.0,0.46153846153846156
215,0.705,0.0,290.0,0.6989552319205686,0.7026551182234981,54.0,75.0,0.46153846153846156
216,0.712,0.0,294.0,0.7000389606628667,0.7027361780260932,54.0,78.0,0.46153846153846156
217,0.722,0.0,299.0,0.7009883919676203,0.7027580365984887,54.0,82.0,0.46153846153846156
218,0.728,0.0,305.0,0.701699018185199,0.7027439760074463,55.0,87.0,0.4700854700854701
219,0.731,1.0,284.0,0.7017906846569715,0.7124018517299728,55.0,65.0,0.4700854700854701
220,0.728,1.0,283.0,0.7017866289122372,0.7148868348563463,55.0,63.0,0.4700854700854701
221,0.72,1.0,290.0,0.7017682097958531,0.7087301966591216,55.0,69.0,0.4700854700854701
222,0.715,0.0,308.0,0.7015410742106678,0.7027021379757845,55.0,86.0,0.4700854700854701
223,0.713,0.0,305.0,0.7009600755870264,0.7027297196665937,55.0,82.0,0.4700854700854701
224,0.712,0.0,303.0,0.7002443973248748,0.7026718923379488,55.0,79.0,0.4700854700854701
225,0.71,0.0,301.0,0.6993910092234009,0.7027209060951998,55.0,76.0,0.4700854700854701
226,0.706,0.0,300.0,0.6984248951312457,0.7025358787541371,55.0,74.0,0.4700854700854701
227,0.701,0.0,299.0,0.6973703557432265,0.7024456440140416,55.0,72.0,0.4700854700854701
228,0.696,0.0,298.0,0.6962700874322139,0.7025358752836177,56.0,70.0,0.47863247863247865
229,0.693,0.0,298.0,0.6951908240085547,0.7021528104321668,56.0,69.0,0.47863247863247865
230,0.692,0.0,297.0,0.694108421549835,0.7027034664060794,56.0,67.0,0.47863247863247865
231,0.694,0.0,297.0,0.6930741793688647,0.7026242291459986,56.0,66.0,0.47863247863247865
232,0.695,0.0,297.0,0.692029650291993,0.7026408166542069,56.0,65.0,0.47863247863247865
233,0.699,0.0,297.0,0.6909521173294765,0.7027423021252392,56.0,64.0,0.47863247863247865
234,0.697,0.0,298.0,0.689827049630451,0.7016172344044115,56.0,64.0,0.47863247863247865
235,0.696,0.0,298.0,0.6885845849190284,0.7016847901820042,56.0,63.0,0.47863247863247865
236,0.695,0.0,298.0,0.6872597267067057,0.7018155102949523,57.0,62.0,0.48717948717948717
237,0.696,0.0,298.0,0.6858488654577903,0.702021958300066,57.0,61.0,0.48717948717948717
238,0.699,0.0,298.0,0.684325213825073,0.7022953169529585,57.0,60.0,0.48717948717948717
239,0.698,0.0,298.0,0.6826385090126346,0.7026052902386619,57.0,59.0,0.48717948717948717
240,0.697,0.0,299.0,0.6808519504957831,0.7008187317102238,57.0,59.0,0.48717948717948717
241,0.696,0.0,299.0,0.6788222226307605,0.7010075350692354,58.0,58.0,0.49572649572649574
242,0.691,0.0,299.0,0.6766016305727462,0.701251977706794,58.0,57.0,0.49572649572649574
243,0.689,0.0,299.0,0.6742210566322073,0.7016103312077618,58.0,56.0,0.49572649572649574
244,0.692,0.0,299.0,0.6716762722098035,0.7021087994999264,58.0,55.0,0.49572649572649574
245,0.693,0.0,299.0,0.6689056685897312,0.702719587786535,58.0,54.0,0.49572649572649574
246,0.681,0.0,300.0,0.6659874785731389,0.699801397763785,59.0,54.0,0.5042735042735043
247,0.662,0.0,300.0,0.6627943672056802,0.7003653885169208,59.0,53.0,0.5042735042735043
248,0.639,0.0,300.0,0.6596100821405066,0.7013556613646889,59.0,52.0,0.5042735042735043
249,0.628,0.0,301.0,0.6568048623594762,0.6985504415791696,59.0,52.0,0.5042735042735043
250,0.625,0.0,301.0,0.6541846386703383,0.7005686155725797,59.0,51.0,0.5042735042735043
251,0.625,0.0,302.0,0.6520561593133094,0.6984401362119148,59.0,51.0,0.5042735042735043
252,0.626,0.0,302.0,0.6500775804364561,0.7016153325391092,60.0,50.0,0.5128205128205128
253,0.626,0.0,303.0,0.6485515236359289,0.7000892757356368,60.0,50.0,0.5128205128205128
254,0.621,0.0,304.0,0.6472945386607265,0.6988322907577837,60.0,50.0,0.5128205128205128
255,0.617,0.0,305.0,0.6463482145666799,0.6978859666613515,60.0,50.0,0.5128205128205128
256,0.621,0.0,306.0,0.6457470235887307,0.6972847756812552,61.0,50.0,0.5213675213675214
257,0.622,0.0,306.0,0.6452538172228282,0.7025179862104427,61.0,49.0,0.5213675213675214
258,0.615,0.0,307.0,0.6452254390025016,0.7024896079883771,61.0,49.0,0.5213675213675214
259,0.619,0.0,309.0,0.64574097889993,0.6972787309872179,61.0,50.0,0.5213675213675214
260,0.625,0.0,310.0,0.6463865770930202,0.6979243291788995,61.0,50.0,0.5213675213675214
261,0.633,0.0,311.0,0.6472904461464393,0.6988281982310507,62.0,50.0,0.5299145299145299
262,0.651,0.0,312.0,0.6483747437906895,0.6999124958741599,62.0,50.0,0.5299145299145299
263,0.663,0.0,313.0,0.649451246526047,0.7009889986084905,62.0,50.0,0.5299145299145299
264,0.671,0.0,314.0,0.6503966291511301,0.7019343812326493,62.0,50.0,0.5299145299145299
265,0.67,0.0,315.0,0.6511322357771131,0.7026699878578005,63.0,50.0,0.5384615384615384
266,0.665,0.0,317.0,0.6518496226396502,0.6982335995122689,63.0,51.0,0.5384615384615384
267,0.664,0.0,318.0,0.6522633839777947,0.6986473608497397,63.0,51.0,0.5384615384615384
268,0.66,0.0,319.0,0.6525627043243378,0.6989466811956764,64.0,51.0,0.5470085470085471
269,0.659,0.0,320.0,0.6527954759684491,0.699179452839242,64.0,51.0,0.5470085470085471
270,0.657,0.0,321.0,0.6529760311009449,0.6993600079712465,64.0,51.0,0.5470085470085471
271,0.657,0.0,322.0,0.6531297943305381,0.6995137712003977,65.0,51.0,0.5555555555555556
272,0.649,0.0,323.0,0.6532595482928103,0.699643525162272,65.0,51.0,0.5555555555555556
273,0.653,0.0,324.0,0.6534528893739697,0.6998368662430734,65.0,51.0,0.5555555555555556
274,0.64,0.0,325.0,0.6536669354609412,0.7000509123297226,66.0,51.0,0.5641025641025641
275,0.635,0.0,326.0,0.6540505599480542,0.7004345368165455,66.0,51.0,0.5641025641025641
276,0.655,0.0,327.0,0.6546641423754116,0.701048119243642,67.0,51.0,0.5726495726495726
277,0.668,0.0,328.0,0.6552916677878327,0.7016756446558281,67.0,51.0,0.5726495726495726
278,0.645,0.0,329.0,0.6557935159349478,0.7021774928027318,68.0,51.0,0.5811965811965812
279,0.634,0.0,331.0,0.6565845691398368,0.6983301483208424,68.0,52.0,0.5811965811965812
280,0.658,0.0,332.0,0.6574884720201815,0.6992340512010158,69.0,52.0,0.5897435897435898
281,0.659,0.0,333.0,0.6584025985191089,0.7001481776997891,69.0,52.0,0.5897435897435898
282,0.655,0.0,334.0,0.6593247421192321,0.7010703212997735,70.0,52.0,0.5982905982905983
283,0.657,0.0,335.0,0.6603101865316479,0.7020557657120645,70.0,52.0,0.5982905982905983
284,0.663,0.0,337.0,0.661487968005252,0.699058989267627,69.0,53.0,0.5897435897435898
285,0.663,0.0,338.0,0.6625254393345176,0.7000964605967914,70.0,53.0,0.5982905982905983
286,0.666,0.0,339.0,0.6635716379164754,0.7011426591786583,71.0,53.0,0.6068376068376068
287,0.667,0.0,340.0,0.6646048548464805,0.7021758761085813,71.0,53.0,0.6068376068376068
288,0.666,0.0,342.0,0.6657516385103057,0.6995655576461965,72.0,54.0,0.6153846153846154
289,0.672,0.0,343.0,0.6667824571601184,0.7005963762959428,73.0,54.0,0.6239316239316239
290,0.677,0.0,344.0,0.6677684727433735,0.7015823918791382,72.0,54.0,0.6153846153846154
291,0.673,0.0,345.0,0.6686642489836394,0.7024781681193504,73.0,54.0,0.6239316239316239
292,0.667,0.0,347.0,0.669638011724586,0.700070538946726,74.0,55.0,0.6324786324786325
293,0.67,0.0,348.0,0.6705392488605613,0.7009717760826576,75.0,55.0,0.6410256410256411
294,0.669,0.0,349.0,0.6714578978568109,0.7018904250788681,75.0,55.0,0.6410256410256411
295,0.67,0.0,351.0,0.6725186515253512,0.6999079260252027,76.0,56.0,0.6495726495726496
296,0.667,0.0,352.0,0.6735149297862923,0.7009042042861121,77.0,56.0,0.6581196581196581
297,0.668,0.0,353.0,0.6745940761573185,0.7019833506571097,74.0,56.0,0.6324786324786325
298,0.675,0.0,355.0,0.6758512323930528,0.7005015794428648,67.0,57.0,0.5726495726495726
299,0.674,0.0,356.0,0.677033283102241,0.70168363015203,60.0,57.0,0.5128205128205128
300,0.675,0.0,358.0,0.678342085530188,0.7005273978749981,57.0,58.0,0.48717948717948717
301,0.683,0.0,359.0,0.6796123469737485,0.7017976593185398,55.0,58.0,0.4700854700854701
302,0.686,0.0,361.0,0.6809284780143853,0.7008952591246974,54.0,59.0,0.46153846153846156
303,0.682,0.0,362.0,0.6821201195429916,0.7020869006532886,53.0,59.0,0.452991452991453
304,0.682,0.0,364.0,0.6833890220455655,0.7013591250448328,53.0,60.0,0.452991452991453
305,0.682,0.0,365.0,0.6846123354398181,0.7025824384390731,51.0,60.0,0.4358974358974359
306,0.684,0.0,367.0,0.6859322234547811,0.7021053161541106,50.0,61.0,0.42735042735042733
307,0.685,0.0,369.0,0.6872741509335634,0.7018299343629599,50.0,62.0,0.42735042735042733
308,0.685,0.0,371.0,0.6886420592233455,0.7017422643098025,50.0,63.0,0.42735042735042733
309,0.691,0.0,373.0,0.690050462417211,0.7018406469950222,50.0,64.0,0.42735042735042733
310,0.691,0.0,375.0,0.6914466149247664,0.7020577810447965,50.0,65.0,0.42735042735042733
311,0.698,0.0,377.0,0.6928469088512068,0.7023969583592339,50.0,66.0,0.42735042735042733
312,0.708,0.0,380.0,0.6942209934202777,0.7019565335217849,50.0,68.0,0.42735042735042733
313,0.716,0.0,382.0,0.6954090195393298,0.7023710056306862,50.0,69.0,0.42735042735042733
314,0.716,0.0,384.0,0.6963678539242438,0.7026336414064647,50.0,70.0,0.42735042735042733
315,0.715,0.0,386.0,0.697108625903984,0.7027478346379828,50.0,71.0,0.42735042735042733
316,0.712,0.0,388.0,0.6976504267579375,0.7027257146185364,51.0,72.0,0.4358974358974359
317,0.708,0.0,390.0,0.698032897428571,0.70260065650311,51.0,73.0,0.4358974358974359
318,0.704,0.0,392.0,0.6983045696252352,0.7024155527923204,51.0,74.0,0.4358974358974359
319,0.699,0.0,393.0,0.6984991571771155,0.7026101403441978,51.0,74.0,0.4358974358974359
320,0.695,0.0,395.0,0.698703725816139,0.7024036106665131,51.0,75.0,0.4358974358974359
321,0.694,0.0,396.0,0.6989368965653571,0.7026367814157288,51.0,75.0,0.4358974358974359
322,0.698,0.0,398.0,0.6992388040782765,0.7025687004436112,51.0,76.0,0.4358974358974359
323,0.706,0.0,400.0,0.6995546916479298,0.702551598376731,51.0,77.0,0.4358974358974359
324,0.702,0.0,402.0,0.6997990119999182,0.7024962280558392,51.0,78.0,0.4358974358974359
325,0.696,0.0,403.0,0.7000096084435625,0.7027068244994821,51.0,78.0,0.4358974358974359
326,0.699,0.0,405.0,0.7002749217574916,0.7027024162078191,51.0,79.0,0.4358974358974359
327,0.704,0.0,407.0,0.7005544481409866,0.7027391931462814,51.0,80.0,0.4358974358974359
328,0.706,0.0,410.0,0.7008022648576175,0.7025719083119073,51.0,82.0,0.4358974358974359
329,0.699,0.0,411.0,0.7009789258269152,0.702748569281204,51.0,82.0,0.4358974358974359
330,0.697,0.0,414.0,0.7011893609657799,0.7026227721637546,52.0,84.0,0.4444444444444444
331,0.695,0.0,416.0,0.7014404665680052,0.7027305366461825,52.0,85.0,0.4444444444444444
332,0.694,1.0,418.0,0.7017630935287884,0.702924156599148,52.0,86.0,0.4444444444444444
333,0.697,1.0,396.0,0.7017636703459555,0.7148638754323375,52.0,63.0,0.4444444444444444
334,0.694,1.0,391.0,0.7018366690198092,0.7264870160693951,52.0,57.0,0.4444444444444444
335,0.694,1.0,392.0,0.7023955679560766,0.7270459150056621,52.0,57.0,0.4444444444444444
336,0.699,1.0,393.0,0.7030568456614193,0.7277071927110043,53.0,57.0,0.452991452991453
337,0.704,1.0,394.0,0.7037729298298182,0.7284232768794027,53.0,57.0,0.452991452991453
338,0.708,1.0,396.0,0.7045791373796317,0.7267644497242578,53.0,58.0,0.452991452991453
339,0.708,1.0,397.0,0.7052720570770452,0.7274573694216709,53.0,58.0,0.452991452991453
340,0.708,1.0,398.0,0.7059432134810301,0.7281285258256555,53.0,58.0,0.452991452991453
341,0.708,1.0,399.0,0.7066003207675271,0.7287856331121523,54.0,58.0,0.46153846153846156
342,0.709,1.0,401.0,0.7073263787496248,0.7272931598597874,54.0,59.0,0.46153846153846156
343,0.71,1.0,402.0,0.7079656491281445,0.7279324302383069,54.0,59.0,0.46153846153846156
344,0.713,1.0,403.0,0.7085894721227916,0.7285562532329537,54.0,59.0,0.46153846153846156
345,0.711,1.0,405.0,0.7092395429992571,0.727209645998403,54.0,60.0,0.46153846153846156
346,0.708,1.0,406.0,0.7098092007988562,0.727779303798002,55.0,60.0,0.4700854700854701
347,0.712,1.0,407.0,0.7104058462163875,0.7283759492155332,55.0,60.0,0.4700854700854701
348,0.713,1.0,409.0,0.7110520626629091,0.7272251553621402,55.0,61.0,0.4700854700854701
349,0.713,1.0,410.0,0.7116217745283743,0.7277948672276052,55.0,61.0,0.4700854700854701
350,0.714,1.0,411.0,0.7121821653339406,0.7283552580331715,56.0,61.0,0.47863247863247865
351,0.716,1.0,412.0,0.7127277461700658,0.7289008388692966,56.0,61.0,0.47863247863247865
352,0.717,1.0,414.0,0.7132966558545173,0.727852439283825,56.0,62.0,0.47863247863247865
353,0.718,1.0,415.0,0.7137764061681848,0.7283321895974925,56.0,62.0,0.47863247863247865
354,0.723,1.0,416.0,0.714214046391908,0.7287698298212155,57.0,62.0,0.48717948717948717
355,0.722,1.0,418.0,0.7146079366294398,0.7277081417158165,57.0,63.0,0.48717948717948717
356,0.721,1.0,419.0,0.7148775584330564,0.7279777635194332,57.0,63.0,0.48717948717948717
357,0.719,1.0,420.0,0.7150844828231686,0.7281846879095453,58.0,63.0,0.49572649572649574
358,0.719,1.0,421.0,0.7152529898623204,0.7283531949486971,58.0,63.0,0.49572649572649574
359,0.718,1.0,422.0,0.7153846829520011,0.7284848880383776,58.0,63.0,0.49572649572649574
360,0.717,1.0,423.0,0.7154917710331,0.7285919761194766,59.0,63.0,0.5042735042735043
361,0.716,1.0,424.0,0.715587120461568,0.7286873255479446,59.0,63.0,0.5042735042735043
362,0.713,1.0,425.0,0.7156828397330077,0.7287830448193843,59.0,63.0,0.5042735042735043
363,0.718,1.0,426.0,0.7158130499344213,0.7289132550207977,60.0,63.0,0.5128205128205128
364,0.718,1.0,428.0,0.7159679278783059,0.7277581124560447,60.0,64.0,0.5128205128205128
365,0.719,1.0,429.0,0.7160604074459891,0.7278505920237279,60.0,64.0,0.5128205128205128
366,0.716,1.0,430.0,0.7161244569299103,0.7279146415076492,61.0,64.0,0.5213675213675214
367,0.717,1.0,431.0,0.7161938544938431,0.7279840390715818,61.0,64.0,0.5213675213675214
368,0.72,1.0,432.0,0.7162587131020213,0.72804889767976,62.0,64.0,0.5299145299145299
369,0.72,1.0,433.0,0.716286550384881,0.7280767349626197,62.0,64.0,0.5299145299145299
370,0.723,1.0,434.0,0.7162776942616451,0.7280678788393838,63.0,64.0,0.5384615384615384
371,0.727,1.0,435.0,0.716198607506486,0.7279887920842247,63.0,64.0,0.5384615384615384
372,0.727,1.0,436.0,0.7160037869777867,0.7277939715555254,64.0,64.0,0.5470085470085471
373,0.723,1.0,436.0,0.7156472457485388,0.7287474508349151,64.0,63.0,0.5470085470085471
374,0.714,1.0,437.0,0.7152574780086494,0.7283576830950257,65.0,63.0,0.5555555555555556
375,0.707,1.0,438.0,0.7148865982709638,0.7279868033573401,65.0,63.0,0.5555555555555556
376,0.702,1.0,439.0,0.7146080634767865,0.7277082685631628,66.0,63.0,0.5641025641025641
377,0.704,1.0,440.0,0.7144743895093852,0.7275745945957616,66.0,63.0,0.5641025641025641
378,0.713,1.0,441.0,0.7144617240884927,0.7275619291748691,67.0,63.0,0.5726495726495726
379,0.722,1.0,442.0,0.7144700436995717,0.7275702487859479,68.0,63.0,0.5811965811965812
380,0.729,1.0,442.0,0.7143514457682152,0.7289072291975222,68.0,62.0,0.5811965811965812
381,0.72,1.0,443.0,0.7141237126937015,0.7286794961230084,69.0,62.0,0.5897435897435898
382,0.712,1.0,444.0,0.7138362034138319,0.7283919868431389,69.0,62.0,0.5897435897435898
383,0.709,1.0,445.0,0.7135745509824334,0.7281303344117404,70.0,62.0,0.5982905982905983
384,0.712,1.0,446.0,0.7133687294882203,0.7279245129175272,70.0,62.0,0.5982905982905983
385,0.713,1.0,447.0,0.7131836166533804,0.7277394000826873,71.0,62.0,0.6068376068376068
386,0.71,1.0,448.0,0.7130059832700173,0.7275617666993243,71.0,62.0,0.6068376068376068
387,0.707,1.0,449.0,0.7128668135812115,0.7274225970105185,72.0,62.0,0.6153846153846154
388,0.71,1.0,449.0,0.7127447736418417,0.7289178663410717,72.0,61.0,0.6153846153846154
389,0.712,1.0,450.0,0.7127126460226662,0.7288857387218961,73.0,61.0,0.6239316239316239
390,0.709,1.0,451.0,0.7126939525684568,0.7288670452676868,73.0,61.0,0.6239316239316239
391,0.708,1.0,452.0,0.7127226275621359,0.7288957202613658,73.0,61.0,0.6239316239316239
392,0.711,1.0,454.0,0.7128643997565542,0.7274201831858612,72.0,62.0,0.6153846153846154
393,0.71,1.0,455.0,0.7129782098996598,0.7275339933289667,71.0,62.0,0.6068376068376068
394,0.714,1.0,456.0,0.7131304356162325,0.7276862190455394,71.0,62.0,0.6068376068376068
395,0.715,1.0,457.0,0.7132781629789671,0.727833946408274,71.0,62.0,0.6068376068376068
396,0.713,1.0,458.0,0.7134124355747832,0.7279682190040901,69.0,62.0,0.5897435897435898
397,0.712,1.0,459.0,0.7135568449686158,0.7281126283979228,69.0,62.0,0.5897435897435898
398,0.714,1.0,460.0,0.7137239689235009,0.7282797523528078,68.0,62.0,0.5811965811965812
399,0.718,1.0,461.0,0.7138931357125027,0.7284489191418096,68.0,62.0,0.5811965811965812
400,0.721,1.0,462.0,0.7140221329253431,0.7285779163546501,68.0,62.0,0.5811965811965812
401,0.721,1.0,463.0,0.7140792980201515,0.7286350814494584,68.0,62.0,0.5811965811965812
402,0.721,1.0,464.0,0.7140647605426977,0.7286205439720047,67.0,62.0,0.5726495726495726
403,0.717,1.0,465.0,0.7139784892014116,0.7285342726307186,66.0,62.0,0.5641025641025641
404,0.717,1.0,466.0,0.7138641154281127,0.7284198988574196,67.0,62.0,0.5726495726495726
405,0.716,1.0,467.0,0.7137201462358772,0.7282759296651842,66.0,62.0,0.5641025641025641
406,0.718,1.0,468.0,0.713555847928088,0.728111631357395,66.0,62.0,0.5641025641025641
407,0.719,1.0,469.0,0.7133475174880088,0.7279033009173158,65.0,62.0,0.5555555555555556
408,0.715,1.0,470.0,0.7130818822406337,0.7276376656699407,66.0,62.0,0.5641025641025641
409,0.715,1.0,470.0,0.7127466706602338,0.7289197633594637,66.0,61.0,0.5641025641025641
410,0.714,1.0,471.0,0.7124462625301571,0.728619355229387,65.0,61.0,0.5555555555555556
411,0.713,1.0,472.0,0.7121346598162549,0.7283077525154849,64.0,61.0,0.5470085470085471
412,0.705,1.0,473.0,0.7118195198894152,0.7279926125886451,64.0,61.0,0.5470085470085471
413,0.703,1.0,474.0,0.7115857278666954,0.7277588205659253,65.0,61.0,0.5555555555555556
414,0.703,1.0,475.0,0.7114534615711898,0.7276265542704198,64.0,61.0,0.5470085470085471
415,0.709,1.0,476.0,0.7114210130370795,0.7275941057363094,64.0,61.0,0.5470085470085471
416,0.701,1.0,477.0,0.7114210060601138,0.7275940987593438,63.0,61.0,0.5384615384615384
417,0.696,1.0,478.0,0.711543052984754,0.7277161456839839,64.0,61.0,0.5470085470085471
418,0.709,1.0,479.0,0.711844099492112,0.728017192191342,63.0,61.0,0.5384615384615384
419,0.723,1.0,480.0,0.7121829950260125,0.7283560877252424,63.0,61.0,0.5384615384615384
420,0.728,1.0,481.0,0.712407719708672,0.728580812407902,63.0,61.0,0.5384615384615384
421,0.729,1.0,482.0,0.7124645339531305,0.7286376266523604,63.0,61.0,0.5384615384615384
422,0.726,1.0,483.0,0.7123434005496694,0.7285164932488993,63.0,61.0,0.5384615384615384
423,0.718,1.0,484.0,0.7120766303667709,0.7282497230660009,63.0,61.0,0.5384615384615384
424,0.719,1.0,485.0,0.7117502503260297,0.7279233430252596,63.0,61.0,0.5384615384615384
425,0.719,1.0,486.0,0.7113491228001971,0.7275222154994271,63.0,61.0,0.5384615384615384
426,0.715,1.0,486.0,0.7108093589571709,0.7287794619563153,63.0,60.0,0.5384615384615384
427,0.712,1.0,487.0,0.7102892380785193,0.7282593410776637,64.0,60.0,0.5470085470085471
428,0.713,1.0,488.0,0.7097569184573154,0.7277270214564597,64.0,60.0,0.5470085470085471
429,0.712,1.0,489.0,0.7091952986563984,0.7271654016555428,64.0,60.0,0.5470085470085471
430,0.709,1.0,489.0,0.7085426750642319,0.7285094561743922,64.0,59.0,0.5470085470085471
431,0.702,1.0,490.0,0.707958636997355,0.7279254181075153,64.0,59.0,0.5470085470085471
432,0.703,1.0,491.0,0.7074481726995724,0.7274149538097328,64.0,59.0,0.5470085470085471
433,0.706,1.0,492.0,0.7069952348524944,0.7269620159626548,64.0,59.0,0.5470085470085471
434,0.709,1.0,492.0,0.7064863928918996,0.7286717052365222,64.0,58.0,0.5470085470085471
435,0.71,1.0,493.0,0.7060329920319321,0.7282183043765548,64.0,58.0,0.5470085470085471
436,0.708,1.0,494.0,0.7055446676661152,0.7277299800107379,63.0,58.0,0.5384615384615384
437,0.703,1.0,495.0,0.7050374805721324,0.7272227929167551,63.0,58.0,0.5384615384615384
438,0.704,1.0,496.0,0.7045610005989789,0.7267463129436015,63.0,58.0,0.5384615384615384
439,0.702,1.0,496.0,0.7040153005508816,0.7286656476004623,63.0,57.0,0.5384615384615384
440,0.701,1.0,497.0,0.7035852748339102,0.7282356218834909,63.0,57.0,0.5384615384615384
441,0.698,1.0,498.0,0.7031936918191553,0.7278440388687359,63.0,57.0,0.5384615384615384
442,0.697,1.0,499.0,0.7028698323165017,0.7275201793660824,62.0,57.0,0.5299145299145299
443,0.7,1.0,500.0,0.7026208846514713,0.727271231701052,62.0,57.0,0.5299145299145299
444,0.702,1.0,501.0,0.7024099969212851,0.7270603439708658,62.0,57.0,0.5299145299145299
445,0.703,1.0,502.0,0.7022132005045945,0.7268635475541751,62.0,57.0,0.5299145299145299
446,0.698,1.0,503.0,0.702016821421297,0.7266671684708776,62.0,57.0,0.5299145299145299
447,0.7,1.0,504.0,0.7018740775507317,0.7265244246003124,62.0,57.0,0.5299145299145299
448,0.701,1.0,505.0,0.7017615109220753,0.726411857971656,62.0,57.0,0.5299145299145299
449,0.697,1.0,508.0,0.7018281766433131,0.7217949577534735,61.0,59.0,0.5213675213675214
450,0.698,1.0,509.0,0.7017954252959445,0.7217622064061049,61.0,59.0,0.5213675213675214
451,0.693,1.0,510.0,0.7018123801734141,0.7217791612835744,61.0,59.0,0.5213675213675214
452,0.698,1.0,509.0,0.7017738144306724,0.7264241614802531,61.0,57.0,0.5213675213675214
453,0.705,1.0,510.0,0.7019476643543514,0.7265980114039321,62.0,57.0,0.5299145299145299
454,0.706,1.0,511.0,0.7020971482035381,0.7267474952531188,62.0,57.0,0.5299145299145299
455,0.705,1.0,512.0,0.7022124395566394,0.7268627866062201,62.0,57.0,0.5299145299145299
456,0.704,1.0,513.0,0.7023064235467427,0.7269567705963234,62.0,57.0,0.5299145299145299
457,0.701,1.0,514.0,0.7023910220219121,0.7270413690714927,62.0,57.0,0.5299145299145299
458,0.705,1.0,515.0,0.7025006380372063,0.727150985086787,62.0,57.0,0.5299145299145299
459,0.707,1.0,516.0,0.7025919283391053,0.727242275388686,62.0,57.0,0.5299145299145299
460,0.707,1.0,517.0,0.7026436850420748,0.7272940320916554,62.0,57.0,0.5299145299145299
461,0.703,1.0,518.0,0.7026564832205913,0.727306830270172,62.0,57.0,0.5299145299145299
462,0.704,1.0,519.0,0.7026740013504029,0.7273243483999836,62.0,57.0,0.5299145299145299
463,0.708,1.0,520.0,0.7026857511038914,0.7273360981534721,62.0,57.0,0.5299145299145299
464,0.705,1.0,521.0,0.7026476391451658,0.7272979861947465,62.0,57.0,0.5299145299145299
465,0.704,1.0,522.0,0.7025929515834906,0.7272432986330712,62.0,57.0,0.5299145299145299
466,0.705,1.0,523.0,0.7025318286221303,0.727182175671711,62.0,57.0,0.5299145299145299
467,0.703,1.0,524.0,0.7024524670320922,0.7271028140816729,62.0,57.0,0.5299145299145299
468,0.698,1.0,525.0,0.7023764537436236,0.7270268007932043,62.0,57.0,0.5299145299145299
469,0.698,1.0,526.0,0.702358253216716,0.7270086002662967,62.0,57.0,0.5299145299145299
470,0.7,1.0,527.0,0.702397390772088,0.7270477378216686,61.0,57.0,0.5213675213675214
471,0.703,1.0,528.0,0.7024730780369928,0.7271234250865735,61.0,57.0,0.5213675213675214
472,0.704,1.0,529.0,0.7025524983010349,0.7272028453506156,61.0,57.0,0.5213675213675214
473,0.705,1.0,530.0,0.7026242812001979,0.7272746282497786,61.0,57.0,0.5213675213675214
474,0.7,1.0,531.0,0.7026788008260827,0.7273291478756634,61.0,57.0,0.5213675213675214
475,0.702,1.0,532.0,0.7027728542273424,0.7274232012769231,61.0,57.0,0.5213675213675214
476,0.701,1.0,533.0,0.7028849268990078,0.7275352739485885,61.0,57.0,0.5213675213675214
477,0.696,1.0,534.0,0.7030269989619587,0.7276773460115394,61.0,57.0,0.5213675213675214
478,0.7,1.0,535.0,0.7032564380798312,0.7279067851294119,61.0,57.0,0.5213675213675214
479,0.704,1.0,536.0,0.7035313491317126,0.7281816961812932,61.0,57.0,0.5213675213675214
480,0.707,1.0,537.0,0.7038099530243958,0.7284603000739764,61.0,57.0,0.5213675213675214
481,0.707,1.0,538.0,0.7040634002271098,0.7287137472766905,61.0,57.0,0.5213675213675214
482,0.699,1.0,540.0,0.7043770465609005,0.7265623589055231,61.0,58.0,0.5213675213675214
483,0.697,1.0,541.0,0.7046746107941811,0.7268599231388038,61.0,58.0,0.5213675213675214
484,0.699,1.0,542.0,0.7050653301048526,0.7272506424494752,61.0,58.0,0.5213675213675214
485,0.702,1.0,543.0,0.7055315104200504,0.727716822764673,61.0,58.0,0.5213675213675214
486,0.7,1.0,544.0,0.7060456754235709,0.7282309877681935,60.0,58.0,0.5128205128205128
487,0.7,1.0,545.0,0.7066351063992302,0.7288204187438528,60.0,58.0,0.5128205128205128
488,0.702,1.0,547.0,0.7073799727876344,0.7273467538977948,60.0,59.0,0.5128205128205128
489,0.703,1.0,548.0,0.7081166560338576,0.728083437144018,59.0,59.0,0.5042735042735043
490,0.701,1.0,549.0,0.708916422751263,0.7288832038614234,59.0,59.0,0.5042735042735043
491,0.701,1.0,551.0,0.7098741280348351,0.7278442310339794,59.0,60.0,0.5042735042735043
492,0.708,1.0,552.0,0.7108735357201521,0.7288436387192965,58.0,60.0,0.49572649572649574
493,0.714,1.0,554.0,0.7119713704191828,0.7281444631184127,58.0,61.0,0.49572649572649574
494,0.721,1.0,556.0,0.7130496014826857,0.7276053849119927,58.0,62.0,0.49572649572649574
495,0.721,1.0,557.0,0.7139903345415881,0.7285461179708951,58.0,62.0,0.49572649572649574
496,0.718,1.0,559.0,0.7149053534209155,0.7280055585072918,57.0,63.0,0.48717948717948717
497,0.719,1.0,560.0,0.7157427359769345,0.7288429410633107,57.0,63.0,0.48717948717948717
498,0.722,1.0,562.0,0.7165921354651923,0.7283823200429309,57.0,64.0,0.48717948717948717
499,0.727,1.0,564.0,0.7173819377931943,0.727993103913159,57.0,65.0,0.48717948717948717
500,0.729,1.0,565.0,0.7180299061785653,0.72864107229853,57.0,65.0,0.48717948717948717
501,0.725,1.0,567.0,0.7185951286659213,0.7281451781738896,57.0,66.0,0.48717948717948717
502,0.726,1.0,568.0,0.7190575853050443,0.7286076348130125,57.0,66.0,0.48717948717948717
503,0.724,1.0,570.0,0.7194781034750619,0.7280731480322333,57.0,67.0,0.48717948717948717
504,0.721,1.0,571.0,0.7198197025674904,0.7284147471246618,57.0,67.0,0.48717948717948717
505,0.721,1.0,572.0,0.7201510824169055,0.7287461269740769,57.0,67.0,0.48717948717948717
506,0.722,1.0,574.0,0.7205030310779432,0.7282385711793975,58.0,68.0,0.49572649572649574
507,0.727,1.0,575.0,0.7208131126048798,0.7285486527063341,59.0,68.0,0.5042735042735043
508,0.727,1.0,576.0,0.7210571298782142,0.7287926699796685,59.0,68.0,0.5042735042735043
509,0.727,1.0,578.0,0.7212633703393615,0.7282253564306703,58.0,69.0,0.49572649572649574
510,0.726,1.0,579.0,0.7213837276909725,0.7283457137822813,57.0,69.0,0.48717948717948717
511,0.727,1.0,580.0,0.7214554313543473,0.7284174174456561,57.0,69.0,0.48717948717948717
512,0.725,1.0,581.0,0.721467848140066,0.7284298342313749,57.0,69.0,0.48717948717948717
513,0.727,1.0,582.0,0.7214437193117709,0.7284057054030797,57.0,69.0,0.48717948717948717
514,0.727,1.0,583.0,0.721360572870163,0.7283225589614718,57.0,69.0,0.48717948717948717
515,0.728,1.0,583.0,0.7211917805804017,0.728927320681856,57.0,68.0,0.48717948717948717
516,0.728,1.0,584.0,0.7209759629065753,0.7287115030080296,57.0,68.0,0.48717948717948717
517,0.728,1.0,585.0,0.7206852475195759,0.7284207876210301,57.0,68.0,0.48717948717948717
518,0.728,1.0,585.0,0.7202872412622539,0.7288822858194253,57.0,67.0,0.48717948717948717
519,0.721,1.0,586.0,0.7198359274324811,0.7284309719896526,57.0,67.0,0.48717948717948717
520,0.718,1.0,586.0,0.7193425286908974,0.7288925781988657,57.0,66.0,0.48717948717948717
521,0.717,1.0,587.0,0.7189000858058061,0.7284501353137743,57.0,66.0,0.48717948717948717
522,0.719,1.0,588.0,0.7184824593991647,0.7280325089071329,57.0,66.0,0.48717948717948717
523,0.718,1.0,588.0,0.7180265570833153,0.72863772320328,57.0,65.0,0.48717948717948717
524,0.717,1.0,589.0,0.7176109371879691,0.7282221033079338,57.0,65.0,0.48717948717948717
525,0.718,1.0,590.0,0.7172060483695368,0.7278172144895015,57.0,65.0,0.48717948717948717
526,0.717,1.0,590.0,0.7167563995221211,0.7285465840998597,57.0,64.0,0.48717948717948717
527,0.714,1.0,591.0,0.7163482261680939,0.7281384107458325,57.0,64.0,0.48717948717948717
528,0.719,1.0,592.0,0.7159705003788677,0.7277606849566063,57.0,64.0,0.48717948717948717
529,0.721,1.0,592.0,0.7155194053821547,0.728619610468531,57.0,63.0,0.48717948717948717
530,0.714,1.0,593.0,0.7150563682876417,0.728156573374018,57.0,63.0,0.48717948717948717
531,0.713,1.0,594.0,0.7146102397521341,0.7277104448385103,57.0,63.0,0.48717948717948717
532,0.717,1.0,594.0,0.7141376964968564,0.7286934799261634,57.0,62.0,0.48717948717948717
533,0.718,1.0,595.0,0.7136881255806482,0.7282439090099552,57.0,62.0,0.48717948717948717
534,0.716,1.0,596.0,0.7131964289573477,0.7277522123866547,57.0,62.0,0.48717948717948717
535,0.716,1.0,596.0,0.7126240076106998,0.7287971003099297,57.0,61.0,0.48717948717948717
536,0.716,1.0,597.0,0.7120751073820579,0.7282482000812879,57.0,61.0,0.48717948717948717
537,0.713,1.0,598.0,0.7114886153283544,0.7276617080275843,57.0,61.0,0.48717948717948717
538,0.721,1.0,598.0,0.7108304777909201,0.7288005807900645,57.0,60.0,0.48717948717948717
539,0.72,1.0,599.0,0.710126780738265,0.7280968837374093,58.0,60.0,0.49572649572649574
540,0.716,1.0,600.0,0.7093203139259467,0.7272904169250911,58.0,60.0,0.49572649572649574
541,0.715,1.0,600.0,0.7083787664779988,0.7283455475881592,58.0,59.0,0.49572649572649574
542,0.711,1.0,601.0,0.7074392082719491,0.7274059893821094,58.0,59.0,0.49572649572649574
543,0.709,1.0,601.0,0.7063920830604371,0.7285773954050597,58.0,58.0,0.49572649572649574
544,0.713,1.0,602.0,0.7053998181217435,0.7275851304663661,58.0,58.0,0.49572649572649574
545,0.711,1.0,602.0,0.7042476533028035,0.7288980003523842,58.0,57.0,0.49572649572649574
546,0.707,1.0,603.0,0.7031128363415521,0.7277631833911328,59.0,57.0,0.5042735042735043
547,0.703,1.0,604.0,0.7019436768501885,0.7265940238997692,59.0,57.0,0.5042735042735043
548,0.693,0.0,634.0,0.7015667324814957,0.7027277955518488,59.0,86.0,0.5042735042735043
549,0.683,0.0,629.0,0.7004568156151104,0.7026415606203943,59.0,80.0,0.5042735042735043
550,0.674,0.0,627.0,0.6995486869618499,0.7025455936906344,60.0,77.0,0.5128205128205128
551,0.674,0.0,626.0,0.6989292365480024,0.7026291213983538,60.0,75.0,0.5128205128205128
552,0.679,0.0,626.0,0.6985980554845708,0.7027090386516277,60.0,74.0,0.5128205128205128
553,0.686,0.0,627.0,0.6985001008719507,0.7026110840390076,61.0,74.0,0.5213675213675214
554,0.698,0.0,628.0,0.6985426049336481,0.702653588100705,61.0,74.0,0.5213675213675214
555,0.707,0.0,629.0,0.69859260058359,0.7027035837506469,62.0,74.0,0.5299145299145299
556,0.713,0.0,630.0,0.6985507212213107,0.7026617043883676,62.0,74.0,0.5299145299145299
557,0.707,0.0,631.0,0.6983498348538961,0.7024608180209531,62.0,74.0,0.5299145299145299
558,0.699,0.0,631.0,0.6980389707087638,0.7026067297832715,63.0,73.0,0.5384615384615384
559,0.687,0.0,632.0,0.6977344974548316,0.7023022565293394,63.0,73.0,0.5384615384615384
560,0.69,0.0,632.0,0.6975339342998499,0.7026092221604141,63.0,72.0,0.5384615384615384
561,0.692,0.0,633.0,0.6974360203633096,0.7025113082238739,64.0,72.0,0.5470085470085471
562,0.698,0.0,634.0,0.697400320400637,0.7024756082612013,64.0,72.0,0.5470085470085471
563,0.699,0.0,635.0,0.6973599500495917,0.7024352379101559,65.0,72.0,0.5555555555555556
564,0.699,0.0,636.0,0.6973033069003396,0.7023785947609038,65.0,72.0,0.5555555555555556
565,0.702,0.0,637.0,0.6972297669269641,0.7023050547875284,65.0,72.0,0.5555555555555556
566,0.7,0.0,637.0,0.697086059206103,0.7027252679400632,66.0,71.0,0.5641025641025641
567,0.703,0.0,638.0,0.6969312549582689,0.7025704636922291,66.0,71.0,0.5641025641025641
568,0.704,0.0,639.0,0.6967111482692672,0.7023503570032273,66.0,71.0,0.5641025641025641
569,0.703,0.0,639.0,0.6963909018051494,0.7026566892873274,67.0,70.0,0.5726495726495726
570,0.701,0.0,640.0,0.6960208660199321,0.7022866535021101,67.0,70.0,0.5726495726495726
571,0.7,0.0,640.0,0.6955742259308663,0.7025362120221751,67.0,69.0,0.5726495726495726
572,0.694,0.0,641.0,0.6951046829113525,0.7020666690026613,67.0,69.0,0.5726495726495726
573,0.683,0.0,641.0,0.6946237690431211,0.7023593091445753,68.0,68.0,0.5811965811965812
574,0.672,0.0,642.0,0.6943011589364296,0.7020366990378839,68.0,68.0,0.5811965811965812
575,0.668,0.0,643.0,0.6942292952751734,0.7019648353766277,68.0,68.0,0.5811965811965812
576,0.667,0.0,644.0,0.6944517466632707,0.702187286764725,68.0,68.0,0.5811965811965812
577,0.676,0.0,645.0,0.6949821325359551,0.7027176726374094,69.0,68.0,0.5897435897435898
578,0.687,0.0,647.0,0.695752736475346,0.7027147225666548,69.0,69.0,0.5897435897435898
579,0.69,0.0,650.0,0.6966425093744562,0.7022817181084163,69.0,71.0,0.5897435897435898
580,0.693,0.0,652.0,0.6975820632551843,0.7026573511157486,69.0,72.0,0.5897435897435898
581,0.687,0.0,655.0,0.6985882636778291,0.702699246844886,69.0,74.0,0.5897435897435898
582,0.692,0.0,659.0,0.6997304205014017,0.7027273272301862,69.0,77.0,0.5897435897435898
583,0.697,0.0,665.0,0.7009634388865049,0.7027330823407849,68.0,82.0,0.5811965811965812
584,0.703,1.0,647.0,0.7018095321478375,0.7149097372342137,68.0,63.0,0.5811965811965812
585,0.71,1.0,642.0,0.7026438386732208,0.7272941857228015,67.0,57.0,0.5726495726495726
586,0.716,1.0,643.0,0.7037979574873028,0.7284483045368835,66.0,57.0,0.5641025641025641
587,0.717,1.0,645.0,0.7049092741732179,0.7270945865178405,66.0,58.0,0.5641025641025641
588,0.719,1.0,646.0,0.705811239752373,0.7279965520969957,65.0,58.0,0.5555555555555556
589,0.716,1.0,647.0,0.706575047263769,0.7287603596083916,65.0,58.0,0.5555555555555556
590,0.715,1.0,649.0,0.7073195231776618,0.7272863042878221,64.0,59.0,0.5470085470085471
591,0.712,1.0,650.0,0.7079097750653656,0.7278765561755259,64.0,59.0,0.5470085470085471
592,0.711,1.0,651.0,0.7084621673861732,0.7284289484963336,63.0,59.0,0.5384615384615384
593,0.71,1.0,653.0,0.7090621302467239,0.7270322332458683,63.0,60.0,0.5384615384615384
594,0.714,1.0,654.0,0.7095904037389602,0.7275605067381046,62.0,60.0,0.5299145299145299
595,0.715,1.0,655.0,0.7100767089732523,0.7280468119723966,62.0,60.0,0.5299145299145299
596,0.719,1.0,656.0,0.7105151679869007,0.7284852709860451,61.0,60.0,0.5213675213675214
597,0.717,1.0,657.0,0.7108664918407472,0.7288365948398916,61.0,60.0,0.5213675213675214
598,0.716,1.0,659.0,0.7112196638840913,0.7273927565833213,60.0,61.0,0.5128205128205128
599,0.713,1.0,660.0,0.7114635153284964,0.7276366080277263,60.0,61.0,0.5128205128205128
600,0.715,1.0,661.0,0.7116962957896028,0.7278693884888328,59.0,61.0,0.5042735042735043
601,0.719,1.0,662.0,0.7118982588367535,0.7280713515359835,58.0,61.0,0.49572649572649574
602,0.718,1.0,663.0,0.7120273402538256,0.7282004329530556,57.0,61.0,0.48717948717948717
603,0.712,1.0,664.0,0.7120962386086712,0.7282693313079012,57.0,61.0,0.48717948717948717
604,0.709,1.0,665.0,0.7121718753759898,0.7283449680752198,57.0,61.0,0.48717948717948717
605,0.709,1.0,666.0,0.7122882881031753,0.7284613808024053,58.0,61.0,0.49572649572649574
606,0.71,1.0,667.0,0.7124479875030041,0.728621080202234,59.0,61.0,0.5042735042735043
607,0.709,1.0,668.0,0.7126417049993734,0.7288147976986034,60.0,61.0,0.5128205128205128
608,0.712,1.0,670.0,0.7129387311179918,0.7274945145472987,61.0,62.0,0.5213675213675214
609,0.715,1.0,671.0,0.7131955181341546,0.7277513015634616,62.0,62.0,0.5299145299145299
610,0.716,1.0,672.0,0.713437640991677,0.7279934244209839,63.0,62.0,0.5384615384615384
611,0.722,1.0,673.0,0.713656809069377,0.728212592498684,64.0,62.0,0.5470085470085471
612,0.717,1.0,674.0,0.713788783240513,0.72834456666982,65.0,62.0,0.5555555555555556
613,0.715,1.0,675.0,0.7138905011699945,0.7284462845993015,66.0,62.0,0.5641025641025641
614,0.716,1.0,676.0,0.7139851467386098,0.7285409301679168,67.0,62.0,0.5726495726495726
615,0.713,1.0,677.0,0.7140629362464687,0.7286187196757756,68.0,62.0,0.5811965811965812
616,0.713,1.0,678.0,0.714158220573542,0.7287140040028489,69.0,62.0,0.5897435897435898
617,0.716,1.0,679.0,0.7142721503658389,0.7288279337951459,70.0,62.0,0.5982905982905983
618,0.714,1.0,680.0,0.7143725279406505,0.7289283113699575,71.0,62.0,0.6068376068376068
619,0.714,1.0,682.0,0.714531743816742,0.7276319489031182,72.0,63.0,0.6153846153846154
620,0.717,1.0,683.0,0.7146518997797939,0.7277521048661701,73.0,63.0,0.6239316239316239
621,0.719,1.0,684.0,0.7147510472410036,0.7278512523273798,74.0,63.0,0.6324786324786325
622,0.719,1.0,685.0,0.714807803612505,0.7279080086988812,75.0,63.0,0.6410256410256411
623,0.718,1.0,686.0,0.7148224409887194,0.7279226460750956,76.0,63.0,0.6495726495726496
624,0.718,1.0,687.0,0.7148069432872843,0.7279071483736606,77.0,63.0,0.6581196581196581
625,0.716,1.0,688.0,0.7147606143033132,0.7278608193896894,78.0,63.0,0.6666666666666666
626,0.716,1.0,689.0,0.7147043754802349,0.7278045805666111,77.0,63.0,0.6581196581196581
627,0.715,1.0,690.0,0.7146381190555957,0.7277383241419719,76.0,63.0,0.6495726495726496
628,0.716,1.0,691.0,0.7145722475373905,0.7276724526237667,76.0,63.0,0.6495726495726496
629,0.712,1.0,692.0,0.714495159228317,0.7275953643146932,75.0,63.0,0.6410256410256411
630,0.712,1.0,693.0,0.7144509867287907,0.7275511918151669,75.0,63.0,0.6410256410256411
631,0.712,1.0,694.0,0.7144389427549349,0.7275391478413111,74.0,63.0,0.6324786324786325
632,0.71,1.0,695.0,0.7144586314807169,0.7275588365670931,73.0,63.0,0.6239316239316239
633,0.709,1.0,696.0,0.7145322732569453,0.7276324783433216,73.0,63.0,0.6239316239316239
634,0.706,1.0,697.0,0.7146721766531519,0.7277723817395281,72.0,63.0,0.6153846153846154
635,0.71,1.0,698.0,0.7149133053281438,0.72801351041452,72.0,63.0,0.6153846153846154
636,0.712,1.0,699.0,0.7152136320408737,0.72831383712725,72.0,63.0,0.6153846153846154
637,0.714,1.0,700.0,0.7155545335366966,0.7286547386230728,71.0,63.0,0.6068376068376068
638,0.717,1.0,702.0,0.7159605440604708,0.7277507286382094,71.0,64.0,0.6068376068376068
639,0.717,1.0,703.0,0.7163169041615389,0.7281070887392775,70.0,64.0,0.5982905982905983
640,0.717,1.0,704.0,0.7166701359629053,0.7284603205406439,69.0,64.0,0.5897435897435898
641,0.717,1.0,705.0,0.7170242387266859,0.7288144233044245,68.0,64.0,0.5811965811965812
642,0.716,1.0,707.0,0.7174219552513761,0.7280331213713408,67.0,65.0,0.5726495726495726
643,0.717,1.0,708.0,0.7178002254528683,0.728411391572833,66.0,65.0,0.5641025641025641
644,0.716,1.0,709.0,0.7181912461618543,0.728802412281819,66.0,65.0,0.5641025641025641
645,0.716,1.0,711.0,0.7186462774724076,0.7281963269803758,65.0,66.0,0.5555555555555556
646,0.718,1.0,712.0,0.7190987845425805,0.7286488340505487,65.0,66.0,0.5555555555555556
647,0.718,1.0,714.0,0.719598458537434,0.7281935030946054,63.0,67.0,0.5384615384615384
648,0.725,1.0,715.0,0.7200875295356648,0.7286825740928362,64.0,67.0,0.5470085470085471
649,0.725,1.0,717.0,0.720553868954382,0.7282894090558363,64.0,68.0,0.5470085470085471
650,0.722,1.0,718.0,0.720945084210531,0.7286806243119853,63.0,68.0,0.5384615384615384
651,0.722,1.0,720.0,0.72135362716888,0.7283156132601888,63.0,69.0,0.5384615384615384
652,0.721,1.0,721.0,0.7217313907382364,0.7286933768295453,63.0,69.0,0.5384615384615384
653,0.722,1.0,723.0,0.7221432820573008,0.7284090695394788,63.0,70.0,0.5384615384615384
654,0.723,1.0,724.0,0.7225357189488496,0.7288015064310276,63.0,70.0,0.5384615384615384
655,0.725,1.0,726.0,0.7229459299442373,0.7285851386781975,62.0,71.0,0.5299145299145299
656,0.725,1.0,728.0,0.7233346060530004,0.7284098939135646,62.0,72.0,0.5299145299145299
657,0.728,1.0,729.0,0.7236877809126498,0.7287630687732141,62.0,72.0,0.5299145299145299
658,0.732,1.0,731.0,0.7240127824254576,0.7285805414999654,63.0,73.0,0.5384615384615384
659,0.737,1.0,732.0,0.7242331388706633,0.7288008979451711,62.0,73.0,0.5299145299145299
660,0.735,1.0,733.0,0.7243134708110344,0.7288812298855422,62.0,73.0,0.5299145299145299
661,0.732,1.0,734.0,0.7242767776498892,0.728844536724397,62.0,73.0,0.5299145299145299
662,0.728,1.0,735.0,0.7241559537656831,0.7287237128401909,62.0,73.0,0.5299145299145299
663,0.726,1.0,736.0,0.7239941155397593,0.7285618746142671,62.0,73.0,0.5299145299145299
664,0.726,1.0,736.0,0.7237941299683985,0.7288694178289628,62.0,72.0,0.5299145299145299
665,0.72,1.0,737.0,0.7235891612322622,0.7286644490928265,61.0,72.0,0.5213675213675214
666,0.713,1.0,738.0,0.7234260514276394,0.7285013392882036,61.0,72.0,0.5213675213675214
667,0.721,1.0,739.0,0.72338079538439,0.7284560832449543,61.0,72.0,0.5213675213675214
668,0.729,1.0,740.0,0.7233640334231501,0.7284393212837144,61.0,72.0,0.5213675213675214
669,0.732,1.0,740.0,0.7232669315140149,0.7289061402479751,62.0,71.0,0.5299145299145299
670,0.736,1.0,741.0,0.7230946400244234,0.7287338487583835,62.0,71.0,0.5299145299145299
671,0.733,1.0,742.0,0.7227811104175521,0.7284203191515123,62.0,71.0,0.5299145299145299
672,0.73,1.0,742.0,0.7223344042426898,0.7286001917248678,62.0,70.0,0.5299145299145299
673,0.729,1.0,742.0,0.7218025247816346,0.7287645108729435,62.0,69.0,0.5299145299145299
674,0.728,1.0,742.0,0.7211906733737097,0.728926213475164,62.0,68.0,0.5299145299145299
675,0.726,1.0,743.0,0.7205330871072296,0.7282686272086839,62.0,68.0,0.5299145299145299
676,0.722,1.0,743.0,0.7197878254705994,0.7283828700277708,62.0,67.0,0.5299145299145299
677,0.722,1.0,743.0,0.719017984116976,0.7285680336249443,62.0,66.0,0.5299145299145299
678,0.724,1.0,743.0,0.7182150092535411,0.7288261753735058,62.0,65.0,0.5299145299145299
679,0.727,1.0,744.0,0.7173887493253144,0.7279999154452791,62.0,65.0,0.5299145299145299
680,0.728,1.0,744.0,0.7164188043737727,0.7282089889515113,62.0,64.0,0.5299145299145299
681,0.723,1.0,744.0,0.7153201794708284,0.7284203845572046,63.0,63.0,0.5384615384615384
682,0.718,1.0,744.0,0.714136223228671,0.728692006657978,63.0,62.0,0.5384615384615384
683,0.717,1.0,745.0,0.7129654908137814,0.7275212742430883,63.0,62.0,0.5384615384615384
684,0.719,1.0,745.0,0.7116993913067909,0.7278724840060209,63.0,61.0,0.5384615384615384
685,0.717,1.0,745.0,0.710352173925431,0.7283222769245754,63.0,60.0,0.5384615384615384
686,0.71,1.0,745.0,0.7089310918099097,0.72889787292007,63.0,59.0,0.5384615384615384
687,0.714,1.0,746.0,0.7075748474115119,0.7275416285216723,63.0,59.0,0.5384615384615384
688,0.71,1.0,746.0,0.706078169401485,0.7282634817461077,63.0,58.0,0.5384615384615384
689,0.695,1.0,747.0,0.7046229202716401,0.7268082326162627,63.0,58.0,0.5384615384615384
690,0.689,1.0,747.0,0.703198088179998,0.7278484352295786,63.0,57.0,0.5384615384615384
691,0.684,1.0,748.0,0.7020255921131583,0.726675939162739,63.0,57.0,0.5384615384615384
692,0.683,1.0,766.0,0.7017690783891648,0.7058800615562217,63.0,74.0,0.5384615384615384
693,0.69,0.0,776.0,0.7011028904147417,0.7026955695235937,63.0,83.0,0.5384615384615384
694,0.692,0.0,774.0,0.7004534655004013,0.7026382105056852,63.0,80.0,0.5384615384615384
695,0.69,0.0,773.0,0.6999014927497242,0.7025987088056304,63.0,78.0,0.5384615384615384
696,0.685,0.0,773.0,0.6994679766000707,0.7024648833288551,63.0,77.0,0.5384615384615384
697,0.686,0.0,773.0,0.6991952157459729,0.702525112111289,63.0,76.0,0.5384615384615384
698,0.688,0.0,774.0,0.6990819323155961,0.7024118286809122,63.0,76.0,0.5384615384615384
699,0.686,0.0,775.0,0.6990930152807362,0.7024229116460523,63.0,76.0,0.5384615384615384
700,0.688,0.0,776.0,0.6992507872241707,0.7025806835894868,63.0,76.0,0.5384615384615384
701,0.692,0.0,778.0,0.6995463897681238,0.7025432964969083,64.0,77.0,0.5470085470085471
702,0.69,0.0,780.0,0.6999258300460429,0.702623046101949,64.0,78.0,0.5470085470085471
703,0.699,0.0,783.0,0.7004239715028983,0.7026087165081821,64.0,80.0,0.5470085470085471
704,0.701,0.0,786.0,0.7009354570323216,0.7027051004866016,64.0,82.0,0.5470085470085471
705,0.704,0.0,790.0,0.7014491331333085,0.7027392032114785,64.0,85.0,0.5470085470085471
706,0.703,1.0,777.0,0.7017678807298093,0.7074070894637695,65.0,71.0,0.5555555555555556
707,0.699,1.0,767.0,0.7018001360846222,0.7197702390837666,65.0,60.0,0.5555555555555556
708,0.701,1.0,765.0,0.7020660193311521,0.7267163663807328,65.0,57.0,0.5555555555555556
709,0.7,1.0,766.0,0.7025828474297617,0.7272331944793424,65.0,57.0,0.5555555555555556
710,0.703,1.0,767.0,0.703137286879685,0.7277876339292657,66.0,57.0,0.5641025641025641
711,0.708,1.0,768.0,0.703702372367791,0.7283527194173717,66.0,57.0,0.5641025641025641
712,0.705,1.0,769.0,0.7042295795504477,0.7288799266000284,66.0,57.0,0.5641025641025641
713,0.7,1.0,771.0,0.7048432860284308,0.7270285983730534,67.0,58.0,0.5726495726495726
714,0.7,1.0,772.0,0.7054345360270741,0.7276198483716967,67.0,58.0,0.5726495726495726
715,0.703,1.0,773.0,0.7060948337076455,0.7282801460522681,67.0,58.0,0.5726495726495726
716,0.705,1.0,775.0,0.7068750136173014,0.7268417947274618,68.0,59.0,0.5811965811965812
717,0.702,1.0,776.0,0.7076061537865408,0.7275729348967012,68.0,59.0,0.5811965811965812
718,0.705,1.0,777.0,0.7084073295627122,0.7283741106728726,68.0,59.0,0.5811965811965812
719,0.709,1.0,779.0,0.7093233732783394,0.7272934762774838,69.0,60.0,0.5897435897435898
720,0.71,1.0,780.0,0.7101805875673433,0.7281506905664876,69.0,60.0,0.5897435897435898
721,0.704,1.0,782.0,0.7111088324962879,0.7272819251955178,69.0,61.0,0.5897435897435898
722,0.706,1.0,783.0,0.7120604800870076,0.7282335727862376,70.0,61.0,0.5982905982905983
723,0.708,1.0,785.0,0.7131417838251772,0.7276975672544842,70.0,62.0,0.5982905982905983
724,0.705,1.0,786.0,0.7142295873512197,0.7287853707805266,70.0,62.0,0.5982905982905983
725,0.699,1.0,788.0,0.7154757824296294,0.7285759875160056,71.0,63.0,0.6068376068376068
726,0.701,1.0,790.0,0.7169055657654604,0.728695750343199,71.0,64.0,0.6068376068376068
727,0.719,1.0,793.0,0.7185490156375428,0.728099065145511,72.0,66.0,0.6153846153846154
728,0.727,1.0,795.0,0.7201465334478465,0.7287415780050179,72.0,67.0,0.6153846153846154
729,0.737,1.0,798.0,0.7216951474686686,0.7286571335599774,72.0,69.0,0.6153846153846154
730,0.739,1.0,801.0,0.7230654129971048,0.728704621731065,73.0,71.0,0.6239316239316239
731,0.737,1.0,804.0,0.7242511843639368,0.7288189434384446,73.0,73.0,0.6239316239316239
732,0.741,1.0,808.0,0.7253024871457818,0.7286323835110979,73.0,76.0,0.6239316239316239
733,0.743,1.0,811.0,0.726159693010864,0.7288569090667701,73.0,78.0,0.6239316239316239
734,0.74,1.0,815.0,0.7268341949598378,0.7288004654645933,73.0,81.0,0.6239316239316239
735,0.736,1.0,819.0,0.7273562623783465,0.7287896735763133,73.0,84.0,0.6239316239316239
736,0.733,1.0,823.0,0.7277779152440396,0.7288228720073574,72.0,87.0,0.6153846153846154
737,0.731,0.0,807.0,0.7279518951128483,0.7342176825950263,72.0,70.0,0.6153846153846154
738,0.732,0.0,800.0,0.7279869142664714,0.7425426976957784,72.0,62.0,0.6153846153846154
739,0.734,0.0,797.0,0.7280018833886206,0.7501871957332432,72.0,58.0,0.6153846153846154
740,0.737,0.0,795.0,0.7279376755412639,0.7583702027629684,71.0,55.0,0.6068376068376068
741,0.736,0.0,795.0,0.727954318519008,0.7617682376542354,71.0,54.0,0.6068376068376068
742,0.735,0.0,796.0,0.7280125494805021,0.7618264686157294,68.0,54.0,0.5811965811965812
743,0.735,0.0,797.0,0.7280064185153514,0.7618203376505788,65.0,54.0,0.5555555555555556
744,0.734,0.0,798.0,0.7279360532665154,0.7617499724017428,62.0,54.0,0.5299145299145299
745,0.733,0.0,801.0,0.7280347252965857,0.7554239997961198,59.0,56.0,0.5042735042735043
746,0.73,0.0,803.0,0.7279576555365888,0.7526080025861694,58.0,57.0,0.49572649572649574
747,0.728,0.0,807.0,0.7280013672916057,0.7459714702907501,57.0,60.0,0.48717948717948717
748,0.729,0.0,810.0,0.7279388059836333,0.7424945894129402,57.0,62.0,0.48717948717948717
749,0.728,0.0,816.0,0.7279563457206741,0.7365513902778456,58.0,67.0,0.49572649572649574
750,0.726,0.0,825.0,0.72793878744323,0.7316386722935814,59.0,75.0,0.5042735042735043
751,0.725,1.0,838.0,0.7278644693780183,0.7289094261413361,60.0,87.0,0.5128205128205128
752,0.726,1.0,838.0,0.7277328995288054,0.7288939625991585,61.0,86.0,0.5213675213675214
753,0.726,1.0,838.0,0.7276205841188016,0.7289106541969717,62.0,85.0,0.5299145299145299
754,0.724,1.0,839.0,0.72753062748806,0.72882069756623,63.0,85.0,0.5384615384615384
755,0.722,1.0,839.0,0.7274759829914819,0.7289093941894487,64.0,84.0,0.5470085470085471
756,0.724,1.0,840.0,0.7274870412598995,0.7289204524578663,65.0,84.0,0.5555555555555556
757,0.729,1.0,842.0,0.7275418892841938,0.7288319593623639,66.0,85.0,0.5641025641025641
758,0.73,1.0,843.0,0.7275765144545903,0.7288665845327603,67.0,85.0,0.5726495726495726
759,0.729,1.0,844.0,0.7275847117402252,0.7288747818183953,68.0,85.0,0.5811965811965812
760,0.727,1.0,845.0,0.7275776276564522,0.7288676977346222,69.0,85.0,0.5897435897435898
761,0.728,1.0,846.0,0.7275774457735213,0.7288675158516914,70.0,85.0,0.5982905982905983
762,0.725,1.0,847.0,0.7275731106730633,0.7288631807512334,71.0,85.0,0.6068376068376068
763,0.727,1.0,848.0,0.7275978756083675,0.7288879456865376,72.0,85.0,0.6153846153846154
764,0.728,1.0,849.0,0.7276297982760498,0.7289198683542198,73.0,85.0,0.6239316239316239
765,0.726,1.0,851.0,0.727662427021462,0.7288234900918151,73.0,86.0,0.6239316239316239
766,0.727,1.0,852.0,0.7277096938368344,0.7288707569071875,72.0,86.0,0.6153846153846154
767,0.723,1.0,853.0,0.7277653093423389,0.728926372412692,71.0,86.0,0.6068376068376068
768,0.721,1.0,855.0,0.7278782988240662,0.728923255587384,71.0,87.0,0.6068376068376068
769,0.725,0.0,842.0,0.7279500646470125,0.7325178237215203,71.0,73.0,0.6068376068376068
770,0.73,0.0,834.0,0.7279483935060511,0.7397385780837897,72.0,64.0,0.6153846153846154
771,0.728,0.0,831.0,0.7279577571082667,0.7459278601074111,72.0,60.0,0.6153846153846154
772,0.732,0.0,829.0,0.727951551162398,0.7526018982119786,72.0,57.0,0.6153846153846154
773,0.733,0.0,829.0,0.7280362416515382,0.7554255161510723,69.0,56.0,0.5897435897435898
774,0.734,0.0,828.0,0.7279531789194195,0.7617670980546468,68.0,54.0,0.5811965811965812
775,0.731,0.0,829.0,0.7280293811028542,0.7618433002380816,67.0,54.0,0.5726495726495726
776,0.727,0.0,829.0,0.7279599760589333,0.765530997320297,65.0,53.0,0.5555555555555556
777,0.728,0.0,830.0,0.7280376795455112,0.7656087008068749,64.0,53.0,0.5470085470085471
778,0.731,0.0,830.0,0.7279930037768465,0.7697385829561395,64.0,52.0,0.5470085470085471
779,0.73,0.0,831.0,0.7280621250340362,0.7698077042133292,64.0,52.0,0.5470085470085471
780,0.728,0.0,831.0,0.7279772270616592,0.7743612039275404,63.0,51.0,0.5384615384615384
781,0.728,0.0,832.0,0.728052466966112,0.7744364438319932,64.0,51.0,0.5470085470085471
782,0.73,0.0,832.0,0.7279839380183244,0.7795216900915256,64.0,50.0,0.5470085470085471
783,0.732,0.0,833.0,0.7280701354981878,0.779607887571389,63.0,50.0,0.5384615384615384
784,0.733,0.0,833.0,0.7279532534122175,0.7852174223824411,64.0,49.0,0.5470085470085471
785,0.731,0.0,834.0,0.7279771042712004,0.785241273241424,64.0,49.0,0.5470085470085471
786,0.73,0.0,835.0,0.7279849384580264,0.7852491074282499,63.0,49.0,0.5384615384615384
787,0.728,0.0,836.0,0.7279886473281618,0.7852528162983854,64.0,49.0,0.5470085470085471
788,0.731,0.0,837.0,0.7280112779284404,0.785275446898664,64.0,49.0,0.5470085470085471
789,0.732,0.0,838.0,0.7280209237990591,0.7852850927692827,65.0,49.0,0.5555555555555556
790,0.735,0.0,839.0,0.7280048630801781,0.7852690320504017,64.0,49.0,0.5470085470085471
791,0.732,0.0,841.0,0.7281095140327432,0.7796472661059444,65.0,50.0,0.5555555555555556
792,0.734,0.0,842.0,0.728014072721219,0.7795518247944202,66.0,50.0,0.5641025641025641
793,0.736,0.0,844.0,0.728031770860271,0.7744157477261522,66.0,51.0,0.5641025641025641
794,0.735,0.0,846.0,0.7279635208576496,0.7697091000369426,67.0,52.0,0.5726495726495726
795,0.734,0.0,849.0,0.7279486851989698,0.7617626043341972,65.0,54.0,0.5555555555555556
796,0.736,0.0,854.0,0.7280142318460814,0.750199544190704,65.0,58.0,0.5555555555555556
797,0.737,0.0,861.0,0.7279613384420535,0.7397515230197921,64.0,64.0,0.5470085470085471
798,0.739,1.0,885.0,0.7278161704494088,0.7288611272127267,63.0,87.0,0.5384615384615384
799,0.739,1.0,882.0,0.7271731699580821,0.7287658490669341,64.0,83.0,0.5470085470085471
800,0.736,1.0,879.0,0.7263896720607098,0.7288171665110252,64.0,79.0,0.5470085470085471
801,0.731,1.0,877.0,0.7254981170403,0.7288280134056161,63.0,76.0,0.5384615384615384
802,0.727,1.0,876.0,0.7245505856519163,0.7286615688189733,64.0,74.0,0.5470085470085471
803,0.724,1.0,875.0,0.7235713020425674,0.7286465899031316,64.0,72.0,0.5470085470085471
804,0.723,1.0,874.0,0.7225817515813369,0.7288475390635148,64.0,70.0,0.5470085470085471
805,0.725,1.0,874.0,0.7216061187842076,0.7285681048755164,65.0,69.0,0.5555555555555556
806,0.722,1.0,874.0,0.7205927761957917,0.7283283162972459,66.0,68.0,0.5641025641025641
807,0.719,1.0,874.0,0.719563797787329,0.7281588423445005,65.0,67.0,0.5555555555555556
808,0.719,1.0,874.0,0.7185410837987256,0.7280911333066938,65.0,66.0,0.5555555555555556
809,0.717,1.0,874.0,0.7175132707412191,0.7281244368611838,66.0,65.0,0.5641025641025641
810,0.715,1.0,874.0,0.7164911606919482,0.7282813452696868,66.0,64.0,0.5641025641025641
811,0.716,1.0,874.0,0.7154856190948103,0.7285858241811866,66.0,63.0,0.5641025641025641
812,0.718,1.0,875.0,0.7145222813255183,0.7276224864118945,67.0,63.0,0.5726495726495726
813,0.717,1.0,875.0,0.7134771749835078,0.7280329584128148,68.0,62.0,0.5811965811965812
814,0.717,1.0,875.0,0.7123929261413138,0.7285660188405437,69.0,61.0,0.5897435897435898
815,0.717,1.0,876.0,0.711316987546404,0.727490080245634,69.0,61.0,0.5897435897435898
816,0.716,1.0,876.0,0.710124354407534,0.7280944574066783,69.0,60.0,0.5897435897435898
817,0.709,1.0,876.0,0.7088664363176365,0.7288332174277968,70.0,59.0,0.5982905982905983
818,0.712,1.0,877.0,0.7076805960119665,0.7276473771221269,71.0,59.0,0.6068376068376068
819,0.714,1.0,877.0,0.7063805566860233,0.7285658690306459,71.0,58.0,0.6068376068376068
820,0.714,1.0,878.0,0.7050772419456781,0.7272625542903007,72.0,58.0,0.6153846153846154
821,0.712,1.0,878.0,0.7036015388889957,0.7282518859385764,73.0,57.0,0.6239316239316239
822,0.709,1.0,879.0,0.7021228177111494,0.7267731647607301,74.0,57.0,0.6324786324786325
823,0.71,0.0,908.0,0.7013457062021174,0.7026357762802875,74.0,85.0,0.6324786324786325
824,0.708,0.0,901.0,0.6996468494996371,0.7026437562284216,75.0,77.0,0.6410256410256411
825,0.706,0.0,898.0,0.6978611854978524,0.7024289445723602,75.0,73.0,0.6410256410256411
826,0.708,0.0,896.0,0.6959827945326942,0.7022485820148722,76.0,70.0,0.6495726495726496
827,0.711,0.0,894.0,0.6939519953895905,0.7025470399467619,77.0,67.0,0.6581196581196581
828,0.709,0.0,893.0,0.6917452805477412,0.7023564466677059,77.0,65.0,0.6581196581196581
829,0.703,0.0,892.0,0.6893352443766525,0.7024354494630287,74.0,63.0,0.6324786324786325
830,0.69,0.0,892.0,0.6868123596609569,0.7013681430902639,73.0,62.0,0.6239316239316239
831,0.67,0.0,891.0,0.6841951526132304,0.7021652556123748,71.0,60.0,0.6068376068376068
832,0.657,0.0,891.0,0.681788683178866,0.7017554642890264,70.0,59.0,0.5982905982905983
833,0.653,0.0,891.0,0.6796576435576,0.7018429559022227,69.0,58.0,0.5897435897435898
834,0.653,0.0,891.0,0.6778227999758628,0.7024731470254435,68.0,57.0,0.5811965811965812
835,0.646,0.0,892.0,0.6763535444414748,0.7010038914910555,68.0,57.0,0.5811965811965812
836,0.642,0.0,892.0,0.6751407492691364,0.7025300237686705,68.0,56.0,0.5811965811965812
837,0.641,0.0,893.0,0.6743968041894999,0.701786078689034,68.0,56.0,0.5811965811965812
838,0.644,0.0,894.0,0.6740344291287245,0.7014237036282586,65.0,56.0,0.5555555555555556
839,0.641,0.0,895.0,0.6740160193019827,0.7014052938015168,63.0,56.0,0.5384615384615384
840,0.644,0.0,896.0,0.6743739971340041,0.7017632716335382,63.0,56.0,0.5384615384615384
841,0.657,0.0,897.0,0.6750790933153676,0.7024683678149017,63.0,56.0,0.5384615384615384
842,0.657,0.0,899.0,0.6760860338263962,0.7007363808759769,61.0,57.0,0.5213675213675214
843,0.656,0.0,900.0,0.6772238379472122,0.7018741849967929,61.0,57.0,0.5213675213675214
844,0.664,0.0,902.0,0.6786872935438593,0.7008726058884819,60.0,58.0,0.5128205128205128
845,0.663,0.0,903.0,0.6802407998191373,0.7024261121637599,60.0,58.0,0.5128205128205128
846,0.668,0.0,905.0,0.6820687501931778,0.7020355313033382,59.0,59.0,0.5042735042735043
847,0.681,0.0,907.0,0.6840557312925074,0.7020258342916518,59.0,60.0,0.5042735042735043
848,0.688,0.0,909.0,0.6860756624191655,0.7022487551183955,59.0,61.0,0.5042735042735043
849,0.695,0.0,911.0,0.6880722457095614,0.7026280291388683,58.0,62.0,0.49572649572649574
850,0.699,0.0,914.0,0.6900370787714005,0.7018272633491391,59.0,64.0,0.5042735042735043
851,0.707,0.0,916.0,0.6918528167655984,0.7024639828855631,59.0,65.0,0.5042735042735043
852,0.708,0.0,919.0,0.6935323459165468,0.7021273904737182,59.0,67.0,0.5042735042735043
853,0.713,0.0,921.0,0.6950156926717828,0.702751232773237,59.0,68.0,0.5042735042735043
854,0.718,0.0,924.0,0.696321968491947,0.702587755974125,59.0,70.0,0.5042735042735043
855,0.72,0.0,927.0,0.6973804486168711,0.7024557364774353,59.0,72.0,0.5042735042735043
856,0.716,0.0,929.0,0.6981668187217076,0.7027345777962154,60.0,73.0,0.5128205128205128
857,0.713,0.0,932.0,0.698768995910235,0.7024688807605863,61.0,75.0,0.5213675213675214
858,0.711,0.0,934.0,0.6991975082855819,0.702527404650898,62.0,76.0,0.5299145299145299
859,0.709,0.0,936.0,0.6994951096991159,0.7024920164279004,63.0,77.0,0.5384615384615384
860,0.711,0.0,937.0,0.6996772697890281,0.7026741765178126,64.0,77.0,0.5470085470085471
861,0.711,0.0,938.0,0.6997347795178743,0.7027316862466588,64.0,77.0,0.5470085470085471
862,0.708,0.0,939.0,0.6996681548517334,0.7026650615805179,65.0,77.0,0.5555555555555556
863,0.701,0.0,940.0,0.6995099478395681,0.7025068545683526,66.0,77.0,0.5641025641025641
864,0.694,0.0,940.0,0.699325219188754,0.7026551155540701,67.0,76.0,0.5726495726495726
865,0.693,0.0,941.0,0.699211734895804,0.7025416312611201,68.0,76.0,0.5811965811965812
866,0.698,0.0,942.0,0.6991686351369838,0.7024985315022999,69.0,76.0,0.5897435897435898
867,0.706,0.0,943.0,0.6991400063983441,0.7024699027636602,70.0,76.0,0.5982905982905983
868,0.714,0.0,943.0,0.6990239092217456,0.702723794072097,71.0,75.0,0.6068376068376068
869,0.707,0.0,944.0,0.6987553732335399,0.7024552580838912,72.0,75.0,0.6153846153846154
870,0.698,0.0,944.0,0.6983826643039259,0.7024936474709829,73.0,74.0,0.6239316239316239
871,0.692,0.0,944.0,0.6980142071999116,0.7025819662744194,74.0,73.0,0.6324786324786325
872,0.691,0.0,945.0,0.6977299080639863,0.7022976671384941,75.0,73.0,0.6410256410256411
873,0.692,0.0,945.0,0.6975047855850458,0.70258007344561,76.0,72.0,0.6495726495726496
874,0.696,0.0,946.0,0.6973602470444614,0.7024355349050256,69.0,72.0,0.5897435897435898
875,0.695,0.0,947.0,0.6972328711734993,0.7023081590340635,66.0,72.0,0.5641025641025641
876,0.699,0.0,947.0,0.6971127311302245,0.7027519398641847,63.0,71.0,0.5384615384615384
877,0.7,0.0,948.0,0.696993376906536,0.7026325856404961,61.0,71.0,0.5213675213675214
878,0.697,0.0,949.0,0.6968427913069559,0.7024820000409161,60.0,71.0,0.5128205128205128
879,0.696,0.0,950.0,0.6966927235316276,0.7023319322655878,59.0,71.0,0.5042735042735043
880,0.695,0.0,951.0,0.6965522700153979,0.7021914787493581,60.0,71.0,0.5128205128205128
881,0.702,0.0,951.0,0.6964096442897065,0.7026754317718845,61.0,70.0,0.5213675213675214
882,0.7,0.0,952.0,0.6962288454043152,0.7024946328864932,61.0,70.0,0.5213675213675214
883,0.693,0.0,953.0,0.6960085389915689,0.7022743264737469,62.0,70.0,0.5299145299145299
884,0.688,0.0,954.0,0.6958239230688994,0.7020897105510774,63.0,70.0,0.5384615384615384
885,0.687,0.0,954.0,0.6957048106315837,0.7026667967228926,63.0,69.0,0.5384615384615384
886,0.69,0.0,955.0,0.6957089837856406,0.7026709698769494,64.0,69.0,0.5470085470085471
887,0.689,0.0,956.0,0.6957793199242595,0.7027413060155683,65.0,69.0,0.5555555555555556
888,0.69,0.0,958.0,0.6959517928146721,0.7022175802968501,66.0,70.0,0.5641025641025641
889,0.694,0.0,959.0,0.696168862214118,0.702434649696296,67.0,70.0,0.5726495726495726
890,0.695,0.0,960.0,0.6964124473574644,0.7026782348396424,68.0,70.0,0.5811965811965812
891,0.692,0.0,962.0,0.6966955990106452,0.7023348077446053,65.0,71.0,0.5555555555555556
892,0.692,0.0,963.0,0.6970112579877081,0.7026504667216683,62.0,71.0,0.5299145299145299
893,0.698,0.0,965.0,0.6974041097063968,0.702479397566961,61.0,72.0,0.5213675213675214
894,0.701,0.0,967.0,0.6977902442584741,0.7023580033329819,60.0,73.0,0.5128205128205128
895,0.702,0.0,968.0,0.69812501378707,0.7026927728615778,60.0,73.0,0.5128205128205128
896,0.698,0.0,970.0,0.6984339459609274,0.7025449291279844,59.0,74.0,0.5042735042735043
897,0.695,0.0,972.0,0.6987476132095588,0.7024474980599101,59.0,75.0,0.5042735042735043
898,0.695,0.0,974.0,0.6991028836061144,0.7024327799714305,59.0,76.0,0.5042735042735043
899,0.701,0.0,976.0,0.6995036837632518,0.7025005904920363,59.0,77.0,0.5042735042735043
900,0.7,0.0,978.0,0.6998873991844996,0.7025846152404057,59.0,78.0,0.5042735042735043
901,0.696,0.0,980.0,0.7002699827309165,0.7026974771812319,59.0,79.0,0.5042735042735043
902,0.696,0.0,983.0,0.7007080468141587,0.7026743173189142,59.0,81.0,0.5042735042735043
903,0.696,0.0,987.0,0.7012018549493506,0.7026352661473174,59.0,84.0,0.5042735042735043
904,0.699,0.0,992.0,0.7017525226412604,0.7026929837282464,60.0,88.0,0.5128205128205128
905,0.708,1.0,966.0,0.7018010326005788,0.7179741252998088,60.0,61.0,0.5128205128205128
906,0.714,1.0,963.0,0.7020131749979819,0.7266635220475626,61.0,57.0,0.5213675213675214
907,0.72,1.0,964.0,0.7023918342095992,0.7270421812591799,61.0,57.0,0.5213675213675214
908,0.716,1.0,965.0,0.7025842272404025,0.7272345742899832,61.0,57.0,0.5213675213675214
909,0.706,1.0,966.0,0.7026369362351779,0.7272872832847586,61.0,57.0,0.5213675213675214
910,0.701,1.0,967.0,0.7026611390058595,0.7273114860554402,62.0,57.0,0.5299145299145299
911,0.697,1.0,968.0,0.7027128676095473,0.727363214659128,62.0,57.0,0.5299145299145299
912,0.703,1.0,969.0,0.7028375045212212,0.7274878515708019,63.0,57.0,0.5384615384615384
913,0.709,1.0,970.0,0.7029692619479807,0.7276196089975614,64.0,57.0,0.5470085470085471
914,0.713,1.0,971.0,0.7030431577503039,0.7276935047998846,64.0,57.0,0.5470085470085471
915,0.704,1.0,972.0,0.7030158150516879,0.7276661621012686,65.0,57.0,0.5555555555555556
916,0.7,1.0,973.0,0.7029865538022302,0.7276369008518109,65.0,57.0,0.5555555555555556
917,0.704,1.0,974.0,0.7029998565896546,0.7276502036392353,66.0,57.0,0.5641025641025641
918,0.704,1.0,975.0,0.7030115694908006,0.7276619165403813,67.0,57.0,0.5726495726495726
919,0.705,1.0,976.0,0.7030204214713929,0.7276707685209736,67.0,57.0,0.5726495726495726
920,0.703,1.0,977.0,0.7030148937948519,0.7276652408444326,68.0,57.0,0.5811965811965812
921,0.705,1.0,978.0,0.7030189376584003,0.727669284707981,68.0,57.0,0.5811965811965812
922,0.703,1.0,979.0,0.7030100254772269,0.7276603725268076,69.0,57.0,0.5897435897435898
923,0.696,1.0,980.0,0.703011058881331,0.7276614059309117,70.0,57.0,0.5982905982905983
924,0.7,1.0,981.0,0.703100553667303,0.7277509007168836,70.0,57.0,0.5982905982905983
925,0.701,1.0,982.0,0.7032353322284137,0.7278856792779944,71.0,57.0,0.6068376068376068
926,0.698,1.0,983.0,0.7034047690315034,0.7280551160810841,72.0,57.0,0.6153846153846154
927,0.701,1.0,984.0,0.703643600007977,0.7282939470575577,72.0,57.0,0.6153846153846154
928,0.698,1.0,985.0,0.7039213920054881,0.7285717390550688,73.0,57.0,0.6239316239316239
929,0.702,1.0,986.0,0.70427431843165,0.7289246654812307,73.0,57.0,0.6239316239316239
930,0.707,1.0,988.0,0.7047480675920921,0.7269333799367147,74.0,58.0,0.6324786324786325
931,0.706,1.0,989.0,0.7051193101588517,0.7273046225034743,75.0,58.0,0.6410256410256411
932,0.701,1.0,990.0,0.7054886956129748,0.7276740079575974,75.0,58.0,0.6410256410256411
933,0.697,1.0,991.0,0.7059159421752419,0.7281012545198645,76.0,58.0,0.6495726495726496
934,0.697,1.0,992.0,0.7064507785922108,0.7286360909368335,76.0,58.0,0.6495726495726496
935,0.701,1.0,994.0,0.7071762356128939,0.7271430167230543,77.0,59.0,0.6581196581196581
936,0.707,1.0,995.0,0.7079018944675057,0.7278686755776661,77.0,59.0,0.6581196581196581
937,0.714,1.0,996.0,0.7086451512397465,0.7286119323499068,77.0,59.0,0.6581196581196581
938,0.716,1.0,998.0,0.7094052353404297,0.727375338339574,77.0,60.0,0.6581196581196581
939,0.71,1.0,999.0,0.710029309702864,0.7279994127020084,77.0,60.0,0.6581196581196581
940,0.702,1.0,1000.0,0.7106602357134373,0.7286303387125816,76.0,60.0,0.6495726495726496
941,0.689,1.0,1002.0,0.7114554648817905,0.7276285575810204,76.0,61.0,0.6495726495726496
942,0.698,1.0,1003.0,0.7124456277958684,0.7286187204950983,76.0,61.0,0.6495726495726496
943,0.713,1.0,1005.0,0.713657772462021,0.728213555891328,75.0,62.0,0.6410256410256411
944,0.717,1.0,1007.0,0.7148767966985208,0.727977001784897,73.0,63.0,0.6239316239316239
945,0.721,1.0,1009.0,0.7160718988346766,0.7278620834124152,72.0,64.0,0.6153846153846154
946,0.727,1.0,1011.0,0.7172117664784745,0.7278229325984392,72.0,65.0,0.6153846153846154
947,0.731,1.0,1012.0,0.7182067589134556,0.7288179250334204,71.0,65.0,0.6068376068376068
948,0.733,1.0,1014.0,0.7190989884060306,0.7286490379139988,71.0,66.0,0.6068376068376068
949,0.733,1.0,1016.0,0.7198356714980475,0.7284307160552189,71.0,67.0,0.6068376068376068
950,0.736,1.0,1018.0,0.7204256907108095,0.7281612308122638,71.0,68.0,0.6068376068376068
951,0.727,1.0,1019.0,0.7208175052519031,0.7285530453533574,70.0,68.0,0.5982905982905983
952,0.726,1.0,1020.0,0.7211435771261558,0.7288791172276101,70.0,68.0,0.5982905982905983
953,0.726,1.0,1022.0,0.7214443753860209,0.7284063614773297,70.0,69.0,0.5982905982905983
954,0.722,1.0,1023.0,0.7216714051587642,0.728633391250073,69.0,69.0,0.5897435897435898
955,0.725,1.0,1024.0,0.721897389126195,0.7288593752175039,69.0,69.0,0.5897435897435898
956,0.727,1.0,1026.0,0.7221145490619143,0.7283803365440923,69.0,70.0,0.5897435897435898
957,0.729,1.0,1027.0,0.7222565908171632,0.7285223782993412,70.0,70.0,0.5982905982905983
958,0.73,1.0,1028.0,0.7223259482960757,0.7285917357782536,70.0,70.0,0.5982905982905983
959,0.733,1.0,1029.0,0.72231227443063,0.7285780619128079,70.0,70.0,0.5982905982905983
960,0.733,1.0,1030.0,0.7221820773600882,0.7284478648422662,70.0,70.0,0.5982905982905983
961,0.732,1.0,1030.0,0.7219110831972011,0.7288730692885099,71.0,69.0,0.6068376068376068
962,0.724,1.0,1031.0,0.7215533096028803,0.7285152956941892,71.0,69.0,0.6068376068376068
963,0.721,1.0,1031.0,0.721145562879965,0.7288811029814193,70.0,68.0,0.5982905982905983
964,0.723,1.0,1032.0,0.720767322180117,0.7285028622815712,70.0,68.0,0.5982905982905983
965,0.723,1.0,1032.0,0.7203391741569762,0.7289342187141477,69.0,67.0,0.5897435897435898
966,0.723,1.0,1033.0,0.7199124940368049,0.7285075385939763,68.0,67.0,0.5811965811965812
967,0.719,1.0,1034.0,0.7194545210841233,0.7280495656412947,67.0,67.0,0.5726495726495726
968,0.717,1.0,1034.0,0.7189737504213445,0.7285237999293127,66.0,66.0,0.5641025641025641
969,0.718,1.0,1035.0,0.7185494412872868,0.728099490795255,66.0,66.0,0.5641025641025641
970,0.715,1.0,1035.0,0.7181001591847855,0.7287113253047502,65.0,65.0,0.5555555555555556
971,0.714,1.0,1036.0,0.717724026127665,0.7283351922476297,65.0,65.0,0.5555555555555556
972,0.715,1.0,1037.0,0.7173929738771232,0.7280041399970879,64.0,65.0,0.5470085470085471
973,0.713,1.0,1037.0,0.7170538284664764,0.728844013044215,64.0,64.0,0.5470085470085471
974,0.714,1.0,1038.0,0.7168022943660324,0.728592478943771,63.0,64.0,0.5384615384615384
975,0.716,1.0,1039.0,0.7165860916932203,0.7283762762709589,63.0,64.0,0.5384615384615384
976,0.707,1.0,1040.0,0.7163809620901571,0.7281711466678957,62.0,64.0,0.5299145299145299
977,0.695,1.0,1041.0,0.7162834783473736,0.7280736629251122,62.0,64.0,0.5299145299145299
978,0.698,1.0,1042.0,0.7164273551105378,0.7282175396882764,61.0,64.0,0.5213675213675214
979,0.698,1.0,1043.0,0.716780243346348,0.7285704279240867,61.0,64.0,0.5213675213675214
980,0.704,1.0,1045.0,0.7173855239213756,0.7279966900413403,60.0,65.0,0.5128205128205128
981,0.715,1.0,1046.0,0.7181051914555154,0.7287163575754801,60.0,65.0,0.5128205128205128
982,0.727,1.0,1048.0,0.7188986503557038,0.728448699863672,60.0,66.0,0.5128205128205128
983,0.73,1.0,1050.0,0.7196001741972593,0.7281952187544307,59.0,67.0,0.5042735042735043
984,0.729,1.0,1051.0,0.7201569891229049,0.7287520336800763,59.0,67.0,0.5042735042735043
985,0.73,1.0,1053.0,0.7206469971878022,0.7283825372892565,59.0,68.0,0.5042735042735043
986,0.729,1.0,1054.0,0.7210092493930442,0.7287447894944985,59.0,68.0,0.5042735042735043
987,0.732,1.0,1056.0,0.7213114265482183,0.7282734126395272,59.0,69.0,0.5042735042735043
988,0.734,1.0,1057.0,0.7214713542336006,0.7284333403249095,59.0,69.0,0.5042735042735043
989,0.729,1.0,1058.0,0.7214944418190713,0.7284564279103801,59.0,69.0,0.5042735042735043
990,0.724,1.0,1059.0,0.7214362998577377,0.7283982859490465,59.0,69.0,0.5042735042735043
991,0.72,1.0,1060.0,0.7213525707240037,0.7283145568153125,59.0,69.0,0.5042735042735043
992,0.721,1.0,1061.0,0.7212868454868728,0.7282488315781817,58.0,69.0,0.49572649572649574
993,0.726,1.0,1062.0,0.7212270702310358,0.7281890563223447,59.0,69.0,0.5042735042735043
994,0.729,1.0,1062.0,0.7210908811415531,0.7288264212430073,59.0,68.0,0.5042735042735043
995,0.731,1.0,1063.0,0.7208956787322324,0.7286312188336866,59.0,68.0,0.5042735042735043
996,0.73,1.0,1064.0,0.720591051951093,0.7283265920525472,59.0,68.0,0.5042735042735043
997,0.729,1.0,1064.0,0.7201559387440448,0.7287509833012162,60.0,67.0,0.5128205128205128
998,0.727,1.0,1065.0,0.719654676514107,0.7282497210712784,60.0,67.0,0.5128205128205128
999,0.72,1.0,1065.0,0.719042893086812,0.7285929425947802,60.0,66.0,0.5128205128205128
1000,0.717,1.0,1066.0,0.7184558103214389,0.7280058598294071,60.0,66.0,0.5128205128205128
1001,0.718,1.0,1066.0,0.7178531015614423,0.728464267681407,61.0,65.0,0.5213675213675214
1002,0.719,1.0,1067.0,0.7172880219112169,0.7278991880311816,61.0,65.0,0.5213675213675214
1003,0.724,1.0,1067.0,0.7166685850990475,0.7284587696767861,61.0,64.0,0.5213675213675214
1004,0.724,1.0,1068.0,0.7160116220722648,0.7278018066500034,62.0,64.0,0.5299145299145299
1005,0.722,1.0,1068.0,0.7152263587348721,0.7283265638212483,62.0,63.0,0.5299145299145299
1006,0.722,1.0,1068.0,0.7143658327167555,0.7289216161460624,63.0,62.0,0.5384615384615384
1007,0.718,1.0,1069.0,0.7134749518914948,0.7280307353208018,63.0,62.0,0.5384615384615384
1008,0.719,1.0,1069.0,0.7124847704075143,0.7286578631067443,64.0,61.0,0.5470085470085471
1009,0.716,1.0,1070.0,0.7114822081696863,0.7276553008689163,64.0,61.0,0.5470085470085471
1010,0.714,1.0,1070.0,0.710375438627393,0.7283455416265374,65.0,60.0,0.5555555555555556
1011,0.713,1.0,1071.0,0.7092946964030777,0.7272647994022221,65.0,60.0,0.5555555555555556
1012,0.709,1.0,1071.0,0.7081131139388905,0.7280798950490509,65.0,59.0,0.5555555555555556
1013,0.707,1.0,1072.0,0.7069951339219562,0.7269619150321166,66.0,59.0,0.5641025641025641
1014,0.707,1.0,1072.0,0.7058109887743493,0.727996301118972,66.0,58.0,0.5641025641025641
1015,0.697,1.0,1073.0,0.7046950174577661,0.7268803298023887,67.0,58.0,0.5726495726495726
1016,0.694,1.0,1073.0,0.7035912997749802,0.7282416468245609,67.0,57.0,0.5726495726495726
1017,0.691,1.0,1074.0,0.7026847096804343,0.727335056730015,68.0,57.0,0.5811965811965812
1018,0.691,1.0,1075.0,0.7019176541458659,0.7265680011954466,68.0,57.0,0.5811965811965812
1019,0.695,1.0,1085.0,0.7017761804518854,0.7113262299598536,68.0,66.0,0.5811965811965812
1020,0.698,0.0,1105.0,0.7014679589331818,0.7027580290113519,68.0,85.0,0.5811965811965812
1021,0.701,0.0,1103.0,0.7009302745170574,0.7026999179713374,69.0,82.0,0.5897435897435898
1022,0.702,0.0,1102.0,0.7003946208915658,0.7025793658968497,69.0,80.0,0.5897435897435898
1023,0.701,0.0,1101.0,0.6998388692759216,0.7025360853318278,69.0,78.0,0.5897435897435898
1024,0.702,0.0,1100.0,0.6992674827291603,0.7025973790944764,69.0,76.0,0.5897435897435898
1025,0.7,0.0,1100.0,0.6986751183520901,0.7023750032024414,70.0,75.0,0.5982905982905983
1026,0.702,0.0,1099.0,0.698053709536996,0.7026214686115038,70.0,73.0,0.5982905982905983
1027,0.7,0.0,1099.0,0.6974013442278327,0.702476632088397,70.0,72.0,0.5982905982905983
1028,0.698,0.0,1099.0,0.6967201049656453,0.7023593136996055,70.0,71.0,0.5982905982905983
1029,0.696,0.0,1099.0,0.6960246446475207,0.7022904321296987,70.0,70.0,0.5982905982905983
1030,0.694,0.0,1099.0,0.695329458158813,0.7022914442501218,69.0,69.0,0.5897435897435898
1031,0.691,0.0,1099.0,0.6946490434274255,0.7023845835288798,68.0,68.0,0.5811965811965812
1032,0.685,0.0,1099.0,0.6940091736230092,0.7026042181801806,67.0,67.0,0.5726495726495726
1033,0.686,0.0,1100.0,0.693499352692458,0.7020943972496294,67.0,67.0,0.5726495726495726
1034,0.684,0.0,1100.0,0.6930459056526854,0.7025959551606537,66.0,66.0,0.5641025641025641
1035,0.687,0.0,1101.0,0.692726192795325,0.7022762423032932,65.0,66.0,0.5555555555555556
1036,0.693,0.0,1102.0,0.6924738288216646,0.7020238783296329,65.0,66.0,0.5555555555555556
1037,0.69,0.0,1103.0,0.6922192827047846,0.7017693322127528,64.0,66.0,0.5470085470085471
1038,0.686,0.0,1103.0,0.6919588602579081,0.7025700263778728,64.0,65.0,0.5470085470085471
1039,0.685,0.0,1104.0,0.6918028475674849,0.7024140136874496,64.0,65.0,0.5470085470085471
1040,0.69,0.0,1105.0,0.6917261303955735,0.7023372965155382,64.0,65.0,0.5470085470085471
1041,0.676,0.0,1106.0,0.6916725129969193,0.702283679116884,64.0,65.0,0.5470085470085471
1042,0.687,0.0,1107.0,0.6917970780443391,0.7024082441643038,64.0,65.0,0.5470085470085471
1043,0.687,0.0,1108.0,0.6919795123451735,0.7025906784651382,64.0,65.0,0.5470085470085471
1044,0.692,0.0,1110.0,0.6922580437781523,0.7018080932861205,65.0,66.0,0.5555555555555556
1045,0.701,0.0,1111.0,0.6925071782759101,0.7020572277838784,65.0,66.0,0.5555555555555556
1046,0.708,0.0,1112.0,0.6926652101837032,0.7022152596916714,65.0,66.0,0.5555555555555556
1047,0.708,0.0,1113.0,0.6926561327128655,0.7022061822208338,66.0,66.0,0.5641025641025641
1048,0.703,0.0,1114.0,0.6924797645811404,0.7020298140891086,66.0,66.0,0.5641025641025641
1049,0.695,0.0,1115.0,0.6921898173040382,0.7017398668120064,67.0,66.0,0.5726495726495726
1050,0.675,0.0,1115.0,0.6918372060065101,0.7024483721264748,67.0,65.0,0.5726495726495726
1051,0.658,0.0,1116.0,0.6917103776079375,0.7023215437279022,67.0,65.0,0.5726495726495726
1052,0.67,0.0,1117.0,0.6919620909402713,0.702573257060236,68.0,65.0,0.5811965811965812
1053,0.686,0.0,1119.0,0.6924954803905277,0.7020455298984959,68.0,66.0,0.5811965811965812
1054,0.702,0.0,1120.0,0.6930702957120494,0.7026203452200176,68.0,66.0,0.5811965811965812
1055,0.707,0.0,1122.0,0.6935814283338919,0.7021764728910633,69.0,67.0,0.5897435897435898
1056,0.7,0.0,1123.0,0.6939152739688521,0.7025103185260235,69.0,67.0,0.5897435897435898
1057,0.696,0.0,1125.0,0.6942129739235867,0.701948514025041,69.0,68.0,0.5897435897435898
1058,0.691,0.0,1126.0,0.6944649161876983,0.7022004562891526,69.0,68.0,0.5897435897435898
1059,0.681,0.0,1127.0,0.6947579713188496,0.7024935114203039,69.0,68.0,0.5897435897435898
1060,0.692,0.0,1129.0,0.6952323270148657,0.7021943131061745,69.0,69.0,0.5897435897435898
1061,0.704,0.0,1130.0,0.6957195239679037,0.7026815100592125,69.0,69.0,0.5897435897435898
1062,0.709,0.0,1132.0,0.696140189172384,0.702405976654562,68.0,70.0,0.5811965811965812
1063,0.709,0.0,1133.0,0.6963977027140607,0.7026634901962386,68.0,70.0,0.5811965811965812
1064,0.708,0.0,1135.0,0.6965383609528901,0.7021775696868503,67.0,71.0,0.5726495726495726
1065,0.71,0.0,1136.0,0.6965330671619435,0.7021722758959037,66.0,71.0,0.5641025641025641
1066,0.703,0.0,1136.0,0.6963593087947403,0.7026250962769183,65.0,70.0,0.5555555555555556
1067,0.703,0.0,1137.0,0.6961348824277274,0.7024006699099054,64.0,70.0,0.5470085470085471
1068,0.708,0.0,1138.0,0.6958364557445522,0.7021022432267302,62.0,70.0,0.5299145299145299
1069,0.711,0.0,1138.0,0.6953821025374718,0.7023440886287806,61.0,69.0,0.5213675213675214
1070,0.705,0.0,1138.0,0.6947542171363632,0.7024897572378175,60.0,68.0,0.5128205128205128
1071,0.701,0.0,1138.0,0.6940124897034368,0.7026075342606082,59.0,67.0,0.5042735042735043
1072,0.699,0.0,1138.0,0.6931931232672148,0.7027431727751831,58.0,66.0,0.49572649572649574
1073,0.697,0.0,1139.0,0.6923443701079123,0.7018944196158805,57.0,66.0,0.48717948717948717
1074,0.698,0.0,1139.0,0.6914122670110313,0.702023433130996,57.0,65.0,0.48717948717948717
1075,0.703,0.0,1139.0,0.6904069668809396,0.7021971514586782,57.0,64.0,0.48717948717948717
1076,0.707,0.0,1139.0,0.6892617441606361,0.7023619492470123,58.0,63.0,0.49572649572649574
1077,0.711,0.0,1139.0,0.6879194297087841,0.702475213138091,59.0,62.0,0.5042735042735043
1078,0.71,0.0,1139.0,0.6863206644759188,0.7024937571751487,60.0,61.0,0.5128205128205128
1079,0.701,0.0,1139.0,0.6844587955150078,0.7024288985141521,61.0,60.0,0.5213675213675214
1080,0.701,0.0,1139.0,0.6824131353931526,0.702379916503313,62.0,59.0,0.5299145299145299
1081,0.7,0.0,1139.0,0.6801609545534438,0.7023462668980665,63.0,58.0,0.5384615384615384
1082,0.68,0.0,1139.0,0.6776883398754396,0.7023386869250203,64.0,57.0,0.5470085470085471
1083,0.661,0.0,1139.0,0.6751900400849404,0.7025793145844745,65.0,56.0,0.5555555555555556
1084,0.655,0.0,1140.0,0.6729497386436103,0.7003390131431444,66.0,56.0,0.5641025641025641
1085,0.655,0.0,1140.0,0.6708185806293618,0.7012511078510664,66.0,55.0,0.5641025641025641
1086,0.643,0.0,1140.0,0.6688631846221064,0.7026771037573337,67.0,54.0,0.5726495726495726
1087,0.634,0.0,1141.0,0.6673175993137432,0.7011315184489706,68.0,54.0,0.5811965811965812
1088,0.636,0.0,1142.0,0.666153741879415,0.6999676610146424,69.0,54.0,0.5897435897435898
1089,0.64,0.0,1143.0,0.6653367430964229,0.6991506622316502,70.0,54.0,0.5982905982905983
1090,0.637,0.0,1143.0,0.6646920269255625,0.7022630481869262,71.0,53.0,0.6068376068376068
1091,0.636,0.0,1144.0,0.6644902556193049,0.7020612768806685,72.0,53.0,0.6153846153846154
1092,0.643,0.0,1145.0,0.6646179750498197,0.7021889963111834,73.0,53.0,0.6239316239316239
1093,0.65,0.0,1146.0,0.6650009423858365,0.7025719636472002,74.0,53.0,0.6324786324786325
1094,0.658,0.0,1148.0,0.6656864357626663,0.6995003548978936,75.0,54.0,0.6410256410256411
1095,0.659,0.0,1149.0,0.6663466200913347,0.7001605392265621,76.0,54.0,0.6495726495726496
1096,0.657,0.0,1150.0,0.6670999124678358,0.7009138316030632,77.0,54.0,0.6581196581196581
1097,0.654,0.0,1151.0,0.6679771897784789,0.7017911089137062,78.0,54.0,0.6666666666666666
1098,0.651,0.0,1153.0,0.6691306094666807,0.6995631366883852,79.0,55.0,0.6752136752136753
1099,0.656,0.0,1154.0,0.6703898421501052,0.7008223693718098,73.0,55.0,0.6239316239316239
1100,0.662,0.0,1155.0,0.6718215033731698,0.7022540305948743,70.0,55.0,0.5982905982905983
1101,0.661,0.0,1157.0,0.6734783524600443,0.7008676269595784,69.0,56.0,0.5897435897435898
1102,0.669,0.0,1158.0,0.6751808128667328,0.7025700873662669,68.0,56.0,0.5811965811965812
1103,0.675,0.0,1160.0,0.6770493106350828,0.7016996576846635,66.0,57.0,0.5641025641025641
1104,0.684,0.0,1162.0,0.6789383210687653,0.7011236334133879,66.0,58.0,0.5641025641025641
1105,0.682,0.0,1164.0,0.6807706819486277,0.700737463058788,65.0,59.0,0.5555555555555556
1106,0.684,0.0,1165.0,0.6825254480041494,0.7024922291143098,65.0,59.0,0.5555555555555556
1107,0.688,0.0,1167.0,0.6843353532603087,0.7023054562594531,65.0,60.0,0.5555555555555556
1108,0.701,0.0,1169.0,0.6861038687049856,0.7022769614042156,65.0,61.0,0.5555555555555556
1109,0.712,0.0,1171.0,0.6877079526232823,0.7022637360525893,66.0,62.0,0.5641025641025641
1110,0.721,0.0,1173.0,0.6890421632087529,0.7021423682951291,66.0,63.0,0.5641025641025641
1111,0.719,0.0,1175.0,0.690020666182735,0.7018108507604737,66.0,64.0,0.5641025641025641
1112,0.712,0.0,1176.0,0.6906389453339143,0.702429129911653,66.0,64.0,0.5641025641025641
1113,0.706,0.0,1178.0,0.6910617780260209,0.7016729441459856,66.0,65.0,0.5641025641025641
1114,0.699,0.0,1179.0,0.6912846579879158,0.7018958241078805,66.0,65.0,0.5641025641025641
1115,0.695,0.0,1180.0,0.6914254867418261,0.7020366528617908,65.0,65.0,0.5555555555555556
1116,0.693,0.0,1181.0,0.6915302064782374,0.7021413725982021,65.0,65.0,0.5555555555555556
1117,0.695,0.0,1182.0,0.6916222420657685,0.7022334081857332,65.0,65.0,0.5555555555555556
1118,0.685,0.0,1183.0,0.6916807178196454,0.7022918839396101,66.0,65.0,0.5641025641025641
1119,0.683,0.0,1184.0,0.6918168584384459,0.7024280245584106,66.0,65.0,0.5641025641025641
1120,0.688,0.0,1185.0,0.6920546445502034,0.7026658106701681,66.0,65.0,0.5641025641025641
1121,0.698,0.0,1187.0,0.6923742136573223,0.7019242631652906,67.0,66.0,0.5726495726495726
1122,0.698,0.0,1188.0,0.6926012215294011,0.7021512710373693,67.0,66.0,0.5726495726495726
1123,0.703,0.0,1189.0,0.6927722690738479,0.7023223185818162,67.0,66.0,0.5726495726495726
1124,0.7,0.0,1190.0,0.6928336711053273,0.7023837206132956,68.0,66.0,0.5811965811965812
1125,0.698,0.0,1191.0,0.6928187998302108,0.702368849338179,68.0,66.0,0.5811965811965812
1126,0.692,0.0,1192.0,0.6927496519182286,0.7022997014261968,68.0,66.0,0.5811965811965812
1127,0.687,0.0,1193.0,0.6926919598566321,0.7022420093646004,68.0,66.0,0.5811965811965812
1128,0.693,0.0,1194.0,0.692701110654205,0.7022511601621733,69.0,66.0,0.5897435897435898
1129,0.693,0.0,1195.0,0.6927104588983393,0.7022605084063075,69.0,66.0,0.5897435897435898
1130,0.687,0.0,1196.0,0.6927202190379348,0.702270268545903,69.0,66.0,0.5897435897435898
1131,0.688,0.0,1197.0,0.6927968344470917,0.70234688395506,70.0,66.0,0.5982905982905983
1132,0.695,0.0,1198.0,0.6929301307448347,0.7024801802528029,70.0,66.0,0.5982905982905983
1133,0.699,0.0,1199.0,0.6930440575141108,0.702594107022079,70.0,66.0,0.5982905982905983
1134,0.699,0.0,1200.0,0.6930954060054169,0.7026454555133851,71.0,66.0,0.6068376068376068
1135,0.703,0.0,1201.0,0.6930845105194782,0.7026345600274464,71.0,66.0,0.6068376068376068
1136,0.705,0.0,1202.0,0.6929670468153042,0.7025170963232724,70.0,66.0,0.5982905982905983
1137,0.701,0.0,1203.0,0.6927195025974299,0.7022695521053981,70.0,66.0,0.5982905982905983
1138,0.7,0.0,1204.0,0.6923833858443411,0.7019334353523093,66.0,66.0,0.5641025641025641
1139,0.699,0.0,1204.0,0.6919313359880597,0.7025425021080244,56.0,65.0,0.47863247863247865
1140,0.696,0.0,1205.0,0.6914392807080225,0.7020504468279872,54.0,65.0,0.46153846153846156
1141,0.688,0.0,1205.0,0.6908618690104462,0.7026520535881848,54.0,64.0,0.46153846153846156
1142,0.684,0.0,1206.0,0.6903591348971319,0.7021493194748705,54.0,64.0,0.46153846153846156
1143,0.682,0.0,1207.0,0.689931283688597,0.7017214682663356,53.0,64.0,0.452991452991453
1144,0.684,0.0,1207.0,0.6895530225668917,0.7026532276532679,53.0,63.0,0.452991452991453
1145,0.681,0.0,1208.0,0.6892845877125098,0.702384792798886,53.0,63.0,0.452991452991453
1146,0.689,0.0,1209.0,0.6891134301250563,0.7022136352114325,53.0,63.0,0.452991452991453
1147,0.687,0.0,1210.0,0.6889487315852919,0.7020489366716681,54.0,63.0,0.46153846153846156
1148,0.689,0.0,1211.0,0.6888106430120957,0.7019108480984719,54.0,63.0,0.46153846153846156
1149,0.685,0.0,1212.0,0.688675621605954,0.7017758266923302,54.0,63.0,0.46153846153846156
1150,0.681,0.0,1213.0,0.6885862254621573,0.7016864305485335,54.0,63.0,0.46153846153846156
1151,0.679,0.0,1214.0,0.6885854782542872,0.7016856833406634,54.0,63.0,0.46153846153846156
1152,0.679,0.0,1215.0,0.6886961592795278,0.701796364365904,55.0,63.0,0.4700854700854701
1153,0.679,0.0,1216.0,0.6889195741703417,0.7020197792567179,55.0,63.0,0.4700854700854701
1154,0.693,0.0,1217.0,0.6892580812071982,0.7023582862935744,55.0,63.0,0.4700854700854701
1155,0.702,0.0,1218.0,0.689560368662975,0.7026605737493512,55.0,63.0,0.4700854700854701
1156,0.712,0.0,1220.0,0.6897746324627998,0.7015648170405384,56.0,64.0,0.47863247863247865
1157,0.716,0.0,1220.0,0.6896568970661062,0.7027571021524824,56.0,63.0,0.47863247863247865
1158,0.711,0.0,1221.0,0.6892964481503743,0.7023966532367505,56.0,63.0,0.47863247863247865
1159,0.697,0.0,1222.0,0.6886998474210025,0.7018000525073788,57.0,63.0,0.48717948717948717
1160,0.687,0.0,1222.0,0.6879660339118816,0.7025218173411886,57.0,62.0,0.48717948717948717
1161,0.685,0.0,1223.0,0.6872981128711515,0.7018538963004585,58.0,62.0,0.49572649572649574
1162,0.681,0.0,1224.0,0.6866607826373855,0.7012165660666925,58.0,62.0,0.49572649572649574
1163,0.677,0.0,1224.0,0.6860371207967337,0.7022102134959637,59.0,61.0,0.5042735042735043
1164,0.686,0.0,1225.0,0.6855740523385284,0.7017471450377584,59.0,61.0,0.5042735042735043
1165,0.686,0.0,1226.0,0.685112013856822,0.7012851065560519,59.0,61.0,0.5042735042735043
1166,0.686,0.0,1226.0,0.6845861758543389,0.7025562788534833,60.0,60.0,0.5128205128205128
1167,0.68,0.0,1227.0,0.6841113072347573,0.7020814102339017,60.0,60.0,0.5128205128205128
1168,0.678,0.0,1228.0,0.683688787660681,0.7016588906598253,61.0,60.0,0.5213675213675214
1169,0.681,0.0,1229.0,0.6833359555334184,0.7013060585325628,61.0,60.0,0.5213675213675214
1170,0.688,0.0,1230.0,0.6830153490877902,0.7009854520869345,62.0,60.0,0.5299145299145299
1171,0.684,0.0,1230.0,0.6825798576752009,0.7025466387853613,62.0,59.0,0.5299145299145299
1172,0.684,0.0,1231.0,0.6822021487285901,0.7021689298387505,63.0,59.0,0.5384615384615384
1173,0.689,0.0,1232.0,0.681812870722472,0.7017796518326324,63.0,59.0,0.5384615384615384
1174,0.684,0.0,1233.0,0.6813523529667553,0.7013191340769157,64.0,59.0,0.5470085470085471
1175,0.679,0.0,1234.0,0.6808702039553022,0.7008369850654625,64.0,59.0,0.5470085470085471
1176,0.679,0.0,1234.0,0.6803404540169107,0.7025257663615333,64.0,58.0,0.5470085470085471
1177,0.677,0.0,1235.0,0.679910369258157,0.7020956816027796,65.0,58.0,0.5555555555555556
1178,0.677,0.0,1236.0,0.6795206320010097,0.7017059443456323,65.0,58.0,0.5555555555555556
1179,0.678,0.0,1237.0,0.6791668651255794,0.7013521774702021,65.0,58.0,0.5555555555555556
1180,0.676,0.0,1238.0,0.6788330459533594,0.701018358297982,65.0,58.0,0.5555555555555556
1181,0.673,0.0,1239.0,0.6785383648405092,0.7007236771851318,65.0,58.0,0.5555555555555556
1182,0.671,0.0,1240.0,0.678313990151392,0.7004993024960147,65.0,58.0,0.5555555555555556
1183,0.675,0.0,1240.0,0.6780966896644403,0.702747036714021,65.0,57.0,0.5555555555555556
1184,0.669,0.0,1241.0,0.678006300511197,0.7026566475607777,65.0,57.0,0.5555555555555556
1185,0.668,0.0,1242.0,0.6780256209467165,0.7026759679962972,65.0,57.0,0.5555555555555556
1186,0.664,0.0,1244.0,0.678249126266374,0.7004344386109966,66.0,58.0,0.5641025641025641
1187,0.661,0.0,1245.0,0.6785554550903612,0.7007407674349838,66.0,58.0,0.5641025641025641
1188,0.661,0.0,1246.0,0.6790654033864363,0.7012507157310589,66.0,58.0,0.5641025641025641
1189,0.675,0.0,1247.0,0.6797841935405309,0.7019695058851535,66.0,58.0,0.5641025641025641
1190,0.687,0.0,1248.0,0.6805636493773881,0.7027489617220107,66.0,58.0,0.5641025641025641
1191,0.685,0.0,1250.0,0.6813536875394827,0.701320468649643,66.0,59.0,0.5641025641025641
1192,0.682,0.0,1251.0,0.682036532578607,0.7020033136887673,66.0,59.0,0.5641025641025641
1193,0.676,0.0,1252.0,0.6827273919297576,0.702694173039918,66.0,59.0,0.5641025641025641
1194,0.68,0.0,1254.0,0.6835673815941793,0.7015374845933237,66.0,60.0,0.5641025641025641
1195,0.682,0.0,1255.0,0.6843868373606691,0.7023569403598134,66.0,60.0,0.5641025641025641
1196,0.686,0.0,1257.0,0.6852990664746504,0.7014721591738804,66.0,61.0,0.5641025641025641
1197,0.683,0.0,1258.0,0.6861495574059674,0.7023226501051973,66.0,61.0,0.5641025641025641
1198,0.682,0.0,1260.0,0.6870944923034737,0.7016502757327807,66.0,62.0,0.5641025641025641
1199,0.686,0.0,1261.0,0.6880479143153766,0.7026036977446836,66.0,62.0,0.5641025641025641
1200,0.689,0.0,1263.0,0.6890778937029017,0.702178098789278,66.0,63.0,0.5641025641025641
1201,0.687,0.0,1265.0,0.6901082628317246,0.7018984474094632,66.0,64.0,0.5641025641025641
1202,0.69,0.0,1267.0,0.6911732861160789,0.7017844522360436,66.0,65.0,0.5641025641025641
1203,0.693,0.0,1269.0,0.6922515637209811,0.7018016132289493,66.0,66.0,0.5641025641025641
1204,0.692,0.0,1271.0,0.6933210931018285,0.701916137659,65.0,67.0,0.5555555555555556
1205,0.69,0.0,1273.0,0.6944053012949186,0.7021408413963729,64.0,68.0,0.5470085470085471
1206,0.691,0.0,1275.0,0.6955387585591044,0.7025007446504132,64.0,69.0,0.5470085470085471
1207,0.69,0.0,1278.0,0.6967454121684657,0.7023846209024259,63.0,71.0,0.5384615384615384
1208,0.698,0.0,1281.0,0.6980213162001172,0.702589075274625,63.0,73.0,0.5384615384615384
1209,0.704,0.0,1285.0,0.6993046832706217,0.7026345796359378,63.0,76.0,0.5384615384615384
1210,0.709,0.0,1290.0,0.700533323074988,0.7027180680802718,63.0,80.0,0.5384615384615384
1211,0.71,0.0,1298.0,0.7016686817128783,0.7027136384761962,63.0,87.0,0.5384615384615384
1212,0.714,1.0,1269.0,0.7018775961333361,0.7265279431829168,63.0,57.0,0.5384615384615384
1213,0.712,1.0,1270.0,0.7027546566130456,0.7274050036626263,63.0,57.0,0.5384615384615384
1214,0.704,1.0,1271.0,0.7035379170755269,0.7281882641251076,63.0,57.0,0.5384615384615384
1215,0.705,1.0,1273.0,0.7044066008740327,0.7265919132186553,63.0,58.0,0.5384615384615384
1216,0.707,1.0,1274.0,0.7051956783183417,0.7273809906629644,63.0,58.0,0.5384615384615384
1217,0.707,1.0,1275.0,0.7059732315744986,0.7281585439191213,63.0,58.0,0.5384615384615384
1218,0.714,1.0,1276.0,0.7067486357413781,0.7289339480860008,63.0,58.0,0.5384615384615384
1219,0.719,1.0,1278.0,0.7075297817357736,0.727496562845934,64.0,59.0,0.5470085470085471
1220,0.724,1.0,1279.0,0.7081151734515054,0.7280819545616658,63.0,59.0,0.5384615384615384
1221,0.725,1.0,1280.0,0.7085317385419556,0.728498519652116,63.0,59.0,0.5384615384615384
1222,0.725,1.0,1281.0,0.7087730994853392,0.7287398805954995,62.0,59.0,0.5299145299145299
1223,0.72,1.0,1282.0,0.7088419485787489,0.7288087296889093,62.0,59.0,0.5299145299145299
1224,0.714,1.0,1283.0,0.7087943016115331,0.7287610827216935,61.0,59.0,0.5213675213675214
1225,0.707,1.0,1284.0,0.7086958544686617,0.728662635578822,61.0,59.0,0.5213675213675214
1226,0.704,1.0,1285.0,0.7086233331060982,0.7285901142162585,60.0,59.0,0.5128205128205128
1227,0.705,1.0,1286.0,0.7086095277850619,0.7285763088952223,60.0,59.0,0.5128205128205128
1228,0.705,1.0,1287.0,0.7086434682492868,0.7286102493594472,60.0,59.0,0.5128205128205128
1229,0.703,1.0,1288.0,0.7087254370355529,0.7286922181457133,60.0,59.0,0.5128205128205128
1230,0.699,1.0,1289.0,0.7088786722186955,0.7288454533288559,59.0,59.0,0.5042735042735043
1231,0.7,1.0,1291.0,0.7092166509439749,0.7271867539431193,59.0,60.0,0.5042735042735043
1232,0.71,1.0,1292.0,0.7095960709630532,0.7275661739621976,59.0,60.0,0.5042735042735043
1233,0.721,1.0,1293.0,0.7099781530911249,0.7279482560902693,59.0,60.0,0.5042735042735043
1234,0.723,1.0,1294.0,0.710244579976784,0.7282146829759284,58.0,60.0,0.49572649572649574
1235,0.726,1.0,1295.0,0.7103763734350067,0.7283464764341511,58.0,60.0,0.49572649572649574
1236,0.722,1.0,1296.0,0.7103415037190854,0.7283116067182298,58.0,60.0,0.49572649572649574
1237,0.718,1.0,1297.0,0.7101841318696149,0.7281542348687593,58.0,60.0,0.49572649572649574
1238,0.706,1.0,1298.0,0.7099468780913427,0.7279169810904871,58.0,60.0,0.49572649572649574
1239,0.701,1.0,1299.0,0.7097605436019486,0.727730646601093,58.0,60.0,0.49572649572649574
1240,0.706,1.0,1300.0,0.7096781595922237,0.7276482625913681,57.0,60.0,0.48717948717948717
1241,0.713,1.0,1301.0,0.7096435104933478,0.7276136134924922,57.0,60.0,0.48717948717948717
1242,0.716,1.0,1302.0,0.7095780552195978,0.7275481582187422,57.0,60.0,0.48717948717948717
1243,0.717,1.0,1303.0,0.7094478844840038,0.7274179874831481,58.0,60.0,0.49572649572649574
1244,0.714,1.0,1304.0,0.7092408002360084,0.7272109032351528,58.0,60.0,0.49572649572649574
1245,0.713,1.0,1304.0,0.7089193782383787,0.7288861593485391,58.0,59.0,0.49572649572649574
1246,0.715,1.0,1305.0,0.7086289101204578,0.7285956912306182,58.0,59.0,0.49572649572649574
1247,0.713,1.0,1306.0,0.7082753866154587,0.7282421677256191,58.0,59.0,0.49572649572649574
1248,0.706,1.0,1307.0,0.707877217503813,0.7278439986139734,58.0,59.0,0.49572649572649574
1249,0.704,1.0,1308.0,0.7075075673030788,0.7274743484132392,59.0,59.0,0.5042735042735043
1250,0.705,1.0,1309.0,0.707184551011026,0.7271513321211863,59.0,59.0,0.5042735042735043
1251,0.704,1.0,1310.0,0.7068935735349531,0.7268603546451134,59.0,59.0,0.5042735042735043
1252,0.706,1.0,1310.0,0.7065657038486226,0.7287510161932452,59.0,58.0,0.5042735042735043
1253,0.706,1.0,1311.0,0.7063293580659346,0.7285146704105572,60.0,58.0,0.5128205128205128
1254,0.708,1.0,1312.0,0.7061049621182409,0.7282902744628635,60.0,58.0,0.5128205128205128
1255,0.707,1.0,1313.0,0.705868360966061,0.7280536733106836,60.0,58.0,0.5128205128205128
1256,0.705,1.0,1314.0,0.7056277215538498,0.7278130338984724,61.0,58.0,0.5213675213675214
1257,0.702,1.0,1315.0,0.7054024755677811,0.7275877879124037,61.0,58.0,0.5213675213675214
1258,0.703,1.0,1316.0,0.7052240257555382,0.7274093381001608,61.0,58.0,0.5213675213675214
1259,0.702,1.0,1317.0,0.7050793249362397,0.7272646372808623,62.0,58.0,0.5299145299145299
1260,0.699,1.0,1318.0,0.7049768722568198,0.7271621846014424,62.0,58.0,0.5299145299145299
1261,0.703,1.0,1319.0,0.7049486875403044,0.727133999884927,62.0,58.0,0.5299145299145299
1262,0.705,1.0,1320.0,0.704950059884653,0.7271353722292756,63.0,58.0,0.5384615384615384
1263,0.7,1.0,1321.0,0.7049594245223237,0.7271447368669464,63.0,58.0,0.5384615384615384
1264,0.699,1.0,1322.0,0.7050322192072784,0.727217531551901,64.0,58.0,0.5470085470085471
1265,0.699,1.0,1323.0,0.7051803522039811,0.7273656645486037,64.0,58.0,0.5470085470085471
1266,0.7,1.0,1324.0,0.7054056912877406,0.7275910036323632,65.0,58.0,0.5555555555555556
1267,0.7,1.0,1325.0,0.7056996407915233,0.7278849531361459,65.0,58.0,0.5555555555555556
1268,0.703,1.0,1326.0,0.7060652449678032,0.7282505573124258,66.0,58.0,0.5641025641025641
1269,0.701,1.0,1327.0,0.7064733378401941,0.7286586501848167,65.0,58.0,0.5555555555555556
1270,0.698,1.0,1329.0,0.707025674028372,0.7269924551385324,65.0,59.0,0.5555555555555556
1271,0.697,1.0,1330.0,0.7076089056647581,0.7275756867749185,64.0,59.0,0.5470085470085471
1272,0.698,1.0,1331.0,0.7083182529551684,0.7282850340653287,65.0,59.0,0.5555555555555556
1273,0.697,1.0,1333.0,0.7092189304489318,0.7271890334480762,64.0,60.0,0.5470085470085471
1274,0.7,1.0,1334.0,0.7101945119350983,0.7281646149342427,64.0,60.0,0.5470085470085471
1275,0.703,1.0,1336.0,0.7113518602423728,0.7275249529416028,63.0,61.0,0.5384615384615384
1276,0.712,1.0,1337.0,0.7125461247054321,0.7287192174046621,63.0,61.0,0.5384615384615384
1277,0.723,1.0,1339.0,0.7138081533133445,0.7283639367426514,64.0,62.0,0.5470085470085471
1278,0.73,1.0,1341.0,0.7149680579523436,0.7280682630387199,63.0,63.0,0.5384615384615384
1279,0.73,1.0,1343.0,0.7159606100604862,0.7277507946382248,63.0,64.0,0.5384615384615384
1280,0.73,1.0,1344.0,0.7167566541496532,0.7285468387273918,63.0,64.0,0.5384615384615384
1281,0.731,1.0,1346.0,0.7174492729202966,0.7280604390402613,62.0,65.0,0.5299145299145299
1282,0.732,1.0,1347.0,0.7179555907661936,0.7285667568861584,62.0,65.0,0.5299145299145299
1283,0.73,1.0,1348.0,0.718309713149353,0.7289208792693177,62.0,65.0,0.5299145299145299
1284,0.724,1.0,1350.0,0.7185739475526665,0.7281239970606347,62.0,66.0,0.5299145299145299
1285,0.719,1.0,1351.0,0.7187460003453283,0.7282960498532965,61.0,66.0,0.5213675213675214
1286,0.717,1.0,1352.0,0.718918744332555,0.7284687938405232,61.0,66.0,0.5213675213675214
1287,0.718,1.0,1353.0,0.7191162105346847,0.7286662600426529,61.0,66.0,0.5213675213675214
1288,0.718,1.0,1354.0,0.7193294115407329,0.7288794610487012,61.0,66.0,0.5213675213675214
1289,0.719,1.0,1356.0,0.719592638547832,0.7281876831050034,61.0,67.0,0.5213675213675214
1290,0.718,1.0,1357.0,0.7198337882159409,0.7284288327731123,61.0,67.0,0.5213675213675214
1291,0.714,1.0,1358.0,0.7200986382338028,0.7286936827909742,61.0,67.0,0.5213675213675214
1292,0.716,1.0,1360.0,0.7204633692231044,0.7281989093245587,61.0,68.0,0.5213675213675214
1293,0.72,1.0,1361.0,0.7208515470782313,0.7285870871796856,61.0,68.0,0.5213675213675214
1294,0.72,1.0,1363.0,0.7212779220633686,0.7282399081546774,61.0,69.0,0.5213675213675214
1295,0.723,1.0,1364.0,0.7216954373517688,0.7286574234430776,61.0,69.0,0.5213675213675214
1296,0.724,1.0,1366.0,0.7221241692135292,0.7283899566957072,61.0,70.0,0.5213675213675214
1297,0.726,1.0,1367.0,0.7225109658916609,0.7287767533738388,61.0,70.0,0.5213675213675214
1298,0.727,1.0,1369.0,0.7228825120138995,0.7285217207478597,60.0,71.0,0.5128205128205128
1299,0.729,1.0,1370.0,0.7231895237685327,0.7288287325024929,60.0,71.0,0.5128205128205128
1300,0.726,1.0,1372.0,0.7234531929410122,0.7285284808015764,60.0,72.0,0.5128205128205128
1301,0.726,1.0,1373.0,0.723671289580126,0.7287465774406903,60.0,72.0,0.5128205128205128
1302,0.722,1.0,1375.0,0.7238823169361444,0.7284500760106521,60.0,73.0,0.5128205128205128
1303,0.72,1.0,1376.0,0.7240991348340826,0.7286668939085904,60.0,73.0,0.5128205128205128
1304,0.722,1.0,1377.0,0.7243631647046418,0.7289309237791496,59.0,73.0,0.5042735042735043
1305,0.726,1.0,1379.0,0.7246695713421738,0.7287805545092307,59.0,74.0,0.5042735042735043
1306,0.727,1.0,1381.0,0.7249596484111878,0.7286595332615391,59.0,75.0,0.5042735042735043
1307,0.729,1.0,1382.0,0.7252158987805144,0.7289157836308657,59.0,75.0,0.5042735042735043
1308,0.729,1.0,1384.0,0.7254429636015522,0.7287728599668684,59.0,76.0,0.5042735042735043
1309,0.729,1.0,1386.0,0.725630095692915,0.7286270024216995,59.0,77.0,0.5042735042735043
1310,0.73,1.0,1387.0,0.725770471909758,0.7287673786385425,58.0,77.0,0.49572649572649574
1311,0.73,1.0,1388.0,0.7258648880915238,0.7288617948203083,58.0,77.0,0.49572649572649574
1312,0.728,1.0,1389.0,0.7259143791110247,0.7289112858398092,58.0,77.0,0.49572649572649574
1313,0.731,1.0,1391.0,0.7259507551304663,0.7286479711863724,58.0,78.0,0.49572649572649574
1314,0.731,1.0,1391.0,0.7259137094628811,0.7289106161916656,58.0,77.0,0.49572649572649574
1315,0.73,1.0,1392.0,0.7258303231656791,0.7288272298944636,58.0,77.0,0.49572649572649574
1316,0.734,1.0,1393.0,0.725701656043229,0.7286985627720135,58.0,77.0,0.49572649572649574
1317,0.738,1.0,1393.0,0.7254716003685727,0.7288014967338888,58.0,76.0,0.49572649572649574
1318,0.733,1.0,1393.0,0.7251023402535672,0.7288022251039186,58.0,75.0,0.49572649572649574
1319,0.727,1.0,1393.0,0.7246453283636016,0.7287563115306586,58.0,74.0,0.49572649572649574
1320,0.722,1.0,1393.0,0.7241621534554538,0.7287299125299616,58.0,73.0,0.49572649572649574
1321,0.723,1.0,1393.0,0.7237030024745886,0.7287782903351528,58.0,72.0,0.49572649572649574
1322,0.722,1.0,1393.0,0.72325166263233,0.7288908713662902,58.0,71.0,0.49572649572649574
1323,0.721,1.0,1394.0,0.7228335815426242,0.7284727902765844,58.0,71.0,0.49572649572649574
1324,0.722,1.0,1394.0,0.7224184573301953,0.7286842448123733,58.0,70.0,0.49572649572649574
1325,0.723,1.0,1395.0,0.722029517165899,0.728295304648077,58.0,70.0,0.49572649572649574
1326,0.722,1.0,1395.0,0.7216104127889842,0.728572398880293,58.0,69.0,0.49572649572649574
1327,0.722,1.0,1395.0,0.7211869796652808,0.728922519766735,58.0,68.0,0.49572649572649574
1328,0.719,1.0,1396.0,0.7207810988122301,0.7285166389136843,59.0,68.0,0.5042735042735043
1329,0.717,1.0,1397.0,0.7203975036754988,0.7281330437769531,59.0,68.0,0.5042735042735043
1330,0.704,1.0,1397.0,0.7200278779008,0.7286229224579714,59.0,67.0,0.5042735042735043
1331,0.712,1.0,1398.0,0.7198661056547461,0.7284611502119175,59.0,67.0,0.5042735042735043
1332,0.718,1.0,1399.0,0.7197946659451984,0.7283897105023698,60.0,67.0,0.5128205128205128
1333,0.725,1.0,1400.0,0.7197461390443087,0.7283411836014801,60.0,67.0,0.5128205128205128
1334,0.727,1.0,1401.0,0.7196423889348184,0.7282374334919898,60.0,67.0,0.5128205128205128
1335,0.726,1.0,1402.0,0.7194603753698777,0.7280554199270491,61.0,67.0,0.5213675213675214
1336,0.725,1.0,1402.0,0.719178339925109,0.7287283894330773,61.0,66.0,0.5213675213675214
1337,0.722,1.0,1403.0,0.7188655471758594,0.7284155966838276,61.0,66.0,0.5213675213675214
1338,0.723,1.0,1404.0,0.7185212696903363,0.7280713191983045,62.0,66.0,0.5299145299145299
1339,0.724,1.0,1404.0,0.7180967387450659,0.7287079048650306,62.0,65.0,0.5299145299145299
1340,0.724,1.0,1405.0,0.717644369420164,0.7282555355401287,63.0,65.0,0.5384615384615384
1341,0.723,1.0,1405.0,0.7170874039068275,0.7288775884845661,63.0,64.0,0.5384615384615384
1342,0.721,1.0,1406.0,0.7165068772778094,0.728297061855548,64.0,64.0,0.5470085470085471
1343,0.721,1.0,1407.0,0.7158808887170476,0.7276710732947862,64.0,64.0,0.5470085470085471
1344,0.717,1.0,1407.0,0.7151598767922418,0.728260081878618,64.0,63.0,0.5470085470085471
1345,0.71,1.0,1408.0,0.7144654418954315,0.7275656469818077,65.0,63.0,0.5555555555555556
1346,0.711,1.0,1408.0,0.713778302462408,0.728334085891715,65.0,62.0,0.5555555555555556
1347,0.71,1.0,1409.0,0.7131738976113846,0.7277296810406916,65.0,62.0,0.5555555555555556
1348,0.708,1.0,1409.0,0.7125580801902006,0.7287311728894306,65.0,61.0,0.5555555555555556
1349,0.71,1.0,1410.0,0.7120503651443157,0.7282234578435457,66.0,61.0,0.5641025641025641
1350,0.715,1.0,1411.0,0.711571177637353,0.727744270336583,66.0,61.0,0.5641025641025641
1351,0.719,1.0,1412.0,0.7110591270788807,0.7272322197781107,66.0,61.0,0.5641025641025641
1352,0.717,1.0,1412.0,0.7104075929195144,0.7283776959186588,66.0,60.0,0.5641025641025641
1353,0.713,1.0,1413.0,0.7097458943120627,0.7277159973112071,66.0,60.0,0.5641025641025641
1354,0.708,1.0,1414.0,0.7090546311651613,0.7270247341643057,66.0,60.0,0.5641025641025641
1355,0.705,1.0,1414.0,0.7083180547101673,0.7282848358203277,67.0,59.0,0.5726495726495726
1356,0.704,1.0,1415.0,0.707689490323476,0.7276562714336363,67.0,59.0,0.5726495726495726
1357,0.705,1.0,1416.0,0.7071093500180512,0.7270761311282116,67.0,59.0,0.5726495726495726
1358,0.708,1.0,1416.0,0.7064883328822102,0.7286736452268329,67.0,58.0,0.5726495726495726
1359,0.71,1.0,1417.0,0.705930736863907,0.7281160492085296,68.0,58.0,0.5811965811965812
1360,0.708,1.0,1418.0,0.7053357150230392,0.7275210273676618,68.0,58.0,0.5811965811965812
1361,0.705,1.0,1419.0,0.7047188548750811,0.7269041672197037,68.0,58.0,0.5811965811965812
1362,0.704,1.0,1419.0,0.7040270955687264,0.7286774426183071,69.0,57.0,0.5897435897435898
1363,0.707,1.0,1420.0,0.7034236001416134,0.7280739471911941,69.0,57.0,0.5897435897435898
1364,0.711,1.0,1421.0,0.7027895524360387,0.7274398994856194,69.0,57.0,0.5897435897435898
1365,0.708,1.0,1422.0,0.7020738911706581,0.7267242382202388,70.0,57.0,0.5982905982905983
1366,0.704,1.0,1431.0,0.7017648836144925,0.7123760497344572,70.0,65.0,0.5982905982905983
1367,0.702,0.0,1451.0,0.7012709029137459,0.7027043141117127,70.0,84.0,0.5982905982905983
1368,0.705,0.0,1448.0,0.7004461231231911,0.702630868128475,71.0,80.0,0.6068376068376068
1369,0.711,0.0,1446.0,0.6995694119258128,0.7025663186545973,71.0,77.0,0.6068376068376068
1370,0.712,0.0,1444.0,0.6985570422631993,0.7026680254302562,71.0,74.0,0.6068376068376068
1371,0.714,0.0,1443.0,0.6974018370416507,0.7024771249022149,72.0,72.0,0.6153846153846154
1372,0.713,0.0,1442.0,0.6960566437580544,0.7023224312402324,72.0,70.0,0.6153846153846154
1373,0.709,0.0,1441.0,0.6945164652790318,0.702252005380486,72.0,68.0,0.6153846153846154
1374,0.704,0.0,1440.0,0.6928070675850406,0.7023571170930089,73.0,66.0,0.6239316239316239
1375,0.709,0.0,1439.0,0.6909625806100883,0.7027527651878269,73.0,64.0,0.6239316239316239
1376,0.713,0.0,1439.0,0.688952208832621,0.7020524139189972,73.0,63.0,0.6239316239316239
1377,0.711,0.0,1439.0,0.686674639375516,0.701230422804823,73.0,62.0,0.6239316239316239
1378,0.702,0.0,1438.0,0.6840678840276532,0.7020379870267975,74.0,60.0,0.6324786324786325
1379,0.676,0.0,1438.0,0.6813148966422016,0.7012816777523619,74.0,59.0,0.6324786324786325
1380,0.653,0.0,1438.0,0.6786209636638854,0.700806276008508,75.0,58.0,0.6410256410256411
1381,0.651,0.0,1438.0,0.6762117080596126,0.7008620551091933,75.0,57.0,0.6410256410256411
1382,0.666,0.0,1438.0,0.6740825825448907,0.7014718570444248,75.0,56.0,0.6410256410256411
1383,0.664,0.0,1438.0,0.6720432635028897,0.7024757907245942,76.0,55.0,0.6495726495726496
1384,0.662,0.0,1439.0,0.6702041525229312,0.7006366797446357,76.0,55.0,0.6495726495726496
1385,0.655,0.0,1439.0,0.6683564441724186,0.7021703633076459,77.0,54.0,0.6581196581196581
1386,0.646,0.0,1440.0,0.6667794047700281,0.7005933239052554,77.0,54.0,0.6581196581196581
1387,0.646,0.0,1441.0,0.6654440503001836,0.699257969435411,77.0,54.0,0.6581196581196581
1388,0.647,0.0,1441.0,0.664215984591656,0.7017870058530197,77.0,53.0,0.6581196581196581
1389,0.647,0.0,1442.0,0.6633136723084858,0.7008846935698495,77.0,53.0,0.6581196581196581
1390,0.644,0.0,1443.0,0.6626062672639499,0.7001772885253136,78.0,53.0,0.6666666666666666
1391,0.64,0.0,1444.0,0.6621182737984668,0.6996892950598305,77.0,53.0,0.6581196581196581
1392,0.645,0.0,1445.0,0.6618906125321498,0.6994616337935134,77.0,53.0,0.6581196581196581
1393,0.647,0.0,1446.0,0.6618649215007133,0.699435942762077,71.0,53.0,0.6068376068376068
1394,0.652,0.0,1447.0,0.6620179811540482,0.6995890024154119,70.0,53.0,0.5982905982905983
1395,0.653,0.0,1448.0,0.6622961343416311,0.6998671556029948,68.0,53.0,0.5811965811965812
1396,0.653,0.0,1449.0,0.6626897983798088,0.7002608196411725,68.0,53.0,0.5811965811965812
1397,0.649,0.0,1450.0,0.6632041976049831,0.7007752188663467,67.0,53.0,0.5726495726495726
1398,0.658,0.0,1451.0,0.6638912321400563,0.70146225340142,67.0,53.0,0.5726495726495726
1399,0.657,0.0,1452.0,0.6646582786372024,0.7022292998985661,67.0,53.0,0.5726495726495726
1400,0.657,0.0,1454.0,0.665648895993887,0.6994628151291143,67.0,54.0,0.5726495726495726
1401,0.661,0.0,1455.0,0.6666250584761755,0.7004389776114028,67.0,54.0,0.5726495726495726
1402,0.672,0.0,1456.0,0.6676761971646801,0.7014901162999074,66.0,54.0,0.5641025641025641
1403,0.675,0.0,1457.0,0.6686908793159627,0.7025047984511901,66.0,54.0,0.5641025641025641
1404,0.674,0.0,1459.0,0.6697554283520437,0.7001879555737482,65.0,55.0,0.5555555555555556
1405,0.676,0.0,1460.0,0.6706748707946297,0.7011073980163343,64.0,55.0,0.5470085470085471
1406,0.679,0.0,1461.0,0.6715465012727233,0.7019790284944278,64.0,55.0,0.5470085470085471
1407,0.683,0.0,1463.0,0.672445384744117,0.6998346592436511,63.0,56.0,0.5384615384615384
1408,0.682,0.0,1464.0,0.6731370281536401,0.7005263026531742,62.0,56.0,0.5299145299145299
1409,0.677,0.0,1465.0,0.6737397803442787,0.7011290548438128,61.0,56.0,0.5213675213675214
1410,0.675,0.0,1466.0,0.6743155769791829,0.701704851478717,61.0,56.0,0.5213675213675214
1411,0.675,0.0,1467.0,0.6748935569756371,0.7022828314751712,61.0,56.0,0.5213675213675214
1412,0.669,0.0,1469.0,0.6755668654259128,0.7002172124754935,60.0,57.0,0.5128205128205128
1413,0.667,0.0,1470.0,0.6762345693098335,0.7008849163594142,60.0,57.0,0.5128205128205128
1414,0.67,0.0,1471.0,0.6770135071408863,0.701663854190467,59.0,57.0,0.5042735042735043
1415,0.677,0.0,1472.0,0.6778791172153293,0.70252946426491,59.0,57.0,0.5042735042735043
1416,0.68,0.0,1474.0,0.678843937097021,0.7010292494416436,58.0,58.0,0.49572649572649574
1417,0.687,0.0,1475.0,0.6797235176582217,0.7019088300028443,58.0,58.0,0.49572649572649574
1418,0.685,0.0,1476.0,0.680529791421822,0.7027151037664446,58.0,58.0,0.49572649572649574
1419,0.683,0.0,1478.0,0.6813667420613483,0.7013335231715087,57.0,59.0,0.48717948717948717
1420,0.678,0.0,1479.0,0.6821218828852003,0.7020886639953606,57.0,59.0,0.48717948717948717
1421,0.681,0.0,1481.0,0.6829954174203603,0.7009655204195047,57.0,60.0,0.48717948717948717
1422,0.687,0.0,1482.0,0.6838324839767203,0.7018025869758646,57.0,60.0,0.48717948717948717
1423,0.696,0.0,1483.0,0.6846415439517988,0.7026116469509431,58.0,60.0,0.49572649572649574
1424,0.709,0.0,1485.0,0.6853912098110364,0.7015643025102664,59.0,61.0,0.5042735042735043
1425,0.704,0.0,1486.0,0.6858252952313805,0.7019983879306104,60.0,61.0,0.5128205128205128
1426,0.69,0.0,1487.0,0.6860638917004003,0.7022369843996302,61.0,61.0,0.5213675213675214
1427,0.687,0.0,1488.0,0.6862649930416783,0.7024380857409083,62.0,61.0,0.5299145299145299
1428,0.698,0.0,1489.0,0.6864641840722034,0.7026372767714334,63.0,61.0,0.5384615384615384
1429,0.693,0.0,1490.0,0.686541132341572,0.7027142250408019,64.0,61.0,0.5470085470085471
1430,0.686,0.0,1491.0,0.6865526569695044,0.7027257496687344,65.0,61.0,0.5555555555555556
1431,0.682,0.0,1492.0,0.686576774443203,0.7027498671424329,65.0,61.0,0.5555555555555556
1432,0.684,0.0,1494.0,0.6867124110882007,0.7012681945175077,66.0,62.0,0.5641025641025641
1433,0.688,0.0,1495.0,0.68682835122828,0.701384134657587,67.0,62.0,0.5726495726495726
1434,0.688,0.0,1496.0,0.686936114761898,0.7014918981912049,68.0,62.0,0.5811965811965812
1435,0.69,0.0,1497.0,0.6870376804773931,0.7015934639067001,69.0,62.0,0.5897435897435898
1436,0.696,0.0,1498.0,0.6871119010339224,0.7016676844632294,70.0,62.0,0.5982905982905983
1437,0.698,0.0,1499.0,0.6870931029783194,0.7016488864076263,71.0,62.0,0.6068376068376068
1438,0.692,0.0,1500.0,0.6869587326460596,0.7015145160753665,66.0,62.0,0.5641025641025641
1439,0.692,0.0,1501.0,0.686774055631381,0.701329839060688,62.0,62.0,0.5299145299145299
1440,0.687,0.0,1501.0,0.6864818075826251,0.7026549002818551,61.0,61.0,0.5213675213675214
1441,0.679,0.0,1502.0,0.6862448339848977,0.7024179266841276,59.0,61.0,0.5042735042735043
1442,0.68,0.0,1503.0,0.6860942915139323,0.7022673842131623,58.0,61.0,0.49572649572649574
1443,0.681,0.0,1504.0,0.6860172090971071,0.702190301796337,57.0,61.0,0.48717948717948717
1444,0.677,0.0,1505.0,0.6860017553464774,0.7021748480457074,56.0,61.0,0.47863247863247865
1445,0.683,0.0,1506.0,0.68609227109538,0.7022653637946099,56.0,61.0,0.47863247863247865
1446,0.687,0.0,1507.0,0.6862235125032402,0.7023966052024702,55.0,61.0,0.4700854700854701
1447,0.687,0.0,1508.0,0.6863521869259327,0.7025252796251626,55.0,61.0,0.4700854700854701
1448,0.688,0.0,1509.0,0.686479553836184,0.7026526465354139,54.0,61.0,0.46153846153846156
1449,0.681,0.0,1511.0,0.6866515016767363,0.7012072851060432,54.0,62.0,0.46153846153846156
1450,0.679,0.0,1512.0,0.686837198651145,0.701392982080452,54.0,62.0,0.46153846153846156
1451,0.686,0.0,1513.0,0.687115652366104,0.7016714357954109,53.0,62.0,0.452991452991453
1452,0.691,0.0,1514.0,0.6874120410771055,0.7019678245064125,53.0,62.0,0.452991452991453
1453,0.694,0.0,1515.0,0.6876743322646542,0.7022301156939612,54.0,62.0,0.46153846153846156
1454,0.698,0.0,1516.0,0.6878717468778279,0.7024275303071349,54.0,62.0,0.46153846153846156
1455,0.701,0.0,1517.0,0.6879618654272347,0.7025176488565417,54.0,62.0,0.46153846153846156
1456,0.701,0.0,1518.0,0.6879127849093205,0.7024685683386275,54.0,62.0,0.46153846153846156
1457,0.696,0.0,1519.0,0.6877241285256477,0.7022799119549546,54.0,62.0,0.46153846153846156
1458,0.684,0.0,1520.0,0.6874492330747127,0.7020050165040197,55.0,62.0,0.4700854700854701
1459,0.685,0.0,1521.0,0.6872185460366003,0.7017743294659072,55.0,62.0,0.4700854700854701
1460,0.689,0.0,1522.0,0.6870181173170948,0.7015739007464018,55.0,62.0,0.4700854700854701
1461,0.691,0.0,1523.0,0.68680127548598,0.701357058915287,55.0,62.0,0.4700854700854701
1462,0.689,0.0,1523.0,0.6864873108964586,0.7026604035956886,56.0,61.0,0.47863247863247865
1463,0.689,0.0,1524.0,0.686207821628323,0.7023809143275529,56.0,61.0,0.47863247863247865
1464,0.685,0.0,1525.0,0.6859037178080588,0.7020768105072888,56.0,61.0,0.47863247863247865
1465,0.683,0.0,1526.0,0.6856154861222992,0.7017885788215291,56.0,61.0,0.47863247863247865
1466,0.679,0.0,1527.0,0.685361763172047,0.701534855871277,56.0,61.0,0.47863247863247865
1467,0.679,0.0,1528.0,0.6851846083777122,0.7013577010769422,56.0,61.0,0.47863247863247865
1468,0.674,0.0,1529.0,0.6850821129377694,0.7012552056369994,57.0,61.0,0.48717948717948717
1469,0.674,0.0,1530.0,0.6851083360590824,0.7012814287583123,57.0,61.0,0.48717948717948717
1470,0.675,0.0,1531.0,0.6852638585229032,0.7014369512221331,57.0,61.0,0.48717948717948717
1471,0.674,0.0,1532.0,0.6855397058288912,0.7017127985281212,57.0,61.0,0.48717948717948717
1472,0.674,0.0,1533.0,0.6859490581362002,0.7021221508354302,57.0,61.0,0.48717948717948717
1473,0.684,0.0,1534.0,0.6864971532882784,0.7026702459875084,58.0,61.0,0.49572649572649574
1474,0.68,0.0,1536.0,0.687135933455066,0.7016917168843729,58.0,62.0,0.49572649572649574
1475,0.676,0.0,1537.0,0.6878051096609092,0.7023608930902162,58.0,62.0,0.49572649572649574
1476,0.673,0.0,1539.0,0.6886606967804576,0.7017609018668338,58.0,63.0,0.49572649572649574
1477,0.68,0.0,1540.0,0.6896444547138979,0.7027446598002741,59.0,63.0,0.5042735042735043
1478,0.682,0.0,1542.0,0.6907846576057743,0.702574842183513,59.0,64.0,0.5042735042735043
1479,0.688,0.0,1544.0,0.6920237709300456,0.7026349370500103,59.0,65.0,0.5042735042735043
1480,0.689,0.0,1547.0,0.6933404360547948,0.7019354806119662,60.0,67.0,0.5128205128205128
1481,0.69,0.0,1549.0,0.6946691848278711,0.7024047249293254,60.0,68.0,0.5128205128205128
1482,0.69,0.0,1552.0,0.6960737614431212,0.7023395489252992,60.0,70.0,0.5128205128205128
1483,0.697,0.0,1555.0,0.6975383495785823,0.7026136374391465,60.0,72.0,0.5128205128205128
1484,0.701,0.0,1559.0,0.69901691698199,0.7027168018323413,61.0,75.0,0.5213675213675214
1485,0.703,0.0,1565.0,0.7004795555780547,0.7026643005833386,61.0,80.0,0.5213675213675214
1486,0.708,1.0,1558.0,0.7017641737427553,0.7068394616033196,61.0,72.0,0.5213675213675214
1487,0.713,1.0,1544.0,0.702406210389988,0.7270565574395687,61.0,57.0,0.5213675213675214
1488,0.715,1.0,1545.0,0.7036142928051025,0.7282646398546831,61.0,57.0,0.5213675213675214
1489,0.717,1.0,1547.0,0.7047899149234234,0.726975227268046,61.0,58.0,0.5213675213675214
1490,0.715,1.0,1548.0,0.7057541824852469,0.7279394948298695,61.0,58.0,0.5213675213675214
1491,0.718,1.0,1549.0,0.7066241374835616,0.7288094498281842,61.0,58.0,0.5213675213675214
1492,0.722,1.0,1551.0,0.7074525936968701,0.7274193748070304,61.0,59.0,0.5213675213675214
1493,0.719,1.0,1552.0,0.7080507788795081,0.7280175599896684,62.0,59.0,0.5299145299145299
1494,0.715,1.0,1553.0,0.7085349880060073,0.7285017691161677,62.0,59.0,0.5299145299145299
1495,0.712,1.0,1554.0,0.7089544150922884,0.7289211962024488,62.0,59.0,0.5299145299145299
1496,0.704,1.0,1556.0,0.7094156974643333,0.7273858004634777,62.0,60.0,0.5299145299145299
1497,0.707,1.0,1557.0,0.7098755073414127,0.7278456103405571,62.0,60.0,0.5299145299145299
1498,0.709,1.0,1558.0,0.7103743702197222,0.7283444732188665,62.0,60.0,0.5299145299145299
1499,0.713,1.0,1559.0,0.7108956351717569,0.7288657381709013,62.0,60.0,0.5299145299145299
1500,0.715,1.0,1561.0,0.711461757394019,0.7276348500932489,62.0,61.0,0.5299145299145299
1501,0.718,1.0,1562.0,0.7119324877386515,0.7281055804378814,61.0,61.0,0.5213675213675214
1502,0.717,1.0,1563.0,0.712342074737917,0.728515167437147,61.0,61.0,0.5213675213675214
1503,0.715,1.0,1564.0,0.7127062826154331,0.7288793753146631,61.0,61.0,0.5213675213675214
1504,0.711,1.0,1566.0,0.7131077393195967,0.7276635227489037,61.0,62.0,0.5213675213675214
1505,0.709,1.0,1567.0,0.7134826813514324,0.7280384647807394,61.0,62.0,0.5213675213675214
1506,0.708,1.0,1568.0,0.7139131383531316,0.7284689217824386,61.0,62.0,0.5213675213675214
1507,0.712,1.0,1570.0,0.7144656201130206,0.7275658251993968,61.0,63.0,0.5213675213675214
1508,0.712,1.0,1571.0,0.714999398719729,0.7280996038061052,61.0,63.0,0.5213675213675214
1509,0.71,1.0,1572.0,0.7155712545269333,0.7286714596133095,61.0,63.0,0.5213675213675214
1510,0.715,1.0,1574.0,0.716255055945645,0.7280452405233836,62.0,64.0,0.5299145299145299
1511,0.718,1.0,1575.0,0.7169123869187587,0.7287025714964973,62.0,64.0,0.5299145299145299
1512,0.721,1.0,1577.0,0.7176023801552336,0.7282135462751983,62.0,65.0,0.5299145299145299
1513,0.723,1.0,1578.0,0.7182184659077524,0.7288296320277171,62.0,65.0,0.5299145299145299
1514,0.723,1.0,1580.0,0.718821924649323,0.7283719741572913,62.0,66.0,0.5299145299145299
1515,0.726,1.0,1581.0,0.719346218740655,0.7288962682486232,62.0,66.0,0.5299145299145299
1516,0.724,1.0,1583.0,0.7198332239611651,0.7284282685183365,62.0,67.0,0.5299145299145299
1517,0.72,1.0,1584.0,0.7202442968612409,0.7288393414184123,62.0,67.0,0.5299145299145299
1518,0.722,1.0,1586.0,0.7206914012778141,0.7284269413792683,62.0,68.0,0.5299145299145299
1519,0.726,1.0,1587.0,0.7210971152417596,0.7288326553432138,62.0,68.0,0.5299145299145299
1520,0.728,1.0,1589.0,0.7214781589658034,0.7284401450571122,62.0,69.0,0.5299145299145299
1521,0.732,1.0,1590.0,0.7217624551148207,0.7287244412061296,62.0,69.0,0.5299145299145299
1522,0.732,1.0,1591.0,0.7219355290653268,0.7288975151566356,62.0,69.0,0.5299145299145299
1523,0.732,1.0,1593.0,0.7220232347723529,0.7282890222545308,61.0,70.0,0.5213675213675214
1524,0.733,1.0,1593.0,0.7219547265288169,0.7289167126201257,61.0,69.0,0.5213675213675214
1525,0.735,1.0,1594.0,0.7217900951397656,0.7287520812310744,61.0,69.0,0.5213675213675214
1526,0.73,1.0,1595.0,0.7214813105995403,0.7284432966908492,61.0,69.0,0.5213675213675214
1527,0.721,1.0,1595.0,0.7210539650289465,0.7287895051304007,61.0,68.0,0.5213675213675214
1528,0.718,1.0,1596.0,0.7206567769756468,0.7283923170771011,61.0,68.0,0.5213675213675214
1529,0.716,1.0,1596.0,0.720262506551246,0.7288575511084174,61.0,67.0,0.5213675213675214
1530,0.71,1.0,1597.0,0.7199485751396013,0.7285436196967727,61.0,67.0,0.5213675213675214
1531,0.708,1.0,1598.0,0.7197486621829219,0.7283437067400933,61.0,67.0,0.5213675213675214
1532,0.711,1.0,1599.0,0.7196825153207262,0.7282775598778977,61.0,67.0,0.5213675213675214
1533,0.702,1.0,1600.0,0.7197161024442078,0.7283111470013792,61.0,67.0,0.5213675213675214
1534,0.702,1.0,1601.0,0.7199498374569953,0.7285448820141667,61.0,67.0,0.5213675213675214
1535,0.716,1.0,1603.0,0.7204158707969405,0.7281514108983947,62.0,68.0,0.5299145299145299
1536,0.728,1.0,1604.0,0.7209044120373939,0.7286399521388481,62.0,68.0,0.5299145299145299
1537,0.733,1.0,1606.0,0.7213440703084729,0.7283060563997817,62.0,69.0,0.5299145299145299
1538,0.731,1.0,1607.0,0.7216298989329684,0.7285918850242772,63.0,69.0,0.5384615384615384
1539,0.722,1.0,1608.0,0.7218142535496938,0.7287762396410026,63.0,69.0,0.5384615384615384
1540,0.716,1.0,1610.0,0.7220232930003747,0.7282890804825527,63.0,70.0,0.5384615384615384
1541,0.713,1.0,1611.0,0.7222774892640117,0.7285432767461897,64.0,70.0,0.5470085470085471
1542,0.718,1.0,1612.0,0.7226370969764102,0.7289028844585882,64.0,70.0,0.5470085470085471
1543,0.725,1.0,1614.0,0.7230724106304447,0.7287116193644049,65.0,71.0,0.5555555555555556
1544,0.728,1.0,1616.0,0.7234863452088773,0.7285616330694415,64.0,72.0,0.5470085470085471
1545,0.727,1.0,1617.0,0.7238324126415712,0.7289077005021354,64.0,72.0,0.5470085470085471
1546,0.724,1.0,1619.0,0.7241624719184883,0.728730230992996,65.0,73.0,0.5555555555555556
1547,0.728,1.0,1621.0,0.724494028716228,0.728605011883285,64.0,74.0,0.5470085470085471
1548,0.731,1.0,1622.0,0.7247729515219115,0.7288839346889684,64.0,74.0,0.5470085470085471
1549,0.73,1.0,1624.0,0.7249978522642715,0.7286977371146228,63.0,75.0,0.5384615384615384
1550,0.728,1.0,1625.0,0.7251544265103825,0.7288543113607339,64.0,75.0,0.5470085470085471
1551,0.729,1.0,1627.0,0.7252931234772249,0.728623019842541,64.0,76.0,0.5470085470085471
1552,0.731,1.0,1628.0,0.7253797003516074,0.7287095967169235,63.0,76.0,0.5384615384615384
1553,0.731,1.0,1629.0,0.7254052840910574,0.7287351804563735,63.0,76.0,0.5384615384615384
1554,0.725,1.0,1630.0,0.7253700222583381,0.7286999186236542,63.0,76.0,0.5384615384615384
1555,0.723,1.0,1631.0,0.7253400547735427,0.7286699511388588,63.0,76.0,0.5384615384615384
1556,0.722,1.0,1632.0,0.7253369641858594,0.7286668605511755,63.0,76.0,0.5384615384615384
1557,0.721,1.0,1633.0,0.7253722619056407,0.7287021582709569,63.0,76.0,0.5384615384615384
1558,0.724,1.0,1634.0,0.7254576177357023,0.7287875141010184,62.0,76.0,0.5299145299145299
1559,0.727,1.0,1635.0,0.7255603733388057,0.7288902697041219,61.0,76.0,0.5213675213675214
1560,0.726,1.0,1637.0,0.7256595781396389,0.7286564848684234,62.0,77.0,0.5299145299145299
1561,0.722,1.0,1638.0,0.7257450838687232,0.7287419905975077,62.0,77.0,0.5299145299145299
1562,0.717,1.0,1639.0,0.7258734855787292,0.7288703923075137,62.0,77.0,0.5299145299145299
1563,0.719,1.0,1641.0,0.7261119691896303,0.7288091852455364,62.0,78.0,0.5299145299145299
1564,0.722,1.0,1643.0,0.7264293298825016,0.7288568243328171,62.0,79.0,0.5299145299145299
1565,0.728,1.0,1646.0,0.7268031893683505,0.728769459873106,62.0,81.0,0.5299145299145299
1566,0.732,1.0,1648.0,0.7271555779422141,0.7289252213964941,62.0,82.0,0.5299145299145299
1567,0.735,1.0,1651.0,0.727459666293971,0.7288930774919378,62.0,84.0,0.5299145299145299
1568,0.736,1.0,1654.0,0.7276784196106081,0.7288394826809612,62.0,86.0,0.5299145299145299
1569,0.737,1.0,1656.0,0.7277997214071447,0.7288446781704625,63.0,87.0,0.5384615384615384
1570,0.734,1.0,1657.0,0.7278151553866969,0.7288601121500148,63.0,87.0,0.5384615384615384
1571,0.729,1.0,1657.0,0.7277582951184154,0.7289193581887685,63.0,86.0,0.5384615384615384
1572,0.725,1.0,1658.0,0.7276920501688946,0.7288531132392477,63.0,86.0,0.5384615384615384
1573,0.724,1.0,1659.0,0.7276561580918839,0.728817221162237,64.0,86.0,0.5470085470085471
1574,0.727,1.0,1660.0,0.7276612395347646,0.7288223026051177,64.0,86.0,0.5470085470085471
1575,0.727,1.0,1661.0,0.7276739962366761,0.7288350593070292,64.0,86.0,0.5470085470085471
1576,0.722,1.0,1662.0,0.7276945595502912,0.7288556226206443,65.0,86.0,0.5555555555555556
1577,0.726,1.0,1664.0,0.7277823763608725,0.7288273331241903,65.0,87.0,0.5555555555555556
1578,0.728,1.0,1665.0,0.7278867354382081,0.728931692201526,65.0,87.0,0.5555555555555556
1579,0.727,0.0,1657.0,0.7279360967024395,0.7306333127583456,66.0,78.0,0.5641025641025641
1580,0.726,0.0,1651.0,0.7279500125274586,0.7335892212614188,66.0,71.0,0.5641025641025641
1581,0.729,0.0,1647.0,0.7279548489310577,0.7375048984390259,66.0,66.0,0.5641025641025641
1582,0.729,0.0,1645.0,0.7279644788294843,0.7410646839158606,67.0,63.0,0.5726495726495726
1583,0.729,0.0,1644.0,0.7279841836710599,0.7441572763702898,67.0,61.0,0.5726495726495726
1584,0.73,0.0,1643.0,0.7279744566840609,0.7479412377942213,67.0,59.0,0.5726495726495726
1585,0.732,0.0,1643.0,0.7280031706832318,0.7501884830278545,68.0,58.0,0.5811965811965812
1586,0.735,0.0,1643.0,0.7279874754677722,0.7526378225173529,68.0,57.0,0.5811965811965812
1587,0.734,0.0,1644.0,0.727986756199842,0.7526371032494227,68.0,57.0,0.5811965811965812
1588,0.733,0.0,1646.0,0.7280132058035031,0.7501985181481258,69.0,58.0,0.5897435897435898
1589,0.733,0.0,1648.0,0.7279849238186096,0.74795170492877,69.0,59.0,0.5897435897435898
1590,0.73,0.0,1651.0,0.7279632760733239,0.7441363687725538,69.0,61.0,0.5897435897435898
1591,0.726,0.0,1655.0,0.7279467685864636,0.7397369531642022,69.0,64.0,0.5897435897435898
1592,0.723,0.0,1660.0,0.7279425520104739,0.7356780921119281,70.0,68.0,0.5982905982905983
1593,0.725,0.0,1665.0,0.7279403442163536,0.7330156320769178,69.0,72.0,0.5897435897435898
1594,0.726,0.0,1670.0,0.7279430376113489,0.731272933976665,69.0,76.0,0.5897435897435898
1595,0.725,0.0,1674.0,0.7279415529694737,0.7303690474197891,68.0,79.0,0.5811965811965812
1596,0.726,0.0,1674.0,0.7279368276975959,0.730634043753502,67.0,78.0,0.5726495726495726
1597,0.729,0.0,1673.0,0.7279430546939516,0.7312729510592677,67.0,76.0,0.5726495726495726
1598,0.733,0.0,1673.0,0.7279470490891392,0.7316469339394905,67.0,75.0,0.5726495726495726
1599,0.731,0.0,1677.0,0.7279400036352508,0.7306372196911569,67.0,78.0,0.5726495726495726
1600,0.73,1.0,1688.0,0.7279252028231695,0.7288656639101555,67.0,88.0,0.5726495726495726
1601,0.73,1.0,1688.0,0.7278271942874033,0.7288721510507211,67.0,87.0,0.5726495726495726
1602,0.729,1.0,1688.0,0.7277050434659416,0.7288661065362947,68.0,86.0,0.5811965811965812
1603,0.727,1.0,1688.0,0.727568504238546,0.7288585743167161,68.0,85.0,0.5811965811965812
1604,0.731,1.0,1688.0,0.7274382817249121,0.7288716929228789,68.0,84.0,0.5811965811965812
1605,0.734,1.0,1688.0,0.7272684845637771,0.7288611636726291,69.0,83.0,0.5897435897435898
1606,0.733,1.0,1688.0,0.7270238927866839,0.7287935362409639,69.0,82.0,0.5897435897435898
1607,0.73,1.0,1687.0,0.7267054486879976,0.7288901936932815,69.0,80.0,0.5897435897435898
1608,0.729,1.0,1687.0,0.7263571044809235,0.7287845989312389,69.0,79.0,0.5897435897435898
1609,0.73,1.0,1687.0,0.7259793947680815,0.7286766108239876,70.0,78.0,0.5982905982905983
1610,0.729,1.0,1686.0,0.7255457338305574,0.7288756301958735,70.0,76.0,0.5982905982905983
1611,0.726,1.0,1686.0,0.7250838422077124,0.7287837270580637,70.0,75.0,0.5982905982905983
1612,0.724,1.0,1686.0,0.7246117710538417,0.7287227542208986,70.0,74.0,0.5982905982905983
1613,0.727,1.0,1686.0,0.7241464973561247,0.7287142564306325,71.0,73.0,0.6068376068376068
1614,0.731,1.0,1686.0,0.7236495180734757,0.7287248059340399,71.0,72.0,0.6068376068376068
1615,0.731,1.0,1686.0,0.723070866769421,0.7287100755033812,72.0,71.0,0.6153846153846154
1616,0.728,1.0,1686.0,0.7224041139850264,0.7286699014672043,72.0,70.0,0.6153846153846154
1617,0.723,1.0,1686.0,0.7216751846893545,0.7286371707806634,72.0,69.0,0.6153846153846154
1618,0.721,1.0,1686.0,0.7209315352235643,0.7286670753250186,73.0,68.0,0.6239316239316239
1619,0.72,1.0,1686.0,0.7201871250380356,0.728782169595207,73.0,67.0,0.6239316239316239
1620,0.71,1.0,1687.0,0.7194771385293777,0.7280721830865491,74.0,67.0,0.6324786324786325
1621,0.718,1.0,1687.0,0.7188433435011315,0.7283933930090998,74.0,66.0,0.6324786324786325
1622,0.724,1.0,1687.0,0.7182189189562317,0.7288300850761964,74.0,65.0,0.6324786324786325
1623,0.719,1.0,1688.0,0.7175704709122829,0.7281816370322476,75.0,65.0,0.6410256410256411
1624,0.704,1.0,1688.0,0.7168699495505099,0.7286601341282485,75.0,64.0,0.6410256410256411
1625,0.698,1.0,1689.0,0.7163569200615676,0.7281471046393062,75.0,64.0,0.6410256410256411
1626,0.702,1.0,1690.0,0.7160521814872189,0.7278423660649576,76.0,64.0,0.6495726495726496
1627,0.702,1.0,1691.0,0.7159073945593151,0.7276975791370537,76.0,64.0,0.6495726495726496
1628,0.71,1.0,1692.0,0.7159213228558319,0.7277115074335705,76.0,64.0,0.6495726495726496
1629,0.722,1.0,1693.0,0.7160055859522668,0.7277957705300054,76.0,64.0,0.6495726495726496
1630,0.725,1.0,1694.0,0.7160274330663763,0.7278176176441149,76.0,64.0,0.6495726495726496
1631,0.72,1.0,1695.0,0.7159545616912985,0.7277447462690371,76.0,64.0,0.6495726495726496
1632,0.698,1.0,1695.0,0.7157969770528511,0.7288971821392273,76.0,63.0,0.6495726495726496
1633,0.703,1.0,1697.0,0.715929955004339,0.7277201395820776,76.0,64.0,0.6495726495726496
1634,0.717,1.0,1698.0,0.7161673688346997,0.7279575534124383,76.0,64.0,0.6495726495726496
1635,0.714,1.0,1699.0,0.7164001479957343,0.7281903325734729,76.0,64.0,0.6495726495726496
1636,0.711,1.0,1700.0,0.7166637964967584,0.728453981074497,77.0,64.0,0.6581196581196581
1637,0.713,1.0,1701.0,0.7169945522774532,0.7287847368551919,77.0,64.0,0.6581196581196581
1638,0.724,1.0,1703.0,0.7174132287802357,0.7280243949002004,77.0,65.0,0.6581196581196581
1639,0.733,1.0,1704.0,0.7177231045117385,0.7283342706317032,77.0,65.0,0.6581196581196581
1640,0.731,1.0,1705.0,0.7178671016584359,0.7284782677784006,78.0,65.0,0.6666666666666666
1641,0.73,1.0,1706.0,0.7178689251295367,0.7284800912495014,78.0,65.0,0.6666666666666666
1642,0.728,1.0,1707.0,0.7177396895424695,0.7283508556624342,79.0,65.0,0.6752136752136753
1643,0.722,1.0,1708.0,0.717500164414016,0.7281113305339807,76.0,65.0,0.6495726495726496
1644,0.716,1.0,1709.0,0.7172144499625397,0.7278256160825044,75.0,65.0,0.6410256410256411
1645,0.719,1.0,1709.0,0.7169074973773781,0.7286976819551167,75.0,64.0,0.6410256410256411
1646,0.722,1.0,1710.0,0.7166203599635868,0.7284105445413254,74.0,64.0,0.6324786324786325
1647,0.723,1.0,1711.0,0.7162780655596788,0.7280682501374174,74.0,64.0,0.6324786324786325
1648,0.724,1.0,1711.0,0.7158220450736502,0.7289222501600264,73.0,63.0,0.6239316239316239
1649,0.724,1.0,1712.0,0.7153234912836973,0.7284236963700735,74.0,63.0,0.6324786324786325
1650,0.727,1.0,1713.0,0.7147331582821896,0.7278333633685659,75.0,63.0,0.6410256410256411
1651,0.728,1.0,1713.0,0.7139632136244509,0.7285189970537579,73.0,62.0,0.6239316239316239
1652,0.729,1.0,1714.0,0.7130906248066338,0.7276464082359407,74.0,62.0,0.6324786324786325
1653,0.732,1.0,1714.0,0.7119932770336495,0.7281663697328794,75.0,61.0,0.6410256410256411
1654,0.732,1.0,1714.0,0.710673632338817,0.7286437353379613,75.0,60.0,0.6410256410256411
1655,0.73,1.0,1715.0,0.7091828553279753,0.7271529583271197,75.0,60.0,0.6410256410256411
1656,0.727,1.0,1715.0,0.7074015321174631,0.7273683132276235,75.0,59.0,0.6410256410256411
1657,0.722,1.0,1715.0,0.7054024481527008,0.7275877604973234,73.0,58.0,0.6239316239316239
1658,0.722,1.0,1715.0,0.7032189469451906,0.7278692939947713,73.0,57.0,0.6239316239316239
1659,0.722,0.0,1746.0,0.7017113607680401,0.7027563175313579,73.0,87.0,0.6239316239316239
1660,0.707,0.0,1736.0,0.6991094422093205,0.7024393385746366,72.0,76.0,0.6153846153846154
1661,0.69,0.0,1731.0,0.6963982001867659,0.7026639876689439,72.0,70.0,0.6153846153846154
1662,0.673,0.0,1729.0,0.6937808306733617,0.7023758752305331,72.0,67.0,0.6153846153846154
1663,0.664,0.0,1728.0,0.6914085032637682,0.702019669383733,73.0,65.0,0.6239316239316239
1664,0.659,0.0,1727.0,0.6893280704269044,0.7024282755132806,73.0,63.0,0.6239316239316239
1665,0.664,0.0,1727.0,0.6876251061263232,0.7021808895556302,72.0,62.0,0.6153846153846154
1666,0.665,0.0,1727.0,0.6861846430049237,0.7023577357041536,73.0,61.0,0.6239316239316239
1667,0.67,0.0,1728.0,0.6850412779226798,0.7012143706219097,74.0,61.0,0.6324786324786325
1668,0.671,0.0,1728.0,0.6840094963454968,0.7019795993446412,75.0,60.0,0.6410256410256411
1669,0.668,0.0,1729.0,0.6831898890626789,0.7011599920618232,76.0,60.0,0.6495726495726496
1670,0.661,0.0,1729.0,0.6824781964235282,0.7024449775336886,76.0,59.0,0.6495726495726496
1671,0.66,0.0,1730.0,0.6820804987379163,0.7020472798480767,77.0,59.0,0.6581196581196581
1672,0.657,0.0,1731.0,0.6819362002014392,0.7019029813115996,78.0,59.0,0.6666666666666666
1673,0.664,0.0,1732.0,0.6820765579329112,0.7020433390430716,77.0,59.0,0.6581196581196581
1674,0.67,0.0,1733.0,0.6824251435082609,0.7023919246184213,76.0,59.0,0.6495726495726496
1675,0.673,0.0,1735.0,0.6829862623272428,0.7009563653263872,77.0,60.0,0.6581196581196581
1676,0.678,0.0,1736.0,0.6835973642196671,0.7015674672188115,78.0,60.0,0.6666666666666666
1677,0.674,0.0,1737.0,0.6842775822664946,0.702247685265639,78.0,60.0,0.6666666666666666
1678,0.669,0.0,1739.0,0.685137321725215,0.701310414424445,79.0,61.0,0.6752136752136753
1679,0.671,0.0,1740.0,0.6861224572870472,0.7022955499862772,80.0,61.0,0.6837606837606838
1680,0.676,0.0,1742.0,0.6873366437844691,0.7018924272137761,81.0,62.0,0.6923076923076923
1681,0.684,0.0,1744.0,0.688677605050104,0.7017778101364802,82.0,63.0,0.7008547008547008
1682,0.678,0.0,1746.0,0.6900704914412709,0.7018606760190095,83.0,64.0,0.7094017094017094
1683,0.684,0.0,1748.0,0.6915967745822124,0.7022079407021771,84.0,65.0,0.717948717948718
1684,0.692,0.0,1750.0,0.6932074719144472,0.7027575214224154,85.0,66.0,0.7264957264957265
1685,0.707,0.0,1753.0,0.6948603649267964,0.7025959050282506,86.0,68.0,0.7350427350427351
1686,0.712,0.0,1756.0,0.6963693043377752,0.7026350918199532,77.0,70.0,0.6581196581196581
1687,0.715,0.0,1760.0,0.6977146416242055,0.7022824006987133,72.0,73.0,0.6153846153846154
1688,0.72,0.0,1763.0,0.6988422518289659,0.7025421366793172,64.0,75.0,0.5470085470085471
1689,0.717,0.0,1766.0,0.6997309730455027,0.7027278797742872,64.0,77.0,0.5470085470085471
1690,0.715,0.0,1770.0,0.7004326300669739,0.7026173750722577,64.0,80.0,0.5470085470085471
1691,0.705,0.0,1773.0,0.7009596679126257,0.7027293113669056,64.0,82.0,0.5470085470085471
1692,0.702,0.0,1777.0,0.7014448799509372,0.7027349500291072,64.0,85.0,0.5470085470085471
1693,0.705,1.0,1765.0,0.7017792544690249,0.7068545423295891,64.0,72.0,0.5470085470085471
1694,0.702,1.0,1754.0,0.7017762983626912,0.7197464013618355,64.0,60.0,0.5470085470085471
1695,0.712,1.0,1752.0,0.7019858405358311,0.7266361875854118,63.0,57.0,0.5384615384615384
1696,0.709,1.0,1753.0,0.7023169100721984,0.7269672571217791,64.0,57.0,0.5470085470085471
1697,0.708,1.0,1754.0,0.7025827658390194,0.7272331128886,64.0,57.0,0.5470085470085471
1698,0.714,1.0,1755.0,0.7027973301878343,0.727447677237415,64.0,57.0,0.5470085470085471
1699,0.717,1.0,1756.0,0.7028962945525628,0.7275466416021434,64.0,57.0,0.5470085470085471
1700,0.713,1.0,1757.0,0.7028475289948598,0.7274978760444405,64.0,57.0,0.5470085470085471
1701,0.709,1.0,1758.0,0.7026954421004465,0.7273457891500272,64.0,57.0,0.5470085470085471
1702,0.707,1.0,1759.0,0.702482957119655,0.7271333041692357,65.0,57.0,0.5555555555555556
1703,0.703,1.0,1760.0,0.7022297277486063,0.726880074798187,65.0,57.0,0.5555555555555556
1704,0.702,1.0,1761.0,0.7019772809811315,0.7266276280307122,65.0,57.0,0.5555555555555556
1705,0.701,1.0,1763.0,0.7018168519212806,0.7240021642659032,65.0,58.0,0.5555555555555556
1706,0.698,1.0,1767.0,0.7017961425768107,0.7179692352760406,65.0,61.0,0.5555555555555556
1707,0.695,1.0,1771.0,0.7017676370936731,0.7135578216714117,65.0,64.0,0.5555555555555556
1708,0.692,1.0,1775.0,0.7017789924931235,0.7103740370502949,65.0,67.0,0.5555555555555556
1709,0.691,1.0,1775.0,0.7017610382114894,0.7113110877194576,64.0,66.0,0.5470085470085471
1710,0.694,1.0,1773.0,0.7017775258884426,0.7148777309748188,64.0,63.0,0.5470085470085471
1711,0.699,1.0,1770.0,0.7017739107652289,0.7217406918753893,63.0,59.0,0.5384615384615384
1712,0.701,1.0,1769.0,0.7018824491759255,0.7265327962255062,63.0,57.0,0.5384615384615384
1713,0.698,1.0,1770.0,0.7021686938755403,0.726819040925121,62.0,57.0,0.5299145299145299
1714,0.696,1.0,1771.0,0.7025102742334679,0.7271606212830486,60.0,57.0,0.5128205128205128
1715,0.696,1.0,1772.0,0.7029334413388444,0.7275837883884251,57.0,57.0,0.48717948717948717
1716,0.695,1.0,1773.0,0.7034435457417396,0.7280938927913203,58.0,57.0,0.49572649572649574
1717,0.697,1.0,1774.0,0.704057301510629,0.7287076485602096,59.0,57.0,0.5042735042735043
1718,0.7,1.0,1776.0,0.7048430262947344,0.727028338639357,60.0,58.0,0.5128205128205128
1719,0.702,1.0,1777.0,0.705606560272614,0.7277918726172367,61.0,58.0,0.5213675213675214
1720,0.703,1.0,1778.0,0.7064181071489346,0.7286034194935572,62.0,58.0,0.5299145299145299
1721,0.705,1.0,1780.0,0.70735343176995,0.7273202128801104,63.0,59.0,0.5384615384615384
1722,0.71,1.0,1781.0,0.708246892471093,0.7282136735812533,64.0,59.0,0.5470085470085471
1723,0.715,1.0,1783.0,0.7091985870135393,0.7271686900126837,65.0,60.0,0.5555555555555556
1724,0.719,1.0,1784.0,0.7100234651542852,0.7279935681534295,66.0,60.0,0.5641025641025641
1725,0.725,1.0,1785.0,0.7107554988637496,0.7287256018628939,67.0,60.0,0.5726495726495726
1726,0.727,1.0,1787.0,0.7113984452349134,0.7275715379341433,68.0,61.0,0.5811965811965812
1727,0.728,1.0,1788.0,0.7118116309526723,0.7279847236519023,66.0,61.0,0.5641025641025641
1728,0.725,1.0,1789.0,0.7120517811629425,0.7282248738621725,64.0,61.0,0.5470085470085471
1729,0.715,1.0,1790.0,0.7121544463905625,0.7283275390897924,62.0,61.0,0.5299145299145299
1730,0.717,1.0,1791.0,0.7122318018620082,0.7284048945612381,62.0,61.0,0.5299145299145299
1731,0.722,1.0,1792.0,0.7122623997387547,0.7284354924379847,61.0,61.0,0.5213675213675214
1732,0.722,1.0,1793.0,0.7121910159295013,0.7283641086287312,61.0,61.0,0.5213675213675214
1733,0.72,1.0,1794.0,0.712016933890198,0.728190026589428,61.0,61.0,0.5213675213675214
1734,0.715,1.0,1795.0,0.7117603564766454,0.7279334491758753,62.0,61.0,0.5299145299145299
1735,0.713,1.0,1796.0,0.7114738096290133,0.7276469023282433,62.0,61.0,0.5299145299145299
1736,0.712,1.0,1797.0,0.7111765615438213,0.7273496542430512,61.0,61.0,0.5213675213675214
1737,0.714,1.0,1797.0,0.7108138562433938,0.7287839592425381,61.0,60.0,0.5213675213675214
1738,0.706,1.0,1798.0,0.7104852652704303,0.7284553682695747,62.0,60.0,0.5299145299145299
1739,0.697,1.0,1799.0,0.7102135567502149,0.7281836597493593,62.0,60.0,0.5299145299145299
1740,0.7,1.0,1800.0,0.7100959103161177,0.7280660133152621,62.0,60.0,0.5299145299145299
1741,0.707,1.0,1801.0,0.7100977138260505,0.7280678168251948,63.0,60.0,0.5384615384615384
1742,0.711,1.0,1802.0,0.7101407650176348,0.7281108680167792,63.0,60.0,0.5384615384615384
1743,0.714,1.0,1803.0,0.7101807005591434,0.7281508035582878,64.0,60.0,0.5470085470085471
1744,0.715,1.0,1804.0,0.7101854253131934,0.7281555283123378,64.0,60.0,0.5470085470085471
1745,0.716,1.0,1805.0,0.710144098198767,0.7281142011979114,65.0,60.0,0.5555555555555556
1746,0.712,1.0,1806.0,0.7100449124658686,0.728015015465013,64.0,60.0,0.5470085470085471
1747,0.708,1.0,1807.0,0.7099308510931843,0.7279009540923287,65.0,60.0,0.5555555555555556
1748,0.708,1.0,1808.0,0.7098452614196542,0.7278153644187986,65.0,60.0,0.5555555555555556
1749,0.709,1.0,1809.0,0.7097872870283946,0.7277573900275389,66.0,60.0,0.5641025641025641
1750,0.707,1.0,1810.0,0.7097450875268516,0.727715190525996,66.0,60.0,0.5641025641025641
1751,0.708,1.0,1811.0,0.7097404162538966,0.727710519253041,67.0,60.0,0.5726495726495726
1752,0.708,1.0,1812.0,0.7097618264569174,0.7277319294560618,67.0,60.0,0.5726495726495726
1753,0.707,1.0,1813.0,0.709809716812191,0.7277798198113353,66.0,60.0,0.5641025641025641
1754,0.706,1.0,1814.0,0.7098955319289588,0.7278656349281032,65.0,60.0,0.5555555555555556
1755,0.704,1.0,1815.0,0.7100314972047614,0.7280016002039058,65.0,60.0,0.5555555555555556
1756,0.702,1.0,1816.0,0.7102413361291592,0.7282114391283036,64.0,60.0,0.5470085470085471
1757,0.701,1.0,1817.0,0.710549025533093,0.7285191285322373,64.0,60.0,0.5470085470085471
1758,0.704,1.0,1819.0,0.7110285479659086,0.7272016406651386,64.0,61.0,0.5470085470085471
1759,0.708,1.0,1820.0,0.7115311513244839,0.7277042440237138,64.0,61.0,0.5470085470085471
1760,0.71,1.0,1821.0,0.7120789737420743,0.7282520664413042,63.0,61.0,0.5384615384615384
1761,0.711,1.0,1822.0,0.7126560501552895,0.7288291428545195,63.0,61.0,0.5384615384615384
1762,0.713,1.0,1824.0,0.7133121847355621,0.7278679681648691,64.0,62.0,0.5470085470085471
1763,0.709,1.0,1825.0,0.7139226737574527,0.7284784571867596,63.0,62.0,0.5384615384615384
1764,0.712,1.0,1827.0,0.714641301862428,0.7277415069488042,64.0,63.0,0.5470085470085471
1765,0.722,1.0,1828.0,0.7153457023468504,0.7284459074332266,64.0,63.0,0.5470085470085471
1766,0.721,1.0,1830.0,0.7160243749453996,0.7278145595231382,64.0,64.0,0.5470085470085471
1767,0.719,1.0,1831.0,0.7166087248994475,0.7283989094771861,64.0,64.0,0.5470085470085471
1768,0.718,1.0,1833.0,0.7172099922951667,0.7278211584151314,65.0,65.0,0.5555555555555556
1769,0.717,1.0,1834.0,0.7177673141890477,0.7283784803090124,65.0,65.0,0.5555555555555556
1770,0.715,1.0,1836.0,0.7183710045654186,0.7279210540733868,63.0,66.0,0.5384615384615384
1771,0.713,1.0,1837.0,0.7189803639622361,0.7285304134702043,62.0,66.0,0.5299145299145299
1772,0.713,1.0,1839.0,0.7196900091808321,0.7282850537380036,62.0,67.0,0.5299145299145299
1773,0.718,1.0,1841.0,0.7204742683046457,0.7282098084061,60.0,68.0,0.5128205128205128
1774,0.722,1.0,1843.0,0.7212882911044983,0.7282502771958071,60.0,69.0,0.5128205128205128
1775,0.722,1.0,1845.0,0.7220955089528996,0.7283612964350776,59.0,70.0,0.5042735042735043
1776,0.721,1.0,1847.0,0.7229036626961386,0.7285428714300988,59.0,71.0,0.5042735042735043
1777,0.72,1.0,1849.0,0.7237330276072049,0.7288083154677691,58.0,72.0,0.49572649572649574
1778,0.716,1.0,1852.0,0.7246194872635419,0.7287304704305988,58.0,74.0,0.49572649572649574
1779,0.724,1.0,1855.0,0.7255972671904691,0.7289271635557852,59.0,76.0,0.5042735042735043
1780,0.728,1.0,1860.0,0.7266064901233089,0.7287912351285928,59.0,80.0,0.5042735042735043
1781,0.732,1.0,1866.0,0.7275925073376055,0.7288825774157756,59.0,85.0,0.5042735042735043
1782,0.735,0.0,1843.0,0.727989128619015,0.7441622213182449,60.0,61.0,0.5128205128205128
1783,0.737,0.0,1835.0,0.7279925090859933,0.7697380882652863,60.0,52.0,0.5128205128205128
1784,0.739,0.0,1832.0,0.7280176116088557,0.7916444660202152,60.0,48.0,0.5128205128205128
1785,0.738,0.0,1831.0,0.7281747069378977,0.8067263790506872,60.0,46.0,0.5128205128205128
1786,0.736,0.0,1830.0,0.7281346962736128,0.8251120692523654,61.0,44.0,0.5213675213675214
1787,0.733,0.0,1830.0,0.7282971076728126,0.836049744315871,61.0,43.0,0.5213675213675214
1788,0.733,0.0,1829.0,0.7279668021805785,0.86099474865349,61.0,41.0,0.5213675213675214
1789,0.74,0.0,1829.0,0.727976988547147,0.8757858179614931,61.0,40.0,0.5213675213675214
1790,0.741,0.0,1830.0,0.728397366801576,0.8762061962159221,61.0,40.0,0.5213675213675214
1791,0.741,0.0,1830.0,0.7281883129846418,0.8924203456672486,61.0,39.0,0.5213675213675214
1792,0.74,0.0,1831.0,0.728442836852446,0.8926748695350528,61.0,39.0,0.5213675213675214
1793,0.739,0.0,1831.0,0.7280236110099703,0.9105036473239778,61.0,38.0,0.5213675213675214
1794,0.739,0.0,1832.0,0.7281537597392145,0.910633796053222,61.0,38.0,0.5213675213675214
1795,0.738,0.0,1833.0,0.7282343698176972,0.9107144061317047,61.0,38.0,0.5213675213675214
1796,0.735,0.0,1834.0,0.7282730300863465,0.910753066400354,61.0,38.0,0.5213675213675214
1797,0.735,0.0,1835.0,0.7282947636037183,0.9107747999177258,60.0,38.0,0.5128205128205128
1798,0.735,0.0,1836.0,0.7283026931170704,0.910782729431078,60.0,38.0,0.5128205128205128
1799,0.736,0.0,1837.0,0.7282934492156286,0.9107734855296361,60.0,38.0,0.5128205128205128
1800,0.739,0.0,1838.0,0.7282616766478537,0.9107417129618612,60.0,38.0,0.5128205128205128
1801,0.742,0.0,1839.0,0.7281754178101192,0.9106554541241267,60.0,38.0,0.5128205128205128
1802,0.74,0.0,1840.0,0.7279994205163185,0.910479456830326,60.0,38.0,0.5128205128205128
1803,0.734,0.0,1842.0,0.7283693893961867,0.8926014220787934,60.0,39.0,0.5128205128205128
1804,0.737,0.0,1843.0,0.7281591192814145,0.8923911519640213,60.0,39.0,0.5128205128205128
1805,0.742,0.0,1845.0,0.7284825647328385,0.8762913941471846,60.0,40.0,0.5128205128205128
1806,0.744,0.0,1846.0,0.7281473540858863,0.8759561835002324,60.0,40.0,0.5128205128205128
1807,0.742,0.0,1848.0,0.7281990767747255,0.861227023247637,60.0,41.0,0.5128205128205128
1808,0.742,0.0,1850.0,0.7280968257397946,0.847821977565415,60.0,42.0,0.5128205128205128
1809,0.743,0.0,1853.0,0.7282112177562257,0.8251885907349782,60.0,44.0,0.5128205128205128
1810,0.743,0.0,1856.0,0.7280553078792608,0.8066069799920503,60.0,46.0,0.5128205128205128
1811,0.743,0.0,1861.0,0.7280536922052949,0.7795914442784961,60.0,50.0,0.5128205128205128
1812,0.74,0.0,1870.0,0.7279912715422995,0.7501765838869221,60.0,58.0,0.5128205128205128
1813,0.739,1.0,1898.0,0.7275131766047296,0.7288032466828996,60.0,85.0,0.5128205128205128
1814,0.736,1.0,1892.0,0.7261389772327704,0.7288361932886765,60.0,78.0,0.5128205128205128
1815,0.735,1.0,1889.0,0.7246559806005624,0.7287669637676193,60.0,74.0,0.5128205128205128
1816,0.734,1.0,1887.0,0.7230556437601996,0.7286948524941598,60.0,71.0,0.5128205128205128
1817,0.727,1.0,1886.0,0.7213428659173196,0.7283048520086284,60.0,69.0,0.5128205128205128
1818,0.713,1.0,1885.0,0.7195590918566352,0.7281541364138067,61.0,67.0,0.5213675213675214
1819,0.707,1.0,1884.0,0.7178381848753511,0.7284493509953158,61.0,65.0,0.5213675213675214
1820,0.703,1.0,1884.0,0.7162709514217734,0.728061135999512,61.0,64.0,0.5213675213675214
1821,0.703,1.0,1884.0,0.714851172983993,0.7279513780703692,61.0,63.0,0.5213675213675214
1822,0.705,1.0,1884.0,0.713563074246035,0.728118857675342,61.0,62.0,0.5213675213675214
1823,0.709,1.0,1884.0,0.7123701207774771,0.728543213476707,62.0,61.0,0.5299145299145299
1824,0.709,1.0,1885.0,0.7112771774276196,0.7274502701268496,62.0,61.0,0.5299145299145299
1825,0.706,1.0,1885.0,0.7101532281501245,0.7281233311492689,62.0,60.0,0.5299145299145299
1826,0.703,1.0,1886.0,0.7091449417768354,0.7271150447759798,63.0,60.0,0.5384615384615384
1827,0.7,1.0,1886.0,0.7081423682021157,0.7281091493122761,63.0,59.0,0.5384615384615384
1828,0.701,1.0,1887.0,0.7073074002132758,0.7272741813234361,63.0,59.0,0.5384615384615384
1829,0.701,1.0,1887.0,0.7064730931037575,0.7286584054483801,62.0,58.0,0.5299145299145299
1830,0.699,1.0,1888.0,0.7057849532099624,0.727970265554585,58.0,58.0,0.49572649572649574
1831,0.701,1.0,1889.0,0.7051806204273774,0.727365932772,55.0,58.0,0.4700854700854701
1832,0.699,1.0,1890.0,0.704631262813407,0.7268165751580297,54.0,58.0,0.46153846153846156
1833,0.703,1.0,1890.0,0.7040677603114607,0.7287181073610414,53.0,57.0,0.452991452991453
1834,0.702,1.0,1891.0,0.7036107013024436,0.7282610483520243,52.0,57.0,0.4444444444444444
1835,0.692,1.0,1892.0,0.7031812564008497,0.7278316034504304,51.0,57.0,0.4358974358974359
1836,0.686,1.0,1893.0,0.7028855315781679,0.7275358786277486,50.0,57.0,0.42735042735042733
1837,0.677,1.0,1894.0,0.7027866481923646,0.7274369952419453,49.0,57.0,0.4188034188034188
1838,0.675,1.0,1895.0,0.7029836113300882,0.7276339583796689,49.0,57.0,0.4188034188034188
1839,0.675,1.0,1896.0,0.7035010781963391,0.7281514252459198,48.0,57.0,0.41025641025641024
1840,0.674,1.0,1898.0,0.7044298161725522,0.7266151285171748,48.0,58.0,0.41025641025641024
1841,0.683,1.0,1899.0,0.705619925389597,0.7278052377342196,48.0,58.0,0.41025641025641024
1842,0.701,1.0,1901.0,0.7071464769750127,0.727113258085173,48.0,59.0,0.41025641025641024
1843,0.715,1.0,1902.0,0.7086722692128951,0.7286390503230554,46.0,59.0,0.39316239316239315
1844,0.723,1.0,1904.0,0.7102040579612581,0.7281741609604024,47.0,60.0,0.4017094017094017
1845,0.724,1.0,1906.0,0.7115927805286562,0.7277658732278861,46.0,61.0,0.39316239316239315
1846,0.721,1.0,1908.0,0.7128430747876069,0.7273988582169139,46.0,62.0,0.39316239316239315
1847,0.722,1.0,1909.0,0.7139524578038572,0.7285082412331642,46.0,62.0,0.39316239316239315
1848,0.723,1.0,1911.0,0.7150276590522398,0.728127864138616,46.0,63.0,0.39316239316239315
1849,0.722,1.0,1913.0,0.7160149475344799,0.7278051321122185,46.0,64.0,0.39316239316239315
1850,0.722,1.0,1914.0,0.7168955309043596,0.7286857154820983,46.0,64.0,0.39316239316239315
1851,0.722,1.0,1916.0,0.7177637848932098,0.7283749510131745,47.0,65.0,0.4017094017094017
1852,0.723,1.0,1918.0,0.7185848637136567,0.7281349132216249,47.0,66.0,0.4017094017094017
1853,0.726,1.0,1919.0,0.7193243951905608,0.728874444698529,47.0,66.0,0.4017094017094017
1854,0.727,1.0,1921.0,0.720025927862961,0.7286209724201325,48.0,67.0,0.41025641025641024
1855,0.727,1.0,1923.0,0.7206499753686573,0.7283855154701115,48.0,68.0,0.41025641025641024
1856,0.728,1.0,1924.0,0.721177235421499,0.7289127755229533,48.0,68.0,0.41025641025641024
1857,0.726,1.0,1926.0,0.7216575527576132,0.728619538848922,49.0,69.0,0.4188034188034188
1858,0.725,1.0,1928.0,0.7220892945658375,0.7283550820480155,50.0,70.0,0.42735042735042733
1859,0.723,1.0,1929.0,0.7224677806635122,0.7287335681456902,51.0,70.0,0.4358974358974359
1860,0.722,1.0,1931.0,0.7228642984145344,0.7285035071484945,51.0,71.0,0.4358974358974359
1861,0.723,1.0,1932.0,0.723251370827771,0.7288905795617312,51.0,71.0,0.4358974358974359
1862,0.724,1.0,1934.0,0.7236623120508472,0.7287375999114114,52.0,72.0,0.4444444444444444
1863,0.727,1.0,1936.0,0.7240693676253928,0.7286371266999006,53.0,73.0,0.452991452991453
1864,0.728,1.0,1938.0,0.7244438606179981,0.7285548437850551,54.0,74.0,0.46153846153846156
1865,0.728,1.0,1939.0,0.7247648527896591,0.728875835956716,55.0,74.0,0.4700854700854701
1866,0.728,1.0,1941.0,0.7250650943731953,0.7287649792235467,55.0,75.0,0.4700854700854701
1867,0.73,1.0,1943.0,0.7253331328815453,0.7286630292468614,56.0,76.0,0.47863247863247865
1868,0.729,1.0,1944.0,0.7255380482404701,0.7288679446057862,57.0,76.0,0.48717948717948717
1869,0.727,1.0,1946.0,0.7257171843738852,0.7287140911026697,58.0,77.0,0.49572649572649574
1870,0.726,1.0,1947.0,0.7258717229401714,0.7288686296689559,58.0,77.0,0.49572649572649574
1871,0.728,1.0,1949.0,0.7260354594514866,0.7287326755073927,59.0,78.0,0.5042735042735043
1872,0.726,1.0,1950.0,0.7261681432555742,0.7288653593114803,60.0,78.0,0.5128205128205128
1873,0.727,1.0,1952.0,0.7263119354124292,0.7287394298627446,61.0,79.0,0.5213675213675214
1874,0.727,1.0,1953.0,0.7264404549641117,0.7288679494144271,62.0,79.0,0.5299145299145299
1875,0.723,1.0,1955.0,0.7265711028191231,0.7287558478244069,63.0,80.0,0.5384615384615384
1876,0.719,1.0,1956.0,0.7267347189775833,0.7289194639828672,64.0,80.0,0.5470085470085471
1877,0.723,1.0,1959.0,0.7269982958517293,0.7287679393060092,65.0,82.0,0.5555555555555556
1878,0.725,1.0,1961.0,0.727299330600573,0.7288920097094249,66.0,83.0,0.5641025641025641
1879,0.728,1.0,1964.0,0.7276304183181481,0.7289204883963182,67.0,85.0,0.5726495726495726
1880,0.73,0.0,1963.0,0.7279387274302276,0.7295314065390796,68.0,83.0,0.5811965811965812
1881,0.734,0.0,1946.0,0.7279458795411257,0.7385570456610904,69.0,65.0,0.5897435897435898
1882,0.734,0.0,1943.0,0.7279904048113707,0.7441634975106006,70.0,61.0,0.5982905982905983
1883,0.734,0.0,1941.0,0.7279597153481696,0.7501450276927922,71.0,58.0,0.6068376068376068
1884,0.734,0.0,1941.0,0.7279909180346955,0.7526412650842762,67.0,57.0,0.5726495726495726
1885,0.735,0.0,1941.0,0.727955353143829,0.7553446276433631,65.0,56.0,0.5555555555555556
1886,0.735,0.0,1942.0,0.7279447287176455,0.7553340032171796,63.0,56.0,0.5384615384615384
1887,0.734,0.0,1944.0,0.7279601520166136,0.7526104990661943,61.0,57.0,0.5213675213675214
1888,0.731,0.0,1947.0,0.7279843202009624,0.7479511013111227,61.0,59.0,0.5213675213675214
1889,0.73,0.0,1950.0,0.7279424094072876,0.7441155021065176,60.0,61.0,0.5128205128205128
1890,0.73,0.0,1956.0,0.7279638845746288,0.737513934082597,59.0,66.0,0.5042735042735043
1891,0.729,0.0,1966.0,0.7279456866751732,0.7316455715255246,59.0,75.0,0.5042735042735043
1892,0.731,1.0,1979.0,0.7278210283282265,0.7288659850915443,58.0,87.0,0.49572649572649574
1893,0.731,1.0,1978.0,0.727564514247008,0.728854584325178,58.0,85.0,0.49572649572649574
1894,0.729,1.0,1977.0,0.7272683849736501,0.7288610640825021,58.0,83.0,0.49572649572649574
1895,0.728,1.0,1976.0,0.7269512210962423,0.7289174916009978,58.0,81.0,0.49572649572649574
1896,0.729,1.0,1976.0,0.7266284311529527,0.7288131761582366,58.0,80.0,0.49572649572649574
1897,0.73,1.0,1976.0,0.7262792904446962,0.7287067848950116,59.0,79.0,0.5042735042735043
1898,0.728,1.0,1975.0,0.7258786584692636,0.7288755651980481,58.0,77.0,0.49572649572649574
1899,0.728,1.0,1975.0,0.7254635910772835,0.7287934874425996,58.0,76.0,0.49572649572649574
1900,0.728,1.0,1975.0,0.7250203413639401,0.7287202262142914,59.0,75.0,0.5042735042735043
1901,0.729,1.0,1975.0,0.7245439843324182,0.7286549674994751,59.0,74.0,0.5042735042735043
1902,0.727,1.0,1975.0,0.7240181160157011,0.7285858750902089,59.0,73.0,0.5042735042735043
1903,0.727,1.0,1975.0,0.7234591156547139,0.7285344035152781,60.0,72.0,0.5128205128205128
1904,0.726,1.0,1975.0,0.7228607721343343,0.7284999808682945,60.0,71.0,0.5128205128205128
1905,0.723,1.0,1975.0,0.7222275483043366,0.7284933357865145,61.0,70.0,0.5213675213675214
1906,0.72,1.0,1975.0,0.7215857416777205,0.7285477277690293,61.0,69.0,0.5213675213675214
1907,0.719,1.0,1975.0,0.7209615544030783,0.7286970945045326,62.0,68.0,0.5299145299145299
1908,0.717,1.0,1976.0,0.720388272236163,0.7281238123376172,62.0,68.0,0.5299145299145299
1909,0.708,1.0,1976.0,0.7198264384856152,0.7284214830427866,62.0,67.0,0.5299145299145299
1910,0.712,1.0,1977.0,0.7194285350652174,0.7280235796223888,63.0,67.0,0.5384615384615384
1911,0.718,1.0,1977.0,0.7190838980110434,0.7286339475190117,63.0,66.0,0.5384615384615384
1912,0.719,1.0,1978.0,0.7187875944562335,0.7283376439642018,64.0,66.0,0.5470085470085471
1913,0.721,1.0,1979.0,0.7184928614391499,0.7280429109471181,64.0,66.0,0.5470085470085471
1914,0.72,1.0,1979.0,0.7181373387351689,0.7287485048551336,64.0,65.0,0.5470085470085471
1915,0.718,1.0,1980.0,0.7178019448603526,0.7284131109803174,65.0,65.0,0.5555555555555556
1916,0.717,1.0,1981.0,0.7174683770311747,0.7280795431511394,65.0,65.0,0.5555555555555556
1917,0.717,1.0,1981.0,0.717103321095754,0.7288935056734926,66.0,64.0,0.5641025641025641
1918,0.716,1.0,1982.0,0.7167845261419189,0.7285747107196575,66.0,64.0,0.5641025641025641
1919,0.715,1.0,1983.0,0.7164787112277452,0.7282688958054838,66.0,64.0,0.5641025641025641
1920,0.717,1.0,1984.0,0.7161938749674275,0.7279840595451661,67.0,64.0,0.5726495726495726
1921,0.718,1.0,1985.0,0.7159043262287511,0.7276945108064897,67.0,64.0,0.5726495726495726
1922,0.718,1.0,1985.0,0.7155512814911792,0.7286514865775554,68.0,63.0,0.5811965811965812
1923,0.717,1.0,1986.0,0.7152206716526086,0.7283208767389848,68.0,63.0,0.5811965811965812
1924,0.719,1.0,1987.0,0.7148751178904148,0.727975322976791,68.0,63.0,0.5811965811965812
1925,0.718,1.0,1988.0,0.7144886136548869,0.7275888187412631,69.0,63.0,0.5897435897435898
1926,0.709,1.0,1988.0,0.7140186015821441,0.7285743850114511,69.0,62.0,0.5897435897435898
1927,0.71,1.0,1989.0,0.7136589742417561,0.728214757671063,70.0,62.0,0.5982905982905983
1928,0.708,1.0,1990.0,0.7133449281542712,0.7279007115835782,70.0,62.0,0.5982905982905983
1929,0.713,1.0,1991.0,0.7130954489519146,0.7276512323812215,70.0,62.0,0.5982905982905983
1930,0.718,1.0,1992.0,0.7128528755896557,0.7274086590189627,71.0,62.0,0.6068376068376068
1931,0.722,1.0,1992.0,0.7125042275066639,0.7286773202058938,71.0,61.0,0.6068376068376068
1932,0.726,1.0,1993.0,0.7121110178634271,0.7282841105626571,71.0,61.0,0.6068376068376068
1933,0.72,1.0,1994.0,0.7115693255341304,0.7277424182333604,72.0,61.0,0.6153846153846154
1934,0.715,1.0,1994.0,0.710879336551549,0.7288494395506934,72.0,60.0,0.6153846153846154
1935,0.715,1.0,1995.0,0.7102101463801263,0.7281802493792706,73.0,60.0,0.6239316239316239
1936,0.715,1.0,1996.0,0.7094937319525594,0.7274638349517037,73.0,60.0,0.6239316239316239
1937,0.715,1.0,1996.0,0.7086568070551664,0.7286235881653268,74.0,59.0,0.6324786324786325
1938,0.715,1.0,1997.0,0.7078217030014464,0.7277884841116068,74.0,59.0,0.6324786324786325
1939,0.712,1.0,1998.0,0.7069136498154295,0.7268804309255898,74.0,59.0,0.6324786324786325
1940,0.705,1.0,1998.0,0.7058843892565646,0.7280697016011872,75.0,58.0,0.6410256410256411
1941,0.709,1.0,1999.0,0.7049445888398317,0.7271299011844543,72.0,58.0,0.6153846153846154
1942,0.716,1.0,1999.0,0.7038880580637438,0.7285384051133245,72.0,57.0,0.6153846153846154
1943,0.72,1.0,2000.0,0.7027854319270719,0.7274357789766526,71.0,57.0,0.6068376068376068
1944,0.721,1.0,2005.0,0.7017820912657898,0.7179551839650198,70.0,61.0,0.5982905982905983
1945,0.723,0.0,2026.0,0.7007635021860285,0.702729772690784,71.0,81.0,0.6068376068376068
1946,0.722,0.0,2021.0,0.6989697518535034,0.7026696367038547,70.0,75.0,0.5982905982905983
1947,0.717,0.0,2018.0,0.6969148581063878,0.7025540668403479,69.0,71.0,0.5897435897435898
1948,0.705,0.0,2016.0,0.694633358138365,0.7023688982398193,70.0,68.0,0.5982905982905983
1949,0.682,0.0,2015.0,0.6922487340444289,0.7017987835523971,70.0,66.0,0.5982905982905983
1950,0.669,0.0,2014.0,0.6899669738453673,0.7017571584231059,69.0,64.0,0.5897435897435898
1951,0.659,0.0,2013.0,0.6879048504947414,0.7024606339240483,70.0,62.0,0.5982905982905983
1952,0.66,0.0,2013.0,0.6862078261005657,0.7023809187997957,70.0,61.0,0.5982905982905983
1953,0.656,0.0,2014.0,0.6848622658248638,0.7010353585240937,70.0,61.0,0.5982905982905983
1954,0.655,0.0,2014.0,0.6837831579460394,0.7017532609451838,71.0,60.0,0.6068376068376068
1955,0.654,0.0,2015.0,0.6830906360528475,0.7010607390519918,71.0,60.0,0.6068376068376068
1956,0.66,0.0,2015.0,0.6826612476415228,0.7026280287516832,70.0,59.0,0.5982905982905983
1957,0.665,0.0,2016.0,0.6825570025191592,0.7025237836293196,71.0,59.0,0.6068376068376068
1958,0.671,0.0,2017.0,0.6826548551024486,0.702621636212609,72.0,59.0,0.6153846153846154
1959,0.672,0.0,2019.0,0.6829558414627335,0.7009259444618778,72.0,60.0,0.6153846153846154
1960,0.669,0.0,2020.0,0.6833182933441362,0.7012883963432806,73.0,60.0,0.6239316239316239
1961,0.664,0.0,2021.0,0.6838460701621638,0.7018161731613082,73.0,60.0,0.6239316239316239
1962,0.662,0.0,2022.0,0.684601225341817,0.7025713283409614,74.0,60.0,0.6324786324786325
1963,0.665,0.0,2024.0,0.6856732096188248,0.7018463023180548,74.0,61.0,0.6324786324786325
1964,0.671,0.0,2026.0,0.6869757133917198,0.7015314968210268,74.0,62.0,0.6324786324786325
1965,0.675,0.0,2028.0,0.6884552118083004,0.7015554168946766,75.0,63.0,0.6410256410256411
1966,0.681,0.0,2030.0,0.6900835024092933,0.7018736869870319,75.0,64.0,0.6410256410256411
1967,0.687,0.0,2032.0,0.691812243002091,0.7024234091220557,76.0,65.0,0.6495726495726496
1968,0.696,0.0,2035.0,0.6936240676092544,0.7022191121664259,77.0,67.0,0.6581196581196581
1969,0.698,0.0,2038.0,0.695401434887174,0.7023634209784828,78.0,69.0,0.6666666666666666
1970,0.702,0.0,2042.0,0.6971615235237503,0.7022368113843145,79.0,72.0,0.6752136752136753
1971,0.704,0.0,2046.0,0.6988542383833847,0.702554123233736,80.0,75.0,0.6837606837606838
1972,0.708,0.0,2052.0,0.7004958741944654,0.7026806191997492,81.0,80.0,0.6923076923076923
1973,0.71,1.0,2040.0,0.7017908463280222,0.7103858908851937,82.0,67.0,0.7008547008547008
1974,0.711,1.0,2031.0,0.702691621046112,0.7273419680956927,83.0,57.0,0.7094017094017094
1975,0.712,1.0,2032.0,0.704027785472829,0.7286781325224096,74.0,57.0,0.6324786324786325
1976,0.715,1.0,2034.0,0.7053618924562768,0.7275472048008994,70.0,58.0,0.5982905982905983
1977,0.719,1.0,2035.0,0.7065182082684072,0.7287035206130298,68.0,58.0,0.5811965811965812
1978,0.722,1.0,2037.0,0.7076164519249142,0.7275832330350746,67.0,59.0,0.5726495726495726
1979,0.728,1.0,2038.0,0.7084904907659229,0.7284572718760832,65.0,59.0,0.5555555555555556
1980,0.731,1.0,2040.0,0.7092206465419928,0.7271907495411372,65.0,60.0,0.5555555555555556
1981,0.73,1.0,2041.0,0.7096498959378722,0.7276199989370166,64.0,60.0,0.5470085470085471
1982,0.727,1.0,2042.0,0.7098604008086241,0.7278305038077685,64.0,60.0,0.5470085470085471
1983,0.723,1.0,2043.0,0.7098876348136627,0.727857737812807,64.0,60.0,0.5470085470085471
1984,0.724,1.0,2044.0,0.7097758342682452,0.7277459372673896,64.0,60.0,0.5470085470085471
1985,0.72,1.0,2045.0,0.7095130241509353,0.7274831271500797,63.0,60.0,0.5384615384615384
1986,0.72,1.0,2046.0,0.7091403883076017,0.7271104913067461,63.0,60.0,0.5384615384615384
1987,0.718,1.0,2046.0,0.7085868240614404,0.7285536051716007,63.0,59.0,0.5384615384615384
1988,0.717,1.0,2047.0,0.7080029664149117,0.727969747525072,62.0,59.0,0.5299145299145299
1989,0.713,1.0,2048.0,0.7073264663845666,0.727293247494727,62.0,59.0,0.5299145299145299
1990,0.706,1.0,2048.0,0.7065201539722623,0.7287054663168849,62.0,58.0,0.5299145299145299
1991,0.703,1.0,2049.0,0.7058020569986191,0.7279873693432417,62.0,58.0,0.5299145299145299
1992,0.709,1.0,2050.0,0.7051232208218334,0.727308533166456,61.0,58.0,0.5213675213675214
1993,0.716,1.0,2051.0,0.7044098915337795,0.7265952038784022,61.0,58.0,0.5213675213675214
1994,0.713,1.0,2051.0,0.7034933807310519,0.7281437277806326,60.0,57.0,0.5128205128205128
1995,0.704,1.0,2052.0,0.7025628363254252,0.7272131833750058,60.0,57.0,0.5128205128205128
1996,0.697,1.0,2055.0,0.7017839925003835,0.7217507736105438,59.0,59.0,0.5042735042735043
1997,0.688,0.0,2083.0,0.7015459268914999,0.702706989961853,59.0,86.0,0.5042735042735043
1998,0.684,0.0,2079.0,0.700794297105847,0.7027605676106025,58.0,81.0,0.49572649572649574
1999,0.682,0.0,2078.0,0.7002414151297591,0.7026689095800746,57.0,79.0,0.48717948717948717
2000,0.682,0.0,2078.0,0.6998986149303754,0.7025958309862815,57.0,78.0,0.48717948717948717
2001,0.692,0.0,2078.0,0.6997546882302177,0.7027515949590022,58.0,77.0,0.49572649572649574
2002,0.697,0.0,2079.0,0.699708202565834,0.7027051092946185,59.0,77.0,0.5042735042735043
2003,0.697,0.0,2080.0,0.6996928569584262,0.7026897636872107,60.0,77.0,0.5128205128205128
2004,0.699,0.0,2081.0,0.6997084887878413,0.7027053955166258,61.0,77.0,0.5213675213675214
2005,0.701,0.0,2082.0,0.6997330747559605,0.702729981484745,61.0,77.0,0.5213675213675214
2006,0.706,0.0,2083.0,0.699744709982925,0.7027416167117095,62.0,77.0,0.5299145299145299
2007,0.696,0.0,2084.0,0.6996880013171868,0.7026849080459713,63.0,77.0,0.5384615384615384
2008,0.697,0.0,2085.0,0.6996734660519142,0.7026703727806987,64.0,77.0,0.5470085470085471
2009,0.703,0.0,2086.0,0.6996898236864525,0.702686730415237,65.0,77.0,0.5555555555555556
2010,0.702,0.0,2087.0,0.6996705956149072,0.7026675023436917,66.0,77.0,0.5641025641025641
2011,0.708,0.0,2088.0,0.6996265594268808,0.7026234661556653,67.0,77.0,0.5726495726495726
2012,0.709,0.0,2089.0,0.6994905213090642,0.7024874280378487,68.0,77.0,0.5811965811965812
2013,0.709,0.0,2089.0,0.6992387290505055,0.7025686254158217,67.0,76.0,0.5726495726495726
2014,0.708,0.0,2089.0,0.6988784782258413,0.7025783630761926,65.0,75.0,0.5555555555555556
2015,0.706,0.0,2089.0,0.6984168771592423,0.7025278603262992,63.0,74.0,0.5384615384615384
2016,0.698,0.0,2089.0,0.6978710191721902,0.702438778246698,62.0,73.0,0.5299145299145299
2017,0.695,0.0,2089.0,0.697323728064829,0.7023990159253932,62.0,72.0,0.5299145299145299
2018,0.698,0.0,2089.0,0.6968022561581879,0.7024414648921481,62.0,71.0,0.5299145299145299
2019,0.698,0.0,2089.0,0.6962674759866384,0.7025332634688164,62.0,70.0,0.5299145299145299
2020,0.689,0.0,2089.0,0.6957134455482732,0.702675431639582,62.0,69.0,0.5299145299145299
2021,0.686,0.0,2090.0,0.6952599515080318,0.7022219375993406,61.0,69.0,0.5213675213675214
2022,0.69,0.0,2090.0,0.694885997515051,0.7026215376165053,61.0,68.0,0.5213675213675214
2023,0.692,0.0,2091.0,0.6945951167351998,0.7023306568366541,62.0,68.0,0.5299145299145299
2024,0.693,0.0,2092.0,0.6943358675941871,0.7020714076956414,62.0,68.0,0.5299145299145299
2025,0.698,0.0,2092.0,0.6940656287938411,0.7026606733510126,63.0,67.0,0.5384615384615384
2026,0.697,0.0,2093.0,0.6937836121339624,0.7023786566911339,62.0,67.0,0.5299145299145299
2027,0.694,0.0,2094.0,0.6934693682282733,0.7020644127854447,63.0,67.0,0.5384615384615384
2028,0.694,0.0,2094.0,0.6931201997819445,0.7026702492899127,63.0,66.0,0.5384615384615384
2029,0.69,0.0,2095.0,0.6927973449120935,0.7023473944200618,64.0,66.0,0.5470085470085471
2030,0.687,0.0,2096.0,0.6925093816194967,0.7020594311274649,64.0,66.0,0.5470085470085471
2031,0.685,0.0,2097.0,0.6922863129604588,0.7018363624684271,64.0,66.0,0.5470085470085471
2032,0.684,0.0,2097.0,0.6921114969279215,0.7027226630478862,63.0,65.0,0.5384615384615384
2033,0.675,0.0,2098.0,0.6920671869185262,0.7026783530384909,64.0,65.0,0.5470085470085471
2034,0.675,0.0,2100.0,0.6922532647820612,0.7018033142900294,64.0,66.0,0.5470085470085471
2035,0.677,0.0,2101.0,0.6925981532065777,0.7021482027145459,63.0,66.0,0.5384615384615384
2036,0.685,0.0,2102.0,0.6931198025150067,0.7026698520229749,64.0,66.0,0.5470085470085471
2037,0.683,0.0,2104.0,0.6937672533253103,0.7023622978824817,64.0,67.0,0.5470085470085471
2038,0.687,0.0,2106.0,0.69453349435034,0.7022690344517942,63.0,68.0,0.5384615384615384
2039,0.69,0.0,2108.0,0.695383225087296,0.7023452111786048,64.0,69.0,0.5470085470085471
2040,0.691,0.0,2110.0,0.6962926741670494,0.7025584616492274,63.0,70.0,0.5384615384615384
2041,0.689,0.0,2113.0,0.6972804097517169,0.7023556976122811,63.0,72.0,0.5384615384615384
2042,0.698,0.0,2116.0,0.698354950123208,0.702465933290265,62.0,74.0,0.5299145299145299
2043,0.704,0.0,2119.0,0.6994281691531128,0.7027580655184289,62.0,76.0,0.5299145299145299
2044,0.704,0.0,2124.0,0.7004631704904148,0.7026479154956987,62.0,80.0,0.5299145299145299
2045,0.708,0.0,2130.0,0.7014521727430397,0.7027422428212098,62.0,85.0,0.5299145299145299
2046,0.708,1.0,2106.0,0.7017817674090252,0.7197518704081696,60.0,60.0,0.5128205128205128
2047,0.707,1.0,2104.0,0.7023830121773538,0.7270333592269345,60.0,57.0,0.5128205128205128
2048,0.706,1.0,2105.0,0.7031656550597476,0.7278160021093283,59.0,57.0,0.5042735042735043
2049,0.706,1.0,2106.0,0.7039248360441743,0.728575183093755,59.0,57.0,0.5042735042735043
2050,0.705,1.0,2108.0,0.7047522567524656,0.7269375690970882,59.0,58.0,0.5042735042735043
2051,0.708,1.0,2109.0,0.7055031644327008,0.7276884767773234,58.0,58.0,0.49572649572649574
2052,0.706,1.0,2110.0,0.7062341760902036,0.7284194884348262,57.0,58.0,0.48717948717948717
2053,0.707,1.0,2112.0,0.7070509145666753,0.7270176956768357,58.0,59.0,0.49572649572649574
2054,0.712,1.0,2113.0,0.7078026436478562,0.7277694247580165,59.0,59.0,0.5042735042735043
2055,0.716,1.0,2114.0,0.7085152702688959,0.7284820513790563,59.0,59.0,0.5042735042735043
2056,0.717,1.0,2116.0,0.7092197978143991,0.7271899008135435,60.0,60.0,0.5128205128205128
2057,0.719,1.0,2117.0,0.7097762506736129,0.7277463536727573,61.0,60.0,0.5213675213675214
2058,0.717,1.0,2118.0,0.7102368190775652,0.7282069220767096,62.0,60.0,0.5299145299145299
2059,0.719,1.0,2119.0,0.7106284548992821,0.7285985578984264,63.0,60.0,0.5384615384615384
2060,0.716,1.0,2120.0,0.7109332401359265,0.7289033431350709,64.0,60.0,0.5470085470085471
2061,0.713,1.0,2122.0,0.7112473756643882,0.7274204683636182,65.0,61.0,0.5555555555555556
2062,0.713,1.0,2123.0,0.7114882918484355,0.7276613845476655,66.0,61.0,0.5641025641025641
2063,0.712,1.0,2124.0,0.7117184549046203,0.7278915476038502,67.0,61.0,0.5726495726495726
2064,0.716,1.0,2125.0,0.7119522313079766,0.7281253240072065,68.0,61.0,0.5811965811965812
2065,0.713,1.0,2126.0,0.7121476890081126,0.7283207817073426,69.0,61.0,0.5897435897435898
2066,0.713,1.0,2127.0,0.7123397202154937,0.7285128129147237,70.0,61.0,0.5982905982905983
2067,0.711,1.0,2128.0,0.7125302032455805,0.7287032959448104,71.0,61.0,0.6068376068376068
2068,0.715,1.0,2129.0,0.7127436215053254,0.7289167142045554,72.0,61.0,0.6153846153846154
2069,0.716,1.0,2131.0,0.7129943714942644,0.7275501549235713,73.0,62.0,0.6239316239316239
2070,0.715,1.0,2132.0,0.7131628871270427,0.7277186705563496,74.0,62.0,0.6324786324786325
2071,0.717,1.0,2133.0,0.7133169735876494,0.7278727570169564,75.0,62.0,0.6410256410256411
2072,0.721,1.0,2134.0,0.7134357759834076,0.7279915594127145,76.0,62.0,0.6495726495726496
2073,0.723,1.0,2135.0,0.7134760166777191,0.7280318001070261,77.0,62.0,0.6581196581196581
2074,0.717,1.0,2136.0,0.7134161350734697,0.7279719185027766,78.0,62.0,0.6666666666666666
2075,0.717,1.0,2137.0,0.7133220635377201,0.7278778469670271,79.0,62.0,0.6752136752136753
2076,0.716,1.0,2138.0,0.713192756831184,0.727748540260491,80.0,62.0,0.6837606837606838
2077,0.714,1.0,2139.0,0.713037889323789,0.7275936727530959,81.0,62.0,0.6923076923076923
2078,0.716,1.0,2140.0,0.7128781157064478,0.7274338991357547,79.0,62.0,0.6752136752136753
2079,0.715,1.0,2140.0,0.7126328394797994,0.7288059321790293,78.0,61.0,0.6666666666666666
2080,0.71,1.0,2141.0,0.7124240811664984,0.7285971738657283,78.0,61.0,0.6666666666666666
2081,0.706,1.0,2142.0,0.7122486241796119,0.7284217168788418,78.0,61.0,0.6666666666666666
2082,0.704,1.0,2143.0,0.7121485463459594,0.7283216390451893,78.0,61.0,0.6666666666666666
2083,0.705,1.0,2144.0,0.712144668498595,0.728317761197825,77.0,61.0,0.6581196581196581
2084,0.708,1.0,2145.0,0.7122263727049212,0.7283994654041511,77.0,61.0,0.6581196581196581
2085,0.713,1.0,2146.0,0.7123611483345781,0.728534241033808,77.0,61.0,0.6581196581196581
2086,0.717,1.0,2147.0,0.7124949288268523,0.7286680215260822,77.0,61.0,0.6581196581196581
2087,0.721,1.0,2148.0,0.7125843220673569,0.7287574147665868,77.0,61.0,0.6581196581196581
2088,0.717,1.0,2149.0,0.7125854001892489,0.7287584928884788,77.0,61.0,0.6581196581196581
2089,0.711,1.0,2150.0,0.7125442284132197,0.7287173211124497,69.0,61.0,0.5897435897435898
2090,0.708,1.0,2151.0,0.712527347915767,0.728700440614997,68.0,61.0,0.5811965811965812
2091,0.707,1.0,2152.0,0.7125675810072865,0.7287406737065164,68.0,61.0,0.5811965811965812
2092,0.705,1.0,2153.0,0.7126759495675346,0.7288490422667645,67.0,61.0,0.5726495726495726
2093,0.706,1.0,2155.0,0.712931626010735,0.727487409440042,67.0,62.0,0.5726495726495726
2094,0.713,1.0,2156.0,0.7132136893772041,0.727769472806511,66.0,62.0,0.5641025641025641
2095,0.718,1.0,2157.0,0.71350388043501,0.728059663864317,66.0,62.0,0.5641025641025641
2096,0.722,1.0,2158.0,0.7137498832955618,0.7283056667248687,66.0,62.0,0.5641025641025641
2097,0.723,1.0,2159.0,0.7139100022014092,0.7284657856307162,65.0,62.0,0.5555555555555556
2098,0.723,1.0,2160.0,0.7139748438528861,0.7285306272821931,65.0,62.0,0.5555555555555556
2099,0.727,1.0,2161.0,0.7139449831549525,0.7285007665842594,66.0,62.0,0.5641025641025641
2100,0.726,1.0,2162.0,0.7137755596073059,0.7283313430366128,66.0,62.0,0.5641025641025641
2101,0.726,1.0,2163.0,0.7134757099059311,0.7280314933352381,66.0,62.0,0.5641025641025641
2102,0.722,1.0,2164.0,0.7130423092328229,0.7275980926621298,66.0,62.0,0.5641025641025641
2103,0.716,1.0,2164.0,0.7124589083984949,0.7286320010977249,67.0,61.0,0.5726495726495726
2104,0.713,1.0,2165.0,0.7118985561911315,0.7280716488903615,66.0,61.0,0.5641025641025641
2105,0.709,1.0,2166.0,0.7113322051281448,0.7275052978273747,66.0,61.0,0.5641025641025641
2106,0.7,1.0,2166.0,0.7107356127751883,0.7287057157743326,64.0,60.0,0.5470085470085471
2107,0.701,1.0,2167.0,0.7103275371949145,0.7282976401940588,65.0,60.0,0.5555555555555556
2108,0.703,1.0,2168.0,0.7100298349764563,0.7279999379756007,64.0,60.0,0.5470085470085471
2109,0.702,1.0,2169.0,0.7098175246562036,0.727787627655348,64.0,60.0,0.5470085470085471
2110,0.699,1.0,2170.0,0.7096989232760575,0.7276690262752019,63.0,60.0,0.5384615384615384
2111,0.702,1.0,2171.0,0.709705753179821,0.7276758561789654,64.0,60.0,0.5470085470085471
2112,0.71,1.0,2172.0,0.7098051919876321,0.7277752949867765,64.0,60.0,0.5470085470085471
2113,0.717,1.0,2173.0,0.7099097488826615,0.7278798518818058,63.0,60.0,0.5384615384615384
2114,0.717,1.0,2174.0,0.7099420890262896,0.727912192025434,63.0,60.0,0.5384615384615384
2115,0.717,1.0,2175.0,0.7099028176601185,0.7278729206592629,64.0,60.0,0.5470085470085471
2116,0.714,1.0,2176.0,0.7097919618751332,0.7277620648742775,63.0,60.0,0.5384615384615384
2117,0.708,1.0,2177.0,0.7096415665260289,0.7276116695251733,63.0,60.0,0.5384615384615384
2118,0.707,1.0,2178.0,0.7095166555938854,0.7274867585930298,63.0,60.0,0.5384615384615384
2119,0.702,1.0,2179.0,0.7094262240284983,0.7273963270276427,62.0,60.0,0.5299145299145299
2120,0.697,1.0,2180.0,0.7094244915620391,0.7273945945611835,62.0,60.0,0.5299145299145299
2121,0.695,1.0,2181.0,0.7095681483702074,0.7275382513693518,63.0,60.0,0.5384615384615384
2122,0.696,1.0,2182.0,0.7098809655722385,0.7278510685713828,63.0,60.0,0.5384615384615384
2123,0.69,1.0,2183.0,0.7103543998406114,0.7283245028397558,63.0,60.0,0.5384615384615384
2124,0.692,1.0,2185.0,0.71112371810685,0.72729681080608,62.0,61.0,0.5299145299145299
2125,0.702,1.0,2186.0,0.7120494866197054,0.7282225793189353,62.0,61.0,0.5299145299145299
2126,0.71,1.0,2188.0,0.7131487568941917,0.7277045403234986,62.0,62.0,0.5299145299145299
2127,0.71,1.0,2189.0,0.7142326043800937,0.7287883878094007,62.0,62.0,0.5299145299145299
2128,0.707,1.0,2191.0,0.7154195588744485,0.7285197639608247,62.0,63.0,0.5299145299145299
2129,0.706,1.0,2193.0,0.7167003122373761,0.7284904968151147,62.0,64.0,0.5299145299145299
2130,0.716,1.0,2195.0,0.7180999703692172,0.728711136489182,62.0,65.0,0.5299145299145299
2131,0.725,1.0,2198.0,0.7195535009997364,0.7281485455569078,62.0,67.0,0.5299145299145299
2132,0.731,1.0,2200.0,0.7209087626237238,0.7286443027251781,62.0,68.0,0.5299145299145299
2133,0.736,1.0,2203.0,0.7221755856117653,0.7284413730939433,62.0,70.0,0.5299145299145299
2134,0.736,1.0,2205.0,0.7232643491032968,0.728903557837257,62.0,71.0,0.5299145299145299
2135,0.734,1.0,2208.0,0.7242287444019874,0.7287965034764952,62.0,73.0,0.5299145299145299
2136,0.735,1.0,2211.0,0.7250784448558263,0.7287783297061776,62.0,75.0,0.5299145299145299
2137,0.735,1.0,2214.0,0.7258143498508973,0.7288112565796818,62.0,77.0,0.5299145299145299
2138,0.735,1.0,2217.0,0.7264453813185381,0.7288728757688535,62.0,79.0,0.5299145299145299
2139,0.735,1.0,2221.0,0.7269845266079495,0.7287541700622295,62.0,82.0,0.5299145299145299
2140,0.737,1.0,2224.0,0.7274250408293961,0.7288584520273629,61.0,84.0,0.5213675213675214
2141,0.738,1.0,2227.0,0.7277573257300387,0.7289183888003918,61.0,86.0,0.5213675213675214
2142,0.739,0.0,2223.0,0.727939019768638,0.7299052902733935,61.0,81.0,0.5213675213675214
2143,0.735,0.0,2216.0,0.7279376887525633,0.732505447827071,61.0,73.0,0.5213675213675214
2144,0.728,0.0,2217.0,0.7279484615160611,0.7325162205905689,61.0,73.0,0.5213675213675214
2145,0.728,0.0,2217.0,0.7279429100731816,0.7330181979337458,61.0,72.0,0.5213675213675214
2146,0.727,0.0,2217.0,0.7279367242977819,0.7335759330317421,61.0,71.0,0.5213675213675214
2147,0.726,0.0,2217.0,0.7279409465701352,0.7342067340523132,61.0,70.0,0.5213675213675214
2148,0.72,0.0,2216.0,0.7279400595161509,0.7356755996176052,61.0,68.0,0.5213675213675214
2149,0.709,0.0,2213.0,0.7279409247697853,0.739731109347524,61.0,64.0,0.5213675213675214
2150,0.718,0.0,2208.0,0.7279472537613002,0.7501325661059228,61.0,58.0,0.5213675213675214
2151,0.73,0.0,2205.0,0.7280258078369997,0.761839726972227,61.0,54.0,0.5213675213675214
2152,0.737,0.0,2203.0,0.728061986913542,0.7744459637794231,61.0,51.0,0.5213675213675214
2153,0.737,0.0,2202.0,0.7280781506646574,0.785342319634881,61.0,49.0,0.5213675213675214
2154,0.734,0.0,2202.0,0.7281680241018658,0.7917948785132253,62.0,48.0,0.5299145299145299
2155,0.731,0.0,2202.0,0.7281930978068722,0.7988896027083828,62.0,47.0,0.5299145299145299
2156,0.731,0.0,2202.0,0.7281869837097329,0.8067386558225225,62.0,46.0,0.5299145299145299
2157,0.733,0.0,2202.0,0.728149613876035,0.8154292495569123,62.0,45.0,0.5299145299145299
2158,0.735,0.0,2202.0,0.7280583508631818,0.8250357238419344,62.0,44.0,0.5299145299145299
2159,0.737,0.0,2203.0,0.728251326731628,0.8252286997103805,62.0,44.0,0.5299145299145299
2160,0.738,0.0,2203.0,0.7280218636347768,0.8357745002778352,62.0,43.0,0.5299145299145299
2161,0.737,0.0,2204.0,0.7280881567796325,0.8358407934226908,62.0,43.0,0.5299145299145299
2162,0.735,0.0,2205.0,0.7281023301971588,0.8358549668402171,62.0,43.0,0.5299145299145299
2163,0.732,0.0,2206.0,0.7280811491125059,0.8358337857555642,62.0,43.0,0.5299145299145299
2164,0.732,0.0,2207.0,0.7280543087987816,0.83580694544184,61.0,43.0,0.5213675213675214
2165,0.733,0.0,2208.0,0.7280154995673915,0.8357681362104499,61.0,43.0,0.5213675213675214
2166,0.733,0.0,2209.0,0.7279585100134599,0.8357111466565182,60.0,43.0,0.5128205128205128
2167,0.732,0.0,2211.0,0.7282504836821581,0.8252278566609106,60.0,44.0,0.5128205128205128
2168,0.73,0.0,2212.0,0.7281761770625702,0.8251535500413227,60.0,44.0,0.5128205128205128
2169,0.734,0.0,2213.0,0.7281203456521463,0.8250977186308989,60.0,44.0,0.5128205128205128
2170,0.733,0.0,2214.0,0.7280427735260862,0.8250201465048387,60.0,44.0,0.5128205128205128
2171,0.729,0.0,2215.0,0.7279498307880703,0.8249272037668228,60.0,44.0,0.5128205128205128
2172,0.73,0.0,2217.0,0.7282150095386402,0.8154946452195174,60.0,45.0,0.5128205128205128
2173,0.734,0.0,2218.0,0.7281552438301812,0.8154348795110584,60.0,45.0,0.5128205128205128
2174,0.73,0.0,2219.0,0.7280567202772061,0.8153363559580834,60.0,45.0,0.5128205128205128
2175,0.729,0.0,2220.0,0.727966693233296,0.8152463289141733,60.0,45.0,0.5128205128205128
2176,0.733,0.0,2222.0,0.7282083317812659,0.8067600038940554,60.0,46.0,0.5128205128205128
2177,0.736,0.0,2223.0,0.7281321344651859,0.8066838065779754,60.0,46.0,0.5128205128205128
2178,0.739,0.0,2224.0,0.7280002264906839,0.8065518986034734,60.0,46.0,0.5128205128205128
2179,0.734,0.0,2226.0,0.7280474891735236,0.7987439940750342,60.0,47.0,0.5128205128205128
2180,0.726,0.0,2228.0,0.7280068085567215,0.791633662968081,60.0,48.0,0.5128205128205128
2181,0.731,0.0,2230.0,0.7279825989324203,0.7852467679026439,60.0,49.0,0.5128205128205128
2182,0.735,0.0,2232.0,0.7279397211744862,0.7794774732476875,60.0,50.0,0.5128205128205128
2183,0.729,0.0,2235.0,0.727989829425035,0.769735408604328,60.0,52.0,0.5128205128205128
2184,0.73,0.0,2238.0,0.7279737573340409,0.7617876764692683,61.0,54.0,0.5213675213675214
2185,0.737,0.0,2242.0,0.727968702741606,0.7526190497911867,61.0,57.0,0.5213675213675214
2186,0.735,0.0,2249.0,0.7279568039645552,0.7410570090509314,61.0,63.0,0.5213675213675214
2187,0.731,1.0,2274.0,0.7278892530329165,0.7289342097962344,62.0,87.0,0.5299145299145299
2188,0.73,1.0,2272.0,0.7273730191584455,0.7288064303564123,62.0,84.0,0.5299145299145299
2189,0.73,1.0,2270.0,0.7268231861081591,0.7287894566129146,62.0,81.0,0.5299145299145299
2190,0.732,1.0,2268.0,0.7262322795389562,0.7289294955948623,63.0,78.0,0.5384615384615384
2191,0.73,1.0,2267.0,0.7255815594887549,0.728911455854071,63.0,76.0,0.5384615384615384
2192,0.732,1.0,2267.0,0.7248918673132421,0.7285917521635934,64.0,75.0,0.5470085470085471
2193,0.734,1.0,2266.0,0.7241078121539083,0.7286755712284161,64.0,73.0,0.5470085470085471
2194,0.734,1.0,2265.0,0.7232088838777305,0.7288480926116907,65.0,71.0,0.5555555555555556
2195,0.732,1.0,2265.0,0.7222069790607182,0.7284727665428962,65.0,70.0,0.5555555555555556
2196,0.724,1.0,2264.0,0.7210707234035907,0.728806263505045,66.0,68.0,0.5641025641025641
2197,0.718,1.0,2264.0,0.7199249057754361,0.7285199503326075,67.0,67.0,0.5726495726495726
2198,0.703,1.0,2264.0,0.7188004759892307,0.7283505254971989,67.0,66.0,0.5726495726495726
2199,0.696,1.0,2264.0,0.7178516070473504,0.7284627731673151,68.0,65.0,0.5811965811965812
2200,0.694,1.0,2265.0,0.7171844599645166,0.7277956260844813,68.0,65.0,0.5811965811965812
2201,0.698,1.0,2265.0,0.7167398843897312,0.7285300689674699,69.0,64.0,0.5897435897435898
2202,0.701,1.0,2266.0,0.7165472154891501,0.7283374000668887,64.0,64.0,0.5470085470085471
2203,0.708,1.0,2267.0,0.716532096376213,0.7283222809539516,61.0,64.0,0.5213675213675214
2204,0.717,1.0,2268.0,0.7166163144525045,0.7284064990302431,61.0,64.0,0.5213675213675214
2205,0.728,1.0,2269.0,0.7167003214563248,0.7284905060340634,59.0,64.0,0.5042735042735043
2206,0.728,1.0,2270.0,0.7166635980412825,0.7284537826190212,59.0,64.0,0.5042735042735043
2207,0.722,1.0,2271.0,0.7165057175533527,0.7282959021310913,59.0,64.0,0.5042735042735043
2208,0.706,1.0,2272.0,0.7162912573421005,0.7280814419198391,57.0,64.0,0.48717948717948717
2209,0.701,1.0,2273.0,0.7161954881868628,0.7279856727646015,57.0,64.0,0.48717948717948717
2210,0.706,1.0,2274.0,0.7162729511843522,0.7280631357620908,58.0,64.0,0.49572649572649574
2211,0.71,1.0,2275.0,0.7164686970592126,0.7282588816369512,57.0,64.0,0.48717948717948717
2212,0.709,1.0,2276.0,0.7167401770799511,0.7285303616576897,57.0,64.0,0.48717948717948717
2213,0.714,1.0,2277.0,0.7171020214365385,0.7288922060142771,56.0,64.0,0.47863247863247865
2214,0.728,1.0,2279.0,0.7175429430332023,0.728154109153167,55.0,65.0,0.4700854700854701
2215,0.733,1.0,2280.0,0.7178322338131717,0.7284433999331364,55.0,65.0,0.4700854700854701
2216,0.729,1.0,2281.0,0.717957165721465,0.7285683318414297,54.0,65.0,0.46153846153846156
2217,0.728,1.0,2282.0,0.71796353224107,0.7285746983610347,49.0,65.0,0.4188034188034188
2218,0.72,1.0,2283.0,0.7178624146953683,0.728473580815333,49.0,65.0,0.4188034188034188
2219,0.705,1.0,2284.0,0.7177412992037489,0.7283524653237136,49.0,65.0,0.4188034188034188
2220,0.7,1.0,2285.0,0.7177658138705296,0.7283769799904943,49.0,65.0,0.4188034188034188
2221,0.72,1.0,2286.0,0.7179916246765483,0.728602790796513,49.0,65.0,0.4188034188034188
2222,0.73,1.0,2287.0,0.7181991189353747,0.7288102850553394,49.0,65.0,0.4188034188034188
2223,0.737,1.0,2288.0,0.7182792117864497,0.7288903779064144,48.0,65.0,0.41025641025641024
2224,0.74,1.0,2289.0,0.7181555459308683,0.728766712050833,47.0,65.0,0.4017094017094017
2225,0.738,1.0,2290.0,0.7177937211355707,0.7284048872555354,48.0,65.0,0.41025641025641024
2226,0.73,1.0,2291.0,0.7172118834990329,0.7278230496189976,48.0,65.0,0.41025641025641024
2227,0.71,1.0,2291.0,0.7164510623299993,0.728241246907738,48.0,64.0,0.41025641025641024
2228,0.696,1.0,2291.0,0.7157619196312988,0.728862124717675,48.0,63.0,0.41025641025641024
2229,0.689,1.0,2292.0,0.715343237771884,0.7284434428582602,49.0,63.0,0.4188034188034188
2230,0.7,1.0,2293.0,0.7152222780013804,0.7283224830877566,49.0,63.0,0.4188034188034188
2231,0.714,1.0,2294.0,0.715275536153719,0.7283757412400952,50.0,63.0,0.42735042735042733
2232,0.727,1.0,2295.0,0.7153480484305925,0.7284482535169687,50.0,63.0,0.42735042735042733
2233,0.735,1.0,2296.0,0.7152963139764169,0.7283965190627931,51.0,63.0,0.4358974358974359
2234,0.739,1.0,2297.0,0.7150307449678293,0.7281309500542055,52.0,63.0,0.4444444444444444
2235,0.741,1.0,2298.0,0.7145038772451748,0.727604082331551,52.0,63.0,0.4444444444444444
2236,0.738,1.0,2298.0,0.7136368125995337,0.7281925960288407,53.0,62.0,0.452991452991453
2237,0.729,1.0,2298.0,0.7124990458716653,0.7286721385708953,54.0,61.0,0.46153846153846156
2238,0.714,1.0,2299.0,0.711240414419781,0.727413507119011,54.0,61.0,0.46153846153846156
2239,0.7,1.0,2299.0,0.7098948896162252,0.7278649926153695,55.0,60.0,0.4700854700854701
2240,0.692,1.0,2299.0,0.7086593080306276,0.728626089140788,56.0,59.0,0.47863247863247865
2241,0.686,1.0,2300.0,0.7076854392540624,0.7276522203642227,57.0,59.0,0.48717948717948717
2242,0.688,1.0,2301.0,0.7069601807411892,0.7269269618513495,57.0,59.0,0.48717948717948717
2243,0.693,1.0,2301.0,0.7063766424553951,0.7285619548000177,58.0,58.0,0.49572649572649574
2244,0.696,1.0,2302.0,0.7060268550707391,0.7282121674153618,59.0,58.0,0.5042735042735043
2245,0.7,1.0,2303.0,0.7057967558113176,0.7279820681559402,60.0,58.0,0.5128205128205128
2246,0.704,1.0,2304.0,0.7056392034564858,0.7278245158011084,61.0,58.0,0.5213675213675214
2247,0.708,1.0,2305.0,0.7055082014802427,0.7276935138248654,62.0,58.0,0.5299145299145299
2248,0.708,1.0,2306.0,0.7053583052433565,0.7275436175879791,63.0,58.0,0.5384615384615384
2249,0.709,1.0,2307.0,0.7051881177911279,0.7273734301357505,63.0,58.0,0.5384615384615384
2250,0.711,1.0,2308.0,0.7049841115991473,0.7271694239437699,64.0,58.0,0.5470085470085471
2251,0.706,1.0,2309.0,0.7047208635913103,0.7269061759359329,65.0,58.0,0.5555555555555556
2252,0.702,1.0,2310.0,0.7044514947574758,0.7266368071020984,66.0,58.0,0.5641025641025641
2253,0.701,1.0,2310.0,0.7041337011627051,0.7287840482122858,67.0,57.0,0.5726495726495726
2254,0.701,1.0,2311.0,0.7039434896178495,0.7285938366674302,68.0,57.0,0.5811965811965812
2255,0.699,1.0,2312.0,0.70379551930534,0.7284458663549207,69.0,57.0,0.5897435897435898
2256,0.691,1.0,2313.0,0.7037101348032127,0.7283604818527933,70.0,57.0,0.5982905982905983
2257,0.695,1.0,2314.0,0.7037750168063281,0.7284253638559088,71.0,57.0,0.6068376068376068
2258,0.696,1.0,2315.0,0.7039464158336538,0.7285967628832345,72.0,57.0,0.6153846153846154
2259,0.699,1.0,2316.0,0.7042153587373191,0.7288657057868998,73.0,57.0,0.6239316239316239
2260,0.703,1.0,2318.0,0.7046345202125659,0.7268198325571885,74.0,58.0,0.6324786324786325
2261,0.706,1.0,2319.0,0.7049974755212328,0.7271827878658554,75.0,58.0,0.6410256410256411
2262,0.705,1.0,2320.0,0.7053583526176452,0.7275436649622679,76.0,58.0,0.6495726495726496
2263,0.703,1.0,2321.0,0.7057319921229055,0.7279173044675281,77.0,58.0,0.6581196581196581
2264,0.694,1.0,2322.0,0.7061444525443296,0.7283297648889522,74.0,58.0,0.6324786324786325
2265,0.697,1.0,2323.0,0.7067004335402908,0.7288857458849134,71.0,58.0,0.6068376068376068
2266,0.704,1.0,2325.0,0.7074499492015964,0.7274167303117568,70.0,59.0,0.5982905982905983
2267,0.711,1.0,2326.0,0.7081694061520898,0.7281361872622502,68.0,59.0,0.5811965811965812
2268,0.713,1.0,2327.0,0.7088653672457763,0.7288321483559367,67.0,59.0,0.5726495726495726
2269,0.707,1.0,2329.0,0.7095926594184234,0.7275627624175678,67.0,60.0,0.5726495726495726
2270,0.714,1.0,2330.0,0.7102855419871805,0.7282556449863249,66.0,60.0,0.5641025641025641
2271,0.72,1.0,2331.0,0.7109437922804007,0.7289138952795451,66.0,60.0,0.5641025641025641
2272,0.72,1.0,2333.0,0.7115696476871058,0.7277427403863358,65.0,61.0,0.5555555555555556
2273,0.718,1.0,2334.0,0.712046120464285,0.7282192131635149,65.0,61.0,0.5555555555555556
2274,0.717,1.0,2335.0,0.7124626784333208,0.7286357711325507,64.0,61.0,0.5470085470085471
2275,0.712,1.0,2337.0,0.71289130944118,0.7274470928704869,64.0,62.0,0.5470085470085471
2276,0.703,1.0,2338.0,0.7132799175501119,0.7278357009794189,64.0,62.0,0.5470085470085471
2277,0.703,1.0,2339.0,0.7137882934847364,0.7283440769140433,64.0,62.0,0.5470085470085471
2278,0.709,1.0,2341.0,0.7144729161944725,0.7275731212808487,65.0,63.0,0.5555555555555556
2279,0.714,1.0,2342.0,0.715172525945724,0.7282727310321002,65.0,63.0,0.5555555555555556
2280,0.717,1.0,2344.0,0.7159351031237972,0.7277252877015358,65.0,64.0,0.5555555555555556
2281,0.72,1.0,2345.0,0.7166451905936451,0.7284353751713837,65.0,64.0,0.5555555555555556
2282,0.722,1.0,2347.0,0.7173627058190524,0.7279738719390171,65.0,65.0,0.5555555555555556
2283,0.722,1.0,2348.0,0.7179921875572837,0.7286033536772484,65.0,65.0,0.5555555555555556
2284,0.717,1.0,2350.0,0.7186168182226158,0.728166867730584,65.0,66.0,0.5555555555555556
2285,0.718,1.0,2351.0,0.7192271745782637,0.7287772240862319,65.0,66.0,0.5555555555555556
2286,0.716,1.0,2353.0,0.7198873960790317,0.7284824406362032,65.0,67.0,0.5555555555555556
2287,0.716,1.0,2355.0,0.7205915753761611,0.7283271154776154,65.0,68.0,0.5555555555555556
2288,0.711,1.0,2357.0,0.7213473910206785,0.7283093771119873,65.0,69.0,0.5555555555555556
2289,0.716,1.0,2359.0,0.7222188079194882,0.7284845954016662,65.0,70.0,0.5555555555555556
2290,0.726,1.0,2361.0,0.7231594512976023,0.7287986600315625,65.0,71.0,0.5555555555555556
2291,0.734,1.0,2364.0,0.7240867004764053,0.7286544595509131,63.0,73.0,0.5384615384615384
2292,0.738,1.0,2367.0,0.7248982887845055,0.7285981736348568,63.0,75.0,0.5384615384615384
2293,0.737,1.0,2369.0,0.7255482309594041,0.7288781273247202,63.0,76.0,0.5384615384615384
2294,0.737,1.0,2372.0,0.7260815639656839,0.72877878002159,63.0,78.0,0.5384615384615384
2295,0.737,1.0,2374.0,0.7264817421303247,0.7289092365806401,63.0,79.0,0.5384615384615384
2296,0.739,1.0,2377.0,0.7267728112073117,0.7287390817120672,63.0,81.0,0.5384615384615384
2297,0.739,1.0,2378.0,0.7269123820415544,0.7288786525463099,63.0,81.0,0.5384615384615384
2298,0.738,1.0,2379.0,0.7269184325177935,0.728884703022549,61.0,81.0,0.5213675213675214
2299,0.734,1.0,2380.0,0.7268021420095339,0.7287684125142894,59.0,81.0,0.5042735042735043
2300,0.729,1.0,2380.0,0.726598871238866,0.7287836162441499,59.0,80.0,0.5042735042735043
2301,0.729,1.0,2380.0,0.7263689212597414,0.7287964157100568,58.0,79.0,0.49572649572649574
2302,0.729,1.0,2380.0,0.7261097370723918,0.7288069531282979,58.0,78.0,0.49572649572649574
2303,0.727,1.0,2380.0,0.7258184388525133,0.7288153455812978,58.0,77.0,0.49572649572649574
2304,0.724,1.0,2380.0,0.72551401217544,0.7288439085407561,58.0,76.0,0.49572649572649574
2305,0.723,1.0,2380.0,0.7252264078558721,0.7289262927062234,58.0,75.0,0.49572649572649574
2306,0.726,1.0,2381.0,0.7249782046292237,0.728678089479575,58.0,75.0,0.49572649572649574
2307,0.731,1.0,2381.0,0.7247054512156086,0.7288164343826655,58.0,74.0,0.49572649572649574
2308,0.731,1.0,2381.0,0.7243627583710561,0.7289305174455639,58.0,73.0,0.49572649572649574
2309,0.723,1.0,2382.0,0.723964397106893,0.7285321561814008,58.0,73.0,0.49572649572649574
2310,0.72,1.0,2382.0,0.7235604805275001,0.7286357683880643,57.0,72.0,0.48717948717948717
2311,0.715,1.0,2382.0,0.7231961248428568,0.728835333576817,57.0,71.0,0.48717948717948717
2312,0.717,1.0,2383.0,0.7229451862866371,0.7285843950205972,57.0,71.0,0.48717948717948717
2313,0.717,1.0,2384.0,0.7227625699433322,0.7284017786772924,57.0,71.0,0.48717948717948717
2314,0.715,1.0,2384.0,0.7226238412757588,0.7288896287579368,57.0,70.0,0.48717948717948717
2315,0.713,1.0,2385.0,0.7225947861721363,0.7288605736543143,57.0,70.0,0.48717948717948717
2316,0.713,1.0,2387.0,0.7226973369980307,0.7283365457319909,57.0,71.0,0.48717948717948717
2317,0.713,1.0,2388.0,0.722887414997474,0.7285266237314342,58.0,71.0,0.49572649572649574
2318,0.711,1.0,2389.0,0.7231896919511778,0.728828900685138,58.0,71.0,0.49572649572649574
2319,0.716,1.0,2391.0,0.723649640280992,0.7287249281415562,58.0,72.0,0.49572649572649574
2320,0.722,1.0,2393.0,0.7241941705772867,0.7287619296517945,58.0,73.0,0.49572649572649574
2321,0.725,1.0,2395.0,0.7247625300114902,0.7288735131785471,58.0,74.0,0.49572649572649574
2322,0.725,1.0,2398.0,0.7253408123238834,0.7286707086891995,58.0,76.0,0.49572649572649574
2323,0.726,1.0,2400.0,0.7259084643517295,0.728905371080514,58.0,77.0,0.49572649572649574
2324,0.729,1.0,2403.0,0.7264843373606744,0.7289118318109898,59.0,79.0,0.5042735042735043
2325,0.732,1.0,2407.0,0.7270368970174916,0.7288065404717716,59.0,82.0,0.5042735042735043
2326,0.737,1.0,2411.0,0.7275290998484243,0.7288191699265943,59.0,85.0,0.5042735042735043
2327,0.739,1.0,2415.0,0.7279116232253702,0.7288520843123562,59.0,88.0,0.5042735042735043
2328,0.738,0.0,2397.0,0.7279505678990819,0.7349125539903907,60.0,69.0,0.5128205128205128
2329,0.736,0.0,2394.0,0.7279625715893805,0.7385737377093452,60.0,65.0,0.5128205128205128
2330,0.732,0.0,2394.0,0.7279750299269846,0.7397652145047232,60.0,64.0,0.5128205128205128
2331,0.729,0.0,2394.0,0.7279427663748883,0.7410429714612645,60.0,63.0,0.5128205128205128
2332,0.725,0.0,2395.0,0.7279494328916631,0.7410496379780394,61.0,63.0,0.5213675213675214
2333,0.725,0.0,2395.0,0.7279432614867767,0.7424990449160837,61.0,62.0,0.5213675213675214
2334,0.723,0.0,2395.0,0.7279697929872992,0.7441428856865292,61.0,61.0,0.5213675213675214
2335,0.724,0.0,2394.0,0.7279820284851426,0.747948809595303,61.0,59.0,0.5213675213675214
2336,0.726,0.0,2393.0,0.7280153677116851,0.7526657147612658,62.0,57.0,0.5299145299145299
2337,0.733,0.0,2392.0,0.7280406957999499,0.7584732230216544,62.0,55.0,0.5299145299145299
2338,0.734,0.0,2391.0,0.7279747634624509,0.7655457847238146,62.0,53.0,0.5299145299145299
2339,0.733,0.0,2391.0,0.7279615319356527,0.7697071111149457,62.0,52.0,0.5299145299145299
2340,0.735,0.0,2392.0,0.7280564434706087,0.7698020226499017,63.0,52.0,0.5384615384615384
2341,0.734,0.0,2393.0,0.7280903972679101,0.7698359764472031,63.0,52.0,0.5384615384615384
2342,0.731,0.0,2394.0,0.7280724428824049,0.7698180220616979,63.0,52.0,0.5384615384615384
2343,0.727,0.0,2395.0,0.728038306774434,0.769783885953727,64.0,52.0,0.5470085470085471
2344,0.728,0.0,2396.0,0.7280309775018379,0.7697765566811309,64.0,52.0,0.5470085470085471
2345,0.727,0.0,2397.0,0.7280398337724376,0.7697854129517306,64.0,52.0,0.5470085470085471
2346,0.724,0.0,2398.0,0.7280754039882692,0.7698209831675622,65.0,52.0,0.5555555555555556
2347,0.723,0.0,2398.0,0.7280126956209749,0.7743966724868561,65.0,51.0,0.5555555555555556
2348,0.721,0.0,2398.0,0.7280056838716918,0.7795434359448931,65.0,50.0,0.5555555555555556
2349,0.715,0.0,2398.0,0.7280765130543163,0.7853406820245399,66.0,49.0,0.5641025641025641
2350,0.716,0.0,2397.0,0.7280495152669455,0.7987460201684561,66.0,47.0,0.5641025641025641
2351,0.718,0.0,2396.0,0.7280734065932254,0.8153530422741027,66.0,45.0,0.5641025641025641
2352,0.719,0.0,2395.0,0.7281077403906437,0.8358603770337021,67.0,43.0,0.5726495726495726
2353,0.72,0.0,2394.0,0.7281159209197816,0.8611438673926931,67.0,41.0,0.5726495726495726
2354,0.726,0.0,2393.0,0.7280601020698307,0.8922921347524375,68.0,39.0,0.5811965811965812
2355,0.731,0.0,2393.0,0.7285410812045158,0.9110211175185233,68.0,38.0,0.5811965811965812
2356,0.734,0.0,2392.0,0.7281986565216467,0.9534826519710388,69.0,36.0,0.5897435897435898
2357,0.739,0.0,2392.0,0.7285082467146398,0.9788237972139642,69.0,35.0,0.5897435897435898
2358,0.744,0.0,2392.0,0.7287012618711286,1.0068296513148223,70.0,34.0,0.5982905982905983
2359,0.747,0.0,2392.0,0.7287242910484079,1.0377558348747342,70.0,33.0,0.5982905982905983
2360,0.747,0.0,2392.0,0.7285442567928917,1.0719126388221434,71.0,32.0,0.6068376068376068
2361,0.748,0.0,2392.0,0.7281591587239631,1.1096795832009092,71.0,31.0,0.6068376068376068
2362,0.749,0.0,2393.0,0.729051576529709,1.110572001006655,72.0,31.0,0.6153846153846154
2363,0.75,0.0,2393.0,0.7283741724858177,1.1522857552379802,73.0,30.0,0.6239316239316239
2364,0.751,0.0,2394.0,0.7290941188471259,1.1530057015992883,73.0,30.0,0.6239316239316239
2365,0.749,0.0,2394.0,0.7280967928891362,1.1991096626137612,74.0,29.0,0.6324786324786325
2366,0.747,0.0,2395.0,0.7286892851756623,1.1997021549002873,75.0,29.0,0.6410256410256411
2367,0.75,0.0,2396.0,0.7292506166249666,1.2002634863495916,75.0,29.0,0.6410256410256411
2368,0.753,0.0,2396.0,0.7279504553333047,1.2512980883606657,76.0,28.0,0.6495726495726496
2369,0.751,0.0,2397.0,0.7283827224628838,1.251730355490245,76.0,28.0,0.6495726495726496
2370,0.753,0.0,2398.0,0.728753744333343,1.2521013773607041,77.0,28.0,0.6581196581196581
2371,0.751,0.0,2399.0,0.7290525827868762,1.2524002158142373,78.0,28.0,0.6666666666666666
2372,0.749,0.0,2400.0,0.7292934871819384,1.2526411202092995,78.0,28.0,0.6666666666666666
2373,0.751,0.0,2401.0,0.7295165059929982,1.2528641390203594,79.0,28.0,0.6752136752136753
2374,0.752,0.0,2402.0,0.7296966615082925,1.2530442945356537,79.0,28.0,0.6752136752136753
2375,0.751,0.0,2403.0,0.7298493590495737,1.2531969920769348,80.0,28.0,0.6837606837606838
2376,0.751,0.0,2403.0,0.7279623264736066,1.3094596965040077,81.0,27.0,0.6923076923076923
2377,0.751,0.0,2404.0,0.7280626753906745,1.3095600454210756,81.0,27.0,0.6923076923076923
2378,0.75,0.0,2405.0,0.7281416822471709,1.309639052277572,81.0,27.0,0.6923076923076923
2379,0.751,0.0,2406.0,0.7282153146743835,1.3097126847047846,81.0,27.0,0.6923076923076923
2380,0.752,0.0,2407.0,0.7282836854416932,1.3097810554720943,75.0,27.0,0.6410256410256411
2381,0.753,0.0,2408.0,0.7283232829095434,1.3098206529399445,73.0,27.0,0.6239316239316239
2382,0.752,0.0,2409.0,0.7283240480411826,1.3098214180715837,71.0,27.0,0.6068376068376068
2383,0.753,0.0,2410.0,0.728288531014258,1.309785901044659,71.0,27.0,0.6068376068376068
2384,0.754,0.0,2411.0,0.7281926779828827,1.3096900480132838,70.0,27.0,0.5982905982905983
2385,0.757,0.0,2412.0,0.7280166615210801,1.3095140315514813,70.0,27.0,0.5982905982905983
2386,0.758,0.0,2414.0,0.72973441899613,1.253082052023491,71.0,28.0,0.6068376068376068
2387,0.757,0.0,2415.0,0.7293444093093552,1.2526920423367163,71.0,28.0,0.6068376068376068
2388,0.758,0.0,2416.0,0.7288666458413222,1.2522142788686832,71.0,28.0,0.6068376068376068
2389,0.761,0.0,2417.0,0.7282312724501485,1.2515789054775097,71.0,28.0,0.6068376068376068
2390,0.758,0.0,2419.0,0.7291615776214562,1.2001744473460811,72.0,29.0,0.6153846153846154
2391,0.751,0.0,2420.0,0.7282302521874057,1.1992431219120308,70.0,29.0,0.5982905982905983
2392,0.747,0.0,2422.0,0.7289589855110505,1.152870568263213,63.0,30.0,0.5384615384615384
2393,0.746,0.0,2423.0,0.727985277447053,1.1518968601992154,57.0,30.0,0.48717948717948717
2394,0.734,0.0,2425.0,0.72850102812344,1.1100214526003862,50.0,31.0,0.42735042735042733
2395,0.735,0.0,2427.0,0.7289345950888517,1.0723029771181034,44.0,32.0,0.37606837606837606
2396,0.731,0.0,2428.0,0.7280758471435229,1.0714442291727746,41.0,32.0,0.3504273504273504
2397,0.73,0.0,2430.0,0.728545431724942,1.0375769755512685,38.0,33.0,0.3247863247863248
2398,0.726,0.0,2432.0,0.7290021074002576,1.0071304968439514,33.0,34.0,0.28205128205128205
2399,0.725,0.0,2433.0,0.7284971721070708,1.0066255615507647,33.0,34.0,0.28205128205128205
2400,0.72,0.0,2434.0,0.728139857120349,1.006268246564043,32.0,34.0,0.27350427350427353
2401,0.721,0.0,2435.0,0.7279830652793946,1.0061114547230883,32.0,34.0,0.27350427350427353
2402,0.72,0.0,2436.0,0.7280139433415301,1.006142332785224,32.0,34.0,0.27350427350427353
2403,0.728,0.0,2437.0,0.7282395540065603,1.006367943450254,30.0,34.0,0.2564102564102564
2404,0.733,0.0,2438.0,0.7285628291852739,1.0066912186289678,30.0,34.0,0.2564102564102564
2405,0.736,0.0,2439.0,0.7289405882703173,1.007068977714011,30.0,34.0,0.2564102564102564
2406,0.74,0.0,2439.0,0.7282702660516347,1.0373018098779612,30.0,33.0,0.2564102564102564
2407,0.747,0.0,2440.0,0.7286553186949555,1.0376868625212818,29.0,33.0,0.24786324786324787
2408,0.749,0.0,2441.0,0.7289486061426804,1.037980149969007,29.0,33.0,0.24786324786324787
2409,0.751,0.0,2441.0,0.7279578209445519,1.0713262029738035,29.0,32.0,0.24786324786324787
2410,0.75,0.0,2442.0,0.7280248473964606,1.0713932294257122,29.0,32.0,0.24786324786324787
2411,0.745,0.0,2443.0,0.7280098115064659,1.0713781935357174,28.0,32.0,0.23931623931623933
2412,0.738,0.0,2444.0,0.727960330796033,1.0713287128252844,28.0,32.0,0.23931623931623933
2413,0.733,0.0,2445.0,0.7279447779674157,1.0713131599966674,29.0,32.0,0.24786324786324787
2414,0.728,0.0,2446.0,0.7280122105599254,1.0713805925891768,29.0,32.0,0.24786324786324787
2415,0.737,0.0,2447.0,0.7282154996963253,1.071583881725577,28.0,32.0,0.23931623931623933
2416,0.743,0.0,2448.0,0.7284549162225856,1.0718232982518372,28.0,32.0,0.23931623931623933
2417,0.729,0.0,2449.0,0.7286642850132525,1.072032667042504,28.0,32.0,0.23931623931623933
2418,0.715,0.0,2450.0,0.7290027529851847,1.0723711350144363,29.0,32.0,0.24786324786324787
2419,0.713,0.0,2450.0,0.728272066298759,1.109792490775705,29.0,31.0,0.24786324786324787
2420,0.735,0.0,2451.0,0.7292271109246121,1.1107475354015584,29.0,31.0,0.24786324786324787
2421,0.751,0.0,2451.0,0.728753574820453,1.1526651575726155,30.0,30.0,0.2564102564102564
2422,0.758,0.0,2451.0,0.728032856214299,1.199045725938924,30.0,29.0,0.2564102564102564
2423,0.76,0.0,2452.0,0.7288533047623424,1.1998661744869674,30.0,29.0,0.2564102564102564
2424,0.76,0.0,2453.0,0.7295175714758086,1.2005304412004336,31.0,29.0,0.26495726495726496
2425,0.757,0.0,2453.0,0.7281541915487776,1.2515018245761387,31.0,28.0,0.26495726495726496
2426,0.754,0.0,2454.0,0.7285581842486119,1.251905817275973,32.0,28.0,0.27350427350427353
2427,0.752,0.0,2455.0,0.728891032728956,1.252238665756317,32.0,28.0,0.27350427350427353
2428,0.753,0.0,2456.0,0.7291706695909238,1.252518302618285,32.0,28.0,0.27350427350427353
2429,0.753,0.0,2457.0,0.7293775220624976,1.2527251550898586,33.0,28.0,0.28205128205128205
2430,0.753,0.0,2458.0,0.7295094813665097,1.252857114393871,33.0,28.0,0.28205128205128205
2431,0.755,0.0,2459.0,0.7295771034394967,1.2529247364668579,34.0,28.0,0.2905982905982906
2432,0.753,0.0,2460.0,0.7295525821547821,1.2529002151821431,34.0,28.0,0.2905982905982906
2433,0.753,0.0,2461.0,0.7294757712738409,1.252823404301202,34.0,28.0,0.2905982905982906
2434,0.752,0.0,2462.0,0.7293491226959123,1.2526967557232735,34.0,28.0,0.2905982905982906
2435,0.752,0.0,2463.0,0.7291886755865069,1.2525363086138679,34.0,28.0,0.2905982905982906
2436,0.752,0.0,2464.0,0.7289857610468984,1.2523333940742596,34.0,28.0,0.2905982905982906
2437,0.749,0.0,2465.0,0.7287469387470156,1.2520945717743768,34.0,28.0,0.2905982905982906
2438,0.739,0.0,2466.0,0.7284987567472427,1.2518463897746037,34.0,28.0,0.2905982905982906
2439,0.736,0.0,2467.0,0.7283366226131511,1.2516842556405123,33.0,28.0,0.28205128205128205
2440,0.729,0.0,2468.0,0.7282997806791294,1.2516474137064906,33.0,28.0,0.28205128205128205
2441,0.725,0.0,2469.0,0.7284658748142556,1.2518135078416166,32.0,28.0,0.27350427350427353
2442,0.727,0.0,2470.0,0.7288842248607131,1.2522318578880742,32.0,28.0,0.27350427350427353
2443,0.744,0.0,2471.0,0.7295378078223753,1.2528854408497363,32.0,28.0,0.27350427350427353
2444,0.755,0.0,2471.0,0.7281466482809431,1.3096440183113442,32.0,27.0,0.27350427350427353
2445,0.76,0.0,2472.0,0.728783107644976,1.3102804776753771,32.0,27.0,0.27350427350427353
2446,0.761,0.0,2473.0,0.7292991905725733,1.3107965606029746,32.0,27.0,0.27350427350427353
2447,0.76,0.0,2474.0,0.7296797265674586,1.3111770965978597,32.0,27.0,0.27350427350427353
2448,0.758,0.0,2475.0,0.7299262826123314,1.3114236526427325,32.0,27.0,0.27350427350427353
2449,0.755,0.0,2476.0,0.7300610659797973,1.3115584360101984,32.0,27.0,0.27350427350427353
2450,0.753,0.0,2477.0,0.7301406372347258,1.311638007265127,31.0,27.0,0.26495726495726496
2451,0.755,0.0,2477.0,0.7279444410298188,1.3740526299524867,29.0,26.0,0.24786324786324787
2452,0.756,0.0,2478.0,0.7279538471621576,1.3740620360848255,29.0,26.0,0.24786324786324787
2453,0.757,0.0,2480.0,0.7301830132468865,1.3116803832772876,28.0,27.0,0.23931623931623933
2454,0.758,0.0,2481.0,0.7301104952955109,1.311607865325912,28.0,27.0,0.23931623931623933
2455,0.759,0.0,2482.0,0.7299830346476008,1.311480404678002,28.0,27.0,0.23931623931623933
2456,0.757,0.0,2483.0,0.7297630077603385,1.3112603777907397,28.0,27.0,0.23931623931623933
2457,0.751,0.0,2484.0,0.7294545834991384,1.3109519535295395,28.0,27.0,0.23931623931623933
2458,0.744,0.0,2485.0,0.7291375283617896,1.3106348983921907,28.0,27.0,0.23931623931623933
2459,0.741,0.0,2486.0,0.7288738552413154,1.3103712252717166,28.0,27.0,0.23931623931623933
2460,0.736,0.0,2487.0,0.7287019251021427,1.3101992951325439,28.0,27.0,0.23931623931623933
2461,0.738,0.0,2488.0,0.7286873191635951,1.310184689193996,28.0,27.0,0.23931623931623933
2462,0.741,0.0,2489.0,0.7288116315814601,1.3103090016118613,28.0,27.0,0.23931623931623933
2463,0.746,0.0,2490.0,0.7290349529390603,1.3105323229694614,28.0,27.0,0.23931623931623933
2464,0.748,0.0,2491.0,0.729301454568031,1.310798824598432,28.0,27.0,0.23931623931623933
2465,0.753,0.0,2492.0,0.7295826938379393,1.3110800638683404,28.0,27.0,0.23931623931623933
2466,0.756,0.0,2493.0,0.7298345034576862,1.3113318734880872,28.0,27.0,0.23931623931623933
2467,0.754,0.0,2494.0,0.7300110454162327,1.3115084154466339,28.0,27.0,0.23931623931623933
2468,0.755,0.0,2495.0,0.7301594573566719,1.311656827387073,28.0,27.0,0.23931623931623933
2469,0.756,0.0,2495.0,0.727960508425443,1.3740686973481109,28.0,26.0,0.23931623931623933
2470,0.758,0.0,2496.0,0.728010638357613,1.374118827280281,28.0,26.0,0.23931623931623933
2471,0.76,0.0,2497.0,0.7280006188844785,1.3741088078071464,27.0,26.0,0.23076923076923078
2472,0.76,0.0,2499.0,0.7302191434310318,1.311716513461433,27.0,27.0,0.23076923076923078
2473,0.758,0.0,2500.0,0.730019194012854,1.3115165640432551,27.0,27.0,0.23076923076923078
2474,0.753,0.0,2501.0,0.7297195221110699,1.311216892141471,27.0,27.0,0.23076923076923078
2475,0.744,0.0,2502.0,0.7293457271349151,1.3108430971653162,27.0,27.0,0.23076923076923078
2476,0.735,0.0,2503.0,0.7290104886254827,1.3105078586558838,27.0,27.0,0.23076923076923078
2477,0.734,0.0,2504.0,0.7288443594501526,1.3103417294805537,26.0,27.0,0.2222222222222222
2478,0.737,0.0,2505.0,0.728891494682512,1.3103888647129132,26.0,27.0,0.2222222222222222
2479,0.739,0.0,2506.0,0.7291022518954253,1.3105996219258265,27.0,27.0,0.23076923076923078
2480,0.743,0.0,2507.0,0.7294347149236693,1.3109320849540704,27.0,27.0,0.23076923076923078
2481,0.753,0.0,2508.0,0.7298511938689201,1.3113485638993212,27.0,27.0,0.23076923076923078
2482,0.761,0.0,2509.0,0.7302424507026761,1.3117398207330773,27.0,27.0,0.23076923076923078
2483,0.76,0.0,2509.0,0.7282040753790273,1.3743122643016952,27.0,26.0,0.23076923076923078
2484,0.754,0.0,2510.0,0.7283798419126486,1.3744880308353165,27.0,26.0,0.23076923076923078
2485,0.754,0.0,2511.0,0.7285310835833536,1.3746392725060215,27.0,26.0,0.23076923076923078
2486,0.75,0.0,2512.0,0.7286530197722614,1.3747612086949292,27.0,26.0,0.23076923076923078
2487,0.749,0.0,2513.0,0.728801311421664,1.374909500344332,27.0,26.0,0.23076923076923078
2488,0.752,0.0,2514.0,0.728985996872134,1.3750941857948018,27.0,26.0,0.23076923076923078
2489,0.756,0.0,2515.0,0.7291727343384246,1.3752809232610925,27.0,26.0,0.23076923076923078
2490,0.757,0.0,2516.0,0.7293089525285822,1.37541714145125,27.0,26.0,0.23076923076923078
2491,0.757,0.0,2517.0,0.7293602297102092,1.375468418632877,27.0,26.0,0.23076923076923078
2492,0.754,0.0,2518.0,0.7293441384768451,1.375452327399513,27.0,26.0,0.23076923076923078
2493,0.754,0.0,2519.0,0.7293264788367294,1.3754346677593974,27.0,26.0,0.23076923076923078
2494,0.749,0.0,2520.0,0.7293124954827028,1.3754206844053707,27.0,26.0,0.23076923076923078
2495,0.752,0.0,2521.0,0.7293463667206501,1.375454555643318,26.0,26.0,0.2222222222222222
2496,0.753,0.0,2522.0,0.729362150040997,1.3754703389636649,26.0,26.0,0.2222222222222222
2497,0.758,0.0,2523.0,0.7293329270266062,1.375441115949274,26.0,26.0,0.2222222222222222
2498,0.759,0.0,2524.0,0.7292024773648205,1.3753106662874883,27.0,26.0,0.23076923076923078
2499,0.759,0.0,2525.0,0.7290262518921502,1.375134440814818,27.0,26.0,0.23076923076923078
2500,0.76,0.0,2526.0,0.7288162348823906,1.3749244238050584,27.0,26.0,0.23076923076923078
2501,0.753,0.0,2527.0,0.7285433390827893,1.3746515280054572,27.0,26.0,0.23076923076923078
2502,0.738,0.0,2528.0,0.7282612265651978,1.3743694154878656,27.0,26.0,0.23076923076923078
2503,0.73,0.0,2529.0,0.7281303689002799,1.374238557822948,27.0,26.0,0.23076923076923078
2504,0.734,0.0,2530.0,0.72823820100287,1.3743463899255377,27.0,26.0,0.23076923076923078
2505,0.749,0.0,2531.0,0.7285278742853352,1.374636063208003,27.0,26.0,0.23076923076923078
2506,0.757,0.0,2532.0,0.728824378737024,1.374932567659692,27.0,26.0,0.23076923076923078
2507,0.757,0.0,2533.0,0.7290703446891027,1.3751785336117706,27.0,26.0,0.23076923076923078
2508,0.758,0.0,2534.0,0.7292725857798932,1.375380774702561,27.0,26.0,0.23076923076923078
2509,0.758,0.0,2535.0,0.729419857622924,1.375528046545592,26.0,26.0,0.2222222222222222
2510,0.755,0.0,2536.0,0.7294872721305672,1.375595461053235,26.0,26.0,0.2222222222222222
2511,0.756,0.0,2537.0,0.7294626639421916,1.3755708528648594,26.0,26.0,0.2222222222222222
2512,0.755,0.0,2538.0,0.7293553919958049,1.3754635809184728,26.0,26.0,0.2222222222222222
2513,0.757,0.0,2539.0,0.7291852371433069,1.3752934260659746,26.0,26.0,0.2222222222222222
2514,0.758,0.0,2540.0,0.7289495101403204,1.3750576990629884,26.0,26.0,0.2222222222222222
2515,0.758,0.0,2541.0,0.7286310801173967,1.3747392690400646,26.0,26.0,0.2222222222222222
2516,0.755,0.0,2542.0,0.7282464723227209,1.3743546612453887,26.0,26.0,0.2222222222222222
2517,0.745,0.0,2544.0,0.7300579006047672,1.3115552706351683,26.0,27.0,0.2222222222222222
2518,0.741,0.0,2545.0,0.7296949972748632,1.3111923673052643,26.0,27.0,0.2222222222222222
2519,0.747,0.0,2546.0,0.7294100068830793,1.3109073769134805,26.0,27.0,0.2222222222222222
2520,0.754,0.0,2547.0,0.7291465624577251,1.3106439324881263,26.0,27.0,0.2222222222222222
2521,0.757,0.0,2548.0,0.7288114109595987,1.3103087809899998,26.0,27.0,0.2222222222222222
2522,0.75,0.0,2549.0,0.7283506623312255,1.3098480323616266,26.0,27.0,0.2222222222222222
2523,0.739,0.0,2551.0,0.7297923363407183,1.2531399693680794,26.0,28.0,0.2222222222222222
2524,0.729,0.0,2552.0,0.7293911589272191,1.25273879195458,26.0,28.0,0.2222222222222222
2525,0.74,0.0,2553.0,0.7291901699172236,1.2525378029445848,26.0,28.0,0.2222222222222222
2526,0.754,0.0,2554.0,0.7290651893234101,1.2524128223507711,26.0,28.0,0.2222222222222222
2527,0.762,0.0,2555.0,0.7288402671344958,1.2521879001618568,26.0,28.0,0.2222222222222222
2528,0.763,0.0,2556.0,0.728441643878009,1.2517892769053702,26.0,28.0,0.2222222222222222
2529,0.763,0.0,2558.0,0.7295505274110432,1.2005633971356682,26.0,29.0,0.2222222222222222
2530,0.763,0.0,2559.0,0.7287485296595755,1.1997613993842005,26.0,29.0,0.2222222222222222
2531,0.759,0.0,2561.0,0.7293094513379487,1.153221034090111,26.0,30.0,0.2222222222222222
2532,0.752,0.0,2562.0,0.7281395618058716,1.1520511445580341,26.0,30.0,0.2222222222222222
2533,0.754,0.0,2564.0,0.7282388931120634,1.1097593175890097,26.0,31.0,0.2222222222222222
2534,0.757,0.0,2566.0,0.7280803027287788,1.0714486847580305,26.0,32.0,0.2222222222222222
2535,0.759,0.0,2569.0,0.7286767157493348,1.0068051051930285,26.0,34.0,0.2222222222222222
2536,0.753,0.0,2572.0,0.7286438123808956,0.9539278078302876,26.0,36.0,0.2222222222222222
2537,0.734,0.0,2575.0,0.7280825308308777,0.9105625671448853,26.0,38.0,0.2222222222222222
2538,0.723,0.0,2580.0,0.7282196910241607,0.8479448428497811,26.0,42.0,0.2222222222222222
2539,0.716,0.0,2586.0,0.7280131467027999,0.7987096516043105,26.0,47.0,0.2222222222222222
2540,0.716,0.0,2598.0,0.7279618463077325,0.7501471586523552,26.0,58.0,0.2222222222222222
2541,0.715,1.0,2623.0,0.7270695726988218,0.7288392161531018,26.0,82.0,0.2222222222222222
2542,0.72,1.0,2618.0,0.7255555091721498,0.728885405537466,26.0,76.0,0.2222222222222222
2543,0.726,1.0,2616.0,0.7241156846971419,0.7286834437716497,27.0,73.0,0.23076923076923078
2544,0.728,1.0,2614.0,0.722640556043302,0.72890634352548,27.0,70.0,0.23076923076923078
2545,0.725,1.0,2613.0,0.7211164921572266,0.7288520322586809,27.0,68.0,0.23076923076923078
2546,0.719,1.0,2613.0,0.7195736158217033,0.7281686603788747,27.0,67.0,0.23076923076923078
2547,0.718,1.0,2612.0,0.7180004206998323,0.728611586819797,27.0,65.0,0.23076923076923078
2548,0.713,1.0,2612.0,0.7164602533183337,0.7282504378960724,27.0,64.0,0.23076923076923078
2549,0.703,1.0,2612.0,0.7149585331959278,0.728058738282304,27.0,63.0,0.23076923076923078
2550,0.702,1.0,2612.0,0.7135896856645877,0.7281454690938947,28.0,62.0,0.23931623931623933
2551,0.701,1.0,2612.0,0.7123496124184097,0.7285227051176396,28.0,61.0,0.23931623931623933
2552,0.701,1.0,2613.0,0.7112977847014619,0.7274708774006918,28.0,61.0,0.23931623931623933
2553,0.702,1.0,2613.0,0.7103044519624074,0.7282745549615518,28.0,60.0,0.23931623931623933
2554,0.703,1.0,2614.0,0.7094731905750522,0.7274432935741966,28.0,60.0,0.23931623931623933
2555,0.697,1.0,2614.0,0.7086510338305144,0.7286178149406748,28.0,59.0,0.23931623931623933
2556,0.698,1.0,2615.0,0.7080362034637564,0.7280029845739168,28.0,59.0,0.23931623931623933
2557,0.693,1.0,2616.0,0.7075408836900944,0.7275076648002547,29.0,59.0,0.24786324786324787
2558,0.691,1.0,2617.0,0.7072149373530636,0.727181718463224,29.0,59.0,0.24786324786324787
2559,0.694,1.0,2618.0,0.7070768599605983,0.7270436410707587,29.0,59.0,0.24786324786324787
2560,0.697,1.0,2619.0,0.7070920887422479,0.7270588698524083,30.0,59.0,0.2564102564102564
2561,0.701,1.0,2620.0,0.7072271653260638,0.7271939464362241,30.0,59.0,0.2564102564102564
2562,0.7,1.0,2621.0,0.7074389254330574,0.7274057065432178,30.0,59.0,0.2564102564102564
2563,0.694,1.0,2622.0,0.7077408015379206,0.727707582648081,31.0,59.0,0.26495726495726496
2564,0.693,1.0,2623.0,0.7082028880480887,0.7281696691582491,31.0,59.0,0.26495726495726496
2565,0.7,1.0,2624.0,0.7088414093515651,0.7288081904617255,32.0,59.0,0.27350427350427353
2566,0.702,1.0,2626.0,0.7096553979442937,0.727625500943438,32.0,60.0,0.27350427350427353
2567,0.705,1.0,2627.0,0.7104915889854796,0.728461691984624,33.0,60.0,0.28205128205128205
2568,0.712,1.0,2629.0,0.7114575853447507,0.7276306780439806,34.0,61.0,0.2905982905982906
2569,0.718,1.0,2630.0,0.7123614342428528,0.7285345269420828,34.0,61.0,0.2905982905982906
2570,0.715,1.0,2632.0,0.7132646604768985,0.7278204439062055,35.0,62.0,0.29914529914529914
2571,0.716,1.0,2633.0,0.7140987937376048,0.7286545771669117,36.0,62.0,0.3076923076923077
2572,0.719,1.0,2635.0,0.7149672983238433,0.7280675034102195,36.0,63.0,0.3076923076923077
2573,0.714,1.0,2636.0,0.7157457442473736,0.7288459493337498,37.0,63.0,0.3162393162393162
2574,0.718,1.0,2638.0,0.7165940989620834,0.728384283539822,38.0,64.0,0.3247863247863248
2575,0.716,1.0,2640.0,0.7174267146523039,0.7280378807722686,38.0,65.0,0.3247863247863248
2576,0.721,1.0,2641.0,0.7182384848472474,0.7288496509672121,39.0,65.0,0.3333333333333333
2577,0.721,1.0,2643.0,0.7190601564584909,0.7286102059664591,40.0,66.0,0.3418803418803419
2578,0.723,1.0,2645.0,0.7198609125980205,0.728455957155192,41.0,67.0,0.3504273504273504
2579,0.719,1.0,2647.0,0.7206271202192991,0.7283626603207534,42.0,68.0,0.358974358974359
2580,0.719,1.0,2649.0,0.7214120624393652,0.728374048530674,42.0,69.0,0.358974358974359
2581,0.721,1.0,2651.0,0.7222241681093196,0.7284899555914975,43.0,70.0,0.36752136752136755
2582,0.722,1.0,2653.0,0.7230497404380571,0.7286889491720173,44.0,71.0,0.37606837606837606
2583,0.729,1.0,2656.0,0.7239053585891093,0.7284731176636171,45.0,73.0,0.38461538461538464
2584,0.732,1.0,2658.0,0.7246842797541793,0.7287952629212362,46.0,74.0,0.39316239316239315
2585,0.734,1.0,2661.0,0.7253952764831355,0.7287251728484516,47.0,76.0,0.4017094017094017
2586,0.736,1.0,2664.0,0.7260064365162007,0.7287036525721068,47.0,78.0,0.4017094017094017
2587,0.733,1.0,2666.0,0.7264947425177488,0.7289222369680642,48.0,79.0,0.41025641025641024
2588,0.733,1.0,2669.0,0.7269183034621933,0.7288845739669488,49.0,81.0,0.4188034188034188
2589,0.735,1.0,2672.0,0.7272718090502289,0.7288644881590809,50.0,83.0,0.42735042735042733
2590,0.737,1.0,2675.0,0.7275379208643439,0.7288279909425139,51.0,85.0,0.4358974358974359
2591,0.736,1.0,2677.0,0.7276933713831466,0.7288544344534997,52.0,86.0,0.4444444444444444
2592,0.732,1.0,2678.0,0.7277523034253675,0.7289133664957206,53.0,86.0,0.452991452991453
2593,0.729,1.0,2679.0,0.727764509375068,0.7289255724454211,54.0,86.0,0.46153846153846156
2594,0.73,1.0,2680.0,0.7277634642981023,0.7289245273684555,55.0,86.0,0.4700854700854701
2595,0.733,1.0,2681.0,0.7277380277499048,0.7288990908202579,56.0,86.0,0.47863247863247865
2596,0.733,1.0,2682.0,0.7276545764357989,0.728815639506152,57.0,86.0,0.48717948717948717
2597,0.727,1.0,2682.0,0.7275075187008471,0.7287975887790171,58.0,85.0,0.49572649572649574
2598,0.725,1.0,2682.0,0.7273661000625715,0.7287995112605383,58.0,84.0,0.49572649572649574
2599,0.719,1.0,2682.0,0.7272509714249911,0.728843650533843,59.0,83.0,0.5042735042735043
2600,0.719,1.0,2683.0,0.7272339328767319,0.7288266119855838,60.0,83.0,0.5128205128205128
2601,0.725,1.0,2684.0,0.7273090153519304,0.7289016944607823,61.0,83.0,0.5213675213675214
2602,0.727,1.0,2686.0,0.7274161577997831,0.7288495689977499,62.0,84.0,0.5299145299145299
2603,0.725,1.0,2688.0,0.7275279242231889,0.728817994301359,63.0,85.0,0.5384615384615384
2604,0.724,1.0,2690.0,0.7276677725826608,0.7288288356530139,64.0,86.0,0.5470085470085471
2605,0.722,1.0,2692.0,0.7278483562493404,0.7288933130126583,65.0,87.0,0.5555555555555556
2606,0.719,0.0,2678.0,0.7279438947997958,0.73301918266036,66.0,72.0,0.5641025641025641
2607,0.723,0.0,2669.0,0.7279490197533869,0.7425048031826939,67.0,62.0,0.5726495726495726
2608,0.723,0.0,2665.0,0.7279947623359164,0.7526451093854971,68.0,57.0,0.5811965811965812
2609,0.725,0.0,2662.0,0.7280029721633972,0.7655739934247608,69.0,53.0,0.5897435897435898
2610,0.729,0.0,2660.0,0.7280226498661173,0.7795604019393185,70.0,50.0,0.5982905982905983
2611,0.729,0.0,2659.0,0.728116661564173,0.7917435159755325,71.0,48.0,0.6068376068376068
2612,0.726,0.0,2658.0,0.7281246963018155,0.8066763684146051,67.0,46.0,0.5726495726495726
2613,0.73,0.0,2657.0,0.7280633547272224,0.8250407277059749,64.0,44.0,0.5470085470085471
2614,0.738,0.0,2657.0,0.7282926344110061,0.8360452710540645,62.0,43.0,0.5299145299145299
2615,0.741,0.0,2656.0,0.7279389346640992,0.8609668811370107,62.0,41.0,0.5299145299145299
2616,0.743,0.0,2657.0,0.7283956307041187,0.8614235771770302,61.0,41.0,0.5213675213675214
2617,0.743,0.0,2657.0,0.7282149361611493,0.8760237655754954,61.0,40.0,0.5213675213675214
2618,0.742,0.0,2658.0,0.7284573087427019,0.876266138157048,60.0,40.0,0.5128205128205128
2619,0.744,0.0,2658.0,0.7280205959264929,0.8922526286090997,60.0,39.0,0.5128205128205128
2620,0.743,0.0,2659.0,0.7280615335486256,0.8922935662312323,60.0,39.0,0.5128205128205128
2621,0.74,0.0,2660.0,0.7280028725265559,0.8922349052091627,60.0,39.0,0.5128205128205128
2622,0.737,0.0,2662.0,0.7284555640353501,0.8762643934496962,60.0,40.0,0.5128205128205128
2623,0.735,0.0,2663.0,0.7282859510222327,0.8760947804365788,59.0,40.0,0.5042735042735043
2624,0.733,0.0,2664.0,0.7281024946732195,0.8759113240875657,59.0,40.0,0.5042735042735043
2625,0.734,0.0,2666.0,0.7284505669157997,0.8614785133887112,60.0,41.0,0.5128205128205128
2626,0.734,0.0,2667.0,0.7282596185070662,0.8612875649799777,60.0,41.0,0.5128205128205128
2627,0.73,0.0,2668.0,0.7280545985249001,0.8610825449978116,60.0,41.0,0.5128205128205128
2628,0.73,0.0,2670.0,0.7283442514325205,0.8480694032581408,61.0,42.0,0.5213675213675214
2629,0.727,0.0,2671.0,0.7281934444670317,0.8479185962926521,61.0,42.0,0.5213675213675214
2630,0.725,0.0,2672.0,0.7281030949107352,0.8478282467363556,61.0,42.0,0.5213675213675214
2631,0.726,0.0,2673.0,0.7280995251741569,0.8478246769997773,62.0,42.0,0.5299145299145299
2632,0.728,0.0,2674.0,0.7281715214692077,0.8478966732948281,62.0,42.0,0.5299145299145299
2633,0.731,0.0,2675.0,0.7282962752412677,0.8480214270668881,62.0,42.0,0.5299145299145299
2634,0.728,0.0,2675.0,0.727958842842267,0.8609867893151785,63.0,41.0,0.5384615384615384
2635,0.727,0.0,2676.0,0.7281586661040991,0.8611866125770106,63.0,41.0,0.5384615384615384
2636,0.726,0.0,2677.0,0.7284265350241863,0.8614544814970978,63.0,41.0,0.5384615384615384
2637,0.729,0.0,2677.0,0.7282361635134593,0.8760449929278055,64.0,40.0,0.5470085470085471
2638,0.73,0.0,2677.0,0.7280373049306597,0.8922693376132664,64.0,39.0,0.5470085470085471
2639,0.728,0.0,2678.0,0.7284822105467919,0.8927142432293986,65.0,39.0,0.5555555555555556
2640,0.729,0.0,2678.0,0.7283334593281564,0.910813495642164,65.0,38.0,0.5555555555555556
2641,0.727,0.0,2678.0,0.7281773021020559,0.9309328980065087,65.0,37.0,0.5555555555555556
2642,0.724,0.0,2678.0,0.7280342260104229,0.9533182214598149,66.0,36.0,0.5641025641025641
2643,0.73,0.0,2678.0,0.7279359746522389,0.9782515251515633,66.0,35.0,0.5641025641025641
2644,0.734,0.0,2679.0,0.728829226383735,0.9791447768830595,67.0,35.0,0.5726495726495726
2645,0.733,0.0,2679.0,0.7287520320408608,1.0068804214845546,67.0,34.0,0.5726495726495726
2646,0.735,0.0,2679.0,0.7286276380539962,1.0376591818803227,68.0,33.0,0.5811965811965812
2647,0.74,0.0,2679.0,0.7284324400455092,1.0718008220747608,68.0,32.0,0.5811965811965812
2648,0.743,0.0,2679.0,0.7281087135930835,1.1096291380700296,69.0,31.0,0.5897435897435898
2649,0.749,0.0,2680.0,0.7291676981252859,1.110688122602232,69.0,31.0,0.5897435897435898
2650,0.752,0.0,2680.0,0.7286129709975349,1.1525245537496973,70.0,30.0,0.5982905982905983
2651,0.75,0.0,2681.0,0.729514114345328,1.1534256970974903,70.0,30.0,0.5982905982905983
2652,0.747,0.0,2681.0,0.7286434830233881,1.199656352748013,71.0,29.0,0.6068376068376068
2653,0.751,0.0,2682.0,0.7294678159712293,1.2004806856958543,71.0,29.0,0.6068376068376068
2654,0.752,0.0,2682.0,0.7283438694172929,1.251691502444654,72.0,28.0,0.6153846153846154
2655,0.755,0.0,2683.0,0.7290642398062348,1.252411872833596,73.0,28.0,0.6239316239316239
2656,0.754,0.0,2684.0,0.7297043969045103,1.2530520299318715,72.0,28.0,0.6153846153846154
2657,0.754,0.0,2684.0,0.7281806353179666,1.3096780053483679,69.0,27.0,0.5897435897435898
2658,0.755,0.0,2685.0,0.7287082234316394,1.3102055934620407,66.0,27.0,0.5641025641025641
2659,0.758,0.0,2686.0,0.7291775038475544,1.3106748738779554,65.0,27.0,0.5555555555555556
2660,0.759,0.0,2687.0,0.7295603574592218,1.311057727489623,64.0,27.0,0.5470085470085471
2661,0.753,0.0,2688.0,0.7298499270845491,1.3113472971149502,64.0,27.0,0.5470085470085471
2662,0.751,0.0,2689.0,0.7301160968304837,1.311613466860885,63.0,27.0,0.5384615384615384
2663,0.751,0.0,2689.0,0.7280458148308532,1.374154003753521,63.0,26.0,0.5384615384615384
2664,0.754,0.0,2690.0,0.72831512079328,1.3744233097159477,62.0,26.0,0.5299145299145299
2665,0.755,0.0,2691.0,0.7285551020859435,1.3746632910086114,62.0,26.0,0.5299145299145299
2666,0.752,0.0,2692.0,0.7287603745690144,1.3748685634916824,61.0,26.0,0.5213675213675214
2667,0.75,0.0,2693.0,0.7289529501035317,1.3750611390261995,61.0,26.0,0.5213675213675214
2668,0.746,0.0,2694.0,0.7291660321203588,1.3752742210430267,61.0,26.0,0.5213675213675214
2669,0.741,0.0,2695.0,0.7294460925849631,1.375554281507631,60.0,26.0,0.5128205128205128
2670,0.742,0.0,2696.0,0.7298582599177301,1.375966448840398,60.0,26.0,0.5128205128205128
2671,0.739,0.0,2697.0,0.7304065444097665,1.3765147333324343,60.0,26.0,0.5128205128205128
2672,0.74,0.0,2697.0,0.7285302960693163,1.4464282837611695,59.0,25.0,0.5042735042735043
2673,0.749,0.0,2698.0,0.7294057553457709,1.447303743037624,59.0,25.0,0.5042735042735043
2674,0.757,0.0,2699.0,0.7303514156699034,1.4482494033617566,59.0,25.0,0.5042735042735043
2675,0.762,0.0,2699.0,0.7284097467180686,1.5260741774867943,57.0,24.0,0.48717948717948717
2676,0.768,0.0,2700.0,0.7292981051543813,1.526962535923107,57.0,24.0,0.48717948717948717
2677,0.77,0.0,2701.0,0.7300641730777768,1.5277286038465026,54.0,24.0,0.46153846153846156
2678,0.77,0.0,2702.0,0.7306887824278483,1.528353213196574,48.0,24.0,0.41025641025641024
2679,0.77,0.0,2702.0,0.7280201221626412,1.614313934127892,43.0,23.0,0.36752136752136755
2680,0.771,0.0,2703.0,0.7284115352411196,1.6147053472063706,41.0,23.0,0.3504273504273504
2681,0.769,0.0,2704.0,0.7286637359815927,1.6149575479468437,39.0,23.0,0.3333333333333333
2682,0.766,0.0,2705.0,0.7288278711806646,1.6151216831459156,34.0,23.0,0.2905982905982906
2683,0.765,0.0,2706.0,0.7289167073155898,1.6152105192808408,33.0,23.0,0.28205128205128205
2684,0.764,0.0,2707.0,0.7289269490415428,1.6152207610067937,31.0,23.0,0.26495726495726496
2685,0.764,0.0,2708.0,0.728871687148299,1.6151654991135498,31.0,23.0,0.26495726495726496
2686,0.764,0.0,2709.0,0.7287852928968737,1.6150791048621245,30.0,23.0,0.2564102564102564
2687,0.764,0.0,2710.0,0.7286821998752426,1.6149760118404934,30.0,23.0,0.2564102564102564
2688,0.764,0.0,2711.0,0.7285640614279514,1.6148578733932024,29.0,23.0,0.24786324786324787
2689,0.764,0.0,2712.0,0.7284090402067829,1.6147028521720337,28.0,23.0,0.23931623931623933
2690,0.763,0.0,2713.0,0.7282112155198771,1.614505027485128,27.0,23.0,0.23076923076923078
2691,0.762,0.0,2714.0,0.727979500426269,1.61427331239152,27.0,23.0,0.23076923076923078
2692,0.762,0.0,2716.0,0.7309004944464549,1.5285649252151807,26.0,24.0,0.2222222222222222
2693,0.758,0.0,2717.0,0.7306324746209364,1.528296905389662,26.0,24.0,0.2222222222222222
2694,0.757,0.0,2718.0,0.7303836351862486,1.5280480659549744,26.0,24.0,0.2222222222222222
2695,0.756,0.0,2719.0,0.7301585439604334,1.5278229747291592,26.0,24.0,0.2222222222222222
2696,0.757,0.0,2720.0,0.729965811040982,1.5276302418097076,26.0,24.0,0.2222222222222222
2697,0.761,0.0,2721.0,0.729783787372208,1.5274482181409337,25.0,24.0,0.21367521367521367
2698,0.762,0.0,2722.0,0.729565166377689,1.5272295971464147,25.0,24.0,0.21367521367521367
2699,0.762,0.0,2723.0,0.7293039646450756,1.5269683954138014,24.0,24.0,0.20512820512820512
2700,0.763,0.0,2724.0,0.729005676400587,1.5266701071693127,24.0,24.0,0.20512820512820512
2701,0.76,0.0,2725.0,0.7286525176322072,1.526316948400933,24.0,24.0,0.20512820512820512
2702,0.756,0.0,2726.0,0.7282701192764927,1.5259345500452184,23.0,24.0,0.19658119658119658
2703,0.756,0.0,2728.0,0.7307627120371133,1.4486606997289666,23.0,25.0,0.19658119658119658
2704,0.752,0.0,2729.0,0.7303783668178676,1.4482763545097208,23.0,25.0,0.19658119658119658
2705,0.754,0.0,2730.0,0.7300352728093158,1.447933260501169,23.0,25.0,0.19658119658119658
2706,0.751,0.0,2731.0,0.7297107962030008,1.4476087838948541,23.0,25.0,0.19658119658119658
2707,0.745,0.0,2732.0,0.7294611139098608,1.447359101601714,23.0,25.0,0.19658119658119658
2708,0.74,0.0,2733.0,0.7293376495943379,1.447235637286191,23.0,25.0,0.19658119658119658
2709,0.743,0.0,2734.0,0.7293919420989365,1.4472899297907897,23.0,25.0,0.19658119658119658
2710,0.749,0.0,2735.0,0.7295693465596976,1.447467334251551,23.0,25.0,0.19658119658119658
2711,0.755,0.0,2736.0,0.729818769748291,1.4477167574401442,23.0,25.0,0.19658119658119658
2712,0.756,0.0,2737.0,0.7300800947772736,1.4479780824691268,23.0,25.0,0.19658119658119658
2713,0.756,0.0,2738.0,0.7303379351670909,1.448235922858944,23.0,25.0,0.19658119658119658
2714,0.756,0.0,2739.0,0.7305909995594551,1.4484889872513083,23.0,25.0,0.19658119658119658
2715,0.756,0.0,2739.0,0.7279773089690114,1.525641739737737,24.0,24.0,0.20512820512820512
2716,0.757,0.0,2740.0,0.7282513093356573,1.525915740104383,24.0,24.0,0.20512820512820512
2717,0.76,0.0,2741.0,0.7285215869912632,1.526186017759989,24.0,24.0,0.20512820512820512
2718,0.761,0.0,2742.0,0.7287615900980196,1.5264260208667453,24.0,24.0,0.20512820512820512
2719,0.761,0.0,2743.0,0.7289628742460018,1.5266273050147277,24.0,24.0,0.20512820512820512
2720,0.761,0.0,2744.0,0.7291192794580503,1.526783710226776,24.0,24.0,0.20512820512820512
2721,0.759,0.0,2745.0,0.7292484968584705,1.5269129276271962,24.0,24.0,0.20512820512820512
2722,0.757,0.0,2746.0,0.729358231129762,1.5270226618984877,24.0,24.0,0.20512820512820512
2723,0.757,0.0,2747.0,0.7294752823509056,1.5271397131196314,24.0,24.0,0.20512820512820512
2724,0.759,0.0,2748.0,0.7296047295014862,1.527269160270212,24.0,24.0,0.20512820512820512
2725,0.76,0.0,2749.0,0.7297173921932628,1.5273818229619884,24.0,24.0,0.20512820512820512
2726,0.76,0.0,2750.0,0.7298067697098874,1.527471200478613,24.0,24.0,0.20512820512820512
2727,0.76,0.0,2751.0,0.7298944264807242,1.52755885724945,25.0,24.0,0.21367521367521367
2728,0.758,0.0,2752.0,0.7299662228280475,1.5276306535967732,25.0,24.0,0.21367521367521367
2729,0.755,0.0,2753.0,0.7299906016712718,1.5276550324399976,25.0,24.0,0.21367521367521367
2730,0.754,0.0,2754.0,0.7300670794911515,1.5277315102598772,25.0,24.0,0.21367521367521367
2731,0.754,0.0,2755.0,0.730221891147428,1.5278863219161538,25.0,24.0,0.21367521367521367
2732,0.761,0.0,2756.0,0.7304345061302313,1.528098936898957,25.0,24.0,0.21367521367521367
2733,0.764,0.0,2757.0,0.730621532406174,1.5282859631748997,25.0,24.0,0.21367521367521367
2734,0.766,0.0,2758.0,0.7307638895898088,1.5284283203585345,25.0,24.0,0.21367521367521367
2735,0.762,0.0,2759.0,0.7308291821506293,1.528493612919355,25.0,24.0,0.21367521367521367
2736,0.762,0.0,2760.0,0.7308789531179778,1.5285433838867035,25.0,24.0,0.21367521367521367
2737,0.763,0.0,2761.0,0.7308982220373725,1.5285626528060983,25.0,24.0,0.21367521367521367
2738,0.762,0.0,2762.0,0.7308840685411134,1.528548499309839,25.0,24.0,0.21367521367521367
2739,0.76,0.0,2763.0,0.7308478663026273,1.528512297071353,24.0,24.0,0.20512820512820512
2740,0.762,0.0,2764.0,0.7307992604188882,1.528463691187614,24.0,24.0,0.20512820512820512
2741,0.761,0.0,2765.0,0.7306684683832221,1.5283328991519478,24.0,24.0,0.20512820512820512
2742,0.761,0.0,2766.0,0.7304512938902068,1.5281157246589325,24.0,24.0,0.20512820512820512
2743,0.761,0.0,2767.0,0.7302145947483817,1.5278790255171075,24.0,24.0,0.20512820512820512
2744,0.759,0.0,2768.0,0.7299695951389744,1.5276340259077001,24.0,24.0,0.20512820512820512
2745,0.761,0.0,2769.0,0.729700529902017,1.5273649606707427,24.0,24.0,0.20512820512820512
2746,0.759,0.0,2770.0,0.7294355047713894,1.5270999355401151,24.0,24.0,0.20512820512820512
2747,0.758,0.0,2771.0,0.7291979954794865,1.5268624262482122,24.0,24.0,0.20512820512820512
2748,0.758,0.0,2772.0,0.7289544918068256,1.5266189225755513,24.0,24.0,0.20512820512820512
2749,0.756,0.0,2773.0,0.7286976700998129,1.5263621008685386,24.0,24.0,0.20512820512820512
2750,0.755,0.0,2774.0,0.7284460593593793,1.526110490128105,24.0,24.0,0.20512820512820512
2751,0.759,0.0,2775.0,0.728215531842665,1.5258799626113908,24.0,24.0,0.20512820512820512
2752,0.759,0.0,2776.0,0.7279506852206807,1.5256151159894065,24.0,24.0,0.20512820512820512
2753,0.746,0.0,2778.0,0.7304357842036425,1.4483337718954958,24.0,25.0,0.20512820512820512
2754,0.75,0.0,2779.0,0.7301404663960276,1.4480384540878808,24.0,25.0,0.20512820512820512
2755,0.757,0.0,2780.0,0.729818319560601,1.4477163072524541,24.0,25.0,0.20512820512820512
2756,0.758,0.0,2781.0,0.7294745121098712,1.4473724998017246,24.0,25.0,0.20512820512820512
2757,0.757,0.0,2782.0,0.7291258514978185,1.4470238391896717,24.0,25.0,0.20512820512820512
2758,0.759,0.0,2783.0,0.7287652168689995,1.4466632045608527,24.0,25.0,0.20512820512820512
2759,0.758,0.0,2784.0,0.7284143647626223,1.4463123524544756,24.0,25.0,0.20512820512820512
2760,0.761,0.0,2785.0,0.7280687948606295,1.4459667825524827,24.0,25.0,0.20512820512820512
2761,0.76,0.0,2787.0,0.7302470510002931,1.3763552399229608,24.0,26.0,0.20512820512820512
2762,0.761,0.0,2788.0,0.7297177207963852,1.375825909719053,24.0,26.0,0.20512820512820512
2763,0.762,0.0,2789.0,0.729057766041139,1.375165954963807,24.0,26.0,0.20512820512820512
2764,0.76,0.0,2790.0,0.7282688061523794,1.3743769950750473,24.0,26.0,0.20512820512820512
2765,0.747,0.0,2792.0,0.7296453990951817,1.3111427691255828,24.0,27.0,0.20512820512820512
2766,0.732,0.0,2793.0,0.7288147338287572,1.3103121038591583,24.0,27.0,0.20512820512820512
2767,0.735,0.0,2794.0,0.7282094323787571,1.3097068024091583,24.0,27.0,0.20512820512820512
2768,0.741,0.0,2796.0,0.7297962138692808,1.2531438468966418,24.0,28.0,0.20512820512820512
2769,0.738,0.0,2797.0,0.7294058582263243,1.2527534912536855,24.0,28.0,0.20512820512820512
2770,0.748,0.0,2798.0,0.7291227404654834,1.2524703734928444,24.0,28.0,0.20512820512820512
2771,0.758,0.0,2799.0,0.7288405916603055,1.2521882246876666,24.0,28.0,0.20512820512820512
2772,0.757,0.0,2800.0,0.7284539799888796,1.2518016130162408,24.0,28.0,0.20512820512820512
2773,0.755,0.0,2801.0,0.7279655891852391,1.2513132222126002,24.0,28.0,0.20512820512820512
2774,0.753,0.0,2803.0,0.7292622186337656,1.2002750883583906,24.0,29.0,0.20512820512820512
2775,0.753,0.0,2804.0,0.7285855661404101,1.1995984358650351,24.0,29.0,0.20512820512820512
2776,0.751,0.0,2806.0,0.7294892185407647,1.153400801292927,24.0,30.0,0.20512820512820512
2777,0.748,0.0,2807.0,0.7286585699279204,1.152570152680083,25.0,30.0,0.21367521367521367
2778,0.739,0.0,2809.0,0.7292760886090419,1.110796513085988,25.0,31.0,0.21367521367521367
2779,0.723,0.0,2810.0,0.7284311663233707,1.1099515908003168,25.0,31.0,0.21367521367521367
2780,0.702,0.0,2812.0,0.7291688568238445,1.072537238853096,25.0,32.0,0.21367521367521367
2781,0.706,0.0,2813.0,0.7289766346207703,1.072345016650022,25.0,32.0,0.21367521367521367
2782,0.718,0.0,2814.0,0.7291674775400817,1.0725358595693333,25.0,32.0,0.21367521367521367
2783,0.725,0.0,2814.0,0.7282739275586302,1.1097943520355764,25.0,31.0,0.21367521367521367
2784,0.744,0.0,2815.0,0.728916732218917,1.110437156695863,25.0,31.0,0.21367521367521367
2785,0.758,0.0,2815.0,0.728041965112991,1.1519535478651535,25.0,30.0,0.21367521367521367
2786,0.763,0.0,2816.0,0.7284920483526854,1.152403631104848,26.0,30.0,0.2222222222222222
2787,0.76,0.0,2817.0,0.7287177883066214,1.1526293710587838,26.0,30.0,0.2222222222222222
2788,0.748,0.0,2818.0,0.7287677438773251,1.1526793266294875,26.0,30.0,0.2222222222222222
2789,0.737,0.0,2819.0,0.7287787039076984,1.152690286659861,26.0,30.0,0.2222222222222222
2790,0.733,0.0,2820.0,0.7288739048435159,1.1527854875956782,26.0,30.0,0.2222222222222222
2791,0.736,0.0,2821.0,0.7290952791356482,1.1530068618878107,27.0,30.0,0.23076923076923078
2792,0.738,0.0,2822.0,0.7294034749334644,1.1533150576856268,27.0,30.0,0.23076923076923078
2793,0.742,0.0,2822.0,0.7281081441082954,1.1991210138329205,27.0,29.0,0.23076923076923078
2794,0.753,0.0,2823.0,0.7285078045962196,1.1995206743208446,27.0,29.0,0.23076923076923078
2795,0.749,0.0,2824.0,0.7287830788798444,1.1997959486044694,28.0,29.0,0.23931623931623933
2796,0.744,0.0,2825.0,0.7289802304992141,1.199993100223839,28.0,29.0,0.23931623931623933
2797,0.746,0.0,2826.0,0.7291931992039482,1.2002060689285732,28.0,29.0,0.23931623931623933
2798,0.745,0.0,2827.0,0.7294373311052407,1.2004502008298656,28.0,29.0,0.23931623931623933
2799,0.747,0.0,2828.0,0.7297279372999452,1.2007408070245702,28.0,29.0,0.23931623931623933
2800,0.752,0.0,2828.0,0.7281532964917972,1.2515009295191581,28.0,28.0,0.23931623931623933
2801,0.755,0.0,2829.0,0.7283988194597658,1.251746452487127,28.0,28.0,0.23931623931623933
2802,0.758,0.0,2830.0,0.7285517775474555,1.2518994105748167,29.0,28.0,0.24786324786324787
2803,0.754,0.0,2831.0,0.7285827405248212,1.2519303735521823,29.0,28.0,0.24786324786324787
2804,0.747,0.0,2832.0,0.7285472392681728,1.2518948722955339,29.0,28.0,0.24786324786324787
2805,0.746,0.0,2833.0,0.7285179745127957,1.2518656075401569,30.0,28.0,0.2564102564102564
2806,0.748,0.0,2834.0,0.7285004987295223,1.2518481317568835,30.0,28.0,0.2564102564102564
2807,0.749,0.0,2835.0,0.7284748745358642,1.2518225075632254,30.0,28.0,0.2564102564102564
2808,0.749,0.0,2836.0,0.7284297061074478,1.2517773391348088,31.0,28.0,0.26495726495726496
2809,0.745,0.0,2837.0,0.7283534737279402,1.2517011067553012,31.0,28.0,0.26495726495726496
2810,0.745,0.0,2838.0,0.7282969364145357,1.251644569441897,31.0,28.0,0.26495726495726496
2811,0.75,0.0,2839.0,0.7282564360675139,1.251604069094875,32.0,28.0,0.27350427350427353
2812,0.754,0.0,2840.0,0.7281478716229538,1.251495504650315,32.0,28.0,0.27350427350427353
2813,0.747,0.0,2842.0,0.7296686154289083,1.2006814851535332,32.0,29.0,0.27350427350427353
2814,0.743,0.0,2843.0,0.7293829494626012,1.2003958191872262,31.0,29.0,0.26495726495726496
2815,0.747,0.0,2844.0,0.7291192660905241,1.200132135815149,30.0,29.0,0.2564102564102564
2816,0.743,0.0,2845.0,0.7288398592118918,1.1998527289365168,30.0,29.0,0.2564102564102564
2817,0.74,0.0,2846.0,0.7285992075303258,1.1996120772549508,30.0,29.0,0.2564102564102564
2818,0.743,0.0,2847.0,0.728432432698773,1.199445302423398,30.0,29.0,0.2564102564102564
2819,0.747,0.0,2848.0,0.7282842683078752,1.1992971380325002,30.0,29.0,0.2564102564102564
2820,0.751,0.0,2849.0,0.7281036656119706,1.1991165353365956,30.0,29.0,0.2564102564102564
2821,0.753,0.0,2851.0,0.7294828024536144,1.1533943852057769,30.0,30.0,0.2564102564102564
2822,0.751,0.0,2852.0,0.7291187314515405,1.1530303142037028,29.0,30.0,0.24786324786324787
2823,0.746,0.0,2853.0,0.7286768607606458,1.1525884435128082,29.0,30.0,0.24786324786324787
2824,0.731,0.0,2854.0,0.7282060513712681,1.1521176341234307,29.0,30.0,0.24786324786324787
2825,0.717,0.0,2856.0,0.729331795474647,1.1108522199515933,29.0,31.0,0.24786324786324787
2826,0.719,0.0,2857.0,0.7292891572753626,1.1108095817523087,29.0,31.0,0.24786324786324787
2827,0.735,0.0,2857.0,0.7280397783759971,1.1519513611281595,29.0,30.0,0.24786324786324787
2828,0.75,0.0,2858.0,0.7283373143768284,1.1522488971289908,28.0,30.0,0.23931623931623933
2829,0.757,0.0,2859.0,0.7285476544859635,1.152459237238126,28.0,30.0,0.23931623931623933
2830,0.755,0.0,2860.0,0.7286033900468849,1.1525149727990474,28.0,30.0,0.23931623931623933
2831,0.754,0.0,2861.0,0.7285206692250448,1.1524322519772072,28.0,30.0,0.23931623931623933
2832,0.757,0.0,2862.0,0.7283090146772339,1.1522205974293964,28.0,30.0,0.23931623931623933
2833,0.758,0.0,2863.0,0.7279476898139965,1.151859272566159,28.0,30.0,0.23931623931623933
2834,0.757,0.0,2865.0,0.728938726047053,1.1104591505239991,28.0,31.0,0.23931623931623933
2835,0.757,0.0,2866.0,0.7282854600647573,1.1098058845417036,28.0,31.0,0.23931623931623933
2836,0.757,0.0,2868.0,0.7288159325107292,1.0721843145399808,28.0,32.0,0.23931623931623933
2837,0.753,0.0,2870.0,0.7290254776826188,1.0380570215089453,28.0,33.0,0.23931623931623933
2838,0.752,0.0,2872.0,0.7289531876960129,1.0070815771397066,28.0,34.0,0.23931623931623933
2839,0.75,0.0,2874.0,0.7286147215651027,0.9789302720644271,28.0,35.0,0.23931623931623933
2840,0.738,0.0,2876.0,0.7280436475403704,0.9533276429897625,28.0,36.0,0.23931623931623933
2841,0.721,0.0,2879.0,0.7280751372215285,0.910555173535536,29.0,38.0,0.24786324786324787
2842,0.71,0.0,2882.0,0.727983416618318,0.8757922460326641,29.0,40.0,0.24786324786324787
2843,0.709,0.0,2886.0,0.7283489027662124,0.8361015394092708,29.0,43.0,0.24786324786324787
2844,0.708,0.0,2889.0,0.7282707113203812,0.8155503470012585,29.0,45.0,0.24786324786324787
2845,0.711,0.0,2891.0,0.7280437542094036,0.8065954263221932,29.0,46.0,0.24786324786324787
2846,0.719,0.0,2893.0,0.7280081566084926,0.7987046615100032,29.0,47.0,0.24786324786324787
2847,0.728,0.0,2895.0,0.7280716077933345,0.791698462204694,29.0,48.0,0.24786324786324787
2848,0.728,0.0,2897.0,0.7281317356186972,0.7853959045889207,29.0,49.0,0.24786324786324787
2849,0.726,0.0,2898.0,0.7279916970203084,0.785255865990532,29.0,49.0,0.24786324786324787
2850,0.73,0.0,2900.0,0.72809431571742,0.7796320677906212,30.0,50.0,0.2564102564102564
2851,0.728,0.0,2901.0,0.727995133886275,0.7795328859594762,30.0,50.0,0.2564102564102564
2852,0.721,0.0,2903.0,0.728092636574456,0.7744766134403371,30.0,51.0,0.2564102564102564
2853,0.723,0.0,2904.0,0.7281079939359618,0.774491970801843,30.0,51.0,0.2564102564102564
2854,0.724,0.0,2904.0,0.728021253871189,0.7795590059443902,30.0,50.0,0.2564102564102564
2855,0.725,0.0,2904.0,0.7279791944049847,0.7852433633752083,31.0,49.0,0.26495726495726496
2856,0.729,0.0,2904.0,0.7279702370988361,0.7915970915101956,31.0,48.0,0.26495726495726496
2857,0.731,0.0,2904.0,0.7279498379826748,0.7986463428841853,30.0,47.0,0.2564102564102564
2858,0.728,0.0,2905.0,0.7281634507223217,0.7988599556238323,30.0,47.0,0.2564102564102564
2859,0.724,0.0,2905.0,0.7281377672907047,0.8066894394034942,30.0,46.0,0.2564102564102564
2860,0.724,0.0,2905.0,0.7281580590512065,0.8154376947320837,30.0,45.0,0.2564102564102564
2861,0.721,0.0,2905.0,0.7282245514678329,0.8252019244465855,30.0,44.0,0.2564102564102564
2862,0.718,0.0,2904.0,0.7279629908975832,0.8476881427232036,30.0,42.0,0.2564102564102564
2863,0.722,0.0,2904.0,0.7281796234290623,0.8612075699019738,30.0,41.0,0.2564102564102564
2864,0.736,0.0,2904.0,0.7284649184430867,0.8762737478574328,31.0,40.0,0.26495726495726496
2865,0.744,0.0,2903.0,0.7280415442253874,0.9105215805393949,31.0,38.0,0.26495726495726496
2866,0.742,0.0,2903.0,0.7280033053253969,0.9307589012298497,31.0,37.0,0.26495726495726496
2867,0.743,0.0,2904.0,0.7285810859948406,0.9313366818992934,32.0,37.0,0.27350427350427353
2868,0.748,0.0,2904.0,0.7283042719494345,0.9535882673988265,32.0,36.0,0.27350427350427353
2869,0.745,0.0,2905.0,0.7286623242534737,0.9539463197028657,33.0,36.0,0.28205128205128205
2870,0.741,0.0,2905.0,0.7280705098319893,0.9783860603313137,33.0,35.0,0.28205128205128205
2871,0.74,0.0,2906.0,0.7282809636994727,0.9785965141987971,34.0,35.0,0.2905982905982906
2872,0.736,0.0,2907.0,0.7284637036831838,0.9787792541825082,34.0,35.0,0.2905982905982906
2873,0.734,0.0,2908.0,0.7286580904403955,0.97897364093972,35.0,35.0,0.29914529914529914
2874,0.735,0.0,2909.0,0.7288885060461878,0.9792040565455122,35.0,35.0,0.29914529914529914
2875,0.736,0.0,2909.0,0.7281925655704182,1.006320955014112,36.0,34.0,0.3076923076923077
2876,0.737,0.0,2910.0,0.7284726190376096,1.0066010084813035,36.0,34.0,0.3076923076923077
2877,0.738,0.0,2911.0,0.728768589649767,1.0068969790934608,37.0,34.0,0.3162393162393162
2878,0.738,0.0,2911.0,0.7280015677920528,1.0370331116183793,38.0,33.0,0.3247863247863248
2879,0.739,0.0,2912.0,0.7283124104459657,1.0373439542722922,38.0,33.0,0.3247863247863248
2880,0.74,0.0,2913.0,0.7286299038523549,1.0376614476786814,39.0,33.0,0.3333333333333333
2881,0.743,0.0,2914.0,0.7289389827883005,1.0379705266146269,40.0,33.0,0.3418803418803419
2882,0.746,0.0,2914.0,0.7280173743162417,1.0713857563454932,40.0,32.0,0.3418803418803419
2883,0.747,0.0,2915.0,0.7282242523699913,1.0715926343992428,41.0,32.0,0.3504273504273504
2884,0.748,0.0,2916.0,0.7283571475554252,1.0717255295846768,42.0,32.0,0.358974358974359
2885,0.745,0.0,2917.0,0.7284011844887732,1.0717695665180247,43.0,32.0,0.36752136752136755
2886,0.746,0.0,2918.0,0.7283880171602151,1.0717563991894665,43.0,32.0,0.36752136752136755
2887,0.743,0.0,2919.0,0.7283094603984068,1.0716778424276585,44.0,32.0,0.37606837606837606
2888,0.739,0.0,2920.0,0.7281959867615616,1.0715643687908132,45.0,32.0,0.38461538461538464
2889,0.741,0.0,2921.0,0.7281012616475986,1.07146964367685,45.0,32.0,0.38461538461538464
2890,0.745,0.0,2922.0,0.7279991188098118,1.0713675008390635,46.0,32.0,0.39316239316239315
2891,0.747,0.0,2924.0,0.7290649245617529,1.0380964683880793,46.0,33.0,0.39316239316239315
2892,0.748,0.0,2925.0,0.7288475642197876,1.037879108046114,47.0,33.0,0.4017094017094017
2893,0.749,0.0,2926.0,0.7285320660033978,1.0375636098297243,47.0,33.0,0.4017094017094017
2894,0.747,0.0,2927.0,0.7281080421184396,1.037139585944766,48.0,33.0,0.41025641025641024
2895,0.747,0.0,2929.0,0.7286762402958371,1.006804629739531,48.0,34.0,0.41025641025641024
2896,0.741,0.0,2930.0,0.7280687092304015,1.0061970986740953,49.0,34.0,0.4188034188034188
2897,0.74,0.0,2932.0,0.7284023442586081,0.9787178947579325,49.0,35.0,0.4188034188034188
2898,0.738,0.0,2934.0,0.7286081704054561,0.9538921658548482,49.0,36.0,0.4188034188034188
2899,0.738,0.0,2936.0,0.7287239899235369,0.9314795858279897,50.0,37.0,0.42735042735042733
2900,0.731,0.0,2937.0,0.7280261376560813,0.9307817335605341,50.0,37.0,0.42735042735042733
2901,0.73,0.0,2939.0,0.7280919652521256,0.9105720015661332,50.0,38.0,0.42735042735042733
2902,0.728,0.0,2941.0,0.7281302536818742,0.892362286364481,51.0,39.0,0.4358974358974359
2903,0.727,0.0,2943.0,0.7281606540802654,0.8759694834946116,49.0,40.0,0.4188034188034188
2904,0.723,0.0,2945.0,0.7282180313709585,0.86124597784387,40.0,41.0,0.3418803418803419
2905,0.72,0.0,2947.0,0.7283342269644995,0.8480593787901198,35.0,42.0,0.29914529914529914
2906,0.718,0.0,2948.0,0.728109494003784,0.8478346458294044,35.0,42.0,0.29914529914529914
2907,0.724,0.0,2949.0,0.728043088417818,0.8477682402434383,35.0,42.0,0.29914529914529914
2908,0.724,0.0,2950.0,0.7280669125544748,0.8477920643800951,35.0,42.0,0.29914529914529914
2909,0.724,0.0,2951.0,0.7281817352322862,0.8479068870579066,34.0,42.0,0.2905982905982906
2910,0.726,0.0,2952.0,0.7283900295103016,0.848115181335922,34.0,42.0,0.2905982905982906
2911,0.729,0.0,2952.0,0.728206912865418,0.8612348593383296,33.0,41.0,0.28205128205128205
2912,0.731,0.0,2952.0,0.7280149841412612,0.8758238135556073,33.0,40.0,0.28205128205128205
2913,0.735,0.0,2953.0,0.7283640091853232,0.8761728385996693,33.0,40.0,0.28205128205128205
2914,0.734,0.0,2953.0,0.7281225924481264,0.8923546251307332,32.0,39.0,0.27350427350427353
2915,0.735,0.0,2954.0,0.7284563761100379,0.8926884087926447,32.0,39.0,0.27350427350427353
2916,0.736,0.0,2954.0,0.7281409984051226,0.9106210347191301,32.0,38.0,0.27350427350427353
2917,0.734,0.0,2955.0,0.7284566935505954,0.910936729864603,32.0,38.0,0.27350427350427353
2918,0.731,0.0,2955.0,0.7280642408208882,0.930819836725341,32.0,37.0,0.27350427350427353
2919,0.73,0.0,2956.0,0.728443788120072,0.9311993840245248,32.0,37.0,0.27350427350427353
2920,0.728,0.0,2956.0,0.7280818865583523,0.9533658820077443,32.0,36.0,0.27350427350427353
2921,0.732,0.0,2957.0,0.7286137308924041,0.9538977263417961,32.0,36.0,0.27350427350427353
2922,0.734,0.0,2957.0,0.7283043975735384,0.9786199480728628,32.0,35.0,0.27350427350427353
2923,0.74,0.0,2958.0,0.7289198674826071,0.9792354179819315,33.0,35.0,0.28205128205128205
2924,0.746,0.0,2958.0,0.7285229458787437,1.0066513353224376,33.0,34.0,0.28205128205128205
2925,0.745,0.0,2959.0,0.7290253185052463,1.00715370794894,33.0,34.0,0.28205128205128205
2926,0.741,0.0,2959.0,0.7283660593221541,1.0373976031484806,33.0,33.0,0.28205128205128205
2927,0.74,0.0,2960.0,0.7287781519685803,1.0378096957949068,33.0,33.0,0.28205128205128205
2928,0.74,0.0,2960.0,0.7279750013613123,1.071343383390564,34.0,32.0,0.2905982905982906
2929,0.739,0.0,2961.0,0.7283954483680798,1.0717638303973314,34.0,32.0,0.2905982905982906
2930,0.741,0.0,2962.0,0.7288392095004157,1.0722075915296672,34.0,32.0,0.2905982905982906
2931,0.742,0.0,2963.0,0.729289535375949,1.0726579174052007,35.0,32.0,0.29914529914529914
2932,0.74,0.0,2963.0,0.7283673871368942,1.1098878116138404,35.0,31.0,0.29914529914529914
2933,0.741,0.0,2964.0,0.7288400613394788,1.1103604858164249,36.0,31.0,0.3076923076923077
2934,0.742,0.0,2965.0,0.7293380644910055,1.1108584889679518,36.0,31.0,0.3076923076923077
2935,0.745,0.0,2965.0,0.728316484336061,1.1522280670882235,37.0,30.0,0.3162393162393162
2936,0.751,0.0,2966.0,0.7287984847750789,1.1527100675272415,37.0,30.0,0.3162393162393162
2937,0.755,0.0,2967.0,0.7291915414426535,1.153103124194816,37.0,30.0,0.3162393162393162
2938,0.752,0.0,2968.0,0.7294678483154104,1.153379431067573,38.0,30.0,0.3247863247863248
2939,0.749,0.0,2968.0,0.7279817722649582,1.1989946419895832,38.0,29.0,0.3247863247863248
2940,0.749,0.0,2969.0,0.7281288587239552,1.1991417284485801,39.0,29.0,0.3333333333333333
2941,0.745,0.0,2970.0,0.728223276405224,1.199236146129849,39.0,29.0,0.3333333333333333
2942,0.74,0.0,2971.0,0.7283172121793369,1.1993300819039618,40.0,29.0,0.3418803418803419
2943,0.743,0.0,2972.0,0.7284722233628804,1.1994850930875054,40.0,29.0,0.3418803418803419
2944,0.75,0.0,2973.0,0.7286547157569226,1.1996675854815475,41.0,29.0,0.3504273504273504
2945,0.752,0.0,2974.0,0.7287891871784624,1.1998020569030874,41.0,29.0,0.3504273504273504
2946,0.753,0.0,2975.0,0.7288526784185902,1.1998655481432152,42.0,29.0,0.358974358974359
2947,0.75,0.0,2976.0,0.7288372628395228,1.1998501325641477,42.0,29.0,0.358974358974359
2948,0.74,0.0,2977.0,0.7287689133465804,1.1997817830712054,42.0,29.0,0.358974358974359
2949,0.739,0.0,2978.0,0.7287624438392508,1.1997753135638758,42.0,29.0,0.358974358974359
2950,0.737,0.0,2979.0,0.7288288935452298,1.1998417632698548,42.0,29.0,0.358974358974359
2951,0.736,0.0,2980.0,0.7289937020319099,1.200006571756535,42.0,29.0,0.358974358974359
2952,0.737,0.0,2981.0,0.7292675805022169,1.2002804502268418,40.0,29.0,0.3418803418803419
2953,0.738,0.0,2982.0,0.72963998192405,1.200652851648675,39.0,29.0,0.3333333333333333
2954,0.741,0.0,2982.0,0.7282394657202955,1.2515870987476565,38.0,28.0,0.3247863247863248
2955,0.748,0.0,2983.0,0.7287685206446197,1.252116153671981,37.0,28.0,0.3162393162393162
2956,0.754,0.0,2984.0,0.7292910279492254,1.2526386609765865,36.0,28.0,0.3076923076923077
2957,0.753,0.0,2985.0,0.7297488810653898,1.2530965140927508,35.0,28.0,0.29914529914529914
2958,0.75,0.0,2985.0,0.7280816900424422,1.3095790600728434,34.0,27.0,0.2905982905982906
2959,0.747,0.0,2986.0,0.7284663465975714,1.3099637166279725,33.0,27.0,0.28205128205128205
2960,0.745,0.0,2987.0,0.7288684910810421,1.3103658611114433,32.0,27.0,0.27350427350427353
2961,0.751,0.0,2988.0,0.7293142018846204,1.3108115719150215,32.0,27.0,0.27350427350427353
2962,0.754,0.0,2989.0,0.7297503341188281,1.3112477041492292,32.0,27.0,0.27350427350427353
2963,0.757,0.0,2990.0,0.7301487064152928,1.3116460764456939,31.0,27.0,0.26495726495726496
2964,0.759,0.0,2990.0,0.7281883940078688,1.3742965829305367,31.0,26.0,0.26495726495726496
2965,0.763,0.0,2991.0,0.7284395580537069,1.3745477469763747,30.0,26.0,0.2564102564102564
2966,0.757,0.0,2992.0,0.7285689010909563,1.3746770900136243,30.0,26.0,0.2564102564102564
2967,0.752,0.0,2993.0,0.7286384059061948,1.3747465948288626,30.0,26.0,0.2564102564102564
2968,0.753,0.0,2994.0,0.7287044003307026,1.3748125892533705,29.0,26.0,0.24786324786324787
2969,0.753,0.0,2995.0,0.7287565065247521,1.37486469544742,29.0,26.0,0.24786324786324787
2970,0.75,0.0,2996.0,0.7287987040154702,1.374906892938138,29.0,26.0,0.24786324786324787
2971,0.75,0.0,2997.0,0.7288719361929709,1.3749801251156386,29.0,26.0,0.24786324786324787
2972,0.752,0.0,2998.0,0.7289644346412778,1.3750726235639457,29.0,26.0,0.24786324786324787
2973,0.753,0.0,2999.0,0.7290546648417643,1.375162853764432,29.0,26.0,0.24786324786324787
2974,0.754,0.0,3000.0,0.7291219764759147,1.3752301653985826,29.0,26.0,0.24786324786324787
2975,0.754,0.0,3001.0,0.7291682483895594,1.3752764373122273,29.0,26.0,0.24786324786324787
2976,0.755,0.0,3002.0,0.7292007958539031,1.375308984776571,29.0,26.0,0.24786324786324787
2977,0.753,0.0,3003.0,0.7292027483713794,1.3753109372940473,29.0,26.0,0.24786324786324787
2978,0.753,0.0,3004.0,0.7292031509976801,1.3753113399203478,29.0,26.0,0.24786324786324787
2979,0.753,0.0,3005.0,0.7291924866120676,1.3753006755347355,29.0,26.0,0.24786324786324787
2980,0.754,0.0,3006.0,0.729166896095012,1.3752750850176798,29.0,26.0,0.24786324786324787
2981,0.754,0.0,3007.0,0.7291177044518553,1.3752258933745232,29.0,26.0,0.24786324786324787
2982,0.753,0.0,3008.0,0.7290474256212589,1.3751556145439268,28.0,26.0,0.23931623931623933
2983,0.752,0.0,3009.0,0.7289663898384386,1.3750745787611065,28.0,26.0,0.23931623931623933
2984,0.752,0.0,3010.0,0.7288848078169181,1.374992996739586,28.0,26.0,0.23931623931623933
2985,0.753,0.0,3011.0,0.728801773089792,1.3749099620124599,27.0,26.0,0.23076923076923078
2986,0.75,0.0,3012.0,0.7287086525072854,1.3748168414299533,27.0,26.0,0.23076923076923078
2987,0.748,0.0,3013.0,0.7286380847865341,1.374746273709202,27.0,26.0,0.23076923076923078
2988,0.746,0.0,3014.0,0.7286084475515002,1.374716636474168,27.0,26.0,0.23076923076923078
2989,0.747,0.0,3015.0,0.7286416337217949,1.3747498226444628,27.0,26.0,0.23076923076923078
2990,0.748,0.0,3016.0,0.7287269009215321,1.3748350898442,26.0,26.0,0.2222222222222222
2991,0.751,0.0,3017.0,0.7288506848835161,1.374958873806184,26.0,26.0,0.2222222222222222
2992,0.753,0.0,3018.0,0.7289874887336578,1.3750956776563257,26.0,26.0,0.2222222222222222
2993,0.753,0.0,3019.0,0.72910674864121,1.3752149375638778,26.0,26.0,0.2222222222222222
2994,0.753,0.0,3020.0,0.7292193113106195,1.3753275002332872,26.0,26.0,0.2222222222222222
2995,0.753,0.0,3021.0,0.7293267674951547,1.3754349564178225,26.0,26.0,0.2222222222222222
2996,0.754,0.0,3022.0,0.729430651209363,1.3755388401320308,26.0,26.0,0.2222222222222222
2997,0.757,0.0,3023.0,0.7295043428154894,1.3756125317381573,26.0,26.0,0.2222222222222222
2998,0.756,0.0,3024.0,0.7295207686868885,1.3756289576095564,26.0,26.0,0.2222222222222222
2999,0.755,0.0,3025.0,0.7294905423304705,1.3755987312531384,26.0,26.0,0.2222222222222222
3000,0.751,0.0,3026.0,0.7294237588950592,1.375531947817727,26.0,26.0,0.2222222222222222
3001,0.751,0.0,3027.0,0.7293770429507059,1.3754852318733737,26.0,26.0,0.2222222222222222
3002,0.753,0.0,3028.0,0.7293301521287531,1.3754383410514208,26.0,26.0,0.2222222222222222
3003,0.753,0.0,3029.0,0.7292487812618335,1.3753569701845012,26.0,26.0,0.2222222222222222
3004,0.755,0.0,3030.0,0.729150049247105,1.3752582381697729,26.0,26.0,0.2222222222222222
3005,0.754,0.0,3031.0,0.7290136973524335,1.3751218862751013,26.0,26.0,0.2222222222222222
3006,0.752,0.0,3032.0,0.7288459210984626,1.3749541100211304,26.0,26.0,0.2222222222222222
3007,0.751,0.0,3033.0,0.7286667384698735,1.3747749273925414,26.0,26.0,0.2222222222222222
3008,0.751,0.0,3034.0,0.7284849296027402,1.374593118525408,26.0,26.0,0.2222222222222222
3009,0.751,0.0,3035.0,0.7283049354804283,1.3744131244030962,26.0,26.0,0.2222222222222222
3010,0.751,0.0,3036.0,0.7281114939475257,1.3742196828701936,26.0,26.0,0.2222222222222222
3011,0.751,0.0,3038.0,0.730132549076274,1.3116299191066751,26.0,27.0,0.2222222222222222
3012,0.752,0.0,3039.0,0.7299259834550097,1.3114233534854107,26.0,27.0,0.2222222222222222
3013,0.753,0.0,3040.0,0.7296914473688882,1.3111888173992894,26.0,27.0,0.2222222222222222
3014,0.753,0.0,3041.0,0.7294390957475823,1.3109364657779834,26.0,27.0,0.2222222222222222
3015,0.753,0.0,3042.0,0.7291618399667249,1.3106592099971262,26.0,27.0,0.2222222222222222
3016,0.753,0.0,3043.0,0.7288425210491493,1.3103398910795505,26.0,27.0,0.2222222222222222
3017,0.752,0.0,3044.0,0.7284834059805825,1.3099807760109836,26.0,27.0,0.2222222222222222
3018,0.753,0.0,3045.0,0.7280919217559547,1.3095892917863559,26.0,27.0,0.2222222222222222
3019,0.751,0.0,3047.0,0.729682951414585,1.253030584441946,26.0,28.0,0.2222222222222222
3020,0.752,0.0,3048.0,0.7291963185401785,1.2525439515675396,26.0,28.0,0.2222222222222222
3021,0.753,0.0,3049.0,0.7286587643274745,1.2520063973548354,26.0,28.0,0.2222222222222222
3022,0.754,0.0,3050.0,0.7280587137632291,1.2514063467905903,26.0,28.0,0.2222222222222222
3023,0.75,0.0,3052.0,0.7292236020834446,1.2002364718080696,26.0,29.0,0.2222222222222222
3024,0.748,0.0,3053.0,0.7285024031531044,1.1995152728777294,26.0,29.0,0.2222222222222222
3025,0.746,0.0,3055.0,0.7293499509355652,1.1532615336877277,26.0,30.0,0.2222222222222222
3026,0.744,0.0,3056.0,0.7285508956578084,1.1524624784099708,26.0,30.0,0.2222222222222222
3027,0.746,0.0,3058.0,0.729209789033781,1.110730213510727,26.0,31.0,0.2222222222222222
3028,0.742,0.0,3059.0,0.7283544334329493,1.1098748579098956,26.0,31.0,0.2222222222222222
3029,0.735,0.0,3061.0,0.7288319764774791,1.0722003585067306,26.0,32.0,0.2222222222222222
3030,0.734,0.0,3062.0,0.7280455217972492,1.071413903826501,26.0,32.0,0.2222222222222222
3031,0.734,0.0,3064.0,0.728526079171379,1.0375576229977055,26.0,33.0,0.2222222222222222
3032,0.733,0.0,3066.0,0.7289550861492832,1.007083475592977,26.0,34.0,0.2222222222222222
3033,0.732,0.0,3067.0,0.7283509155572547,1.0064793050009486,26.0,34.0,0.2222222222222222
3034,0.731,0.0,3069.0,0.7287687964135673,0.9790843469128917,26.0,35.0,0.2222222222222222
3035,0.732,0.0,3070.0,0.7283027768006001,0.9786183272999245,26.0,35.0,0.2222222222222222
3036,0.729,0.0,3072.0,0.7287730932820483,0.9540570887314404,26.0,36.0,0.2222222222222222
3037,0.726,0.0,3073.0,0.7284630659408218,0.9537470613902138,27.0,36.0,0.23076923076923078
3038,0.729,0.0,3074.0,0.7282612710962517,0.9535452665456438,27.0,36.0,0.23076923076923078
3039,0.73,0.0,3075.0,0.7281373503531174,0.9534213458025095,27.0,36.0,0.23076923076923078
3040,0.728,0.0,3076.0,0.7280846256588339,0.953368621108226,27.0,36.0,0.23076923076923078
3041,0.734,0.0,3077.0,0.7281216505720653,0.9534056460214574,27.0,36.0,0.23076923076923078
3042,0.738,0.0,3078.0,0.7281858455003112,0.9534698409497032,27.0,36.0,0.23076923076923078
3043,0.737,0.0,3079.0,0.728225653621529,0.9535096490709211,27.0,36.0,0.23076923076923078
3044,0.738,0.0,3080.0,0.7282558297634334,0.9535398252128254,27.0,36.0,0.23076923076923078
3045,0.739,0.0,3081.0,0.7282679695158571,0.9535519649652492,27.0,36.0,0.23076923076923078
3046,0.74,0.0,3082.0,0.7282489623843973,0.9535329578337893,28.0,36.0,0.23931623931623933
3047,0.737,0.0,3083.0,0.728183928951875,0.953467924401267,28.0,36.0,0.23931623931623933
3048,0.735,0.0,3084.0,0.7281098670673138,0.9533938625167059,28.0,36.0,0.23931623931623933
3049,0.735,0.0,3085.0,0.7280494803188712,0.9533334757682632,28.0,36.0,0.23931623931623933
3050,0.737,0.0,3086.0,0.7279975920627659,0.953281587512158,28.0,36.0,0.23931623931623933
3051,0.74,0.0,3088.0,0.7287198975246705,0.9314754934291233,29.0,37.0,0.24786324786324787
3052,0.743,0.0,3089.0,0.7286048762325874,0.9313604721370402,29.0,37.0,0.24786324786324787
3053,0.741,0.0,3090.0,0.7284138926229597,0.9311694885274125,29.0,37.0,0.24786324786324787
3054,0.731,0.0,3091.0,0.7281579762328223,0.9309135721372751,30.0,37.0,0.2564102564102564
3055,0.729,0.0,3093.0,0.7286002952326118,0.9110803315466194,30.0,38.0,0.2564102564102564
3056,0.732,0.0,3094.0,0.7284003573203397,0.9108803936343473,30.0,38.0,0.2564102564102564
3057,0.734,0.0,3095.0,0.7282184328214167,0.9106984691354243,31.0,38.0,0.26495726495726496
3058,0.728,0.0,3096.0,0.7280371931632539,0.9105172294772614,31.0,38.0,0.26495726495726496
3059,0.728,0.0,3098.0,0.7285036906807534,0.8927357233633602,31.0,39.0,0.26495726495726496
3060,0.733,0.0,3099.0,0.7284524896424986,0.8926845223251054,32.0,39.0,0.27350427350427353
3061,0.735,0.0,3100.0,0.7284118723151229,0.8926439049977297,32.0,39.0,0.27350427350427353
3062,0.733,0.0,3101.0,0.7283542382117865,0.8925862708943932,32.0,39.0,0.27350427350427353
3063,0.735,0.0,3102.0,0.7283060961367653,0.8925381288193721,33.0,39.0,0.28205128205128205
3064,0.736,0.0,3103.0,0.7282363044784352,0.892468337161042,33.0,39.0,0.28205128205128205
3065,0.738,0.0,3104.0,0.7281444729051023,0.8923765055877091,34.0,39.0,0.2905982905982906
3066,0.739,0.0,3105.0,0.728007963909113,0.8922399965917198,34.0,39.0,0.2905982905982906
3067,0.728,0.0,3107.0,0.7283440140129154,0.8761528434272615,34.0,40.0,0.2905982905982906
3068,0.725,0.0,3108.0,0.7282013295636617,0.8760101589780078,35.0,40.0,0.29914529914529914
3069,0.729,0.0,3109.0,0.7281491380921385,0.8759579675064847,35.0,40.0,0.29914529914529914
3070,0.729,0.0,3110.0,0.7281433487781115,0.8759521781924576,35.0,40.0,0.29914529914529914
3071,0.732,0.0,3111.0,0.7281895762666833,0.8759984056810295,36.0,40.0,0.3076923076923077
3072,0.74,0.0,3112.0,0.7282588905693199,0.8760677199836661,36.0,40.0,0.3076923076923077
3073,0.742,0.0,3113.0,0.7282673738385708,0.8760762032529169,36.0,40.0,0.3076923076923077
3074,0.736,0.0,3114.0,0.7281880748752746,0.8759969042896207,36.0,40.0,0.3076923076923077
3075,0.735,0.0,3115.0,0.7280626630690752,0.8758714924834213,36.0,40.0,0.3076923076923077
3076,0.739,0.0,3117.0,0.7284061288808055,0.861434075353717,36.0,41.0,0.3076923076923077
3077,0.74,0.0,3118.0,0.7281896020987655,0.861217548571677,36.0,41.0,0.3076923076923077
3078,0.744,0.0,3120.0,0.7283422437962426,0.848067395621863,36.0,42.0,0.3076923076923077
3079,0.741,0.0,3122.0,0.7283058502609541,0.8360584869040124,36.0,43.0,0.3076923076923077
3080,0.741,0.0,3124.0,0.7281232498332777,0.8251006228120302,36.0,44.0,0.3076923076923077
3081,0.743,0.0,3127.0,0.7281139401147669,0.8066656122275565,36.0,46.0,0.3076923076923077
3082,0.743,0.0,3131.0,0.7280952654154628,0.7853594343856863,36.0,49.0,0.3076923076923077
3083,0.74,0.0,3137.0,0.7279779305997547,0.761791849734982,36.0,54.0,0.3076923076923077
3084,0.741,0.0,3158.0,0.7279498400484865,0.7320608232155434,36.0,74.0,0.3076923076923077
3085,0.743,1.0,3166.0,0.7268415799722299,0.7288078504769854,36.0,81.0,0.3076923076923077
3086,0.741,1.0,3162.0,0.7254384732757496,0.7287683696410657,36.0,76.0,0.3076923076923077
3087,0.74,1.0,3159.0,0.7238515425802681,0.7289268304408323,37.0,72.0,0.3162393162393162
3088,0.738,1.0,3158.0,0.7221049808849644,0.7283707683671424,37.0,70.0,0.3162393162393162
3089,0.737,1.0,3156.0,0.7201458997373613,0.7287409442945327,37.0,67.0,0.3162393162393162
3090,0.742,1.0,3155.0,0.7180128829345189,0.7286240490544836,37.0,65.0,0.3162393162393162
3091,0.738,1.0,3154.0,0.7156014765325922,0.7287016816189684,37.0,63.0,0.3162393162393162
3092,0.719,1.0,3154.0,0.7129809057482801,0.7275366891775871,38.0,62.0,0.3247863247863248
3093,0.699,1.0,3153.0,0.7102315727789892,0.7282016757781336,38.0,60.0,0.3247863247863248
3094,0.684,1.0,3153.0,0.707662730086762,0.7276295111969223,38.0,59.0,0.3247863247863248
3095,0.676,1.0,3153.0,0.7053568066177209,0.7275421189623436,38.0,58.0,0.3247863247863248
3096,0.676,1.0,3153.0,0.7033770698888769,0.7280274169384576,38.0,57.0,0.3247863247863248
3097,0.674,1.0,3154.0,0.7017958428375963,0.726446189887177,39.0,57.0,0.3333333333333333
3098,0.676,0.0,3182.0,0.7012997835309335,0.7027331947289003,39.0,84.0,0.3333333333333333
3099,0.677,0.0,3178.0,0.7002818569101038,0.7027093513604192,39.0,79.0,0.3333333333333333
3100,0.68,0.0,3177.0,0.6995379892562136,0.7025348959849981,39.0,77.0,0.3333333333333333
3101,0.677,0.0,3176.0,0.6990079219239184,0.7027078067742697,39.0,75.0,0.3333333333333333
3102,0.68,0.0,3177.0,0.6987466012459436,0.7024464860962949,39.0,75.0,0.3333333333333333
3103,0.673,0.0,3178.0,0.698694874991682,0.7023947598420334,39.0,75.0,0.3333333333333333
3104,0.68,0.0,3179.0,0.6989302538773867,0.702630138727738,39.0,75.0,0.3333333333333333
3105,0.687,0.0,3181.0,0.6993898960627848,0.7027197924281009,39.0,76.0,0.3333333333333333
3106,0.688,0.0,3184.0,0.6999973774696759,0.7026945935255821,40.0,78.0,0.3418803418803419
3107,0.687,0.0,3188.0,0.7007421305382663,0.7027084010430218,40.0,81.0,0.3418803418803419
3108,0.686,0.0,3195.0,0.701647057536612,0.7026920142999299,40.0,87.0,0.3418803418803419
3109,0.688,1.0,3166.0,0.7019182208439583,0.726568567893539,40.0,57.0,0.3418803418803419
3110,0.691,1.0,3167.0,0.7031303599286755,0.7277807069782561,40.0,57.0,0.3418803418803419
3111,0.701,1.0,3169.0,0.7045641797506611,0.7267494920952837,40.0,58.0,0.3418803418803419
3112,0.715,1.0,3170.0,0.7059667253351751,0.7281520376797977,40.0,58.0,0.3418803418803419
3113,0.733,1.0,3172.0,0.7073504964446989,0.7273172775548593,40.0,59.0,0.3418803418803419
3114,0.743,1.0,3173.0,0.7083836243957506,0.728350405505911,40.0,59.0,0.3418803418803419
3115,0.721,1.0,3175.0,0.709104689437287,0.7270747924364314,40.0,60.0,0.3418803418803419
3116,0.709,1.0,3176.0,0.7096341033205329,0.7276042063196773,41.0,60.0,0.3504273504273504
3117,0.713,1.0,3177.0,0.7101769752856151,0.7281470782847594,41.0,60.0,0.3504273504273504
3118,0.719,1.0,3178.0,0.7106947887613742,0.7286648917605185,41.0,60.0,0.3504273504273504
3119,0.721,1.0,3180.0,0.7111883909708301,0.72736148367006,42.0,61.0,0.358974358974359
3120,0.712,1.0,3181.0,0.711519416828888,0.7276925095281179,42.0,61.0,0.358974358974359
3121,0.707,1.0,3182.0,0.7118512060883884,0.7280242987876183,43.0,61.0,0.36752136752136755
3122,0.701,1.0,3183.0,0.7122433498505318,0.7284164425497618,43.0,61.0,0.36752136752136755
3123,0.697,1.0,3185.0,0.7128200133126454,0.7273757967419524,44.0,62.0,0.37606837606837606
3124,0.702,1.0,3186.0,0.713523440014991,0.728079223444298,44.0,62.0,0.37606837606837606
3125,0.706,1.0,3187.0,0.714360589356202,0.7289163727855089,45.0,62.0,0.38461538461538464
3126,0.721,1.0,3189.0,0.7153444905333922,0.7284446956197684,46.0,63.0,0.39316239316239315
3127,0.733,1.0,3191.0,0.7162662697803663,0.728056454358105,46.0,64.0,0.39316239316239315
3128,0.746,1.0,3192.0,0.7169627270643568,0.7287529116420954,47.0,64.0,0.4017094017094017
3129,0.745,1.0,3194.0,0.717380668094157,0.7279918342141217,48.0,65.0,0.41025641025641024
3130,0.735,1.0,3195.0,0.7174560629705256,0.7280672290904903,49.0,65.0,0.4188034188034188
3131,0.728,1.0,3196.0,0.7173403508178609,0.7279515169378256,49.0,65.0,0.4188034188034188
3132,0.723,1.0,3196.0,0.717070410564782,0.7288605951425207,50.0,64.0,0.42735042735042733
3133,0.718,1.0,3197.0,0.716778519935598,0.7285687045133367,51.0,64.0,0.4358974358974359
3134,0.709,1.0,3198.0,0.7164776368616034,0.728267821439342,52.0,64.0,0.4444444444444444
3135,0.716,1.0,3199.0,0.7162639403847872,0.7280541249625259,53.0,64.0,0.452991452991453
3136,0.718,1.0,3200.0,0.7160570611344632,0.7278472457122018,54.0,64.0,0.46153846153846156
3137,0.719,1.0,3200.0,0.7157896116010922,0.7288898166874684,54.0,63.0,0.46153846153846156
3138,0.718,1.0,3201.0,0.7155344102567485,0.7286346153431247,55.0,63.0,0.4700854700854701
3139,0.717,1.0,3202.0,0.7152567432848318,0.728356948371208,56.0,63.0,0.47863247863247865
3140,0.717,1.0,3203.0,0.7149646503975666,0.7280648554839428,57.0,63.0,0.48717948717948717
3141,0.716,1.0,3204.0,0.7146545551658783,0.7277547602522545,58.0,63.0,0.49572649572649574
3142,0.72,1.0,3204.0,0.714286321239428,0.728842104668735,59.0,62.0,0.5042735042735043
3143,0.718,1.0,3205.0,0.7139079987357855,0.7284637821650924,60.0,62.0,0.5128205128205128
3144,0.712,1.0,3206.0,0.7134898556632121,0.7280456390925191,61.0,62.0,0.5213675213675214
3145,0.713,1.0,3207.0,0.7130938666886033,0.7276496501179103,62.0,62.0,0.5299145299145299
3146,0.717,1.0,3207.0,0.7126503809699336,0.7288234736691636,63.0,61.0,0.5384615384615384
3147,0.717,1.0,3208.0,0.7122186619585387,0.7283917546577686,64.0,61.0,0.5470085470085471
3148,0.707,1.0,3209.0,0.7117406777650717,0.7279137704643016,65.0,61.0,0.5555555555555556
3149,0.706,1.0,3210.0,0.7113211219851333,0.7274942146843633,66.0,61.0,0.5641025641025641
3150,0.707,1.0,3210.0,0.7109061438996407,0.728876246898785,67.0,60.0,0.5726495726495726
3151,0.713,1.0,3211.0,0.7106017188505565,0.7285718218497008,68.0,60.0,0.5811965811965812
3152,0.722,1.0,3212.0,0.7102776451153656,0.72824774811451,69.0,60.0,0.5897435897435898
3153,0.733,1.0,3213.0,0.7098308231460826,0.727800926145227,66.0,60.0,0.5641025641025641
3154,0.727,1.0,3214.0,0.7091338579570609,0.7271039609562052,64.0,60.0,0.5470085470085471
3155,0.711,1.0,3214.0,0.7081765818402537,0.728143362950414,64.0,59.0,0.5470085470085471
3156,0.713,1.0,3215.0,0.7072639132671011,0.7272306943772615,64.0,59.0,0.5470085470085471
3157,0.711,1.0,3215.0,0.7062191294260298,0.7284044417706524,65.0,58.0,0.5555555555555556
3158,0.701,1.0,3216.0,0.7052045948692989,0.7273899072139215,64.0,58.0,0.5470085470085471
3159,0.701,1.0,3216.0,0.7041617449716917,0.7288120920212724,64.0,57.0,0.5470085470085471
3160,0.696,1.0,3217.0,0.7032457508125285,0.7278960978621092,65.0,57.0,0.5555555555555556
3161,0.688,1.0,3218.0,0.702419307780934,0.7270696548305147,66.0,57.0,0.5641025641025641
3162,0.693,1.0,3219.0,0.7017636659556029,0.7264140130051836,66.0,57.0,0.5641025641025641
3163,0.701,1.0,3230.0,0.7017734897139403,0.7103685342711117,67.0,67.0,0.5726495726495726
3164,0.703,0.0,3250.0,0.701496892799418,0.7026579558697711,68.0,86.0,0.5811965811965812
3165,0.7,0.0,3247.0,0.7009243247320387,0.7026939681863187,69.0,82.0,0.5897435897435898
3166,0.697,0.0,3246.0,0.7003696790199487,0.7025544240252326,68.0,80.0,0.5811965811965812
3167,0.698,0.0,3245.0,0.6998499964422725,0.7025472124981786,68.0,78.0,0.5811965811965812
3168,0.686,0.0,3244.0,0.6993477874406078,0.7026776838059239,69.0,76.0,0.5897435897435898
3169,0.68,0.0,3244.0,0.6990041224134216,0.7027040072637729,69.0,75.0,0.5897435897435898
3170,0.691,0.0,3245.0,0.6988856543912934,0.7025855392416447,69.0,75.0,0.5897435897435898
3171,0.697,0.0,3246.0,0.6988562087602259,0.7025560936105772,70.0,75.0,0.5982905982905983
3172,0.693,0.0,3247.0,0.6988488306260301,0.7025487154763814,70.0,75.0,0.5982905982905983
3173,0.696,0.0,3248.0,0.6989080616062011,0.7026079464565524,70.0,75.0,0.5982905982905983
3174,0.695,0.0,3249.0,0.6990011894905588,0.7027010743409101,71.0,75.0,0.6068376068376068
3175,0.691,0.0,3251.0,0.6991534947357039,0.70248339110102,71.0,76.0,0.6068376068376068
3176,0.688,0.0,3252.0,0.699384657358401,0.7027145537237172,70.0,76.0,0.5982905982905983
3177,0.687,0.0,3254.0,0.6997555516357339,0.7027524583645184,68.0,77.0,0.5811965811965812
3178,0.685,0.0,3257.0,0.7002774954331609,0.7027049898834763,66.0,79.0,0.5641025641025641
3179,0.699,0.0,3261.0,0.7009732257553172,0.7027428692095972,66.0,82.0,0.5641025641025641
3180,0.708,0.0,3267.0,0.7016938344344357,0.7027387911977535,66.0,87.0,0.5641025641025641
3181,0.707,1.0,3242.0,0.7017892225756663,0.7179623152748963,65.0,61.0,0.5555555555555556
3182,0.708,1.0,3239.0,0.7020651444312036,0.7267154914807843,64.0,57.0,0.5470085470085471
3183,0.713,1.0,3240.0,0.7025825551544385,0.7272329022040191,64.0,57.0,0.5470085470085471
3184,0.71,1.0,3241.0,0.7029938171519827,0.7276441642015634,64.0,57.0,0.5470085470085471
3185,0.702,1.0,3242.0,0.7033378712442697,0.7279882182938504,64.0,57.0,0.5470085470085471
3186,0.702,1.0,3243.0,0.7037067545023591,0.7283571015519398,64.0,57.0,0.5470085470085471
3187,0.706,1.0,3244.0,0.7041021265421468,0.7287524735917275,64.0,57.0,0.5470085470085471
3188,0.703,1.0,3246.0,0.7045685515015678,0.7267538638461905,64.0,58.0,0.5470085470085471
3189,0.706,1.0,3247.0,0.7049768696607128,0.7271621820053354,64.0,58.0,0.5470085470085471
3190,0.708,1.0,3248.0,0.7053835462129677,0.7275688585575903,65.0,58.0,0.5555555555555556
3191,0.712,1.0,3249.0,0.7057706557113459,0.7279559680559685,65.0,58.0,0.5555555555555556
3192,0.714,1.0,3250.0,0.706097681280685,0.7282829936253076,65.0,58.0,0.5555555555555556
3193,0.711,1.0,3251.0,0.7063464313165262,0.7285317436611488,66.0,58.0,0.5641025641025641
3194,0.714,1.0,3252.0,0.7065523841880408,0.7287376965326634,66.0,58.0,0.5641025641025641
3195,0.715,1.0,3253.0,0.7066847401332179,0.7288700524778405,65.0,58.0,0.5555555555555556
3196,0.712,1.0,3254.0,0.7067329595735861,0.7289182719182087,64.0,58.0,0.5470085470085471
3197,0.708,1.0,3255.0,0.70673108676124,0.7289163991058626,64.0,58.0,0.5470085470085471
3198,0.711,1.0,3256.0,0.7067236270669602,0.7289089394115829,64.0,58.0,0.5470085470085471
3199,0.706,1.0,3257.0,0.7066771409189608,0.7288624532635835,64.0,58.0,0.5470085470085471
3200,0.698,1.0,3258.0,0.7066469943014866,0.7288323066461092,63.0,58.0,0.5384615384615384
3201,0.695,1.0,3259.0,0.7067217528174905,0.7289070651621131,63.0,58.0,0.5384615384615384
3202,0.697,1.0,3261.0,0.7070136493969766,0.726980430507137,63.0,59.0,0.5384615384615384
3203,0.699,1.0,3262.0,0.707346241939564,0.7273130230497243,63.0,59.0,0.5384615384615384
3204,0.696,1.0,3263.0,0.7077790843186988,0.7277458654288592,62.0,59.0,0.5299145299145299
3205,0.697,1.0,3264.0,0.7083507080542724,0.7283174891644327,62.0,59.0,0.5299145299145299
3206,0.701,1.0,3266.0,0.7091268361473326,0.727096939146477,62.0,60.0,0.5299145299145299
3207,0.704,1.0,3267.0,0.7099297428346798,0.7278998458338242,61.0,60.0,0.5213675213675214
3208,0.706,1.0,3268.0,0.7108055628095913,0.7287756658087357,61.0,60.0,0.5213675213675214
3209,0.716,1.0,3270.0,0.7118046154218556,0.7279777081210855,61.0,61.0,0.5213675213675214
3210,0.712,1.0,3271.0,0.7127004383133172,0.7288735310125471,60.0,61.0,0.5128205128205128
3211,0.71,1.0,3273.0,0.7136670423048446,0.7282228257341515,60.0,62.0,0.5128205128205128
3212,0.713,1.0,3275.0,0.7146745367687046,0.7277747418550808,60.0,63.0,0.5128205128205128
3213,0.721,1.0,3276.0,0.7156548002685488,0.728755005354925,60.0,63.0,0.5128205128205128
3214,0.726,1.0,3278.0,0.7166274322600465,0.7284176168377852,59.0,64.0,0.5042735042735043
3215,0.723,1.0,3280.0,0.7174957446545402,0.728106910774505,58.0,65.0,0.49572649572649574
3216,0.714,1.0,3281.0,0.7182653518827148,0.7288765180026795,57.0,65.0,0.48717948717948717
3217,0.707,1.0,3283.0,0.719124120810329,0.7286741703182972,57.0,66.0,0.48717948717948717
3218,0.706,1.0,3285.0,0.7201176976918866,0.728712742249058,57.0,67.0,0.48717948717948717
3219,0.717,1.0,3288.0,0.7212959093748372,0.728257895466146,57.0,69.0,0.48717948717948717
3220,0.729,1.0,3290.0,0.7224909702581541,0.7287567577403321,58.0,70.0,0.49572649572649574
3221,0.74,1.0,3293.0,0.7236337518536047,0.7287090397141689,59.0,72.0,0.5042735042735043
3222,0.743,1.0,3296.0,0.7245885974750383,0.7286995806420953,60.0,74.0,0.5128205128205128
3223,0.742,1.0,3299.0,0.7253339530818033,0.7286638494471194,61.0,76.0,0.5213675213675214
3224,0.743,1.0,3301.0,0.7258796350195568,0.7288765417483413,62.0,77.0,0.5299145299145299
3225,0.735,1.0,3303.0,0.7262350480921276,0.7289322641480337,63.0,78.0,0.5384615384615384
3226,0.729,1.0,3305.0,0.7264930046699716,0.728920499120287,64.0,79.0,0.5470085470085471
3227,0.722,1.0,3307.0,0.7267230201430284,0.7289077651483122,65.0,80.0,0.5555555555555556
3228,0.716,1.0,3310.0,0.7270125353881216,0.7287821788424016,66.0,82.0,0.5641025641025641
3229,0.714,1.0,3313.0,0.7274223802867266,0.7288557914846934,67.0,84.0,0.5726495726495726
3230,0.709,0.0,3310.0,0.7279435166865685,0.7301282616918524,67.0,80.0,0.5726495726495726
3231,0.709,0.0,3289.0,0.7279958184504907,0.7501811307951133,68.0,58.0,0.5811965811965812
3232,0.717,0.0,3283.0,0.7281161516715413,0.7745001285374224,69.0,51.0,0.5897435897435898
3233,0.734,0.0,3279.0,0.7280986868817871,0.8066503589945767,70.0,46.0,0.5982905982905983
3234,0.74,0.0,3277.0,0.728151158149478,0.8359037947925363,71.0,43.0,0.6068376068376068
3235,0.738,0.0,3276.0,0.7282526614152498,0.8612806078881613,72.0,41.0,0.6153846153846154
3236,0.738,0.0,3275.0,0.7280904998363129,0.8923225325189197,73.0,39.0,0.6239316239316239
3237,0.746,0.0,3275.0,0.7283398422795926,0.9108198785936001,74.0,38.0,0.6324786324786325
3238,0.753,0.0,3275.0,0.7283929607482014,0.9311485566526542,75.0,37.0,0.6410256410256411
3239,0.748,0.0,3275.0,0.7281726676695679,0.9534566631189599,75.0,36.0,0.6410256410256411
3240,0.74,0.0,3276.0,0.7286154213015833,0.9538994167509753,75.0,36.0,0.6410256410256411
3241,0.74,0.0,3276.0,0.728136664251839,0.9784522147511634,75.0,35.0,0.6410256410256411
3242,0.748,0.0,3277.0,0.7285115451592561,0.9788270956585805,74.0,35.0,0.6324786324786325
3243,0.75,0.0,3278.0,0.7287684329594348,0.9790839834587592,74.0,35.0,0.6324786324786325
3244,0.733,0.0,3279.0,0.7288853248385122,0.9792008753378366,72.0,35.0,0.6153846153846154
3245,0.721,0.0,3279.0,0.7280719619962355,1.0062003514399294,71.0,34.0,0.6068376068376068
3246,0.721,0.0,3280.0,0.7284306602300745,1.0065590496737684,69.0,34.0,0.5897435897435898
3247,0.723,0.0,3281.0,0.7289798058937905,1.0071081953374843,67.0,34.0,0.5726495726495726
3248,0.734,0.0,3281.0,0.7286125759469391,1.0376441197732655,66.0,33.0,0.5641025641025641
3249,0.742,0.0,3281.0,0.7281854857328314,1.0715538677620828,65.0,32.0,0.5555555555555556
3250,0.746,0.0,3282.0,0.7289548808177333,1.072323262846985,64.0,32.0,0.5470085470085471
3251,0.753,0.0,3282.0,0.7283199037777185,1.1098403282546647,63.0,31.0,0.5384615384615384
3252,0.754,0.0,3283.0,0.7289106811152095,1.1104311055921556,62.0,31.0,0.5299145299145299
3253,0.757,0.0,3284.0,0.7293746940119905,1.1108951184889366,62.0,31.0,0.5299145299145299
3254,0.752,0.0,3284.0,0.7281799719604711,1.1520915547126336,61.0,30.0,0.5213675213675214
3255,0.749,0.0,3285.0,0.7283894558986224,1.1523010386507848,61.0,30.0,0.5213675213675214
3256,0.747,0.0,3286.0,0.7285412833151781,1.1524528660673405,61.0,30.0,0.5213675213675214
3257,0.745,0.0,3287.0,0.7286598096263748,1.1525713923785372,60.0,30.0,0.5128205128205128
3258,0.746,0.0,3288.0,0.728762326895386,1.1526739096475485,60.0,30.0,0.5128205128205128
3259,0.747,0.0,3289.0,0.7288319466397281,1.1527435293918904,60.0,30.0,0.5128205128205128
3260,0.746,0.0,3290.0,0.7288641321963475,1.1527757149485098,61.0,30.0,0.5213675213675214
3261,0.745,0.0,3291.0,0.7288768225230721,1.1527884052752344,60.0,30.0,0.5128205128205128
3262,0.745,0.0,3292.0,0.7288750226165814,1.1527866053687439,60.0,30.0,0.5128205128205128
3263,0.742,0.0,3293.0,0.7288629515937426,1.152774534345905,60.0,30.0,0.5128205128205128
3264,0.743,0.0,3294.0,0.7288673384359916,1.152778921188154,60.0,30.0,0.5128205128205128
3265,0.745,0.0,3295.0,0.7288833678929707,1.1527949506451332,61.0,30.0,0.5213675213675214
3266,0.744,0.0,3296.0,0.728886987845301,1.1527985705974635,61.0,30.0,0.5213675213675214
3267,0.743,0.0,3297.0,0.7288871185121928,1.1527987012643552,60.0,30.0,0.5128205128205128
3268,0.743,0.0,3298.0,0.7288968804588459,1.1528084632110085,60.0,30.0,0.5128205128205128
3269,0.742,0.0,3299.0,0.7289141510377404,1.1528257337899028,61.0,30.0,0.5213675213675214
3270,0.739,0.0,3300.0,0.7289544723711363,1.1528660551232988,61.0,30.0,0.5213675213675214
3271,0.742,0.0,3301.0,0.7290518489185415,1.1529634316707038,61.0,30.0,0.5213675213675214
3272,0.741,0.0,3302.0,0.7291697901924332,1.1530813729445957,62.0,30.0,0.5299145299145299
3273,0.741,0.0,3303.0,0.7293182635375685,1.1532298462897308,62.0,30.0,0.5299145299145299
3274,0.742,0.0,3304.0,0.7295007035486567,1.1534122863008192,63.0,30.0,0.5384615384615384
3275,0.742,0.0,3304.0,0.7280523168281353,1.1990651865527604,59.0,29.0,0.5042735042735043
3276,0.745,0.0,3305.0,0.7282883850571784,1.1993012547818034,56.0,29.0,0.47863247863247865
3277,0.748,0.0,3306.0,0.7285152745511376,1.1995281442757626,55.0,29.0,0.4700854700854701
3278,0.748,0.0,3307.0,0.7287088663118366,1.1997217360364616,54.0,29.0,0.46153846153846156
3279,0.746,0.0,3308.0,0.7288737903739427,1.1998866600985676,52.0,29.0,0.4444444444444444
3280,0.747,0.0,3309.0,0.7290442654111831,1.200057135135808,51.0,29.0,0.4358974358974359
3281,0.746,0.0,3310.0,0.7292023979266631,1.200215267651288,48.0,29.0,0.41025641025641024
3282,0.747,0.0,3311.0,0.729353866915643,1.200366736640268,47.0,29.0,0.4017094017094017
3283,0.747,0.0,3312.0,0.7294986645131727,1.2005115342377977,45.0,29.0,0.38461538461538464
3284,0.748,0.0,3313.0,0.7296364163693635,1.2006492860939884,44.0,29.0,0.37606837606837606
3285,0.748,0.0,3314.0,0.7297503528054836,1.2007632225301086,43.0,29.0,0.36752136752136755
3286,0.75,0.0,3314.0,0.7279993357567797,1.2513469687841408,43.0,28.0,0.36752136752136755
3287,0.752,0.0,3315.0,0.7280559404968636,1.2514035735242248,43.0,28.0,0.36752136752136755
3288,0.751,0.0,3316.0,0.7280406896478224,1.2513883226751834,42.0,28.0,0.358974358974359
3289,0.747,0.0,3317.0,0.7279716864660781,1.2513193194934393,41.0,28.0,0.3504273504273504
3290,0.746,0.0,3319.0,0.7296959544590187,1.2007088241836437,40.0,29.0,0.3418803418803419
3291,0.748,0.0,3320.0,0.7295885381342735,1.2006014078588985,40.0,29.0,0.3418803418803419
3292,0.747,0.0,3321.0,0.7294520642803703,1.2004649340049953,40.0,29.0,0.3418803418803419
3293,0.748,0.0,3322.0,0.729280757738622,1.200293627463247,39.0,29.0,0.3333333333333333
3294,0.746,0.0,3323.0,0.7290720158553343,1.2000848855799593,39.0,29.0,0.3333333333333333
3295,0.747,0.0,3324.0,0.7288524348392504,1.1998653045638754,39.0,29.0,0.3333333333333333
3296,0.747,0.0,3325.0,0.7286159008355038,1.1996287705601287,38.0,29.0,0.3247863247863248
3297,0.746,0.0,3326.0,0.7283555713628204,1.1993684410874454,38.0,29.0,0.3247863247863248
3298,0.746,0.0,3327.0,0.7280947869747478,1.1991076566993728,38.0,29.0,0.3247863247863248
3299,0.745,0.0,3329.0,0.7294348207406527,1.1533464034928151,37.0,30.0,0.3162393162393162
3300,0.746,0.0,3330.0,0.7291463295619871,1.1530579123141496,37.0,30.0,0.3162393162393162
3301,0.747,0.0,3331.0,0.7288238528823237,1.152735435634486,36.0,30.0,0.3076923076923077
3302,0.746,0.0,3332.0,0.7284584974116755,1.152370080163838,36.0,30.0,0.3076923076923077
3303,0.744,0.0,3333.0,0.7280660160989387,1.1519775988511012,35.0,30.0,0.29914529914529914
3304,0.743,0.0,3335.0,0.7291142709872322,1.1106346954641784,34.0,31.0,0.2905982905982906
3305,0.742,0.0,3336.0,0.7286978177396397,1.110218242216586,33.0,31.0,0.28205128205128205
3306,0.739,0.0,3337.0,0.728283158633372,1.1098035831103181,33.0,31.0,0.28205128205128205
3307,0.739,0.0,3339.0,0.7292261083548683,1.07259449038412,32.0,32.0,0.27350427350427353
3308,0.74,0.0,3340.0,0.7288736697198939,1.0722420517491456,32.0,32.0,0.27350427350427353
3309,0.745,0.0,3341.0,0.7285300731003015,1.0718984551295532,32.0,32.0,0.27350427350427353
3310,0.746,0.0,3342.0,0.7281359452003171,1.0715043272295688,30.0,32.0,0.2564102564102564
3311,0.744,0.0,3344.0,0.7288495734158782,1.0378811172422047,30.0,33.0,0.2564102564102564
3312,0.746,0.0,3345.0,0.728331957695701,1.0373635015220275,30.0,33.0,0.2564102564102564
3313,0.747,0.0,3347.0,0.728813006579887,1.006941396023581,29.0,34.0,0.24786324786324787
3314,0.745,0.0,3348.0,0.7281246764975926,1.0062530659412863,28.0,34.0,0.23931623931623933
3315,0.745,0.0,3350.0,0.7283325188561172,0.9786480693554416,28.0,35.0,0.23931623931623933
3316,0.741,0.0,3352.0,0.728346998788062,0.953630994237454,28.0,36.0,0.23931623931623933
3317,0.74,0.0,3354.0,0.7282103370410229,0.9309659329454757,28.0,37.0,0.23931623931623933
3318,0.735,0.0,3356.0,0.7279369165114216,0.9104169528254291,29.0,38.0,0.24786324786324787
3319,0.732,0.0,3359.0,0.7281579181525055,0.8759667475668517,29.0,40.0,0.24786324786324787
3320,0.728,0.0,3362.0,0.7281743896996247,0.847899541525245,29.0,42.0,0.24786324786324787
3321,0.726,0.0,3365.0,0.7280523213985979,0.8250296943773504,29.0,44.0,0.24786324786324787
3322,0.718,0.0,3369.0,0.7281084116980066,0.7988049165995171,29.0,47.0,0.24786324786324787
3323,0.715,0.0,3373.0,0.7280621696116607,0.7795999216848619,29.0,50.0,0.24786324786324787
3324,0.715,0.0,3377.0,0.7279959488257361,0.7655669700870998,29.0,53.0,0.24786324786324787
3325,0.718,0.0,3382.0,0.7280117387602506,0.7526620858098313,29.0,57.0,0.24786324786324787
3326,0.719,0.0,3386.0,0.7279480613024788,0.7459181643016232,29.0,60.0,0.24786324786324787
3327,0.726,0.0,3390.0,0.7279359868864624,0.7410361919728387,29.0,63.0,0.24786324786324787
3328,0.726,0.0,3395.0,0.7279401974477301,0.7365352420049015,30.0,67.0,0.2564102564102564
3329,0.726,0.0,3401.0,0.7279442062947559,0.7330194941553201,30.0,72.0,0.2564102564102564
3330,0.727,0.0,3409.0,0.7279411326502856,0.730368627100601,30.0,79.0,0.2564102564102564
3331,0.723,1.0,3419.0,0.7279084640226887,0.7288489251096747,30.0,88.0,0.2564102564102564
3332,0.722,1.0,3419.0,0.7278764562040831,0.728921412967401,30.0,87.0,0.2564102564102564
3333,0.725,1.0,3421.0,0.7279172660319968,0.7288577271189828,30.0,88.0,0.2564102564102564
3334,0.726,0.0,3413.0,0.7279366006859199,0.7303640951362353,31.0,79.0,0.26495726495726496
3335,0.724,0.0,3407.0,0.7279387721689948,0.733014060029559,31.0,72.0,0.26495726495726496
3336,0.725,0.0,3403.0,0.7279573297452586,0.73655237430243,31.0,67.0,0.26495726495726496
3337,0.727,0.0,3400.0,0.7279720560031354,0.7410722610895116,31.0,63.0,0.26495726495726496
3338,0.73,0.0,3398.0,0.7279899649718586,0.745960067971003,32.0,60.0,0.27350427350427353
3339,0.733,0.0,3397.0,0.7280179304985055,0.7502032428431281,32.0,58.0,0.27350427350427353
3340,0.733,0.0,3396.0,0.7279672573148308,0.7553565318143649,32.0,56.0,0.27350427350427353
3341,0.733,0.0,3396.0,0.727944268366086,0.7583767955877905,32.0,55.0,0.27350427350427353
3342,0.733,0.0,3397.0,0.7279797871976761,0.7584123144193806,32.0,55.0,0.27350427350427353
3343,0.73,0.0,3398.0,0.727974197568563,0.7584067247902675,33.0,55.0,0.28205128205128205
3344,0.725,0.0,3399.0,0.7279604503626979,0.7583929775844024,33.0,55.0,0.28205128205128205
3345,0.729,0.0,3400.0,0.727992282608467,0.7584248098301716,33.0,55.0,0.28205128205128205
3346,0.732,0.0,3401.0,0.7280253472791327,0.7584578745008372,34.0,55.0,0.2905982905982906
3347,0.732,0.0,3402.0,0.7280262299472422,0.7584587571689467,34.0,55.0,0.2905982905982906
3348,0.73,0.0,3403.0,0.727993963375924,0.7584264905976286,34.0,55.0,0.2905982905982906
3349,0.734,0.0,3404.0,0.7279485372669494,0.7583810644886539,35.0,55.0,0.29914529914529914
3350,0.737,0.0,3406.0,0.7279466470822502,0.7553359215817843,35.0,56.0,0.29914529914529914
3351,0.735,0.0,3410.0,0.7280047954070514,0.7479715765172118,36.0,59.0,0.3076923076923077
3352,0.729,0.0,3415.0,0.7279749185095783,0.7410751235959545,36.0,63.0,0.3076923076923077
3353,0.727,0.0,3423.0,0.7279391634790787,0.7342049509612567,37.0,70.0,0.3162393162393162
3354,0.728,1.0,3441.0,0.7278651443947781,0.728910101158096,37.0,87.0,0.3162393162393162
3355,0.727,1.0,3440.0,0.7275989419259987,0.7288890120041688,38.0,85.0,0.3247863247863248
3356,0.722,1.0,3439.0,0.7273379436950218,0.7289306228038738,38.0,83.0,0.3247863247863248
3357,0.726,1.0,3439.0,0.7271411650056843,0.7289108084599643,39.0,82.0,0.3333333333333333
3358,0.728,1.0,3439.0,0.7269570659275212,0.7289233364322767,40.0,81.0,0.3418803418803419
3359,0.731,1.0,3440.0,0.7267688608697076,0.7287351313744631,40.0,81.0,0.3418803418803419
3360,0.732,1.0,3440.0,0.7265269091958515,0.7287116542011354,41.0,80.0,0.3504273504273504
3361,0.732,1.0,3439.0,0.7262149081467517,0.7289121242026578,42.0,78.0,0.358974358974359
3362,0.733,1.0,3439.0,0.7258469418289599,0.7288438485577444,42.0,77.0,0.358974358974359
3363,0.732,1.0,3439.0,0.725399497087046,0.7287293934523621,43.0,76.0,0.36752136752136755
3364,0.732,1.0,3439.0,0.7248787134238768,0.7285785982742281,44.0,75.0,0.37606837606837606
3365,0.73,1.0,3438.0,0.7242631826182717,0.7288309416927795,44.0,73.0,0.37606837606837606
3366,0.73,1.0,3438.0,0.7235979689597447,0.7286732568203089,45.0,72.0,0.38461538461538464
3367,0.726,1.0,3438.0,0.7228616216229931,0.7285008303569532,46.0,71.0,0.39316239316239315
3368,0.728,1.0,3438.0,0.7220904034153858,0.7283561908975638,47.0,70.0,0.4017094017094017
3369,0.732,1.0,3438.0,0.7212535230235053,0.7282155091148141,47.0,69.0,0.4017094017094017
3370,0.732,1.0,3437.0,0.7202676794260241,0.7288627239831955,48.0,67.0,0.41025641025641024
3371,0.731,1.0,3437.0,0.7191780788263301,0.7287281283342983,49.0,66.0,0.4188034188034188
3372,0.731,1.0,3437.0,0.7179571235469284,0.7285682896668931,50.0,65.0,0.42735042735042733
3373,0.735,1.0,3437.0,0.716591247418048,0.7283814319957866,50.0,64.0,0.42735042735042733
3374,0.738,1.0,3437.0,0.7150208295938125,0.7281210346801887,51.0,63.0,0.4358974358974359
3375,0.734,1.0,3437.0,0.7131950876539528,0.7277508710832598,52.0,62.0,0.4444444444444444
3376,0.724,1.0,3437.0,0.7111381800213593,0.7273112727205893,53.0,61.0,0.452991452991453
3377,0.706,1.0,3436.0,0.7088691310916004,0.7288359122017608,53.0,59.0,0.452991452991453
3378,0.689,1.0,3436.0,0.7066942703638551,0.7288795827084777,54.0,58.0,0.46153846153846156
3379,0.674,1.0,3437.0,0.7048014844750803,0.7269867968197029,55.0,58.0,0.4700854700854701
3380,0.672,1.0,3437.0,0.7031740126512603,0.727824359700841,56.0,57.0,0.47863247863247865
3381,0.67,1.0,3438.0,0.701987109019251,0.7266374560688317,57.0,57.0,0.48717948717948717
3382,0.674,1.0,3452.0,0.701782995874283,0.708048783356461,57.0,70.0,0.48717948717948717
3383,0.674,0.0,3468.0,0.7014362481793237,0.7027263182574938,58.0,85.0,0.49572649572649574
3384,0.677,0.0,3468.0,0.7012237077174066,0.7026571189153734,59.0,84.0,0.5042735042735043
3385,0.68,0.0,3469.0,0.7012854270338876,0.7027188382318544,60.0,84.0,0.5128205128205128
3386,0.681,0.0,3472.0,0.7015930990101662,0.7027541620805193,60.0,86.0,0.5128205128205128
3387,0.683,1.0,3451.0,0.7017668465981848,0.7135570311759234,61.0,64.0,0.5213675213675214
3388,0.685,1.0,3445.0,0.7020840470003685,0.7267343940499492,62.0,57.0,0.5299145299145299
3389,0.69,1.0,3446.0,0.7030236370365228,0.7276739840861035,63.0,57.0,0.5384615384615384
3390,0.704,1.0,3447.0,0.7041164579813928,0.7287668050309735,63.0,57.0,0.5384615384615384
3391,0.704,1.0,3449.0,0.7052997812124198,0.7274850935570424,64.0,58.0,0.5470085470085471
3392,0.699,1.0,3450.0,0.7064255843095602,0.7286108966541828,65.0,58.0,0.5555555555555556
3393,0.694,1.0,3452.0,0.7077170654673609,0.7276838465775213,66.0,59.0,0.5641025641025641
3394,0.688,1.0,3454.0,0.7091599180893038,0.7271300210884482,67.0,60.0,0.5726495726495726
3395,0.694,1.0,3455.0,0.7107790619277379,0.7287491649268822,67.0,60.0,0.5726495726495726
3396,0.699,1.0,3457.0,0.7126520276738382,0.7288251203730681,66.0,61.0,0.5641025641025641
3397,0.716,1.0,3460.0,0.7147270362636104,0.7278272413499867,65.0,63.0,0.5555555555555556
3398,0.736,1.0,3462.0,0.7167325390387345,0.7285227236164731,64.0,64.0,0.5470085470085471
3399,0.752,1.0,3465.0,0.7185586772846542,0.7281087267926224,64.0,66.0,0.5470085470085471
3400,0.756,1.0,3467.0,0.7199723018144664,0.7285673463716378,63.0,67.0,0.5384615384615384
3401,0.758,1.0,3469.0,0.7209848043192824,0.7287203444207366,62.0,68.0,0.5299145299145299
3402,0.757,1.0,3471.0,0.7215863932924107,0.7285483793837195,62.0,69.0,0.5299145299145299
3403,0.75,1.0,3472.0,0.7217722450404966,0.7287342311318055,61.0,69.0,0.5213675213675214
3404,0.732,1.0,3473.0,0.7216470310016635,0.7286090170929723,61.0,69.0,0.5213675213675214
3405,0.715,1.0,3474.0,0.7214095467831776,0.7283715328744864,62.0,69.0,0.5299145299145299
3406,0.706,1.0,3475.0,0.7212460279035755,0.7282080139948843,62.0,69.0,0.5299145299145299
3407,0.71,1.0,3476.0,0.7212546025233699,0.7282165886146788,62.0,69.0,0.5299145299145299
3408,0.72,1.0,3477.0,0.721391079032407,0.7283530651237158,63.0,69.0,0.5384615384615384
3409,0.721,1.0,3478.0,0.7215455219543336,0.7285075080456425,63.0,69.0,0.5384615384615384
3410,0.717,1.0,3479.0,0.7217085618599268,0.7286705479512356,63.0,69.0,0.5384615384615384
3411,0.721,1.0,3480.0,0.7219267039139553,0.7288886900052641,64.0,69.0,0.5470085470085471
3412,0.721,1.0,3482.0,0.7221813453952652,0.7284471328774432,65.0,70.0,0.5555555555555556
3413,0.719,1.0,3483.0,0.7224277894723857,0.7286935769545637,65.0,70.0,0.5555555555555556
3414,0.718,1.0,3485.0,0.7227356815931594,0.7283748903271196,66.0,71.0,0.5641025641025641
3415,0.715,1.0,3486.0,0.7230771615528262,0.7287163702867864,66.0,71.0,0.5641025641025641
3416,0.714,1.0,3488.0,0.723529294376349,0.7286045822369133,67.0,72.0,0.5726495726495726
3417,0.722,1.0,3490.0,0.724087345645356,0.7286551047198638,68.0,73.0,0.5811965811965812
3418,0.727,1.0,3492.0,0.7246690247829097,0.7287800079499667,69.0,74.0,0.5897435897435898
3419,0.724,1.0,3494.0,0.7252252390945746,0.7289251239449259,68.0,75.0,0.5811965811965812
3420,0.72,1.0,3497.0,0.7258064503565261,0.7288033570853106,69.0,77.0,0.5897435897435898
3421,0.72,1.0,3500.0,0.7264479967682512,0.7288754912185667,69.0,79.0,0.5897435897435898
3422,0.731,1.0,3504.0,0.7271651065809797,0.7289347500352596,70.0,82.0,0.5982905982905983
3423,0.738,1.0,3510.0,0.7278425977505341,0.7288875545138519,70.0,87.0,0.5982905982905983
3424,0.741,0.0,3487.0,0.7279755976948965,0.7410758027812727,71.0,63.0,0.6068376068376068
3425,0.746,0.0,3482.0,0.7279877825837469,0.7526381296333275,72.0,57.0,0.6153846153846154
3426,0.745,0.0,3481.0,0.7280023901919137,0.7584349174136182,73.0,55.0,0.6239316239316239
3427,0.741,0.0,3482.0,0.7280351311121933,0.7584676583338978,74.0,55.0,0.6324786324786325
3428,0.741,0.0,3484.0,0.7280375715170506,0.7554268460165847,75.0,56.0,0.6410256410256411
3429,0.736,0.0,3487.0,0.7279775588474682,0.7501628711920908,76.0,58.0,0.6495726495726496
3430,0.736,0.0,3493.0,0.7279687324923847,0.7410689375787609,77.0,63.0,0.6581196581196581
3431,0.737,0.0,3511.0,0.7279400829066431,0.730124827911927,78.0,80.0,0.6666666666666666
3432,0.739,1.0,3516.0,0.7274673703844357,0.7289007815824025,79.0,84.0,0.6752136752136753
3433,0.737,1.0,3514.0,0.7268224217583394,0.728788692263095,80.0,81.0,0.6837606837606838
3434,0.734,1.0,3512.0,0.7260585837904552,0.7287557998463613,81.0,78.0,0.6923076923076923
3435,0.737,1.0,3510.0,0.7251986043270973,0.7288984891774486,82.0,75.0,0.7008547008547008
3436,0.734,1.0,3509.0,0.724213461713062,0.7287812207875698,81.0,73.0,0.6923076923076923
3437,0.732,1.0,3508.0,0.7231145447252013,0.7287537534591615,73.0,71.0,0.6239316239316239
3438,0.726,1.0,3507.0,0.721910630085109,0.7288726161764179,68.0,69.0,0.5811965811965812
3439,0.722,1.0,3507.0,0.7206822617940176,0.7284178018954719,62.0,68.0,0.5299145299145299
3440,0.723,1.0,3507.0,0.7194392519673036,0.728034296524475,60.0,67.0,0.5128205128205128
3441,0.728,1.0,3506.0,0.7181210415098702,0.7287322076298349,60.0,65.0,0.5128205128205128
3442,0.723,1.0,3506.0,0.7167251379343116,0.7285153225120502,61.0,64.0,0.5213675213675214
3443,0.713,1.0,3506.0,0.7152595136691344,0.7283597187555106,62.0,63.0,0.5299145299145299
3444,0.713,1.0,3506.0,0.713818995111392,0.728374778540699,63.0,62.0,0.5384615384615384
3445,0.706,1.0,3506.0,0.7123875764993317,0.7285606691985617,63.0,61.0,0.5384615384615384
3446,0.697,1.0,3507.0,0.7110874821317167,0.7272605748309466,63.0,61.0,0.5384615384615384
3447,0.693,1.0,3507.0,0.7098895992883354,0.7278597022874798,63.0,60.0,0.5384615384615384
3448,0.693,1.0,3507.0,0.7088793786592693,0.7288461597694297,64.0,59.0,0.5470085470085471
3449,0.687,1.0,3508.0,0.7081198930142556,0.728086674124416,64.0,59.0,0.5470085470085471
3450,0.695,1.0,3509.0,0.707602712768161,0.7275694938783214,64.0,59.0,0.5470085470085471
3451,0.706,1.0,3510.0,0.7072335388675465,0.7272003199777068,64.0,59.0,0.5470085470085471
3452,0.702,1.0,3511.0,0.7068855742605138,0.7268523553706742,63.0,59.0,0.5384615384615384
3453,0.697,1.0,3511.0,0.7065243640564501,0.7287096764010728,64.0,58.0,0.5470085470085471
3454,0.701,1.0,3512.0,0.7063524669529774,0.7285377792976,64.0,58.0,0.5470085470085471
3455,0.706,1.0,3513.0,0.7062492077414799,0.7284345200861025,64.0,58.0,0.5470085470085471
3456,0.708,1.0,3514.0,0.706158432336399,0.7283437446810216,65.0,58.0,0.5555555555555556
3457,0.711,1.0,3515.0,0.7060568048115785,0.7282421171562011,65.0,58.0,0.5555555555555556
3458,0.715,1.0,3516.0,0.7059093839032771,0.7280946962478997,66.0,58.0,0.5641025641025641
3459,0.717,1.0,3517.0,0.7056699003332756,0.7278552126778982,67.0,58.0,0.5726495726495726
3460,0.715,1.0,3518.0,0.7053126769501439,0.7274979892947665,67.0,58.0,0.5726495726495726
3461,0.713,1.0,3519.0,0.7048562587394067,0.7270415710840293,68.0,58.0,0.5811965811965812
3462,0.71,1.0,3519.0,0.7042314840683337,0.7288818311179144,68.0,57.0,0.5811965811965812
3463,0.709,1.0,3520.0,0.7036379726972788,0.7282883197468595,69.0,57.0,0.5897435897435898
3464,0.707,1.0,3521.0,0.7029936406052189,0.7276439876547995,70.0,57.0,0.5982905982905983
3465,0.699,1.0,3522.0,0.702313991880382,0.7269643389299627,70.0,57.0,0.5982905982905983
3466,0.691,1.0,3524.0,0.7017646679460681,0.7239499802906907,71.0,58.0,0.6068376068376068
3467,0.687,1.0,3536.0,0.7017737234495343,0.7087357095408431,71.0,69.0,0.6068376068376068
3468,0.682,0.0,3555.0,0.701647578527608,0.7026925352909258,70.0,87.0,0.5982905982905983
3469,0.677,0.0,3555.0,0.7015237055200076,0.7026847685903608,69.0,86.0,0.5897435897435898
3470,0.682,0.0,3557.0,0.7016810322131821,0.7027259889765,70.0,87.0,0.5982905982905983
3471,0.687,1.0,3538.0,0.7017824648457079,0.7103775094028794,70.0,67.0,0.5982905982905983
3472,0.693,1.0,3529.0,0.7017675744530747,0.7264179215026554,69.0,57.0,0.5897435897435898
3473,0.694,1.0,3530.0,0.7024109120307889,0.7270612590803696,69.0,57.0,0.5897435897435898
3474,0.7,1.0,3531.0,0.7031578367766471,0.7278081838262278,69.0,57.0,0.5897435897435898
3475,0.705,1.0,3532.0,0.703949812527556,0.7286001595771366,69.0,57.0,0.5897435897435898
3476,0.708,1.0,3534.0,0.7048247379398411,0.7270100502844637,69.0,58.0,0.5897435897435898
3477,0.715,1.0,3535.0,0.705588368776588,0.7277736811212107,69.0,58.0,0.5897435897435898
3478,0.712,1.0,3536.0,0.7062569889703432,0.7284423013149658,69.0,58.0,0.5897435897435898
3479,0.71,1.0,3538.0,0.7069520220927974,0.7269188032029578,69.0,59.0,0.5897435897435898
3480,0.715,1.0,3539.0,0.7075423697741119,0.7275091508842723,69.0,59.0,0.5897435897435898
3481,0.716,1.0,3540.0,0.7080580833129451,0.7280248644231054,69.0,59.0,0.5897435897435898
3482,0.714,1.0,3541.0,0.7084936976779597,0.72846047878812,67.0,59.0,0.5726495726495726
3483,0.712,1.0,3542.0,0.7088758654065348,0.7288426465166952,67.0,59.0,0.5726495726495726
3484,0.712,1.0,3544.0,0.7093023259287192,0.7272724289278636,67.0,60.0,0.5726495726495726
3485,0.708,1.0,3545.0,0.7096337888955457,0.7276038918946901,67.0,60.0,0.5726495726495726
3486,0.708,1.0,3546.0,0.7099906025714717,0.7279607055706161,67.0,60.0,0.5726495726495726
3487,0.708,1.0,3547.0,0.7103768355903342,0.7283469385894785,66.0,60.0,0.5641025641025641
3488,0.704,1.0,3548.0,0.7107965146075503,0.7287666176066947,66.0,60.0,0.5641025641025641
3489,0.704,1.0,3550.0,0.7113626829026368,0.7275357756018668,67.0,61.0,0.5726495726495726
3490,0.71,1.0,3551.0,0.7119529378689025,0.7281260305681324,67.0,61.0,0.5726495726495726
3491,0.714,1.0,3552.0,0.7125713613819021,0.7287444540811321,68.0,61.0,0.5811965811965812
3492,0.719,1.0,3554.0,0.7132379991403375,0.7277937825696444,68.0,62.0,0.5811965811965812
3493,0.726,1.0,3555.0,0.7137886122154632,0.7283443956447702,68.0,62.0,0.5811965811965812
3494,0.728,1.0,3556.0,0.7142093655174655,0.7287651489467725,68.0,62.0,0.5811965811965812
3495,0.727,1.0,3558.0,0.7145342086903971,0.7276344137767733,69.0,63.0,0.5897435897435898
3496,0.723,1.0,3559.0,0.7146737201800828,0.727773925266459,70.0,63.0,0.5982905982905983
3497,0.726,1.0,3560.0,0.7147258541089101,0.7278260591952863,70.0,63.0,0.5982905982905983
3498,0.715,1.0,3561.0,0.7146577874609734,0.7277579925473496,71.0,63.0,0.6068376068376068
3499,0.707,1.0,3562.0,0.7145910482160104,0.7276912533023866,72.0,63.0,0.6153846153846154
3500,0.701,1.0,3563.0,0.7146136458188472,0.7277138509052234,72.0,63.0,0.6153846153846154
3501,0.705,1.0,3564.0,0.7147924842309374,0.7278926893173137,73.0,63.0,0.6239316239316239
3502,0.706,1.0,3565.0,0.7150852991569583,0.7281855042433345,74.0,63.0,0.6324786324786325
3503,0.712,1.0,3566.0,0.7154845846220607,0.7285847897084369,75.0,63.0,0.6410256410256411
3504,0.716,1.0,3568.0,0.7159743610835448,0.7277645456612835,75.0,64.0,0.6410256410256411
3505,0.716,1.0,3569.0,0.7164214576465824,0.728211642224321,76.0,64.0,0.6495726495726496
3506,0.711,1.0,3570.0,0.7168774567173661,0.7286676412951048,72.0,64.0,0.6153846153846154
3507,0.709,1.0,3572.0,0.7174416336971282,0.7280527998170929,67.0,65.0,0.5726495726495726
3508,0.707,1.0,3573.0,0.7180641708968418,0.7286753370168065,66.0,65.0,0.5641025641025641
3509,0.709,1.0,3575.0,0.7188512726088789,0.7284013221168472,65.0,66.0,0.5555555555555556
3510,0.714,1.0,3577.0,0.7197482601445158,0.7283433047016872,63.0,67.0,0.5384615384615384
3511,0.714,1.0,3579.0,0.7207091624743902,0.7284447025758445,61.0,68.0,0.5213675213675214
3512,0.715,1.0,3581.0,0.7217445825546223,0.7287065686459311,60.0,69.0,0.5128205128205128
3513,0.722,1.0,3584.0,0.7228770009443165,0.7285162096782767,60.0,71.0,0.5128205128205128
3514,0.733,1.0,3587.0,0.7240128962866184,0.7285806553611262,59.0,73.0,0.5042735042735043
3515,0.742,1.0,3590.0,0.7250433481776768,0.7287432330280281,59.0,75.0,0.5042735042735043
3516,0.746,1.0,3593.0,0.725881104010621,0.7288780107394055,58.0,77.0,0.49572649572649574
3517,0.748,1.0,3596.0,0.7264916819028089,0.7289191763531243,58.0,79.0,0.49572649572649574
3518,0.743,1.0,3599.0,0.7268605368336636,0.7288268073384191,58.0,81.0,0.49572649572649574
3519,0.741,1.0,3601.0,0.7270412458452697,0.7288108892995497,57.0,82.0,0.48717948717948717
3520,0.735,1.0,3602.0,0.7270607737405728,0.7288304171948528,57.0,82.0,0.48717948717948717
3521,0.729,1.0,3603.0,0.7269928368493694,0.7287624803036494,57.0,82.0,0.48717948717948717
3522,0.727,1.0,3603.0,0.7268964621395513,0.7288627326443068,57.0,81.0,0.48717948717948717
3523,0.727,1.0,3604.0,0.726806501976109,0.7287727724808645,58.0,81.0,0.49572649572649574
3524,0.72,1.0,3604.0,0.7267075833642809,0.7288923283695647,58.0,80.0,0.49572649572649574
3525,0.712,1.0,3605.0,0.7266915874767834,0.7288763324820673,59.0,80.0,0.5042735042735043
3526,0.709,1.0,3607.0,0.7268473243588809,0.7288135948636364,60.0,81.0,0.5128205128205128
3527,0.709,1.0,3610.0,0.7272073318550205,0.7288000109638725,61.0,83.0,0.5213675213675214
3528,0.708,1.0,3614.0,0.7277719795471231,0.7289330426174763,62.0,86.0,0.5299145299145299
3529,0.709,0.0,3589.0,0.7279565525381919,0.7459266555373363,62.0,60.0,0.5299145299145299
3530,0.711,0.0,3581.0,0.7279483450471818,0.7743323219130629,62.0,51.0,0.5299145299145299
3531,0.718,0.0,3577.0,0.7280194427643532,0.8065711148771427,62.0,46.0,0.5299145299145299
3532,0.723,0.0,3575.0,0.7283362184933574,0.8360888551364157,62.0,43.0,0.5299145299145299
3533,0.723,0.0,3573.0,0.7283813365972955,0.8761901660116417,63.0,40.0,0.5384615384615384
3534,0.73,0.0,3571.0,0.7280657156227723,0.9308213115272251,63.0,37.0,0.5384615384615384
3535,0.729,0.0,3570.0,0.7280456230680032,0.9783611735673277,63.0,35.0,0.5384615384615384
3536,0.738,0.0,3570.0,0.7287800619159612,1.0069084513596551,62.0,34.0,0.5299145299145299
3537,0.752,0.0,3569.0,0.7282182193591746,1.071586601388426,63.0,32.0,0.5384615384615384
3538,0.761,0.0,3569.0,0.7284665886786973,1.1099870131556435,62.0,31.0,0.5299145299145299
3539,0.763,0.0,3569.0,0.7283534756502057,1.1522650584023681,62.0,30.0,0.5299145299145299
3540,0.765,0.0,3570.0,0.729493038617629,1.1534046213697915,62.0,30.0,0.5299145299145299
3541,0.766,0.0,3570.0,0.7287642061520936,1.1997770758767186,62.0,29.0,0.5299145299145299
3542,0.763,0.0,3571.0,0.729399096473238,1.200411966197863,62.0,29.0,0.5299145299145299
3543,0.759,0.0,3571.0,0.7280609349753717,1.251408568002733,63.0,28.0,0.5384615384615384
3544,0.755,0.0,3572.0,0.7283209012529972,1.2516685342803582,63.0,28.0,0.5384615384615384
3545,0.751,0.0,3573.0,0.7285116761512833,1.2518593091786445,63.0,28.0,0.5384615384615384
3546,0.752,0.0,3574.0,0.728688638111691,1.252036271139052,63.0,28.0,0.5384615384615384
3547,0.754,0.0,3575.0,0.728813444978114,1.252161078005475,63.0,28.0,0.5384615384615384
3548,0.753,0.0,3576.0,0.728865812163535,1.252213445190896,63.0,28.0,0.5384615384615384
3549,0.754,0.0,3577.0,0.7288607379901524,1.2522083710175136,64.0,28.0,0.5470085470085471
3550,0.749,0.0,3578.0,0.7287741089993873,1.2521217420267483,64.0,28.0,0.5470085470085471
3551,0.75,0.0,3579.0,0.7286709851551134,1.2520186181824746,64.0,28.0,0.5470085470085471
3552,0.751,0.0,3580.0,0.7285341514955204,1.2518817845228813,64.0,28.0,0.5470085470085471
3553,0.752,0.0,3581.0,0.7283427131518218,1.2516903461791828,65.0,28.0,0.5555555555555556
3554,0.752,0.0,3582.0,0.7280963778879634,1.2514440109153244,65.0,28.0,0.5555555555555556
3555,0.75,0.0,3584.0,0.7296274307145253,1.2006403004391504,63.0,29.0,0.5384615384615384
3556,0.751,0.0,3585.0,0.7292910136614128,1.2003038833860378,63.0,29.0,0.5384615384615384
3557,0.75,0.0,3586.0,0.7288975764711961,1.1999104461958212,63.0,29.0,0.5384615384615384
3558,0.749,0.0,3587.0,0.7284513797155465,1.1994642494401715,63.0,29.0,0.5384615384615384
3559,0.745,0.0,3588.0,0.7279583288623359,1.1989711985869609,63.0,29.0,0.5384615384615384
3560,0.745,0.0,3590.0,0.7291014728300437,1.153013055582206,63.0,30.0,0.5384615384615384
3561,0.744,0.0,3591.0,0.7285880688493398,1.1524996516015023,63.0,30.0,0.5384615384615384
3562,0.744,0.0,3592.0,0.7280729858222847,1.1519845685744472,63.0,30.0,0.5384615384615384
3563,0.742,0.0,3594.0,0.7290196889054089,1.1105401133823551,63.0,31.0,0.5384615384615384
3564,0.74,0.0,3595.0,0.7284862424233649,1.1100066669003112,63.0,31.0,0.5384615384615384
3565,0.741,0.0,3596.0,0.727976871070701,1.1094972955476472,63.0,31.0,0.5384615384615384
3566,0.747,0.0,3598.0,0.7288125351429602,1.0721809171722119,63.0,32.0,0.5384615384615384
3567,0.75,0.0,3599.0,0.7282407125312396,1.071609094560491,64.0,32.0,0.5470085470085471
3568,0.748,0.0,3601.0,0.7287124021287505,1.037743945955077,64.0,33.0,0.5470085470085471
3569,0.74,0.0,3603.0,0.7289788933813817,1.0071072828250753,61.0,34.0,0.5213675213675214
3570,0.734,0.0,3604.0,0.7281688011346511,1.0062971905783449,57.0,34.0,0.48717948717948717
3571,0.717,0.0,3606.0,0.7283677861393951,0.9786833366387195,55.0,35.0,0.4700854700854701
3572,0.705,0.0,3608.0,0.7286936068591278,0.9539776023085198,54.0,36.0,0.46153846153846156
3573,0.717,0.0,3609.0,0.728500242989942,0.953784238439334,52.0,36.0,0.4444444444444444
3574,0.731,0.0,3610.0,0.7285060390538226,0.9537900345032146,52.0,36.0,0.4444444444444444
3575,0.733,0.0,3611.0,0.7285587053000697,0.9538427007494618,50.0,36.0,0.42735042735042733
3576,0.735,0.0,3612.0,0.7286592516570436,0.9539432471064356,50.0,36.0,0.42735042735042733
3577,0.738,0.0,3613.0,0.7287760203076372,0.9540600157570293,48.0,36.0,0.41025641025641024
3578,0.736,0.0,3613.0,0.7280198290305459,0.9783353795298703,48.0,35.0,0.41025641025641024
3579,0.738,0.0,3614.0,0.7281261682790245,0.978441718778349,47.0,35.0,0.4017094017094017
3580,0.738,0.0,3615.0,0.7282192356456143,0.9785347861449387,47.0,35.0,0.4017094017094017
3581,0.735,0.0,3616.0,0.7282870224545352,0.9786025729538597,45.0,35.0,0.38461538461538464
3582,0.737,0.0,3617.0,0.728365064421179,0.9786806149205034,45.0,35.0,0.38461538461538464
3583,0.739,0.0,3618.0,0.7284627030474783,0.9787782535468027,46.0,35.0,0.39316239316239315
3584,0.74,0.0,3619.0,0.7285531359486939,0.9788686864480183,45.0,35.0,0.38461538461538464
3585,0.743,0.0,3620.0,0.7286211187676919,0.9789366692670163,45.0,35.0,0.38461538461538464
3586,0.743,0.0,3621.0,0.7286322291054219,0.9789477796047463,45.0,35.0,0.38461538461538464
3587,0.742,0.0,3622.0,0.728584482489656,0.9789000329889804,44.0,35.0,0.37606837606837606
3588,0.741,0.0,3623.0,0.7284821357522764,0.9787976862516008,44.0,35.0,0.37606837606837606
3589,0.74,0.0,3624.0,0.7283413548346727,0.9786569053339971,44.0,35.0,0.37606837606837606
3590,0.737,0.0,3625.0,0.7281666803045279,0.9784822308038523,43.0,35.0,0.36752136752136755
3591,0.74,0.0,3626.0,0.7279866062764782,0.9783021567758026,43.0,35.0,0.36752136752136755
3592,0.742,0.0,3628.0,0.728629650733932,0.9539136461833241,43.0,36.0,0.36752136752136755
3593,0.739,0.0,3629.0,0.7283390803162171,0.9536230757656091,43.0,36.0,0.36752136752136755
3594,0.737,0.0,3630.0,0.7280177974230502,0.9533017928724422,43.0,36.0,0.36752136752136755
3595,0.737,0.0,3632.0,0.728455874295358,0.9312114701998108,43.0,37.0,0.36752136752136755
3596,0.739,0.0,3633.0,0.7280909725540217,0.9308465684584745,42.0,37.0,0.358974358974359
3597,0.741,0.0,3635.0,0.7283830140310059,0.9108630503450135,43.0,38.0,0.36752136752136755
3598,0.74,0.0,3637.0,0.7285488889251601,0.8927809216077669,43.0,39.0,0.36752136752136755
3599,0.74,0.0,3638.0,0.7279989735094288,0.8922310061920355,42.0,39.0,0.358974358974359
3600,0.731,0.0,3641.0,0.7283991002117735,0.861427046684685,43.0,41.0,0.36752136752136755
3601,0.718,0.0,3643.0,0.7282675290663869,0.8479926808920073,42.0,42.0,0.358974358974359
3602,0.724,0.0,3645.0,0.7282617620395253,0.8360143986825836,42.0,43.0,0.358974358974359
3603,0.732,0.0,3647.0,0.7283024405335892,0.8252798135123417,40.0,44.0,0.3418803418803419
3604,0.731,0.0,3648.0,0.7279613382100909,0.8249387111888434,38.0,44.0,0.3247863247863248
3605,0.73,0.0,3650.0,0.7279563650946459,0.8152360007755232,38.0,45.0,0.3247863247863248
3606,0.735,0.0,3653.0,0.7281993390749429,0.7988958439764535,38.0,47.0,0.3247863247863248
3607,0.734,0.0,3655.0,0.7280692377650952,0.7916960921764548,38.0,48.0,0.3247863247863248
3608,0.731,0.0,3658.0,0.7280837401729472,0.7796214922461484,38.0,50.0,0.3247863247863248
3609,0.732,0.0,3661.0,0.72800257966498,0.7697481588442731,38.0,52.0,0.3247863247863248
3610,0.719,0.0,3665.0,0.7279456780024904,0.758378205224195,37.0,55.0,0.3162393162393162
3611,0.71,0.0,3670.0,0.727952931371316,0.7479197124814764,37.0,59.0,0.3162393162393162
3612,0.721,0.0,3673.0,0.7279387945290487,0.7441118872282787,37.0,61.0,0.3162393162393162
3613,0.722,0.0,3675.0,0.7279358855183309,0.7424916689476379,36.0,62.0,0.3076923076923077
3614,0.722,0.0,3676.0,0.7279499467494408,0.7425057301787478,35.0,62.0,0.29914529914529914
3615,0.723,0.0,3676.0,0.7279807514113473,0.7441538441105773,35.0,61.0,0.29914529914529914
3616,0.714,0.0,3675.0,0.7279991788411425,0.7479659599513029,35.0,59.0,0.29914529914529914
3617,0.707,0.0,3672.0,0.7279557583857296,0.7583882856074341,35.0,55.0,0.29914529914529914
3618,0.724,0.0,3669.0,0.7279750760172446,0.7743590528831258,35.0,51.0,0.29914529914529914
3619,0.735,0.0,3667.0,0.7280110778538793,0.7916379322652388,35.0,48.0,0.29914529914529914
3620,0.741,0.0,3666.0,0.7280684405899152,0.8066201127027047,35.0,46.0,0.29914529914529914
3621,0.745,0.0,3666.0,0.728221892110182,0.8155015277910592,35.0,45.0,0.29914529914529914
3622,0.747,0.0,3666.0,0.7281889202094509,0.8251662931882034,35.0,44.0,0.29914529914529914
3623,0.744,0.0,3666.0,0.7279469363110471,0.8356995729541055,35.0,43.0,0.29914529914529914
3624,0.746,0.0,3668.0,0.7282950314733282,0.8252724044520807,35.0,44.0,0.29914529914529914
3625,0.744,0.0,3669.0,0.7281161712877373,0.8250935442664898,35.0,44.0,0.29914529914529914
3626,0.74,0.0,3671.0,0.7281208143330961,0.8154004500139733,35.0,45.0,0.29914529914529914
3627,0.736,0.0,3673.0,0.7279950282727123,0.8065467003855019,36.0,46.0,0.3076923076923077
3628,0.729,0.0,3676.0,0.7280239984433077,0.7916508528546672,36.0,48.0,0.3076923076923077
3629,0.73,0.0,3679.0,0.7279652897022875,0.7795030417754887,36.0,50.0,0.3076923076923077
3630,0.731,0.0,3683.0,0.7279655033515886,0.7655365246129523,36.0,53.0,0.3076923076923077
3631,0.73,0.0,3689.0,0.7279917125597046,0.7501770249043272,37.0,58.0,0.3162393162393162
3632,0.725,0.0,3699.0,0.7279547152643306,0.7365497598215021,37.0,67.0,0.3162393162393162
3633,0.719,1.0,3719.0,0.7277440986237538,0.7289051616941069,37.0,86.0,0.3162393162393162
3634,0.722,1.0,3718.0,0.7273678272584265,0.7288012384563933,38.0,84.0,0.3247863247863248
3635,0.727,1.0,3717.0,0.7270495132295756,0.7288191566838556,38.0,82.0,0.3247863247863248
3636,0.733,1.0,3716.0,0.7267296906314544,0.7289144356367383,39.0,80.0,0.3333333333333333
3637,0.731,1.0,3716.0,0.7263469598300165,0.7287744542803319,39.0,79.0,0.3333333333333333
3638,0.71,1.0,3715.0,0.7259021230066196,0.7288990297354041,39.0,77.0,0.3333333333333333
3639,0.696,1.0,3716.0,0.7256549032076107,0.7286518099363952,40.0,77.0,0.3418803418803419
3640,0.693,1.0,3717.0,0.7257382280958474,0.7287351348246319,41.0,77.0,0.3504273504273504
3641,0.707,1.0,3719.0,0.7261965731340612,0.7288937891899673,41.0,78.0,0.3504273504273504
3642,0.723,1.0,3723.0,0.7268834606071375,0.728849731111893,42.0,81.0,0.358974358974359
3643,0.735,1.0,3728.0,0.7276126536566618,0.7289027237348319,42.0,85.0,0.358974358974359
3644,0.738,0.0,3710.0,0.7279539373414369,0.7375039868494051,43.0,66.0,0.36752136752136755
3645,0.739,0.0,3702.0,0.7279518020592737,0.7526021491088544,43.0,57.0,0.36752136752136755
3646,0.74,0.0,3700.0,0.7280453710811449,0.7618592902163722,44.0,54.0,0.37606837606837606
3647,0.735,0.0,3699.0,0.7280598894594135,0.7698054686387065,44.0,52.0,0.37606837606837606
3648,0.734,0.0,3698.0,0.7279498349249605,0.7794875869981617,44.0,50.0,0.37606837606837606
3649,0.731,0.0,3699.0,0.7281221233438644,0.7796598754170656,45.0,50.0,0.38461538461538464
3650,0.727,0.0,3699.0,0.7280886175053282,0.7853527864755517,45.0,49.0,0.38461538461538464
3651,0.727,0.0,3699.0,0.7280672074168509,0.7916940618282104,46.0,48.0,0.39316239316239315
3652,0.73,0.0,3699.0,0.7280576551885609,0.7987541600900715,47.0,47.0,0.4017094017094017
3653,0.729,0.0,3699.0,0.7280265213512549,0.8065781934640445,47.0,46.0,0.4017094017094017
3654,0.731,0.0,3699.0,0.7279845710845185,0.8152642067653958,48.0,45.0,0.41025641025641024
3655,0.737,0.0,3700.0,0.7282352662695987,0.8155149019504759,48.0,45.0,0.41025641025641024
3656,0.743,0.0,3700.0,0.7280950403285515,0.8250724133073041,49.0,44.0,0.4188034188034188
3657,0.748,0.0,3701.0,0.72815057204064,0.8251279450193926,50.0,44.0,0.42735042735042733
3658,0.749,0.0,3702.0,0.7280227121992482,0.8250000851780007,50.0,44.0,0.42735042735042733
3659,0.744,0.0,3704.0,0.728029979155276,0.8153096148361533,51.0,45.0,0.4358974358974359
3660,0.742,0.0,3707.0,0.728136271165433,0.7988327760669436,52.0,47.0,0.4444444444444444
3661,0.744,0.0,3710.0,0.7280221236693771,0.7852862926396007,52.0,49.0,0.4444444444444444
3662,0.744,0.0,3715.0,0.7279620720042772,0.7655330932656409,53.0,53.0,0.452991452991453
3663,0.743,0.0,3728.0,0.7279715697542413,0.738582735874206,54.0,65.0,0.46153846153846156
3664,0.74,1.0,3747.0,0.7272060993971028,0.7287987785059548,55.0,83.0,0.4700854700854701
3665,0.739,1.0,3743.0,0.7259556576692656,0.7286528737251717,55.0,78.0,0.4700854700854701
3666,0.729,1.0,3740.0,0.7245506802355892,0.7286616634026462,52.0,74.0,0.4444444444444444
3667,0.716,1.0,3738.0,0.7230932188360335,0.7287324275699937,52.0,71.0,0.4444444444444444
3668,0.71,1.0,3737.0,0.7217237472611431,0.7286857333524519,52.0,69.0,0.4444444444444444
3669,0.708,1.0,3737.0,0.7205065918188648,0.7282421319203191,51.0,68.0,0.4358974358974359
3670,0.708,1.0,3737.0,0.7194283985079067,0.7280234430650782,51.0,67.0,0.4358974358974359
3671,0.705,1.0,3737.0,0.7184771874025921,0.7280272369105604,51.0,66.0,0.4358974358974359
3672,0.706,1.0,3737.0,0.7176757228239731,0.7282868889439378,51.0,65.0,0.4358974358974359
3673,0.711,1.0,3737.0,0.7170039884989536,0.7287941730766923,50.0,64.0,0.42735042735042733
3674,0.711,1.0,3738.0,0.7164450709843158,0.7282352555620544,51.0,64.0,0.4358974358974359
3675,0.716,1.0,3739.0,0.7159512648410977,0.7277414494188363,50.0,64.0,0.42735042735042733
3676,0.716,1.0,3739.0,0.7154154219517608,0.728515627038137,48.0,63.0,0.41025641025641024
3677,0.711,1.0,3740.0,0.7149234850661359,0.7280236901525121,49.0,63.0,0.4188034188034188
3678,0.709,1.0,3741.0,0.7144797688998722,0.7275799739862484,50.0,63.0,0.42735042735042733
3679,0.706,1.0,3741.0,0.7140519501925136,0.7286077336218205,50.0,62.0,0.42735042735042733
3680,0.705,1.0,3742.0,0.7137689861848228,0.7283247696141297,51.0,62.0,0.4358974358974359
3681,0.708,1.0,3743.0,0.7135889942156056,0.7281447776449126,52.0,62.0,0.4444444444444444
3682,0.711,1.0,3744.0,0.7134765644313728,0.7280323478606797,53.0,62.0,0.452991452991453
3683,0.709,1.0,3745.0,0.7133972598368001,0.7279530432661071,53.0,62.0,0.452991452991453
3684,0.704,1.0,3746.0,0.7133722759341135,0.7279280593634204,54.0,62.0,0.46153846153846156
3685,0.7,1.0,3747.0,0.7134572660659446,0.7280130494952516,55.0,62.0,0.4700854700854701
3686,0.698,1.0,3748.0,0.7136972666083568,0.7282530500376637,56.0,62.0,0.47863247863247865
3687,0.704,1.0,3749.0,0.7141173886234873,0.7286731720527942,57.0,62.0,0.48717948717948717
3688,0.716,1.0,3751.0,0.7147052993323082,0.7278055044186844,58.0,63.0,0.49572649572649574
3689,0.721,1.0,3752.0,0.7152326221232688,0.728332827209645,58.0,63.0,0.49572649572649574
3690,0.721,1.0,3753.0,0.7156998412632605,0.7288000463496367,59.0,63.0,0.5042735042735043
3691,0.719,1.0,3755.0,0.7161559992888767,0.7279461838666154,60.0,64.0,0.5128205128205128
3692,0.721,1.0,3756.0,0.7165426239390529,0.7283328085167915,61.0,64.0,0.5213675213675214
3693,0.723,1.0,3757.0,0.7168843575926986,0.7286745421704373,62.0,64.0,0.5299145299145299
3694,0.722,1.0,3759.0,0.7172018626327437,0.7278130287527084,63.0,65.0,0.5384615384615384
3695,0.721,1.0,3760.0,0.717430228387659,0.7280413945076237,64.0,65.0,0.5470085470085471
3696,0.724,1.0,3761.0,0.7176228561450131,0.7282340222649778,65.0,65.0,0.5555555555555556
3697,0.721,1.0,3762.0,0.717748552879887,0.7283597189998517,66.0,65.0,0.5641025641025641
3698,0.715,1.0,3763.0,0.7178420485560019,0.7284532146759666,66.0,65.0,0.5641025641025641
3699,0.712,1.0,3764.0,0.7179713279220838,0.7285824940420486,59.0,65.0,0.5042735042735043
3700,0.71,1.0,3765.0,0.7181711328247455,0.7287822989447102,57.0,65.0,0.48717948717948717
3701,0.708,1.0,3767.0,0.7185016428312105,0.7280516923391788,57.0,66.0,0.48717948717948717
3702,0.71,1.0,3768.0,0.718916794828752,0.7284668443367203,56.0,66.0,0.47863247863247865
3703,0.716,1.0,3770.0,0.7194663273495193,0.7280613719066907,57.0,67.0,0.48717948717948717
3704,0.716,1.0,3771.0,0.7200249886136445,0.7286200331708159,57.0,67.0,0.48717948717948717
3705,0.718,1.0,3773.0,0.7206610105242559,0.7283965506257102,58.0,68.0,0.49572649572649574
3706,0.721,1.0,3775.0,0.7213269941381487,0.7282889802294575,59.0,69.0,0.5042735042735043
3707,0.735,1.0,3776.0,0.7219729292749235,0.7289349153662323,59.0,69.0,0.5042735042735043
3708,0.743,1.0,3778.0,0.7224999078435828,0.7287656953257607,60.0,70.0,0.5128205128205128
3709,0.739,1.0,3780.0,0.7227984480539271,0.7284376567878873,61.0,71.0,0.5213675213675214
3710,0.733,1.0,3781.0,0.7228980232790801,0.7285372320130403,60.0,71.0,0.5128205128205128
3711,0.731,1.0,3782.0,0.7228873072654698,0.72852651599943,61.0,71.0,0.5213675213675214
3712,0.728,1.0,3783.0,0.7227885426647167,0.7284277513986769,62.0,71.0,0.5299145299145299
3713,0.731,1.0,3783.0,0.722613521810038,0.728879309292216,63.0,70.0,0.5384615384615384
3714,0.731,1.0,3784.0,0.722368303411071,0.728634090893249,64.0,70.0,0.5470085470085471
3715,0.734,1.0,3785.0,0.7220297396495287,0.7282955271317066,63.0,70.0,0.5384615384615384
3716,0.733,1.0,3785.0,0.7215372485627958,0.7284992346541046,61.0,69.0,0.5213675213675214
3717,0.726,1.0,3785.0,0.7209173935712052,0.7286529336726595,60.0,68.0,0.5128205128205128
3718,0.723,1.0,3785.0,0.7202410651748503,0.7288361097320217,60.0,67.0,0.5128205128205128
3719,0.716,1.0,3786.0,0.7195660193231961,0.7281610638803675,59.0,67.0,0.5042735042735043
3720,0.711,1.0,3786.0,0.7189018522699839,0.7284519017779522,60.0,66.0,0.5128205128205128
3721,0.708,1.0,3787.0,0.7183610198121807,0.7279110693201489,61.0,66.0,0.5213675213675214
3722,0.708,1.0,3787.0,0.7179033271835668,0.7285144933035315,62.0,65.0,0.5299145299145299
3723,0.713,1.0,3788.0,0.7175952120795168,0.7282063781994815,62.0,65.0,0.5299145299145299
3724,0.718,1.0,3789.0,0.7173421089430475,0.7279532750630122,63.0,65.0,0.5384615384615384
3725,0.722,1.0,3789.0,0.7170461094056735,0.7288362939834121,64.0,64.0,0.5470085470085471
3726,0.719,1.0,3790.0,0.7167391867512355,0.7285293713289741,65.0,64.0,0.5555555555555556
3727,0.714,1.0,3791.0,0.7164114318535592,0.7282016164312978,66.0,64.0,0.5641025641025641
3728,0.704,1.0,3792.0,0.7161154287260274,0.727905613303766,65.0,64.0,0.5555555555555556
3729,0.709,1.0,3793.0,0.7159588692435458,0.7277490538212844,66.0,64.0,0.5641025641025641
3730,0.703,1.0,3794.0,0.7158843093721065,0.7276744939498451,67.0,64.0,0.5726495726495726
3731,0.694,1.0,3795.0,0.7159578541658527,0.7277480387435913,68.0,64.0,0.5811965811965812
3732,0.696,1.0,3796.0,0.7162802401194759,0.7280704246972145,69.0,64.0,0.5897435897435898
3733,0.706,1.0,3797.0,0.7168320514068667,0.7286222359846053,70.0,64.0,0.5982905982905983
3734,0.708,1.0,3799.0,0.7175482954952404,0.7281594616152051,71.0,65.0,0.6068376068376068
3735,0.72,1.0,3801.0,0.7183710450327796,0.7279210945407478,72.0,66.0,0.6153846153846154
3736,0.734,1.0,3802.0,0.7191427926369576,0.7286928421449258,73.0,66.0,0.6239316239316239
3737,0.743,1.0,3804.0,0.7197852728449785,0.7283803174021499,68.0,67.0,0.5811965811965812
3738,0.743,1.0,3805.0,0.7201407061050706,0.728735750662242,67.0,67.0,0.5726495726495726
3739,0.743,1.0,3806.0,0.7202453952328758,0.7288404397900472,66.0,67.0,0.5641025641025641
3740,0.731,1.0,3807.0,0.720100729626308,0.7286957741834794,65.0,67.0,0.5555555555555556
3741,0.725,1.0,3808.0,0.7198385935528407,0.7284336381100122,64.0,67.0,0.5470085470085471
3742,0.723,1.0,3809.0,0.7195224605862267,0.7281175051433981,64.0,67.0,0.5470085470085471
3743,0.723,1.0,3809.0,0.7191378861067177,0.7286879356146859,63.0,66.0,0.5384615384615384
3744,0.722,1.0,3810.0,0.7187467899655842,0.7282968394735524,63.0,66.0,0.5384615384615384
3745,0.723,1.0,3810.0,0.7182867954028197,0.7288979615227844,63.0,65.0,0.5384615384615384
3746,0.722,1.0,3811.0,0.7178146984830996,0.7284258646030644,63.0,65.0,0.5384615384615384
3747,0.726,1.0,3812.0,0.7173004041127071,0.7279115702326718,62.0,65.0,0.5299145299145299
3748,0.725,1.0,3812.0,0.7166529563239847,0.7284431409017234,62.0,64.0,0.5299145299145299
3749,0.727,1.0,3813.0,0.7159581868429546,0.7277483714206933,62.0,64.0,0.5299145299145299
3750,0.73,1.0,3813.0,0.7150998496353855,0.7282000547217617,63.0,63.0,0.5384615384615384
3751,0.719,1.0,3813.0,0.7140759552015428,0.7286317386308497,63.0,62.0,0.5384615384615384
3752,0.707,1.0,3814.0,0.7130532740109514,0.7276090574402584,63.0,62.0,0.5384615384615384
3753,0.694,1.0,3814.0,0.7120475190535711,0.7282206117528011,63.0,61.0,0.5384615384615384
3754,0.691,1.0,3815.0,0.7113044308102555,0.7274775235094855,64.0,61.0,0.5470085470085471
3755,0.697,1.0,3815.0,0.7107310225015978,0.7287011255007422,64.0,60.0,0.5470085470085471
3756,0.707,1.0,3816.0,0.7103796970343845,0.7283498000335289,64.0,60.0,0.5470085470085471
3757,0.711,1.0,3817.0,0.7100729699284075,0.7280430729275519,64.0,60.0,0.5470085470085471
3758,0.71,1.0,3818.0,0.7097629981182161,0.7277331011173604,65.0,60.0,0.5555555555555556
3759,0.705,1.0,3819.0,0.7094573634621564,0.7274274664613007,65.0,60.0,0.5555555555555556
3760,0.703,1.0,3820.0,0.709208225575161,0.7271783285743054,65.0,60.0,0.5555555555555556
3761,0.703,1.0,3820.0,0.7089653333969697,0.72893211450713,65.0,59.0,0.5555555555555556
3762,0.703,1.0,3821.0,0.7088654371757582,0.7288322182859186,65.0,59.0,0.5555555555555556
3763,0.703,1.0,3822.0,0.7088380686612364,0.7288048497713968,65.0,59.0,0.5555555555555556
3764,0.708,1.0,3823.0,0.7088832074972666,0.728849988607427,65.0,59.0,0.5555555555555556
3765,0.712,1.0,3824.0,0.7089466403774884,0.7289134214876488,65.0,59.0,0.5555555555555556
3766,0.712,1.0,3826.0,0.7090548581925853,0.7270249611917297,66.0,60.0,0.5641025641025641
3767,0.715,1.0,3827.0,0.7090674095595801,0.7270375125587245,66.0,60.0,0.5641025641025641
3768,0.718,1.0,3827.0,0.7089506277073258,0.7289174088174861,66.0,59.0,0.5641025641025641
3769,0.715,1.0,3828.0,0.7088116931619793,0.7287784742721397,67.0,59.0,0.5726495726495726
3770,0.704,1.0,3829.0,0.7086119443288816,0.728578725439042,67.0,59.0,0.5726495726495726
3771,0.699,1.0,3830.0,0.7084698181827833,0.7284365992929437,67.0,59.0,0.5726495726495726
3772,0.708,1.0,3831.0,0.7084390388878672,0.7284058199980276,68.0,59.0,0.5811965811965812
3773,0.714,1.0,3832.0,0.7084198424377364,0.7283866235478967,68.0,59.0,0.5811965811965812
3774,0.715,1.0,3833.0,0.7083460004194282,0.7283127815295886,69.0,59.0,0.5897435897435898
3775,0.717,1.0,3834.0,0.7082054656578072,0.7281722467679675,69.0,59.0,0.5897435897435898
3776,0.714,1.0,3835.0,0.7079747486806007,0.7279415297907611,69.0,59.0,0.5897435897435898
3777,0.711,1.0,3836.0,0.7076850501612917,0.727651831271452,70.0,59.0,0.5982905982905983
3778,0.706,1.0,3837.0,0.7073675879881542,0.7273343690983146,70.0,59.0,0.5982905982905983
3779,0.7,1.0,3838.0,0.7070741276384598,0.7270409087486202,71.0,59.0,0.6068376068376068
3780,0.696,1.0,3839.0,0.7068674550872258,0.7268342361973862,71.0,59.0,0.6068376068376068
3781,0.688,1.0,3839.0,0.7067112594762853,0.728896571820908,71.0,58.0,0.6068376068376068
3782,0.685,1.0,3841.0,0.7069283407372235,0.7268951218473839,71.0,59.0,0.6068376068376068
3783,0.687,1.0,3842.0,0.7073187346149071,0.7272855157250675,70.0,59.0,0.5982905982905983
3784,0.697,1.0,3843.0,0.7079426372198382,0.7279094183299986,70.0,59.0,0.5982905982905983
3785,0.705,1.0,3844.0,0.7086959642715608,0.7286627453817212,67.0,59.0,0.5726495726495726
3786,0.706,1.0,3846.0,0.7095684592336053,0.7275385622327497,66.0,60.0,0.5641025641025641
3787,0.707,1.0,3847.0,0.7104171787370515,0.7283872817361958,65.0,60.0,0.5555555555555556
3788,0.708,1.0,3849.0,0.7113742340332967,0.7275473267325266,65.0,61.0,0.5555555555555556
3789,0.708,1.0,3850.0,0.7123114429491049,0.7284845356483348,64.0,61.0,0.5470085470085471
3790,0.711,1.0,3852.0,0.7133594616050158,0.7279152450343228,64.0,62.0,0.5470085470085471
3791,0.709,1.0,3854.0,0.7144336352134735,0.7275338402998497,64.0,63.0,0.5470085470085471
3792,0.718,1.0,3855.0,0.7155212148638681,0.7286214199502443,64.0,63.0,0.5470085470085471
3793,0.724,1.0,3857.0,0.716630295488131,0.7284204800658696,64.0,64.0,0.5470085470085471
3794,0.727,1.0,3859.0,0.717659786490019,0.7282709526099838,64.0,65.0,0.5470085470085471
3795,0.734,1.0,3861.0,0.7185858324312528,0.7281358819392211,64.0,66.0,0.5470085470085471
3796,0.739,1.0,3862.0,0.719307285197504,0.7288573347054722,64.0,66.0,0.5470085470085471
3797,0.731,1.0,3864.0,0.7198471299775093,0.7284421745346807,64.0,67.0,0.5470085470085471
3798,0.722,1.0,3865.0,0.7202329758472449,0.7288280204044163,65.0,67.0,0.5555555555555556
3799,0.718,1.0,3867.0,0.7206325504592875,0.7283680905607418,65.0,68.0,0.5555555555555556
3800,0.724,1.0,3868.0,0.7210341709588537,0.728769711060308,66.0,68.0,0.5641025641025641
3801,0.724,1.0,3870.0,0.7214326807018507,0.7283946667931596,66.0,69.0,0.5641025641025641
3802,0.721,1.0,3871.0,0.7217785468893669,0.7287405329806758,66.0,69.0,0.5641025641025641
3803,0.717,1.0,3873.0,0.722160072439707,0.728425859921885,67.0,70.0,0.5726495726495726
3804,0.716,1.0,3874.0,0.7225770612321702,0.7288428487143482,67.0,70.0,0.5726495726495726
3805,0.718,1.0,3876.0,0.7230914990982921,0.7287307078322522,67.0,71.0,0.5726495726495726
3806,0.718,1.0,3878.0,0.7236625329206537,0.728737820781218,67.0,72.0,0.5726495726495726
3807,0.723,1.0,3880.0,0.7242965158299166,0.7288642749044244,67.0,73.0,0.5726495726495726
3808,0.731,1.0,3883.0,0.7249594263383545,0.7286593111887059,67.0,75.0,0.5726495726495726
3809,0.732,1.0,3885.0,0.725538998287556,0.7288688946528721,66.0,76.0,0.5641025641025641
3810,0.724,1.0,3888.0,0.7260570186570718,0.728754234712978,65.0,78.0,0.5555555555555556
3811,0.721,1.0,3891.0,0.7265952799883236,0.7287800249936075,65.0,80.0,0.5555555555555556
3812,0.726,1.0,3895.0,0.7271992657693362,0.7287919448781882,64.0,83.0,0.5470085470085471
3813,0.732,1.0,3900.0,0.727815403810663,0.7288603605739808,62.0,87.0,0.5299145299145299
3814,0.73,0.0,3877.0,0.7279439749687007,0.7410441800550769,61.0,63.0,0.5213675213675214
3815,0.73,0.0,3871.0,0.7279772847707338,0.7553665592702679,60.0,56.0,0.5128205128205128
3816,0.735,0.0,3868.0,0.7279974929768738,0.7697430721561668,60.0,52.0,0.5128205128205128
3817,0.736,0.0,3867.0,0.728114917163865,0.7796526692370662,60.0,50.0,0.5128205128205128
3818,0.737,0.0,3866.0,0.7280844518495242,0.7917113062608837,60.0,48.0,0.5128205128205128
3819,0.737,0.0,3866.0,0.7281551083681723,0.7988516132696829,60.0,47.0,0.5128205128205128
3820,0.737,0.0,3866.0,0.7281274883131335,0.806679160425923,59.0,46.0,0.5042735042735043
3821,0.73,0.0,3866.0,0.7280012847949073,0.8152809204757846,59.0,45.0,0.5042735042735043
3822,0.727,0.0,3867.0,0.7281918858096026,0.8154715214904799,59.0,45.0,0.5042735042735043
3823,0.727,0.0,3867.0,0.7280906187682799,0.8250679917470324,59.0,44.0,0.5042735042735043
3824,0.735,0.0,3867.0,0.7280014697132713,0.8357541063563296,59.0,43.0,0.5042735042735043
3825,0.74,0.0,3868.0,0.7282530931361197,0.8360057297791781,60.0,43.0,0.5128205128205128
3826,0.745,0.0,3868.0,0.727997514838653,0.8477226666642734,60.0,42.0,0.5128205128205128
3827,0.745,0.0,3869.0,0.7280149070724895,0.8477400588981099,59.0,42.0,0.5042735042735043
3828,0.746,0.0,3871.0,0.728312016461403,0.8360646531044613,59.0,43.0,0.5042735042735043
3829,0.747,0.0,3872.0,0.7280354017597227,0.835788038402781,59.0,43.0,0.5042735042735043
3830,0.733,0.0,3874.0,0.7279671136325305,0.8249444866112831,59.0,44.0,0.5042735042735043
3831,0.718,0.0,3877.0,0.7281485261846066,0.8067001982973961,59.0,46.0,0.5042735042735043
3832,0.71,0.0,3879.0,0.7281051714128954,0.798801676314406,59.0,47.0,0.5042735042735043
3833,0.709,0.0,3880.0,0.7280140963064985,0.7987106012080091,59.0,47.0,0.5042735042735043
3834,0.707,0.0,3881.0,0.7281614140695106,0.7988579189710212,59.0,47.0,0.5042735042735043
3835,0.708,0.0,3880.0,0.7279916073261763,0.8152712430070536,59.0,45.0,0.5042735042735043
3836,0.713,0.0,3879.0,0.7279413387214804,0.8356939753645387,59.0,43.0,0.5042735042735043
3837,0.728,0.0,3879.0,0.7283965568376153,0.8481217086632357,59.0,42.0,0.5042735042735043
3838,0.739,0.0,3878.0,0.7283373721495909,0.8761462015639371,59.0,40.0,0.5042735042735043
3839,0.743,0.0,3877.0,0.727986136983442,0.9104661732974495,58.0,38.0,0.49572649572649574
3840,0.744,0.0,3877.0,0.7280445355518249,0.9308001314562777,59.0,37.0,0.5042735042735043
3841,0.747,0.0,3878.0,0.7287163980059221,0.9314719939103749,59.0,37.0,0.5042735042735043
3842,0.747,0.0,3878.0,0.7284734371851272,0.9537574326345193,59.0,36.0,0.5042735042735043
3843,0.746,0.0,3878.0,0.7280246256663891,0.9783401761657136,59.0,35.0,0.5042735042735043
3844,0.746,0.0,3879.0,0.7283523184131142,0.9786678689124386,59.0,35.0,0.5042735042735043
3845,0.745,0.0,3880.0,0.7285789139730368,0.9788944644723612,60.0,35.0,0.5128205128205128
3846,0.744,0.0,3881.0,0.7287190951459246,0.979034645645249,60.0,35.0,0.5128205128205128
3847,0.744,0.0,3882.0,0.7287933035680442,0.9791088540673686,60.0,35.0,0.5128205128205128
3848,0.744,0.0,3883.0,0.7287990701517548,0.9791146206510792,61.0,35.0,0.5213675213675214
3849,0.744,0.0,3884.0,0.728726182858136,0.9790417333574604,61.0,35.0,0.5213675213675214
3850,0.74,0.0,3885.0,0.7285756762587413,0.9788912267580657,61.0,35.0,0.5213675213675214
3851,0.739,0.0,3886.0,0.7283805733705,0.9786961238698244,62.0,35.0,0.5299145299145299
3852,0.74,0.0,3887.0,0.7281733998544111,0.9784889503537355,62.0,35.0,0.5299145299145299
3853,0.74,0.0,3888.0,0.7279457489824172,0.9782612994817416,63.0,35.0,0.5384615384615384
3854,0.738,0.0,3890.0,0.728570668747026,0.9538546641964181,63.0,36.0,0.5384615384615384
3855,0.723,0.0,3891.0,0.7282934313910125,0.9535774268404046,63.0,36.0,0.5384615384615384
3856,0.714,0.0,3892.0,0.7281621592744256,0.9534461547238177,64.0,36.0,0.5470085470085471
3857,0.72,0.0,3893.0,0.7282752752476679,0.9535592706970599,64.0,36.0,0.5470085470085471
3858,0.733,0.0,3894.0,0.7285672509176959,0.953851246367088,65.0,36.0,0.5555555555555556
3859,0.74,0.0,3894.0,0.7280181598614002,0.9783337103607246,65.0,35.0,0.5555555555555556
3860,0.739,0.0,3895.0,0.7283134853452219,0.9786290358445463,66.0,35.0,0.5641025641025641
3861,0.74,0.0,3896.0,0.7285891440373111,0.9789046945366355,66.0,35.0,0.5641025641025641
3862,0.742,0.0,3897.0,0.7288319496448763,0.9791475001442007,66.0,35.0,0.5641025641025641
3863,0.741,0.0,3897.0,0.7280510217048157,1.0061794111485094,67.0,34.0,0.5726495726495726
3864,0.741,0.0,3898.0,0.728203597778829,1.0063319872225227,67.0,34.0,0.5726495726495726
3865,0.743,0.0,3899.0,0.728318802093752,1.0064471915374458,67.0,34.0,0.5726495726495726
3866,0.742,0.0,3900.0,0.7283607613722936,1.0064891508159874,64.0,34.0,0.5470085470085471
3867,0.738,0.0,3901.0,0.7283510070084458,1.0064793964521397,60.0,34.0,0.5128205128205128
3868,0.738,0.0,3902.0,0.7283552470358108,1.0064836364795045,57.0,34.0,0.48717948717948717
3869,0.733,0.0,3903.0,0.7283707472819093,1.006499136725603,57.0,34.0,0.48717948717948717
3870,0.738,0.0,3904.0,0.728444159758756,1.0065725492024498,57.0,34.0,0.48717948717948717
3871,0.739,0.0,3905.0,0.7285150356538306,1.0066434250975242,55.0,34.0,0.4700854700854701
3872,0.738,0.0,3906.0,0.7285770037167647,1.0067053931604586,55.0,34.0,0.4700854700854701
3873,0.738,0.0,3907.0,0.7286418635927021,1.0067702530363958,55.0,34.0,0.4700854700854701
3874,0.739,0.0,3908.0,0.7287117997805597,1.0068401892242536,54.0,34.0,0.46153846153846156
3875,0.739,0.0,3909.0,0.7287795522886,1.006907941732294,55.0,34.0,0.4700854700854701
3876,0.739,0.0,3910.0,0.7288419215716713,1.006970311015365,55.0,34.0,0.4700854700854701
3877,0.738,0.0,3911.0,0.7288849622855209,1.0070133517292148,52.0,34.0,0.4444444444444444
3878,0.741,0.0,3912.0,0.7289319744404428,1.0070603638841367,48.0,34.0,0.41025641025641024
3879,0.741,0.0,3913.0,0.7289558560115326,1.0070842454552262,45.0,34.0,0.38461538461538464
3880,0.739,0.0,3914.0,0.7289617030005545,1.0070900924442483,42.0,34.0,0.358974358974359
3881,0.738,0.0,3915.0,0.7289712170628242,1.007099606506518,41.0,34.0,0.3504273504273504
3882,0.743,0.0,3916.0,0.7289846362690406,1.0071130257127345,41.0,34.0,0.3504273504273504
3883,0.745,0.0,3917.0,0.728941723514965,1.0070701129586588,40.0,34.0,0.3418803418803419
3884,0.739,0.0,3918.0,0.7288306121388488,1.0069590015825427,40.0,34.0,0.3418803418803419
3885,0.735,0.0,3919.0,0.7287067801678382,1.006835169611532,39.0,34.0,0.3333333333333333
3886,0.724,0.0,3920.0,0.7286213472205456,1.0067497366642395,39.0,34.0,0.3333333333333333
3887,0.732,0.0,3921.0,0.7286957326475867,1.0068241220912806,39.0,34.0,0.3333333333333333
3888,0.743,0.0,3922.0,0.7288376289472943,1.006966018390988,38.0,34.0,0.3247863247863248
3889,0.747,0.0,3923.0,0.7289275615899011,1.0070559510335948,39.0,34.0,0.3333333333333333
3890,0.745,0.0,3924.0,0.7289146198310418,1.0070430092747356,39.0,34.0,0.3333333333333333
3891,0.745,0.0,3925.0,0.7288112207936681,1.006939610237362,38.0,34.0,0.3247863247863248
3892,0.744,0.0,3926.0,0.7285807908257741,1.0067091802694679,38.0,34.0,0.3247863247863248
3893,0.743,0.0,3927.0,0.7282574977939954,1.0063858872376892,38.0,34.0,0.3247863247863248
3894,0.742,0.0,3929.0,0.7287299421257307,0.9790454926250551,37.0,35.0,0.3162393162393162
3895,0.742,0.0,3930.0,0.7283246786876489,0.9786402291869734,36.0,35.0,0.3076923076923077
3896,0.743,0.0,3932.0,0.7287650405762387,0.9540490360256307,36.0,36.0,0.3076923076923077
3897,0.74,0.0,3933.0,0.7282711921699477,0.9535551876193398,35.0,36.0,0.29914529914529914
3898,0.736,0.0,3935.0,0.728501324301505,0.9312569202059578,35.0,37.0,0.29914529914529914
3899,0.734,0.0,3936.0,0.7279528995471809,0.9307084954516337,35.0,37.0,0.29914529914529914
3900,0.722,0.0,3938.0,0.7281160797030417,0.9105961160170493,34.0,38.0,0.2905982905982906
3901,0.718,0.0,3940.0,0.7283499054795295,0.8925819381621363,34.0,39.0,0.2905982905982906
3902,0.729,0.0,3941.0,0.7281360193990722,0.892368052081679,34.0,39.0,0.2905982905982906
3903,0.737,0.0,3942.0,0.7279777941576742,0.8922098268402809,34.0,39.0,0.2905982905982906
3904,0.738,0.0,3944.0,0.7283580119160056,0.8761668413303517,34.0,40.0,0.2905982905982906
3905,0.735,0.0,3945.0,0.7281143879234196,0.8759232173377658,34.0,40.0,0.2905982905982906
3906,0.735,0.0,3947.0,0.7283690000940423,0.8613969465669538,34.0,41.0,0.2905982905982906
3907,0.735,0.0,3948.0,0.7280829363811036,0.861110882854015,34.0,41.0,0.2905982905982906
3908,0.736,0.0,3950.0,0.7282365849262995,0.8479617367519199,34.0,42.0,0.2905982905982906
3909,0.739,0.0,3952.0,0.7283047294628635,0.8360573661059219,34.0,43.0,0.2905982905982906
3910,0.739,0.0,3954.0,0.728250805081027,0.8252281780597795,34.0,44.0,0.2905982905982906
3911,0.729,0.0,3956.0,0.7280692276437486,0.8153488633246259,34.0,45.0,0.2905982905982906
3912,0.728,0.0,3959.0,0.7281623957371901,0.7988589006387007,34.0,47.0,0.2905982905982906
3913,0.731,0.0,3961.0,0.7279447573784936,0.7915716117898531,34.0,48.0,0.2905982905982906
3914,0.737,0.0,3965.0,0.7280439842342841,0.7744279611001652,34.0,51.0,0.2905982905982906
3915,0.742,0.0,3970.0,0.7279973785134057,0.7584299057351103,34.0,55.0,0.2905982905982906
3916,0.739,0.0,3982.0,0.7279692456359883,0.7375192951439565,34.0,66.0,0.2905982905982906
3917,0.733,1.0,4001.0,0.727404490582652,0.7288379017806188,34.0,84.0,0.2905982905982906
3918,0.735,1.0,3997.0,0.7264810617888526,0.7289085562391681,34.0,79.0,0.2905982905982906
3919,0.73,1.0,3995.0,0.7254671662567231,0.7287970626220392,34.0,76.0,0.2905982905982906
3920,0.731,1.0,3994.0,0.7244084071783262,0.7285193903453832,34.0,74.0,0.2905982905982906
3921,0.732,1.0,3992.0,0.7232542175546712,0.7288934262886314,34.0,71.0,0.2905982905982906
3922,0.73,1.0,3992.0,0.722033723409605,0.728299510891783,34.0,70.0,0.2905982905982906
3923,0.729,1.0,3991.0,0.720700128276689,0.7284356683781432,34.0,68.0,0.2905982905982906
3924,0.723,1.0,3990.0,0.7192657697320619,0.7288158192400301,34.0,66.0,0.2905982905982906
3925,0.711,1.0,3990.0,0.7178175234041648,0.7284286895241295,34.0,65.0,0.2905982905982906
3926,0.676,1.0,3990.0,0.7164450273363143,0.7282352119140529,34.0,64.0,0.2905982905982906
3927,0.662,1.0,3990.0,0.7155219204610892,0.7286221255474654,34.0,63.0,0.2905982905982906
3928,0.651,1.0,3991.0,0.7152402486386116,0.7283404537249878,35.0,63.0,0.29914529914529914
3929,0.667,1.0,3992.0,0.7156765494221904,0.7287767545085666,35.0,63.0,0.29914529914529914
3930,0.697,1.0,3994.0,0.716700599489114,0.7284907840668526,35.0,64.0,0.29914529914529914
3931,0.723,1.0,3996.0,0.7179458348838686,0.7285570010038334,36.0,65.0,0.3076923076923077
3932,0.735,1.0,3998.0,0.7191361024560146,0.7286861519639828,36.0,66.0,0.3076923076923077
3933,0.73,1.0,4000.0,0.7201504362384559,0.7287454807956273,36.0,67.0,0.3076923076923077
3934,0.725,1.0,4002.0,0.7210555068481452,0.7287910469495995,37.0,68.0,0.3162393162393162
3935,0.725,1.0,4004.0,0.7219158377766832,0.728877823867992,37.0,69.0,0.3162393162393162
3936,0.726,1.0,4007.0,0.7227620694761996,0.7284012782101598,37.0,71.0,0.3162393162393162
3937,0.728,1.0,4009.0,0.7235493006986821,0.7286245885592463,38.0,72.0,0.3247863247863248
3938,0.728,1.0,4011.0,0.724286759162209,0.7288545182367168,38.0,73.0,0.3247863247863248
3939,0.729,1.0,4014.0,0.7249969617394433,0.7286968465897946,39.0,75.0,0.3333333333333333
3940,0.73,1.0,4017.0,0.7256588151903959,0.7286557219191804,39.0,77.0,0.3333333333333333
3941,0.735,1.0,4020.0,0.7262695555581364,0.7286970500084519,39.0,79.0,0.3333333333333333
3942,0.737,1.0,4023.0,0.726780609401235,0.7287468799059905,39.0,81.0,0.3333333333333333
3943,0.738,1.0,4026.0,0.7271755546746712,0.7287682337835232,40.0,83.0,0.3418803418803419
3944,0.738,1.0,4028.0,0.7274436741328614,0.7288770853308282,40.0,84.0,0.3418803418803419
3945,0.738,1.0,4030.0,0.727594563698853,0.7288846337770231,40.0,85.0,0.3418803418803419
3946,0.737,1.0,4031.0,0.7276255753217956,0.7289156453999657,41.0,85.0,0.3504273504273504
3947,0.74,1.0,4032.0,0.7275528836269374,0.7288429537051074,41.0,85.0,0.3504273504273504
3948,0.736,1.0,4031.0,0.7273323320496354,0.7289250111584874,41.0,83.0,0.3504273504273504
3949,0.736,1.0,4031.0,0.7270202259404244,0.7287898693947044,42.0,82.0,0.358974358974359
3950,0.738,1.0,4030.0,0.7266010693630173,0.7287858143683011,42.0,80.0,0.358974358974359
3951,0.739,1.0,4029.0,0.7260528239520692,0.7287500400079753,43.0,78.0,0.36752136752136755
3952,0.736,1.0,4028.0,0.7253577948970668,0.7286876912623829,43.0,76.0,0.36752136752136755
3953,0.736,1.0,4027.0,0.7245408745763371,0.728651857743394,44.0,74.0,0.37606837606837606
3954,0.733,1.0,4026.0,0.7235920961532325,0.7286673840137967,44.0,72.0,0.37606837606837606
3955,0.728,1.0,4025.0,0.7225331873336134,0.7287989748157914,45.0,70.0,0.38461538461538464
3956,0.724,1.0,4025.0,0.7214321277318294,0.7283941138231382,45.0,69.0,0.38461538461538464
3957,0.734,1.0,4024.0,0.7202740775710545,0.728869122128226,46.0,67.0,0.39316239316239315
3958,0.74,1.0,4024.0,0.7189891299414789,0.7285391794494471,47.0,66.0,0.4017094017094017
3959,0.741,1.0,4024.0,0.7174707282001422,0.728081894320107,47.0,65.0,0.4017094017094017
3960,0.737,1.0,4023.0,0.7156473905297422,0.7287475956161185,48.0,63.0,0.41025641025641024
3961,0.717,1.0,4023.0,0.7136259512611642,0.7281817346904712,48.0,62.0,0.41025641025641024
3962,0.701,1.0,4023.0,0.711567022562155,0.7277401152613849,49.0,61.0,0.4188034188034188
3963,0.713,1.0,4023.0,0.7096255052249472,0.7275956082240915,50.0,60.0,0.42735042735042733
3964,0.714,1.0,4023.0,0.70764649350135,0.7276132746115104,51.0,59.0,0.4358974358974359
3965,0.698,1.0,4023.0,0.7055968872611011,0.7277821996057238,51.0,58.0,0.4358974358974359
3966,0.69,1.0,4023.0,0.7036316908793089,0.7282820379288896,52.0,57.0,0.4444444444444444
3967,0.685,1.0,4024.0,0.7019089045362553,0.726559251585836,53.0,57.0,0.452991452991453
3968,0.681,0.0,4051.0,0.7011471372433126,0.7027398163521645,54.0,83.0,0.46153846153846156
3969,0.684,0.0,4047.0,0.6998080797641959,0.702505295820102,55.0,78.0,0.4700854700854701
3970,0.691,0.0,4044.0,0.6986352892434192,0.7027462724104762,55.0,74.0,0.4700854700854701
3971,0.691,0.0,4043.0,0.697564273013277,0.7026395608738412,56.0,72.0,0.47863247863247865
3972,0.689,0.0,4043.0,0.6965816201552019,0.702220828889162,57.0,71.0,0.48717948717948717
3973,0.688,0.0,4042.0,0.6956598921960742,0.702621878287383,58.0,69.0,0.49572649572649574
3974,0.687,0.0,4042.0,0.6948442579427356,0.7025797980441899,59.0,68.0,0.5042735042735043
3975,0.685,0.0,4042.0,0.6941157821109835,0.7027108266681549,60.0,67.0,0.5128205128205128
3976,0.683,0.0,4043.0,0.6935205753602989,0.7021156199174703,61.0,67.0,0.5213675213675214
3977,0.688,0.0,4043.0,0.693013479539544,0.7025635290475122,62.0,66.0,0.5299145299145299
3978,0.691,0.0,4044.0,0.6925979268643704,0.7021479763723386,63.0,66.0,0.5384615384615384
3979,0.69,0.0,4045.0,0.6922038635041261,0.7017539130120943,64.0,66.0,0.5470085470085471
3980,0.689,0.0,4045.0,0.6918018977692922,0.702413063889257,65.0,65.0,0.5555555555555556
3981,0.693,0.0,4046.0,0.6914711074219375,0.7020822735419022,66.0,65.0,0.5641025641025641
3982,0.694,0.0,4047.0,0.6911275012430029,0.7017386673629676,66.0,65.0,0.5641025641025641
3983,0.692,0.0,4047.0,0.6907157887499196,0.7025059733276582,67.0,64.0,0.5726495726495726
3984,0.686,0.0,4048.0,0.690334547890739,0.7021247324684776,68.0,64.0,0.5811965811965812
3985,0.683,0.0,4049.0,0.6900060047931713,0.7017961893709099,69.0,64.0,0.5897435897435898
3986,0.679,0.0,4050.0,0.6897596623562386,0.7015498469339773,70.0,64.0,0.5982905982905983
3987,0.685,0.0,4050.0,0.6895926609884939,0.7026928660748701,71.0,63.0,0.6068376068376068
3988,0.684,0.0,4051.0,0.6895261941728248,0.702626399259201,72.0,63.0,0.6153846153846154
3989,0.681,0.0,4052.0,0.6895259421162895,0.7026261472026657,73.0,63.0,0.6239316239316239
3990,0.679,0.0,4053.0,0.6896255663041433,0.7027257713905195,70.0,63.0,0.5982905982905983
3991,0.678,0.0,4055.0,0.6898941156097795,0.7016843001875182,69.0,64.0,0.5897435897435898
3992,0.671,0.0,4056.0,0.6902543752170627,0.7020445597948013,67.0,64.0,0.5726495726495726
3993,0.673,0.0,4057.0,0.6908332449630663,0.7026234295408049,68.0,64.0,0.5811965811965812
3994,0.679,0.0,4059.0,0.691655759577076,0.7022669256970407,67.0,65.0,0.5726495726495726
3995,0.691,0.0,4061.0,0.6926184692952971,0.7021685188032654,67.0,66.0,0.5726495726495726
3996,0.7,0.0,4063.0,0.6935992072427648,0.7021942517999362,67.0,67.0,0.5726495726495726
3997,0.706,0.0,4065.0,0.6945086488461089,0.7022441889475631,67.0,68.0,0.5726495726495726
3998,0.707,0.0,4067.0,0.6952902622018369,0.7022522482931457,67.0,69.0,0.5726495726495726
3999,0.709,0.0,4069.0,0.6959415548360219,0.7022073423181999,68.0,70.0,0.5811965811965812
4000,0.711,0.0,4070.0,0.6964262619839876,0.7026920494661656,68.0,70.0,0.5811965811965812
4001,0.712,0.0,4072.0,0.6967728157241568,0.702412024458117,68.0,71.0,0.5811965811965812
4002,0.712,0.0,4073.0,0.6969309844421996,0.7025701931761598,68.0,71.0,0.5811965811965812
4003,0.704,0.0,4074.0,0.6969239011374238,0.7025631098713839,69.0,71.0,0.5897435897435898
4004,0.696,0.0,4075.0,0.6968403789633356,0.7024795876972958,69.0,71.0,0.5897435897435898
4005,0.695,0.0,4076.0,0.6967682927125345,0.7024075014464947,70.0,71.0,0.5982905982905983
4006,0.693,0.0,4077.0,0.696718005961872,0.7023572146958321,71.0,71.0,0.6068376068376068
4007,0.694,0.0,4078.0,0.6967111525118506,0.7023503612458107,71.0,71.0,0.6068376068376068
4008,0.694,0.0,4079.0,0.6967365124538631,0.7023757211878233,72.0,71.0,0.6153846153846154
4009,0.689,0.0,4080.0,0.6967944803492188,0.7024336890831789,72.0,71.0,0.6153846153846154
4010,0.682,0.0,4081.0,0.6969412617772082,0.7025804705111683,73.0,71.0,0.6239316239316239
4011,0.689,0.0,4083.0,0.6972761332431352,0.7023514211036994,73.0,72.0,0.6239316239316239
4012,0.696,0.0,4085.0,0.6977036161901107,0.7022713752646185,74.0,73.0,0.6324786324786325
4013,0.696,0.0,4086.0,0.6981339520980068,0.7027017111725146,75.0,73.0,0.6410256410256411
4014,0.694,0.0,4088.0,0.698605942665681,0.7027169258327379,75.0,74.0,0.6410256410256411
4015,0.695,0.0,4091.0,0.6991420770640967,0.7024719734294128,76.0,76.0,0.6495726495726496
4016,0.699,0.0,4093.0,0.699709777338315,0.7027066840670995,77.0,77.0,0.6581196581196581
4017,0.705,0.0,4096.0,0.7002943933919131,0.7027218878422286,77.0,79.0,0.6581196581196581
4018,0.709,0.0,4100.0,0.7008307181560149,0.7026003616102949,78.0,82.0,0.6666666666666666
4019,0.712,0.0,4103.0,0.7012655897981148,0.7026990009960816,79.0,84.0,0.6752136752136753
4020,0.708,0.0,4106.0,0.7015794040345114,0.7027404671048645,79.0,86.0,0.6752136752136753
4021,0.712,1.0,4100.0,0.7017694235133798,0.7041969179636952,80.0,79.0,0.6837606837606838
4022,0.712,1.0,4093.0,0.7017784275752972,0.7074176363092574,81.0,71.0,0.6923076923076923
4023,0.709,1.0,4093.0,0.7017661791864416,0.7080319666686196,74.0,70.0,0.6324786324786325
4024,0.701,1.0,4098.0,0.7017730300889152,0.7058840132559722,71.0,74.0,0.6068376068376068
4025,0.699,1.0,4103.0,0.7017637654252415,0.7044609814811477,70.0,78.0,0.5982905982905983
4026,0.696,1.0,4107.0,0.7017621861814316,0.7037284566861871,69.0,81.0,0.5897435897435898
4027,0.696,1.0,4104.0,0.7017650237686954,0.7047619304974799,69.0,77.0,0.5897435897435898
4028,0.696,1.0,4099.0,0.7017772518585514,0.7074164605925116,68.0,71.0,0.5811965811965812
4029,0.698,1.0,4094.0,0.7017738225129388,0.7123849886329036,68.0,65.0,0.5811965811965812
4030,0.703,1.0,4091.0,0.7017939160273569,0.7179670087265868,67.0,61.0,0.5726495726495726
4031,0.703,1.0,4089.0,0.7017910382770864,0.7239763506217091,65.0,58.0,0.5555555555555556
4032,0.7,1.0,4089.0,0.7019087562133106,0.7265591032628913,65.0,57.0,0.5555555555555556
4033,0.694,1.0,4090.0,0.7021440783827353,0.726794425432316,66.0,57.0,0.5641025641025641
4034,0.694,1.0,4091.0,0.7024803083270634,0.7271306553766441,67.0,57.0,0.5726495726495726
4035,0.697,1.0,4092.0,0.7029207408230915,0.7275710878726722,68.0,57.0,0.5811965811965812
4036,0.701,1.0,4093.0,0.7034361837476085,0.7280865307971892,69.0,57.0,0.5897435897435898
4037,0.702,1.0,4094.0,0.7039872192109646,0.7286375662605453,70.0,57.0,0.5982905982905983
4038,0.7,1.0,4096.0,0.7046554722535205,0.7268407845981432,71.0,58.0,0.6068376068376068
4039,0.695,1.0,4097.0,0.7052980960843582,0.7274834084289808,72.0,58.0,0.6153846153846154
4040,0.694,1.0,4098.0,0.7060641924771631,0.7282495048217857,73.0,58.0,0.6239316239316239
4041,0.693,1.0,4100.0,0.7070495620818911,0.7270163431920514,74.0,59.0,0.6324786324786325
4042,0.699,1.0,4101.0,0.7081210491097661,0.7280878302199265,72.0,59.0,0.6153846153846154
4043,0.707,1.0,4103.0,0.7093705956025416,0.7273406986016859,69.0,60.0,0.5897435897435898
4044,0.713,1.0,4104.0,0.7105838609664786,0.728553963965623,68.0,60.0,0.5811965811965812
4045,0.716,1.0,4106.0,0.7118384721530615,0.7280115648522915,67.0,61.0,0.5726495726495726
4046,0.717,1.0,4108.0,0.7130472612368941,0.7276030446662011,67.0,62.0,0.5726495726495726
4047,0.72,1.0,4109.0,0.7141612240638271,0.7287170074931341,65.0,62.0,0.5555555555555556
4048,0.721,1.0,4111.0,0.7152642752544096,0.7283644803407858,65.0,63.0,0.5555555555555556
4049,0.722,1.0,4113.0,0.7163032859020262,0.7280934704797648,65.0,64.0,0.5555555555555556
4050,0.72,1.0,4115.0,0.7172782861098972,0.7278894522298619,64.0,65.0,0.5470085470085471
4051,0.718,1.0,4116.0,0.7181874082886319,0.7287985744085966,63.0,65.0,0.5384615384615384
4052,0.716,1.0,4118.0,0.719136941430675,0.7286869909386432,63.0,66.0,0.5384615384615384
4053,0.719,1.0,4120.0,0.7201223196668471,0.7287173642240186,63.0,67.0,0.5384615384615384
4054,0.726,1.0,4122.0,0.7211200097917716,0.7288555498932259,64.0,68.0,0.5470085470085471
4055,0.732,1.0,4125.0,0.722087922517126,0.7283537099993039,64.0,70.0,0.5470085470085471
4056,0.733,1.0,4127.0,0.7229205891643944,0.7285597978983546,64.0,71.0,0.5470085470085471
4057,0.735,1.0,4129.0,0.7236421379192899,0.7287174257798541,64.0,72.0,0.5470085470085471
4058,0.735,1.0,4131.0,0.7242374935490303,0.7288052526235381,65.0,73.0,0.5555555555555556
4059,0.733,1.0,4133.0,0.7247130830633972,0.7288240662304541,65.0,74.0,0.5555555555555556
4060,0.731,1.0,4135.0,0.7250966974156543,0.7287965822660056,66.0,75.0,0.5641025641025641
4061,0.729,1.0,4137.0,0.7254147175696664,0.7287446139349825,66.0,76.0,0.5641025641025641
4062,0.731,1.0,4139.0,0.7256929363037709,0.7286898430325554,67.0,77.0,0.5726495726495726
4063,0.73,1.0,4140.0,0.7259017158404351,0.7288986225692196,67.0,77.0,0.5726495726495726
4064,0.728,1.0,4142.0,0.7260767067608138,0.7287739228167199,68.0,78.0,0.5811965811965812
4065,0.729,1.0,4143.0,0.7262208520104322,0.7289180680663383,68.0,78.0,0.5811965811965812
4066,0.728,1.0,4145.0,0.7263446682114851,0.7287721626618006,69.0,79.0,0.5897435897435898
4067,0.725,1.0,4146.0,0.7264415112830426,0.728869005733358,69.0,79.0,0.5897435897435898
4068,0.724,1.0,4148.0,0.7265637425528413,0.7287484875581252,70.0,80.0,0.5982905982905983
4069,0.723,1.0,4149.0,0.7267068454397277,0.7288915904450116,70.0,80.0,0.5982905982905983
4070,0.723,1.0,4151.0,0.7268997399438905,0.728866010448646,70.0,81.0,0.5982905982905983
4071,0.721,1.0,4153.0,0.727136046647332,0.728905690101612,71.0,82.0,0.6068376068376068
4072,0.723,1.0,4156.0,0.7274460707240065,0.7288794819219733,71.0,84.0,0.6068376068376068
4073,0.725,1.0,4160.0,0.7278075990713317,0.7288525558346496,71.0,87.0,0.6068376068376068
4074,0.726,0.0,4142.0,0.7279519707792783,0.7356875108807326,71.0,68.0,0.6068376068376068
4075,0.727,0.0,4135.0,0.7279970162837387,0.7459671192828831,71.0,60.0,0.6068376068376068
4076,0.725,0.0,4131.0,0.7279834463161832,0.7584159735378877,71.0,55.0,0.6068376068376068
4077,0.725,0.0,4129.0,0.7280539466342424,0.7697995258135354,71.0,52.0,0.6068376068376068
4078,0.724,0.0,4127.0,0.7280271003408776,0.7852912693111012,71.0,49.0,0.6068376068376068
4079,0.722,0.0,4126.0,0.7281448647343433,0.7988413696358538,71.0,47.0,0.6068376068376068
4080,0.724,0.0,4125.0,0.7282514078030178,0.815531043483895,71.0,45.0,0.6068376068376068
4081,0.726,0.0,4124.0,0.7283062039315711,0.8360588405746294,71.0,43.0,0.6068376068376068
4082,0.733,0.0,4123.0,0.7282685434118016,0.8612964898847131,72.0,41.0,0.6153846153846154
4083,0.738,0.0,4122.0,0.7280381082539341,0.8922701409365409,72.0,39.0,0.6153846153846154
4084,0.744,0.0,4122.0,0.7281870883706887,0.9106671246846962,73.0,38.0,0.6239316239316239
4085,0.753,0.0,4122.0,0.7281603694693402,0.930915965373793,73.0,37.0,0.6239316239316239
4086,0.753,0.0,4123.0,0.7286046489739069,0.9313602448783597,73.0,37.0,0.6239316239316239
4087,0.75,0.0,4123.0,0.7281055741519975,0.9533895696013895,74.0,36.0,0.6324786324786325
4088,0.749,0.0,4124.0,0.7282086357673321,0.9534926312167241,74.0,36.0,0.6324786324786325
4089,0.748,0.0,4125.0,0.728174708649995,0.953458704099387,73.0,36.0,0.6239316239316239
4090,0.743,0.0,4126.0,0.7280083612758829,0.9532923567252749,73.0,36.0,0.6239316239316239
4091,0.749,0.0,4128.0,0.7285557077077571,0.9313113036122099,71.0,37.0,0.6068376068376068
4092,0.751,0.0,4129.0,0.7281821510579765,0.9309377469624293,71.0,37.0,0.6068376068376068
4093,0.747,0.0,4131.0,0.7283438887348244,0.9108239250488319,68.0,38.0,0.5811965811965812
4094,0.738,0.0,4133.0,0.7282910370850507,0.8925230697676575,67.0,39.0,0.5726495726495726
4095,0.736,0.0,4135.0,0.7281343706514167,0.8759432000657629,68.0,40.0,0.5811965811965812
4096,0.735,0.0,4138.0,0.728356528501753,0.8480816803273734,67.0,42.0,0.5726495726495726
4097,0.735,0.0,4140.0,0.727989862809545,0.8357424994526034,67.0,43.0,0.5726495726495726
4098,0.739,0.0,4144.0,0.7281981544091689,0.8067498265219585,66.0,46.0,0.5641025641025641
4099,0.738,0.0,4148.0,0.7280329600401022,0.7852971290103258,66.0,49.0,0.5641025641025641
4100,0.73,0.0,4155.0,0.7279800276222678,0.7584125548439723,64.0,55.0,0.5470085470085471
4101,0.729,0.0,4179.0,0.7279369086209659,0.730634124676872,64.0,78.0,0.5470085470085471
4102,0.73,1.0,4183.0,0.7269406372823459,0.7289069077871014,65.0,81.0,0.5555555555555556
4103,0.729,1.0,4180.0,0.725848857809698,0.7288457645384825,63.0,77.0,0.5384615384615384
4104,0.724,1.0,4178.0,0.7247204819563904,0.7288314651234473,62.0,74.0,0.5299145299145299
4105,0.721,1.0,4177.0,0.7236068109495195,0.7286820988100837,63.0,72.0,0.5384615384615384
4106,0.724,1.0,4176.0,0.7225159316824734,0.7287817191646514,62.0,70.0,0.5299145299145299
4107,0.725,1.0,4176.0,0.7214287036466491,0.728390689737958,62.0,69.0,0.5299145299145299
4108,0.725,1.0,4175.0,0.7202711780867777,0.7288662226439491,62.0,67.0,0.5299145299145299
4109,0.713,1.0,4175.0,0.7190886648693127,0.7286387143772809,62.0,66.0,0.5299145299145299
4110,0.708,1.0,4175.0,0.7179738034837286,0.7285849696036933,63.0,65.0,0.5384615384615384
4111,0.709,1.0,4175.0,0.7169697621368528,0.7287599467145914,63.0,64.0,0.5384615384615384
4112,0.708,1.0,4176.0,0.7161009380120954,0.727891122589834,64.0,64.0,0.5470085470085471
4113,0.704,1.0,4176.0,0.7152801264311565,0.7283803315175327,64.0,63.0,0.5470085470085471
4114,0.701,1.0,4177.0,0.7146366367180004,0.7277368418043766,65.0,63.0,0.5555555555555556
4115,0.699,1.0,4177.0,0.714097876773907,0.728653660203214,65.0,62.0,0.5555555555555556
4116,0.692,1.0,4178.0,0.7137842514466564,0.7283400348759633,65.0,62.0,0.5555555555555556
4117,0.689,1.0,4179.0,0.7137177985256566,0.7282735819549636,66.0,62.0,0.5641025641025641
4118,0.689,1.0,4180.0,0.7139318177848081,0.728487601214115,66.0,62.0,0.5641025641025641
4119,0.697,1.0,4182.0,0.7144805058048873,0.7275807108912635,67.0,63.0,0.5726495726495726
4120,0.702,1.0,4183.0,0.7151767987268247,0.7282770038132009,67.0,63.0,0.5726495726495726
4121,0.698,1.0,4185.0,0.7160711291212352,0.7278613136989738,68.0,64.0,0.5811965811965812
4122,0.697,1.0,4186.0,0.7171243450410811,0.7289145296188198,65.0,64.0,0.5555555555555556
4123,0.7,1.0,4189.0,0.7184854838510644,0.7280355333590326,63.0,66.0,0.5384615384615384
4124,0.713,1.0,4191.0,0.72001049487455,0.7286055394317215,62.0,67.0,0.5299145299145299
4125,0.721,1.0,4194.0,0.7216413079428368,0.7286032940341456,60.0,69.0,0.5128205128205128
4126,0.723,1.0,4197.0,0.7232709974342554,0.7289102061682156,59.0,71.0,0.5042735042735043
4127,0.728,1.0,4202.0,0.7249275697826929,0.7286274546330442,58.0,75.0,0.49572649572649574
4128,0.739,1.0,4208.0,0.7265348317138502,0.7287195767191341,58.0,80.0,0.49572649572649574
4129,0.743,0.0,4208.0,0.7279432399775495,0.7303707344278649,56.0,79.0,0.47863247863247865
4130,0.741,0.0,4183.0,0.7279472575539538,0.7655182788153175,57.0,53.0,0.48717948717948717
4131,0.741,0.0,4179.0,0.7281465066387616,0.7917733610501211,55.0,48.0,0.4700854700854701
4132,0.737,0.0,4176.0,0.7279670112922667,0.8249443842710192,56.0,44.0,0.47863247863247865
4133,0.737,0.0,4175.0,0.7280992397167199,0.8478243915423402,55.0,42.0,0.4700854700854701
4134,0.739,0.0,4174.0,0.7279982881946395,0.8758071176089857,56.0,40.0,0.47863247863247865
4135,0.74,0.0,4174.0,0.7282413933900193,0.892473426072626,54.0,39.0,0.46153846153846156
4136,0.738,0.0,4174.0,0.7283538474008437,0.9108338837148513,55.0,38.0,0.4700854700854701
4137,0.741,0.0,4174.0,0.7283591219383445,0.9311147178427973,55.0,37.0,0.4700854700854701
4138,0.74,0.0,4174.0,0.72822394227516,0.953507937724552,55.0,36.0,0.4700854700854701
4139,0.741,0.0,4174.0,0.7279579175261437,0.9782734680254681,55.0,35.0,0.4700854700854701
4140,0.743,0.0,4175.0,0.7285218939463218,0.9788374444456462,54.0,35.0,0.46153846153846156
4141,0.743,0.0,4175.0,0.728047580644446,1.0061759700881399,55.0,34.0,0.4700854700854701
4142,0.745,0.0,4176.0,0.7285079322384758,1.0066363216821697,54.0,34.0,0.46153846153846156
4143,0.746,0.0,4177.0,0.7288980465912873,1.0070264360349812,54.0,34.0,0.46153846153846156
4144,0.745,0.0,4177.0,0.7281047817391553,1.0371363255654817,54.0,33.0,0.46153846153846156
4145,0.744,0.0,4178.0,0.7283420271150798,1.0373735709414063,54.0,33.0,0.46153846153846156
4146,0.743,0.0,4179.0,0.7285141066475682,1.0375456504738947,54.0,33.0,0.46153846153846156
4147,0.738,0.0,4180.0,0.7286490070751858,1.0376805509015121,55.0,33.0,0.4700854700854701
4148,0.738,0.0,4181.0,0.7288089875889187,1.037840531415245,54.0,33.0,0.46153846153846156
4149,0.74,0.0,4182.0,0.7289885065818873,1.0380200504082138,54.0,33.0,0.46153846153846156
4150,0.742,0.0,4182.0,0.7279507280937574,1.0713191101230088,55.0,32.0,0.4700854700854701
4151,0.747,0.0,4183.0,0.7281032120824034,1.0714715941116548,55.0,32.0,0.4700854700854701
4152,0.749,0.0,4184.0,0.7281839827146711,1.0715523647439227,56.0,32.0,0.47863247863247865
4153,0.748,0.0,4185.0,0.7281684622561886,1.0715368442854403,56.0,32.0,0.47863247863247865
4154,0.748,0.0,4186.0,0.728062167762496,1.0714305497917476,57.0,32.0,0.48717948717948717
4155,0.743,0.0,4188.0,0.7290906469085137,1.0381221907348401,57.0,33.0,0.48717948717948717
4156,0.741,0.0,4189.0,0.7288762987080364,1.0379078425343629,57.0,33.0,0.48717948717948717
4157,0.739,0.0,4190.0,0.7286477650175184,1.0376793088438447,58.0,33.0,0.49572649572649574
4158,0.734,0.0,4191.0,0.7284310720750116,1.037462615901338,59.0,33.0,0.5042735042735043
4159,0.726,0.0,4192.0,0.7282798556812531,1.0373113995075796,60.0,33.0,0.5128205128205128
4160,0.73,0.0,4193.0,0.7282753065602834,1.0373068503866099,60.0,33.0,0.5128205128205128
4161,0.734,0.0,4194.0,0.7283695141100692,1.0374010579363957,61.0,33.0,0.5213675213675214
4162,0.738,0.0,4195.0,0.7285267251012246,1.037558268927551,62.0,33.0,0.5299145299145299
4163,0.738,0.0,4196.0,0.728702940692648,1.0377344845189744,63.0,33.0,0.5384615384615384
4164,0.738,0.0,4197.0,0.7289019079653456,1.037933451791672,64.0,33.0,0.5470085470085471
4165,0.735,0.0,4198.0,0.729121283517725,1.0381528273440515,65.0,33.0,0.5555555555555556
4166,0.738,0.0,4198.0,0.7281686817748194,1.071537063804071,66.0,32.0,0.5641025641025641
4167,0.743,0.0,4199.0,0.7284694734787978,1.0718378555080492,67.0,32.0,0.5726495726495726
4168,0.744,0.0,4200.0,0.7287396563136692,1.072108038342921,68.0,32.0,0.5811965811965812
4169,0.746,0.0,4201.0,0.728972386241229,1.0723407682704806,69.0,32.0,0.5897435897435898
4170,0.747,0.0,4202.0,0.729145858284926,1.0725142403141774,70.0,32.0,0.5982905982905983
4171,0.744,0.0,4203.0,0.7292413106301443,1.072609692659396,71.0,32.0,0.6068376068376068
4172,0.731,0.0,4203.0,0.7279724339624261,1.1094928584393724,72.0,31.0,0.6153846153846154
4173,0.725,0.0,4204.0,0.728129735296251,1.1096501597731971,73.0,31.0,0.6239316239316239
4174,0.725,0.0,4205.0,0.7284698012313534,1.1099902257082996,68.0,31.0,0.5811965811965812
4175,0.74,0.0,4206.0,0.7290046430872829,1.110525067564229,62.0,31.0,0.5299145299145299
4176,0.752,0.0,4206.0,0.7280926352370202,1.1520042179891825,57.0,30.0,0.48717948717948717
4177,0.754,0.0,4207.0,0.7285682451732356,1.152479827925398,53.0,30.0,0.452991452991453
4178,0.749,0.0,4208.0,0.7289399922546543,1.152851575006817,51.0,30.0,0.4358974358974359
4179,0.741,0.0,4209.0,0.7292599767737409,1.1531715595259033,48.0,30.0,0.41025641025641024
4180,0.743,0.0,4209.0,0.7279455229169807,1.1989583926416056,46.0,29.0,0.39316239316239315
4181,0.748,0.0,4210.0,0.7283230584204918,1.1993359281451168,46.0,29.0,0.39316239316239315
4182,0.748,0.0,4211.0,0.7286629293423643,1.1996757990669893,44.0,29.0,0.37606837606837606
4183,0.745,0.0,4212.0,0.728963458192947,1.199976327917572,41.0,29.0,0.3504273504273504
4184,0.747,0.0,4213.0,0.7292702419693968,1.2002831116940218,41.0,29.0,0.3504273504273504
4185,0.747,0.0,4214.0,0.7295694251883269,1.2005822949129519,40.0,29.0,0.3418803418803419
4186,0.744,0.0,4214.0,0.7280105246130936,1.2513581576404547,39.0,28.0,0.3333333333333333
4187,0.746,0.0,4215.0,0.7283343001976199,1.251681933224981,40.0,28.0,0.3418803418803419
4188,0.749,0.0,4216.0,0.7286705783897518,1.2520182114171128,40.0,28.0,0.3418803418803419
4189,0.751,0.0,4217.0,0.7289872832654096,1.2523349162927708,39.0,28.0,0.3333333333333333
4190,0.75,0.0,4218.0,0.729265711545434,1.252613344572795,39.0,28.0,0.3333333333333333
4191,0.753,0.0,4219.0,0.729511804604812,1.2528594376321731,38.0,28.0,0.3247863247863248
4192,0.756,0.0,4220.0,0.7297106639065281,1.2530582969338893,38.0,28.0,0.3247863247863248
4193,0.755,0.0,4221.0,0.7298209741585076,1.2531686071858688,38.0,28.0,0.3247863247863248
4194,0.752,0.0,4222.0,0.729846533311526,1.2531941663388872,37.0,28.0,0.3162393162393162
4195,0.754,0.0,4223.0,0.729836383672374,1.253184016699735,37.0,28.0,0.3162393162393162
4196,0.755,0.0,4224.0,0.7297604777536268,1.253108110780988,37.0,28.0,0.3162393162393162
4197,0.757,0.0,4225.0,0.7296065855989539,1.252954218626315,36.0,28.0,0.3076923076923077
4198,0.756,0.0,4226.0,0.7293312183985952,1.2526788514259564,35.0,28.0,0.29914529914529914
4199,0.754,0.0,4227.0,0.7289209428305358,1.2522685758578969,35.0,28.0,0.29914529914529914
4200,0.751,0.0,4228.0,0.7284553978771704,1.2518030309045316,35.0,28.0,0.29914529914529914
4201,0.749,0.0,4229.0,0.7279679776264585,1.2513156106538195,35.0,28.0,0.29914529914529914
4202,0.746,0.0,4231.0,0.7292959119446264,1.2003087816692513,34.0,29.0,0.2905982905982906
4203,0.738,0.0,4232.0,0.7287725950361486,1.1997854647607735,33.0,29.0,0.28205128205128205
4204,0.727,0.0,4233.0,0.728329702720512,1.199342572445137,33.0,29.0,0.28205128205128205
4205,0.728,0.0,4234.0,0.7280870152093126,1.1990998849339376,33.0,29.0,0.28205128205128205
4206,0.733,0.0,4235.0,0.7280111406442176,1.1990240103688425,32.0,29.0,0.27350427350427353
4207,0.741,0.0,4236.0,0.7280513821536868,1.199064251878312,32.0,29.0,0.27350427350427353
4208,0.747,0.0,4237.0,0.7280860791743229,1.1990989488989479,30.0,29.0,0.2564102564102564
4209,0.749,0.0,4238.0,0.7280893585081032,1.1991022282327282,29.0,29.0,0.24786324786324787
4210,0.75,0.0,4239.0,0.7280591143921885,1.1990719841168134,29.0,29.0,0.24786324786324787
4211,0.748,0.0,4240.0,0.7279662986624978,1.198979168387123,29.0,29.0,0.24786324786324787
4212,0.744,0.0,4242.0,0.7294456931864406,1.153357275938603,29.0,30.0,0.24786324786324787
4213,0.744,0.0,4243.0,0.7293158266908137,1.1532274094429762,29.0,30.0,0.24786324786324787
4214,0.746,0.0,4244.0,0.7291934829038712,1.1531050656560335,28.0,30.0,0.23931623931623933
4215,0.748,0.0,4245.0,0.7290291993102966,1.152940782062459,28.0,30.0,0.23931623931623933
4216,0.749,0.0,4246.0,0.7287949123101375,1.1527064950622998,28.0,30.0,0.23931623931623933
4217,0.749,0.0,4247.0,0.7284771307147516,1.1523887134669142,28.0,30.0,0.23931623931623933
4218,0.749,0.0,4248.0,0.7281196232257041,1.1520312059778666,28.0,30.0,0.23931623931623933
4219,0.746,0.0,4250.0,0.7291996538522412,1.1107200783291873,28.0,31.0,0.23931623931623933
4220,0.749,0.0,4251.0,0.7287526724747706,1.1102730969517167,28.0,31.0,0.23931623931623933
4221,0.748,0.0,4252.0,0.728192566515903,1.1097129909928491,28.0,31.0,0.23931623931623933
4222,0.744,0.0,4254.0,0.72871958741716,1.0720879694464116,28.0,32.0,0.23931623931623933
4223,0.746,0.0,4255.0,0.7279400958916673,1.071308477920919,28.0,32.0,0.23931623931623933
4224,0.745,0.0,4257.0,0.7281539571334275,1.037185500959754,28.0,33.0,0.23931623931623933
4225,0.744,0.0,4259.0,0.7281843810292766,1.0063127704729704,28.0,34.0,0.23931623931623933
4226,0.736,0.0,4261.0,0.7280595694962523,0.9783751199955767,28.0,35.0,0.23931623931623933
4227,0.721,0.0,4264.0,0.728588993229417,0.9313445891338697,28.0,37.0,0.23931623931623933
4228,0.73,0.0,4266.0,0.7283952382705177,0.9108752745845252,28.0,38.0,0.23931623931623933
4229,0.74,0.0,4268.0,0.7281862457630937,0.8924182784457004,28.0,39.0,0.23931623931623933
4230,0.743,0.0,4271.0,0.7283332571168821,0.8613612035897936,29.0,41.0,0.24786324786324787
4231,0.741,0.0,4274.0,0.7281837811658358,0.8359364178088942,29.0,43.0,0.24786324786324787
4232,0.738,0.0,4278.0,0.7281122469061294,0.806663919018919,29.0,46.0,0.24786324786324787
4233,0.738,0.0,4284.0,0.7280800330713494,0.7744640099372305,29.0,51.0,0.24786324786324787
4234,0.739,0.0,4296.0,0.72795530404002,0.7425110874693269,29.0,62.0,0.24786324786324787
4235,0.732,1.0,4317.0,0.7270455305449495,0.7288151739992295,29.0,82.0,0.24786324786324787
4236,0.728,1.0,4312.0,0.725592420092234,0.7289223164575501,29.0,76.0,0.24786324786324787
4237,0.711,1.0,4310.0,0.7241245614919061,0.7286923205664139,29.0,73.0,0.24786324786324787
4238,0.712,1.0,4309.0,0.7228098925153867,0.7284491012493469,29.0,71.0,0.24786324786324787
4239,0.721,1.0,4308.0,0.7216089077587304,0.7285708938500393,29.0,69.0,0.24786324786324787
4240,0.722,1.0,4308.0,0.7204360285968892,0.7281715686983434,29.0,68.0,0.24786324786324787
4241,0.724,1.0,4307.0,0.719213472702309,0.7287635222102772,30.0,66.0,0.2564102564102564
4242,0.722,1.0,4307.0,0.7179668025165216,0.7285779686364863,30.0,65.0,0.2564102564102564
4243,0.725,1.0,4307.0,0.7166753190253622,0.7284655036031008,30.0,64.0,0.2564102564102564
4244,0.729,1.0,4307.0,0.7152913390789291,0.7283915441653053,30.0,63.0,0.2564102564102564
4245,0.721,1.0,4307.0,0.7137550406778176,0.7283108241071246,30.0,62.0,0.2564102564102564
4246,0.712,1.0,4307.0,0.7121382427286815,0.7283113354279115,30.0,61.0,0.2564102564102564
4247,0.704,1.0,4307.0,0.7105229808098645,0.7284930838090089,30.0,60.0,0.2564102564102564
4248,0.718,1.0,4308.0,0.7090477262110824,0.7270178292102267,30.0,60.0,0.2564102564102564
4249,0.733,1.0,4308.0,0.7074122251236015,0.7273790062337618,31.0,59.0,0.26495726495726496
4250,0.735,1.0,4308.0,0.7054924154263831,0.7276777277710057,31.0,58.0,0.26495726495726496
4251,0.727,1.0,4308.0,0.7032447436783464,0.7278950907279271,31.0,57.0,0.26495726495726496
4252,0.71,0.0,4339.0,0.7016221047818241,0.7026670615451419,31.0,87.0,0.26495726495726496
4253,0.687,0.0,4328.0,0.699023275424492,0.7027231602748434,32.0,75.0,0.27350427350427353
4254,0.67,0.0,4325.0,0.6965819860536938,0.702221194787654,32.0,71.0,0.27350427350427353
4255,0.661,0.0,4323.0,0.694432275133706,0.7021678152351603,32.0,68.0,0.27350427350427353
4256,0.658,0.0,4322.0,0.6926664842168402,0.7022165337248084,33.0,66.0,0.28205128205128205
4257,0.664,0.0,4322.0,0.6913147422365284,0.7019259083564932,33.0,65.0,0.28205128205128205
4258,0.663,0.0,4322.0,0.6902664973921778,0.7020566819699164,34.0,64.0,0.2905982905982906
4259,0.661,0.0,4322.0,0.6895212136299629,0.7026214187163391,34.0,63.0,0.2905982905982906
4260,0.668,0.0,4323.0,0.6891417166909205,0.7022419217772967,35.0,63.0,0.29914529914529914
4261,0.671,0.0,4324.0,0.6890022230054047,0.7021024280917809,35.0,63.0,0.29914529914529914
4262,0.675,0.0,4325.0,0.6890674563040906,0.7021676613904668,36.0,63.0,0.3076923076923077
4263,0.681,0.0,4326.0,0.6892936762724292,0.7023938813588054,37.0,63.0,0.3162393162393162
4264,0.676,0.0,4327.0,0.6896165712175273,0.7027167763039035,37.0,63.0,0.3162393162393162
4265,0.677,0.0,4329.0,0.6901381289820303,0.7019283135597689,38.0,64.0,0.3247863247863248
4266,0.673,0.0,4330.0,0.6907665783928894,0.702556762970628,38.0,64.0,0.3247863247863248
4267,0.677,0.0,4332.0,0.6916350154127426,0.7022461815327073,39.0,65.0,0.3333333333333333
4268,0.676,0.0,4334.0,0.6926661083935538,0.702216157901522,39.0,66.0,0.3333333333333333
4269,0.682,0.0,4336.0,0.6938827171214192,0.7024777616785907,40.0,67.0,0.3418803418803419
4270,0.683,0.0,4339.0,0.6952575858536572,0.702219571944966,41.0,69.0,0.3504273504273504
4271,0.682,0.0,4342.0,0.6967612624620458,0.702400471196006,41.0,71.0,0.3504273504273504
4272,0.681,0.0,4346.0,0.6984384108851767,0.7025493940522336,42.0,74.0,0.358974358974359
4273,0.687,0.0,4352.0,0.700316270977746,0.7027437654280614,43.0,79.0,0.36752136752136755
4274,0.697,1.0,4334.0,0.7017705769620547,0.7197406799611991,43.0,60.0,0.36752136752136755
4275,0.708,1.0,4332.0,0.7035814953701186,0.7282318424196993,44.0,57.0,0.37606837606837606
4276,0.715,1.0,4334.0,0.7056500502970438,0.7278353626416664,45.0,58.0,0.38461538461538464
4277,0.719,1.0,4336.0,0.7076154992181078,0.7275822803282682,46.0,59.0,0.39316239316239315
4278,0.721,1.0,4338.0,0.7094555466045851,0.7274256496037295,46.0,60.0,0.39316239316239315
4279,0.722,1.0,4340.0,0.7111683248292571,0.727341417528487,47.0,61.0,0.4017094017094017
4280,0.722,1.0,4341.0,0.7127069628061315,0.7288800555053615,48.0,61.0,0.41025641025641024
4281,0.724,1.0,4343.0,0.7142025597919506,0.7287583432212575,49.0,62.0,0.4188034188034188
4282,0.729,1.0,4345.0,0.7155897713092096,0.7286899763955859,50.0,63.0,0.42735042735042733
4283,0.729,1.0,4347.0,0.7168271873783101,0.7286173719560487,51.0,64.0,0.4358974358974359
4284,0.727,1.0,4349.0,0.7179294492596011,0.7285406153795658,51.0,65.0,0.4358974358974359
4285,0.73,1.0,4351.0,0.7189322396774808,0.728482289185449,52.0,66.0,0.4444444444444444
4286,0.73,1.0,4353.0,0.7198132663290506,0.728408310886222,53.0,67.0,0.452991452991453
4287,0.732,1.0,4355.0,0.7205809441974677,0.7283164842989219,54.0,68.0,0.46153846153846156
4288,0.734,1.0,4356.0,0.7211948932012526,0.7289304333027069,55.0,68.0,0.4700854700854701
4289,0.738,1.0,4358.0,0.7216955023032605,0.7286574883945693,56.0,69.0,0.47863247863247865
4290,0.733,1.0,4360.0,0.7220145216079741,0.7282803090901521,57.0,70.0,0.48717948717948717
4291,0.73,1.0,4361.0,0.7221904368890738,0.7284562243712518,58.0,70.0,0.49572649572649574
4292,0.729,1.0,4362.0,0.7222819173747841,0.7285477048569621,59.0,70.0,0.5042735042735043
4293,0.732,1.0,4363.0,0.7223011565817157,0.7285669440638937,60.0,70.0,0.5128205128205128
4294,0.734,1.0,4364.0,0.7222151074967242,0.7284808949789022,61.0,70.0,0.5213675213675214
4295,0.73,1.0,4365.0,0.7220006379656039,0.7282664254477819,62.0,70.0,0.5299145299145299
4296,0.726,1.0,4365.0,0.7216759170010041,0.7286379030923129,62.0,69.0,0.5299145299145299
4297,0.728,1.0,4366.0,0.7213295329328316,0.7282915190241405,63.0,69.0,0.5384615384615384
4298,0.728,1.0,4366.0,0.720885288527138,0.7286208286285922,64.0,68.0,0.5470085470085471
4299,0.72,1.0,4367.0,0.7203914682508696,0.7281270083523239,65.0,68.0,0.5555555555555556
4300,0.718,1.0,4367.0,0.7198754687906224,0.7284705133477938,66.0,67.0,0.5641025641025641
4301,0.718,1.0,4367.0,0.7193803078724926,0.7289303573804609,67.0,66.0,0.5726495726495726
4302,0.718,1.0,4368.0,0.718936773896632,0.7284868234046002,68.0,66.0,0.5811965811965812
4303,0.723,1.0,4369.0,0.7185072272750175,0.7280572767829857,69.0,66.0,0.5897435897435898
4304,0.723,1.0,4369.0,0.7179951450242184,0.7286063111441831,70.0,65.0,0.5982905982905983
4305,0.721,1.0,4370.0,0.7174679432496722,0.7280791093696369,71.0,65.0,0.6068376068376068
4306,0.715,1.0,4370.0,0.7168650554217366,0.7286552399994752,72.0,64.0,0.6153846153846154
4307,0.707,1.0,4371.0,0.7163284377764526,0.7281186223541912,66.0,64.0,0.5641025641025641
4308,0.714,1.0,4372.0,0.7158997139062435,0.7276898984839821,61.0,64.0,0.5213675213675214
4309,0.719,1.0,4372.0,0.7154513845993709,0.7285515896857471,61.0,63.0,0.5213675213675214
4310,0.719,1.0,4373.0,0.715013751754059,0.7281139568404352,61.0,63.0,0.5213675213675214
4311,0.719,1.0,4374.0,0.7145371845559657,0.7276373896423419,62.0,63.0,0.5299145299145299
4312,0.717,1.0,4374.0,0.7139656072821794,0.7285213907114864,62.0,62.0,0.5299145299145299
4313,0.716,1.0,4375.0,0.7134166990421923,0.7279724824714993,63.0,62.0,0.5384615384615384
4314,0.71,1.0,4376.0,0.7128451855653931,0.7274009689947001,64.0,62.0,0.5470085470085471
4315,0.713,1.0,4376.0,0.7122541255132578,0.7284272182124878,65.0,61.0,0.5555555555555556
4316,0.716,1.0,4377.0,0.711718619122217,0.727891711821447,66.0,61.0,0.5641025641025641
4317,0.717,1.0,4378.0,0.7111425217988572,0.7273156144980871,66.0,61.0,0.5641025641025641
4318,0.717,1.0,4378.0,0.7104433480788157,0.7284134510779601,67.0,60.0,0.5726495726495726
4319,0.717,1.0,4379.0,0.7097433922417363,0.7277134952408807,68.0,60.0,0.5811965811965812
4320,0.713,1.0,4379.0,0.7088979448156874,0.7288647259258477,69.0,59.0,0.5897435897435898
4321,0.704,1.0,4380.0,0.7080868912114638,0.7280536723216242,70.0,59.0,0.5982905982905983
4322,0.702,1.0,4381.0,0.7073290345542229,0.7272958156643833,67.0,59.0,0.5726495726495726
4323,0.709,1.0,4381.0,0.7065586035595218,0.7287439159041444,66.0,58.0,0.5641025641025641
4324,0.712,1.0,4382.0,0.705849670422281,0.7280349827669036,66.0,58.0,0.5641025641025641
4325,0.709,1.0,4383.0,0.7050811459733879,0.7272664583180105,65.0,58.0,0.5555555555555556
4326,0.706,1.0,4383.0,0.7041894217541795,0.7288397688037602,65.0,57.0,0.5555555555555556
4327,0.701,1.0,4384.0,0.7033755326937616,0.7280258797433423,65.0,57.0,0.5555555555555556
4328,0.696,1.0,4385.0,0.7025977039718689,0.7272480510214496,65.0,57.0,0.5555555555555556
4329,0.691,1.0,4386.0,0.7019028356288357,0.7265531826784164,65.0,57.0,0.5555555555555556
4330,0.688,1.0,4394.0,0.7017977884965687,0.7135879730743073,65.0,64.0,0.5555555555555556
4331,0.688,1.0,4416.0,0.7017648777262091,0.7030549478043792,66.0,85.0,0.5641025641025641
4332,0.686,0.0,4418.0,0.7015167214175538,0.702677784487907,65.0,86.0,0.5555555555555556
4333,0.687,0.0,4418.0,0.7014323293156333,0.7027223993938033,66.0,85.0,0.5641025641025641
4334,0.688,0.0,4420.0,0.7015179705959489,0.702679033666302,64.0,86.0,0.5470085470085471
4335,0.691,0.0,4423.0,0.7017575698496021,0.7026980309365881,65.0,88.0,0.5555555555555556
4336,0.691,1.0,4401.0,0.7017674990808156,0.7123786652007803,64.0,65.0,0.5470085470085471
4337,0.696,1.0,4395.0,0.7018306117916,0.7240159241362226,65.0,58.0,0.5555555555555556
4338,0.697,1.0,4395.0,0.7022920827617536,0.7269424298113343,65.0,57.0,0.5555555555555556
4339,0.703,1.0,4396.0,0.7029109560396805,0.7275613030892611,64.0,57.0,0.5470085470085471
4340,0.701,1.0,4397.0,0.7035377919084095,0.7281881389579902,64.0,57.0,0.5470085470085471
4341,0.702,1.0,4398.0,0.7042020758320868,0.7288524228816675,64.0,57.0,0.5470085470085471
4342,0.702,1.0,4400.0,0.7049879755801183,0.7271732879247409,64.0,58.0,0.5470085470085471
4343,0.708,1.0,4401.0,0.7057289710808847,0.7279142834255073,64.0,58.0,0.5470085470085471
4344,0.71,1.0,4402.0,0.7064536537578527,0.7286389661024754,65.0,58.0,0.5555555555555556
4345,0.706,1.0,4404.0,0.7072266579832888,0.7271934390934491,65.0,59.0,0.5555555555555556
4346,0.703,1.0,4405.0,0.7079421679657916,0.7279089490759519,65.0,59.0,0.5555555555555556
4347,0.701,1.0,4406.0,0.708720514585143,0.7286872956953033,65.0,59.0,0.5555555555555556
4348,0.701,1.0,4408.0,0.709663303308627,0.7276334063077714,66.0,60.0,0.5641025641025641
4349,0.705,1.0,4409.0,0.7106376491290165,0.7286077521281609,66.0,60.0,0.5641025641025641
4350,0.711,1.0,4411.0,0.7117422314564072,0.7279153241556372,67.0,61.0,0.5726495726495726
4351,0.72,1.0,4413.0,0.7128545585828918,0.7274103420121988,67.0,62.0,0.5726495726495726
4352,0.727,1.0,4414.0,0.7138374276817943,0.7283932111111012,67.0,62.0,0.5726495726495726
4353,0.729,1.0,4416.0,0.7147309207856767,0.7278311258720529,67.0,63.0,0.5726495726495726
4354,0.727,1.0,4417.0,0.7154210520738705,0.7285212571602467,68.0,63.0,0.5811965811965812
4355,0.725,1.0,4419.0,0.7160341431931474,0.727824327770886,68.0,64.0,0.5811965811965812
4356,0.72,1.0,4420.0,0.7165062735708917,0.7282964581486303,68.0,64.0,0.5811965811965812
4357,0.718,1.0,4421.0,0.7169443132506421,0.7287344978283807,69.0,64.0,0.5897435897435898
4358,0.712,1.0,4423.0,0.7174172935924683,0.728028459712433,69.0,65.0,0.5897435897435898
4359,0.709,1.0,4424.0,0.7179126679946382,0.7285238341146029,70.0,65.0,0.5982905982905983
4360,0.709,1.0,4426.0,0.7185492877278774,0.7280993372358456,70.0,66.0,0.5982905982905983
4361,0.709,1.0,4427.0,0.7192579019023242,0.7288079514102924,70.0,66.0,0.5982905982905983
4362,0.709,1.0,4429.0,0.7201183964084372,0.7287134409656086,70.0,67.0,0.5982905982905983
4363,0.711,1.0,4431.0,0.7211024241287143,0.7288379642301686,70.0,68.0,0.5982905982905983
4364,0.715,1.0,4434.0,0.7222237173355315,0.7284895048177095,70.0,70.0,0.5982905982905983
4365,0.72,1.0,4437.0,0.7234175882555063,0.7284928761160705,69.0,72.0,0.5897435897435898
4366,0.72,1.0,4440.0,0.724643372811095,0.728754355978152,68.0,74.0,0.5811965811965812
4367,0.724,1.0,4444.0,0.7259278523425154,0.7289247590712999,66.0,77.0,0.5641025641025641
4368,0.722,1.0,4451.0,0.7272454314342999,0.7288381105431518,66.0,83.0,0.5641025641025641
4369,0.721,0.0,4429.0,0.7279859549909211,0.7459560579900655,65.0,60.0,0.5555555555555556
4370,0.725,0.0,4419.0,0.7279945378309868,0.7852587068012103,64.0,49.0,0.5470085470085471
4371,0.734,0.0,4415.0,0.7280590159733968,0.8250363889521494,64.0,44.0,0.5470085470085471
4372,0.729,0.0,4413.0,0.7282460995639594,0.8612740460368709,63.0,41.0,0.5384615384615384
4373,0.727,0.0,4411.0,0.7280162949642619,0.9104963312782695,63.0,38.0,0.5384615384615384
4374,0.732,0.0,4410.0,0.72809465674079,0.953378652190182,62.0,36.0,0.5299145299145299
4375,0.736,0.0,4410.0,0.7288268916374061,0.9791424421367305,62.0,35.0,0.5299145299145299
4376,0.742,0.0,4409.0,0.7284108267810783,1.0374423706074047,61.0,33.0,0.5213675213675214
4377,0.75,0.0,4409.0,0.7288055098052306,1.072173891834482,61.0,32.0,0.5213675213675214
4378,0.757,0.0,4409.0,0.7289646984938856,1.110485122970832,60.0,31.0,0.5128205128205128
4379,0.762,0.0,4409.0,0.7288123838324723,1.1527239665846347,59.0,30.0,0.5042735042735043
4380,0.761,0.0,4409.0,0.728291317880309,1.199304187604934,59.0,29.0,0.5042735042735043
4381,0.759,0.0,4410.0,0.7292165031525998,1.2002293728772249,58.0,29.0,0.49572649572649574
4382,0.759,0.0,4410.0,0.728182047758936,1.2515296807862972,58.0,28.0,0.49572649572649574
4383,0.758,0.0,4411.0,0.7288049095241147,1.252152542551476,57.0,28.0,0.48717948717948717
4384,0.755,0.0,4412.0,0.7293006008189316,1.2526482338462928,57.0,28.0,0.48717948717948717
4385,0.754,0.0,4413.0,0.7297104416728769,1.253058074700238,57.0,28.0,0.48717948717948717
4386,0.753,0.0,4413.0,0.7280531125951446,1.3095504826255457,57.0,27.0,0.48717948717948717
4387,0.752,0.0,4414.0,0.7283344069106441,1.3098317769410452,58.0,27.0,0.49572649572649574
4388,0.752,0.0,4415.0,0.728586573344819,1.3100839433752203,59.0,27.0,0.5042735042735043
4389,0.752,0.0,4416.0,0.7288381220517184,1.3103354920821195,60.0,27.0,0.5128205128205128
4390,0.754,0.0,4417.0,0.7290710365321521,1.3105684065625534,61.0,27.0,0.5213675213675214
4391,0.757,0.0,4418.0,0.7292577251701376,1.310755095200539,62.0,27.0,0.5299145299145299
4392,0.753,0.0,4419.0,0.7293733560267366,1.3108707260571377,63.0,27.0,0.5384615384615384
4393,0.753,0.0,4420.0,0.7294676369999047,1.3109650070303058,64.0,27.0,0.5470085470085471
4394,0.755,0.0,4421.0,0.729533658323579,1.31103102835398,64.0,27.0,0.5470085470085471
4395,0.759,0.0,4422.0,0.7295471768845734,1.3110445469149745,63.0,27.0,0.5384615384615384
4396,0.76,0.0,4423.0,0.7294608379322027,1.3109582079626039,63.0,27.0,0.5384615384615384
4397,0.753,0.0,4424.0,0.7292683860073639,1.310765756037765,63.0,27.0,0.5384615384615384
4398,0.749,0.0,4425.0,0.7290488270968346,1.3105461971272359,63.0,27.0,0.5384615384615384
4399,0.747,0.0,4426.0,0.7288355966666829,1.310332966697084,64.0,27.0,0.5470085470085471
4400,0.751,0.0,4427.0,0.7286543626858294,1.3101517327162306,64.0,27.0,0.5470085470085471
4401,0.754,0.0,4428.0,0.7284559125377048,1.309953282568106,63.0,27.0,0.5384615384615384
4402,0.755,0.0,4429.0,0.728201647374856,1.3096990174052572,63.0,27.0,0.5384615384615384
4403,0.754,0.0,4431.0,0.7299600036048994,1.2533076366322606,64.0,28.0,0.5470085470085471
4404,0.752,0.0,4432.0,0.72958510128296,1.252932734310321,64.0,28.0,0.5470085470085471
4405,0.754,0.0,4433.0,0.7291693817995513,1.2525170148269122,64.0,28.0,0.5470085470085471
4406,0.754,0.0,4434.0,0.7286832493658537,1.252030882393215,64.0,28.0,0.5470085470085471
4407,0.753,0.0,4435.0,0.7281210270642592,1.2514686600916203,65.0,28.0,0.5555555555555556
4408,0.749,0.0,4437.0,0.7293564810335698,1.2003693507581947,65.0,29.0,0.5555555555555556
4409,0.743,0.0,4438.0,0.7286938930466866,1.1997067627713116,60.0,29.0,0.5128205128205128
4410,0.73,0.0,4439.0,0.7280592660547054,1.1990721357793304,57.0,29.0,0.48717948717948717
4411,0.726,0.0,4441.0,0.7292697737253928,1.1531813564775553,55.0,30.0,0.4700854700854701
4412,0.725,0.0,4442.0,0.7290070407579348,1.1529186235100972,55.0,30.0,0.4700854700854701
4413,0.725,0.0,4443.0,0.7289595106554624,1.152871093407625,52.0,30.0,0.4444444444444444
4414,0.724,0.0,4444.0,0.7291268784170855,1.153038461169248,51.0,30.0,0.4358974358974359
4415,0.728,0.0,4445.0,0.7295201067934767,1.1534316895456391,50.0,30.0,0.42735042735042733
4416,0.74,0.0,4445.0,0.7284101675541456,1.1994230372787706,48.0,29.0,0.41025641025641024
4417,0.744,0.0,4446.0,0.7290480668323365,1.2000609365569614,47.0,29.0,0.4017094017094017
4418,0.745,0.0,4447.0,0.7297050159480304,1.2007178856726552,45.0,29.0,0.38461538461538464
4419,0.748,0.0,4447.0,0.7285052989198453,1.2518529319472065,43.0,28.0,0.36752136752136755
4420,0.752,0.0,4448.0,0.7291741012503108,1.2525217342776718,41.0,28.0,0.3504273504273504
4421,0.753,0.0,4449.0,0.7298005496596269,1.2531481826869881,40.0,28.0,0.3418803418803419
4422,0.753,0.0,4449.0,0.7282901329498037,1.3097875029802049,40.0,27.0,0.3418803418803419
4423,0.752,0.0,4450.0,0.7288189095918711,1.3103162796222723,38.0,27.0,0.3247863247863248
4424,0.753,0.0,4451.0,0.7293184327932859,1.310815802823687,37.0,27.0,0.3162393162393162
4425,0.755,0.0,4452.0,0.7297858961619569,1.311283266192358,37.0,27.0,0.3162393162393162
4426,0.754,0.0,4453.0,0.7302012110006175,1.3116985810310187,36.0,27.0,0.3076923076923077
4427,0.755,0.0,4453.0,0.7282752310856456,1.3743834200083134,35.0,26.0,0.29914529914529914
4428,0.755,0.0,4454.0,0.7286129380636306,1.3747211269862984,35.0,26.0,0.29914529914529914
4429,0.754,0.0,4455.0,0.7289203194803537,1.3750285084030216,33.0,26.0,0.28205128205128205
4430,0.754,0.0,4456.0,0.7292057807710532,1.375313969693721,34.0,26.0,0.2905982905982906
4431,0.755,0.0,4457.0,0.7294690931584329,1.3755772820811007,33.0,26.0,0.28205128205128205
4432,0.756,0.0,4458.0,0.7297085323064636,1.3758167212291315,33.0,26.0,0.28205128205128205
4433,0.756,0.0,4459.0,0.7299125870265385,1.3760207759492062,33.0,26.0,0.28205128205128205
4434,0.755,0.0,4460.0,0.7300835245933253,1.3761917135159931,32.0,26.0,0.27350427350427353
4435,0.754,0.0,4461.0,0.7302377559936479,1.3763459449163158,32.0,26.0,0.27350427350427353
4436,0.753,0.0,4462.0,0.730388446077785,1.3764966350004528,33.0,26.0,0.28205128205128205
4437,0.754,0.0,4462.0,0.7279710887311973,1.4458690764230506,32.0,25.0,0.27350427350427353
4438,0.754,0.0,4463.0,0.7281172211578606,1.4460152088497138,32.0,25.0,0.27350427350427353
4439,0.754,0.0,4464.0,0.728264815553252,1.4461628032451053,32.0,25.0,0.27350427350427353
4440,0.753,0.0,4465.0,0.7284196681066057,1.446317655798459,32.0,25.0,0.27350427350427353
4441,0.754,0.0,4466.0,0.7285840309636671,1.4464820186555203,32.0,25.0,0.27350427350427353
4442,0.755,0.0,4467.0,0.7287557982471689,1.446653785939022,32.0,25.0,0.27350427350427353
4443,0.756,0.0,4468.0,0.7289148099810339,1.446812797672887,32.0,25.0,0.27350427350427353
4444,0.757,0.0,4469.0,0.7290547445795631,1.4469527322714164,31.0,25.0,0.26495726495726496
4445,0.757,0.0,4470.0,0.7291694463299336,1.4470674340217868,30.0,25.0,0.2564102564102564
4446,0.757,0.0,4471.0,0.7292526328751152,1.4471506205669684,30.0,25.0,0.2564102564102564
4447,0.756,0.0,4472.0,0.7293120296488849,1.447210017340738,29.0,25.0,0.24786324786324787
4448,0.757,0.0,4473.0,0.7293631861369686,1.4472611738288217,29.0,25.0,0.24786324786324787
4449,0.758,0.0,4474.0,0.7294034942956475,1.4473014819875007,28.0,25.0,0.23931623931623933
4450,0.756,0.0,4475.0,0.729412089173994,1.4473100768658473,28.0,25.0,0.23931623931623933
4451,0.755,0.0,4476.0,0.7294150669033403,1.4473130545951935,27.0,25.0,0.23076923076923078
4452,0.755,0.0,4477.0,0.7294201711112638,1.447318158803117,27.0,25.0,0.23076923076923078
4453,0.754,0.0,4478.0,0.7294274585111857,1.447325446203039,26.0,25.0,0.2222222222222222
4454,0.753,0.0,4479.0,0.7294443427748658,1.447342330466719,26.0,25.0,0.2222222222222222
4455,0.755,0.0,4480.0,0.7294855231857607,1.4473835108776139,26.0,25.0,0.2222222222222222
4456,0.755,0.0,4481.0,0.7295216782608456,1.4474196659526988,26.0,25.0,0.2222222222222222
4457,0.754,0.0,4482.0,0.7295600108620084,1.4474579985538616,26.0,25.0,0.2222222222222222
4458,0.755,0.0,4483.0,0.7296120580181505,1.4475100457100036,26.0,25.0,0.2222222222222222
4459,0.755,0.0,4484.0,0.7296672869198959,1.447565274611749,26.0,25.0,0.2222222222222222
4460,0.755,0.0,4485.0,0.7297338680426312,1.4476318557344845,26.0,25.0,0.2222222222222222
4461,0.756,0.0,4486.0,0.7298057400377786,1.4477037277296319,26.0,25.0,0.2222222222222222
4462,0.757,0.0,4487.0,0.7298650335510275,1.4477630212428807,25.0,25.0,0.21367521367521367
4463,0.755,0.0,4488.0,0.7299156542478349,1.447813641939688,25.0,25.0,0.21367521367521367
4464,0.756,0.0,4489.0,0.7299660288428556,1.4478640165347088,25.0,25.0,0.21367521367521367
4465,0.758,0.0,4490.0,0.7300124070815317,1.447910394773385,25.0,25.0,0.21367521367521367
4466,0.757,0.0,4491.0,0.7300293036449425,1.4479272913367955,25.0,25.0,0.21367521367521367
4467,0.758,0.0,4492.0,0.7300351963636695,1.4479331840555227,25.0,25.0,0.21367521367521367
4468,0.756,0.0,4493.0,0.7300043038004543,1.4479022914923076,25.0,25.0,0.21367521367521367
4469,0.755,0.0,4494.0,0.7299649282246012,1.4478629159164544,25.0,25.0,0.21367521367521367
4470,0.755,0.0,4495.0,0.7299349222207002,1.4478329099125533,25.0,25.0,0.21367521367521367
4471,0.753,0.0,4496.0,0.7299181086402151,1.4478160963320683,25.0,25.0,0.21367521367521367
4472,0.753,0.0,4497.0,0.7299297217489766,1.4478277094408298,25.0,25.0,0.21367521367521367
4473,0.754,0.0,4498.0,0.729973668991988,1.4478716566838412,25.0,25.0,0.21367521367521367
4474,0.757,0.0,4499.0,0.7300245917600386,1.447922579451892,25.0,25.0,0.21367521367521367
4475,0.757,0.0,4500.0,0.7300523674156518,1.447950355107505,25.0,25.0,0.21367521367521367
4476,0.758,0.0,4501.0,0.730056548895131,1.4479545365869844,25.0,25.0,0.21367521367521367
4477,0.758,0.0,4502.0,0.7300253158661558,1.447923303558009,25.0,25.0,0.21367521367521367
4478,0.758,0.0,4503.0,0.7299500087920561,1.4478479964839093,25.0,25.0,0.21367521367521367
4479,0.757,0.0,4504.0,0.7298245011529172,1.4477224888447704,25.0,25.0,0.21367521367521367
4480,0.757,0.0,4505.0,0.7296075009892962,1.4475054886811494,25.0,25.0,0.21367521367521367
4481,0.755,0.0,4506.0,0.7292784608180485,1.4471764485099017,25.0,25.0,0.21367521367521367
4482,0.755,0.0,4507.0,0.7288820178916777,1.446780005583531,25.0,25.0,0.21367521367521367
4483,0.755,0.0,4508.0,0.7285074718682265,1.4464054595600797,25.0,25.0,0.21367521367521367
4484,0.755,0.0,4509.0,0.7281635077207809,1.446061495412634,25.0,25.0,0.21367521367521367
4485,0.757,0.0,4511.0,0.7303445886226485,1.3764527775453164,25.0,26.0,0.21367521367521367
4486,0.757,0.0,4512.0,0.7299762809923571,1.376084469915025,25.0,26.0,0.21367521367521367
4487,0.755,0.0,4513.0,0.7295454096196721,1.37565359854234,25.0,26.0,0.21367521367521367
4488,0.757,0.0,4514.0,0.7290921930822013,1.375200382004869,25.0,26.0,0.21367521367521367
4489,0.755,0.0,4515.0,0.7285873330767687,1.3746955219994366,25.0,26.0,0.21367521367521367
4490,0.755,0.0,4516.0,0.7280382607325586,1.3741464496552265,25.0,26.0,0.21367521367521367
4491,0.754,0.0,4518.0,0.729665908155881,1.311163278186282,25.0,27.0,0.21367521367521367
4492,0.755,0.0,4519.0,0.7290249681867623,1.3105223382171634,25.0,27.0,0.21367521367521367
4493,0.752,0.0,4520.0,0.7283203644198797,1.3098177344502808,25.0,27.0,0.21367521367521367
4494,0.751,0.0,4522.0,0.7295993757980448,1.252947008825406,25.0,28.0,0.21367521367521367
4495,0.752,0.0,4523.0,0.7288072330705231,1.252154866097884,25.0,28.0,0.21367521367521367
4496,0.754,0.0,4524.0,0.7279722409083377,1.2513198739356988,25.0,28.0,0.21367521367521367
4497,0.754,0.0,4526.0,0.7288442094737273,1.1998570791983523,25.0,29.0,0.21367521367521367
4498,0.755,0.0,4528.0,0.7293556054615965,1.1532671882137588,25.0,30.0,0.21367521367521367
4499,0.752,0.0,4529.0,0.7281084132039106,1.152019995956073,25.0,30.0,0.21367521367521367
4500,0.75,0.0,4531.0,0.7281738255153474,1.1096942499922937,25.0,31.0,0.21367521367521367
4501,0.748,0.0,4533.0,0.7280911008819566,1.0714594829112083,25.0,32.0,0.21367521367521367
4502,0.746,0.0,4536.0,0.7289232276583395,1.0070516171020332,25.0,34.0,0.21367521367521367
4503,0.742,0.0,4538.0,0.7283408391875406,0.978656389686865,25.0,35.0,0.21367521367521367
4504,0.737,0.0,4541.0,0.7283329003732792,0.931088496277732,25.0,37.0,0.21367521367521367
4505,0.719,0.0,4545.0,0.7284293261239042,0.8762381555382504,25.0,40.0,0.21367521367521367
4506,0.698,0.0,4549.0,0.7281563506140712,0.8359089872571296,25.0,43.0,0.21367521367521367
4507,0.686,0.0,4554.0,0.7281687902963307,0.7988652951978413,25.0,47.0,0.21367521367521367
4508,0.7,0.0,4558.0,0.7281146726999014,0.7796524247731026,25.0,50.0,0.21367521367521367
4509,0.716,0.0,4560.0,0.7279473724748406,0.7743313493407218,25.0,51.0,0.21367521367521367
4510,0.731,0.0,4563.0,0.728046238239134,0.7656172595004976,26.0,53.0,0.2222222222222222
4511,0.734,0.0,4565.0,0.7279619168521022,0.7617758359873296,26.0,54.0,0.2222222222222222
4512,0.729,0.0,4569.0,0.7279897468308044,0.7526400938803851,26.0,57.0,0.2222222222222222
4513,0.726,0.0,4573.0,0.727939370633989,0.7459094736331333,26.0,60.0,0.2222222222222222
4514,0.73,0.0,4579.0,0.7279391667415871,0.7385503328615518,26.0,65.0,0.2222222222222222
4515,0.733,0.0,4593.0,0.727940787725503,0.7306380037814091,26.0,78.0,0.2222222222222222
4516,0.733,1.0,4602.0,0.7276841842720161,0.7288452473423692,26.0,86.0,0.2222222222222222
4517,0.73,1.0,4600.0,0.7273022403023603,0.7288949194112123,27.0,83.0,0.23076923076923078
4518,0.731,1.0,4599.0,0.7268929344732753,0.7288592049780308,27.0,81.0,0.23076923076923078
4519,0.735,1.0,4598.0,0.7264357811601245,0.72886327561044,27.0,79.0,0.23076923076923078
4520,0.735,1.0,4597.0,0.7258806984987582,0.7288776052275427,27.0,77.0,0.23076923076923078
4521,0.735,1.0,4596.0,0.725220789229643,0.7289206740799943,28.0,75.0,0.23931623931623933
4522,0.734,1.0,4596.0,0.7244635945354556,0.7285745777025125,28.0,74.0,0.23931623931623933
4523,0.73,1.0,4595.0,0.7235831784594169,0.7286584663199811,28.0,72.0,0.23931623931623933
4524,0.735,1.0,4594.0,0.7226257783224138,0.7288915658045918,28.0,70.0,0.23931623931623933
4525,0.731,1.0,4594.0,0.7215499859430183,0.7285119720343272,29.0,69.0,0.24786324786324787
4526,0.728,1.0,4594.0,0.7203691934074344,0.7281047335088887,29.0,68.0,0.24786324786324787
4527,0.719,1.0,4593.0,0.7190715410446118,0.72862159055258,30.0,66.0,0.2564102564102564
4528,0.705,1.0,4593.0,0.7178035493608736,0.7284147154808384,30.0,65.0,0.2564102564102564
4529,0.693,1.0,4593.0,0.7166778193367007,0.7284680039144393,30.0,64.0,0.2564102564102564
4530,0.692,1.0,4593.0,0.7158151761940468,0.728915381280423,31.0,63.0,0.26495726495726496
4531,0.71,1.0,4594.0,0.7152660305697223,0.7283662356560985,31.0,63.0,0.26495726495726496
4532,0.721,1.0,4595.0,0.7147806985318099,0.7278809036181861,32.0,63.0,0.27350427350427353
4533,0.73,1.0,4595.0,0.714181894818077,0.728737678247384,32.0,62.0,0.27350427350427353
4534,0.737,1.0,4596.0,0.7134623399195859,0.7280181233488928,33.0,62.0,0.28205128205128205
4535,0.742,1.0,4596.0,0.7124317504791087,0.7286048431783386,34.0,61.0,0.2905982905982906
4536,0.743,1.0,4597.0,0.7111339975635607,0.7273070902627906,34.0,61.0,0.2905982905982906
4537,0.735,1.0,4597.0,0.7094269425866293,0.7273970455857737,35.0,60.0,0.29914529914529914
4538,0.731,1.0,4597.0,0.707435742527327,0.7274025236374874,35.0,59.0,0.29914529914529914
4539,0.733,1.0,4597.0,0.7051827173849953,0.7273680297296179,36.0,58.0,0.3076923076923077
4540,0.722,1.0,4597.0,0.7026206113247189,0.7272709583742996,37.0,57.0,0.3162393162393162
4541,0.693,0.0,4622.0,0.7007024261590578,0.7026686966638133,37.0,81.0,0.3162393162393162
4542,0.689,0.0,4615.0,0.698016038324163,0.7025837973986708,38.0,73.0,0.3247863247863248
4543,0.682,0.0,4612.0,0.6954388391220745,0.7024008252133833,39.0,69.0,0.3333333333333333
4544,0.684,0.0,4610.0,0.6930064760190136,0.7025565255269818,40.0,66.0,0.3418803418803419
4545,0.674,0.0,4609.0,0.6906894245949919,0.7024796091727306,40.0,64.0,0.3418803418803419
4546,0.666,0.0,4609.0,0.6885939506199008,0.701694155706277,41.0,63.0,0.3504273504273504
4547,0.665,0.0,4609.0,0.6867495205405862,0.7013053039698932,42.0,62.0,0.358974358974359
4548,0.666,0.0,4609.0,0.6851467518006116,0.7013198444998415,43.0,61.0,0.36752136752136755
4549,0.666,0.0,4609.0,0.6837567247473103,0.7017268277464547,43.0,60.0,0.36752136752136755
4550,0.667,0.0,4609.0,0.6825639946356458,0.7025307757458061,44.0,59.0,0.37606837606837606
4551,0.673,0.0,4610.0,0.6816197563009645,0.7015865374111249,45.0,59.0,0.38461538461538464
4552,0.668,0.0,4611.0,0.6807787437982977,0.7007455249084581,46.0,59.0,0.39316239316239315
4553,0.667,0.0,4611.0,0.6800118092643952,0.7021971216090178,47.0,58.0,0.4017094017094017
4554,0.669,0.0,4612.0,0.679472820457481,0.7016581328021037,47.0,58.0,0.4017094017094017
4555,0.671,0.0,4613.0,0.6790582997995624,0.7012436121441851,48.0,58.0,0.41025641025641024
4556,0.676,0.0,4614.0,0.6787411624007655,0.7009264747453882,49.0,58.0,0.4188034188034188
4557,0.676,0.0,4615.0,0.6784627493099455,0.7006480616545682,50.0,58.0,0.42735042735042733
4558,0.675,0.0,4616.0,0.6782202005779191,0.7004055129225417,50.0,58.0,0.42735042735042733
4559,0.683,0.0,4616.0,0.6779388191439549,0.7025891661935356,51.0,57.0,0.4358974358974359
4560,0.679,0.0,4617.0,0.6776942249925911,0.7023445720421718,51.0,57.0,0.4358974358974359
4561,0.677,0.0,4618.0,0.6774441650152407,0.7020945120648214,52.0,57.0,0.4444444444444444
4562,0.68,0.0,4619.0,0.6772080570421997,0.7018584040917804,53.0,57.0,0.452991452991453
4563,0.681,0.0,4620.0,0.6769504373251531,0.7016007843747338,53.0,57.0,0.452991452991453
4564,0.679,0.0,4621.0,0.6766563203500735,0.7013066673996542,54.0,57.0,0.46153846153846156
4565,0.673,0.0,4622.0,0.6763453609616044,0.700995708011185,54.0,57.0,0.46153846153846156
4566,0.67,0.0,4623.0,0.6760810301994333,0.700731377249014,55.0,57.0,0.4700854700854701
4567,0.665,0.0,4624.0,0.6758936205974901,0.7005439676470708,56.0,57.0,0.47863247863247865
4568,0.664,0.0,4625.0,0.6758367480949554,0.7004870951445361,57.0,57.0,0.48717948717948717
4569,0.666,0.0,4626.0,0.6759209178339793,0.70057126488356,57.0,57.0,0.48717948717948717
4570,0.676,0.0,4627.0,0.6761244795433896,0.7007748265929703,58.0,57.0,0.49572649572649574
4571,0.675,0.0,4628.0,0.6763390898896545,0.7009894369392352,59.0,57.0,0.5042735042735043
4572,0.67,0.0,4629.0,0.6765781537262197,0.7012285007758003,60.0,57.0,0.5128205128205128
4573,0.668,0.0,4630.0,0.6768997790825568,0.7015501261321375,60.0,57.0,0.5128205128205128
4574,0.668,0.0,4631.0,0.6773295152924879,0.7019798623420686,61.0,57.0,0.5213675213675214
4575,0.678,0.0,4632.0,0.6778716052742483,0.702521952323829,62.0,57.0,0.5299145299145299
4576,0.678,0.0,4634.0,0.6785042922856408,0.7006896046302634,63.0,58.0,0.5384615384615384
4577,0.675,0.0,4635.0,0.6790678764244511,0.7012531887690737,64.0,58.0,0.5470085470085471
4578,0.673,0.0,4636.0,0.6796853348149746,0.7018706471595972,65.0,58.0,0.5555555555555556
4579,0.673,0.0,4637.0,0.6803857853576576,0.7025710977022802,65.0,58.0,0.5555555555555556
4580,0.673,0.0,4639.0,0.6812538887818218,0.7012206698919822,66.0,59.0,0.5641025641025641
4581,0.671,0.0,4640.0,0.6821448587218384,0.7021116398319988,67.0,59.0,0.5726495726495726
4582,0.672,0.0,4642.0,0.6832359440381033,0.7012060470372476,68.0,60.0,0.5811965811965812
4583,0.672,0.0,4643.0,0.6843900749385952,0.7023601779377395,69.0,60.0,0.5897435897435898
4584,0.671,0.0,4645.0,0.6857499138231287,0.7019230065223586,70.0,61.0,0.5982905982905983
4585,0.671,0.0,4647.0,0.6872737087362629,0.7018294921655699,71.0,62.0,0.6068376068376068
4586,0.683,0.0,4649.0,0.6889773880008405,0.7020775930872167,72.0,63.0,0.6153846153846154
4587,0.692,0.0,4651.0,0.6907472758423059,0.7025374604200445,73.0,64.0,0.6239316239316239
4588,0.696,0.0,4654.0,0.6925396749557373,0.7020897244637055,74.0,66.0,0.6324786324786325
4589,0.698,0.0,4657.0,0.6942816917462824,0.7020172318477367,75.0,68.0,0.6410256410256411
4590,0.701,0.0,4660.0,0.6959766505657166,0.7022424380478945,76.0,70.0,0.6495726495726496
4591,0.705,0.0,4663.0,0.6976094877480886,0.7026847756086528,77.0,72.0,0.6581196581196581
4592,0.707,0.0,4668.0,0.6991825019760207,0.7025123983413368,78.0,76.0,0.6666666666666666
4593,0.707,0.0,4674.0,0.7006563046494761,0.7026225751542317,74.0,81.0,0.6324786324786325
4594,0.709,1.0,4661.0,0.7017756038946525,0.710370648451824,71.0,67.0,0.6068376068376068
4595,0.715,1.0,4652.0,0.7025035797835268,0.7271539268331075,69.0,57.0,0.5897435897435898
4596,0.718,1.0,4653.0,0.7036510372020874,0.7283013842516681,66.0,57.0,0.5641025641025641
4597,0.721,1.0,4655.0,0.7047311631815685,0.7269164755261911,61.0,58.0,0.5213675213675214
4598,0.715,1.0,4656.0,0.7055545220980108,0.7277398344426335,61.0,58.0,0.5213675213675214
4599,0.713,1.0,4657.0,0.7062816535906824,0.728466965935305,61.0,58.0,0.5213675213675214
4600,0.714,1.0,4659.0,0.7070221891269648,0.7269889702371252,61.0,59.0,0.5213675213675214
4601,0.719,1.0,4660.0,0.7076167809339415,0.7275835620441019,62.0,59.0,0.5299145299145299
4602,0.717,1.0,4661.0,0.7080931209446572,0.7280599020548175,62.0,59.0,0.5299145299145299
4603,0.715,1.0,4662.0,0.7084787660834483,0.7284455471936087,63.0,59.0,0.5384615384615384
4604,0.711,1.0,4663.0,0.7087992146706359,0.7287659957807963,64.0,59.0,0.5470085470085471
4605,0.712,1.0,4665.0,0.7091741944700363,0.7271442974691806,65.0,60.0,0.5555555555555556
4606,0.71,1.0,4666.0,0.7094545878732998,0.7274246908724442,66.0,60.0,0.5641025641025641
4607,0.711,1.0,4667.0,0.7097365253327761,0.7277066283319205,67.0,60.0,0.5726495726495726
4608,0.706,1.0,4668.0,0.7100118865065578,0.7279819895057021,68.0,60.0,0.5811965811965812
4609,0.709,1.0,4669.0,0.7103393148926447,0.728309417891789,63.0,60.0,0.5384615384615384
4610,0.719,1.0,4670.0,0.7106886707272825,0.7286587737264268,62.0,60.0,0.5299145299145299
4611,0.718,1.0,4671.0,0.7109514761815942,0.7289215791807385,61.0,60.0,0.5213675213675214
4612,0.714,1.0,4673.0,0.7112064547980919,0.7273795474973218,60.0,61.0,0.5128205128205128
4613,0.712,1.0,4674.0,0.7113726390582129,0.7275457317574429,60.0,61.0,0.5128205128205128
4614,0.708,1.0,4675.0,0.7115383218782824,0.7277114145775123,60.0,61.0,0.5128205128205128
4615,0.708,1.0,4676.0,0.7117497205257358,0.7279228132249658,59.0,61.0,0.5042735042735043
4616,0.71,1.0,4677.0,0.7120091923865874,0.7281822850858174,58.0,61.0,0.49572649572649574
4617,0.717,1.0,4678.0,0.7122970662852837,0.7284701589845136,58.0,61.0,0.49572649572649574
4618,0.715,1.0,4679.0,0.7125385672633775,0.7287116599626074,58.0,61.0,0.49572649572649574
4619,0.713,1.0,4680.0,0.7127581327188188,0.7289312254180488,58.0,61.0,0.49572649572649574
4620,0.715,1.0,4682.0,0.7130364770244366,0.7275922604537436,58.0,62.0,0.49572649572649574
4621,0.709,1.0,4683.0,0.7132433998303641,0.7277991832596711,58.0,62.0,0.49572649572649574
4622,0.709,1.0,4684.0,0.7135028954678576,0.7280586788971646,57.0,62.0,0.48717948717948717
4623,0.711,1.0,4685.0,0.7138169891966502,0.7283727726259571,57.0,62.0,0.48717948717948717
4624,0.712,1.0,4686.0,0.7141666193044771,0.7287224027337841,57.0,62.0,0.48717948717948717
4625,0.714,1.0,4688.0,0.7145943402385314,0.7276945453249076,57.0,63.0,0.48717948717948717
4626,0.716,1.0,4689.0,0.7149857514390889,0.7280859565254651,57.0,63.0,0.48717948717948717
4627,0.715,1.0,4690.0,0.7153703748603005,0.7284705799466767,57.0,63.0,0.48717948717948717
4628,0.718,1.0,4691.0,0.7157641743738077,0.7288643794601839,57.0,63.0,0.48717948717948717
4629,0.72,1.0,4693.0,0.7161832913761486,0.7279734759538872,57.0,64.0,0.48717948717948717
4630,0.721,1.0,4694.0,0.7165196160200322,0.7283098005977708,57.0,64.0,0.48717948717948717
4631,0.72,1.0,4695.0,0.7168100866127662,0.7286002711905049,57.0,64.0,0.48717948717948717
4632,0.715,1.0,4696.0,0.7170693023416254,0.728859486919364,57.0,64.0,0.48717948717948717
4633,0.712,1.0,4698.0,0.7173945506977935,0.7280057168177582,58.0,65.0,0.49572649572649574
4634,0.712,1.0,4699.0,0.717744866863395,0.7283560329833597,58.0,65.0,0.49572649572649574
4635,0.713,1.0,4700.0,0.7181632649343064,0.7287744310542711,58.0,65.0,0.49572649572649574
4636,0.716,1.0,4702.0,0.7186794499888673,0.7282294994968356,58.0,66.0,0.49572649572649574
4637,0.719,1.0,4703.0,0.7191936402295029,0.7287436897374712,58.0,66.0,0.49572649572649574
4638,0.724,1.0,4705.0,0.7197472724584011,0.7283423170155725,59.0,67.0,0.5042735042735043
4639,0.729,1.0,4706.0,0.7202239721130916,0.728819016670263,59.0,67.0,0.5042735042735043
4640,0.725,1.0,4708.0,0.7206372329129239,0.7283727730143782,59.0,68.0,0.5042735042735043
4641,0.725,1.0,4709.0,0.7209746957809943,0.7287102358824485,60.0,68.0,0.5128205128205128
4642,0.726,1.0,4711.0,0.7212985787738818,0.7282605648651906,60.0,69.0,0.5128205128205128
4643,0.725,1.0,4712.0,0.7215453401491743,0.7285073262404831,60.0,69.0,0.5128205128205128
4644,0.723,1.0,4713.0,0.7217564645674177,0.7287184506587265,61.0,69.0,0.5213675213675214
4645,0.721,1.0,4714.0,0.7219564797714682,0.728918465862777,61.0,69.0,0.5213675213675214
4646,0.722,1.0,4716.0,0.722194688329253,0.728460475811431,62.0,70.0,0.5299145299145299
4647,0.723,1.0,4717.0,0.7224126483582076,0.7286784358403856,62.0,70.0,0.5299145299145299
4648,0.717,1.0,4718.0,0.7226265687861042,0.7288923562682822,63.0,70.0,0.5384615384615384
4649,0.715,1.0,4720.0,0.7229280895815838,0.728567298315544,63.0,71.0,0.5384615384615384
4650,0.714,1.0,4722.0,0.7233175667010965,0.7283928545616607,64.0,72.0,0.5470085470085471
4651,0.715,1.0,4723.0,0.7237922826047831,0.7288675704653473,64.0,72.0,0.5470085470085471
4652,0.715,1.0,4726.0,0.7244010410846712,0.7285120242517281,64.0,74.0,0.5470085470085471
4653,0.72,1.0,4728.0,0.7250962076392828,0.7287960924896342,64.0,75.0,0.5470085470085471
4654,0.718,1.0,4731.0,0.7258598804165894,0.7288567871453739,64.0,77.0,0.5470085470085471
4655,0.711,1.0,4735.0,0.7267162635875468,0.7289010085928307,64.0,80.0,0.5470085470085471
4656,0.707,1.0,4742.0,0.727755692988054,0.7289167560584071,64.0,86.0,0.5470085470085471
4657,0.711,0.0,4712.0,0.727942562395691,0.7583750896173955,63.0,55.0,0.5384615384615384
4658,0.728,0.0,4705.0,0.7279453174743848,0.7986418223758954,64.0,47.0,0.5470085470085471
4659,0.74,0.0,4702.0,0.7281135082356655,0.8358661448787238,64.0,43.0,0.5470085470085471
4660,0.743,0.0,4700.0,0.7281094484908694,0.8759182779052156,63.0,40.0,0.5384615384615384
4661,0.747,0.0,4699.0,0.7281858021704666,0.9106658384844741,62.0,38.0,0.5299145299145299
4662,0.751,0.0,4699.0,0.7286031136411767,0.9313587095456295,62.0,37.0,0.5299145299145299
4663,0.745,0.0,4698.0,0.7279403914463263,0.9782559419456507,61.0,35.0,0.5213675213675214
4664,0.748,0.0,4699.0,0.7287597121170559,0.9790752626163803,62.0,35.0,0.5299145299145299
4665,0.749,0.0,4699.0,0.7285340724386241,1.006662461882318,62.0,34.0,0.5299145299145299
4666,0.754,0.0,4699.0,0.7280810335650658,1.0371125773913923,62.0,33.0,0.5299145299145299
4667,0.759,0.0,4700.0,0.7284899288149596,1.037521472641286,62.0,33.0,0.5299145299145299
4668,0.762,0.0,4701.0,0.7286829479468961,1.0377144917732226,61.0,33.0,0.5213675213675214
4669,0.765,0.0,4702.0,0.7286345949708973,1.0376661387972237,61.0,33.0,0.5213675213675214
4670,0.763,0.0,4703.0,0.7283123004837886,1.037343844310115,61.0,33.0,0.5213675213675214
4671,0.748,0.0,4705.0,0.7288112739677178,1.0069396634114116,61.0,34.0,0.5213675213675214
4672,0.748,0.0,4706.0,0.7281366181408635,1.0062650075845574,62.0,34.0,0.5299145299145299
4673,0.745,0.0,4708.0,0.72834381756023,0.9786593680595544,62.0,35.0,0.5299145299145299
4674,0.74,0.0,4710.0,0.728378200573293,0.9536621960226851,61.0,36.0,0.5213675213675214
4675,0.742,0.0,4712.0,0.728299578072868,0.9310551739773208,61.0,37.0,0.5213675213675214
4676,0.743,0.0,4714.0,0.7280658473984105,0.9105458837124181,61.0,38.0,0.5213675213675214
4677,0.744,0.0,4717.0,0.7282463145431257,0.8760551439574719,61.0,40.0,0.5213675213675214
4678,0.741,0.0,4720.0,0.7280788752869933,0.8478040271126137,61.0,42.0,0.5213675213675214
4679,0.736,0.0,4724.0,0.7279644517767622,0.8152440874576394,61.0,45.0,0.5213675213675214
4680,0.726,0.0,4731.0,0.7280943527048606,0.7744783295707417,61.0,51.0,0.5213675213675214
4681,0.723,0.0,4743.0,0.7279525152456849,0.7425082986749919,62.0,62.0,0.5299145299145299
4682,0.725,1.0,4765.0,0.7271938622953054,0.7287865414041573,62.0,83.0,0.5299145299145299
4683,0.728,1.0,4761.0,0.7259565568816657,0.7286537729375718,62.0,78.0,0.5299145299145299
4684,0.726,1.0,4758.0,0.7246864127880057,0.7287973959550627,62.0,74.0,0.5299145299145299
4685,0.713,1.0,4757.0,0.7234196183885753,0.7284949062491395,62.0,72.0,0.5299145299145299
4686,0.697,1.0,4756.0,0.7222624624238532,0.7285282499060312,62.0,70.0,0.5299145299145299
4687,0.697,1.0,4756.0,0.7214060879411743,0.7283680740324832,63.0,69.0,0.5384615384615384
4688,0.706,1.0,4756.0,0.7208208922133976,0.7285564323148519,63.0,68.0,0.5384615384615384
4689,0.71,1.0,4757.0,0.7204309895192236,0.7281665296206778,63.0,68.0,0.5384615384615384
4690,0.704,1.0,4757.0,0.7201294319004876,0.728724476457659,63.0,67.0,0.5384615384615384
4691,0.707,1.0,4758.0,0.720040927525067,0.7286359720822384,63.0,67.0,0.5384615384615384
4692,0.714,1.0,4759.0,0.7201009322630829,0.7286959768202543,64.0,67.0,0.5470085470085471
4693,0.722,1.0,4760.0,0.7202323576746075,0.7288274022317789,64.0,67.0,0.5470085470085471
4694,0.713,1.0,4762.0,0.7203782739901574,0.7281138140916117,64.0,68.0,0.5470085470085471
4695,0.705,1.0,4763.0,0.7205783353974655,0.7283138754989198,64.0,68.0,0.5470085470085471
4696,0.702,1.0,4764.0,0.7209545958503524,0.7286901359518067,64.0,68.0,0.5470085470085471
4697,0.699,1.0,4766.0,0.7215719735224937,0.7285339596138025,65.0,69.0,0.5555555555555556
4698,0.696,1.0,4768.0,0.7224401399078308,0.7287059273900088,64.0,70.0,0.5470085470085471
4699,0.701,1.0,4771.0,0.7236216668709157,0.7286969547314799,59.0,72.0,0.5042735042735043
4700,0.707,1.0,4775.0,0.7250617703663274,0.7287616552166787,57.0,75.0,0.48717948717948717
4701,0.712,1.0,4781.0,0.7267100095367871,0.728894754542071,57.0,80.0,0.48717948717948717
4702,0.72,0.0,4763.0,0.7279746480759591,0.7441477407751891,55.0,61.0,0.4700854700854701
4703,0.728,0.0,4751.0,0.7281373809759394,0.7917642353872989,54.0,48.0,0.46153846153846156
4704,0.732,0.0,4746.0,0.7280100063732529,0.8477351581988732,55.0,42.0,0.4700854700854701
4705,0.739,0.0,4744.0,0.7282959518749041,0.8925279845575109,53.0,39.0,0.452991452991453
4706,0.741,0.0,4742.0,0.7279361280634933,0.9532201235128853,52.0,36.0,0.4444444444444444
4707,0.746,0.0,4742.0,0.7288152131738341,0.9791307636731585,53.0,35.0,0.452991452991453
4708,0.749,0.0,4741.0,0.7283923064841827,1.037423850310509,52.0,33.0,0.4444444444444444
4709,0.749,0.0,4741.0,0.7287403701738648,1.0721087522031163,52.0,32.0,0.4444444444444444
4710,0.756,0.0,4741.0,0.7288633268654788,1.110383751342425,52.0,31.0,0.4444444444444444
4711,0.759,0.0,4741.0,0.728684764966709,1.1525963477188714,52.0,30.0,0.4444444444444444
4712,0.76,0.0,4741.0,0.7281693671231251,1.19918223684775,50.0,29.0,0.42735042735042733
4713,0.759,0.0,4742.0,0.7291818680447039,1.200194737769329,50.0,29.0,0.42735042735042733
4714,0.757,0.0,4742.0,0.7281696411715863,1.2515172741989473,49.0,28.0,0.4188034188034188
4715,0.755,0.0,4743.0,0.7289249585878096,1.2522725916151707,50.0,28.0,0.42735042735042733
4716,0.754,0.0,4744.0,0.7296020959438672,1.2529497289712284,50.0,28.0,0.42735042735042733
4717,0.754,0.0,4744.0,0.7281265730132844,1.3096239430436856,49.0,27.0,0.4188034188034188
4718,0.754,0.0,4745.0,0.7286895570407486,1.3101869270711497,49.0,27.0,0.4188034188034188
4719,0.757,0.0,4746.0,0.7292039128722331,1.310701282902634,50.0,27.0,0.42735042735042733
4720,0.758,0.0,4747.0,0.7296389617267252,1.3111363317571263,49.0,27.0,0.4188034188034188
4721,0.757,0.0,4748.0,0.7299850598055537,1.3114824298359549,50.0,27.0,0.42735042735042733
4722,0.753,0.0,4748.0,0.7279458647337914,1.3740540536564594,50.0,26.0,0.42735042735042733
4723,0.75,0.0,4749.0,0.7281957202899072,1.374303909212575,50.0,26.0,0.42735042735042733
4724,0.75,0.0,4750.0,0.7284566484929127,1.3745648374155806,50.0,26.0,0.42735042735042733
4725,0.751,0.0,4751.0,0.7287414101963676,1.3748495991190355,51.0,26.0,0.4358974358974359
4726,0.753,0.0,4752.0,0.7290325367137251,1.375140725636393,51.0,26.0,0.4358974358974359
4727,0.752,0.0,4753.0,0.7293038993660729,1.3754120882887406,52.0,26.0,0.4444444444444444
4728,0.751,0.0,4754.0,0.729572004803694,1.3756801937263619,52.0,26.0,0.4444444444444444
4729,0.748,0.0,4755.0,0.7298570641119543,1.375965253034622,53.0,26.0,0.452991452991453
4730,0.753,0.0,4756.0,0.7302057796580805,1.3763139685807484,54.0,26.0,0.46153846153846156
4731,0.756,0.0,4756.0,0.7279966601964918,1.445894647888345,53.0,25.0,0.452991452991453
4732,0.759,0.0,4757.0,0.7283177571819394,1.4462157448737925,54.0,25.0,0.46153846153846156
4733,0.758,0.0,4758.0,0.7285669631831586,1.4464649508750118,55.0,25.0,0.4700854700854701
4734,0.757,0.0,4759.0,0.7287906525967991,1.4466886402886523,56.0,25.0,0.47863247863247865
4735,0.756,0.0,4760.0,0.729004311177132,1.4469022988689852,56.0,25.0,0.47863247863247865
4736,0.754,0.0,4761.0,0.7292081995828792,1.4471061872747324,57.0,25.0,0.48717948717948717
4737,0.755,0.0,4762.0,0.7294007344308084,1.4472987221226616,58.0,25.0,0.49572649572649574
4738,0.759,0.0,4763.0,0.7295933473023894,1.4474913349942427,59.0,25.0,0.5042735042735043
4739,0.757,0.0,4764.0,0.7297475123066564,1.4476454999985096,60.0,25.0,0.5128205128205128
4740,0.758,0.0,4765.0,0.7298799856304468,1.4477779733223,61.0,25.0,0.5213675213675214
4741,0.759,0.0,4766.0,0.7299731934265001,1.4478711811183533,57.0,25.0,0.48717948717948717
4742,0.759,0.0,4767.0,0.7300272619341297,1.447925249625983,53.0,25.0,0.452991452991453
4743,0.758,0.0,4768.0,0.7300541271459161,1.4479521148377694,52.0,25.0,0.4444444444444444
4744,0.759,0.0,4769.0,0.7300587753775392,1.4479567630693924,50.0,25.0,0.42735042735042733
4745,0.76,0.0,4770.0,0.7299927409013363,1.4478907285931895,50.0,25.0,0.42735042735042733
4746,0.76,0.0,4771.0,0.7298445567308403,1.4477425444226935,49.0,25.0,0.4188034188034188
4747,0.759,0.0,4772.0,0.7296397809305912,1.4475377686224444,49.0,25.0,0.4188034188034188
4748,0.757,0.0,4773.0,0.7293796925041076,1.4472776801959608,48.0,25.0,0.41025641025641024
4749,0.755,0.0,4774.0,0.7290564192468831,1.4469544069387363,48.0,25.0,0.41025641025641024
4750,0.754,0.0,4775.0,0.7287229749912595,1.4466209626831126,48.0,25.0,0.41025641025641024
4751,0.756,0.0,4776.0,0.7284324846787593,1.4463304723706125,47.0,25.0,0.4017094017094017
4752,0.755,0.0,4777.0,0.7281417398878518,1.446039727579705,47.0,25.0,0.4017094017094017
4753,0.752,0.0,4779.0,0.7303716420299393,1.3764798309526072,47.0,26.0,0.4017094017094017
4754,0.75,0.0,4780.0,0.7300746862085672,1.376182875131235,47.0,26.0,0.4017094017094017
4755,0.75,0.0,4781.0,0.7297998187818764,1.3759080077045442,47.0,26.0,0.4017094017094017
4756,0.753,0.0,4782.0,0.7295327637882769,1.3756409527109448,43.0,26.0,0.36752136752136755
4757,0.752,0.0,4783.0,0.7292419814139104,1.3753501703365782,40.0,26.0,0.3418803418803419
4758,0.748,0.0,4784.0,0.7289169887797743,1.375025177702442,38.0,26.0,0.3247863247863248
4759,0.753,0.0,4785.0,0.7286567690380479,1.3747649579607157,37.0,26.0,0.3162393162393162
4760,0.758,0.0,4786.0,0.7284093363846009,1.3745175253072688,36.0,26.0,0.3076923076923077
4761,0.759,0.0,4787.0,0.7280891814568502,1.374197370379518,35.0,26.0,0.29914529914529914
4762,0.753,0.0,4789.0,0.729932472762751,1.3114298427931521,34.0,27.0,0.2905982905982906
4763,0.753,0.0,4790.0,0.7294817690053748,1.310979139035776,32.0,27.0,0.27350427350427353
4764,0.754,0.0,4791.0,0.7289781724697493,1.3104755425001504,31.0,27.0,0.26495726495726496
4765,0.753,0.0,4792.0,0.7283878376578472,1.3098852076882483,30.0,27.0,0.2564102564102564
4766,0.75,0.0,4794.0,0.729729439664129,1.25307707269149,29.0,28.0,0.24786324786324787
4767,0.75,0.0,4795.0,0.7290493536103375,1.2523969866376987,29.0,28.0,0.24786324786324787
4768,0.753,0.0,4796.0,0.7283320493437393,1.2516796823711003,28.0,28.0,0.23931623931623933
4769,0.754,0.0,4798.0,0.7293481080783601,1.2003609778029851,28.0,29.0,0.23931623931623933
4770,0.745,0.0,4799.0,0.7285138511982251,1.19952672092285,28.0,29.0,0.23931623931623933
4771,0.737,0.0,4801.0,0.729347495464977,1.1532590782171395,27.0,30.0,0.23076923076923078
4772,0.737,0.0,4802.0,0.7285952417892604,1.152506824541423,27.0,30.0,0.23076923076923078
4773,0.735,0.0,4804.0,0.7293905859591712,1.1109110104361175,27.0,31.0,0.23076923076923078
4774,0.726,0.0,4805.0,0.7287752298062156,1.1102956542831617,27.0,31.0,0.23076923076923078
4775,0.727,0.0,4806.0,0.7283433177097863,1.1098637421867326,26.0,31.0,0.2222222222222222
4776,0.74,0.0,4807.0,0.7280715099272128,1.109591934404159,26.0,31.0,0.2222222222222222
4777,0.747,0.0,4809.0,0.7290151352657966,1.0723835172950482,26.0,32.0,0.2222222222222222
4778,0.747,0.0,4810.0,0.7286165963830495,1.071984978412301,27.0,32.0,0.23076923076923078
4779,0.746,0.0,4811.0,0.728154397776545,1.0715227798057967,27.0,32.0,0.23076923076923078
4780,0.746,0.0,4813.0,0.7287676306780186,1.0377991745043451,27.0,33.0,0.23076923076923078
4781,0.743,0.0,4814.0,0.7281692634182588,1.0372008072445853,26.0,33.0,0.2222222222222222
4782,0.737,0.0,4816.0,0.7285788035812105,1.0067071930249043,26.0,34.0,0.2222222222222222
4783,0.733,0.0,4817.0,0.7279451860201585,1.0060735754638523,26.0,34.0,0.2222222222222222
4784,0.724,0.0,4819.0,0.7283168296234652,0.9786323801227896,26.0,35.0,0.2222222222222222
4785,0.733,0.0,4821.0,0.7287467141124392,0.9540307095618312,26.0,36.0,0.2222222222222222
4786,0.743,0.0,4822.0,0.7283627814321816,0.9536467768815736,26.0,36.0,0.2222222222222222
4787,0.744,0.0,4824.0,0.7286674307812862,0.931423026685739,26.0,37.0,0.2222222222222222
4788,0.739,0.0,4825.0,0.7281006107422396,0.9308562066466924,27.0,37.0,0.23076923076923078
4789,0.742,0.0,4827.0,0.7281896671643069,0.9106697034783144,27.0,38.0,0.23076923076923078
4790,0.741,0.0,4829.0,0.7281365123723074,0.8923685450549141,27.0,39.0,0.23076923076923078
4791,0.735,0.0,4832.0,0.7283867261669197,0.8614146726398312,27.0,41.0,0.23076923076923078
4792,0.724,0.0,4834.0,0.7279807345003165,0.8477058863259369,27.0,42.0,0.23076923076923078
4793,0.726,0.0,4837.0,0.7279797681127385,0.824957141091491,28.0,44.0,0.23931623931623933
4794,0.718,0.0,4841.0,0.728137579835183,0.7988340847366936,28.0,47.0,0.23931623931623933
4795,0.72,0.0,4844.0,0.7280535104110849,0.7853176793813085,28.0,49.0,0.23931623931623933
4796,0.719,0.0,4847.0,0.7280012754919984,0.7743852523578796,28.0,51.0,0.23931623931623933
4797,0.718,0.0,4850.0,0.7279979480113303,0.765568969272694,29.0,53.0,0.24786324786324787
4798,0.731,0.0,4852.0,0.7279539241131392,0.7617678432483665,29.0,54.0,0.24786324786324787
4799,0.74,0.0,4855.0,0.7279843787071061,0.7553736532066402,29.0,56.0,0.24786324786324787
4800,0.744,0.0,4860.0,0.7279931590335812,0.7459632620327256,30.0,60.0,0.2564102564102564
4801,0.743,0.0,4873.0,0.7279514838565482,0.7330267717171124,30.0,72.0,0.2564102564102564
4802,0.74,1.0,4886.0,0.7274222996360848,0.7288557108340517,30.0,84.0,0.2564102564102564
4803,0.74,1.0,4883.0,0.7266023870448117,0.7287871320500956,31.0,80.0,0.26495726495726496
4804,0.735,1.0,4881.0,0.7256323852343434,0.7286292919631279,31.0,77.0,0.26495726495726496
4805,0.73,1.0,4879.0,0.7245493693154238,0.7286603524824807,31.0,74.0,0.26495726495726496
4806,0.733,1.0,4878.0,0.7234123217359321,0.7284876095964963,31.0,72.0,0.26495726495726496
4807,0.732,1.0,4877.0,0.7221627751471056,0.7284285626292836,31.0,70.0,0.26495726495726496
4808,0.71,1.0,4876.0,0.7207964603924497,0.728532000493904,32.0,68.0,0.27350427350427353
4809,0.689,1.0,4876.0,0.7195742790573704,0.7281693236145418,32.0,67.0,0.27350427350427353
4810,0.698,1.0,4876.0,0.7186918119340402,0.7282418614420084,32.0,66.0,0.27350427350427353
4811,0.706,1.0,4876.0,0.7180392538321989,0.7286504199521636,32.0,65.0,0.27350427350427353
4812,0.703,1.0,4877.0,0.7175614019793082,0.7281725680992729,33.0,65.0,0.28205128205128205
4813,0.708,1.0,4878.0,0.7172490462202366,0.7278602123402013,33.0,65.0,0.28205128205128205
4814,0.713,1.0,4878.0,0.7170029663995856,0.7287931509773242,33.0,64.0,0.28205128205128205
4815,0.721,1.0,4879.0,0.7168460425775638,0.7286362271553024,34.0,64.0,0.2905982905982906
4816,0.713,1.0,4880.0,0.7166471212644742,0.7284373058422128,34.0,64.0,0.2905982905982906
4817,0.714,1.0,4881.0,0.7164932844608132,0.7282834690385518,34.0,64.0,0.2905982905982906
4818,0.717,1.0,4882.0,0.7163718482755781,0.7281620328533167,35.0,64.0,0.29914529914529914
4819,0.723,1.0,4883.0,0.716248216959533,0.7280384015372716,35.0,64.0,0.29914529914529914
4820,0.723,1.0,4884.0,0.7160542570843168,0.7278444416620554,36.0,64.0,0.3076923076923077
4821,0.725,1.0,4884.0,0.7157424089188604,0.7288426140052366,36.0,63.0,0.3076923076923077
4822,0.729,1.0,4885.0,0.7153776862549518,0.728477891341328,36.0,63.0,0.3076923076923077
4823,0.726,1.0,4886.0,0.7148661206727644,0.7279663257591407,37.0,63.0,0.3162393162393162
4824,0.72,1.0,4886.0,0.7141862908332903,0.7287420742625973,37.0,62.0,0.3162393162393162
4825,0.717,1.0,4887.0,0.7134969463741698,0.7280527298034768,37.0,62.0,0.3162393162393162
4826,0.72,1.0,4887.0,0.7127191051629995,0.7288921978622295,38.0,61.0,0.3247863247863248
4827,0.726,1.0,4888.0,0.7119215675079427,0.7280946602071726,38.0,61.0,0.3247863247863248
4828,0.729,1.0,4888.0,0.7109125206763243,0.7288826236754686,39.0,60.0,0.3333333333333333
4829,0.729,1.0,4889.0,0.7097702207666805,0.7277403237658249,39.0,60.0,0.3333333333333333
4830,0.719,1.0,4889.0,0.7083533096203192,0.7283200907304795,40.0,59.0,0.3418803418803419
4831,0.7,1.0,4890.0,0.7068930298875078,0.7268598109976682,41.0,59.0,0.3504273504273504
4832,0.682,1.0,4890.0,0.7054419041996771,0.7276272165442997,41.0,58.0,0.3504273504273504
4833,0.672,1.0,4890.0,0.7042512441140648,0.7289015911636455,42.0,57.0,0.358974358974359
4834,0.676,1.0,4891.0,0.7035115645947145,0.7281619116442952,42.0,57.0,0.358974358974359
4835,0.68,1.0,4892.0,0.7030872216833666,0.7277375687329473,43.0,57.0,0.36752136752136755
4836,0.685,1.0,4893.0,0.702930003106621,0.7275803501562017,44.0,57.0,0.37606837606837606
4837,0.687,1.0,4894.0,0.702982087481172,0.7276324345307527,44.0,57.0,0.37606837606837606
4838,0.681,1.0,4895.0,0.7032207285213863,0.727871075570967,45.0,57.0,0.38461538461538464
4839,0.675,1.0,4896.0,0.703714543872234,0.7283648909218147,46.0,57.0,0.39316239316239315
4840,0.669,1.0,4898.0,0.7046205361269304,0.726805848471553,47.0,58.0,0.4017094017094017
4841,0.681,1.0,4899.0,0.7058471272604827,0.7280324396051053,47.0,58.0,0.4017094017094017
4842,0.699,1.0,4901.0,0.7074341951845694,0.7274009762947298,48.0,59.0,0.41025641025641024
4843,0.713,1.0,4903.0,0.7091153967417709,0.7270854997409153,49.0,60.0,0.4188034188034188
4844,0.715,1.0,4904.0,0.7106909473718557,0.728661050371,49.0,60.0,0.4188034188034188
4845,0.716,1.0,4906.0,0.7122865087969462,0.7284596014961762,50.0,61.0,0.42735042735042733
4846,0.715,1.0,4908.0,0.713839923944648,0.728395707373955,51.0,62.0,0.4358974358974359
4847,0.719,1.0,4910.0,0.7153802425130581,0.7284804475994343,51.0,63.0,0.4358974358974359
4848,0.719,1.0,4912.0,0.7168802036569399,0.7286703882346786,52.0,64.0,0.4444444444444444
4849,0.717,1.0,4915.0,0.7183933093884232,0.7279433588963914,53.0,66.0,0.452991452991453
4850,0.721,1.0,4917.0,0.7198821139565847,0.7284771585137562,53.0,67.0,0.452991452991453
4851,0.733,1.0,4920.0,0.7213849698535739,0.7283469559448827,54.0,69.0,0.46153846153846156
4852,0.738,1.0,4923.0,0.7227514800091954,0.7283906887431556,54.0,71.0,0.46153846153846156
4853,0.742,1.0,4926.0,0.7239418389089953,0.7285095979835031,55.0,73.0,0.4700854700854701
4854,0.741,1.0,4929.0,0.7249263024713368,0.7286261873216882,56.0,75.0,0.47863247863247865
4855,0.737,1.0,4932.0,0.7257274877852039,0.7287243945139884,56.0,77.0,0.47863247863247865
4856,0.734,1.0,4935.0,0.7263997704876562,0.7288272649379717,57.0,79.0,0.48717948717948717
4857,0.732,1.0,4939.0,0.7269914074644507,0.7287610509187307,58.0,82.0,0.49572649572649574
4858,0.736,1.0,4943.0,0.7275222408497395,0.7288123109279095,59.0,85.0,0.5042735042735043
4859,0.737,0.0,4943.0,0.7279384226195272,0.729371833817494,60.0,84.0,0.5128205128205128
4860,0.729,0.0,4925.0,0.7279489462321085,0.7385601123520732,60.0,65.0,0.5128205128205128
4861,0.728,0.0,4920.0,0.7279420060081432,0.7479087871183036,61.0,59.0,0.5213675213675214
4862,0.728,0.0,4918.0,0.728009550975999,0.755398825475533,62.0,56.0,0.5299145299145299
4863,0.729,0.0,4916.0,0.7279941696933663,0.76556519095473,63.0,53.0,0.5384615384615384
4864,0.73,0.0,4915.0,0.7280282630884893,0.7744122399543705,64.0,51.0,0.5470085470085471
4865,0.734,0.0,4914.0,0.727987199761516,0.7852513687317396,65.0,49.0,0.5555555555555556
4866,0.734,0.0,4914.0,0.7280548542765126,0.7916817086878721,66.0,48.0,0.5641025641025641
4867,0.738,0.0,4914.0,0.7280564516168035,0.7987529565183141,67.0,47.0,0.5726495726495726
4868,0.738,0.0,4914.0,0.7279475650861701,0.8064992371989597,68.0,46.0,0.5811965811965812
4869,0.741,0.0,4915.0,0.7280242408987407,0.8065759130115303,69.0,46.0,0.5897435897435898
4870,0.741,0.0,4916.0,0.7279856403569269,0.8065373124697165,70.0,46.0,0.5982905982905983
4871,0.736,0.0,4918.0,0.7280988236808558,0.7987953285823663,71.0,47.0,0.6068376068376068
4872,0.737,0.0,4920.0,0.7281252952087116,0.7917521496200711,72.0,48.0,0.6153846153846154
4873,0.738,0.0,4922.0,0.7280575792975433,0.7853217482677669,72.0,49.0,0.6153846153846154
4874,0.738,0.0,4925.0,0.7280537222590038,0.7744376991248849,73.0,51.0,0.6239316239316239
4875,0.739,0.0,4929.0,0.7280142928010105,0.7618282119362378,74.0,54.0,0.6324786324786325
4876,0.737,0.0,4936.0,0.7279662365509341,0.7459363395500784,71.0,60.0,0.6068376068376068
4877,0.733,1.0,4964.0,0.727870104070711,0.7289150608340288,70.0,87.0,0.5982905982905983
4878,0.726,1.0,4960.0,0.7271157138285776,0.7288853572828576,68.0,82.0,0.5811965811965812
4879,0.72,1.0,4958.0,0.7263765802209247,0.7288040746712401,67.0,79.0,0.5726495726495726
4880,0.715,1.0,4957.0,0.7257120810003049,0.7287089877290894,67.0,77.0,0.5726495726495726
4881,0.717,1.0,4956.0,0.7251630742303202,0.7288629590806716,66.0,75.0,0.5641025641025641
4882,0.721,1.0,4956.0,0.7247164089017794,0.7288273920688363,66.0,74.0,0.5641025641025641
4883,0.726,1.0,4956.0,0.7243110370054806,0.7288787960799884,65.0,73.0,0.5555555555555556
4884,0.729,1.0,4957.0,0.7239046409915657,0.7284724000660735,64.0,73.0,0.5470085470085471
4885,0.725,1.0,4957.0,0.7234256619534665,0.7285009498140307,64.0,72.0,0.5470085470085471
4886,0.718,1.0,4957.0,0.7229291902704054,0.7285683990043655,62.0,71.0,0.5299145299145299
4887,0.719,1.0,4957.0,0.7224874873681273,0.7287532748503053,61.0,70.0,0.5213675213675214
4888,0.719,1.0,4958.0,0.7221088060075302,0.7283745934897082,60.0,70.0,0.5128205128205128
4889,0.716,1.0,4958.0,0.7217428224220739,0.7287048085133827,59.0,69.0,0.5042735042735043
4890,0.713,1.0,4959.0,0.7214673600160115,0.7284293461073204,57.0,69.0,0.48717948717948717
4891,0.714,1.0,4960.0,0.7212882475296898,0.7282502336209986,57.0,69.0,0.48717948717948717
4892,0.717,1.0,4960.0,0.7211664374903581,0.7289019775918124,57.0,68.0,0.48717948717948717
4893,0.727,1.0,4961.0,0.7211199905463539,0.7288555306478082,57.0,68.0,0.48717948717948717
4894,0.732,1.0,4962.0,0.7210113206653638,0.728746860766818,57.0,68.0,0.48717948717948717
4895,0.728,1.0,4963.0,0.7207835630652882,0.7285191031667425,57.0,68.0,0.48717948717948717
4896,0.719,1.0,4964.0,0.7204788025467197,0.728214342648174,57.0,68.0,0.48717948717948717
4897,0.716,1.0,4964.0,0.7201638344102519,0.7287588789674233,58.0,67.0,0.49572649572649574
4898,0.721,1.0,4965.0,0.7199281994035718,0.7285232439607432,58.0,67.0,0.49572649572649574
4899,0.721,1.0,4966.0,0.7196840528058293,0.7282790973630007,58.0,67.0,0.49572649572649574
4900,0.721,1.0,4967.0,0.7194286909244656,0.728023735481637,59.0,67.0,0.5042735042735043
4901,0.723,1.0,4967.0,0.7191259457271916,0.7286759952351598,59.0,66.0,0.5042735042735043
4902,0.725,1.0,4968.0,0.7188168477779201,0.7283668972858883,60.0,66.0,0.5128205128205128
4903,0.723,1.0,4969.0,0.7184424660497478,0.727992515557716,60.0,66.0,0.5128205128205128
4904,0.715,1.0,4969.0,0.7179846481749143,0.728595814294879,60.0,65.0,0.5128205128205128
4905,0.716,1.0,4970.0,0.7175998687028937,0.7282110348228584,61.0,65.0,0.5213675213675214
4906,0.717,1.0,4971.0,0.7172366855695973,0.727847851689562,61.0,65.0,0.5213675213675214
4907,0.711,1.0,4971.0,0.7168403949854361,0.7286305795631747,62.0,64.0,0.5299145299145299
4908,0.711,1.0,4972.0,0.7165528695762406,0.7283430541539793,62.0,64.0,0.5299145299145299
4909,0.711,1.0,4973.0,0.7163309955324058,0.7281211801101444,63.0,64.0,0.5384615384615384
4910,0.708,1.0,4974.0,0.7161724503100655,0.7279626348878041,63.0,64.0,0.5384615384615384
4911,0.709,1.0,4975.0,0.7161094633971627,0.7278996479749014,64.0,64.0,0.5470085470085471
4912,0.708,1.0,4976.0,0.7161299569975066,0.7279201415752452,64.0,64.0,0.5470085470085471
4913,0.709,1.0,4977.0,0.7162457787684224,0.728035963346161,65.0,64.0,0.5555555555555556
4914,0.718,1.0,4978.0,0.7164474768289841,0.7282376614067227,62.0,64.0,0.5299145299145299
4915,0.719,1.0,4979.0,0.7166370750811424,0.728427259658881,60.0,64.0,0.5128205128205128
4916,0.717,1.0,4980.0,0.7168052587930175,0.7285954433707561,59.0,64.0,0.5042735042735043
4917,0.716,1.0,4981.0,0.716976081662579,0.7287662662403176,59.0,64.0,0.5042735042735043
4918,0.718,1.0,4983.0,0.7172032724071377,0.7278144385271024,58.0,65.0,0.49572649572649574
4919,0.718,1.0,4984.0,0.7173845329745341,0.7279956990944988,59.0,65.0,0.5042735042735043
4920,0.719,1.0,4985.0,0.717563154807279,0.7281743209272437,57.0,65.0,0.48717948717948717
4921,0.724,1.0,4986.0,0.7177299612178734,0.7283411273378381,58.0,65.0,0.49572649572649574
4922,0.727,1.0,4987.0,0.7178311942070812,0.7284423603270459,58.0,65.0,0.49572649572649574
4923,0.723,1.0,4988.0,0.717834583819493,0.7284457499394578,58.0,65.0,0.49572649572649574
4924,0.721,1.0,4989.0,0.7177846568405082,0.7283958229604729,59.0,65.0,0.5042735042735043
4925,0.722,1.0,4990.0,0.7177032427080416,0.7283144088280064,58.0,65.0,0.49572649572649574
4926,0.722,1.0,4991.0,0.717578225182673,0.7281893913026377,58.0,65.0,0.49572649572649574
4927,0.724,1.0,4992.0,0.717408271029031,0.7280194371489958,59.0,65.0,0.5042735042735043
4928,0.722,1.0,4992.0,0.717127779985878,0.7289179645636166,60.0,64.0,0.5128205128205128
4929,0.717,1.0,4993.0,0.7168391348846439,0.7286293194623825,59.0,64.0,0.5042735042735043
4930,0.713,1.0,4994.0,0.7165534867260333,0.7283436713037719,60.0,64.0,0.5128205128205128
4931,0.712,1.0,4995.0,0.7163118144341281,0.7281019990118667,61.0,64.0,0.5213675213675214
4932,0.713,1.0,4996.0,0.7161220350328057,0.7279122196105443,61.0,64.0,0.5213675213675214
4933,0.708,1.0,4997.0,0.7159711769653537,0.7277613615430923,62.0,64.0,0.5299145299145299
4934,0.705,1.0,4998.0,0.7159135849885995,0.7277037695663381,63.0,64.0,0.5384615384615384
4935,0.706,1.0,4999.0,0.7159819711411056,0.7277721557188442,63.0,64.0,0.5384615384615384
4936,0.703,1.0,5000.0,0.7161658166131712,0.7279560011909099,63.0,64.0,0.5384615384615384
4937,0.704,1.0,5001.0,0.7165004354119942,0.7282906199897328,64.0,64.0,0.5470085470085471
4938,0.706,1.0,5002.0,0.7169783041005506,0.7287684886782893,65.0,64.0,0.5555555555555556
4939,0.708,1.0,5004.0,0.717623403433117,0.7282345695530817,65.0,65.0,0.5555555555555556
4940,0.707,1.0,5006.0,0.7183754741490899,0.7279255236570581,66.0,66.0,0.5641025641025641
4941,0.706,1.0,5007.0,0.7192209109300032,0.7287709604379714,67.0,66.0,0.5726495726495726
4942,0.709,1.0,5009.0,0.7202498485425746,0.728844893099746,68.0,67.0,0.5811965811965812
4943,0.718,1.0,5012.0,0.7214308701719097,0.7283928562632185,67.0,69.0,0.5726495726495726
4944,0.726,1.0,5014.0,0.7226209265430177,0.7288867140251957,68.0,70.0,0.5811965811965812
4945,0.733,1.0,5017.0,0.7237933100931597,0.7288685979537239,69.0,72.0,0.5897435897435898
4946,0.735,1.0,5021.0,0.7248707305918431,0.7285706154421945,70.0,75.0,0.5982905982905983
4947,0.738,1.0,5024.0,0.7258132624473226,0.7288101691761071,71.0,77.0,0.6068376068376068
4948,0.738,1.0,5028.0,0.7266254387593212,0.728810183764605,72.0,80.0,0.6153846153846154
4949,0.739,1.0,5032.0,0.727304506558058,0.72889718566691,73.0,83.0,0.6239316239316239
4950,0.74,1.0,5037.0,0.7278527705936055,0.7288977273569234,74.0,87.0,0.6324786324786325
4951,0.741,0.0,5017.0,0.7279553306332679,0.7375053801412361,75.0,66.0,0.6410256410256411
4952,0.738,0.0,5013.0,0.7279767105913821,0.7441498032906121,76.0,61.0,0.6495726495726496
4953,0.738,0.0,5012.0,0.7279928937501896,0.74795967486035,77.0,59.0,0.6581196581196581
4954,0.74,0.0,5012.0,0.7279608767795416,0.7501461891241642,78.0,58.0,0.6666666666666666
4955,0.739,0.0,5014.0,0.7279596834377475,0.7479264645479079,79.0,59.0,0.6752136752136753
4956,0.734,0.0,5018.0,0.7279557604711451,0.742511543900452,77.0,62.0,0.6581196581196581
4957,0.738,0.0,5026.0,0.7279590417341071,0.7349210278254159,73.0,69.0,0.6239316239316239
4958,0.736,1.0,5045.0,0.7277962603918876,0.7288412171552054,71.0,87.0,0.6068376068376068
4959,0.729,1.0,5042.0,0.7273210814437657,0.7289137605526177,71.0,83.0,0.6068376068376068
4960,0.718,1.0,5041.0,0.7268336555227866,0.7287999260275421,69.0,81.0,0.5897435897435898
4961,0.714,1.0,5040.0,0.7264420960175704,0.7288695904678858,69.0,79.0,0.5897435897435898
4962,0.719,1.0,5040.0,0.7261963159443318,0.7288935320002379,69.0,78.0,0.5897435897435898
4963,0.721,1.0,5041.0,0.7260408295333974,0.7287380455893036,69.0,78.0,0.5897435897435898
4964,0.727,1.0,5041.0,0.7259320512028702,0.7289289579316547,67.0,77.0,0.5726495726495726
4965,0.731,1.0,5042.0,0.7258228581129399,0.7288197648417244,67.0,77.0,0.5726495726495726
4966,0.733,1.0,5043.0,0.725657207492132,0.7286541142209165,67.0,77.0,0.5726495726495726
4967,0.735,1.0,5043.0,0.725399735062765,0.7287296314280811,66.0,76.0,0.5641025641025641
4968,0.73,1.0,5043.0,0.7250355930229841,0.7287354778733355,66.0,75.0,0.5641025641025641
4969,0.725,1.0,5043.0,0.724616290905681,0.728727274072738,65.0,74.0,0.5555555555555556
4970,0.714,1.0,5043.0,0.7241927253539964,0.7287604844285042,65.0,73.0,0.5555555555555556
4971,0.711,1.0,5044.0,0.723899601504868,0.7284673605793758,64.0,73.0,0.5470085470085471
4972,0.707,1.0,5044.0,0.7237343362825885,0.7288096241431528,64.0,72.0,0.5470085470085471
4973,0.7,1.0,5045.0,0.7237739736794893,0.7288492615400535,64.0,72.0,0.5470085470085471
4974,0.696,1.0,5047.0,0.7240965823014374,0.7286643413759452,64.0,73.0,0.5470085470085471
4975,0.703,1.0,5049.0,0.7247314593141101,0.728842442481167,64.0,74.0,0.5470085470085471
4976,0.705,1.0,5053.0,0.7256316177316016,0.7286285244603861,64.0,77.0,0.5470085470085471
4977,0.715,1.0,5058.0,0.7267598467660861,0.7287261172708416,64.0,81.0,0.5470085470085471
4978,0.73,0.0,5054.0,0.7279377077152767,0.7312676040805928,64.0,76.0,0.5470085470085471
4979,0.74,0.0,5032.0,0.7279701126047253,0.765541133866089,64.0,53.0,0.5470085470085471
4980,0.744,0.0,5028.0,0.7281609825911162,0.7917878370024757,64.0,48.0,0.5470085470085471
4981,0.747,0.0,5025.0,0.7279478217995814,0.8249251947783339,64.0,44.0,0.5470085470085471
4982,0.739,0.0,5025.0,0.7283356243958468,0.8360882610389051,65.0,43.0,0.5555555555555556
4983,0.741,0.0,5024.0,0.7281512386176627,0.8611791850905742,65.0,41.0,0.5555555555555556
4984,0.742,0.0,5024.0,0.7282324146050821,0.8760412440194283,65.0,40.0,0.5555555555555556
4985,0.743,0.0,5024.0,0.7281606174214471,0.8923926501040539,65.0,39.0,0.5555555555555556
4986,0.743,0.0,5025.0,0.7285462911751166,0.8927783238577234,65.0,39.0,0.5555555555555556
4987,0.742,0.0,5025.0,0.7282112504947054,0.9106912868087129,65.0,38.0,0.5555555555555556
4988,0.74,0.0,5026.0,0.7284183464669387,0.9108983827809463,65.0,38.0,0.5555555555555556
4989,0.739,0.0,5027.0,0.7285701335829384,0.911050169896946,65.0,38.0,0.5555555555555556
4990,0.741,0.0,5027.0,0.7279767652953943,0.9307323611998471,65.0,37.0,0.5555555555555556
4991,0.741,0.0,5028.0,0.7280112999338884,0.9307668958383412,65.0,37.0,0.5555555555555556
4992,0.742,0.0,5029.0,0.727978776236146,0.9307343721405988,64.0,37.0,0.5470085470085471
4993,0.741,0.0,5031.0,0.7285610391411581,0.9110410754551657,64.0,38.0,0.5470085470085471
4994,0.744,0.0,5032.0,0.7283811056878913,0.9108611420018988,64.0,38.0,0.5470085470085471
4995,0.742,0.0,5033.0,0.7280971634625379,0.9105771997765455,64.0,38.0,0.5470085470085471
4996,0.732,0.0,5035.0,0.7283587002781081,0.8925907329607149,64.0,39.0,0.5470085470085471
4997,0.727,0.0,5036.0,0.7280132641330366,0.8922452968156434,64.0,39.0,0.5470085470085471
4998,0.73,0.0,5038.0,0.7283033410783495,0.8761121704926956,64.0,40.0,0.5470085470085471
4999,0.733,0.0,5039.0,0.7280691378553903,0.8758779672697364,64.0,40.0,0.5470085470085471
5000,0.733,0.0,5041.0,0.7283478109743404,0.8613757574472519,64.0,41.0,0.5470085470085471
5001,0.732,0.0,5042.0,0.7281153565858245,0.861143303058736,64.0,41.0,0.5470085470085471
5002,0.729,0.0,5044.0,0.7283376140860587,0.8480627659116791,64.0,42.0,0.5470085470085471
5003,0.731,0.0,5045.0,0.7281400901013843,0.8478652419270046,65.0,42.0,0.5555555555555556
5004,0.727,0.0,5046.0,0.7279542684741422,0.8476794202997626,65.0,42.0,0.5555555555555556
5005,0.73,0.0,5048.0,0.728223356169695,0.8359759928127534,66.0,43.0,0.5641025641025641
5006,0.729,0.0,5049.0,0.7281146810650194,0.8358673177080778,66.0,43.0,0.5641025641025641
5007,0.729,0.0,5050.0,0.7280370583732991,0.8357896950163575,66.0,43.0,0.5641025641025641
5008,0.73,0.0,5051.0,0.7279891152129547,0.8357417518560131,67.0,43.0,0.5726495726495726
5009,0.727,0.0,5052.0,0.7279592077710942,0.8357118444141526,67.0,43.0,0.5726495726495726
5010,0.728,0.0,5053.0,0.727979769957001,0.8357324066000593,68.0,43.0,0.5811965811965812
5011,0.733,0.0,5054.0,0.7280409966546624,0.8357936332977207,69.0,43.0,0.5897435897435898
5012,0.735,0.0,5055.0,0.7280909049127788,0.8358435415558372,67.0,43.0,0.5726495726495726
5013,0.74,0.0,5056.0,0.728107033078533,0.8358596697215913,67.0,43.0,0.5726495726495726
5014,0.744,0.0,5057.0,0.7280336645267274,0.8357863011697857,66.0,43.0,0.5641025641025641
5015,0.745,0.0,5059.0,0.7281935999287927,0.8251709729075453,67.0,44.0,0.5726495726495726
5016,0.742,0.0,5061.0,0.7281699620770918,0.8154495977579691,68.0,45.0,0.5811965811965812
5017,0.74,0.0,5063.0,0.7279962861327369,0.8065479582455265,67.0,46.0,0.5726495726495726
5018,0.739,0.0,5066.0,0.7279357596770364,0.7915626140883959,67.0,48.0,0.5726495726495726
5019,0.73,0.0,5071.0,0.7280092449001403,0.7697548240794333,68.0,52.0,0.5811965811965812
5020,0.725,0.0,5078.0,0.7280007510748392,0.7501860634194618,69.0,58.0,0.5897435897435898
5021,0.723,0.0,5093.0,0.7279507437399606,0.7330260316005248,69.0,72.0,0.5897435897435898
5022,0.724,1.0,5106.0,0.7274915623135433,0.7289249735115101,70.0,84.0,0.5982905982905983
5023,0.719,1.0,5104.0,0.7269265194834333,0.7288927899881888,71.0,81.0,0.6068376068376068
5024,0.717,1.0,5103.0,0.7264527807725893,0.7288802752229048,68.0,79.0,0.5811965811965812
5025,0.72,1.0,5103.0,0.7260917000190185,0.7287889160749246,65.0,78.0,0.5555555555555556
5026,0.724,1.0,5103.0,0.7257983048212148,0.7287952115499993,64.0,77.0,0.5470085470085471
5027,0.728,1.0,5103.0,0.7255248907880911,0.7288547871534072,63.0,76.0,0.5384615384615384
5028,0.724,1.0,5103.0,0.725223975541502,0.7289238603918533,61.0,75.0,0.5213675213675214
5029,0.724,1.0,5104.0,0.7249510116817552,0.7286508965321066,61.0,75.0,0.5213675213675214
5030,0.723,1.0,5104.0,0.7246756981257292,0.7287866812927861,62.0,74.0,0.5299145299145299
5031,0.723,1.0,5105.0,0.7244349064515972,0.7285458896186542,62.0,74.0,0.5299145299145299
5032,0.724,1.0,5105.0,0.7241957454700352,0.728763504544543,60.0,73.0,0.5128205128205128
5033,0.724,1.0,5106.0,0.723976429453508,0.7285441885280158,60.0,73.0,0.5128205128205128
5034,0.727,1.0,5106.0,0.7237409485281892,0.7288162363887534,61.0,72.0,0.5213675213675214
5035,0.726,1.0,5107.0,0.7234888625582169,0.7285641504187811,61.0,72.0,0.5213675213675214
5036,0.725,1.0,5107.0,0.7231912290865836,0.7288304378205438,61.0,71.0,0.5213675213675214
5037,0.724,1.0,5108.0,0.7228953129941436,0.7285345217281037,61.0,71.0,0.5213675213675214
5038,0.723,1.0,5108.0,0.7225674892512304,0.7288332767334084,61.0,70.0,0.5213675213675214
5039,0.725,1.0,5109.0,0.7222592634266825,0.7285250509088604,61.0,70.0,0.5213675213675214
5040,0.727,1.0,5109.0,0.7218986217395258,0.7288606078308346,60.0,69.0,0.5128205128205128
5041,0.728,1.0,5110.0,0.7215083765333888,0.7284703626246977,57.0,69.0,0.48717948717948717
5042,0.726,1.0,5110.0,0.7210216315621005,0.7287571716635548,55.0,68.0,0.4700854700854701
5043,0.721,1.0,5111.0,0.7205096178522352,0.7282451579536895,51.0,68.0,0.4358974358974359
5044,0.715,1.0,5111.0,0.7199651136321794,0.7285601581893508,49.0,67.0,0.4188034188034188
5045,0.71,1.0,5112.0,0.7195092980151432,0.7281043425723146,47.0,67.0,0.4017094017094017
5046,0.708,1.0,5112.0,0.7191289726585457,0.7286790221665139,47.0,66.0,0.4017094017094017
5047,0.706,1.0,5113.0,0.7189094974833727,0.728459546991341,47.0,66.0,0.4017094017094017
5048,0.707,1.0,5114.0,0.7188370298718371,0.7283870793798053,47.0,66.0,0.4017094017094017
5049,0.711,1.0,5115.0,0.718899839491792,0.7284498889997603,46.0,66.0,0.39316239316239315
5050,0.712,1.0,5116.0,0.7190540842829645,0.7286041337909327,46.0,66.0,0.39316239316239315
5051,0.712,1.0,5117.0,0.7192899095681478,0.728839959076116,46.0,66.0,0.39316239316239315
5052,0.712,1.0,5119.0,0.7196402696013315,0.728235314158503,46.0,67.0,0.39316239316239315
5053,0.711,1.0,5120.0,0.7200463209860184,0.7286413655431898,45.0,67.0,0.38461538461538464
5054,0.712,1.0,5122.0,0.7205827706611405,0.7283183107625948,44.0,68.0,0.37606837606837606
5055,0.718,1.0,5123.0,0.7211906449937748,0.7289261850952291,44.0,68.0,0.37606837606837606
5056,0.722,1.0,5125.0,0.7218618229531523,0.7288238090444611,44.0,69.0,0.37606837606837606
5057,0.725,1.0,5127.0,0.7225308317048551,0.7287966191870331,44.0,70.0,0.37606837606837606
5058,0.726,1.0,5129.0,0.7231723327020552,0.7288115414360153,44.0,71.0,0.37606837606837606
5059,0.723,1.0,5131.0,0.7237831185908117,0.7288584064513759,44.0,72.0,0.37606837606837606
5060,0.725,1.0,5134.0,0.7244177688875284,0.7285287520545853,45.0,74.0,0.38461538461538464
5061,0.731,1.0,5136.0,0.7250292442122765,0.7287291290626279,45.0,75.0,0.38461538461538464
5062,0.732,1.0,5138.0,0.7255750457326309,0.728904942097947,46.0,76.0,0.39316239316239315
5063,0.732,1.0,5141.0,0.7260607100662817,0.7287579261221878,46.0,78.0,0.39316239316239315
5064,0.736,1.0,5143.0,0.7264688090244309,0.7288963034747463,47.0,79.0,0.4017094017094017
5065,0.734,1.0,5146.0,0.7267778199653148,0.7287440904700703,48.0,81.0,0.41025641025641024
5066,0.729,1.0,5148.0,0.7269985274667486,0.7287681709210286,48.0,82.0,0.41025641025641024
5067,0.726,1.0,5150.0,0.7271972152614334,0.7287898943702854,49.0,83.0,0.4188034188034188
5068,0.726,1.0,5152.0,0.7274092196981987,0.7288426308961655,50.0,84.0,0.42735042735042733
5069,0.727,1.0,5154.0,0.7276367825472536,0.7289268526254237,51.0,85.0,0.4358974358974359
5070,0.726,1.0,5157.0,0.7278752639446058,0.7289202207079236,52.0,87.0,0.4444444444444444
5071,0.728,0.0,5141.0,0.7279491140354978,0.7342149015176758,52.0,70.0,0.4444444444444444
5072,0.73,0.0,5135.0,0.7279717636344334,0.7410719687208096,53.0,63.0,0.452991452991453
5073,0.727,0.0,5132.0,0.7279819182106909,0.7479486993208513,54.0,59.0,0.46153846153846156
5074,0.725,0.0,5130.0,0.7279913836539261,0.7553806581534602,55.0,56.0,0.4700854700854701
5075,0.729,0.0,5128.0,0.7279578819313209,0.7655289031926846,56.0,53.0,0.47863247863247865
5076,0.734,0.0,5127.0,0.7279720216613437,0.7743559985272248,57.0,51.0,0.48717948717948717
5077,0.736,0.0,5127.0,0.728051671139771,0.7795894232129722,58.0,50.0,0.49572649572649574
5078,0.733,0.0,5127.0,0.7280430058530848,0.7853071748233084,58.0,49.0,0.49572649572649574
5079,0.735,0.0,5127.0,0.727979262853655,0.7916061172650145,59.0,48.0,0.5042735042735043
5080,0.732,0.0,5128.0,0.7280618800450558,0.7916887344564153,60.0,48.0,0.5128205128205128
5081,0.733,0.0,5129.0,0.7281248515771079,0.7917517059884674,61.0,48.0,0.5213675213675214
5082,0.731,0.0,5130.0,0.7281586032178433,0.7917854576292028,62.0,48.0,0.5299145299145299
5083,0.727,0.0,5130.0,0.7279552355556547,0.7986517404571652,63.0,47.0,0.5384615384615384
5084,0.723,0.0,5131.0,0.7280184773869791,0.7987149822884897,64.0,47.0,0.5470085470085471
5085,0.724,0.0,5132.0,0.72816494008901,0.7988614449905206,65.0,47.0,0.5555555555555556
5086,0.729,0.0,5132.0,0.7281256093236302,0.8066772814364198,66.0,46.0,0.5641025641025641
5087,0.73,0.0,5132.0,0.7280765631062909,0.8153561987871681,67.0,45.0,0.5726495726495726
5088,0.73,0.0,5132.0,0.7280061453679101,0.8249835183466626,68.0,44.0,0.5811965811965812
5089,0.733,0.0,5133.0,0.7282657546752538,0.8252431276540063,69.0,44.0,0.5897435897435898
5090,0.736,0.0,5133.0,0.7281557983692941,0.8359084350123525,70.0,43.0,0.5982905982905983
5091,0.741,0.0,5133.0,0.7279586842674377,0.8476838360930581,71.0,42.0,0.6068376068376068
5092,0.742,0.0,5134.0,0.7280483073363919,0.8477734591620123,72.0,42.0,0.6153846153846154
5093,0.742,0.0,5135.0,0.728027335930624,0.8477524877562443,72.0,42.0,0.6153846153846154
5094,0.738,0.0,5137.0,0.7282890547045933,0.8360416913476516,73.0,43.0,0.6239316239316239
5095,0.735,0.0,5138.0,0.7281024324665135,0.8358550691095719,74.0,43.0,0.6324786324786325
5096,0.734,0.0,5140.0,0.7282595192959087,0.8252368922746612,75.0,44.0,0.6410256410256411
5097,0.729,0.0,5141.0,0.7280236613861908,0.8250010343649433,76.0,44.0,0.6495726495726496
5098,0.729,0.0,5143.0,0.7281451120019136,0.8154247476827908,77.0,45.0,0.6581196581196581
5099,0.733,0.0,5144.0,0.727949058621449,0.8152286943023263,78.0,45.0,0.6666666666666666
5100,0.733,0.0,5146.0,0.7280157299602494,0.806567402073039,79.0,46.0,0.6752136752136753
5101,0.735,0.0,5148.0,0.7280335940554965,0.7987300989570071,80.0,47.0,0.6837606837606838
5102,0.737,0.0,5150.0,0.7279827976816449,0.7916096520930044,81.0,48.0,0.6923076923076923
5103,0.738,0.0,5153.0,0.7280282229217087,0.7795659749949099,77.0,50.0,0.6581196581196581
5104,0.737,0.0,5157.0,0.7280365439580062,0.7656075652193699,75.0,53.0,0.6410256410256411
5105,0.735,0.0,5163.0,0.7280149904943168,0.7502003028389395,74.0,58.0,0.6324786324786325
5106,0.735,0.0,5176.0,0.7279386339559439,0.7342044214381219,72.0,70.0,0.6153846153846154
5107,0.734,1.0,5191.0,0.7274087248974891,0.7288421360954559,71.0,84.0,0.6068376068376068
5108,0.735,1.0,5188.0,0.726617295006707,0.7288020400119909,70.0,80.0,0.5982905982905983
5109,0.74,1.0,5186.0,0.7257313258412437,0.7287282325700282,69.0,77.0,0.5897435897435898
5110,0.739,1.0,5184.0,0.72467847416755,0.728789457334607,68.0,74.0,0.5811965811965812
5111,0.738,1.0,5183.0,0.7234728712202589,0.7285481590808232,67.0,72.0,0.5726495726495726
5112,0.741,1.0,5182.0,0.7220998773089913,0.7283656647911693,66.0,70.0,0.5641025641025641
5113,0.74,1.0,5181.0,0.7205097851690783,0.7282453252705325,66.0,68.0,0.5641025641025641
5114,0.737,1.0,5180.0,0.7186943160280395,0.7282443655360077,66.0,66.0,0.5641025641025641
5115,0.738,1.0,5179.0,0.7166644765538148,0.7284546611315534,66.0,64.0,0.5641025641025641
5116,0.737,1.0,5179.0,0.714433614579004,0.7275338196653802,66.0,63.0,0.5641025641025641
5117,0.727,1.0,5178.0,0.7118965497925996,0.7280696424918296,66.0,61.0,0.5641025641025641
5118,0.705,1.0,5178.0,0.7092415875690039,0.7272116905681483,67.0,60.0,0.5726495726495726
5119,0.685,1.0,5177.0,0.7065575650629913,0.7287428774076139,67.0,58.0,0.5726495726495726
5120,0.676,1.0,5177.0,0.7041816411875437,0.7288319882371244,67.0,57.0,0.5726495726495726
5121,0.666,1.0,5178.0,0.7022129071934189,0.7268632542429996,68.0,57.0,0.5811965811965812
5122,0.67,0.0,5207.0,0.7014378103430701,0.7027278804212401,68.0,85.0,0.5811965811965812
5123,0.681,0.0,5202.0,0.7001908348208061,0.7026183292711216,68.0,79.0,0.5811965811965812
5124,0.685,0.0,5200.0,0.6991654052751383,0.7024953016404544,69.0,76.0,0.5897435897435898
5125,0.68,0.0,5199.0,0.698302730595343,0.7024137137623999,69.0,74.0,0.5897435897435898
5126,0.674,0.0,5198.0,0.6976390538449107,0.7027143417054749,70.0,72.0,0.5982905982905983
5127,0.673,0.0,5199.0,0.697271732358343,0.7023470202189073,66.0,72.0,0.5641025641025641
5128,0.67,0.0,5200.0,0.6971762257365656,0.7022515135971298,65.0,72.0,0.5555555555555556
5129,0.675,0.0,5201.0,0.6973847259921011,0.7024600138526653,64.0,72.0,0.5470085470085471
5130,0.682,0.0,5203.0,0.6978604168019348,0.7024281758764426,62.0,73.0,0.5299145299145299
5131,0.688,0.0,5205.0,0.6985120964608347,0.7026230796278916,61.0,74.0,0.5213675213675214
5132,0.693,0.0,5208.0,0.6992930739312467,0.7026229702965628,57.0,76.0,0.48717948717948717
5133,0.69,0.0,5212.0,0.7001490212226398,0.7025765156729552,55.0,79.0,0.4700854700854701
5134,0.685,0.0,5217.0,0.7011154444343752,0.7027081235432272,54.0,83.0,0.46153846153846156
5135,0.687,1.0,5197.0,0.7018063843148972,0.7163621677442041,53.0,62.0,0.452991452991453
5136,0.686,1.0,5193.0,0.7027644698172771,0.7274148168668578,53.0,57.0,0.452991452991453
5137,0.697,1.0,5194.0,0.7042492709544397,0.7288996180040204,53.0,57.0,0.452991452991453
5138,0.713,1.0,5196.0,0.7059036072995002,0.7280889196441228,52.0,58.0,0.4444444444444444
5139,0.725,1.0,5198.0,0.7074773783941908,0.7274441595043512,53.0,59.0,0.452991452991453
5140,0.731,1.0,5199.0,0.70879314848831,0.7287599295984704,53.0,59.0,0.452991452991453
5141,0.738,1.0,5201.0,0.7099379865030804,0.7279080895022247,51.0,60.0,0.4358974358974359
5142,0.733,1.0,5202.0,0.7107101435505137,0.728680246549658,52.0,60.0,0.4444444444444444
5143,0.725,1.0,5204.0,0.711299885916071,0.7274729786153009,51.0,61.0,0.4358974358974359
5144,0.715,1.0,5205.0,0.7116839995372828,0.7278570922365127,51.0,61.0,0.4358974358974359
5145,0.704,1.0,5206.0,0.712037457044905,0.7282105497441349,52.0,61.0,0.4444444444444444
5146,0.704,1.0,5207.0,0.7124860078955595,0.7286591005947894,51.0,61.0,0.4358974358974359
5147,0.71,1.0,5209.0,0.7130894883082992,0.7276452717376062,52.0,62.0,0.4444444444444444
5148,0.715,1.0,5210.0,0.7136782203959364,0.7282340038252434,51.0,62.0,0.4358974358974359
5149,0.72,1.0,5211.0,0.7142573222630357,0.7288131056923427,52.0,62.0,0.4444444444444444
5150,0.73,1.0,5213.0,0.7148247109825234,0.7279249160688996,51.0,63.0,0.4358974358974359
5151,0.728,1.0,5214.0,0.7151806408141177,0.7282808459004939,52.0,63.0,0.4444444444444444
5152,0.723,1.0,5215.0,0.7153983047025181,0.7284985097888943,52.0,63.0,0.4444444444444444
5153,0.722,1.0,5216.0,0.7155358973259613,0.7286361024123376,52.0,63.0,0.4444444444444444
5154,0.715,1.0,5217.0,0.7156063757653459,0.7287065808517221,52.0,63.0,0.4444444444444444
5155,0.714,1.0,5218.0,0.7156883767355133,0.7287885818218895,53.0,63.0,0.452991452991453
5156,0.712,1.0,5219.0,0.715793591516916,0.7288937966032922,54.0,63.0,0.46153846153846156
5157,0.712,1.0,5221.0,0.7159879181029853,0.727778102680724,53.0,64.0,0.452991452991453
5158,0.718,1.0,5222.0,0.7161897695143162,0.7279799540920548,54.0,64.0,0.46153846153846156
5159,0.723,1.0,5223.0,0.7163758137736354,0.728165998351374,55.0,64.0,0.4700854700854701
5160,0.722,1.0,5224.0,0.7164920660549996,0.7282822506327382,56.0,64.0,0.47863247863247865
5161,0.725,1.0,5225.0,0.7165513138938733,0.7283414984716119,57.0,64.0,0.48717948717948717
5162,0.721,1.0,5226.0,0.7165207519536781,0.7283109365314168,58.0,64.0,0.49572649572649574
5163,0.722,1.0,5227.0,0.7164439700568404,0.728234154634579,58.0,64.0,0.49572649572649574
5164,0.723,1.0,5228.0,0.7163096182907313,0.7280998028684699,59.0,64.0,0.5042735042735043
5165,0.718,1.0,5229.0,0.7161050306932356,0.7278952152709742,60.0,64.0,0.5128205128205128
5166,0.706,1.0,5230.0,0.7158834834190213,0.7276736679967599,61.0,64.0,0.5213675213675214
5167,0.705,1.0,5230.0,0.7157343901528495,0.7288345952392257,62.0,63.0,0.5299145299145299
5168,0.71,1.0,5231.0,0.7157509701937612,0.7288511752801374,63.0,63.0,0.5384615384615384
5169,0.718,1.0,5233.0,0.7158773764645869,0.7276675610423256,64.0,64.0,0.5470085470085471
5170,0.722,1.0,5234.0,0.7159431644391694,0.727733349016908,65.0,64.0,0.5555555555555556
5171,0.72,1.0,5235.0,0.715946091073471,0.7277362756512096,66.0,64.0,0.5641025641025641
5172,0.722,1.0,5236.0,0.7159080015540926,0.7276981861318312,67.0,64.0,0.5726495726495726
5173,0.728,1.0,5236.0,0.7157644697510035,0.7288646748373797,68.0,63.0,0.5811965811965812
5174,0.727,1.0,5237.0,0.7155317346594383,0.7286319397458145,69.0,63.0,0.5897435897435898
5175,0.723,1.0,5238.0,0.7151768006897674,0.7282770057761436,70.0,63.0,0.5982905982905983
5176,0.719,1.0,5239.0,0.714739947940628,0.7278401530270042,70.0,63.0,0.5982905982905983
5177,0.72,1.0,5239.0,0.7142129442936198,0.7287687277229268,69.0,62.0,0.5897435897435898
5178,0.725,1.0,5240.0,0.7136745771137029,0.7282303605430098,67.0,62.0,0.5726495726495726
5179,0.724,1.0,5241.0,0.7130155890009343,0.7275713724302413,66.0,62.0,0.5641025641025641
5180,0.717,1.0,5241.0,0.7121869774480671,0.7283600701472971,66.0,61.0,0.5641025641025641
5181,0.714,1.0,5242.0,0.7113632812436435,0.7275363739428734,66.0,61.0,0.5641025641025641
5182,0.712,1.0,5242.0,0.7104577341250307,0.728427837124175,66.0,60.0,0.5641025641025641
5183,0.711,1.0,5243.0,0.7096001214076729,0.7275702244068173,66.0,60.0,0.5641025641025641
5184,0.699,1.0,5243.0,0.7086683908638547,0.7286351719740151,66.0,59.0,0.5641025641025641
5185,0.69,1.0,5244.0,0.707917333445368,0.7278841145555284,67.0,59.0,0.5726495726495726
5186,0.703,1.0,5245.0,0.7073737330488417,0.727340514159002,67.0,59.0,0.5726495726495726
5187,0.716,1.0,5246.0,0.706887525578712,0.7268543066888724,68.0,59.0,0.5811965811965812
5188,0.719,1.0,5246.0,0.7062319711603728,0.7284172835049955,68.0,58.0,0.5811965811965812
5189,0.714,1.0,5247.0,0.7055196712954487,0.7277049836400713,69.0,58.0,0.5897435897435898
5190,0.712,1.0,5248.0,0.7047216577100817,0.7269069700547043,70.0,58.0,0.5982905982905983
5191,0.707,1.0,5248.0,0.7037661642683566,0.7284165113179373,70.0,57.0,0.5982905982905983
5192,0.702,1.0,5249.0,0.702868799853297,0.7275191469028777,71.0,57.0,0.6068376068376068
5193,0.701,1.0,5250.0,0.7019910137780943,0.7266413608276749,71.0,57.0,0.6068376068376068
5194,0.698,1.0,5265.0,0.7017711114336044,0.7074103201675646,71.0,71.0,0.6068376068376068
5195,0.694,0.0,5278.0,0.7010956246363823,0.7026883037452343,72.0,83.0,0.6153846153846154
5196,0.689,0.0,5275.0,0.7003306948007524,0.7027581892510678,72.0,79.0,0.6153846153846154
5197,0.682,0.0,5274.0,0.6997018946031988,0.7026988013319833,72.0,77.0,0.6153846153846154
5198,0.686,0.0,5274.0,0.6992792876806742,0.7026091840459903,71.0,76.0,0.6068376068376068
5199,0.697,0.0,5274.0,0.6990042283990459,0.7027041132493972,69.0,75.0,0.5897435897435898
5200,0.707,0.0,5275.0,0.6987659262920023,0.7024658111423536,68.0,75.0,0.5811965811965812
5201,0.713,0.0,5275.0,0.6984230953039563,0.7025340784710132,67.0,74.0,0.5726495726495726
5202,0.705,0.0,5275.0,0.6979182987081767,0.7024860577826845,66.0,73.0,0.5641025641025641
5203,0.698,0.0,5275.0,0.6973348165424882,0.7024101044030524,66.0,72.0,0.5641025641025641
5204,0.696,0.0,5275.0,0.6967439434494936,0.7023831521834538,66.0,71.0,0.5641025641025641
5205,0.697,0.0,5275.0,0.6961613363948266,0.7024271238770046,65.0,70.0,0.5555555555555556
5206,0.7,0.0,5275.0,0.6955694108556578,0.7025313969469666,65.0,69.0,0.5555555555555556
5207,0.698,0.0,5275.0,0.6949282565482189,0.7026637966496732,64.0,68.0,0.5470085470085471
5208,0.707,0.0,5276.0,0.6942832217911152,0.7020187618925695,64.0,68.0,0.5470085470085471
5209,0.704,0.0,5276.0,0.6934696644685376,0.702064709025709,64.0,67.0,0.5470085470085471
5210,0.7,0.0,5276.0,0.6925391034178328,0.702089152925801,64.0,66.0,0.5470085470085471
5211,0.696,0.0,5276.0,0.6915256435162145,0.7021368096361792,64.0,65.0,0.5470085470085471
5212,0.689,0.0,5276.0,0.6904624685425544,0.7022526531202931,64.0,64.0,0.5470085470085471
5213,0.686,0.0,5276.0,0.6894155432193672,0.7025157483057434,64.0,63.0,0.5470085470085471
5214,0.685,0.0,5277.0,0.6884577281246798,0.701557933211056,64.0,63.0,0.5470085470085471
5215,0.677,0.0,5277.0,0.6874922884579211,0.7020480718872281,64.0,62.0,0.5470085470085471
5216,0.673,0.0,5278.0,0.6867000441106302,0.7012558275399372,64.0,62.0,0.5470085470085471
5217,0.674,0.0,5278.0,0.6860090695727383,0.7021821622719683,63.0,61.0,0.5384615384615384
5218,0.676,0.0,5279.0,0.6855146042027369,0.7016876969019669,63.0,61.0,0.5384615384615384
5219,0.673,0.0,5280.0,0.6851321641633632,0.7013052568625932,63.0,61.0,0.5384615384615384
5220,0.673,0.0,5281.0,0.6848906632110985,0.7010637559103284,64.0,61.0,0.5470085470085471
5221,0.682,0.0,5281.0,0.6847246664023559,0.7026947694015002,64.0,60.0,0.5470085470085471
5222,0.694,0.0,5282.0,0.6846586487484889,0.7026287517476333,64.0,60.0,0.5470085470085471
5223,0.694,0.0,5283.0,0.6844957142318231,0.7024658172309675,64.0,60.0,0.5470085470085471
5224,0.686,0.0,5284.0,0.6842338538519122,0.7022039568510565,64.0,60.0,0.5470085470085471
5225,0.685,0.0,5285.0,0.6839593968819784,0.7019294998811227,64.0,60.0,0.5470085470085471
5226,0.682,0.0,5286.0,0.6836805089486842,0.7016506119478285,64.0,60.0,0.5470085470085471
5227,0.671,0.0,5287.0,0.6834269706489984,0.7013970736481427,64.0,60.0,0.5470085470085471
5228,0.671,0.0,5288.0,0.6833181587390775,0.7012882617382219,64.0,60.0,0.5470085470085471
5229,0.67,0.0,5289.0,0.6833530249828331,0.7013231279819775,64.0,60.0,0.5470085470085471
5230,0.669,0.0,5290.0,0.6835433421746031,0.7015134451737475,63.0,60.0,0.5384615384615384
5231,0.673,0.0,5291.0,0.683902449556351,0.7018725525554954,63.0,60.0,0.5384615384615384
5232,0.667,0.0,5292.0,0.6843897319805194,0.7023598349796638,64.0,60.0,0.5470085470085471
5233,0.672,0.0,5294.0,0.6851397306577776,0.7013128233570075,64.0,61.0,0.5470085470085471
5234,0.675,0.0,5295.0,0.6859796057106782,0.7021526984099081,64.0,61.0,0.5470085470085471
5235,0.679,0.0,5297.0,0.6870038960082511,0.701559679437558,64.0,62.0,0.5470085470085471
5236,0.676,0.0,5298.0,0.6880663571042184,0.7026221405335253,63.0,62.0,0.5384615384615384
5237,0.678,0.0,5300.0,0.6893194112400147,0.7024196163263909,63.0,63.0,0.5384615384615384
5238,0.686,0.0,5302.0,0.6906990708880298,0.7024892554657685,63.0,64.0,0.5384615384615384
5239,0.69,0.0,5304.0,0.6921307314525507,0.7027418975725154,62.0,65.0,0.5299145299145299
5240,0.691,0.0,5307.0,0.6936191122162156,0.702214156773387,62.0,67.0,0.5299145299145299
5241,0.69,0.0,5310.0,0.695126594621205,0.7020885807125138,61.0,69.0,0.5213675213675214
5242,0.686,0.0,5313.0,0.6966826721841983,0.7023218809181585,60.0,71.0,0.5128205128205128
5243,0.688,0.0,5317.0,0.6983659945747178,0.7024769777417748,59.0,74.0,0.5042735042735043
5244,0.697,0.0,5323.0,0.7001712039960053,0.7025986984463207,59.0,79.0,0.5042735042735043
5245,0.707,1.0,5313.0,0.7017719555076922,0.7095074956091465,59.0,68.0,0.5042735042735043
5246,0.72,1.0,5303.0,0.7029098543164123,0.727560201365993,58.0,57.0,0.49572649572649574
5247,0.729,1.0,5305.0,0.7045445969471507,0.7267299092917733,58.0,58.0,0.49572649572649574
5248,0.729,1.0,5306.0,0.7058298124898534,0.7280151248344761,57.0,58.0,0.48717948717948717
5249,0.725,1.0,5308.0,0.7069446179879377,0.7269113990980981,57.0,59.0,0.48717948717948717
5250,0.729,1.0,5309.0,0.7077883148841818,0.7277550959943422,57.0,59.0,0.48717948717948717
5251,0.73,1.0,5310.0,0.708403756134589,0.7283705372447493,58.0,59.0,0.49572649572649574
5252,0.726,1.0,5311.0,0.7087875831325628,0.7287543642427232,59.0,59.0,0.5042735042735043
5253,0.722,1.0,5313.0,0.7090565602640584,0.7270266632632028,60.0,60.0,0.5128205128205128
5254,0.719,1.0,5314.0,0.7091190151969702,0.7270891181961145,61.0,60.0,0.5213675213675214
5255,0.715,1.0,5315.0,0.7090783965536003,0.7270484995527446,62.0,60.0,0.5299145299145299
5256,0.711,1.0,5315.0,0.7089100138348815,0.7288767949450419,63.0,59.0,0.5384615384615384
5257,0.706,1.0,5316.0,0.7087947031691666,0.728761484279327,64.0,59.0,0.5470085470085471
5258,0.706,1.0,5317.0,0.708718179261359,0.7286849603715194,65.0,59.0,0.5555555555555556
5259,0.705,1.0,5318.0,0.708679392178005,0.7286461732881654,66.0,59.0,0.5641025641025641
5260,0.704,1.0,5319.0,0.7086893268187564,0.7286561079289168,67.0,59.0,0.5726495726495726
5261,0.684,1.0,5320.0,0.7087587002556768,0.7287254813658371,68.0,59.0,0.5811965811965812
5262,0.673,1.0,5322.0,0.7091795800807641,0.7271496830799085,69.0,60.0,0.5897435897435898
5263,0.678,1.0,5323.0,0.7099402597678066,0.727910362766951,70.0,60.0,0.5982905982905983
5264,0.68,1.0,5325.0,0.7111242122009338,0.7272973049001638,71.0,61.0,0.6068376068376068
5265,0.689,1.0,5326.0,0.7125984218724183,0.7287715145716482,71.0,61.0,0.6068376068376068
5266,0.691,1.0,5329.0,0.7144431329625188,0.727543338048895,72.0,63.0,0.6153846153846154
5267,0.71,1.0,5331.0,0.7164940317677546,0.7282842163454932,73.0,64.0,0.6239316239316239
5268,0.732,1.0,5334.0,0.7186513593070172,0.7282014088149854,74.0,66.0,0.6324786324786325
5269,0.746,1.0,5337.0,0.7206474652149624,0.7283830053164166,75.0,68.0,0.6410256410256411
5270,0.736,1.0,5340.0,0.7223543500185774,0.7286201375007554,76.0,70.0,0.6495726495726496
5271,0.733,1.0,5344.0,0.7239193696379791,0.7284871287124869,77.0,73.0,0.6581196581196581
5272,0.737,1.0,5348.0,0.7253696115389152,0.7286995079042313,78.0,76.0,0.6666666666666666
5273,0.737,1.0,5353.0,0.7266904297378203,0.7288751747431041,79.0,80.0,0.6752136752136753
5274,0.742,1.0,5362.0,0.7279005844346192,0.7288410455216052,77.0,88.0,0.6581196581196581
5275,0.744,0.0,5330.0,0.727941464883268,0.7583739921049726,69.0,55.0,0.5897435897435898
5276,0.743,0.0,5326.0,0.7280801068724245,0.7796178589456257,64.0,50.0,0.5470085470085471
5277,0.742,0.0,5324.0,0.7281296577298615,0.7988261626313721,63.0,47.0,0.5384615384615384
5278,0.739,0.0,5323.0,0.7281390886866154,0.8154187243674926,61.0,45.0,0.5213675213675214
5279,0.741,0.0,5323.0,0.728296861656492,0.8252742346352445,61.0,44.0,0.5213675213675214
5280,0.741,0.0,5323.0,0.7283134886447742,0.8360661252878325,61.0,43.0,0.5213675213675214
5281,0.739,0.0,5323.0,0.7281891543957761,0.8479143062213965,60.0,42.0,0.5128205128205128
5282,0.737,0.0,5323.0,0.7279446996400645,0.860972646112976,60.0,41.0,0.5128205128205128
5283,0.736,0.0,5324.0,0.7281058367795926,0.8611337832525041,60.0,41.0,0.5128205128205128
5284,0.733,0.0,5325.0,0.7282291814817317,0.8612571279546432,60.0,41.0,0.5128205128205128
5285,0.734,0.0,5326.0,0.7283486674147093,0.8613766138876208,60.0,41.0,0.5128205128205128
5286,0.736,0.0,5326.0,0.7279516654512246,0.8757604948655707,60.0,40.0,0.5128205128205128
5287,0.733,0.0,5327.0,0.7280199096292166,0.8758287390435627,60.0,40.0,0.5128205128205128
5288,0.73,0.0,5328.0,0.7280828410893943,0.8758916705037404,60.0,40.0,0.5128205128205128
5289,0.729,0.0,5329.0,0.7281793934331438,0.8759882228474899,60.0,40.0,0.5128205128205128
5290,0.731,0.0,5330.0,0.7283240843990186,0.8761329138133648,60.0,40.0,0.5128205128205128
5291,0.734,0.0,5330.0,0.727942638684857,0.8921746713674638,60.0,39.0,0.5128205128205128
5292,0.735,0.0,5331.0,0.728105869372605,0.8923379020552118,60.0,39.0,0.5128205128205128
5293,0.733,0.0,5332.0,0.7282528322714705,0.8924848649540773,61.0,39.0,0.5213675213675214
5294,0.737,0.0,5333.0,0.7284038385703848,0.8926358712529916,61.0,39.0,0.5213675213675214
5295,0.737,0.0,5334.0,0.7285105032083927,0.8927425358909995,61.0,39.0,0.5213675213675214
5296,0.736,0.0,5334.0,0.7279852827299282,0.9104653190439358,62.0,38.0,0.5299145299145299
5297,0.734,0.0,5335.0,0.7280279379680819,0.9105079742820894,62.0,38.0,0.5299145299145299
5298,0.734,0.0,5336.0,0.7280689693532659,0.9105490056672735,62.0,38.0,0.5299145299145299
5299,0.736,0.0,5337.0,0.7281106575901231,0.9105906939041306,63.0,38.0,0.5384615384615384
5300,0.736,0.0,5338.0,0.7281332605436748,0.9106132968576823,63.0,38.0,0.5384615384615384
5301,0.74,0.0,5339.0,0.7281411591691977,0.9106211954832053,64.0,38.0,0.5470085470085471
5302,0.745,0.0,5340.0,0.7280839461309174,0.910563982444925,64.0,38.0,0.5470085470085471
5303,0.742,0.0,5342.0,0.7285016596809781,0.8927336923635849,64.0,39.0,0.5470085470085471
5304,0.739,0.0,5343.0,0.7282319207355064,0.8924639534181131,64.0,39.0,0.5470085470085471
5305,0.737,0.0,5345.0,0.728431005769349,0.8762398351836952,64.0,40.0,0.5470085470085471
5306,0.736,0.0,5346.0,0.728052945178173,0.8758617745925191,64.0,40.0,0.5470085470085471
5307,0.74,0.0,5348.0,0.7281216519403455,0.861149598413257,64.0,41.0,0.5470085470085471
5308,0.742,0.0,5350.0,0.7280807117494764,0.8478058635750968,64.0,42.0,0.5470085470085471
5309,0.737,0.0,5353.0,0.7282595500619409,0.8252369230406934,64.0,44.0,0.5470085470085471
5310,0.734,0.0,5355.0,0.7279365136624112,0.8152161493432885,63.0,45.0,0.5384615384615384
5311,0.74,0.0,5359.0,0.7280288612603107,0.7916557156716703,63.0,48.0,0.5384615384615384
5312,0.736,0.0,5364.0,0.7279626870138965,0.7697082661931895,64.0,52.0,0.5470085470085471
5313,0.73,0.0,5374.0,0.7279432427075212,0.7441163354067512,62.0,61.0,0.5299145299145299
5314,0.73,1.0,5399.0,0.7275553236191883,0.7288453936973583,62.0,85.0,0.5299145299145299
5315,0.728,1.0,5395.0,0.7266117652126773,0.7287965102179612,61.0,80.0,0.5213675213675214
5316,0.726,1.0,5393.0,0.7256555104776026,0.7286524172063871,61.0,77.0,0.5213675213675214
5317,0.727,1.0,5391.0,0.724686137105784,0.7287971202728409,60.0,74.0,0.5128205128205128
5318,0.726,1.0,5390.0,0.7236972170076648,0.728772504868229,60.0,72.0,0.5128205128205128
5319,0.728,1.0,5390.0,0.7226982888943809,0.7283374976283411,60.0,71.0,0.5128205128205128
5320,0.725,1.0,5389.0,0.7216167418209778,0.7285787279122866,60.0,69.0,0.5128205128205128
5321,0.728,1.0,5389.0,0.7205189429430807,0.728254483044535,61.0,68.0,0.5213675213675214
5322,0.724,1.0,5388.0,0.7193054052767551,0.7288554547847234,61.0,66.0,0.5213675213675214
5323,0.722,1.0,5388.0,0.7180690597858549,0.7286802259058196,55.0,65.0,0.4700854700854701
5324,0.723,1.0,5388.0,0.716789037181464,0.7285792217592026,54.0,64.0,0.46153846153846156
5325,0.722,1.0,5388.0,0.7154400038790893,0.7285402089654656,53.0,63.0,0.452991452991453
5326,0.72,1.0,5388.0,0.7140180817309265,0.7285738651602335,50.0,62.0,0.42735042735042733
5327,0.713,1.0,5388.0,0.7125296938242189,0.7287027865234489,50.0,61.0,0.42735042735042733
5328,0.706,1.0,5389.0,0.7110974529240521,0.7272705456232821,50.0,61.0,0.42735042735042733
5329,0.706,1.0,5389.0,0.7096666150220635,0.7276367180212079,49.0,60.0,0.4188034188034188
5330,0.709,1.0,5389.0,0.7082765172869865,0.7282432983971469,47.0,59.0,0.4017094017094017
5331,0.708,1.0,5390.0,0.7069539393583519,0.7269207204685123,46.0,59.0,0.39316239316239315
5332,0.707,1.0,5390.0,0.7055517358807708,0.7277370482253934,46.0,58.0,0.39316239316239315
5333,0.702,1.0,5390.0,0.7041334405796423,0.728783787629223,46.0,57.0,0.39316239316239315
5334,0.691,1.0,5391.0,0.7028322620152947,0.7274826090648754,44.0,57.0,0.37606837606837606
5335,0.684,1.0,5394.0,0.7018251726657675,0.7217919537759279,44.0,59.0,0.37606837606837606
5336,0.683,0.0,5421.0,0.7014592481536513,0.7027493182318214,44.0,85.0,0.37606837606837606
5337,0.684,0.0,5418.0,0.7006817095094415,0.702647980014197,43.0,81.0,0.36752136752136755
5338,0.687,0.0,5417.0,0.7000974891764322,0.7025249836267476,43.0,79.0,0.36752136752136755
5339,0.694,0.0,5416.0,0.6996560254095543,0.7026529321383388,43.0,77.0,0.36752136752136755
5340,0.694,0.0,5416.0,0.6992866436246473,0.7026165399899634,42.0,76.0,0.358974358974359
5341,0.692,0.0,5416.0,0.698976002324458,0.7026758871748093,43.0,75.0,0.36752136752136755
5342,0.692,0.0,5417.0,0.6987569511967172,0.7024568360470685,43.0,75.0,0.36752136752136755
5343,0.693,0.0,5417.0,0.6986003061725369,0.7027112893395938,43.0,74.0,0.36752136752136755
5344,0.688,0.0,5418.0,0.6985215517820373,0.7026325349490943,43.0,74.0,0.36752136752136755
5345,0.685,0.0,5419.0,0.6985611618396363,0.7026721450066933,43.0,74.0,0.36752136752136755
5346,0.685,0.0,5421.0,0.6987668871331857,0.702466771983537,43.0,75.0,0.36752136752136755
5347,0.686,0.0,5423.0,0.6991254473697026,0.7024553437350187,44.0,76.0,0.37606837606837606
5348,0.687,0.0,5425.0,0.6996296180753128,0.7026265248040973,43.0,77.0,0.36752136752136755
5349,0.699,0.0,5428.0,0.7002827656816122,0.7027102601319276,44.0,79.0,0.37606837606837606
5350,0.708,0.0,5432.0,0.7009538367960849,0.7027234802503649,44.0,82.0,0.37606837606837606
5351,0.712,0.0,5437.0,0.7015459242852637,0.7027069873556169,45.0,86.0,0.38461538461538464
5352,0.713,1.0,5420.0,0.7017828948529226,0.7095184349543768,46.0,68.0,0.39316239316239315
5353,0.712,1.0,5413.0,0.7017756131349815,0.7197457161341259,45.0,60.0,0.38461538461538464
5354,0.712,1.0,5411.0,0.7017834582544302,0.7264338053040109,46.0,57.0,0.39316239316239315
5355,0.711,1.0,5412.0,0.7019051223824344,0.7265554694320151,46.0,57.0,0.39316239316239315
5356,0.708,1.0,5413.0,0.7019343080406879,0.7265846550902686,47.0,57.0,0.4017094017094017
5357,0.699,1.0,5414.0,0.7019039852326715,0.7265543322822522,48.0,57.0,0.41025641025641024
5358,0.692,1.0,5415.0,0.7019160485433977,0.7265663955929784,49.0,57.0,0.4188034188034188
5359,0.693,1.0,5416.0,0.7020487990034359,0.7266991460530166,49.0,57.0,0.4188034188034188
5360,0.701,1.0,5417.0,0.7022939238412071,0.7269442708907878,50.0,57.0,0.42735042735042733
5361,0.709,1.0,5418.0,0.7025629354549618,0.7272132825045425,51.0,57.0,0.4358974358974359
5362,0.711,1.0,5419.0,0.7027691685155962,0.7274195155651769,51.0,57.0,0.4358974358974359
5363,0.706,1.0,5420.0,0.7028930166260116,0.7275433636755922,52.0,57.0,0.4444444444444444
5364,0.702,1.0,5421.0,0.7029913854841454,0.7276417325337261,52.0,57.0,0.4444444444444444
5365,0.702,1.0,5422.0,0.7031097865740207,0.7277601336236014,53.0,57.0,0.452991452991453
5366,0.702,1.0,5423.0,0.7032496392542379,0.7278999863038186,54.0,57.0,0.46153846153846156
5367,0.707,1.0,5424.0,0.7034122249922621,0.7280625720418428,55.0,57.0,0.4700854700854701
5368,0.705,1.0,5425.0,0.7035432368644622,0.7281935839140429,56.0,57.0,0.47863247863247865
5369,0.707,1.0,5426.0,0.7036666511794677,0.7283169982290484,57.0,57.0,0.48717948717948717
5370,0.699,1.0,5427.0,0.7037619543057614,0.7284123013553421,58.0,57.0,0.49572649572649574
5371,0.701,1.0,5428.0,0.7039190810819909,0.7285694281315716,59.0,57.0,0.5042735042735043
5372,0.702,1.0,5429.0,0.7041171529491301,0.7287674999987108,60.0,57.0,0.5128205128205128
5373,0.704,1.0,5431.0,0.7044286187137225,0.7266139310583452,61.0,58.0,0.5213675213675214
5374,0.711,1.0,5432.0,0.704672978172951,0.7268582905175737,61.0,58.0,0.5213675213675214
5375,0.715,1.0,5433.0,0.7048552109257835,0.7270405232704061,62.0,58.0,0.5299145299145299
5376,0.711,1.0,5434.0,0.7049327805713389,0.7271180929159615,63.0,58.0,0.5384615384615384
5377,0.706,1.0,5435.0,0.7049514488217392,0.7271367611663618,64.0,58.0,0.5470085470085471
5378,0.708,1.0,5436.0,0.704967013686985,0.7271523260316076,65.0,58.0,0.5555555555555556
5379,0.717,1.0,5437.0,0.7049566435636292,0.7271419559082518,66.0,58.0,0.5641025641025641
5380,0.713,1.0,5438.0,0.7048199429925541,0.7270052553371767,67.0,58.0,0.5726495726495726
5381,0.703,1.0,5439.0,0.7046002345232966,0.7267855468679192,68.0,58.0,0.5811965811965812
5382,0.701,1.0,5440.0,0.7044058144143879,0.7265911267590105,69.0,58.0,0.5897435897435898
5383,0.708,1.0,5440.0,0.704176935922578,0.7288272829721587,70.0,57.0,0.5982905982905983
5384,0.715,1.0,5441.0,0.7039947094064036,0.7286450564559843,71.0,57.0,0.6068376068376068
5385,0.717,1.0,5442.0,0.7036993744075095,0.7283497214570902,72.0,57.0,0.6153846153846154
5386,0.72,1.0,5443.0,0.703265323412751,0.7279156704623317,73.0,57.0,0.6239316239316239
5387,0.724,1.0,5444.0,0.7026545430124993,0.72730489006208,74.0,57.0,0.6324786324786325
5388,0.725,1.0,5445.0,0.7018166066931644,0.7264669537427451,69.0,57.0,0.5897435897435898
5389,0.721,0.0,5475.0,0.7015180327093276,0.7026790957796807,65.0,86.0,0.5555555555555556
5390,0.719,0.0,5469.0,0.7001760409073104,0.7026035353576259,61.0,79.0,0.5213675213675214
5391,0.72,0.0,5465.0,0.6986120094649968,0.7027229926320537,60.0,74.0,0.5128205128205128
5392,0.712,0.0,5463.0,0.6968165946819371,0.7024558034158973,61.0,71.0,0.5213675213675214
5393,0.697,0.0,5461.0,0.6948357976399763,0.7025713377414305,61.0,68.0,0.5213675213675214
5394,0.694,0.0,5460.0,0.6928429573372207,0.7023930068451889,61.0,66.0,0.5213675213675214
5395,0.689,0.0,5459.0,0.6908266550884938,0.7026168396662325,61.0,64.0,0.5213675213675214
5396,0.674,0.0,5459.0,0.6888653307661561,0.7019655358525323,62.0,63.0,0.5299145299145299
5397,0.664,0.0,5459.0,0.6870691767856647,0.7016249602149717,63.0,62.0,0.5384615384615384
5398,0.666,0.0,5459.0,0.6855293469916807,0.7017024396909106,64.0,61.0,0.5470085470085471
5399,0.665,0.0,5459.0,0.6842065099420487,0.702176612941193,64.0,60.0,0.5470085470085471
5400,0.665,0.0,5460.0,0.6831623384061731,0.7011324414053175,65.0,60.0,0.5555555555555556
5401,0.667,0.0,5460.0,0.6822612367674057,0.7022280178775661,66.0,59.0,0.5641025641025641
5402,0.664,0.0,5461.0,0.6816017950146938,0.7015685761248541,67.0,59.0,0.5726495726495726
5403,0.658,0.0,5462.0,0.6811449276443657,0.7011117087545261,68.0,59.0,0.5811965811965812
5404,0.655,0.0,5463.0,0.6809530447078826,0.700919825818043,69.0,59.0,0.5897435897435898
5405,0.657,0.0,5464.0,0.6810563596757262,0.7010231407858866,70.0,59.0,0.5982905982905983
5406,0.653,0.0,5465.0,0.681433230792825,0.7014000119029854,71.0,59.0,0.6068376068376068
5407,0.654,0.0,5466.0,0.6821330360875639,0.7020998171977243,72.0,59.0,0.6153846153846154
5408,0.667,0.0,5468.0,0.6832166595365669,0.7011867625357112,73.0,60.0,0.6239316239316239
5409,0.674,0.0,5469.0,0.6844234177434838,0.7023935207426282,74.0,60.0,0.6324786324786325
5410,0.685,0.0,5471.0,0.6858093505031018,0.7019824432023317,75.0,61.0,0.6410256410256411
5411,0.687,0.0,5473.0,0.6872020118131095,0.7017577952424164,75.0,62.0,0.6410256410256411
5412,0.691,0.0,5475.0,0.6885984498865478,0.701698654972924,75.0,63.0,0.6410256410256411
5413,0.688,0.0,5477.0,0.6899692245068643,0.7017594090846029,74.0,64.0,0.6324786324786325
5414,0.68,0.0,5479.0,0.6913634121234746,0.7019745782434393,74.0,65.0,0.6324786324786325
5415,0.69,0.0,5481.0,0.6928840274195183,0.7024340769274865,74.0,66.0,0.6324786324786325
5416,0.702,0.0,5484.0,0.6944658126024963,0.7022013527039506,71.0,68.0,0.6068376068376068
5417,0.723,0.0,5487.0,0.6959550829498824,0.7022208704320604,68.0,70.0,0.5811965811965812
5418,0.724,0.0,5489.0,0.6971183718841583,0.7027575806181184,66.0,71.0,0.5641025641025641
5419,0.719,0.0,5492.0,0.6979994651079298,0.7025672241824376,65.0,73.0,0.5555555555555556
5420,0.717,0.0,5494.0,0.6986287276444836,0.7027397108115405,64.0,74.0,0.5470085470085471
5421,0.715,0.0,5496.0,0.699053702656991,0.7027535875073423,62.0,75.0,0.5299145299145299
5422,0.713,0.0,5498.0,0.6993018782602415,0.7026317746255576,62.0,76.0,0.5299145299145299
5423,0.712,0.0,5499.0,0.6993869164301338,0.70271681279545,61.0,76.0,0.5213675213675214
5424,0.709,0.0,5500.0,0.6993331184020717,0.7026630147673878,61.0,76.0,0.5213675213675214
5425,0.702,0.0,5501.0,0.6991731198566311,0.7025030162219472,60.0,76.0,0.5128205128205128
5426,0.698,0.0,5501.0,0.698970402152217,0.7026702870025683,60.0,75.0,0.5128205128205128
5427,0.697,0.0,5502.0,0.6987923899448227,0.7024922747951741,60.0,75.0,0.5128205128205128
5428,0.696,0.0,5502.0,0.6986217622554642,0.7027327454225212,59.0,74.0,0.5042735042735043
5429,0.692,0.0,5503.0,0.6984957138998397,0.7026066970668966,59.0,74.0,0.5042735042735043
5430,0.69,0.0,5504.0,0.6984433200970424,0.7025543032640993,60.0,74.0,0.5128205128205128
5431,0.695,0.0,5505.0,0.6984862793351647,0.7025972625022217,60.0,74.0,0.5128205128205128
5432,0.7,0.0,5506.0,0.6985695566570256,0.7026805398240825,59.0,74.0,0.5042735042735043
5433,0.7,0.0,5507.0,0.6986385261379975,0.7027495093050544,59.0,74.0,0.5042735042735043
5434,0.699,0.0,5509.0,0.6987073515834197,0.702407236433771,59.0,75.0,0.5042735042735043
5435,0.702,0.0,5510.0,0.6987605405020595,0.7024604253524108,59.0,75.0,0.5042735042735043
5436,0.705,0.0,5511.0,0.6987791764340612,0.7024790612844125,59.0,75.0,0.5042735042735043
5437,0.701,0.0,5512.0,0.6987300630089219,0.7024299478592733,58.0,75.0,0.49572649572649574
5438,0.695,0.0,5512.0,0.6986433899193373,0.7027543730863942,58.0,74.0,0.49572649572649574
5439,0.693,0.0,5513.0,0.6986124312144392,0.7027234143814961,58.0,74.0,0.49572649572649574
5440,0.688,0.0,5514.0,0.6986453777205692,0.7027563608876262,57.0,74.0,0.48717948717948717
5441,0.687,0.0,5516.0,0.6988117194736989,0.7025116043240502,57.0,75.0,0.48717948717948717
5442,0.689,0.0,5518.0,0.6991093551316254,0.7024392514969415,57.0,76.0,0.48717948717948717
5443,0.69,0.0,5520.0,0.69951966046278,0.7025165671915645,57.0,77.0,0.48717948717948717
5444,0.692,0.0,5522.0,0.700036381768044,0.7027335978239501,57.0,78.0,0.48717948717948717
5445,0.7,0.0,5526.0,0.7006586920452889,0.7026249625500444,57.0,81.0,0.48717948717948717
5446,0.707,0.0,5530.0,0.7012817500244721,0.7027151612224389,58.0,84.0,0.49572649572649574
5447,0.711,1.0,5524.0,0.7017692648744802,0.7047661716032647,59.0,77.0,0.5042735042735043
5448,0.72,1.0,5509.0,0.7017669087114975,0.7179400014107274,60.0,61.0,0.5128205128205128
5449,0.727,1.0,5507.0,0.7018095632998905,0.7239948756445131,61.0,58.0,0.5213675213675214
5450,0.727,1.0,5508.0,0.7017811182951829,0.7239664306398055,62.0,58.0,0.5299145299145299
5451,0.726,1.0,5514.0,0.7017826195139989,0.7148828246003751,63.0,63.0,0.5384615384615384
5452,0.722,0.0,5539.0,0.7016302397365433,0.7026751964998611,64.0,87.0,0.5470085470085471
5453,0.714,0.0,5535.0,0.7008149681287458,0.7025846115830258,65.0,82.0,0.5555555555555556
5454,0.704,0.0,5532.0,0.6998470249022252,0.7025442409581313,66.0,78.0,0.5641025641025641
5455,0.702,0.0,5530.0,0.698831627912359,0.7025315127627103,67.0,75.0,0.5726495726495726
5456,0.703,0.0,5529.0,0.6977871035136821,0.7023548625881899,68.0,73.0,0.5811965811965812
5457,0.702,0.0,5528.0,0.6966794197849104,0.7023186285188706,69.0,71.0,0.5897435897435898
5458,0.696,0.0,5527.0,0.6955061693869607,0.7024681554782696,70.0,69.0,0.5982905982905983
5459,0.69,0.0,5527.0,0.694349009375618,0.7020845494770723,66.0,68.0,0.5641025641025641
5460,0.69,0.0,5526.0,0.6932072390988944,0.7027572886068626,64.0,66.0,0.5470085470085471
5461,0.686,0.0,5526.0,0.6921307441447575,0.7027419102647222,63.0,65.0,0.5384615384615384
5462,0.684,0.0,5527.0,0.6911630260907193,0.701774192210684,63.0,65.0,0.5384615384615384
5463,0.69,0.0,5527.0,0.6902383054468255,0.7020284900245641,62.0,64.0,0.5299145299145299
5464,0.686,0.0,5527.0,0.6893162326412299,0.7024164377276061,62.0,63.0,0.5299145299145299
5465,0.677,0.0,5528.0,0.688481132386549,0.7015813374729252,61.0,63.0,0.5213675213675214
5466,0.676,0.0,5528.0,0.6877284873000853,0.7022842707293923,61.0,62.0,0.5213675213675214
5467,0.676,0.0,5529.0,0.6871620069819147,0.7017177904112216,62.0,62.0,0.5299145299145299
5468,0.678,0.0,5530.0,0.6867252870065901,0.701281070435897,62.0,62.0,0.5299145299145299
5469,0.683,0.0,5530.0,0.6863351133493134,0.7025082060485434,61.0,61.0,0.5213675213675214
5470,0.678,0.0,5531.0,0.6860442203531508,0.7022173130523808,62.0,61.0,0.5299145299145299
5471,0.674,0.0,5532.0,0.6858488448462059,0.7020219375454358,62.0,61.0,0.5299145299145299
5472,0.664,0.0,5533.0,0.6857915924079652,0.7019646851071951,63.0,61.0,0.5384615384615384
5473,0.66,0.0,5534.0,0.6859833040339616,0.7021563967331915,63.0,61.0,0.5384615384615384
5474,0.666,0.0,5535.0,0.6864703585182738,0.7026434512175037,64.0,61.0,0.5470085470085471
5475,0.68,0.0,5537.0,0.6872492303395094,0.7018050137688163,63.0,62.0,0.5384615384615384
5476,0.679,0.0,5538.0,0.6880566467129815,0.7026124301422885,64.0,62.0,0.5470085470085471
5477,0.682,0.0,5540.0,0.6890209161231062,0.7021211212094824,64.0,63.0,0.5470085470085471
5478,0.692,0.0,5542.0,0.6900628509701376,0.7018530355478763,65.0,64.0,0.5555555555555556
5479,0.695,0.0,5544.0,0.6910829144388824,0.7016940805588471,65.0,65.0,0.5555555555555556
5480,0.695,0.0,5545.0,0.692022505537331,0.7026336716572957,66.0,65.0,0.5641025641025641
5481,0.695,0.0,5547.0,0.6929704862690286,0.7025205357769968,66.0,66.0,0.5641025641025641
5482,0.698,0.0,5549.0,0.6938955750569142,0.7024906196140857,67.0,67.0,0.5726495726495726
5483,0.701,0.0,5551.0,0.6947751450736555,0.7025106851751097,68.0,68.0,0.5811965811965812
5484,0.705,0.0,5553.0,0.6955864742291347,0.7025484603204435,68.0,69.0,0.5811965811965812
5485,0.703,0.0,5555.0,0.6962935970593669,0.7025593845415449,69.0,70.0,0.5897435897435898
5486,0.697,0.0,5557.0,0.6969263296171192,0.7025655383510794,70.0,71.0,0.5982905982905983
5487,0.697,0.0,5559.0,0.697557774670335,0.7026330625308992,70.0,72.0,0.5982905982905983
5488,0.7,0.0,5562.0,0.6982112213991658,0.7023222045662227,71.0,74.0,0.6068376068376068
5489,0.703,0.0,5564.0,0.698827188666736,0.7025270735170873,71.0,75.0,0.6068376068376068
5490,0.699,0.0,5566.0,0.6993968322574011,0.7027267286227172,72.0,76.0,0.6153846153846154
5491,0.695,0.0,5569.0,0.6999813418462462,0.7026785579021523,73.0,78.0,0.6239316239316239
5492,0.696,0.0,5573.0,0.7006256352811777,0.7025919057859332,73.0,81.0,0.6239316239316239
5493,0.698,0.0,5577.0,0.7013148829963064,0.7027482941942732,74.0,84.0,0.6324786324786325
5494,0.701,1.0,5561.0,0.7017702118159515,0.7103652563731229,74.0,67.0,0.6324786324786325
5495,0.695,1.0,5552.0,0.7019198291375552,0.7265701761871359,75.0,57.0,0.6410256410256411
5496,0.696,1.0,5553.0,0.7027266709381639,0.7273770179877446,75.0,57.0,0.6410256410256411
5497,0.702,1.0,5554.0,0.7036183731431322,0.7282687201927129,76.0,57.0,0.6495726495726496
5498,0.71,1.0,5556.0,0.7046261137577023,0.726811426102325,76.0,58.0,0.6495726495726496
5499,0.717,1.0,5557.0,0.7054950363719072,0.7276803487165299,76.0,58.0,0.6495726495726496
5500,0.72,1.0,5558.0,0.7062442528871176,0.7284295652317402,76.0,58.0,0.6495726495726496
5501,0.717,1.0,5560.0,0.7069264498970733,0.7268932310072337,75.0,59.0,0.6410256410256411
5502,0.715,1.0,5561.0,0.7074265195737015,0.7273933006838619,74.0,59.0,0.6324786324786325
5503,0.714,1.0,5562.0,0.7078505522862453,0.7278173333964056,74.0,59.0,0.6324786324786325
5504,0.711,1.0,5563.0,0.7082142970585745,0.7281810781687349,74.0,59.0,0.6324786324786325
5505,0.711,1.0,5564.0,0.7085551498502685,0.7285219309604288,74.0,59.0,0.6324786324786325
5506,0.713,1.0,5565.0,0.7088768138439103,0.7288435949540707,74.0,59.0,0.6324786324786325
5507,0.715,1.0,5567.0,0.7092307978251737,0.7272009008243181,73.0,60.0,0.6239316239316239
5508,0.706,1.0,5568.0,0.7094570748533823,0.7274271778525266,73.0,60.0,0.6239316239316239
5509,0.7,1.0,5569.0,0.7097287248748312,0.7276988278739756,72.0,60.0,0.6153846153846154
5510,0.7,1.0,5570.0,0.7101154234318096,0.7280855264309539,72.0,60.0,0.6153846153846154
5511,0.704,1.0,5571.0,0.7106213631375127,0.728591466136657,72.0,60.0,0.6153846153846154
5512,0.704,1.0,5573.0,0.7112714014700403,0.7274444941692703,71.0,61.0,0.6068376068376068
5513,0.704,1.0,5574.0,0.7119449889162343,0.7281180816154642,71.0,61.0,0.6068376068376068
5514,0.705,1.0,5575.0,0.7127128210370437,0.7288859137362736,70.0,61.0,0.5982905982905983
5515,0.703,1.0,5577.0,0.7136286090641135,0.7281843924934205,71.0,62.0,0.6068376068376068
5516,0.7,1.0,5579.0,0.7146627532193655,0.7277629583057417,71.0,63.0,0.6068376068376068
5517,0.703,1.0,5580.0,0.715814579778216,0.7289147848645923,72.0,63.0,0.6153846153846154
5518,0.703,1.0,5583.0,0.7172004492443913,0.727811615364356,72.0,65.0,0.6153846153846154
5519,0.71,1.0,5585.0,0.7186981054877668,0.728248154995735,73.0,66.0,0.6239316239316239
5520,0.717,1.0,5587.0,0.7202924978218261,0.7288875423789976,73.0,67.0,0.6239316239316239
5521,0.73,1.0,5590.0,0.721950024010025,0.7289120101013338,74.0,69.0,0.6324786324786325
5522,0.74,1.0,5594.0,0.7235294633323921,0.7286047511929563,74.0,72.0,0.6324786324786325
5523,0.744,1.0,5598.0,0.7249109546357285,0.7286108394860799,75.0,75.0,0.6410256410256411
5524,0.741,1.0,5602.0,0.7260688345345386,0.7287660505904447,75.0,78.0,0.6410256410256411
5525,0.74,1.0,5607.0,0.7270594701957587,0.7288291136500387,76.0,82.0,0.6495726495726496
5526,0.732,1.0,5614.0,0.7279035067904149,0.7288439678774009,74.0,88.0,0.6324786324786325
5527,0.728,0.0,5586.0,0.7280092477409368,0.7479760288510972,70.0,59.0,0.5982905982905983
5528,0.727,0.0,5580.0,0.7280274601133432,0.7697730392926362,68.0,52.0,0.5811965811965812
5529,0.729,0.0,5577.0,0.7280681924681223,0.7916950468794818,67.0,48.0,0.5726495726495726
5530,0.731,0.0,5575.0,0.7280642247418219,0.8153438604226991,64.0,45.0,0.5470085470085471
5531,0.731,0.0,5574.0,0.7281704167193824,0.8359230533624408,64.0,43.0,0.5470085470085471
5532,0.73,0.0,5573.0,0.7281167939037347,0.8611447403766462,63.0,41.0,0.5384615384615384
5533,0.733,0.0,5573.0,0.7284624818588148,0.8762713112731609,63.0,40.0,0.5384615384615384
5534,0.74,0.0,5572.0,0.7281137905017193,0.9105938268157269,63.0,38.0,0.5384615384615384
5535,0.744,0.0,5572.0,0.7282125963497441,0.9309681922541969,62.0,37.0,0.5299145299145299
5536,0.749,0.0,5572.0,0.7281359866016552,0.9534199820510473,63.0,36.0,0.5384615384615384
5537,0.752,0.0,5573.0,0.7287109048856828,0.9539949003350748,63.0,36.0,0.5384615384615384
5538,0.747,0.0,5573.0,0.7282320400833296,0.9785475905826541,63.0,35.0,0.5384615384615384
5539,0.742,0.0,5574.0,0.728520873039961,0.9788364235392855,63.0,35.0,0.5384615384615384
5540,0.738,0.0,5575.0,0.7287522911828899,0.9790678416822143,63.0,35.0,0.5384615384615384
5541,0.737,0.0,5575.0,0.7280070922443331,1.0061354816880268,64.0,34.0,0.5470085470085471
5542,0.738,0.0,5576.0,0.7282378898255493,1.0063662792692432,64.0,34.0,0.5470085470085471
5543,0.735,0.0,5577.0,0.7284648836203871,1.0065932730640808,65.0,34.0,0.5555555555555556
5544,0.734,0.0,5578.0,0.7287265640159872,1.0068549534596811,65.0,34.0,0.5555555555555556
5545,0.734,0.0,5578.0,0.7279639596336103,1.0369955034599367,65.0,33.0,0.5555555555555556
5546,0.739,0.0,5579.0,0.7283362581933548,1.0373678020196813,66.0,33.0,0.5641025641025641
5547,0.738,0.0,5580.0,0.7287151471841846,1.037746691010511,66.0,33.0,0.5641025641025641
5548,0.734,0.0,5581.0,0.7291034236849527,1.0381349675112792,67.0,33.0,0.5726495726495726
5549,0.736,0.0,5581.0,0.7283584483979044,1.0717268304271559,67.0,32.0,0.5726495726495726
5550,0.735,0.0,5582.0,0.7288586676618047,1.0722270496910564,68.0,32.0,0.5811965811965812
5551,0.737,0.0,5582.0,0.7280935592878506,1.1096139837647967,68.0,31.0,0.5811965811965812
5552,0.746,0.0,5583.0,0.7287113961102971,1.1102318205872432,68.0,31.0,0.5811965811965812
5553,0.75,0.0,5584.0,0.7292772958899083,1.1107977203668544,67.0,31.0,0.5726495726495726
5554,0.753,0.0,5584.0,0.7282864571257903,1.1521980398779528,67.0,30.0,0.5726495726495726
5555,0.754,0.0,5585.0,0.7286608919320209,1.1525724746841832,67.0,30.0,0.5726495726495726
5556,0.755,0.0,5586.0,0.7289155368285754,1.1528271195807378,67.0,30.0,0.5726495726495726
5557,0.756,0.0,5587.0,0.7290508114350966,1.152962394187259,66.0,30.0,0.5641025641025641
5558,0.75,0.0,5588.0,0.7290510836849551,1.1529626664371175,66.0,30.0,0.5641025641025641
5559,0.744,0.0,5589.0,0.7289807921562224,1.1528923749083848,66.0,30.0,0.5641025641025641
5560,0.74,0.0,5590.0,0.7288765949105047,1.1527881776626672,66.0,30.0,0.5641025641025641
5561,0.742,0.0,5591.0,0.7288188151307236,1.152730397882886,65.0,30.0,0.5555555555555556
5562,0.745,0.0,5592.0,0.7287832499289473,1.1526948326811097,64.0,30.0,0.5470085470085471
5563,0.747,0.0,5593.0,0.7287413023641989,1.1526528851163613,64.0,30.0,0.5470085470085471
5564,0.749,0.0,5594.0,0.7286691685734064,1.1525807513255688,63.0,30.0,0.5384615384615384
5565,0.75,0.0,5595.0,0.728540255066034,1.1524518378181965,63.0,30.0,0.5384615384615384
5566,0.748,0.0,5596.0,0.7283424645813852,1.1522540473335476,63.0,30.0,0.5384615384615384
5567,0.745,0.0,5597.0,0.7280851123243818,1.1519966950765443,63.0,30.0,0.5384615384615384
5568,0.746,0.0,5599.0,0.7292886098165293,1.1108090342934756,63.0,31.0,0.5384615384615384
5569,0.745,0.0,5600.0,0.7289769269163365,1.1104973513932828,62.0,31.0,0.5299145299145299
5570,0.744,0.0,5601.0,0.7286382116387734,1.1101586361157196,62.0,31.0,0.5299145299145299
5571,0.742,0.0,5602.0,0.7282800123920901,1.1098004368690364,62.0,31.0,0.5299145299145299
5572,0.743,0.0,5604.0,0.7292689449070702,1.0726373269363219,60.0,32.0,0.5128205128205128
5573,0.745,0.0,5605.0,0.7288955691172904,1.072263951146542,55.0,32.0,0.4700854700854701
5574,0.741,0.0,5606.0,0.7284782531967895,1.071846635226041,53.0,32.0,0.452991452991453
5575,0.737,0.0,5607.0,0.7280531903424294,1.0714215723716811,50.0,32.0,0.42735042735042733
5576,0.735,0.0,5609.0,0.72887490326963,1.0379064470959565,50.0,33.0,0.42735042735042733
5577,0.733,0.0,5610.0,0.728541419124948,1.0375729629512744,47.0,33.0,0.4017094017094017
5578,0.733,0.0,5611.0,0.7282782669021339,1.0373098107284604,46.0,33.0,0.39316239316239315
5579,0.739,0.0,5612.0,0.7280791070758008,1.0371106509021273,45.0,33.0,0.38461538461538464
5580,0.742,0.0,5614.0,0.7289747244438014,1.0071031138874953,43.0,34.0,0.36752136752136755
5581,0.737,0.0,5615.0,0.7287457262968252,1.006874115740519,42.0,34.0,0.358974358974359
5582,0.736,0.0,5616.0,0.7285343623696517,1.0066627518133455,41.0,34.0,0.3504273504273504
5583,0.738,0.0,5617.0,0.7283508591189409,1.0064792485626346,40.0,34.0,0.3418803418803419
5584,0.734,0.0,5618.0,0.7281667102799401,1.006295099723634,39.0,34.0,0.3333333333333333
5585,0.735,0.0,5619.0,0.7280284129330421,1.006156802376736,38.0,34.0,0.3247863247863248
5586,0.734,0.0,5621.0,0.7289071619117646,0.979222712411089,37.0,35.0,0.3162393162393162
5587,0.737,0.0,5622.0,0.7288519019236046,0.979167452422929,36.0,35.0,0.3076923076923077
5588,0.737,0.0,5623.0,0.7288067607126796,0.979122311212004,36.0,35.0,0.3076923076923077
5589,0.736,0.0,5624.0,0.7287660986539426,0.979081649153267,36.0,35.0,0.3076923076923077
5590,0.722,0.0,5625.0,0.7287388623725068,0.9790544128718313,35.0,35.0,0.29914529914529914
5591,0.726,0.0,5626.0,0.7288850476195351,0.9792005981188595,35.0,35.0,0.29914529914529914
5592,0.729,0.0,5626.0,0.7281763814322979,1.0063047708759916,35.0,34.0,0.29914529914529914
5593,0.734,0.0,5627.0,0.7285505838146153,1.006678973258309,35.0,34.0,0.29914529914529914
5594,0.738,0.0,5628.0,0.7289661199487606,1.0070945093924544,34.0,34.0,0.2905982905982906
5595,0.74,0.0,5628.0,0.7283050489909445,1.0373365928172709,34.0,33.0,0.2905982905982906
5596,0.742,0.0,5629.0,0.7287111247449025,1.037742668571229,34.0,33.0,0.2905982905982906
5597,0.739,0.0,5630.0,0.7290713640906412,1.0381029079169677,34.0,33.0,0.2905982905982906
5598,0.739,0.0,5630.0,0.7282600058788373,1.0716283879080888,34.0,32.0,0.2905982905982906
5599,0.739,0.0,5631.0,0.7286377286547528,1.0720061106840044,34.0,32.0,0.2905982905982906
5600,0.742,0.0,5632.0,0.7290329637099717,1.0724013457392232,34.0,32.0,0.2905982905982906
5601,0.743,0.0,5632.0,0.7281049212722217,1.1096253457491678,34.0,31.0,0.2905982905982906
5602,0.744,0.0,5633.0,0.7284932836084763,1.1100137080854227,33.0,31.0,0.28205128205128205
5603,0.745,0.0,5634.0,0.7288756116809187,1.1103960361578649,34.0,31.0,0.2905982905982906
5604,0.746,0.0,5635.0,0.7292287776500357,1.110749202126982,34.0,31.0,0.2905982905982906
5605,0.747,0.0,5635.0,0.7280456168021747,1.1519571995543372,34.0,30.0,0.2905982905982906
5606,0.747,0.0,5636.0,0.728311800210074,1.1522233829622364,34.0,30.0,0.2905982905982906
5607,0.745,0.0,5637.0,0.7285385629185854,1.1524501456707479,33.0,30.0,0.28205128205128205
5608,0.744,0.0,5638.0,0.7287464076197541,1.1526579903719165,34.0,30.0,0.2905982905982906
5609,0.746,0.0,5639.0,0.7289485316989002,1.1528601144510626,34.0,30.0,0.2905982905982906
5610,0.747,0.0,5640.0,0.7291291978727306,1.153040780624893,34.0,30.0,0.2905982905982906
5611,0.746,0.0,5641.0,0.7292750633162381,1.1531866460684006,34.0,30.0,0.2905982905982906
5612,0.743,0.0,5642.0,0.7293986367563249,1.1533102195084872,34.0,30.0,0.2905982905982906
5613,0.745,0.0,5643.0,0.7295388636803746,1.153450446432537,35.0,30.0,0.29914529914529914
5614,0.746,0.0,5643.0,0.7280153545409447,1.1990282242655697,34.0,29.0,0.2905982905982906
5615,0.747,0.0,5644.0,0.728133924229659,1.199146793954284,34.0,29.0,0.2905982905982906
5616,0.747,0.0,5645.0,0.7282270616764714,1.1992399314010964,34.0,29.0,0.2905982905982906
5617,0.748,0.0,5646.0,0.7282982807570065,1.1993111504816314,34.0,29.0,0.2905982905982906
5618,0.746,0.0,5647.0,0.7283300725394688,1.1993429422640938,34.0,29.0,0.2905982905982906
5619,0.747,0.0,5648.0,0.7283593907757103,1.1993722605003354,34.0,29.0,0.2905982905982906
5620,0.745,0.0,5649.0,0.7283714836886339,1.1993843534132589,35.0,29.0,0.29914529914529914
5621,0.75,0.0,5650.0,0.7283817666238706,1.1993946363484955,35.0,29.0,0.29914529914529914
5622,0.754,0.0,5651.0,0.7283196762885672,1.199332546013192,35.0,29.0,0.29914529914529914
5623,0.755,0.0,5652.0,0.7281457800804039,1.1991586498050288,35.0,29.0,0.29914529914529914
5624,0.752,0.0,5654.0,0.7294955797522147,1.1534071625043771,35.0,30.0,0.29914529914529914
5625,0.748,0.0,5655.0,0.7291308273474324,1.1530424100995948,35.0,30.0,0.29914529914529914
5626,0.748,0.0,5656.0,0.7287239740995992,1.1526355568517617,34.0,30.0,0.2905982905982906
5627,0.746,0.0,5657.0,0.7282707225284324,1.1521823052805948,34.0,30.0,0.2905982905982906
5628,0.741,0.0,5659.0,0.7292413830109877,1.110761807487934,33.0,31.0,0.28205128205128205
5629,0.736,0.0,5660.0,0.7287175570762718,1.110237981553218,33.0,31.0,0.28205128205128205
5630,0.725,0.0,5661.0,0.728260604073499,1.1097810285504452,32.0,31.0,0.27350427350427353
5631,0.724,0.0,5662.0,0.7279961025786884,1.1095165270556346,32.0,31.0,0.27350427350427353
5632,0.725,0.0,5663.0,0.727943469609964,1.1094638940869102,31.0,31.0,0.26495726495726496
5633,0.738,0.0,5664.0,0.7280851860389723,1.1096056105159184,31.0,31.0,0.26495726495726496
5634,0.747,0.0,5665.0,0.728269747638651,1.1097901721155972,31.0,31.0,0.26495726495726496
5635,0.747,0.0,5666.0,0.7283875586804838,1.10990798315743,30.0,31.0,0.2564102564102564
5636,0.744,0.0,5667.0,0.7284511729885572,1.1099715974655036,30.0,31.0,0.2564102564102564
5637,0.745,0.0,5668.0,0.7284890083155939,1.1100094327925403,30.0,31.0,0.2564102564102564
5638,0.744,0.0,5669.0,0.7284961971494852,1.1100166216264316,30.0,31.0,0.2564102564102564
5639,0.743,0.0,5670.0,0.7284763000687842,1.1099967245457303,30.0,31.0,0.2564102564102564
5640,0.744,0.0,5671.0,0.7284398055054806,1.109960229982427,30.0,31.0,0.2564102564102564
5641,0.743,0.0,5672.0,0.7283768032551033,1.1098972277320496,30.0,31.0,0.2564102564102564
5642,0.742,0.0,5673.0,0.7283055356124716,1.1098259600894178,30.0,31.0,0.2564102564102564
5643,0.743,0.0,5674.0,0.7282329082222033,1.1097533326991496,29.0,31.0,0.24786324786324787
5644,0.743,0.0,5675.0,0.7281371637912368,1.109657588268183,29.0,31.0,0.24786324786324787
5645,0.743,0.0,5676.0,0.7280124192871997,1.1095328437641458,29.0,31.0,0.24786324786324787
5646,0.744,0.0,5678.0,0.7291442172918752,1.0725125993211266,29.0,32.0,0.24786324786324787
5647,0.742,0.0,5679.0,0.7289245229242265,1.072292904953478,29.0,32.0,0.24786324786324787
5648,0.746,0.0,5680.0,0.7287006879549921,1.0720690699842437,29.0,32.0,0.24786324786324787
5649,0.748,0.0,5681.0,0.7284306603299429,1.0717990423591943,29.0,32.0,0.24786324786324787
5650,0.747,0.0,5682.0,0.7280872295976997,1.0714556116269511,29.0,32.0,0.24786324786324787
5651,0.74,0.0,5684.0,0.7288670106155776,1.037898554441904,29.0,33.0,0.24786324786324787
5652,0.736,0.0,5685.0,0.7284505896461481,1.0374821334724744,29.0,33.0,0.24786324786324787
5653,0.735,0.0,5686.0,0.7280769892724221,1.0371085330987486,30.0,33.0,0.2564102564102564
5654,0.736,0.0,5688.0,0.7288198162609913,1.0069482057046852,30.0,34.0,0.2564102564102564
5655,0.741,0.0,5689.0,0.7284985816983336,1.0066269711420275,30.0,34.0,0.2564102564102564
5656,0.742,0.0,5690.0,0.7281321278401127,1.0062605172838066,30.0,34.0,0.2564102564102564
5657,0.743,0.0,5692.0,0.7285932333448223,0.9789087838441467,30.0,35.0,0.2564102564102564
5658,0.74,0.0,5693.0,0.7280438495179096,0.978359400017234,31.0,35.0,0.26495726495726496
5659,0.728,0.0,5695.0,0.7282320589651337,0.9535160544145257,31.0,36.0,0.26495726495726496
5660,0.716,0.0,5697.0,0.7284272339546889,0.9311828298591417,31.0,37.0,0.26495726495726496
5661,0.718,0.0,5698.0,0.7281276784353535,0.9308832743398063,31.0,37.0,0.26495726495726496
5662,0.724,0.0,5699.0,0.7280130044101074,0.9307686003145602,31.0,37.0,0.26495726495726496
5663,0.735,0.0,5700.0,0.7280099353828714,0.9307655312873242,31.0,37.0,0.26495726495726496
5664,0.742,0.0,5701.0,0.7280020842720547,0.9307576801765075,31.0,37.0,0.26495726495726496
5665,0.744,0.0,5703.0,0.7285656329323139,0.9110456692463215,31.0,38.0,0.26495726495726496
5666,0.74,0.0,5704.0,0.728379707120661,0.9108597434346686,31.0,38.0,0.26495726495726496
5667,0.742,0.0,5705.0,0.7281276705772726,0.9106077068912801,31.0,38.0,0.26495726495726496
5668,0.741,0.0,5707.0,0.7283882214677151,0.8926202541503219,31.0,39.0,0.26495726495726496
5669,0.743,0.0,5708.0,0.7279736772485909,0.8922057099311976,31.0,39.0,0.26495726495726496
5670,0.741,0.0,5710.0,0.7279868667219194,0.8757956961362655,31.0,40.0,0.26495726495726496
5671,0.739,0.0,5713.0,0.728295407137125,0.8480205589627454,31.0,42.0,0.26495726495726496
5672,0.738,0.0,5715.0,0.7280027673227263,0.8357554039657846,31.0,43.0,0.26495726495726496
5673,0.741,0.0,5719.0,0.7282146073339548,0.8067662794467444,31.0,46.0,0.26495726495726496
5674,0.742,0.0,5723.0,0.7280519083937779,0.7853160773640014,31.0,49.0,0.26495726495726496
5675,0.738,0.0,5730.0,0.727945164859209,0.7583776920809135,31.0,55.0,0.26495726495726496
5676,0.732,1.0,5763.0,0.7278521892609757,0.7288971460242936,31.0,87.0,0.26495726495726496
5677,0.724,1.0,5757.0,0.7266708668130075,0.7288556118182914,32.0,80.0,0.27350427350427353
5678,0.715,1.0,5754.0,0.7255198164822436,0.7288497128475597,32.0,76.0,0.27350427350427353
5679,0.711,1.0,5753.0,0.7244987853213565,0.7286097684884134,32.0,74.0,0.27350427350427353
5680,0.718,1.0,5752.0,0.7236232131493269,0.7286985010098911,32.0,72.0,0.27350427350427353
5681,0.727,1.0,5752.0,0.7228253317611188,0.728464540495079,32.0,71.0,0.27350427350427353
5682,0.734,1.0,5751.0,0.7219578158009148,0.7289198018922236,32.0,69.0,0.27350427350427353
5683,0.736,1.0,5751.0,0.7209774222264618,0.728712962327916,33.0,68.0,0.28205128205128205
5684,0.736,1.0,5751.0,0.719830111121192,0.7284251556783634,33.0,67.0,0.28205128205128205
5685,0.739,1.0,5751.0,0.7185031345839351,0.7280531840919033,33.0,66.0,0.28205128205128205
5686,0.743,1.0,5750.0,0.7169093213276951,0.7286995059054338,33.0,64.0,0.28205128205128205
5687,0.74,1.0,5750.0,0.7150607960346871,0.7281610011210633,34.0,63.0,0.2905982905982906
5688,0.736,1.0,5750.0,0.712935168475398,0.7274909519047049,34.0,62.0,0.2905982905982906
5689,0.73,1.0,5749.0,0.7104938501749951,0.7284639531741395,34.0,60.0,0.2905982905982906
5690,0.721,1.0,5749.0,0.7078892702282928,0.7278560513384532,34.0,59.0,0.2905982905982906
5691,0.703,1.0,5749.0,0.7051390155063495,0.7273243278509721,35.0,58.0,0.29914529914529914
5692,0.685,1.0,5749.0,0.7024125276233655,0.7270628746729462,35.0,57.0,0.29914529914529914
5693,0.674,0.0,5774.0,0.7007234962807878,0.7026897667855433,35.0,81.0,0.29914529914529914
5694,0.667,0.0,5768.0,0.6985081011592285,0.7026190843262854,36.0,74.0,0.3076923076923077
5695,0.667,0.0,5766.0,0.6966645028445408,0.702303711578501,36.0,71.0,0.3076923076923077
5696,0.668,0.0,5765.0,0.6951592934385475,0.7021212795298564,37.0,69.0,0.3162393162393162
5697,0.67,0.0,5764.0,0.6939479015801442,0.7025429461373156,37.0,67.0,0.3162393162393162
5698,0.678,0.0,5764.0,0.6930286133598381,0.7025786628678063,37.0,66.0,0.3162393162393162
5699,0.678,0.0,5765.0,0.6923119967595277,0.7018620462674959,37.0,66.0,0.3162393162393162
5700,0.673,0.0,5765.0,0.6917222840210366,0.7023334501410013,37.0,65.0,0.3162393162393162
5701,0.674,0.0,5766.0,0.6913800255199294,0.7019911916398941,37.0,65.0,0.3162393162393162
5702,0.674,0.0,5767.0,0.6912345979064541,0.7018457640264189,38.0,65.0,0.3247863247863248
5703,0.682,0.0,5768.0,0.6912845863719128,0.7018957524918775,38.0,65.0,0.3247863247863248
5704,0.686,0.0,5769.0,0.6914416574548108,0.7020528235747755,38.0,65.0,0.3247863247863248
5705,0.683,0.0,5770.0,0.6916631677932007,0.7022743339131654,38.0,65.0,0.3247863247863248
5706,0.687,0.0,5771.0,0.6919848616829791,0.7025960278029438,39.0,65.0,0.3333333333333333
5707,0.691,0.0,5773.0,0.6924003274220237,0.701950376929992,39.0,66.0,0.3333333333333333
5708,0.69,0.0,5774.0,0.6927994853473407,0.7023495348553089,39.0,66.0,0.3333333333333333
5709,0.688,0.0,5776.0,0.6932645560826916,0.701859600639863,40.0,67.0,0.3418803418803419
5710,0.69,0.0,5777.0,0.6937603056072164,0.7023553501643878,40.0,67.0,0.3418803418803419
5711,0.693,0.0,5779.0,0.69432953392474,0.7020650740261942,41.0,68.0,0.3504273504273504
5712,0.69,0.0,5780.0,0.6948879179896812,0.7026234580911355,42.0,68.0,0.358974358974359
5713,0.692,0.0,5782.0,0.6955289569019738,0.7024909429932826,42.0,69.0,0.358974358974359
5714,0.692,0.0,5784.0,0.696208891325035,0.702474678807213,43.0,70.0,0.36752136752136755
5715,0.695,0.0,5786.0,0.6969355549316515,0.7025747636656117,43.0,71.0,0.36752136752136755
5716,0.699,0.0,5788.0,0.697684250040989,0.7027595379015532,44.0,72.0,0.37606837606837606
5717,0.702,0.0,5791.0,0.6984337957179774,0.7025447788850343,45.0,74.0,0.38461538461538464
5718,0.699,0.0,5794.0,0.6991386146679748,0.7024685110332909,46.0,76.0,0.39316239316239315
5719,0.694,0.0,5797.0,0.6998411396681719,0.702538355724078,46.0,78.0,0.39316239316239315
5720,0.696,0.0,5801.0,0.7006123133915249,0.7025785838962804,47.0,81.0,0.4017094017094017
5721,0.697,0.0,5806.0,0.7014338161944278,0.7027238862725979,48.0,85.0,0.41025641025641024
5722,0.7,1.0,5783.0,0.7017931374090456,0.7179662301082755,49.0,61.0,0.4188034188034188
5723,0.705,1.0,5780.0,0.7023890199163325,0.7270393669659132,49.0,57.0,0.4188034188034188
5724,0.702,1.0,5781.0,0.7032445227458033,0.727894869795384,50.0,57.0,0.42735042735042733
5725,0.703,1.0,5782.0,0.7041225201488515,0.7287728671984322,51.0,57.0,0.4358974358974359
5726,0.698,1.0,5784.0,0.7051024318361869,0.7272877441808095,52.0,58.0,0.4444444444444444
5727,0.695,1.0,5785.0,0.7060884098729618,0.7282737222175845,53.0,58.0,0.452991452991453
5728,0.701,1.0,5787.0,0.7072790242366656,0.7272458053468259,54.0,59.0,0.46153846153846156
5729,0.711,1.0,5788.0,0.7084748497803535,0.7284416308905138,55.0,59.0,0.4700854700854701
5730,0.718,1.0,5790.0,0.7097167999456191,0.7276869029447635,55.0,60.0,0.4700854700854701
5731,0.723,1.0,5791.0,0.7108065241676267,0.728776627166771,56.0,60.0,0.47863247863247865
5732,0.729,1.0,5793.0,0.7118263089110325,0.7279994016102624,57.0,61.0,0.48717948717948717
5733,0.73,1.0,5794.0,0.712601256734945,0.728774349434175,58.0,61.0,0.49572649572649574
5734,0.73,1.0,5796.0,0.7132419510262145,0.7277977344555214,59.0,62.0,0.5042735042735043
5735,0.73,1.0,5797.0,0.7136486634989893,0.7282044469282962,60.0,62.0,0.5128205128205128
5736,0.733,1.0,5798.0,0.713878773657409,0.728434557086716,61.0,62.0,0.5213675213675214
5737,0.736,1.0,5799.0,0.7139012521367036,0.7284570355660106,62.0,62.0,0.5299145299145299
5738,0.731,1.0,5800.0,0.7136831226175611,0.728238906046868,63.0,62.0,0.5384615384615384
5739,0.722,1.0,5801.0,0.7132776395692317,0.7278334229985387,64.0,62.0,0.5470085470085471
5740,0.721,1.0,5801.0,0.7127284943573811,0.728901587056611,65.0,61.0,0.5555555555555556
5741,0.725,1.0,5802.0,0.712145581539456,0.7283186742386859,66.0,61.0,0.5641025641025641
5742,0.724,1.0,5803.0,0.7114261663802076,0.7275992590794376,67.0,61.0,0.5726495726495726
5743,0.721,1.0,5803.0,0.7105142580912391,0.7284843610903835,68.0,60.0,0.5811965811965812
5744,0.713,1.0,5804.0,0.7095510068270843,0.7275211098262286,69.0,60.0,0.5897435897435898
5745,0.704,1.0,5804.0,0.7084907846751439,0.7284575657853043,70.0,59.0,0.5982905982905983
5746,0.696,1.0,5805.0,0.7075524456310234,0.7275192267411837,71.0,59.0,0.6068376068376068
5747,0.699,1.0,5805.0,0.7066776801436279,0.7288629924882505,72.0,58.0,0.6153846153846154
5748,0.701,1.0,5806.0,0.7059687899266351,0.7281541022712578,73.0,58.0,0.6239316239316239
5749,0.699,1.0,5807.0,0.705323398787534,0.7275087111321566,70.0,58.0,0.5982905982905983
5750,0.698,1.0,5808.0,0.7047566980536519,0.7269420103982746,68.0,58.0,0.5811965811965812
5751,0.7,1.0,5808.0,0.7041920353590536,0.7288423824086343,65.0,57.0,0.5555555555555556
5752,0.705,1.0,5809.0,0.7037626920844902,0.7284130391340708,64.0,57.0,0.5470085470085471
5753,0.703,1.0,5810.0,0.7033276966371245,0.7279780436867052,64.0,57.0,0.5470085470085471
5754,0.706,1.0,5811.0,0.7029057872385848,0.7275561342881655,64.0,57.0,0.5470085470085471
5755,0.704,1.0,5812.0,0.7024593967586716,0.7271097438082523,65.0,57.0,0.5555555555555556
5756,0.698,1.0,5813.0,0.7020055021003156,0.7266558491498963,66.0,57.0,0.5641025641025641
5757,0.693,1.0,5817.0,0.7018220368247665,0.7197921398239109,66.0,60.0,0.5641025641025641
5758,0.695,1.0,5823.0,0.7017695716096686,0.7123807377296333,67.0,65.0,0.5726495726495726
5759,0.698,1.0,5832.0,0.7017657990634805,0.7063335581379883,68.0,73.0,0.5811965811965812
5760,0.694,0.0,5847.0,0.7017152390738739,0.7027601958371917,69.0,87.0,0.5897435897435898
5761,0.691,0.0,5848.0,0.7016300702830629,0.7026750270463807,70.0,87.0,0.5982905982905983
5762,0.702,0.0,5849.0,0.7016634027681745,0.7027083595314924,71.0,87.0,0.6068376068376068
5763,0.713,0.0,5850.0,0.7016933835679776,0.7027383403312955,71.0,87.0,0.6068376068376068
5764,0.713,0.0,5850.0,0.701594151644593,0.7027552147149462,70.0,86.0,0.5982905982905983
5765,0.71,0.0,5850.0,0.7013681880728151,0.7026582581509851,68.0,85.0,0.5811965811965812
5766,0.706,0.0,5849.0,0.7010408534285328,0.7026335325373848,67.0,83.0,0.5726495726495726
5767,0.702,0.0,5848.0,0.7006565711008825,0.702622841605638,67.0,81.0,0.5726495726495726
5768,0.702,0.0,5847.0,0.7002550764731972,0.7026825709235126,66.0,79.0,0.5641025641025641
5769,0.702,0.0,5847.0,0.6998417277269957,0.7025389437829018,66.0,78.0,0.5641025641025641
5770,0.703,0.0,5846.0,0.6993929152930314,0.7027228116583475,66.0,76.0,0.5641025641025641
5771,0.703,0.0,5846.0,0.6989143587363575,0.7026142435867089,66.0,75.0,0.5641025641025641
5772,0.699,0.0,5846.0,0.6983904061656433,0.7025013893327002,67.0,74.0,0.5726495726495726
5773,0.69,0.0,5846.0,0.6978596803301027,0.7024274394046105,67.0,73.0,0.5726495726495726
5774,0.686,0.0,5846.0,0.6974162842760077,0.7024915721365719,66.0,72.0,0.5641025641025641
5775,0.688,0.0,5846.0,0.697099735824979,0.7027389445589391,67.0,71.0,0.5726495726495726
5776,0.691,0.0,5847.0,0.6969059026232487,0.7025451113572089,67.0,71.0,0.5726495726495726
5777,0.695,0.0,5848.0,0.6967798512691236,0.7024190600030837,67.0,71.0,0.5726495726495726
5778,0.698,0.0,5849.0,0.6966756773874647,0.7023148861214249,68.0,71.0,0.5811965811965812
5779,0.698,0.0,5850.0,0.6965588842213568,0.702198092955317,68.0,71.0,0.5811965811965812
5780,0.697,0.0,5850.0,0.6964067391397554,0.7026725266219334,67.0,70.0,0.5726495726495726
5781,0.698,0.0,5851.0,0.6962718782189079,0.7025376657010859,67.0,70.0,0.5726495726495726
5782,0.695,0.0,5852.0,0.696120071628431,0.702385859110609,66.0,70.0,0.5641025641025641
5783,0.693,0.0,5853.0,0.6959825240588569,0.7022483115410348,66.0,70.0,0.5641025641025641
5784,0.691,0.0,5854.0,0.6958801042085718,0.7021458916907498,65.0,70.0,0.5555555555555556
5785,0.691,0.0,5855.0,0.6958343250132373,0.7021001124954153,65.0,70.0,0.5555555555555556
5786,0.692,0.0,5856.0,0.6958446580284294,0.7021104455106074,65.0,70.0,0.5555555555555556
5787,0.697,0.0,5857.0,0.6959001498254949,0.7021659373076728,65.0,70.0,0.5555555555555556
5788,0.705,0.0,5858.0,0.6959457756820462,0.7022115631642242,64.0,70.0,0.5470085470085471
5789,0.705,0.0,5859.0,0.6958930250496236,0.7021588125318016,65.0,70.0,0.5555555555555556
5790,0.706,0.0,5859.0,0.6957182504143711,0.7026802365056799,65.0,69.0,0.5555555555555556
5791,0.704,0.0,5860.0,0.6954546270452735,0.7024166131365823,64.0,69.0,0.5470085470085471
5792,0.702,0.0,5861.0,0.6950986310226437,0.7020606171139525,65.0,69.0,0.5555555555555556
5793,0.694,0.0,5861.0,0.6946430665092636,0.7023786066107178,65.0,68.0,0.5555555555555556
5794,0.692,0.0,5862.0,0.6942230651108503,0.7019586052123046,64.0,68.0,0.5470085470085471
5795,0.693,0.0,5862.0,0.6938021882975136,0.702397232854685,65.0,67.0,0.5555555555555556
5796,0.693,0.0,5863.0,0.6934218906411138,0.7020169351982852,65.0,67.0,0.5555555555555556
5797,0.693,0.0,5863.0,0.6930177813002358,0.7025678308082041,64.0,66.0,0.5470085470085471
5798,0.69,0.0,5864.0,0.6926491544491216,0.7021992039570898,64.0,66.0,0.5470085470085471
5799,0.684,0.0,5865.0,0.6923135414028363,0.7018635909108045,64.0,66.0,0.5470085470085471
5800,0.68,0.0,5865.0,0.6920384993739437,0.7026496654939084,64.0,65.0,0.5470085470085471
5801,0.678,0.0,5866.0,0.6919363122191212,0.7025474783390859,62.0,65.0,0.5299145299145299
5802,0.683,0.0,5867.0,0.6919929382030789,0.7026041043230437,62.0,65.0,0.5299145299145299
5803,0.689,0.0,5869.0,0.6921884342871112,0.7017384837950794,61.0,66.0,0.5213675213675214
5804,0.689,0.0,5870.0,0.6923873245421914,0.7019373740501597,60.0,66.0,0.5128205128205128
5805,0.685,0.0,5871.0,0.692627123885171,0.7021771733931392,59.0,66.0,0.5042735042735043
5806,0.69,0.0,5872.0,0.6929552729362009,0.7025053224441691,58.0,66.0,0.49572649572649574
5807,0.692,0.0,5874.0,0.6933515080885568,0.7019465526457283,58.0,67.0,0.49572649572649574
5808,0.695,0.0,5875.0,0.6937344280163673,0.7023294725735387,57.0,67.0,0.48717948717948717
5809,0.684,0.0,5876.0,0.6941063892967045,0.702701433853876,57.0,67.0,0.48717948717948717
5810,0.678,0.0,5878.0,0.6946236894759177,0.702359229577372,57.0,68.0,0.48717948717948717
5811,0.683,0.0,5880.0,0.6953268006482729,0.7022887867395817,57.0,69.0,0.48717948717948717
5812,0.691,0.0,5882.0,0.6961671913937519,0.7024329788759299,57.0,70.0,0.48717948717948717
5813,0.696,0.0,5884.0,0.697065249306221,0.7027044580401812,57.0,71.0,0.48717948717948717
5814,0.695,0.0,5887.0,0.6979931448635736,0.7025609039380813,58.0,73.0,0.49572649572649574
5815,0.689,0.0,5890.0,0.6989491828979552,0.7026490677483065,59.0,75.0,0.5042735042735043
5816,0.684,0.0,5894.0,0.7000221009973608,0.702719317053267,60.0,78.0,0.5128205128205128
5817,0.684,0.0,5901.0,0.7012832799521349,0.7027166911501017,60.0,84.0,0.5128205128205128
5818,0.688,1.0,5875.0,0.7018910977232888,0.7265414447728695,61.0,57.0,0.5213675213675214
5819,0.691,1.0,5876.0,0.7034595781480423,0.728109925197623,62.0,57.0,0.5299145299145299
5820,0.698,1.0,5878.0,0.7052612724274685,0.7274465847720911,63.0,58.0,0.5384615384615384
5821,0.702,1.0,5880.0,0.7071468118377737,0.7271135929479341,64.0,59.0,0.5470085470085471
5822,0.706,1.0,5882.0,0.7090904418058421,0.7270605448049865,65.0,60.0,0.5555555555555556
5823,0.714,1.0,5884.0,0.7110691382782666,0.7272422309774965,65.0,61.0,0.5555555555555556
5824,0.725,1.0,5886.0,0.7130157377889227,0.7275715212182297,66.0,62.0,0.5641025641025641
5825,0.733,1.0,5888.0,0.714829623165008,0.7279298282513842,67.0,63.0,0.5726495726495726
5826,0.737,1.0,5890.0,0.7164418774692509,0.7282320620469895,68.0,64.0,0.5811965811965812
5827,0.741,1.0,5892.0,0.7178258260916646,0.7284369922116293,69.0,65.0,0.5897435897435898
5828,0.746,1.0,5894.0,0.71895239558936,0.7285024450973282,70.0,66.0,0.5982905982905983
5829,0.743,1.0,5896.0,0.7197784361491593,0.7283734807063307,71.0,67.0,0.6068376068376068
5830,0.741,1.0,5897.0,0.7203159966854447,0.7289110412426161,72.0,67.0,0.6153846153846154
5831,0.737,1.0,5899.0,0.7206573506343131,0.7283928907357674,73.0,68.0,0.6239316239316239
5832,0.733,1.0,5900.0,0.7207898986317463,0.7285254387332005,73.0,68.0,0.6239316239316239
5833,0.726,1.0,5901.0,0.7207898119821861,0.7285253520836403,74.0,68.0,0.6324786324786325
5834,0.723,1.0,5902.0,0.7207348675006373,0.7284704076020916,75.0,68.0,0.6410256410256411
5835,0.723,1.0,5903.0,0.7206577065994559,0.7283932467009102,76.0,68.0,0.6495726495726496
5836,0.726,1.0,5904.0,0.7205575045059902,0.7282930446074445,77.0,68.0,0.6581196581196581
5837,0.733,1.0,5905.0,0.7203998511723457,0.7281353912738,78.0,68.0,0.6666666666666666
5838,0.72,1.0,5905.0,0.7200750077972726,0.728670052354444,79.0,67.0,0.6752136752136753
5839,0.716,1.0,5906.0,0.719784518515942,0.7283795630731135,80.0,67.0,0.6837606837606838
5840,0.716,1.0,5907.0,0.7195395219818745,0.728134566539046,81.0,67.0,0.6923076923076923
5841,0.718,1.0,5907.0,0.7193036034366944,0.7288536529446626,82.0,66.0,0.7008547008547008
5842,0.72,1.0,5908.0,0.7191195653574808,0.728669614865449,83.0,66.0,0.7094017094017094
5843,0.723,1.0,5909.0,0.7189295847962984,0.7284796343042667,84.0,66.0,0.717948717948718
5844,0.726,1.0,5910.0,0.7186980767871182,0.7282481262950864,85.0,66.0,0.7264957264957265
5845,0.73,1.0,5911.0,0.7183891306590522,0.7279391801670204,86.0,66.0,0.7350427350427351
5846,0.729,1.0,5911.0,0.7179175184866391,0.7285286846066038,81.0,65.0,0.6923076923076923
5847,0.728,1.0,5912.0,0.7173642070268553,0.72797537314682,78.0,65.0,0.6666666666666666
5848,0.728,1.0,5912.0,0.7166554246330923,0.7284456092108309,76.0,64.0,0.6495726495726496
5849,0.726,1.0,5912.0,0.7158205914019193,0.7289207964882956,74.0,63.0,0.6324786324786325
5850,0.724,1.0,5913.0,0.7149238823275001,0.7280240874138764,70.0,63.0,0.5982905982905983
5851,0.724,1.0,5913.0,0.7138802216741051,0.7284360051034121,70.0,62.0,0.5982905982905983
5852,0.72,1.0,5913.0,0.712724119039311,0.7288972117385409,70.0,61.0,0.5982905982905983
5853,0.703,1.0,5914.0,0.7115505037088801,0.72772359640811,70.0,61.0,0.5982905982905983
5854,0.693,1.0,5914.0,0.710414896591681,0.7283849995908254,70.0,60.0,0.5982905982905983
5855,0.697,1.0,5915.0,0.7095431554656653,0.7275132584648096,70.0,60.0,0.5982905982905983
5856,0.7,1.0,5915.0,0.7087474523075643,0.7287142334177247,70.0,59.0,0.5982905982905983
5857,0.704,1.0,5916.0,0.708127233863608,0.7280940149737684,70.0,59.0,0.5982905982905983
5858,0.705,1.0,5917.0,0.7075605975653317,0.7275273786754921,70.0,59.0,0.5982905982905983
5859,0.702,1.0,5918.0,0.7070302309222443,0.7269970120324046,69.0,59.0,0.5897435897435898
5860,0.693,1.0,5918.0,0.706485388593683,0.7286707009383057,69.0,58.0,0.5897435897435898
5861,0.694,1.0,5919.0,0.706177373693514,0.7283626860381366,68.0,58.0,0.5811965811965812
5862,0.698,1.0,5920.0,0.7060133619232305,0.7281986742678531,67.0,58.0,0.5726495726495726
5863,0.7,1.0,5921.0,0.7059468529557811,0.7281321653004037,66.0,58.0,0.5641025641025641
5864,0.702,1.0,5922.0,0.7059548622274555,0.7281401745720781,66.0,58.0,0.5641025641025641
5865,0.703,1.0,5923.0,0.7060152331549794,0.728200545499602,65.0,58.0,0.5555555555555556
5866,0.7,1.0,5924.0,0.7061177355919681,0.7283030479365907,65.0,58.0,0.5555555555555556
5867,0.701,1.0,5925.0,0.7062969585525236,0.7284822708971462,65.0,58.0,0.5555555555555556
5868,0.701,1.0,5926.0,0.7065429766146305,0.7287282889592531,66.0,58.0,0.5641025641025641
5869,0.697,1.0,5928.0,0.7069372578181751,0.7269040389283354,66.0,59.0,0.5641025641025641
5870,0.691,1.0,5929.0,0.7073721848607453,0.7273389659709056,66.0,59.0,0.5641025641025641
5871,0.687,1.0,5930.0,0.7079966860070822,0.7279634671172426,66.0,59.0,0.5641025641025641
5872,0.69,1.0,5931.0,0.7088622391827453,0.7288290202929056,66.0,59.0,0.5641025641025641
5873,0.695,1.0,5933.0,0.7100150330634585,0.7279851360626028,67.0,60.0,0.5726495726495726
5874,0.697,1.0,5935.0,0.7113347457664174,0.7275078384656474,67.0,61.0,0.5726495726495726
5875,0.696,1.0,5936.0,0.7127567785995728,0.7289298712988027,66.0,61.0,0.5641025641025641
5876,0.695,1.0,5939.0,0.7144714866112367,0.7275716916976129,65.0,63.0,0.5555555555555556
5877,0.708,1.0,5941.0,0.7163482805135122,0.7281384650912508,66.0,64.0,0.5641025641025641
5878,0.72,1.0,5943.0,0.7183208985361501,0.7289320646561148,65.0,65.0,0.5555555555555556
5879,0.727,1.0,5946.0,0.7203089150173123,0.7289039595744837,66.0,67.0,0.5641025641025641
5880,0.729,1.0,5950.0,0.7222365167368373,0.7285023042190153,65.0,70.0,0.5555555555555556
5881,0.732,1.0,5954.0,0.7240689135869149,0.7286366726614227,66.0,73.0,0.5641025641025641
5882,0.733,1.0,5959.0,0.7258094607658274,0.7288063674946119,65.0,77.0,0.5555555555555556
5883,0.737,1.0,5967.0,0.7274713018609615,0.7289047130589283,66.0,84.0,0.5641025641025641
5884,0.736,0.0,5939.0,0.727977637088135,0.7584101643098395,65.0,55.0,0.5555555555555556
5885,0.738,0.0,5932.0,0.7280169511014476,0.7987134560029582,66.0,47.0,0.5641025641025641
5886,0.741,0.0,5929.0,0.7280670901733437,0.835819726816402,66.0,43.0,0.5641025641025641
5887,0.742,0.0,5928.0,0.7284269583265075,0.861454904799419,66.0,41.0,0.5641025641025641
5888,0.743,0.0,5927.0,0.7284786615154324,0.8927106941980392,66.0,39.0,0.5641025641025641
5889,0.744,0.0,5926.0,0.728180955454812,0.9309365513592648,67.0,37.0,0.5726495726495726
5890,0.745,0.0,5926.0,0.7283436652644435,0.9536276607138355,66.0,36.0,0.5641025641025641
5891,0.745,0.0,5926.0,0.7283213046881245,0.9786368551874489,67.0,35.0,0.5726495726495726
5892,0.746,0.0,5926.0,0.7281136252750069,1.0062420147187008,67.0,34.0,0.5726495726495726
5893,0.747,0.0,5927.0,0.7287845899156318,1.0069129793593254,68.0,34.0,0.5811965811965812
5894,0.746,0.0,5927.0,0.7282835177152567,1.0373150615415831,67.0,33.0,0.5726495726495726
5895,0.747,0.0,5928.0,0.7287908187326403,1.0378223625589666,68.0,33.0,0.5811965811965812
5896,0.746,0.0,5928.0,0.7280110947948895,1.071379476824141,68.0,32.0,0.5811965811965812
5897,0.745,0.0,5929.0,0.7283670164185303,1.0717353984477818,68.0,32.0,0.5811965811965812
5898,0.744,0.0,5930.0,0.7286698721400666,1.072038254169318,69.0,32.0,0.5897435897435898
5899,0.744,0.0,5931.0,0.728935764615992,1.0723041466452434,69.0,32.0,0.5897435897435898
5900,0.745,0.0,5932.0,0.7291694554091604,1.072537837438412,69.0,32.0,0.5897435897435898
5901,0.745,0.0,5932.0,0.7280252812051272,1.1095457056820734,68.0,31.0,0.5811965811965812
5902,0.745,0.0,5933.0,0.7281744046632425,1.1096948291401887,68.0,31.0,0.5811965811965812
5903,0.743,0.0,5934.0,0.7282867756291698,1.109807200106116,68.0,31.0,0.5811965811965812
5904,0.742,0.0,5935.0,0.7283840576894096,1.109904482166356,68.0,31.0,0.5811965811965812
5905,0.742,0.0,5936.0,0.7284704108579168,1.1099908353348629,67.0,31.0,0.5726495726495726
5906,0.741,0.0,5937.0,0.7285279193933407,1.1100483438702868,67.0,31.0,0.5726495726495726
5907,0.743,0.0,5938.0,0.7285476509675088,1.1100680754444552,66.0,31.0,0.5641025641025641
5908,0.744,0.0,5939.0,0.7285312970242741,1.1100517215012204,66.0,31.0,0.5641025641025641
5909,0.746,0.0,5940.0,0.7284960783737685,1.1100165028507147,66.0,31.0,0.5641025641025641
5910,0.745,0.0,5941.0,0.7284288190859318,1.1099492435628782,66.0,31.0,0.5641025641025641
5911,0.744,0.0,5942.0,0.728350123757848,1.1098705482347944,65.0,31.0,0.5555555555555556
5912,0.742,0.0,5943.0,0.7282652091025092,1.1097856335794556,63.0,31.0,0.5384615384615384
5913,0.743,0.0,5944.0,0.7281774826260834,1.1096979071030297,61.0,31.0,0.5213675213675214
5914,0.744,0.0,5945.0,0.7280710432745878,1.109591467751534,60.0,31.0,0.5128205128205128
5915,0.744,0.0,5946.0,0.7279394204839295,1.1094598449608757,59.0,31.0,0.5042735042735043
5916,0.745,0.0,5948.0,0.7291000076460061,1.0724683896752576,59.0,32.0,0.5042735042735043
5917,0.744,0.0,5949.0,0.7288882833761057,1.0722566654053574,59.0,32.0,0.5042735042735043
5918,0.744,0.0,5950.0,0.7286396732894915,1.0720080553187432,58.0,32.0,0.49572649572649574
5919,0.745,0.0,5951.0,0.728349427129657,1.0717178091589086,58.0,32.0,0.49572649572649574
5920,0.745,0.0,5952.0,0.7280028473877567,1.0713712294170081,58.0,32.0,0.49572649572649574
5921,0.743,0.0,5954.0,0.7287848606603949,1.0378164044867213,58.0,33.0,0.49572649572649574
5922,0.741,0.0,5955.0,0.7283289440187886,1.037360487845115,58.0,33.0,0.49572649572649574
5923,0.739,0.0,5957.0,0.7288684980584748,1.0069968875021686,58.0,34.0,0.49572649572649574
5924,0.739,0.0,5958.0,0.7283858536375227,1.0065142430812166,58.0,34.0,0.49572649572649574
5925,0.74,0.0,5960.0,0.7288607528239577,0.9791763033232821,58.0,35.0,0.49572649572649574
5926,0.734,0.0,5961.0,0.7283423654219063,0.9786579159212307,54.0,35.0,0.46153846153846156
5927,0.736,0.0,5963.0,0.7286975590623523,0.9539815545117444,52.0,36.0,0.4444444444444444
5928,0.741,0.0,5964.0,0.7282057674561541,0.9534897629055461,49.0,36.0,0.4188034188034188
5929,0.739,0.0,5966.0,0.7284199526681845,0.9311755485726373,47.0,37.0,0.4017094017094017
5930,0.738,0.0,5968.0,0.7285206369106689,0.9110006732246765,46.0,38.0,0.39316239316239315
5931,0.738,0.0,5970.0,0.7285242545193011,0.8927562872019079,45.0,39.0,0.38461538461538464
5932,0.739,0.0,5972.0,0.728419301426383,0.8762281308407291,43.0,40.0,0.36752136752136755
5933,0.738,0.0,5974.0,0.7281875275156118,0.8612154739885233,42.0,41.0,0.358974358974359
5934,0.739,0.0,5977.0,0.7282689078246007,0.8360215444676591,42.0,43.0,0.358974358974359
5935,0.739,0.0,5980.0,0.7280973384252027,0.81537697410608,41.0,45.0,0.3504273504273504
5936,0.735,0.0,5985.0,0.7281160259681934,0.7853801949384169,40.0,49.0,0.3418803418803419
5937,0.722,0.0,5992.0,0.7279764222490246,0.7584089494707291,40.0,55.0,0.3418803418803419
5938,0.7,0.0,6023.0,0.7279377671418014,0.7292278372199714,40.0,85.0,0.3418803418803419
5939,0.692,1.0,6022.0,0.727288333034483,0.728881012143335,38.0,83.0,0.3247863247863248
5940,0.699,1.0,6022.0,0.7270356357687178,0.7288052792229978,38.0,82.0,0.3247863247863248
5941,0.71,1.0,6023.0,0.7271008162834854,0.7288704597377654,37.0,82.0,0.3162393162393162
5942,0.725,1.0,6026.0,0.7273678954504644,0.7288013066484312,37.0,84.0,0.3162393162393162
5943,0.736,1.0,6029.0,0.727659721561911,0.7288207846322642,36.0,86.0,0.3076923076923077
5944,0.737,1.0,6031.0,0.7278541024129968,0.7288990591763146,36.0,87.0,0.3076923076923077
5945,0.736,0.0,6030.0,0.7279353195629317,0.7292253896411017,36.0,85.0,0.3076923076923077
5946,0.738,0.0,6031.0,0.7279354950140784,0.7292255650922485,35.0,85.0,0.29914529914529914
5947,0.736,1.0,6034.0,0.7278324404738303,0.7288773972371482,36.0,87.0,0.3076923076923077
5948,0.734,1.0,6033.0,0.7276227984941179,0.728912868572288,36.0,85.0,0.3076923076923077
5949,0.735,1.0,6032.0,0.7273408716609726,0.7289335507698246,36.0,83.0,0.3076923076923077
5950,0.734,1.0,6032.0,0.7269785827119147,0.7287482261661947,35.0,82.0,0.29914529914529914
5951,0.732,1.0,6031.0,0.7265310338607203,0.7287157788660041,35.0,80.0,0.29914529914529914
5952,0.73,1.0,6030.0,0.7260203333863848,0.728717549442291,35.0,78.0,0.29914529914529914
5953,0.729,1.0,6029.0,0.7254624350429556,0.7287923314082717,36.0,76.0,0.3076923076923077
5954,0.73,1.0,6029.0,0.724875124946389,0.7285750097967403,35.0,75.0,0.29914529914529914
5955,0.722,1.0,6028.0,0.724215726066213,0.7287834851407208,35.0,73.0,0.29914529914529914
5956,0.704,1.0,6028.0,0.7235945775192631,0.7286698653798274,36.0,72.0,0.3076923076923077
5957,0.716,1.0,6028.0,0.7231911465003045,0.7288303552342646,36.0,71.0,0.3076923076923077
5958,0.727,1.0,6029.0,0.7228883931413052,0.7285276018752653,36.0,71.0,0.3076923076923077
5959,0.732,1.0,6029.0,0.7225212568326935,0.7287870443148715,36.0,70.0,0.3076923076923077
5960,0.73,1.0,6030.0,0.7220717867022669,0.7283375741844449,36.0,70.0,0.3076923076923077
5961,0.729,1.0,6030.0,0.7215135383209373,0.7284755244122462,36.0,69.0,0.3076923076923077
5962,0.718,1.0,6030.0,0.7208721070320623,0.7286076471335166,37.0,68.0,0.3162393162393162
5963,0.721,1.0,6030.0,0.7202625880435433,0.7288576326007147,37.0,67.0,0.3162393162393162
5964,0.721,1.0,6031.0,0.7196764058312437,0.7282714503884151,37.0,67.0,0.3162393162393162
5965,0.718,1.0,6031.0,0.7190471397989072,0.7285971893068754,38.0,66.0,0.3247863247863248
5966,0.718,1.0,6032.0,0.7184646930461493,0.7280147425541176,38.0,66.0,0.3247863247863248
5967,0.72,1.0,6032.0,0.7178557435958282,0.7284669097157929,38.0,65.0,0.3247863247863248
5968,0.72,1.0,6033.0,0.7172619511477796,0.7278731172677443,38.0,65.0,0.3247863247863248
5969,0.725,1.0,6033.0,0.7166026520686193,0.7283928366463579,39.0,64.0,0.3333333333333333
5970,0.724,1.0,6034.0,0.715893362538477,0.7276835471162156,39.0,64.0,0.3333333333333333
5971,0.723,1.0,6034.0,0.7150550171853322,0.7281552222717084,40.0,63.0,0.3418803418803419
5972,0.722,1.0,6034.0,0.7141283942453578,0.7286841776746648,40.0,62.0,0.3418803418803419
5973,0.721,1.0,6035.0,0.7131677823709767,0.7277235658002836,41.0,62.0,0.3504273504273504
5974,0.711,1.0,6035.0,0.7120720198396926,0.7282451125389225,41.0,61.0,0.3504273504273504
5975,0.72,1.0,6036.0,0.7110474132321642,0.7272205059313942,42.0,61.0,0.358974358974359
5976,0.726,1.0,6036.0,0.7098700133053433,0.7278401163044876,43.0,60.0,0.36752136752136755
5977,0.729,1.0,6036.0,0.7085133913041375,0.7284801724142979,43.0,59.0,0.36752136752136755
5978,0.727,1.0,6037.0,0.7070024919659214,0.7269692730760817,44.0,59.0,0.37606837606837606
5979,0.723,1.0,6037.0,0.7052033816103438,0.7273886939549664,45.0,58.0,0.38461538461538464
5980,0.702,1.0,6037.0,0.7032065310504368,0.7278568781000175,45.0,57.0,0.38461538461538464
5981,0.681,1.0,6046.0,0.7017667304484906,0.7123778965684553,46.0,65.0,0.39316239316239315
5982,0.687,0.0,6062.0,0.7003873695407082,0.7025721145459921,47.0,80.0,0.4017094017094017
5983,0.7,0.0,6058.0,0.6988274137690662,0.7025272986194175,48.0,75.0,0.41025641025641024
5984,0.7,0.0,6056.0,0.6972605111574726,0.7023357990180368,49.0,72.0,0.4188034188034188
5985,0.707,0.0,6054.0,0.6956483227706357,0.7026103088619445,49.0,69.0,0.4188034188034188
5986,0.714,0.0,6053.0,0.6939209954835348,0.7025160400407062,50.0,67.0,0.42735042735042733
5987,0.714,0.0,6052.0,0.6919611149040867,0.7025722810240514,51.0,65.0,0.4358974358974359
5988,0.705,0.0,6052.0,0.6897877523547453,0.7015779369324839,52.0,64.0,0.4444444444444444
5989,0.689,0.0,6051.0,0.6873970319696434,0.7019528153989504,53.0,62.0,0.452991452991453
5990,0.675,0.0,6051.0,0.6850320004043804,0.7012050931036103,54.0,61.0,0.46153846153846156
5991,0.669,0.0,6050.0,0.6827116623907121,0.7026784435008725,55.0,59.0,0.4700854700854701
5992,0.672,0.0,6051.0,0.680677964344066,0.7006447454542264,55.0,59.0,0.4700854700854701
5993,0.67,0.0,6051.0,0.6786739150039001,0.7008592273485227,56.0,58.0,0.47863247863247865
5994,0.668,0.0,6051.0,0.6767662424971106,0.7014165895466913,57.0,57.0,0.48717948717948717
5995,0.668,0.0,6051.0,0.6749559726847335,0.7023452471842676,58.0,56.0,0.49572649572649574
5996,0.669,0.0,6052.0,0.6733240434652379,0.700713317964772,59.0,56.0,0.5042735042735043
5997,0.665,0.0,6052.0,0.6716492123663882,0.7020817395880927,60.0,55.0,0.5128205128205128
5998,0.659,0.0,6053.0,0.6701594202148995,0.700591947436604,61.0,55.0,0.5213675213675214
5999,0.657,0.0,6053.0,0.6686935786923929,0.7025074978276202,62.0,54.0,0.5299145299145299
6000,0.653,0.0,6054.0,0.6674811756108652,0.7012950947460925,63.0,54.0,0.5384615384615384
6001,0.653,0.0,6055.0,0.6664422034274489,0.7002561225626762,64.0,54.0,0.5470085470085471
6002,0.651,0.0,6056.0,0.6655653137715676,0.6993792329067949,65.0,54.0,0.5555555555555556
6003,0.653,0.0,6056.0,0.6647386216118258,0.7023096428731895,66.0,53.0,0.5641025641025641
6004,0.65,0.0,6057.0,0.6641809758753369,0.7017519971367006,67.0,53.0,0.5726495726495726
6005,0.65,0.0,6058.0,0.6637941650402348,0.7013651863015985,68.0,53.0,0.5811965811965812
6006,0.649,0.0,6059.0,0.663575018338989,0.7011460396003527,69.0,53.0,0.5897435897435898
6007,0.647,0.0,6060.0,0.6635322712420291,0.7011032925033928,70.0,53.0,0.5982905982905983
6008,0.646,0.0,6061.0,0.6636871370998467,0.7012581583612104,71.0,53.0,0.6068376068376068
6009,0.649,0.0,6062.0,0.6640506680753522,0.7016216893367159,72.0,53.0,0.6153846153846154
6010,0.65,0.0,6063.0,0.6645937875847124,0.7021648088460761,73.0,53.0,0.6239316239316239
6011,0.659,0.0,6065.0,0.6654348894184289,0.6992488085536562,74.0,54.0,0.6324786324786325
6012,0.659,0.0,6066.0,0.6662374880054742,0.7000514071407016,75.0,54.0,0.6410256410256411
6013,0.651,0.0,6067.0,0.6671318574840235,0.7009457766192508,76.0,54.0,0.6495726495726496
6014,0.646,0.0,6068.0,0.6682174470696001,0.7020313662048274,77.0,54.0,0.6581196581196581
6015,0.658,0.0,6070.0,0.66967080863428,0.7001033358559845,78.0,55.0,0.6666666666666666
6016,0.669,0.0,6071.0,0.6711549881883401,0.7015875154100446,79.0,55.0,0.6752136752136753
6017,0.674,0.0,6073.0,0.6727721405886558,0.7001614150881899,80.0,56.0,0.6837606837606838
6018,0.679,0.0,6074.0,0.674288422475046,0.70167769697458,81.0,56.0,0.6923076923076923
6019,0.681,0.0,6076.0,0.6758516468278124,0.7005019938773931,82.0,57.0,0.7008547008547008
6020,0.681,0.0,6077.0,0.677277955818405,0.7019283028679857,83.0,57.0,0.7094017094017094
6021,0.679,0.0,6079.0,0.6787523116791243,0.7009376240237469,84.0,58.0,0.717948717948718
6022,0.679,0.0,6080.0,0.6801510425345777,0.7023363548792003,83.0,58.0,0.7094017094017094
6023,0.684,0.0,6082.0,0.6816440879361523,0.7016108690463126,82.0,59.0,0.7008547008547008
6024,0.691,0.0,6084.0,0.6831116606287726,0.701081763627917,83.0,60.0,0.7094017094017094
6025,0.701,0.0,6085.0,0.6844321608129234,0.7024022638120677,84.0,60.0,0.717948717948718
6026,0.704,0.0,6087.0,0.6856345430889006,0.7018076357881305,84.0,61.0,0.717948717948718
6027,0.7,0.0,6088.0,0.6865793998929302,0.7027524925921601,85.0,61.0,0.7264957264957265
6028,0.698,0.0,6090.0,0.6874326385186152,0.7019884219479222,83.0,62.0,0.7094017094017094
6029,0.7,0.0,6091.0,0.6881204202704736,0.7026762036997806,79.0,62.0,0.6752136752136753
6030,0.697,0.0,6093.0,0.6887295344859261,0.7018297395723023,74.0,63.0,0.6324786324786325
6031,0.697,0.0,6094.0,0.6892053993611066,0.7023056044474828,70.0,63.0,0.5982905982905983
6032,0.7,0.0,6095.0,0.689599842485798,0.7027000475721742,67.0,63.0,0.5726495726495726
6033,0.698,0.0,6097.0,0.6899267095296161,0.7017168941073547,65.0,64.0,0.5555555555555556
6034,0.698,0.0,6098.0,0.6901243948437308,0.7019145794214694,62.0,64.0,0.5299145299145299
6035,0.698,0.0,6099.0,0.6902389544182618,0.7020291389960004,61.0,64.0,0.5213675213675214
6036,0.696,0.0,6100.0,0.6902721637715552,0.7020623483492938,59.0,64.0,0.5042735042735043
6037,0.698,0.0,6101.0,0.6902461114844624,0.702036296062201,57.0,64.0,0.48717948717948717
6038,0.693,0.0,6102.0,0.690138285864905,0.7019284704426436,58.0,64.0,0.49572649572649574
6039,0.684,0.0,6103.0,0.6900031064596024,0.701793291037341,59.0,64.0,0.5042735042735043
6040,0.685,0.0,6104.0,0.6899387672125068,0.7017289517902454,60.0,64.0,0.5128205128205128
6041,0.68,0.0,6105.0,0.689933541417749,0.7017237259954876,61.0,64.0,0.5213675213675214
6042,0.677,0.0,6106.0,0.6900431623701901,0.7018333469479288,62.0,64.0,0.5299145299145299
6043,0.678,0.0,6107.0,0.6903021317708632,0.7020923163486018,63.0,64.0,0.5384615384615384
6044,0.678,0.0,6108.0,0.6907021600981997,0.7024923446759384,64.0,64.0,0.5470085470085471
6045,0.683,0.0,6110.0,0.6912873567744566,0.7018985228944213,65.0,65.0,0.5555555555555556
6046,0.696,0.0,6111.0,0.6919296071748074,0.7025407732947722,65.0,65.0,0.5555555555555556
6047,0.702,0.0,6113.0,0.6925680368753764,0.7021180863833446,66.0,66.0,0.5641025641025641
6048,0.704,0.0,6114.0,0.6930687544992624,0.7026188040072306,67.0,66.0,0.5726495726495726
6049,0.705,0.0,6116.0,0.6934840979479213,0.7020791425050927,68.0,67.0,0.5811965811965812
6050,0.704,0.0,6117.0,0.6937417299803366,0.702336774537508,68.0,67.0,0.5811965811965812
6051,0.706,0.0,6118.0,0.6938883578343968,0.7024834023915683,63.0,67.0,0.5384615384615384
6052,0.701,0.0,6119.0,0.6939034970552425,0.7024985416124139,60.0,67.0,0.5128205128205128
6053,0.694,0.0,6120.0,0.6938429030779474,0.7024379476351188,58.0,67.0,0.49572649572649574
6054,0.694,0.0,6121.0,0.6937835808923065,0.7023786254494779,57.0,67.0,0.48717948717948717
6055,0.695,0.0,6122.0,0.6937248532680931,0.7023198978252645,57.0,67.0,0.48717948717948717
6056,0.697,0.0,6123.0,0.6936551646555902,0.7022502092127616,55.0,67.0,0.4700854700854701
6057,0.701,0.0,6124.0,0.6935513873271382,0.7021464318843096,55.0,67.0,0.4700854700854701
6058,0.698,0.0,6125.0,0.6933679147094485,0.7019629592666199,54.0,67.0,0.46153846153846156
6059,0.701,0.0,6125.0,0.6931046379726262,0.7026546874805945,54.0,66.0,0.46153846153846156
6060,0.704,0.0,6126.0,0.6927890204376534,0.7023390699456217,54.0,66.0,0.46153846153846156
6061,0.704,0.0,6127.0,0.6923529781687806,0.7019030276767488,54.0,66.0,0.46153846153846156
6062,0.695,0.0,6127.0,0.6917551347993699,0.7023663009193346,53.0,65.0,0.452991452991453
6063,0.688,0.0,6128.0,0.6911614481069448,0.7017726142269095,53.0,65.0,0.452991452991453
6064,0.686,0.0,6128.0,0.6905666989544148,0.7023568835321534,54.0,64.0,0.46153846153846156
6065,0.689,0.0,6129.0,0.6900674936027735,0.7018576781805121,54.0,64.0,0.46153846153846156
6066,0.688,0.0,6129.0,0.6895398268599072,0.7026400319462834,54.0,63.0,0.46153846153846156
6067,0.683,0.0,6130.0,0.6890791190321495,0.7021793241185257,54.0,63.0,0.46153846153846156
6068,0.682,0.0,6131.0,0.6886904593050582,0.7017906643914344,54.0,63.0,0.46153846153846156
6069,0.683,0.0,6132.0,0.6883810747235539,0.7014812798099301,55.0,63.0,0.4700854700854701
6070,0.678,0.0,6132.0,0.6880870494814233,0.7026428329107303,55.0,62.0,0.4700854700854701
6071,0.676,0.0,6133.0,0.6879601081063493,0.7025158915356563,55.0,62.0,0.4700854700854701
6072,0.678,0.0,6134.0,0.687970944500203,0.70252672792951,56.0,62.0,0.47863247863247865
6073,0.679,0.0,6135.0,0.6880976253857879,0.7026534088150949,56.0,62.0,0.47863247863247865
6074,0.684,0.0,6137.0,0.688381109004661,0.7014813140910372,56.0,63.0,0.47863247863247865
6075,0.687,0.0,6138.0,0.6886692962924535,0.7017695013788298,57.0,63.0,0.48717948717948717
6076,0.686,0.0,6139.0,0.6889812300297946,0.7020814351161708,57.0,63.0,0.48717948717948717
6077,0.69,0.0,6140.0,0.6893313700458492,0.7024315751322254,57.0,63.0,0.48717948717948717
6078,0.69,0.0,6142.0,0.6897245304194628,0.7015147149972014,58.0,64.0,0.49572649572649574
6079,0.689,0.0,6143.0,0.6900735567401071,0.7018637413178457,58.0,64.0,0.49572649572649574
6080,0.686,0.0,6144.0,0.690438575979974,0.7022287605577127,58.0,64.0,0.49572649572649574
6081,0.691,0.0,6145.0,0.6908569958578094,0.702647180435548,59.0,64.0,0.5042735042735043
6082,0.694,0.0,6147.0,0.6913166810189915,0.7019278471389562,59.0,65.0,0.5042735042735043
6083,0.695,0.0,6148.0,0.6917107304619377,0.7023218965819024,60.0,65.0,0.5128205128205128
6084,0.697,0.0,6149.0,0.6920719742978354,0.7026831404178001,60.0,65.0,0.5128205128205128
6085,0.694,0.0,6151.0,0.6924177180224176,0.7019677675303858,60.0,66.0,0.5128205128205128
6086,0.693,0.0,6152.0,0.6927148130171861,0.7022648625251543,61.0,66.0,0.5213675213675214
6087,0.699,0.0,6153.0,0.6930124286026158,0.702562478110584,61.0,66.0,0.5213675213675214
6088,0.694,0.0,6155.0,0.693278865879169,0.7018739104363404,61.0,67.0,0.5213675213675214
6089,0.689,0.0,6156.0,0.6935085378684814,0.7021035824256529,62.0,67.0,0.5299145299145299
6090,0.679,0.0,6157.0,0.6937915798873467,0.7023866244445182,62.0,67.0,0.5299145299145299
6091,0.673,0.0,6159.0,0.694270570891866,0.7020061109933202,62.0,68.0,0.5299145299145299
6092,0.679,0.0,6160.0,0.6949602155084877,0.702695755609942,63.0,68.0,0.5384615384615384
6093,0.692,0.0,6163.0,0.6958789791869554,0.7021447666691334,63.0,70.0,0.5384615384615384
6094,0.702,0.0,6165.0,0.6968133284987135,0.7024525372326736,63.0,71.0,0.5384615384615384
6095,0.707,0.0,6168.0,0.6977057233466024,0.7022734824211102,63.0,73.0,0.5384615384615384
6096,0.704,0.0,6170.0,0.6984768573597929,0.7025878405268499,64.0,74.0,0.5470085470085471
6097,0.698,0.0,6173.0,0.6991987102774071,0.7025286066427232,64.0,76.0,0.5470085470085471
6098,0.696,0.0,6176.0,0.6999303431803519,0.702627559236258,64.0,78.0,0.5470085470085471
6099,0.697,0.0,6180.0,0.7007106316114213,0.7026769021161768,64.0,81.0,0.5470085470085471
6100,0.706,0.0,6186.0,0.7015373725751085,0.7026984356454616,64.0,86.0,0.5470085470085471
6101,0.706,1.0,6162.0,0.7018029761526803,0.7179760688519102,64.0,61.0,0.5470085470085471
6102,0.706,1.0,6159.0,0.7022308774534708,0.7268812245030515,64.0,57.0,0.5470085470085471
6103,0.707,1.0,6160.0,0.70290849251416,0.7275588395637407,64.0,57.0,0.5470085470085471
6104,0.703,1.0,6161.0,0.7035498967476392,0.7282002437972199,64.0,57.0,0.5470085470085471
6105,0.701,1.0,6162.0,0.7042065445472567,0.7288568915968374,64.0,57.0,0.5470085470085471
6106,0.703,1.0,6164.0,0.7049866018028518,0.7271719141474744,64.0,58.0,0.5470085470085471
6107,0.704,1.0,6165.0,0.705714096350492,0.7278994086951146,64.0,58.0,0.5470085470085471
6108,0.704,1.0,6166.0,0.7064684713313398,0.7286537836759625,64.0,58.0,0.5470085470085471
6109,0.706,1.0,6168.0,0.7073275370407848,0.7272943181509451,65.0,59.0,0.5555555555555556
6110,0.708,1.0,6169.0,0.7081384472924648,0.7281052284026251,65.0,59.0,0.5555555555555556
6111,0.716,1.0,6170.0,0.7089573797968393,0.7289241609069996,65.0,59.0,0.5555555555555556
6112,0.727,1.0,6172.0,0.7097694894978364,0.7277395924969807,66.0,60.0,0.5641025641025641
6113,0.732,1.0,6173.0,0.7103332595192272,0.7283033625183716,66.0,60.0,0.5641025641025641
6114,0.731,1.0,6174.0,0.7106620951603739,0.7286321981595183,66.0,60.0,0.5641025641025641
6115,0.726,1.0,6175.0,0.7107715557294454,0.7287416587285898,67.0,60.0,0.5726495726495726
6116,0.722,1.0,6176.0,0.7107189142818365,0.7286890172809809,67.0,60.0,0.5726495726495726
6117,0.718,1.0,6177.0,0.710547538543673,0.7285176415428174,67.0,60.0,0.5726495726495726
6118,0.712,1.0,6178.0,0.7102997039619603,0.7282698069611047,67.0,60.0,0.5726495726495726
6119,0.709,1.0,6179.0,0.7100405435612049,0.7280106465603493,67.0,60.0,0.5726495726495726
6120,0.707,1.0,6180.0,0.7098017595639925,0.7277718625631369,67.0,60.0,0.5726495726495726
6121,0.703,1.0,6181.0,0.7096022968123901,0.7275723998115344,67.0,60.0,0.5726495726495726
6122,0.699,1.0,6182.0,0.7094834849928968,0.7274535879920412,67.0,60.0,0.5726495726495726
6123,0.7,1.0,6183.0,0.7094879187734886,0.727458021772633,67.0,60.0,0.5726495726495726
6124,0.698,1.0,6184.0,0.7096047065503633,0.7275748095495077,67.0,60.0,0.5726495726495726
6125,0.696,1.0,6185.0,0.7098575573466881,0.7278276603458325,66.0,60.0,0.5641025641025641
6126,0.704,1.0,6186.0,0.7102714271743865,0.7282415301735309,66.0,60.0,0.5641025641025641
6127,0.716,1.0,6187.0,0.7107620351561588,0.7287321381553031,65.0,60.0,0.5555555555555556
6128,0.72,1.0,6189.0,0.7112637040886933,0.7274367967879233,64.0,61.0,0.5470085470085471
6129,0.722,1.0,6190.0,0.7116121568985294,0.7277852495977594,63.0,61.0,0.5384615384615384
6130,0.723,1.0,6191.0,0.7118515392963829,0.7280246319956128,63.0,61.0,0.5384615384615384
6131,0.716,1.0,6192.0,0.7119732382446371,0.728146330943867,63.0,61.0,0.5384615384615384
6132,0.716,1.0,6193.0,0.7120563752194511,0.728229467918681,62.0,61.0,0.5299145299145299
6133,0.718,1.0,6194.0,0.7121019505743764,0.7282750432736064,62.0,61.0,0.5299145299145299
6134,0.71,1.0,6195.0,0.7120882484800233,0.7282613411792532,62.0,61.0,0.5299145299145299
6135,0.705,1.0,6196.0,0.7121038353367064,0.7282769280359364,62.0,61.0,0.5299145299145299
6136,0.712,1.0,6197.0,0.7122045079845107,0.7283776006837407,63.0,61.0,0.5384615384615384
6137,0.722,1.0,6198.0,0.7123128326246149,0.7284859253238448,63.0,61.0,0.5384615384615384
6138,0.724,1.0,6199.0,0.7123196678468849,0.7284927605461149,63.0,61.0,0.5384615384615384
6139,0.727,1.0,6200.0,0.712203292983715,0.7283763856829449,63.0,61.0,0.5384615384615384
6140,0.728,1.0,6201.0,0.7119292093300484,0.7281023020292784,63.0,61.0,0.5384615384615384
6141,0.729,1.0,6202.0,0.7114829709876054,0.7276560636868353,64.0,61.0,0.5470085470085471
6142,0.731,1.0,6202.0,0.7107857910904138,0.7287558940895582,64.0,60.0,0.5470085470085471
6143,0.725,1.0,6203.0,0.709933619376254,0.7279037223753984,64.0,60.0,0.5470085470085471
6144,0.718,1.0,6203.0,0.7088513939791171,0.7288181750892775,64.0,59.0,0.5470085470085471
6145,0.712,1.0,6204.0,0.7077448624086916,0.727711643518852,64.0,59.0,0.5470085470085471
6146,0.705,1.0,6204.0,0.7065214410274467,0.7287067533720694,65.0,58.0,0.5555555555555556
6147,0.696,1.0,6205.0,0.7054003963814345,0.7275857087260571,65.0,58.0,0.5555555555555556
6148,0.69,1.0,6206.0,0.7043919974731923,0.7265773098178149,65.0,58.0,0.5555555555555556
6149,0.688,1.0,6206.0,0.7034669002615155,0.7281172473110962,65.0,57.0,0.5555555555555556
6150,0.693,1.0,6207.0,0.7028083667253269,0.7274587137749076,66.0,57.0,0.5641025641025641
6151,0.699,1.0,6208.0,0.7022680264871182,0.7269183735366989,66.0,57.0,0.5641025641025641
6152,0.704,1.0,6209.0,0.7017724047200524,0.7264227517696331,66.0,57.0,0.5641025641025641
6153,0.707,1.0,6219.0,0.7017784670468065,0.7113285165547747,66.0,66.0,0.5641025641025641
6154,0.706,0.0,6240.0,0.7014998106932997,0.7026608737636528,67.0,86.0,0.5726495726495726
6155,0.704,0.0,6237.0,0.7008642809862153,0.7026339244404953,67.0,82.0,0.5726495726495726
6156,0.704,0.0,6235.0,0.70019320258556,0.7026206970358754,67.0,79.0,0.5726495726495726
6157,0.706,0.0,6234.0,0.6994835345883632,0.7024804413171477,67.0,77.0,0.5726495726495726
6158,0.703,0.0,6233.0,0.6986979238607081,0.7023978087110594,68.0,75.0,0.5811965811965812
6159,0.701,0.0,6232.0,0.6978603202526149,0.7024280793271227,67.0,73.0,0.5726495726495726
6160,0.703,0.0,6231.0,0.6969825975435933,0.7026218062775534,66.0,71.0,0.5641025641025641
6161,0.704,0.0,6231.0,0.696055396332599,0.702321183814777,66.0,70.0,0.5641025641025641
6162,0.704,0.0,6230.0,0.6950133562742788,0.7027488963757331,65.0,68.0,0.5555555555555556
6163,0.7,0.0,6230.0,0.693895373544925,0.7024904181020964,65.0,67.0,0.5555555555555556
6164,0.678,0.0,6230.0,0.6927095616327373,0.7022596111407056,65.0,66.0,0.5555555555555556
6165,0.671,0.0,6230.0,0.6916871892942467,0.7022983554142114,64.0,65.0,0.5470085470085471
6166,0.671,0.0,6230.0,0.6908946746145809,0.7026848591923195,64.0,64.0,0.5470085470085471
6167,0.668,0.0,6231.0,0.6903682007372816,0.7021583853150202,65.0,64.0,0.5555555555555556
6168,0.664,0.0,6232.0,0.6900946372027443,0.701884821780483,64.0,64.0,0.5470085470085471
6169,0.667,0.0,6233.0,0.6901155005570707,0.7019056851348093,64.0,64.0,0.5470085470085471
6170,0.662,0.0,6234.0,0.6903978754427847,0.7021880600205234,63.0,64.0,0.5384615384615384
6171,0.668,0.0,6236.0,0.6910395610948084,0.7016507272147731,64.0,65.0,0.5470085470085471
6172,0.675,0.0,6237.0,0.6919006668559391,0.7025118329759038,64.0,65.0,0.5470085470085471
6173,0.674,0.0,6239.0,0.6929902767581373,0.7025403262661055,63.0,66.0,0.5384615384615384
6174,0.668,0.0,6242.0,0.694321850995931,0.7020573910973853,63.0,68.0,0.5384615384615384
6175,0.671,0.0,6245.0,0.6959366335175136,0.7022024209996915,63.0,70.0,0.5384615384615384
6176,0.679,0.0,6249.0,0.6978384292331492,0.702406188307657,62.0,73.0,0.5299145299145299
6177,0.681,0.0,6255.0,0.6999559988534381,0.7026532149093442,62.0,78.0,0.5299145299145299
6178,0.68,1.0,6240.0,0.7018154456023531,0.7163712290316601,62.0,62.0,0.5299145299145299
6179,0.692,1.0,6236.0,0.7039863106588036,0.7286366577083843,62.0,57.0,0.5299145299145299
6180,0.716,1.0,6238.0,0.7067237732260648,0.7289090855706875,61.0,58.0,0.5213675213675214
6181,0.731,1.0,6241.0,0.709431529931929,0.7274016329310734,61.0,60.0,0.5213675213675214
6182,0.735,1.0,6243.0,0.7118231095527909,0.7279962022520209,61.0,61.0,0.5213675213675214
6183,0.733,1.0,6245.0,0.7139570064377567,0.7285127898670637,61.0,62.0,0.5213675213675214
6184,0.733,1.0,6248.0,0.715924609039021,0.7277147936167596,61.0,64.0,0.5213675213675214
6185,0.735,1.0,6250.0,0.71764947819685,0.7282606443168147,61.0,65.0,0.5213675213675214
6186,0.736,1.0,6252.0,0.7191823847482568,0.728732434256225,60.0,66.0,0.5128205128205128
6187,0.737,1.0,6255.0,0.7205592439019352,0.7282947840033894,60.0,68.0,0.5128205128205128
6188,0.735,1.0,6257.0,0.7217206849394305,0.7286826710307394,61.0,69.0,0.5213675213675214
6189,0.734,1.0,6260.0,0.7227560649194085,0.7283952736533686,61.0,71.0,0.5213675213675214
6190,0.736,1.0,6262.0,0.723642883343228,0.7287181712037922,61.0,72.0,0.5213675213675214
6191,0.737,1.0,6265.0,0.7244077850039686,0.7285187681710256,61.0,74.0,0.5213675213675214
6192,0.736,1.0,6267.0,0.72501521782418,0.7287151026745313,61.0,75.0,0.5213675213675214
6193,0.735,1.0,6269.0,0.7255005644048712,0.7288304607701873,61.0,76.0,0.5213675213675214
6194,0.735,1.0,6271.0,0.7258801689176986,0.7288770756464831,61.0,77.0,0.5213675213675214
6195,0.735,1.0,6273.0,0.7261586280977368,0.7288558441536429,61.0,78.0,0.5213675213675214
6196,0.733,1.0,6275.0,0.7263388214204465,0.7287663158707619,61.0,79.0,0.5213675213675214
6197,0.732,1.0,6276.0,0.7264367098378368,0.7288642042881522,61.0,79.0,0.5213675213675214
6198,0.722,1.0,6277.0,0.7264737153113838,0.7289012097616993,61.0,79.0,0.5213675213675214
6199,0.722,1.0,6279.0,0.7265696391578313,0.7287543841631152,61.0,80.0,0.5213675213675214
6200,0.727,1.0,6280.0,0.7267089327868625,0.7288936777921464,61.0,80.0,0.5213675213675214
6201,0.733,1.0,6282.0,0.7268532759689152,0.7288195464736708,61.0,81.0,0.5213675213675214
6202,0.735,1.0,6283.0,0.7269224930493625,0.728888763554118,60.0,81.0,0.5128205128205128
6203,0.736,1.0,6284.0,0.7269027082702513,0.7288689787750068,59.0,81.0,0.5042735042735043
6204,0.736,1.0,6285.0,0.7267825813756792,0.7287488518804347,58.0,81.0,0.49572649572649574
6205,0.732,1.0,6285.0,0.7265533885847915,0.7287381335900753,58.0,80.0,0.49572649572649574
6206,0.729,1.0,6285.0,0.72626367788929,0.7286911723396055,57.0,79.0,0.48717948717948717
6207,0.73,1.0,6284.0,0.7259334277607603,0.7289303344895448,57.0,77.0,0.48717948717948717
6208,0.728,1.0,6284.0,0.7255671157648578,0.7288970121301739,57.0,76.0,0.48717948717948717
6209,0.72,1.0,6284.0,0.7251737717218977,0.728873656572249,57.0,75.0,0.48717948717948717
6210,0.711,1.0,6285.0,0.7248518178092096,0.7285517026595609,58.0,75.0,0.49572649572649574
6211,0.719,1.0,6285.0,0.7246712595832647,0.7287822427503217,59.0,74.0,0.5042735042735043
6212,0.727,1.0,6286.0,0.7245689909006682,0.7286799740677251,60.0,74.0,0.5128205128205128
6213,0.731,1.0,6287.0,0.7244409140093523,0.7285518971764092,61.0,74.0,0.5213675213675214
6214,0.728,1.0,6287.0,0.7242265024877985,0.7287942615623063,62.0,73.0,0.5299145299145299
6215,0.723,1.0,6288.0,0.7239864148220793,0.728554173896587,63.0,73.0,0.5384615384615384
6216,0.721,1.0,6288.0,0.723742660875677,0.7288179487362412,64.0,72.0,0.5470085470085471
6217,0.725,1.0,6289.0,0.7235471711585573,0.7286224590191215,65.0,72.0,0.5555555555555556
6218,0.722,1.0,6290.0,0.7233372377845866,0.7284125256451508,66.0,72.0,0.5641025641025641
6219,0.724,1.0,6290.0,0.7231262235331357,0.7287654322670959,66.0,71.0,0.5641025641025641
6220,0.727,1.0,6291.0,0.7229251488447063,0.7285643575786664,67.0,71.0,0.5726495726495726
6221,0.726,1.0,6291.0,0.7226611146609412,0.7289269021431192,68.0,70.0,0.5811965811965812
6222,0.72,1.0,6292.0,0.7223815822290858,0.7286473697112638,69.0,70.0,0.5897435897435898
6223,0.721,1.0,6293.0,0.7221306718697876,0.7283964593519656,70.0,70.0,0.5982905982905983
6224,0.718,1.0,6293.0,0.7218728841011564,0.7288348701924652,71.0,69.0,0.6068376068376068
6225,0.717,1.0,6294.0,0.7216820922670597,0.7286440783583685,72.0,69.0,0.6153846153846154
6226,0.716,1.0,6295.0,0.7215456834272397,0.7285076695185485,73.0,69.0,0.6239316239316239
6227,0.714,1.0,6296.0,0.7214734325849885,0.7284354186762974,74.0,69.0,0.6324786324786325
6228,0.721,1.0,6297.0,0.721486663906109,0.7284486499974179,75.0,69.0,0.6410256410256411
6229,0.723,1.0,6298.0,0.721508043427962,0.7284700295192709,76.0,69.0,0.6495726495726496
6230,0.725,1.0,6299.0,0.7215156927404611,0.72847767883177,72.0,69.0,0.6153846153846154
6231,0.725,1.0,6300.0,0.7214874049938848,0.7284493910851936,70.0,69.0,0.5982905982905983
6232,0.723,1.0,6301.0,0.7214223455630815,0.7283843316543903,69.0,69.0,0.5897435897435898
6233,0.723,1.0,6302.0,0.7213422079904797,0.7283041940817885,68.0,69.0,0.5811965811965812
6234,0.726,1.0,6303.0,0.7212462814045628,0.7282082674958716,67.0,69.0,0.5726495726495726
6235,0.719,1.0,6303.0,0.721075044843863,0.7288105849453173,67.0,68.0,0.5726495726495726
6236,0.711,1.0,6304.0,0.7209548344214561,0.7286903745229104,66.0,68.0,0.5641025641025641
6237,0.704,1.0,6305.0,0.7209483152724282,0.7286838553738825,65.0,68.0,0.5555555555555556
6238,0.712,1.0,6306.0,0.721133261952296,0.7288688020537503,65.0,68.0,0.5555555555555556
6239,0.723,1.0,6308.0,0.7214486161691651,0.7284106022604739,65.0,69.0,0.5555555555555556
6240,0.732,1.0,6309.0,0.7217234907469781,0.7286854768382869,64.0,69.0,0.5470085470085471
6241,0.73,1.0,6310.0,0.7218868127865488,0.7288487988778576,64.0,69.0,0.5470085470085471
6242,0.728,1.0,6311.0,0.7219626228636302,0.728924608954939,64.0,69.0,0.5470085470085471
6243,0.728,1.0,6313.0,0.7219969967307684,0.7282627842129464,64.0,70.0,0.5470085470085471
6244,0.727,1.0,6313.0,0.7219205165465297,0.7288825026378385,65.0,69.0,0.5555555555555556
6245,0.727,1.0,6314.0,0.721813247079694,0.7287752331710028,64.0,69.0,0.5470085470085471
6246,0.73,1.0,6315.0,0.7216510218931956,0.7286130079845045,65.0,69.0,0.5555555555555556
6247,0.729,1.0,6316.0,0.7213987161442377,0.7283607022355465,66.0,69.0,0.5641025641025641
6248,0.724,1.0,6316.0,0.7210386693386012,0.7287742094400554,66.0,68.0,0.5641025641025641
6249,0.712,1.0,6317.0,0.7206743403573246,0.7284098804587789,66.0,68.0,0.5641025641025641
6250,0.695,1.0,6318.0,0.7204091736586729,0.7281447137601271,66.0,68.0,0.5641025641025641
6251,0.706,1.0,6319.0,0.7204293072590551,0.7281648473605093,67.0,68.0,0.5726495726495726
6252,0.718,1.0,6320.0,0.7206126327168236,0.7283481728182779,67.0,68.0,0.5726495726495726
6253,0.723,1.0,6321.0,0.7208280165016512,0.7285635566031055,68.0,68.0,0.5811965811965812
6254,0.726,1.0,6322.0,0.7210221903563884,0.7287577304578426,69.0,68.0,0.5897435897435898
6255,0.727,1.0,6323.0,0.7211640232196823,0.7288995633211366,68.0,68.0,0.5811965811965812
6256,0.726,1.0,6325.0,0.7212703499501971,0.728232336041506,69.0,69.0,0.5897435897435898
6257,0.726,1.0,6326.0,0.7213005092238294,0.7282624953151382,69.0,69.0,0.5897435897435898
6258,0.722,1.0,6327.0,0.721281148786842,0.7282431348781508,70.0,69.0,0.5982905982905983
6259,0.725,1.0,6328.0,0.7212564686540864,0.7282184547453953,71.0,69.0,0.6068376068376068
6260,0.73,1.0,6328.0,0.7211664826696531,0.7289020227711074,71.0,68.0,0.6068376068376068
6261,0.732,1.0,6329.0,0.7210076194049386,0.7287431595063929,72.0,68.0,0.6153846153846154
6262,0.729,1.0,6330.0,0.7207296272960226,0.7284651673974769,72.0,68.0,0.6153846153846154
6263,0.726,1.0,6330.0,0.7203333232519477,0.7289283678091191,73.0,67.0,0.6239316239316239
6264,0.724,1.0,6331.0,0.719906762539288,0.7285018070964594,74.0,67.0,0.6324786324786325
6265,0.724,1.0,6332.0,0.7194379468139611,0.7280329913711325,74.0,67.0,0.6324786324786325
6266,0.722,1.0,6332.0,0.718889046556404,0.7284390960643722,75.0,66.0,0.6410256410256411
6267,0.721,1.0,6332.0,0.7183055801494733,0.728916746269438,75.0,65.0,0.6410256410256411
6268,0.723,1.0,6333.0,0.7177323306307312,0.7283434967506959,76.0,65.0,0.6495726495726496
6269,0.718,1.0,6333.0,0.7170644120544557,0.7288545966321943,76.0,64.0,0.6495726495726496
6270,0.712,1.0,6334.0,0.7164305904899433,0.7282207750676819,77.0,64.0,0.6581196581196581
6271,0.718,1.0,6334.0,0.7158059545186102,0.7289061596049864,77.0,63.0,0.6581196581196581
6272,0.722,1.0,6335.0,0.7152058936621049,0.7283060987484811,78.0,63.0,0.6666666666666666
6273,0.72,1.0,6336.0,0.7145351001780784,0.7276353052644546,78.0,63.0,0.6666666666666666
6274,0.72,1.0,6336.0,0.7137596516339666,0.7283154350632736,79.0,62.0,0.6752136752136753
6275,0.72,1.0,6337.0,0.7129689521126356,0.7275247355419425,79.0,62.0,0.6752136752136753
6276,0.719,1.0,6337.0,0.7120514522328374,0.7282245449320673,79.0,61.0,0.6752136752136753
6277,0.72,1.0,6338.0,0.7111170974389678,0.7272901901381977,79.0,61.0,0.6752136752136753
6278,0.72,1.0,6338.0,0.7100297276727462,0.7279998306718906,80.0,60.0,0.6837606837606838
6279,0.721,1.0,6338.0,0.7088315771028881,0.7287983582130485,80.0,59.0,0.6837606837606838
6280,0.725,1.0,6339.0,0.7075731498074973,0.7275399309176577,80.0,59.0,0.6837606837606838
6281,0.724,1.0,6339.0,0.7060536556673097,0.7282389680119323,81.0,58.0,0.6923076923076923
6282,0.721,1.0,6340.0,0.7044178942400944,0.726603206584717,81.0,58.0,0.6923076923076923
6283,0.713,1.0,6340.0,0.7025230643083223,0.727173411357903,81.0,57.0,0.6923076923076923
6284,0.714,0.0,6369.0,0.7013733513876844,0.7026634214658545,78.0,85.0,0.6666666666666666
6285,0.714,0.0,6361.0,0.6992455189502713,0.7025754153155874,74.0,76.0,0.6324786324786325
6286,0.706,0.0,6357.0,0.6969458536056314,0.7025850623395916,74.0,71.0,0.6324786324786325
6287,0.691,0.0,6355.0,0.6945543724752655,0.7022899125767198,73.0,68.0,0.6239316239316239
6288,0.676,0.0,6354.0,0.6922149568145415,0.7017650063225097,72.0,66.0,0.6153846153846154
6289,0.666,0.0,6353.0,0.690045132755125,0.7018353173328636,72.0,64.0,0.6153846153846154
6290,0.663,0.0,6352.0,0.6881291962632066,0.7026849796925135,71.0,62.0,0.6068376068376068
6291,0.662,0.0,6352.0,0.6865359105852298,0.7027090032844597,70.0,61.0,0.5982905982905983
6292,0.655,0.0,6353.0,0.6852748312143431,0.701447923913573,70.0,61.0,0.5982905982905983
6293,0.655,0.0,6353.0,0.6842965122864204,0.7022666152855648,69.0,60.0,0.5897435897435898
6294,0.654,0.0,6354.0,0.6837095374863505,0.7016796404854949,69.0,60.0,0.5897435897435898
6295,0.653,0.0,6355.0,0.6834591568113288,0.7014292598104732,69.0,60.0,0.5897435897435898
6296,0.657,0.0,6356.0,0.6835543519634435,0.7015244549625879,69.0,60.0,0.5897435897435898
6297,0.658,0.0,6357.0,0.6839515092313877,0.7019216122305321,69.0,60.0,0.5897435897435898
6298,0.667,0.0,6358.0,0.6846432966800036,0.7026133996791479,69.0,60.0,0.5897435897435898
6299,0.678,0.0,6360.0,0.6855969764569149,0.7017700691561448,69.0,61.0,0.5897435897435898
6300,0.686,0.0,6361.0,0.6865812447332752,0.7027543374325051,69.0,61.0,0.5897435897435898
6301,0.679,0.0,6363.0,0.6876317521423585,0.7021875355716655,69.0,62.0,0.5897435897435898
6302,0.678,0.0,6365.0,0.6887778997757263,0.7018781048621026,69.0,63.0,0.5897435897435898
6303,0.682,0.0,6367.0,0.6900432088943953,0.7018333934721339,68.0,64.0,0.5811965811965812
6304,0.687,0.0,6369.0,0.6913977628935739,0.7020089290135386,68.0,65.0,0.5811965811965812
6305,0.694,0.0,6371.0,0.6928018175948706,0.7023518671028388,68.0,66.0,0.5811965811965812
6306,0.702,0.0,6374.0,0.6942228669943971,0.7019584070958513,68.0,68.0,0.5811965811965812
6307,0.706,0.0,6376.0,0.695526325054656,0.7024883111459648,69.0,69.0,0.5897435897435898
6308,0.707,0.0,6379.0,0.696734392374935,0.7023736011088951,69.0,71.0,0.5897435897435898
6309,0.708,0.0,6382.0,0.6978215934685748,0.7023893525430825,69.0,73.0,0.5897435897435898
6310,0.709,0.0,6385.0,0.6987917163341149,0.7024916011844662,69.0,75.0,0.5897435897435898
6311,0.71,0.0,6388.0,0.6996443019120419,0.7026412086408264,69.0,77.0,0.5897435897435898
6312,0.708,0.0,6392.0,0.7003862508947888,0.7025709959000727,70.0,80.0,0.5982905982905983
6313,0.701,0.0,6396.0,0.7010366963864769,0.7026293754953289,69.0,83.0,0.5897435897435898
6314,0.7,0.0,6401.0,0.7016864993652601,0.7027314561285779,69.0,87.0,0.5897435897435898
6315,0.703,1.0,6376.0,0.7018189610303942,0.7179920537296242,69.0,61.0,0.5897435897435898
6316,0.706,1.0,6373.0,0.7021724384444796,0.7268227854940603,68.0,57.0,0.5811965811965812
6317,0.703,1.0,6374.0,0.7027820872636474,0.7274324343132281,68.0,57.0,0.5811965811965812
6318,0.701,1.0,6375.0,0.7033992787599443,0.728049625809525,68.0,57.0,0.5811965811965812
6319,0.704,1.0,6376.0,0.7040527684922121,0.7287031155417928,68.0,57.0,0.5811965811965812
6320,0.704,1.0,6378.0,0.7047996985062359,0.7269850108508585,68.0,58.0,0.5811965811965812
6321,0.708,1.0,6379.0,0.7054793600554751,0.7276646724000977,68.0,58.0,0.5811965811965812
6322,0.709,1.0,6380.0,0.7061390245596237,0.7283243369042464,68.0,58.0,0.5811965811965812
6323,0.711,1.0,6382.0,0.7068505624282682,0.7268173435384285,68.0,59.0,0.5811965811965812
6324,0.717,1.0,6383.0,0.7074497687747114,0.7274165498848718,69.0,59.0,0.5897435897435898
6325,0.715,1.0,6384.0,0.7079510373122964,0.7279178184224567,69.0,59.0,0.5897435897435898
6326,0.716,1.0,6385.0,0.7083821073695028,0.7283488884796632,69.0,59.0,0.5897435897435898
6327,0.718,1.0,6386.0,0.7087362791845637,0.7287030602947241,69.0,59.0,0.5897435897435898
6328,0.719,1.0,6388.0,0.7090645925434269,0.7270346955425713,68.0,60.0,0.5811965811965812
6329,0.719,1.0,6389.0,0.7092190780225192,0.7271891810216635,68.0,60.0,0.5811965811965812
6330,0.721,1.0,6390.0,0.7092718476411751,0.7272419506403195,67.0,60.0,0.5726495726495726
6331,0.723,1.0,6391.0,0.7092011803847289,0.7271712833838733,67.0,60.0,0.5726495726495726
6332,0.722,1.0,6391.0,0.7089153095503754,0.7288820906605358,65.0,59.0,0.5555555555555556
6333,0.719,1.0,6392.0,0.7085600321231218,0.7285268132332822,64.0,59.0,0.5470085470085471
6334,0.717,1.0,6393.0,0.7080962478501241,0.7280630289602845,63.0,59.0,0.5384615384615384
6335,0.71,1.0,6394.0,0.7075409101978619,0.7275076913080223,63.0,59.0,0.5384615384615384
6336,0.708,1.0,6395.0,0.706966025861377,0.7269328069715374,62.0,59.0,0.5299145299145299
6337,0.706,1.0,6395.0,0.7063113665319551,0.7284966788765778,61.0,58.0,0.5213675213675214
6338,0.709,1.0,6396.0,0.7057444710175754,0.727929783362198,59.0,58.0,0.5042735042735043
6339,0.713,1.0,6397.0,0.7051498333776377,0.7273351457222603,58.0,58.0,0.49572649572649574
6340,0.712,1.0,6398.0,0.7044760517884037,0.7266613641330263,57.0,58.0,0.48717948717948717
6341,0.708,1.0,6398.0,0.7036431122713425,0.7282934593209232,58.0,57.0,0.49572649572649574
6342,0.707,1.0,6399.0,0.7028545260387373,0.727504873088318,59.0,57.0,0.5042735042735043
6343,0.711,1.0,6400.0,0.7020290255604822,0.7266793726100629,60.0,57.0,0.5128205128205128
6344,0.709,1.0,6416.0,0.7017723126256706,0.7068476004862349,61.0,72.0,0.5213675213675214
6345,0.695,0.0,6427.0,0.7008894989794562,0.7026591424337362,62.0,82.0,0.5299145299145299
6346,0.688,0.0,6424.0,0.6999292999267209,0.702626515982627,63.0,78.0,0.5384615384615384
6347,0.686,0.0,6423.0,0.6991128541784271,0.7024427505437432,64.0,76.0,0.5470085470085471
6348,0.681,0.0,6422.0,0.6984384098654779,0.7025493930325348,65.0,74.0,0.5555555555555556
6349,0.67,0.0,6422.0,0.6979702390621709,0.7025379981366787,66.0,73.0,0.5641025641025641
6350,0.674,0.0,6423.0,0.6978300138506733,0.7023977729251811,67.0,73.0,0.5726495726495726
6351,0.688,0.0,6424.0,0.6979564032908141,0.7025241623653219,68.0,73.0,0.5811965811965812
6352,0.7,0.0,6426.0,0.6982110004984561,0.702321983665513,67.0,74.0,0.5726495726495726
6353,0.7,0.0,6427.0,0.6984314526585935,0.7025424358256505,65.0,74.0,0.5555555555555556
6354,0.696,0.0,6428.0,0.6986358807402404,0.7027468639072973,64.0,74.0,0.5470085470085471
6355,0.695,0.0,6430.0,0.6988850017541672,0.7025848866045186,63.0,75.0,0.5384615384615384
6356,0.701,0.0,6432.0,0.6991772855596361,0.7025071819249522,63.0,76.0,0.5384615384615384
6357,0.704,0.0,6434.0,0.6994493415185127,0.7024462482472972,62.0,77.0,0.5299145299145299
6358,0.7,0.0,6435.0,0.6996606293493015,0.702657536078086,62.0,77.0,0.5299145299145299
6359,0.699,0.0,6437.0,0.6998790898366005,0.7025763058925066,63.0,78.0,0.5384615384615384
6360,0.697,0.0,6439.0,0.7001073435413239,0.7025348379916393,63.0,79.0,0.5384615384615384
6361,0.694,0.0,6441.0,0.7003702203851734,0.7025549653904573,62.0,80.0,0.5299145299145299
6362,0.696,0.0,6443.0,0.7007039188506934,0.7026701893554489,63.0,81.0,0.5384615384615384
6363,0.701,0.0,6446.0,0.7010959498536318,0.7026886289624837,63.0,83.0,0.5384615384615384
6364,0.697,0.0,6450.0,0.70149150473816,0.7026525678085132,64.0,86.0,0.5470085470085471
6365,0.696,1.0,6436.0,0.7017732729473832,0.7074124816813434,64.0,71.0,0.5470085470085471
6366,0.692,1.0,6425.0,0.7017864643582188,0.7217532454683792,65.0,59.0,0.5555555555555556
6367,0.692,1.0,6424.0,0.7022408908155442,0.7268912378651249,65.0,57.0,0.5555555555555556
6368,0.69,1.0,6425.0,0.7029793545165757,0.7276297015661564,66.0,57.0,0.5641025641025641
6369,0.692,1.0,6426.0,0.7038715690599395,0.7285219161095202,65.0,57.0,0.5555555555555556
6370,0.696,1.0,6428.0,0.7049873373217489,0.7271726496663715,66.0,58.0,0.5641025641025641
6371,0.698,1.0,6429.0,0.7061273246485178,0.7283126369931404,66.0,58.0,0.5641025641025641
6372,0.703,1.0,6431.0,0.7074405419447409,0.7274073230549013,67.0,59.0,0.5726495726495726
6373,0.714,1.0,6432.0,0.7087361573350257,0.7287029384451861,67.0,59.0,0.5726495726495726
6374,0.718,1.0,6434.0,0.710048045416598,0.7280181484157424,66.0,60.0,0.5641025641025641
6375,0.723,1.0,6436.0,0.7112700557174625,0.7274431484166924,66.0,61.0,0.5641025641025641
6376,0.725,1.0,6437.0,0.7123073491518377,0.7284804418510676,64.0,61.0,0.5470085470085471
6377,0.722,1.0,6439.0,0.7132634365510233,0.7278192199803303,65.0,62.0,0.5555555555555556
6378,0.718,1.0,6440.0,0.7140744245986199,0.7286302080279269,65.0,62.0,0.5555555555555556
6379,0.716,1.0,6442.0,0.714895804759218,0.7279960098455942,64.0,63.0,0.5470085470085471
6380,0.713,1.0,6443.0,0.715661444087455,0.7287616491738312,64.0,63.0,0.5470085470085471
6381,0.712,1.0,6445.0,0.7165058635238752,0.7282960481016139,65.0,64.0,0.5555555555555556
6382,0.718,1.0,6447.0,0.7174003605212811,0.7280115266412458,64.0,65.0,0.5470085470085471
6383,0.728,1.0,6448.0,0.7182522844377328,0.7288634505576975,64.0,65.0,0.5470085470085471
6384,0.733,1.0,6450.0,0.7190353348476891,0.7285853843556573,64.0,66.0,0.5470085470085471
6385,0.737,1.0,6452.0,0.7196615234079644,0.7282565679651358,63.0,67.0,0.5384615384615384
6386,0.737,1.0,6453.0,0.7200679018875276,0.728662946444699,63.0,67.0,0.5384615384615384
6387,0.737,1.0,6454.0,0.7202903982288209,0.7288854427859923,64.0,67.0,0.5470085470085471
6388,0.733,1.0,6455.0,0.7203310458137704,0.7289260903709418,63.0,67.0,0.5384615384615384
6389,0.726,1.0,6456.0,0.7202343381166726,0.728829382673844,63.0,67.0,0.5384615384615384
6390,0.727,1.0,6457.0,0.7200769376719677,0.7286719822291391,63.0,67.0,0.5384615384615384
6391,0.727,1.0,6458.0,0.7198458940005619,0.7284409385577333,62.0,67.0,0.5299145299145299
6392,0.723,1.0,6459.0,0.7195386309031349,0.7281336754603063,61.0,67.0,0.5213675213675214
6393,0.722,1.0,6459.0,0.7191627395426803,0.7287127890506485,61.0,66.0,0.5213675213675214
6394,0.72,1.0,6460.0,0.7187924677322777,0.7283425172402459,61.0,66.0,0.5213675213675214
6395,0.722,1.0,6461.0,0.7184122420462098,0.727962291554178,60.0,66.0,0.5128205128205128
6396,0.722,1.0,6461.0,0.7179589483686413,0.728570114488606,59.0,65.0,0.5042735042735043
6397,0.722,1.0,6462.0,0.717501467486346,0.7281126336063107,59.0,65.0,0.5042735042735043
6398,0.719,1.0,6462.0,0.7169573608773951,0.7287475454551338,58.0,64.0,0.49572649572649574
6399,0.715,1.0,6463.0,0.7164356091940004,0.728225793771739,58.0,64.0,0.49572649572649574
6400,0.714,1.0,6464.0,0.7159341276546443,0.7277243122323829,58.0,64.0,0.49572649572649574
6401,0.715,1.0,6464.0,0.7154137581430631,0.7285139632294393,58.0,63.0,0.49572649572649574
6402,0.712,1.0,6465.0,0.7149478356719587,0.728048040758335,59.0,63.0,0.5042735042735043
6403,0.713,1.0,6466.0,0.7145195829548726,0.7276197880412488,60.0,63.0,0.5128205128205128
6404,0.713,1.0,6466.0,0.7140634117914455,0.7286191952207525,61.0,62.0,0.5213675213675214
6405,0.712,1.0,6467.0,0.7136743682916211,0.7282301517209281,62.0,62.0,0.5299145299145299
6406,0.714,1.0,6468.0,0.713309306862856,0.727865090292163,63.0,62.0,0.5384615384615384
6407,0.713,1.0,6469.0,0.7129422401604995,0.7274980235898064,64.0,62.0,0.5470085470085471
6408,0.712,1.0,6469.0,0.7125247509028199,0.7286978436020498,65.0,61.0,0.5555555555555556
6409,0.711,1.0,6470.0,0.7121747202060653,0.7283478129052953,66.0,61.0,0.5641025641025641
6410,0.707,1.0,6471.0,0.7118442452417408,0.7280173379409708,67.0,61.0,0.5726495726495726
6411,0.704,1.0,6472.0,0.7115738771942373,0.7277469698934672,68.0,61.0,0.5811965811965812
6412,0.705,1.0,6473.0,0.7113941240627065,0.7275672167619365,69.0,61.0,0.5897435897435898
6413,0.708,1.0,6474.0,0.7112917327724015,0.7274648254716315,70.0,61.0,0.5982905982905983
6414,0.707,1.0,6475.0,0.7112322408211394,0.7274053335203694,71.0,61.0,0.6068376068376068
6415,0.708,1.0,6476.0,0.7112260216889645,0.7273991143881945,72.0,61.0,0.6153846153846154
6416,0.706,1.0,6477.0,0.7112619802848372,0.7274350729840672,72.0,61.0,0.6153846153846154
6417,0.704,1.0,6478.0,0.7113625766400073,0.7275356693392373,73.0,61.0,0.6239316239316239
6418,0.704,1.0,6479.0,0.7115510570802814,0.7277241497795114,74.0,61.0,0.6324786324786325
6419,0.711,1.0,6480.0,0.7118298392946285,0.7280029319938585,75.0,61.0,0.6410256410256411
6420,0.718,1.0,6481.0,0.7121242601097382,0.7282973528089681,76.0,61.0,0.6495726495726496
6421,0.719,1.0,6482.0,0.7123597449929897,0.7285328376922197,77.0,61.0,0.6581196581196581
6422,0.716,1.0,6483.0,0.7125277227225888,0.7287008154218187,76.0,61.0,0.6495726495726496
6423,0.714,1.0,6484.0,0.7126633079295461,0.7288364006287761,75.0,61.0,0.6410256410256411
6424,0.719,1.0,6486.0,0.7128463755065116,0.7274021589358186,73.0,62.0,0.6239316239316239
6425,0.725,1.0,6487.0,0.7129103770469667,0.7274661604762737,72.0,62.0,0.6153846153846154
6426,0.726,1.0,6488.0,0.7128455116927546,0.7274012951220615,71.0,62.0,0.6068376068376068
6427,0.719,1.0,6488.0,0.7125840840419924,0.7287571767412223,70.0,61.0,0.5982905982905983
6428,0.712,1.0,6489.0,0.7123134220391816,0.7284865147384115,69.0,61.0,0.5897435897435898
6429,0.712,1.0,6490.0,0.7120524478637769,0.7282255405630068,69.0,61.0,0.5897435897435898
6430,0.712,1.0,6491.0,0.711798346924259,0.727971439623489,69.0,61.0,0.5897435897435898
6431,0.71,1.0,6492.0,0.7115481341459281,0.727721226845158,69.0,61.0,0.5897435897435898
6432,0.714,1.0,6493.0,0.7113213282184115,0.7274944209176415,68.0,61.0,0.5811965811965812
6433,0.715,1.0,6494.0,0.7110707943883223,0.7272438870875523,69.0,61.0,0.5897435897435898
6434,0.71,1.0,6494.0,0.7107209076941402,0.7286910106932846,68.0,60.0,0.5811965811965812
6435,0.707,1.0,6495.0,0.7104478849537819,0.7284179879529262,68.0,60.0,0.5811965811965812
6436,0.701,1.0,6496.0,0.7102200574330768,0.7281901604322212,67.0,60.0,0.5726495726495726
6437,0.699,1.0,6497.0,0.710101654961284,0.7280717579604283,66.0,60.0,0.5641025641025641
6438,0.701,1.0,6498.0,0.7101135936355552,0.7280836966346995,67.0,60.0,0.5726495726495726
6439,0.701,1.0,6499.0,0.7102336987640638,0.7282038017632082,66.0,60.0,0.5641025641025641
6440,0.705,1.0,6500.0,0.7104632102687481,0.7284333132678925,66.0,60.0,0.5641025641025641
6441,0.705,1.0,6501.0,0.7107601297955555,0.7287302327946998,66.0,60.0,0.5641025641025641
6442,0.705,1.0,6503.0,0.7111905193995505,0.7273636120987804,66.0,61.0,0.5641025641025641
6443,0.709,1.0,6504.0,0.7116341252107767,0.7278072179100067,65.0,61.0,0.5555555555555556
6444,0.711,1.0,6505.0,0.7121132640252827,0.7282863567245127,66.0,61.0,0.5641025641025641
6445,0.712,1.0,6506.0,0.71261069689929,0.72878378959852,66.0,61.0,0.5641025641025641
6446,0.713,1.0,6508.0,0.7131757176107957,0.7277315010401026,66.0,62.0,0.5641025641025641
6447,0.71,1.0,6509.0,0.7136921208841901,0.7282479043134971,66.0,62.0,0.5641025641025641
6448,0.709,1.0,6510.0,0.7142547801440602,0.7288105635733672,66.0,62.0,0.5641025641025641
6449,0.707,1.0,6512.0,0.7149302874628173,0.7280304925491935,67.0,63.0,0.5726495726495726
6450,0.708,1.0,6513.0,0.7156498579234025,0.7287500630097787,66.0,63.0,0.5641025641025641
6451,0.693,1.0,6515.0,0.7165031940425042,0.7282933786202428,67.0,64.0,0.5726495726495726
6452,0.686,1.0,6517.0,0.7176175526548719,0.7282287187748366,67.0,65.0,0.5726495726495726
6453,0.71,1.0,6519.0,0.7190835301580085,0.7286335796659767,67.0,66.0,0.5726495726495726
6454,0.733,1.0,6522.0,0.7206808074446184,0.7284163475460727,67.0,68.0,0.5726495726495726
6455,0.744,1.0,6525.0,0.7221329140339665,0.7283987015161445,67.0,70.0,0.5726495726495726
6456,0.745,1.0,6528.0,0.7233346389992705,0.7284099268598347,67.0,72.0,0.5726495726495726
6457,0.745,1.0,6530.0,0.7242741125746955,0.7288418716492033,67.0,73.0,0.5726495726495726
6458,0.743,1.0,6533.0,0.7249973900488066,0.7286972748991579,67.0,75.0,0.5726495726495726
6459,0.741,1.0,6535.0,0.7255049269948974,0.7288348233602135,66.0,76.0,0.5641025641025641
6460,0.739,1.0,6537.0,0.7258401913085324,0.7288370980373169,66.0,77.0,0.5641025641025641
6461,0.734,1.0,6539.0,0.7260293285874356,0.7287265446433417,65.0,78.0,0.5555555555555556
6462,0.729,1.0,6540.0,0.7261207195397672,0.7288179355956733,64.0,78.0,0.5470085470085471
6463,0.726,1.0,6541.0,0.7261811902754705,0.7288784063313766,64.0,78.0,0.5470085470085471
6464,0.723,1.0,6543.0,0.7262540485811599,0.7286815430314754,63.0,79.0,0.5384615384615384
6465,0.723,1.0,6544.0,0.7263546689619127,0.7287821634122281,63.0,79.0,0.5384615384615384
6466,0.722,1.0,6545.0,0.7264934948335334,0.7289209892838489,62.0,79.0,0.5299145299145299
6467,0.722,1.0,6547.0,0.7266915597831869,0.7288763047884708,62.0,80.0,0.5299145299145299
6468,0.72,1.0,6549.0,0.7269419613005843,0.7289082318053398,62.0,81.0,0.5299145299145299
6469,0.722,1.0,6552.0,0.7272756737432475,0.7288683528520995,61.0,83.0,0.5213675213675214
6470,0.724,1.0,6556.0,0.7276705252145124,0.7288315882848655,61.0,86.0,0.5213675213675214
6471,0.728,0.0,6542.0,0.7279361800510371,0.7335753887849973,61.0,71.0,0.5213675213675214
6472,0.729,0.0,6532.0,0.7279362018331856,0.74590630483233,61.0,60.0,0.5213675213675214
6473,0.732,0.0,6529.0,0.7280310311154148,0.7554203056149489,61.0,56.0,0.5213675213675214
6474,0.733,0.0,6527.0,0.7280650958759814,0.7656361171373451,61.0,53.0,0.5213675213675214
6475,0.734,0.0,6526.0,0.7281058320204514,0.7744898088863326,61.0,51.0,0.5213675213675214
6476,0.734,0.0,6525.0,0.7280285970591591,0.7852927660293827,61.0,49.0,0.5213675213675214
6477,0.735,0.0,6525.0,0.7280612722883927,0.7916881266997522,61.0,48.0,0.5213675213675214
6478,0.734,0.0,6525.0,0.7280168505430531,0.7987133554445637,61.0,47.0,0.5213675213675214
6479,0.732,0.0,6526.0,0.7281745960779282,0.7988711009794388,61.0,47.0,0.5213675213675214
6480,0.734,0.0,6526.0,0.7280480550780173,0.8065997271908069,61.0,46.0,0.5213675213675214
6481,0.736,0.0,6527.0,0.7281551180003394,0.806706790113129,61.0,46.0,0.5213675213675214
6482,0.737,0.0,6528.0,0.7282054026613217,0.8067570747741113,61.0,46.0,0.5213675213675214
6483,0.737,0.0,6529.0,0.7281875711515873,0.8067392432643768,61.0,46.0,0.5213675213675214
6484,0.736,0.0,6530.0,0.7281005571405587,0.8066522292533482,61.0,46.0,0.5213675213675214
6485,0.735,0.0,6531.0,0.7279560346074592,0.8065077067202487,62.0,46.0,0.5299145299145299
6486,0.733,0.0,6533.0,0.7280328997498375,0.7987294046513481,62.0,47.0,0.5299145299145299
6487,0.733,0.0,6535.0,0.728053272585399,0.7916801269967585,62.0,48.0,0.5299145299145299
6488,0.731,0.0,6537.0,0.7280166725139336,0.7852808414841572,61.0,49.0,0.5213675213675214
6489,0.729,0.0,6539.0,0.7279487025624315,0.7794864546356327,61.0,50.0,0.5213675213675214
6490,0.729,0.0,6542.0,0.728031474110205,0.769777053289498,61.0,52.0,0.5213675213675214
6491,0.73,0.0,6545.0,0.7280566708643617,0.761870589999589,61.0,54.0,0.5213675213675214
6492,0.729,0.0,6548.0,0.7280221292146802,0.7554114037142143,61.0,56.0,0.5213675213675214
6493,0.729,0.0,6551.0,0.7279478774237231,0.7501331897683458,61.0,58.0,0.5213675213675214
6494,0.727,0.0,6556.0,0.727953498495344,0.7425092819246509,60.0,62.0,0.5128205128205128
6495,0.728,0.0,6563.0,0.7279455474814523,0.7356810875829066,60.0,68.0,0.5128205128205128
6496,0.728,1.0,6584.0,0.7279303287453949,0.7288707898323808,60.0,88.0,0.5128205128205128
6497,0.729,1.0,6583.0,0.7276801265812247,0.7288411896515778,60.0,86.0,0.5128205128205128
6498,0.73,1.0,6582.0,0.7274140466946675,0.7288474578926343,60.0,84.0,0.5128205128205128
6499,0.73,1.0,6581.0,0.7271177523242317,0.7288873957785117,60.0,82.0,0.5128205128205128
6500,0.729,1.0,6581.0,0.7267944348302748,0.7287607053350303,60.0,81.0,0.5128205128205128
6501,0.727,1.0,6580.0,0.726439079435715,0.7288665738860304,60.0,79.0,0.5128205128205128
6502,0.73,1.0,6580.0,0.7260842700492863,0.7287814861051924,61.0,78.0,0.5213675213675214
6503,0.732,1.0,6580.0,0.7256859525522942,0.7286828592810787,61.0,77.0,0.5213675213675214
6504,0.736,1.0,6579.0,0.725205982067204,0.7289058669175553,61.0,75.0,0.5213675213675214
6505,0.736,1.0,6579.0,0.7246164252643383,0.7287274084313953,61.0,74.0,0.5213675213675214
6506,0.732,1.0,6579.0,0.723900384297743,0.7284681433722507,61.0,73.0,0.5213675213675214
6507,0.726,1.0,6578.0,0.7230766909417763,0.7287158996757365,62.0,71.0,0.5299145299145299
6508,0.719,1.0,6578.0,0.722236407367463,0.728502194849641,62.0,70.0,0.5299145299145299
6509,0.713,1.0,6578.0,0.7214320838750108,0.7283940699663196,62.0,69.0,0.5299145299145299
6510,0.71,1.0,6578.0,0.7207214502033918,0.7284569903048461,62.0,68.0,0.5299145299145299
6511,0.71,1.0,6578.0,0.7201299437562549,0.7287249883134264,63.0,67.0,0.5384615384615384
6512,0.711,1.0,6579.0,0.7196808939473869,0.7282759385045583,63.0,67.0,0.5384615384615384
6513,0.711,1.0,6579.0,0.7193013869788327,0.728851436486801,63.0,66.0,0.5384615384615384
6514,0.71,1.0,6580.0,0.7190470904458884,0.7285971399538567,64.0,66.0,0.5470085470085471
6515,0.708,1.0,6581.0,0.7188965641569536,0.7284466136649218,64.0,66.0,0.5470085470085471
6516,0.708,1.0,6582.0,0.7188708051643528,0.728420854672321,65.0,66.0,0.5555555555555556
6517,0.708,1.0,6583.0,0.7189693664141181,0.7285194159220864,65.0,66.0,0.5555555555555556
6518,0.71,1.0,6584.0,0.7191933128731962,0.7287433623811644,66.0,66.0,0.5641025641025641
6519,0.712,1.0,6586.0,0.7195527620575798,0.7281478066147512,66.0,67.0,0.5641025641025641
6520,0.718,1.0,6587.0,0.7199688709580117,0.7285639155151831,67.0,67.0,0.5726495726495726
6521,0.722,1.0,6589.0,0.7204370745696015,0.7281726146710558,68.0,68.0,0.5811965811965812
6522,0.725,1.0,6590.0,0.7208632563268365,0.7285987964282907,68.0,68.0,0.5811965811965812
6523,0.727,1.0,6592.0,0.7212706137972265,0.7282325998885353,69.0,69.0,0.5897435897435898
6524,0.728,1.0,6593.0,0.7215927805628803,0.7285547666541892,70.0,69.0,0.5982905982905983
6525,0.724,1.0,6594.0,0.7218465151464692,0.7288085012377781,67.0,69.0,0.5726495726495726
6526,0.722,1.0,6596.0,0.7221019275725775,0.7283677150547555,65.0,70.0,0.5555555555555556
6527,0.725,1.0,6597.0,0.7223381680780454,0.7286039555602234,64.0,70.0,0.5470085470085471
6528,0.726,1.0,6598.0,0.7225471938858148,0.7288129813679928,63.0,70.0,0.5384615384615384
6529,0.725,1.0,6600.0,0.7227406857321199,0.7283798944660801,62.0,71.0,0.5299145299145299
6530,0.722,1.0,6601.0,0.7228904498577149,0.7285296585916751,61.0,71.0,0.5213675213675214
6531,0.723,1.0,6602.0,0.7230520162975732,0.7286912250315334,61.0,71.0,0.5213675213675214
6532,0.723,1.0,6603.0,0.7232161136433182,0.7288553223772783,61.0,71.0,0.5213675213675214
6533,0.725,1.0,6605.0,0.7234032458197237,0.7284785336802879,60.0,72.0,0.5128205128205128
6534,0.724,1.0,6606.0,0.7235562431032254,0.7286315309637896,61.0,72.0,0.5213675213675214
6535,0.72,1.0,6607.0,0.7237064947995251,0.7287817826600893,60.0,72.0,0.5128205128205128
6536,0.718,1.0,6609.0,0.7239172265500617,0.7284849856245695,61.0,73.0,0.5213675213675214
6537,0.72,1.0,6610.0,0.7241780931425659,0.7287458522170737,60.0,73.0,0.5128205128205128
6538,0.723,1.0,6612.0,0.7245023173579574,0.7286133005250144,61.0,74.0,0.5213675213675214
6539,0.721,1.0,6614.0,0.7248432361521125,0.7285431210024639,60.0,75.0,0.5128205128205128
6540,0.725,1.0,6615.0,0.7252144668505471,0.7289143517008985,60.0,75.0,0.5128205128205128
6541,0.728,1.0,6617.0,0.7256017389310092,0.7289316352963253,60.0,76.0,0.5128205128205128
6542,0.729,1.0,6620.0,0.725972599066656,0.7286698151225621,59.0,78.0,0.5042735042735043
6543,0.73,1.0,6622.0,0.7262985407417639,0.7287260351920793,59.0,79.0,0.5042735042735043
6544,0.729,1.0,6624.0,0.7265830637924461,0.72876780879773,59.0,80.0,0.5042735042735043
6545,0.729,1.0,6626.0,0.7268406388572484,0.7288069093620039,58.0,81.0,0.49572649572649574
6546,0.727,1.0,6628.0,0.7270743576245207,0.7288440010788007,59.0,82.0,0.5042735042735043
6547,0.731,1.0,6630.0,0.7273090460218801,0.728901725130732,59.0,83.0,0.5042735042735043
6548,0.737,1.0,6633.0,0.727507621559218,0.7287976916373881,59.0,85.0,0.5042735042735043
6549,0.74,1.0,6634.0,0.7275910070935279,0.7288810771716979,59.0,85.0,0.5042735042735043
6550,0.738,1.0,6635.0,0.7275369746012152,0.7288270446793853,60.0,85.0,0.5128205128205128
6551,0.738,1.0,6635.0,0.7273623842269197,0.7287957954248865,60.0,84.0,0.5128205128205128
6552,0.738,1.0,6634.0,0.7270636968265878,0.7288333402808678,60.0,82.0,0.5128205128205128
6553,0.735,1.0,6633.0,0.7266414895162174,0.7288262345215013,61.0,80.0,0.5213675213675214
6554,0.734,1.0,6632.0,0.7261239491926714,0.7288211652485775,62.0,78.0,0.5299145299145299
6555,0.732,1.0,6631.0,0.7255158550492415,0.7288457514145577,63.0,76.0,0.5384615384615384
6556,0.733,1.0,6631.0,0.7248457797254535,0.7285456645758048,62.0,75.0,0.5299145299145299
6557,0.733,1.0,6630.0,0.7240696749489178,0.7286374340234256,63.0,73.0,0.5384615384615384
6558,0.734,1.0,6629.0,0.7231893432299592,0.7288285519639194,64.0,71.0,0.5470085470085471
6559,0.731,1.0,6629.0,0.7222058899743694,0.7284716774565474,65.0,70.0,0.5555555555555556
6560,0.729,1.0,6628.0,0.7210989283945914,0.7288344684960457,66.0,68.0,0.5641025641025641
6561,0.728,1.0,6628.0,0.7199273935218218,0.7285224380789932,67.0,67.0,0.5726495726495726
6562,0.728,1.0,6628.0,0.718666163021517,0.7282162125294852,68.0,66.0,0.5811965811965812
6563,0.728,1.0,6628.0,0.7173012232214512,0.7279123893414159,68.0,65.0,0.5811965811965812
6564,0.726,1.0,6627.0,0.7157739085481145,0.7288741136344907,69.0,63.0,0.5897435897435898
6565,0.73,1.0,6627.0,0.7141721202545819,0.7287279036838888,70.0,62.0,0.5982905982905983
6566,0.729,1.0,6627.0,0.7123944666305444,0.7285675593297744,71.0,61.0,0.6068376068376068
6567,0.729,1.0,6627.0,0.7104323070801799,0.7284024100793243,72.0,60.0,0.6153846153846154
6568,0.73,1.0,6627.0,0.7082638398307063,0.7282306209408667,73.0,59.0,0.6239316239316239
6569,0.722,1.0,6627.0,0.7058538596904627,0.7280391720350853,74.0,58.0,0.6324786324786325
6570,0.709,1.0,6627.0,0.7032644779912239,0.7279148250408046,75.0,57.0,0.6410256410256411
6571,0.709,0.0,6657.0,0.7014900670719069,0.70265113014226,76.0,86.0,0.6495726495726496
6572,0.703,0.0,6647.0,0.6987594633507281,0.7024593482010795,77.0,75.0,0.6581196581196581
6573,0.69,0.0,6643.0,0.6959817789037946,0.7022475663859726,78.0,70.0,0.6666666666666666
6574,0.679,0.0,6641.0,0.6932820933193085,0.7018771378764799,79.0,67.0,0.6752136752136753
6575,0.673,0.0,6639.0,0.6907162906401988,0.7025064752179374,80.0,64.0,0.6837606837606838
6576,0.667,0.0,6639.0,0.6884140402175117,0.701514245303888,81.0,63.0,0.6923076923076923
6577,0.664,0.0,6638.0,0.6862958671763304,0.7024689598755604,82.0,61.0,0.7008547008547008
6578,0.665,0.0,6638.0,0.6844738967514836,0.702443999750628,78.0,60.0,0.6666666666666666
6579,0.661,0.0,6639.0,0.6829347923383058,0.7009048953374502,74.0,60.0,0.6324786324786325
6580,0.656,0.0,6639.0,0.6815795673970109,0.7015463485071712,71.0,59.0,0.6068376068376068
6581,0.655,0.0,6639.0,0.6805085598712384,0.702693872215861,69.0,58.0,0.5897435897435898
6582,0.663,0.0,6640.0,0.6798024826201458,0.7019877949647684,68.0,58.0,0.5811965811965812
6583,0.667,0.0,6641.0,0.6792913665683562,0.7014766789129788,67.0,58.0,0.5726495726495726
6584,0.67,0.0,6642.0,0.678925566939871,0.7011108792844937,66.0,58.0,0.5641025641025641
6585,0.669,0.0,6643.0,0.6786682114026485,0.7008535237472712,67.0,58.0,0.5726495726495726
6586,0.664,0.0,6644.0,0.6785273063557465,0.7007126187003692,67.0,58.0,0.5726495726495726
6587,0.664,0.0,6645.0,0.6785565615075643,0.7007418738521869,67.0,58.0,0.5726495726495726
6588,0.668,0.0,6646.0,0.6787559866503793,0.7009412989950019,68.0,58.0,0.5811965811965812
6589,0.664,0.0,6647.0,0.6790838202338747,0.7012691325784973,68.0,58.0,0.5811965811965812
6590,0.66,0.0,6648.0,0.6795877289445802,0.7017730412892028,68.0,58.0,0.5811965811965812
6591,0.663,0.0,6649.0,0.680317756212615,0.7025030685572377,69.0,58.0,0.5897435897435898
6592,0.664,0.0,6651.0,0.6813240985042266,0.701290879614387,69.0,59.0,0.5897435897435898
6593,0.673,0.0,6652.0,0.6824543186140244,0.7024210997241848,69.0,59.0,0.5897435897435898
6594,0.681,0.0,6654.0,0.6837640628019632,0.7017341658011076,69.0,60.0,0.5897435897435898
6595,0.688,0.0,6656.0,0.6851027123305644,0.7012758050297944,70.0,61.0,0.5982905982905983
6596,0.693,0.0,6657.0,0.6863551431321802,0.7025282358314101,70.0,61.0,0.5982905982905983
6597,0.696,0.0,6659.0,0.6875936507310396,0.7021494341603466,70.0,62.0,0.5982905982905983
6598,0.698,0.0,6661.0,0.6887404092118803,0.7018406142982565,70.0,63.0,0.5982905982905983
6599,0.695,0.0,6663.0,0.6897852417340559,0.7015754263117945,71.0,64.0,0.6068376068376068
6600,0.695,0.0,6664.0,0.6907312950215596,0.7025214795992982,71.0,64.0,0.6068376068376068
6601,0.693,0.0,6666.0,0.6916730579185812,0.702284224038546,71.0,65.0,0.6068376068376068
6602,0.688,0.0,6668.0,0.6926001607870627,0.7021502102950309,71.0,66.0,0.6068376068376068
6603,0.685,0.0,6670.0,0.6935789445298064,0.7021739890869778,71.0,67.0,0.6068376068376068
6604,0.688,0.0,6672.0,0.6946534886780801,0.7023890287795344,72.0,68.0,0.6153846153846154
6605,0.693,0.0,6675.0,0.6958249883669473,0.7020907758491253,72.0,70.0,0.6153846153846154
6606,0.698,0.0,6677.0,0.6970018902863104,0.7026410990202706,72.0,71.0,0.6153846153846154
6607,0.71,0.0,6680.0,0.6981845297934064,0.7027522888679142,72.0,73.0,0.6153846153846154
6608,0.717,0.0,6684.0,0.6992436501503599,0.702573546515676,73.0,76.0,0.6239316239316239
6609,0.716,0.0,6688.0,0.7000956801639329,0.7025231746142483,73.0,79.0,0.6239316239316239
6610,0.712,0.0,6691.0,0.700756853469436,0.7027231239741915,73.0,81.0,0.6239316239316239
6611,0.708,0.0,6695.0,0.7012963863916661,0.7027297975896329,74.0,84.0,0.6324786324786325
6612,0.708,0.0,6700.0,0.7017604513918145,0.7027009124788005,74.0,88.0,0.6324786324786325
6613,0.709,1.0,6677.0,0.701772082460963,0.7135622670387016,75.0,64.0,0.6410256410256411
6614,0.707,1.0,6673.0,0.7017992434303235,0.7217660245404839,75.0,59.0,0.6410256410256411
6615,0.709,1.0,6672.0,0.7018935613456616,0.7265439083952423,75.0,57.0,0.6410256410256411
6616,0.705,1.0,6673.0,0.7020758808216205,0.7267262278712012,76.0,57.0,0.6495726495726496
6617,0.705,1.0,6674.0,0.7022346750264921,0.7268850220760728,76.0,57.0,0.6495726495726496
6618,0.706,1.0,6675.0,0.7023722013472717,0.7270225483968524,77.0,57.0,0.6581196581196581
6619,0.712,1.0,6676.0,0.7024786432134755,0.7271289902630562,78.0,57.0,0.6666666666666666
6620,0.712,1.0,6677.0,0.7024885166458392,0.7271388636954199,78.0,57.0,0.6666666666666666
6621,0.709,1.0,6678.0,0.7024015421331602,0.7270518891827409,79.0,57.0,0.6752136752136753
6622,0.704,1.0,6679.0,0.7022504369197035,0.7269007839692841,79.0,57.0,0.6752136752136753
6623,0.697,1.0,6680.0,0.70208894787554,0.7267392949251207,80.0,57.0,0.6837606837606838
6624,0.692,1.0,6681.0,0.7019934346978731,0.7266437817474538,80.0,57.0,0.6837606837606838
6625,0.688,1.0,6682.0,0.7020185473711316,0.7266688944207123,81.0,57.0,0.6923076923076923
6626,0.693,1.0,6683.0,0.702209178029732,0.7268595250793127,81.0,57.0,0.6923076923076923
6627,0.694,1.0,6684.0,0.7025118113933465,0.7271621584429272,75.0,57.0,0.6410256410256411
6628,0.701,1.0,6685.0,0.7029184783880562,0.7275688254376369,71.0,57.0,0.6068376068376068
6629,0.704,1.0,6686.0,0.7033556732547761,0.7280060203043568,70.0,57.0,0.5982905982905983
6630,0.707,1.0,6687.0,0.7037946479297106,0.7284449949792913,69.0,57.0,0.5897435897435898
6631,0.713,1.0,6688.0,0.7042075563476565,0.7288579033972372,68.0,57.0,0.5811965811965812
6632,0.709,1.0,6690.0,0.7046155730169514,0.7268008853615741,68.0,58.0,0.5811965811965812
6633,0.708,1.0,6691.0,0.7048997356809119,0.7270850480255345,67.0,58.0,0.5726495726495726
6634,0.707,1.0,6692.0,0.7051578346763192,0.7273431470209418,66.0,58.0,0.5641025641025641
6635,0.704,1.0,6693.0,0.7054039656457021,0.7275892779903247,65.0,58.0,0.5555555555555556
6636,0.701,1.0,6694.0,0.7056744419170269,0.7278597542616495,66.0,58.0,0.5641025641025641
6637,0.701,1.0,6695.0,0.7060052868505649,0.7281905991951875,67.0,58.0,0.5726495726495726
6638,0.703,1.0,6696.0,0.7064001765011336,0.7285854888457562,66.0,58.0,0.5641025641025641
6639,0.703,1.0,6698.0,0.7069155036938075,0.7268822848039679,62.0,59.0,0.5299145299145299
6640,0.698,1.0,6699.0,0.7074063758654795,0.7273731569756399,62.0,59.0,0.5299145299145299
6641,0.699,1.0,6700.0,0.7080089198392494,0.7279757009494098,61.0,59.0,0.5213675213675214
6642,0.704,1.0,6701.0,0.7087185828222291,0.7286853639323895,61.0,59.0,0.5213675213675214
6643,0.713,1.0,6703.0,0.7095545515933411,0.7275246545924855,60.0,60.0,0.5128205128205128
6644,0.719,1.0,6704.0,0.7102923120398512,0.7282624150389956,60.0,60.0,0.5128205128205128
6645,0.722,1.0,6705.0,0.7109404422334724,0.7289105452326168,60.0,60.0,0.5128205128205128
6646,0.722,1.0,6707.0,0.7115341640022859,0.7277072567015158,60.0,61.0,0.5128205128205128
6647,0.726,1.0,6708.0,0.7119568485295937,0.7281299412288237,59.0,61.0,0.5042735042735043
6648,0.726,1.0,6709.0,0.7122299502533358,0.7284030429525657,59.0,61.0,0.5042735042735043
6649,0.726,1.0,6710.0,0.712355941834941,0.728529034534171,59.0,61.0,0.5042735042735043
6650,0.723,1.0,6711.0,0.712335601793626,0.7285086944928559,60.0,61.0,0.5128205128205128
6651,0.721,1.0,6712.0,0.7122025481915086,0.7283756408907386,60.0,61.0,0.5128205128205128
6652,0.719,1.0,6713.0,0.7119779249486944,0.7281510176479243,60.0,61.0,0.5128205128205128
6653,0.715,1.0,6714.0,0.7116813903763639,0.7278544830755939,61.0,61.0,0.5213675213675214
6654,0.712,1.0,6715.0,0.7113536769948317,0.7275267696940616,61.0,61.0,0.5213675213675214
6655,0.704,1.0,6715.0,0.710964772629114,0.7289348756282583,62.0,60.0,0.5299145299145299
6656,0.703,1.0,6716.0,0.710719744007039,0.7286898470061833,62.0,60.0,0.5299145299145299
6657,0.702,1.0,6717.0,0.7105672338359745,0.7285373368351189,61.0,60.0,0.5213675213675214
6658,0.702,1.0,6718.0,0.7105167627070141,0.7284868657061585,62.0,60.0,0.5299145299145299
6659,0.704,1.0,6719.0,0.7105677887457335,0.7285378917448778,62.0,60.0,0.5299145299145299
6660,0.711,1.0,6720.0,0.7106989593402631,0.7286690623394074,63.0,60.0,0.5384615384615384
6661,0.718,1.0,6721.0,0.7108337177151514,0.7288038207142957,63.0,60.0,0.5384615384615384
6662,0.724,1.0,6722.0,0.7108957077443057,0.72886581074345,64.0,60.0,0.5470085470085471
6663,0.719,1.0,6723.0,0.7108191501560888,0.7287892531552331,64.0,60.0,0.5470085470085471
6664,0.713,1.0,6724.0,0.7106583053425868,0.7286284083417311,64.0,60.0,0.5470085470085471
6665,0.706,1.0,6725.0,0.710477655572016,0.7284477585711604,65.0,60.0,0.5555555555555556
6666,0.701,1.0,6726.0,0.7103531983932563,0.7283233013924006,65.0,60.0,0.5555555555555556
6667,0.703,1.0,6727.0,0.7103397401869005,0.7283098431860449,66.0,60.0,0.5641025641025641
6668,0.706,1.0,6728.0,0.7104143795499593,0.7283844825491037,66.0,60.0,0.5641025641025641
6669,0.708,1.0,6729.0,0.7105444044004788,0.7285145073996232,67.0,60.0,0.5726495726495726
6670,0.713,1.0,6730.0,0.7107092831434707,0.7286793861426151,67.0,60.0,0.5726495726495726
6671,0.715,1.0,6731.0,0.7108555664899321,0.7288256694890765,68.0,60.0,0.5811965811965812
6672,0.716,1.0,6732.0,0.7109626765040548,0.7289327795031991,67.0,60.0,0.5726495726495726
6673,0.711,1.0,6734.0,0.7110798894884547,0.7272529821876846,66.0,61.0,0.5641025641025641
6674,0.709,1.0,6735.0,0.7111445593428515,0.7273176520420814,66.0,61.0,0.5641025641025641
6675,0.711,1.0,6736.0,0.7112393481162361,0.7274124408154661,65.0,61.0,0.5555555555555556
6676,0.711,1.0,6737.0,0.7113428569668192,0.7275159496660492,65.0,61.0,0.5555555555555556
6677,0.711,1.0,6738.0,0.7114570020868056,0.7276300947860356,63.0,61.0,0.5384615384615384
6678,0.708,1.0,6739.0,0.7115832986077746,0.7277563913070045,63.0,61.0,0.5384615384615384
6679,0.708,1.0,6740.0,0.7117558958191061,0.7279289885183361,63.0,61.0,0.5384615384615384
6680,0.707,1.0,6741.0,0.7119764816394342,0.7281495743386641,62.0,61.0,0.5299145299145299
6681,0.709,1.0,6742.0,0.7122586181334283,0.7284317108326582,62.0,61.0,0.5299145299145299
6682,0.712,1.0,6743.0,0.712583303050341,0.728756395749571,62.0,61.0,0.5299145299145299
6683,0.716,1.0,6745.0,0.7129765567639146,0.7275323401932215,62.0,62.0,0.5299145299145299
6684,0.719,1.0,6746.0,0.7132858230093334,0.7278416064386404,61.0,62.0,0.5213675213675214
6685,0.72,1.0,6747.0,0.7135374513564265,0.7280932347857335,61.0,62.0,0.5213675213675214
6686,0.719,1.0,6748.0,0.7137230729380363,0.7282788563673432,61.0,62.0,0.5213675213675214
6687,0.716,1.0,6749.0,0.7138558000397817,0.7284115834690886,61.0,62.0,0.5213675213675214
6688,0.718,1.0,6750.0,0.713970295182737,0.728526078612044,60.0,62.0,0.5128205128205128
6689,0.718,1.0,6751.0,0.71404552404261,0.728601307471917,61.0,62.0,0.5213675213675214
6690,0.715,1.0,6752.0,0.7140823071737439,0.7286380906030508,61.0,62.0,0.5213675213675214
6691,0.718,1.0,6753.0,0.7141143712890521,0.728670154718359,60.0,62.0,0.5128205128205128
6692,0.718,1.0,6754.0,0.7141088006106584,0.7286645840399654,60.0,62.0,0.5128205128205128
6693,0.719,1.0,6755.0,0.7140656021905837,0.7286213856198906,60.0,62.0,0.5128205128205128
6694,0.722,1.0,6756.0,0.7139731849352715,0.7285289683645785,60.0,62.0,0.5128205128205128
6695,0.722,1.0,6757.0,0.7137971886529967,0.7283529720823037,59.0,62.0,0.5042735042735043
6696,0.722,1.0,6758.0,0.713535581220125,0.7280913646494319,59.0,62.0,0.5042735042735043
6697,0.716,1.0,6759.0,0.7131856780546226,0.7277414614839296,60.0,62.0,0.5128205128205128
6698,0.713,1.0,6759.0,0.7127539654330292,0.7289270581322591,60.0,61.0,0.5128205128205128
6699,0.711,1.0,6760.0,0.7123819983047678,0.7285550910039977,60.0,61.0,0.5128205128205128
6700,0.708,1.0,6761.0,0.7120314643912193,0.7282045570904493,59.0,61.0,0.5042735042735043
6701,0.704,1.0,6762.0,0.7117320405447689,0.7279051332439989,59.0,61.0,0.5042735042735043
6702,0.703,1.0,6763.0,0.7115247676688478,0.7276978603680777,60.0,61.0,0.5128205128205128
6703,0.704,1.0,6764.0,0.7114185389641519,0.7275916316633818,60.0,61.0,0.5128205128205128
6704,0.703,1.0,6765.0,0.7114009863912434,0.7275740790904733,60.0,61.0,0.5128205128205128
6705,0.708,1.0,6766.0,0.7114832813972668,0.7276563740964967,60.0,61.0,0.5128205128205128
6706,0.715,1.0,6767.0,0.7116106381090034,0.7277837308082333,61.0,61.0,0.5213675213675214
6707,0.718,1.0,6768.0,0.7117067874569452,0.7278798801561751,61.0,61.0,0.5213675213675214
6708,0.718,1.0,6769.0,0.7117396517012358,0.7279127444004657,61.0,61.0,0.5213675213675214
6709,0.722,1.0,6770.0,0.7117094598056806,0.7278825525049105,61.0,61.0,0.5213675213675214
6710,0.719,1.0,6771.0,0.7115711083984748,0.7277442010977048,61.0,61.0,0.5213675213675214
6711,0.709,1.0,6772.0,0.711356376550786,0.7275294692500159,61.0,61.0,0.5213675213675214
6712,0.706,1.0,6773.0,0.7111742278046198,0.7273473205038498,61.0,61.0,0.5213675213675214
6713,0.708,1.0,6774.0,0.7110558950089656,0.7272289877081956,61.0,61.0,0.5213675213675214
6714,0.709,1.0,6774.0,0.7109145958281526,0.728884698827297,61.0,60.0,0.5213675213675214
6715,0.705,1.0,6775.0,0.7108645587565265,0.7288346617556709,60.0,60.0,0.5128205128205128
6716,0.703,1.0,6776.0,0.7108864931721035,0.7288565961712479,60.0,60.0,0.5128205128205128
6717,0.704,1.0,6778.0,0.7110660251959019,0.7272391178951318,60.0,61.0,0.5128205128205128
6718,0.706,1.0,6779.0,0.7112676330294002,0.7274407257286302,60.0,61.0,0.5128205128205128
6719,0.708,1.0,6780.0,0.7115339925033926,0.7277070852026225,60.0,61.0,0.5128205128205128
6720,0.713,1.0,6781.0,0.7118459175547545,0.7280190102539844,60.0,61.0,0.5128205128205128
6721,0.715,1.0,6782.0,0.7121512333402942,0.7283243260395241,60.0,61.0,0.5128205128205128
6722,0.716,1.0,6783.0,0.7124311866447925,0.7286042793440225,60.0,61.0,0.5128205128205128
6723,0.719,1.0,6784.0,0.712677862070952,0.7288509547701819,60.0,61.0,0.5128205128205128
6724,0.717,1.0,6786.0,0.7129175198004216,0.7274733032297286,60.0,62.0,0.5128205128205128
6725,0.711,1.0,6787.0,0.7130608101092729,0.7276165935385799,60.0,62.0,0.5128205128205128
6726,0.708,1.0,6788.0,0.7132326903856423,0.7277884738149493,60.0,62.0,0.5128205128205128
6727,0.712,1.0,6789.0,0.7134684037437111,0.7280241871730181,60.0,62.0,0.5128205128205128
6728,0.71,1.0,6790.0,0.7137262013857335,0.7282819848150405,60.0,62.0,0.5128205128205128
6729,0.706,1.0,6791.0,0.7140310243943422,0.7285868078236492,60.0,62.0,0.5128205128205128
6730,0.705,1.0,6793.0,0.7144817106658112,0.7275819157521874,60.0,63.0,0.5128205128205128
6731,0.707,1.0,6794.0,0.7149916986097102,0.7280919036960865,60.0,63.0,0.5128205128205128
6732,0.709,1.0,6795.0,0.7155955164415193,0.7286957215278955,60.0,63.0,0.5128205128205128
6733,0.704,1.0,6797.0,0.7163232466345819,0.7281134312123205,61.0,64.0,0.5213675213675214
6734,0.703,1.0,6799.0,0.7171884168351561,0.7277995829551208,61.0,65.0,0.5213675213675214
6735,0.709,1.0,6800.0,0.7181740579364868,0.7287852240564515,61.0,65.0,0.5213675213675214
6736,0.712,1.0,6802.0,0.7193028043394347,0.728852853847403,61.0,66.0,0.5213675213675214
6737,0.712,1.0,6805.0,0.7205425082673851,0.7282780483688394,61.0,68.0,0.5213675213675214
6738,0.721,1.0,6807.0,0.7218436707072544,0.7288056567985632,61.0,69.0,0.5213675213675214
6739,0.732,1.0,6810.0,0.7231758934863474,0.7288151022203075,61.0,71.0,0.5213675213675214
6740,0.735,1.0,6814.0,0.7244194153472194,0.7285303985142764,61.0,74.0,0.5213675213675214
6741,0.735,1.0,6817.0,0.7255208198746262,0.7288507162399424,61.0,76.0,0.5213675213675214
6742,0.735,1.0,6822.0,0.7265308679344376,0.7287156129397214,61.0,80.0,0.5213675213675214
6743,0.736,1.0,6827.0,0.7274337443252477,0.7288671555232145,61.0,84.0,0.5213675213675214
6744,0.733,0.0,6811.0,0.7279677125249455,0.7365627570821169,62.0,67.0,0.5299145299145299
6745,0.732,0.0,6800.0,0.7279352569014775,0.7583677841231821,62.0,55.0,0.5299145299145299
6746,0.734,0.0,6797.0,0.7280724892435402,0.7744564661094213,62.0,51.0,0.5299145299145299
6747,0.737,0.0,6795.0,0.7281193034274557,0.7917461578388152,62.0,48.0,0.5299145299145299
6748,0.739,0.0,6794.0,0.7281720601162148,0.8067237322290044,62.0,46.0,0.5299145299145299
6749,0.74,0.0,6793.0,0.7280120501250109,0.8249894231037634,62.0,44.0,0.5299145299145299
6750,0.739,0.0,6793.0,0.7280247787821383,0.8357774154251967,62.0,43.0,0.5299145299145299
6751,0.737,0.0,6794.0,0.728335228700613,0.8360878653436713,62.0,43.0,0.5299145299145299
6752,0.735,0.0,6794.0,0.7281717020350364,0.8478968538606568,62.0,42.0,0.5299145299145299
6753,0.733,0.0,6795.0,0.7283979732194353,0.8481231250450557,62.0,42.0,0.5299145299145299
6754,0.732,0.0,6795.0,0.7281540097283117,0.8611819562012232,62.0,41.0,0.5299145299145299
6755,0.732,0.0,6796.0,0.7283833214148447,0.8614112678877562,62.0,41.0,0.5299145299145299
6756,0.732,0.0,6796.0,0.728108040221157,0.8759168696355032,62.0,40.0,0.5299145299145299
6757,0.732,0.0,6797.0,0.7283620797586052,0.8761709091729514,62.0,40.0,0.5299145299145299
6758,0.731,0.0,6797.0,0.7280603897042272,0.8922924223868339,62.0,39.0,0.5299145299145299
6759,0.733,0.0,6798.0,0.728364813482453,0.8925968461650597,61.0,39.0,0.5213675213675214
6760,0.734,0.0,6798.0,0.7280428366359604,0.9105228729499679,61.0,38.0,0.5213675213675214
6761,0.732,0.0,6799.0,0.7283682620695351,0.9108482983835426,61.0,38.0,0.5213675213675214
6762,0.733,0.0,6799.0,0.7280111011737368,0.9307666970781896,61.0,37.0,0.5213675213675214
6763,0.733,0.0,6800.0,0.7283903220275008,0.9311459179319536,61.0,37.0,0.5213675213675214
6764,0.734,0.0,6800.0,0.7280056916742574,0.9532896871236495,61.0,36.0,0.5213675213675214
6765,0.734,0.0,6801.0,0.7284306940669465,0.9537146895163385,61.0,36.0,0.5213675213675214
6766,0.737,0.0,6801.0,0.7280052027280051,0.9783207532273295,61.0,35.0,0.5213675213675214
6767,0.738,0.0,6802.0,0.728454682393834,0.9787702328931585,61.0,35.0,0.5213675213675214
6768,0.74,0.0,6803.0,0.7288929593942866,0.979208509893611,61.0,35.0,0.5213675213675214
6769,0.744,0.0,6803.0,0.7283327743659185,1.0064611638096124,61.0,34.0,0.5213675213675214
6770,0.746,0.0,6804.0,0.7286758906034145,1.0068042800471084,61.0,34.0,0.5213675213675214
6771,0.744,0.0,6805.0,0.72893718255883,1.007065572002524,61.0,34.0,0.5213675213675214
6772,0.742,0.0,6805.0,0.7280588315798602,1.0370903754061866,61.0,33.0,0.5213675213675214
6773,0.743,0.0,6806.0,0.7282226693414302,1.0372542131677567,61.0,33.0,0.5213675213675214
6774,0.743,0.0,6807.0,0.7283420236013147,1.0373735674276412,60.0,33.0,0.5128205128205128
6775,0.74,0.0,6808.0,0.7284182205179567,1.037449764344283,60.0,33.0,0.5128205128205128
6776,0.738,0.0,6809.0,0.728480560611668,1.0375121044379945,60.0,33.0,0.5128205128205128
6777,0.738,0.0,6810.0,0.7285579767550743,1.0375895205814007,61.0,33.0,0.5213675213675214
6778,0.74,0.0,6811.0,0.7286531182575373,1.0376846620838638,61.0,33.0,0.5213675213675214
6779,0.741,0.0,6812.0,0.7287386393937632,1.0377701832200896,61.0,33.0,0.5213675213675214
6780,0.74,0.0,6813.0,0.7288073069547455,1.0378388507810719,61.0,33.0,0.5213675213675214
6781,0.74,0.0,6814.0,0.7288709950244949,1.0379025388508214,61.0,33.0,0.5213675213675214
6782,0.739,0.0,6815.0,0.7289287847664214,1.037960328592748,61.0,33.0,0.5213675213675214
6783,0.739,0.0,6816.0,0.7289922667516986,1.038023810578025,61.0,33.0,0.5213675213675214
6784,0.74,0.0,6817.0,0.7290619836875375,1.0380935275138639,61.0,33.0,0.5213675213675214
6785,0.741,0.0,6817.0,0.7279401047262498,1.0713084867555014,62.0,32.0,0.5299145299145299
6786,0.742,0.0,6818.0,0.7279941804872829,1.0713625625165344,62.0,32.0,0.5299145299145299
6787,0.743,0.0,6819.0,0.7280283569025104,1.071396738931762,62.0,32.0,0.5299145299145299
6788,0.743,0.0,6820.0,0.7280322640391699,1.0714006460684216,62.0,32.0,0.5299145299145299
6789,0.743,0.0,6821.0,0.7279990779422505,1.0713674599715022,62.0,32.0,0.5299145299145299
6790,0.744,0.0,6823.0,0.7291238940074071,1.0381554378337334,62.0,33.0,0.5299145299145299
6791,0.743,0.0,6824.0,0.72900229754713,1.0380338413734564,62.0,33.0,0.5299145299145299
6792,0.741,0.0,6825.0,0.7288386994899096,1.0378702433162361,63.0,33.0,0.5384615384615384
6793,0.741,0.0,6826.0,0.7286595222844725,1.037691066110799,61.0,33.0,0.5213675213675214
6794,0.74,0.0,6827.0,0.7284596847575422,1.0374912285838687,58.0,33.0,0.49572649572649574
6795,0.739,0.0,6828.0,0.7282462884732734,1.0372778322996,55.0,33.0,0.4700854700854701
6796,0.737,0.0,6829.0,0.7280293746583999,1.0370609184847264,54.0,33.0,0.46153846153846156
6797,0.736,0.0,6831.0,0.7289025586723508,1.0070309481160447,51.0,34.0,0.4358974358974359
6798,0.739,0.0,6832.0,0.7287390958838793,1.006867485327573,50.0,34.0,0.42735042735042733
6799,0.743,0.0,6833.0,0.728572435255362,1.0067008246990556,48.0,34.0,0.41025641025641024
6800,0.742,0.0,6834.0,0.7283537920404246,1.0064821814841185,45.0,34.0,0.38461538461538464
6801,0.739,0.0,6835.0,0.7280949220317432,1.0062233114754369,44.0,34.0,0.37606837606837606
6802,0.74,0.0,6837.0,0.7287758711041274,0.9790914216034519,43.0,35.0,0.36752136752136755
6803,0.738,0.0,6838.0,0.7284607460274336,0.978776296526758,42.0,35.0,0.358974358974359
6804,0.736,0.0,6839.0,0.7281336951889104,0.9784492456882348,42.0,35.0,0.358974358974359
6805,0.738,0.0,6841.0,0.728671625760734,0.953955621210126,40.0,36.0,0.3418803418803419
6806,0.736,0.0,6842.0,0.7283356736065099,0.9536196690559019,40.0,36.0,0.3418803418803419
6807,0.736,0.0,6843.0,0.7280004073294545,0.9532844027788465,39.0,36.0,0.3333333333333333
6808,0.736,0.0,6845.0,0.7284347072825794,0.9311903031870322,39.0,37.0,0.3333333333333333
6809,0.733,0.0,6846.0,0.7280906705819674,0.9308462664864202,39.0,37.0,0.3333333333333333
6810,0.734,0.0,6848.0,0.7284608496256029,0.9109408859396104,38.0,38.0,0.3247863247863248
6811,0.736,0.0,6849.0,0.7281289776265053,0.9106090139405129,37.0,38.0,0.3162393162393162
6812,0.734,0.0,6851.0,0.7283320988313373,0.8925641315139441,37.0,39.0,0.3162393162393162
6813,0.734,0.0,6853.0,0.7284426815906345,0.8762515110049807,37.0,40.0,0.3162393162393162
6814,0.734,0.0,6854.0,0.7280284079668139,0.87583723738116,36.0,40.0,0.3076923076923077
6815,0.733,0.0,6856.0,0.7280476105461855,0.861075557019097,36.0,41.0,0.3076923076923077
6816,0.732,0.0,6858.0,0.7280087759435971,0.8477339277692175,36.0,42.0,0.3076923076923077
6817,0.731,0.0,6861.0,0.7282604908620003,0.8252378638407528,34.0,44.0,0.2905982905982906
6818,0.731,0.0,6863.0,0.7281252813696261,0.8154049170505033,34.0,45.0,0.2905982905982906
6819,0.733,0.0,6865.0,0.7279686041154183,0.8065202762282079,34.0,46.0,0.2905982905982906
6820,0.735,0.0,6868.0,0.7279777448927777,0.7916045993041372,34.0,48.0,0.2905982905982906
6821,0.733,0.0,6872.0,0.7280300761709377,0.7744140530368189,34.0,51.0,0.2905982905982906
6822,0.733,0.0,6877.0,0.72801089222182,0.7584434194435246,34.0,55.0,0.2905982905982906
6823,0.733,0.0,6885.0,0.7279419132744147,0.7424976967037217,34.0,62.0,0.2905982905982906
6824,0.728,1.0,6910.0,0.7277414047442796,0.7289024678146327,34.0,86.0,0.2905982905982906
6825,0.725,1.0,6907.0,0.7270749975917324,0.7288446410460124,34.0,82.0,0.2905982905982906
6826,0.726,1.0,6905.0,0.7264306071394285,0.728858101589744,34.0,79.0,0.2905982905982906
6827,0.725,1.0,6904.0,0.7257947027722599,0.7287916095010444,33.0,77.0,0.28205128205128205
6828,0.723,1.0,6903.0,0.7251643563745707,0.728864241224922,33.0,75.0,0.28205128205128205
6829,0.722,1.0,6903.0,0.7245690522967801,0.7286800354638371,33.0,74.0,0.28205128205128205
6830,0.727,1.0,6903.0,0.7240022932445092,0.728570052319017,34.0,73.0,0.2905982905982906
6831,0.727,1.0,6903.0,0.7234022263393995,0.7284775141999638,34.0,72.0,0.2905982905982906
6832,0.727,1.0,6903.0,0.7227621841713943,0.7284013929053544,34.0,71.0,0.2905982905982906
6833,0.73,1.0,6903.0,0.722075055160849,0.728340842643027,34.0,70.0,0.2905982905982906
6834,0.731,1.0,6903.0,0.7212998712076468,0.7282618572989557,34.0,69.0,0.2905982905982906
6835,0.734,1.0,6903.0,0.7204169080456404,0.7281524481470947,34.0,68.0,0.2905982905982906
6836,0.732,1.0,6902.0,0.7193517628197544,0.7289018123277227,35.0,66.0,0.29914529914529914
6837,0.726,1.0,6902.0,0.7181742145631471,0.7287853806831118,35.0,65.0,0.29914529914529914
6838,0.724,1.0,6902.0,0.7169097131350192,0.7286998977127578,35.0,64.0,0.29914529914529914
6839,0.723,1.0,6902.0,0.7155664307417245,0.7286666358281008,35.0,63.0,0.29914529914529914
6840,0.722,1.0,6902.0,0.7141405531344496,0.7286963365637565,36.0,62.0,0.3076923076923077
6841,0.724,1.0,6902.0,0.7126273483397791,0.7288004410390091,36.0,61.0,0.3076923076923077
6842,0.724,1.0,6903.0,0.7110465997333852,0.7272196924326152,36.0,61.0,0.3076923076923077
6843,0.724,1.0,6903.0,0.7092689873713114,0.7272390903704558,36.0,60.0,0.3076923076923077
6844,0.724,1.0,6903.0,0.7073276970911411,0.7272944782013014,37.0,59.0,0.3162393162393162
6845,0.724,1.0,6903.0,0.7052011590008722,0.7273864713454948,37.0,58.0,0.3162393162393162
6846,0.725,1.0,6903.0,0.7028657448995024,0.7275160919490831,37.0,57.0,0.3162393162393162
6847,0.724,0.0,6930.0,0.7011294765115709,0.7027221556204228,38.0,83.0,0.3247863247863248
6848,0.721,0.0,6922.0,0.6983012000027531,0.70241218316981,38.0,74.0,0.3247863247863248
6849,0.706,0.0,6918.0,0.6952121495623387,0.7021741356536475,38.0,69.0,0.3247863247863248
6850,0.685,0.0,6915.0,0.6919799984455582,0.702591164565523,39.0,65.0,0.3333333333333333
6851,0.665,0.0,6914.0,0.6888669242347406,0.7019671293211168,39.0,63.0,0.3333333333333333
6852,0.658,0.0,6913.0,0.68600490762286,0.70217800032209,40.0,61.0,0.3418803418803419
6853,0.657,0.0,6913.0,0.68350135528644,0.7014714582855843,40.0,60.0,0.3418803418803419
6854,0.654,0.0,6913.0,0.681292262453203,0.7012590435633633,40.0,59.0,0.3418803418803419
6855,0.647,0.0,6913.0,0.6793864169805568,0.7015717293251794,41.0,58.0,0.3504273504273504
6856,0.649,0.0,6913.0,0.6778404205854724,0.7024907676350531,41.0,57.0,0.3504273504273504
6857,0.649,0.0,6914.0,0.6767038740347202,0.7013542210843009,42.0,57.0,0.358974358974359
6858,0.642,0.0,6915.0,0.6758843078565853,0.700534654906166,42.0,57.0,0.358974358974359
6859,0.642,0.0,6915.0,0.6753608998043197,0.7027501743038538,43.0,56.0,0.36752136752136755
6860,0.649,0.0,6916.0,0.6753076347292029,0.702696909228737,44.0,56.0,0.37606837606837606
6861,0.657,0.0,6918.0,0.6756448168017868,0.7002951638513675,44.0,57.0,0.37606837606837606
6862,0.663,0.0,6919.0,0.676108881217321,0.7007592282669017,45.0,57.0,0.38461538461538464
6863,0.658,0.0,6920.0,0.6767283691903556,0.7013787162399363,45.0,57.0,0.38461538461538464
6864,0.666,0.0,6921.0,0.6775652913385386,0.7022156383881193,46.0,57.0,0.39316239316239315
6865,0.68,0.0,6923.0,0.6786204958825449,0.7008058082271675,46.0,58.0,0.39316239316239315
6866,0.674,0.0,6924.0,0.679587896690538,0.7017732090351606,47.0,58.0,0.4017094017094017
6867,0.664,0.0,6926.0,0.6806981514529515,0.7006649325631119,48.0,59.0,0.41025641025641024
6868,0.67,0.0,6927.0,0.6819288705427543,0.7018956516529147,48.0,59.0,0.41025641025641024
6869,0.679,0.0,6929.0,0.6833667768734432,0.7013368798725875,49.0,60.0,0.4188034188034188
6870,0.689,0.0,6931.0,0.6848532880687108,0.7010263807679408,50.0,61.0,0.42735042735042733
6871,0.7,0.0,6932.0,0.686240064067819,0.702413156767049,51.0,61.0,0.4358974358974359
6872,0.702,0.0,6934.0,0.6875349499858412,0.7020907334151482,51.0,62.0,0.4358974358974359
6873,0.697,0.0,6936.0,0.6886680405945175,0.7017682456808937,52.0,63.0,0.4444444444444444
6874,0.7,0.0,6938.0,0.6897084573486394,0.701498641926378,53.0,64.0,0.452991452991453
6875,0.699,0.0,6939.0,0.6905949148140362,0.7023850993917748,54.0,64.0,0.46153846153846156
6876,0.703,0.0,6941.0,0.6914312400107132,0.7020424061306779,55.0,65.0,0.4700854700854701
6877,0.706,0.0,6942.0,0.6921041741262639,0.7027153402462286,55.0,65.0,0.4700854700854701
6878,0.699,0.0,6944.0,0.6926626640094049,0.7022127135173731,56.0,66.0,0.47863247863247865
6879,0.69,0.0,6945.0,0.6931185704603893,0.7026686199683575,57.0,66.0,0.48717948717948717
6880,0.69,0.0,6947.0,0.6936448499057684,0.7022398944629398,58.0,67.0,0.49572649572649574
6881,0.696,0.0,6949.0,0.6942117272050026,0.7019472673064568,59.0,68.0,0.5042735042735043
6882,0.698,0.0,6950.0,0.6947325561102766,0.7024680962117309,60.0,68.0,0.5128205128205128
6883,0.702,0.0,6952.0,0.6952457830085558,0.7022077690998646,61.0,69.0,0.5213675213675214
6884,0.704,0.0,6953.0,0.6956605781065142,0.702622564197823,62.0,69.0,0.5299145299145299
6885,0.706,0.0,6955.0,0.6960083697120594,0.7022741571942374,62.0,70.0,0.5299145299145299
6886,0.711,0.0,6956.0,0.6962243737666822,0.7024901612488602,63.0,70.0,0.5384615384615384
6887,0.709,0.0,6957.0,0.6962785588134708,0.7025443462956488,64.0,70.0,0.5470085470085471
6888,0.699,0.0,6958.0,0.6961938513619919,0.7024596388441698,65.0,70.0,0.5555555555555556
6889,0.698,0.0,6959.0,0.696080467498412,0.70234625498059,66.0,70.0,0.5641025641025641
6890,0.692,0.0,6960.0,0.6959480441572476,0.7022138316394256,67.0,70.0,0.5726495726495726
6891,0.688,0.0,6961.0,0.6958617370613139,0.7021275245434919,68.0,70.0,0.5811965811965812
6892,0.69,0.0,6962.0,0.6958649228604874,0.7021307103426654,69.0,70.0,0.5897435897435898
6893,0.694,0.0,6963.0,0.6959355598327617,0.7022013473149397,70.0,70.0,0.5982905982905983
6894,0.693,0.0,6964.0,0.6960299850911565,0.7022957725733345,71.0,70.0,0.6068376068376068
6895,0.698,0.0,6965.0,0.6961603556185377,0.7024261431007157,72.0,70.0,0.6153846153846154
6896,0.7,0.0,6966.0,0.6962728249456136,0.7025386124277916,73.0,70.0,0.6239316239316239
6897,0.704,0.0,6967.0,0.6963463776381735,0.7026121651203515,74.0,70.0,0.6324786324786325
6898,0.706,0.0,6968.0,0.6963373040593411,0.7026030915415191,75.0,70.0,0.6410256410256411
6899,0.701,0.0,6969.0,0.6962235515875479,0.7024893390697259,76.0,70.0,0.6495726495726496
6900,0.7,0.0,6970.0,0.6960594448398245,0.7023252323220025,77.0,70.0,0.6581196581196581
6901,0.705,0.0,6971.0,0.695853974718515,0.7021197622006929,78.0,70.0,0.6666666666666666
6902,0.699,0.0,6971.0,0.6955250969403375,0.7024870830316463,73.0,69.0,0.6239316239316239
6903,0.691,0.0,6972.0,0.695184467737663,0.7021464538289718,61.0,69.0,0.5213675213675214
6904,0.697,0.0,6972.0,0.6948661598724128,0.7026016999738671,61.0,68.0,0.5213675213675214
6905,0.7,0.0,6973.0,0.6945540669985938,0.7022896071000481,61.0,68.0,0.5213675213675214
6906,0.696,0.0,6973.0,0.6941545318645288,0.7027495764217002,62.0,67.0,0.5299145299145299
6907,0.691,0.0,6974.0,0.6937678312544246,0.7023628758115961,62.0,67.0,0.5299145299145299
6908,0.691,0.0,6975.0,0.6934147206896297,0.7020097652468011,63.0,67.0,0.5384615384615384
6909,0.691,0.0,6975.0,0.6930588824488577,0.7026089319568259,64.0,66.0,0.5470085470085471
6910,0.689,0.0,6976.0,0.6927621606044521,0.7023122101124203,64.0,66.0,0.5470085470085471
6911,0.688,0.0,6977.0,0.6925108142735927,0.702060863781561,65.0,66.0,0.5555555555555556
6912,0.683,0.0,6978.0,0.6923133075942951,0.7018633571022633,66.0,66.0,0.5641025641025641
6913,0.68,0.0,6979.0,0.6922230116561396,0.7017730611641079,62.0,66.0,0.5299145299145299
6914,0.686,0.0,6980.0,0.6922721660301046,0.7018222155380728,61.0,66.0,0.5213675213675214
6915,0.688,0.0,6981.0,0.6923945496823969,0.7019445991903651,59.0,66.0,0.5042735042735043
6916,0.69,0.0,6982.0,0.6925693906833071,0.7021194401912754,59.0,66.0,0.5042735042735043
6917,0.688,0.0,6983.0,0.6927765100152374,0.7023265595232057,60.0,66.0,0.5128205128205128
6918,0.682,0.0,6984.0,0.6930402904887485,0.7025903399967167,59.0,66.0,0.5042735042735043
6919,0.683,0.0,6986.0,0.6934636040476796,0.702058648604851,59.0,67.0,0.5042735042735043
6920,0.69,0.0,6987.0,0.6939735903019921,0.7025686348591635,59.0,67.0,0.5042735042735043
6921,0.693,0.0,6989.0,0.6945607461018825,0.7022962862033367,59.0,68.0,0.5042735042735043
6922,0.692,0.0,6991.0,0.6951656343734693,0.7021276204647782,59.0,69.0,0.5042735042735043
6923,0.693,0.0,6992.0,0.695781494298142,0.7027434803894508,59.0,69.0,0.5042735042735043
6924,0.695,0.0,6994.0,0.6964544111332966,0.7027201986154746,59.0,70.0,0.5042735042735043
6925,0.689,0.0,6997.0,0.697162486289579,0.7022377741501432,60.0,72.0,0.5128205128205128
6926,0.698,0.0,6999.0,0.6979396243268654,0.7025073834013732,60.0,73.0,0.5128205128205128
6927,0.698,0.0,7002.0,0.6987309612619849,0.7024308461123362,60.0,75.0,0.5128205128205128
6928,0.704,0.0,7005.0,0.6995262046949486,0.7025231114237331,61.0,77.0,0.5213675213675214
6929,0.705,0.0,7008.0,0.7002682304917608,0.7026957249420762,61.0,79.0,0.5213675213675214
6930,0.704,0.0,7012.0,0.7009617448451615,0.7027313882994415,61.0,82.0,0.5213675213675214
6931,0.706,0.0,7018.0,0.7016244871686452,0.7026694439319631,61.0,87.0,0.5213675213675214
6932,0.709,1.0,6995.0,0.701799292697149,0.7148994977835252,61.0,63.0,0.5213675213675214
6933,0.713,1.0,6990.0,0.7019151422003067,0.7265654892498874,62.0,57.0,0.5299145299145299
6934,0.713,1.0,6991.0,0.702316813593277,0.7269671606428577,62.0,57.0,0.5299145299145299
6935,0.708,1.0,6992.0,0.7026094484458782,0.7272597954954589,63.0,57.0,0.5384615384615384
6936,0.703,1.0,6993.0,0.7028508288765457,0.7275011759261264,63.0,57.0,0.5384615384615384
6937,0.703,1.0,6994.0,0.7030987124125458,0.7277490594621265,64.0,57.0,0.5470085470085471
6938,0.707,1.0,6995.0,0.7033571507020769,0.7280074977516576,64.0,57.0,0.5470085470085471
6939,0.701,1.0,6996.0,0.7035847135497802,0.7282350605993609,64.0,57.0,0.5470085470085471
6940,0.698,1.0,6997.0,0.7038499733527983,0.728500320402379,65.0,57.0,0.5555555555555556
6941,0.7,1.0,6998.0,0.7041889123766709,0.7288392594262516,65.0,57.0,0.5555555555555556
6942,0.704,1.0,7000.0,0.7046689354392643,0.726854247783887,65.0,58.0,0.5555555555555556
6943,0.71,1.0,7001.0,0.7050816266152483,0.7272669389598709,66.0,58.0,0.5641025641025641
6944,0.71,1.0,7002.0,0.7054483214698826,0.7276336338145052,66.0,58.0,0.5641025641025641
6945,0.709,1.0,7003.0,0.705772989302119,0.7279583016467416,66.0,58.0,0.5641025641025641
6946,0.708,1.0,7004.0,0.7060701151138244,0.7282554274584471,67.0,58.0,0.5726495726495726
6947,0.712,1.0,7005.0,0.7063544383554619,0.7285397507000845,67.0,58.0,0.5726495726495726
6948,0.712,1.0,7006.0,0.7065848021709984,0.728770114515621,68.0,58.0,0.5811965811965812
6949,0.71,1.0,7008.0,0.7068395932206821,0.7268063743308425,68.0,59.0,0.5811965811965812
6950,0.708,1.0,7009.0,0.7069905198594728,0.7269573009696332,68.0,59.0,0.5811965811965812
6951,0.705,1.0,7010.0,0.7071380065880581,0.7271047876982185,69.0,59.0,0.5897435897435898
6952,0.708,1.0,7011.0,0.7073171410783545,0.7272839221885149,69.0,59.0,0.5897435897435898
6953,0.704,1.0,7012.0,0.7074964963095967,0.727463277419757,69.0,59.0,0.5897435897435898
6954,0.702,1.0,7013.0,0.7077223098943204,0.7276890910044808,70.0,59.0,0.5982905982905983
6955,0.702,1.0,7014.0,0.7080191974974246,0.727985978607585,70.0,59.0,0.5982905982905983
6956,0.704,1.0,7015.0,0.7083906470290335,0.7283574281391939,70.0,59.0,0.5982905982905983
6957,0.705,1.0,7016.0,0.7088185634839435,0.7287853445941038,70.0,59.0,0.5982905982905983
6958,0.709,1.0,7018.0,0.7093658120557788,0.7273359150549231,70.0,60.0,0.5982905982905983
6959,0.714,1.0,7019.0,0.709855014855277,0.7278251178544214,70.0,60.0,0.5982905982905983
6960,0.712,1.0,7020.0,0.7103054732588143,0.7282755762579587,70.0,60.0,0.5982905982905983
6961,0.709,1.0,7021.0,0.7107437903573552,0.7287138933564996,70.0,60.0,0.5982905982905983
6962,0.703,1.0,7023.0,0.7112705353895725,0.7274436280888025,70.0,61.0,0.5982905982905983
6963,0.702,1.0,7024.0,0.7118332759437906,0.7280063686430206,70.0,61.0,0.5982905982905983
6964,0.701,1.0,7025.0,0.7125114379191404,0.7286845306183704,70.0,61.0,0.5982905982905983
6965,0.7,1.0,7027.0,0.7133796605091478,0.7279354439384548,70.0,62.0,0.5982905982905983
6966,0.707,1.0,7028.0,0.714345914850183,0.7289016982794899,70.0,62.0,0.5982905982905983
6967,0.712,1.0,7030.0,0.7154496999975777,0.7285499050839539,70.0,63.0,0.5982905982905983
6968,0.714,1.0,7032.0,0.7165922081510974,0.728382392728836,70.0,64.0,0.5982905982905983
6969,0.724,1.0,7034.0,0.7177636489299739,0.7283748150499386,70.0,65.0,0.5982905982905983
6970,0.734,1.0,7036.0,0.7188658974460203,0.7284159469539885,70.0,66.0,0.5982905982905983
6971,0.734,1.0,7038.0,0.7197998987928691,0.7283949433500405,69.0,67.0,0.5897435897435898
6972,0.733,1.0,7040.0,0.7205757774356343,0.7283113175370886,68.0,68.0,0.5811965811965812
6973,0.735,1.0,7041.0,0.7211867749795395,0.7289223150809938,67.0,68.0,0.5726495726495726
6974,0.737,1.0,7043.0,0.7216737402252045,0.7286357263165133,67.0,69.0,0.5726495726495726
6975,0.726,1.0,7044.0,0.7219665011054719,0.7289284871967807,66.0,69.0,0.5641025641025641
6976,0.721,1.0,7046.0,0.722241117066492,0.72850690454867,66.0,70.0,0.5641025641025641
6977,0.72,1.0,7047.0,0.7225079755037668,0.7287737629859448,66.0,70.0,0.5641025641025641
6978,0.722,1.0,7049.0,0.7228266125592299,0.72846582129319,66.0,71.0,0.5641025641025641
6979,0.724,1.0,7050.0,0.7231350709366944,0.7287742796706546,66.0,71.0,0.5641025641025641
6980,0.724,1.0,7052.0,0.7234555794887811,0.7285308673493454,66.0,72.0,0.5641025641025641
6981,0.722,1.0,7053.0,0.7237525398657738,0.728827827726338,66.0,72.0,0.5641025641025641
6982,0.722,1.0,7055.0,0.7240886970792905,0.7286564561537983,66.0,73.0,0.5641025641025641
6983,0.724,1.0,7057.0,0.7244479538543653,0.7285589370214223,66.0,74.0,0.5641025641025641
6984,0.723,1.0,7058.0,0.7247978427269108,0.7289088258939678,66.0,74.0,0.5641025641025641
6985,0.728,1.0,7060.0,0.7251833748029723,0.7288832596533237,67.0,75.0,0.5726495726495726
6986,0.729,1.0,7062.0,0.725537595465049,0.7288674918303651,67.0,76.0,0.5726495726495726
6987,0.73,1.0,7064.0,0.7258533081615082,0.7288502148902927,67.0,77.0,0.5726495726495726
6988,0.729,1.0,7066.0,0.7261229922464674,0.7288202083023735,68.0,78.0,0.5811965811965812
6989,0.731,1.0,7068.0,0.726360776299217,0.7287882707495325,68.0,79.0,0.5811965811965812
6990,0.735,1.0,7070.0,0.7265470146995869,0.7287317597048708,68.0,80.0,0.5811965811965812
6991,0.735,1.0,7071.0,0.7266317971203919,0.7288165421256758,67.0,80.0,0.5726495726495726
6992,0.736,1.0,7072.0,0.7266244366114987,0.7288091816167825,66.0,80.0,0.5641025641025641
6993,0.729,1.0,7072.0,0.7265053692553951,0.7289328637057105,66.0,79.0,0.5641025641025641
6994,0.719,1.0,7073.0,0.7263678465876782,0.7287953410379936,65.0,79.0,0.5555555555555556
6995,0.72,1.0,7074.0,0.7263131023865372,0.7287405968368527,64.0,79.0,0.5470085470085471
6996,0.722,1.0,7075.0,0.7263293648891844,0.7287568593394999,64.0,79.0,0.5470085470085471
6997,0.719,1.0,7076.0,0.726394611732301,0.7288221061826164,63.0,79.0,0.5384615384615384
6998,0.714,1.0,7078.0,0.7265511431966178,0.7287358882019017,63.0,80.0,0.5384615384615384
6999,0.717,1.0,7080.0,0.7268471203089053,0.7288133908136608,63.0,81.0,0.5384615384615384
7000,0.727,1.0,7083.0,0.7272585540811134,0.7288512331899654,63.0,83.0,0.5384615384615384
7001,0.731,1.0,7087.0,0.7276754481708672,0.7288365112412203,63.0,86.0,0.5384615384615384
7002,0.732,0.0,7076.0,0.7279411658644269,0.7320521490314839,62.0,74.0,0.5299145299145299
7003,0.732,0.0,7066.0,0.7279543740396491,0.7410545791260253,62.0,63.0,0.5299145299145299
7004,0.73,0.0,7063.0,0.7280008628704062,0.7479676439805666,62.0,59.0,0.5299145299145299
7005,0.731,0.0,7061.0,0.7280140988137418,0.7554033733132759,61.0,56.0,0.5213675213675214
7006,0.733,0.0,7060.0,0.7280383903620571,0.7618523094972844,61.0,54.0,0.5213675213675214
7007,0.729,0.0,7059.0,0.7279686479241372,0.7697142271034302,62.0,52.0,0.5299145299145299
7008,0.728,0.0,7059.0,0.7280166507834032,0.7744006276492843,61.0,51.0,0.5213675213675214
7009,0.73,0.0,7059.0,0.7280648386513737,0.7796025907245749,61.0,50.0,0.5213675213675214
7010,0.731,0.0,7059.0,0.7280915247265818,0.7853556936968054,61.0,49.0,0.5213675213675214
7011,0.733,0.0,7059.0,0.7280858944098627,0.7917127488212222,61.0,48.0,0.5213675213675214
7012,0.734,0.0,7059.0,0.7280256629199201,0.7987221678214307,60.0,47.0,0.5128205128205128
7013,0.733,0.0,7060.0,0.728169184972963,0.7988656898744736,60.0,47.0,0.5128205128205128
7014,0.731,0.0,7060.0,0.7280159097439955,0.8065675818567851,60.0,46.0,0.5128205128205128
7015,0.731,0.0,7061.0,0.7281296280300695,0.8066813001428591,60.0,46.0,0.5128205128205128
7016,0.731,0.0,7061.0,0.727941318228158,0.8152209539090353,60.0,45.0,0.5128205128205128
7017,0.73,0.0,7062.0,0.7280516044218204,0.8153312401026976,61.0,45.0,0.5213675213675214
7018,0.733,0.0,7063.0,0.7281730405440812,0.8154526762249584,60.0,45.0,0.5128205128205128
7019,0.733,0.0,7063.0,0.7279419339996167,0.8249193069783692,60.0,44.0,0.5128205128205128
7020,0.737,0.0,7064.0,0.7280246719608123,0.8250020449395649,60.0,44.0,0.5128205128205128
7021,0.734,0.0,7065.0,0.7280446885788059,0.8250220615575584,60.0,44.0,0.5128205128205128
7022,0.731,0.0,7066.0,0.7280360500010232,0.8250134229797758,61.0,44.0,0.5213675213675214
7023,0.733,0.0,7067.0,0.7280320446173227,0.8250094175960753,61.0,44.0,0.5213675213675214
7024,0.734,0.0,7068.0,0.7280109671491677,0.8249883401279202,61.0,44.0,0.5213675213675214
7025,0.733,0.0,7069.0,0.727960043151123,0.8249374161298755,61.0,44.0,0.5213675213675214
7026,0.732,0.0,7071.0,0.7282246960932116,0.8155043317740889,62.0,45.0,0.5299145299145299
7027,0.731,0.0,7072.0,0.7281464242809659,0.8154260599618431,62.0,45.0,0.5299145299145299
7028,0.729,0.0,7073.0,0.7280685098537921,0.8153481455346694,62.0,45.0,0.5299145299145299
7029,0.728,0.0,7074.0,0.7280130902411109,0.8152927259219882,63.0,45.0,0.5384615384615384
7030,0.731,0.0,7075.0,0.7279887773778948,0.8152684130587721,63.0,45.0,0.5384615384615384
7031,0.731,0.0,7076.0,0.7279626568376414,0.8152422925185187,64.0,45.0,0.5470085470085471
7032,0.734,0.0,7078.0,0.728230775723587,0.8067824478363765,64.0,46.0,0.5470085470085471
7033,0.734,0.0,7079.0,0.7281679644903007,0.8067196366030903,65.0,46.0,0.5555555555555556
7034,0.733,0.0,7080.0,0.7280710707005571,0.8066227428133467,65.0,46.0,0.5555555555555556
7035,0.734,0.0,7081.0,0.7279494260370525,0.806501098149842,66.0,46.0,0.5641025641025641
7036,0.735,0.0,7083.0,0.7280562378049864,0.798752742706497,66.0,47.0,0.5641025641025641
7037,0.734,0.0,7085.0,0.7280865664160046,0.7917134208273641,67.0,48.0,0.5726495726495726
7038,0.733,0.0,7087.0,0.728051223697241,0.7853153926674645,67.0,49.0,0.5726495726495726
7039,0.73,0.0,7089.0,0.7279580615057011,0.7794958135789023,68.0,50.0,0.5811965811965812
7040,0.729,0.0,7092.0,0.7279944536282931,0.7697400328075861,68.0,52.0,0.5811965811965812
7041,0.727,0.0,7095.0,0.7279704427692597,0.7617843619044871,68.0,54.0,0.5811965811965812
7042,0.726,0.0,7099.0,0.7280106097718846,0.7526609568214653,69.0,57.0,0.5897435897435898
7043,0.724,0.0,7103.0,0.7279989118424547,0.745969014841599,69.0,60.0,0.5897435897435898
7044,0.725,0.0,7107.0,0.7279814527998246,0.7410816578862008,69.0,63.0,0.5897435897435898
7045,0.727,0.0,7111.0,0.7279576000556051,0.7375076495635733,70.0,66.0,0.5982905982905983
7046,0.726,0.0,7116.0,0.7279403903661466,0.7342061778483245,70.0,70.0,0.5982905982905983
7047,0.727,0.0,7123.0,0.7279363390093689,0.731266235374685,70.0,76.0,0.5982905982905983
7048,0.726,1.0,7136.0,0.7279239928958237,0.7288644539828096,71.0,88.0,0.6068376068376068
7049,0.726,1.0,7136.0,0.7278490631232735,0.7288940198865913,71.0,87.0,0.6068376068376068
7050,0.727,1.0,7137.0,0.7277983138461201,0.728843270609438,71.0,87.0,0.6068376068376068
7051,0.728,1.0,7137.0,0.7277531629081884,0.7289142259785415,72.0,86.0,0.6153846153846154
7052,0.729,1.0,7138.0,0.7277093758326576,0.7288704389030107,72.0,86.0,0.6153846153846154
7053,0.729,1.0,7139.0,0.727651640805701,0.7288127038760541,72.0,86.0,0.6153846153846154
7054,0.733,1.0,7139.0,0.727575244662158,0.728865314740328,73.0,85.0,0.6239316239316239
7055,0.735,1.0,7139.0,0.7274385734593056,0.7288719846572724,73.0,84.0,0.6239316239316239
7056,0.733,1.0,7139.0,0.7272178864060006,0.7288105655148526,74.0,83.0,0.6324786324786325
7057,0.73,1.0,7138.0,0.7269267226383539,0.7288929931431094,74.0,81.0,0.6324786324786325
7058,0.727,1.0,7138.0,0.726607019251435,0.7287917642567189,74.0,80.0,0.6324786324786325
7059,0.725,1.0,7138.0,0.7262829494117538,0.7287104438620692,69.0,79.0,0.5897435897435898
7060,0.726,1.0,7138.0,0.7259731345655362,0.7286703506214424,66.0,78.0,0.5641025641025641
7061,0.726,1.0,7138.0,0.7256630212144917,0.7286599279432762,64.0,77.0,0.5470085470085471
7062,0.724,1.0,7138.0,0.7253491636547191,0.7286790600200352,63.0,76.0,0.5384615384615384
7063,0.723,1.0,7138.0,0.7250502968022214,0.7287501816525728,61.0,75.0,0.5213675213675214
7064,0.725,1.0,7138.0,0.7247742110253037,0.7288851941923606,60.0,74.0,0.5128205128205128
7065,0.725,1.0,7139.0,0.7245100914700991,0.7286210746371561,60.0,74.0,0.5128205128205128
7066,0.726,1.0,7139.0,0.7242275009974961,0.7287952600720039,58.0,73.0,0.49572649572649574
7067,0.727,1.0,7140.0,0.7239413955749903,0.7285091546494981,58.0,73.0,0.49572649572649574
7068,0.729,1.0,7140.0,0.7236067441237601,0.7286820319843244,57.0,72.0,0.48717948717948717
7069,0.728,1.0,7140.0,0.7232121676072387,0.7288513763411989,57.0,71.0,0.48717948717948717
7070,0.728,1.0,7141.0,0.7227847534645542,0.7284239621985144,57.0,71.0,0.48717948717948717
7071,0.728,1.0,7141.0,0.7222810676777622,0.7285468551599402,56.0,70.0,0.47863247863247865
7072,0.728,1.0,7141.0,0.7217138381985,0.7286758242898088,54.0,69.0,0.46153846153846156
7073,0.725,1.0,7141.0,0.7210767624769994,0.7288123025784536,53.0,68.0,0.452991452991453
7074,0.724,1.0,7142.0,0.7204242688787822,0.7281598089802365,52.0,68.0,0.4444444444444444
7075,0.719,1.0,7142.0,0.7197066886485886,0.72830173320576,51.0,67.0,0.4358974358974359
7076,0.716,1.0,7142.0,0.7189969605144904,0.7285470100224586,49.0,66.0,0.4188034188034188
7077,0.714,1.0,7142.0,0.7183205319416642,0.7289316980616289,50.0,65.0,0.42735042735042733
7078,0.716,1.0,7143.0,0.7177312030492166,0.7283423691691813,49.0,65.0,0.4188034188034188
7079,0.713,1.0,7143.0,0.7171259253532809,0.7289161099310195,49.0,64.0,0.4188034188034188
7080,0.716,1.0,7144.0,0.7166097426337007,0.7283999272114393,48.0,64.0,0.41025641025641024
7081,0.717,1.0,7145.0,0.7161049702364202,0.7278951548141588,48.0,64.0,0.41025641025641024
7082,0.717,1.0,7145.0,0.7155510475975873,0.7286512526839635,49.0,63.0,0.4188034188034188
7083,0.715,1.0,7146.0,0.7150301857309149,0.7281303908172911,48.0,63.0,0.41025641025641024
7084,0.717,1.0,7147.0,0.7145147131824774,0.7276149182688536,49.0,63.0,0.4188034188034188
7085,0.717,1.0,7147.0,0.7139272580098939,0.7284830414392008,49.0,62.0,0.4188034188034188
7086,0.718,1.0,7148.0,0.7133604369709683,0.7279162204002753,50.0,62.0,0.42735042735042733
7087,0.716,1.0,7148.0,0.7126927670915268,0.7288658597907568,49.0,61.0,0.4188034188034188
7088,0.714,1.0,7149.0,0.7120491269597016,0.7282222196589315,50.0,61.0,0.42735042735042733
7089,0.71,1.0,7150.0,0.711389632774134,0.727562725473364,50.0,61.0,0.42735042735042733
7090,0.707,1.0,7150.0,0.710691109678943,0.7286612126780874,51.0,60.0,0.4358974358974359
7091,0.706,1.0,7151.0,0.710100277453594,0.7280703804527384,52.0,60.0,0.4444444444444444
7092,0.706,1.0,7152.0,0.7095612934026678,0.7275313964018122,52.0,60.0,0.4444444444444444
7093,0.704,1.0,7153.0,0.7090687930391181,0.7270388960382624,53.0,60.0,0.452991452991453
7094,0.703,1.0,7153.0,0.7085726870336977,0.7285394681438581,54.0,59.0,0.46153846153846156
7095,0.699,1.0,7154.0,0.708211431068309,0.7281782121784693,54.0,59.0,0.46153846153846156
7096,0.702,1.0,7155.0,0.7079599225548554,0.7279267036650158,55.0,59.0,0.4700854700854701
7097,0.703,1.0,7156.0,0.7077820441297978,0.7277488252399582,56.0,59.0,0.47863247863247865
7098,0.702,1.0,7157.0,0.7076642984106251,0.7276310795207854,57.0,59.0,0.48717948717948717
7099,0.701,1.0,7158.0,0.7076167719611487,0.7275835530713091,57.0,59.0,0.48717948717948717
7100,0.698,1.0,7159.0,0.7076493122025671,0.7276160933127275,58.0,59.0,0.49572649572649574
7101,0.702,1.0,7160.0,0.7077962760828781,0.7277630571930385,59.0,59.0,0.5042735042735043
7102,0.702,1.0,7161.0,0.7080152724429274,0.7279820535530878,60.0,59.0,0.5128205128205128
7103,0.7,1.0,7162.0,0.7083081460810025,0.7282749271911628,60.0,59.0,0.5128205128205128
7104,0.706,1.0,7163.0,0.7087008777948044,0.7286676589049648,61.0,59.0,0.5213675213675214
7105,0.709,1.0,7165.0,0.7091950477940951,0.7271651507932395,62.0,60.0,0.5299145299145299
7106,0.715,1.0,7166.0,0.7096336347548289,0.7276037377539732,63.0,60.0,0.5384615384615384
7107,0.713,1.0,7167.0,0.7100199820931876,0.727990085092332,63.0,60.0,0.5384615384615384
7108,0.71,1.0,7168.0,0.7103814465370548,0.7283515495361992,64.0,60.0,0.5470085470085471
7109,0.708,1.0,7169.0,0.7107544981021097,0.728724601101254,65.0,60.0,0.5555555555555556
7110,0.711,1.0,7171.0,0.7112292127720711,0.727402305471301,66.0,61.0,0.5641025641025641
7111,0.713,1.0,7172.0,0.711650294033866,0.727823386733096,66.0,61.0,0.5641025641025641
7112,0.715,1.0,7173.0,0.7120631201887133,0.7282362128879433,67.0,61.0,0.5726495726495726
7113,0.717,1.0,7174.0,0.7124493324385723,0.7286224251378023,68.0,61.0,0.5811965811965812
7114,0.719,1.0,7176.0,0.7128469416848726,0.7274027251141796,69.0,62.0,0.5897435897435898
7115,0.716,1.0,7177.0,0.7131248859713804,0.7276806694006873,70.0,62.0,0.5982905982905983
7116,0.719,1.0,7178.0,0.7133753815174444,0.7279311649467514,70.0,62.0,0.5982905982905983
7117,0.722,1.0,7179.0,0.7135686137236873,0.7281243971529943,71.0,62.0,0.6068376068376068
7118,0.722,1.0,7180.0,0.7136735265172464,0.7282293099465533,72.0,62.0,0.6153846153846154
7119,0.724,1.0,7181.0,0.7136905118410246,0.7282462952703316,73.0,62.0,0.6239316239316239
7120,0.724,1.0,7182.0,0.7135969156625881,0.7281526990918951,74.0,62.0,0.6324786324786325
7121,0.723,1.0,7183.0,0.7133930157058475,0.7279487991351544,75.0,62.0,0.6410256410256411
7122,0.724,1.0,7184.0,0.7130885078910278,0.7276442913203348,76.0,62.0,0.6495726495726496
7123,0.725,1.0,7184.0,0.712614980000656,0.728788072699886,76.0,61.0,0.6495726495726496
7124,0.724,1.0,7185.0,0.7120626597614592,0.7282357524606892,77.0,61.0,0.6581196581196581
7125,0.722,1.0,7186.0,0.7113840950361939,0.7275571877354239,78.0,61.0,0.6666666666666666
7126,0.719,1.0,7186.0,0.7105341790689612,0.7285042820681056,79.0,60.0,0.6752136752136753
7127,0.72,1.0,7187.0,0.709656498646835,0.7276266016459794,80.0,60.0,0.6837606837606838
7128,0.721,1.0,7187.0,0.7086042202319895,0.7285710013421499,81.0,59.0,0.6923076923076923
7129,0.721,1.0,7188.0,0.707487667667654,0.7274544487778144,82.0,59.0,0.7008547008547008
7130,0.721,1.0,7188.0,0.7061548670142646,0.7283401793588872,83.0,58.0,0.7094017094017094
7131,0.721,1.0,7189.0,0.7047378049168647,0.7269231172614873,84.0,58.0,0.717948717948718
7132,0.713,1.0,7189.0,0.7030674357327376,0.7277177827823182,85.0,57.0,0.7264957264957265
7133,0.697,1.0,7197.0,0.7017945694283172,0.7135847540060558,86.0,64.0,0.7350427350427351
7134,0.686,0.0,7214.0,0.7004786369619664,0.7026633819672503,87.0,80.0,0.7435897435897436
7135,0.673,0.0,7210.0,0.6989567714075068,0.7026566562578581,88.0,75.0,0.7521367521367521
7136,0.665,0.0,7209.0,0.697746507290166,0.7023142663646738,87.0,73.0,0.7435897435897436
7137,0.661,0.0,7208.0,0.6968948696874246,0.7025340784213848,86.0,71.0,0.7350427350427351
7138,0.672,0.0,7208.0,0.6964587002294654,0.7027244877116434,78.0,70.0,0.6666666666666666
7139,0.669,0.0,7209.0,0.6963171147649557,0.7025829022471337,73.0,70.0,0.6239316239316239
7140,0.673,0.0,7210.0,0.6964809721074734,0.7027467595896514,71.0,70.0,0.6068376068376068
7141,0.686,0.0,7212.0,0.6969286619222596,0.7025678706562197,68.0,71.0,0.5811965811965812
7142,0.692,0.0,7214.0,0.6974991198840322,0.7025744077445965,65.0,72.0,0.5555555555555556
7143,0.7,0.0,7216.0,0.698131186706636,0.7026989457811438,64.0,73.0,0.5470085470085471
7144,0.697,0.0,7219.0,0.6987561672118443,0.7024560520621956,64.0,75.0,0.5470085470085471
7145,0.702,0.0,7221.0,0.6993846875691607,0.7027145839344768,63.0,76.0,0.5384615384615384
7146,0.713,0.0,7224.0,0.699994204310203,0.7026914203661091,63.0,78.0,0.5384615384615384
7147,0.715,0.0,7227.0,0.7004558998396526,0.7026406448449365,62.0,80.0,0.5299145299145299
7148,0.715,0.0,7229.0,0.7007472973101708,0.7027135678149263,61.0,81.0,0.5213675213675214
7149,0.714,0.0,7231.0,0.7008803345221064,0.7026499779763864,61.0,82.0,0.5213675213675214
7150,0.711,0.0,7232.0,0.7008616051016059,0.7026312485558859,60.0,82.0,0.5128205128205128
7151,0.705,0.0,7232.0,0.7007243590837627,0.7026906295885182,60.0,81.0,0.5128205128205128
7152,0.701,0.0,7232.0,0.7005396059446284,0.7027243509499123,60.0,80.0,0.5128205128205128
7153,0.704,0.0,7233.0,0.70035770588593,0.7025424508912139,59.0,80.0,0.5042735042735043
7154,0.694,0.0,7233.0,0.7001281641796847,0.7025556586300001,59.0,79.0,0.5042735042735043
7155,0.695,0.0,7233.0,0.6999667131865469,0.702663929242453,59.0,78.0,0.5042735042735043
7156,0.696,0.0,7234.0,0.6998703140278973,0.7025675300838035,59.0,78.0,0.5042735042735043
7157,0.693,0.0,7235.0,0.6998178339923173,0.7025150500482235,59.0,78.0,0.5042735042735043
7158,0.693,0.0,7236.0,0.699842101378942,0.7025393174348481,59.0,78.0,0.5042735042735043
7159,0.686,0.0,7237.0,0.6999433304614915,0.7026405465173976,59.0,78.0,0.5042735042735043
7160,0.686,0.0,7239.0,0.7002093941580949,0.7026368886084103,59.0,79.0,0.5042735042735043
7161,0.69,0.0,7242.0,0.7006407204894789,0.7026069909942344,59.0,81.0,0.5042735042735043
7162,0.688,0.0,7246.0,0.7011929861748757,0.7026263973728425,59.0,84.0,0.5042735042735043
7163,0.691,1.0,7236.0,0.7017721490477712,0.706339908122279,59.0,73.0,0.5042735042735043
7164,0.686,1.0,7221.0,0.7019083424687536,0.7265586895183342,60.0,57.0,0.5128205128205128
7165,0.684,1.0,7222.0,0.7028982464209572,0.7275485934705379,60.0,57.0,0.5128205128205128
7166,0.691,1.0,7223.0,0.7041072774650912,0.7287576245146719,60.0,57.0,0.5128205128205128
7167,0.7,1.0,7225.0,0.7055524765685104,0.727737788913133,60.0,58.0,0.5128205128205128
7168,0.717,1.0,7227.0,0.7070585174729709,0.7270252985831313,60.0,59.0,0.5128205128205128
7169,0.723,1.0,7228.0,0.7083889427010525,0.7283557238112128,60.0,59.0,0.5128205128205128
7170,0.736,1.0,7230.0,0.7096318142065403,0.7276019172056847,61.0,60.0,0.5213675213675214
7171,0.74,1.0,7231.0,0.7105211560807205,0.7284912590798649,61.0,60.0,0.5213675213675214
7172,0.742,1.0,7233.0,0.711148054307288,0.727321147006518,61.0,61.0,0.5213675213675214
7173,0.747,1.0,7234.0,0.7113786372247435,0.7275517299239734,61.0,61.0,0.5213675213675214
7174,0.743,1.0,7235.0,0.7112189175618374,0.7273920102610674,61.0,61.0,0.5213675213675214
7175,0.736,1.0,7235.0,0.7106532142840656,0.72862331728321,62.0,60.0,0.5299145299145299
7176,0.734,1.0,7236.0,0.7098712344811173,0.7278413374802617,62.0,60.0,0.5299145299145299
7177,0.727,1.0,7236.0,0.7087623382990142,0.7287291194091746,62.0,59.0,0.5299145299145299
7178,0.713,1.0,7237.0,0.7075231021966275,0.7274898833067879,62.0,59.0,0.5299145299145299
7179,0.71,1.0,7237.0,0.7061579409854488,0.7283432533300714,62.0,58.0,0.5299145299145299
7180,0.709,1.0,7238.0,0.7048305411781131,0.7270158535227357,62.0,58.0,0.5299145299145299
7181,0.698,1.0,7238.0,0.7033844081969299,0.7280347552465106,62.0,57.0,0.5299145299145299
7182,0.68,1.0,7239.0,0.7020886595642304,0.7267390066138111,62.0,57.0,0.5299145299145299
7183,0.681,1.0,7260.0,0.7017612370131269,0.7047581437419114,62.0,77.0,0.5299145299145299
7184,0.693,0.0,7267.0,0.7010002915062739,0.7025929706151258,61.0,83.0,0.5213675213675214
7185,0.691,0.0,7264.0,0.7002514883048977,0.7026789827552131,61.0,79.0,0.5213675213675214
7186,0.697,0.0,7263.0,0.6996157611993793,0.7026126679281638,60.0,77.0,0.5128205128205128
7187,0.701,0.0,7262.0,0.699005796742776,0.7027056815931273,59.0,75.0,0.5042735042735043
7188,0.699,0.0,7262.0,0.6983850627177728,0.7024960458848297,58.0,74.0,0.49572649572649574
7189,0.691,0.0,7262.0,0.6977574960563007,0.7023252551308085,57.0,73.0,0.48717948717948717
7190,0.683,0.0,7262.0,0.6972050126843428,0.702280300544907,58.0,72.0,0.49572649572649574
7191,0.689,0.0,7262.0,0.6968103627866554,0.7024495715206156,59.0,71.0,0.5042735042735043
7192,0.689,0.0,7263.0,0.696523923690898,0.7021631324248582,60.0,71.0,0.5128205128205128
7193,0.686,0.0,7263.0,0.696301797653391,0.7025675851355689,61.0,70.0,0.5213675213675214
7194,0.684,0.0,7264.0,0.6962182758049761,0.7024840632871541,62.0,70.0,0.5299145299145299
7195,0.688,0.0,7265.0,0.6962731244206617,0.7025389119028397,63.0,70.0,0.5384615384615384
7196,0.691,0.0,7266.0,0.6964223633826196,0.7026881508647976,64.0,70.0,0.5470085470085471
7197,0.692,0.0,7268.0,0.696655967512847,0.7022951762468072,64.0,71.0,0.5470085470085471
7198,0.692,0.0,7269.0,0.6969217335931285,0.7025609423270887,65.0,71.0,0.5555555555555556
7199,0.694,0.0,7271.0,0.6972640954121556,0.7023393832727198,66.0,72.0,0.5641025641025641
7200,0.692,0.0,7272.0,0.6976248412462869,0.7027001291068511,67.0,72.0,0.5726495726495726
7201,0.691,0.0,7274.0,0.6980677400365286,0.7026354991110364,68.0,73.0,0.5811965811965812
7202,0.701,0.0,7276.0,0.698589080320523,0.70270006348758,69.0,74.0,0.5897435897435898
7203,0.707,0.0,7279.0,0.6990964355078664,0.7024263318731825,70.0,76.0,0.5982905982905983
7204,0.71,0.0,7281.0,0.6995016913669799,0.7024985980957644,71.0,77.0,0.6068376068376068
7205,0.709,0.0,7283.0,0.6997904602389647,0.7024876762948709,72.0,78.0,0.6153846153846154
7206,0.709,0.0,7284.0,0.6999675571671298,0.7026647732230359,73.0,78.0,0.6239316239316239
7207,0.698,0.0,7285.0,0.7000453583099229,0.702742574365829,74.0,78.0,0.6324786324786325
7208,0.695,0.0,7287.0,0.7001561932802551,0.7025836877305706,73.0,79.0,0.6239316239316239
7209,0.692,0.0,7288.0,0.7003158358327451,0.7027433302830606,72.0,79.0,0.6153846153846154
7210,0.681,0.0,7291.0,0.700584622951027,0.7025508934557825,71.0,81.0,0.6068376068376068
7211,0.681,0.0,7294.0,0.7010685713874285,0.7026612504962805,72.0,83.0,0.6153846153846154
7212,0.697,1.0,7295.0,0.7017633524607299,0.7033560315695818,72.0,83.0,0.6153846153846154
7213,0.709,1.0,7271.0,0.7017977435925955,0.7239830559372181,73.0,58.0,0.6239316239316239
7214,0.716,1.0,7271.0,0.7023892325979256,0.7270395796475063,72.0,57.0,0.6153846153846154
7215,0.719,1.0,7272.0,0.702924459559819,0.7275748066093997,73.0,57.0,0.6239316239316239
7216,0.726,1.0,7273.0,0.703290825753595,0.7279411728031757,73.0,57.0,0.6239316239316239
7217,0.726,1.0,7274.0,0.7034143906073587,0.7280647376569394,74.0,57.0,0.6324786324786325
7218,0.715,1.0,7275.0,0.7032963973252615,0.7279467443748422,75.0,57.0,0.6410256410256411
7219,0.706,1.0,7276.0,0.703057614380522,0.7277079614301026,75.0,57.0,0.6410256410256411
7220,0.705,1.0,7277.0,0.7027954924202449,0.7274458394698256,76.0,57.0,0.6495726495726496
7221,0.702,1.0,7278.0,0.7025187360701233,0.727169083119704,75.0,57.0,0.6410256410256411
7222,0.705,1.0,7279.0,0.70225712355986,0.7269074706094407,75.0,57.0,0.6410256410256411
7223,0.705,1.0,7280.0,0.7019744017765852,0.7266247488261659,75.0,57.0,0.6410256410256411
7224,0.705,1.0,7283.0,0.7018306769391804,0.7217974580493408,75.0,59.0,0.6410256410256411
7225,0.697,1.0,7289.0,0.7017813640579954,0.713571548635734,75.0,64.0,0.6410256410256411
7226,0.695,1.0,7300.0,0.7017675457909281,0.7058785289579851,76.0,74.0,0.6495726495726496
7227,0.7,0.0,7314.0,0.7016751557632144,0.7027201125265322,75.0,87.0,0.6410256410256411
7228,0.705,0.0,7314.0,0.7014902984572715,0.7026513615276246,75.0,86.0,0.6410256410256411
7229,0.709,0.0,7313.0,0.7012614607231131,0.7026948719210799,75.0,84.0,0.6410256410256411
7230,0.708,0.0,7312.0,0.7009449634357832,0.7027146068900632,75.0,82.0,0.6410256410256411
7231,0.706,0.0,7311.0,0.7005480258779272,0.7027327708832111,74.0,80.0,0.6324786324786325
7232,0.7,0.0,7311.0,0.7000973472419068,0.7025248416922222,72.0,79.0,0.6153846153846154
7233,0.693,0.0,7310.0,0.6996373872539039,0.7026342939826884,69.0,77.0,0.5897435897435898
7234,0.695,0.0,7310.0,0.69926050270237,0.7025903990676861,68.0,76.0,0.5811965811965812
7235,0.69,0.0,7310.0,0.6989309570697515,0.7026308419201028,66.0,75.0,0.5641025641025641
7236,0.691,0.0,7311.0,0.6987148596405203,0.7024147444908716,63.0,75.0,0.5384615384615384
7237,0.688,0.0,7311.0,0.6985716890616103,0.7026826722286672,61.0,74.0,0.5213675213675214
7238,0.689,0.0,7312.0,0.6985618630715731,0.70267284623863,60.0,74.0,0.5128205128205128
7239,0.698,0.0,7314.0,0.698674183018384,0.7023740678687354,59.0,75.0,0.5042735042735043
7240,0.703,0.0,7315.0,0.6987811689183452,0.7024810537686965,60.0,75.0,0.5128205128205128
7241,0.697,0.0,7316.0,0.6988427530294156,0.7025426378797669,61.0,75.0,0.5213675213675214
7242,0.697,0.0,7317.0,0.6989262122884661,0.7026260971388174,61.0,75.0,0.5213675213675214
7243,0.688,0.0,7318.0,0.6990325090721378,0.7027323939224891,62.0,75.0,0.5299145299145299
7244,0.682,0.0,7320.0,0.6992757409485477,0.7026056373138638,63.0,76.0,0.5384615384615384
7245,0.688,0.0,7322.0,0.6997109885949373,0.7027078953237218,64.0,77.0,0.5470085470085471
7246,0.697,0.0,7325.0,0.7002859202043421,0.7027134146546575,64.0,79.0,0.5470085470085471
7247,0.696,0.0,7329.0,0.7009012930262205,0.7026709364805005,65.0,82.0,0.5555555555555556
7248,0.692,0.0,7334.0,0.7015700597209569,0.70273112279131,66.0,86.0,0.5641025641025641
7249,0.691,1.0,7310.0,0.701800663966732,0.717973756665962,67.0,61.0,0.5726495726495726
7250,0.702,1.0,7307.0,0.7023867891678885,0.7270371362174692,68.0,57.0,0.5811965811965812
7251,0.709,1.0,7308.0,0.7032812548170777,0.7279316018666584,69.0,57.0,0.5897435897435898
7252,0.706,1.0,7309.0,0.7041213384031325,0.7287716854527132,70.0,57.0,0.5982905982905983
7253,0.704,1.0,7311.0,0.7050345176891707,0.7272198300337933,71.0,58.0,0.6068376068376068
7254,0.703,1.0,7312.0,0.7058832944950206,0.7280686068396433,72.0,58.0,0.6153846153846154
7255,0.704,1.0,7314.0,0.7068499300357041,0.7268167111458644,73.0,59.0,0.6239316239316239
7256,0.702,1.0,7315.0,0.7077790202970455,0.7277458014072059,74.0,59.0,0.6324786324786325
7257,0.69,1.0,7316.0,0.7087802770809686,0.728747058191129,75.0,59.0,0.6410256410256411
7258,0.694,1.0,7318.0,0.7100674645443003,0.7280375675434446,76.0,60.0,0.6495726495726496
7259,0.701,1.0,7320.0,0.7115331793914574,0.7277062720906874,77.0,61.0,0.6581196581196581
7260,0.705,1.0,7322.0,0.7131162360027319,0.7276720194320389,77.0,62.0,0.6581196581196581
7261,0.714,1.0,7324.0,0.7147899326703558,0.7278901377567321,78.0,63.0,0.6666666666666666
7262,0.717,1.0,7326.0,0.7164722064171516,0.7282623909948902,74.0,64.0,0.6324786324786325
7263,0.722,1.0,7328.0,0.7181484978889587,0.7287596640089234,72.0,65.0,0.6153846153846154
7264,0.732,1.0,7331.0,0.7198149604351056,0.728410004992277,71.0,67.0,0.6068376068376068
7265,0.738,1.0,7334.0,0.7213364127318259,0.7282983988231347,71.0,69.0,0.6068376068376068
7266,0.739,1.0,7336.0,0.7226425902372097,0.7289083777193877,71.0,70.0,0.6068376068376068
7267,0.734,1.0,7339.0,0.7237865772359656,0.7288618650965298,71.0,72.0,0.6068376068376068
7268,0.736,1.0,7342.0,0.7248112404000389,0.7289222235670958,71.0,74.0,0.6068376068376068
7269,0.737,1.0,7346.0,0.7257184232417326,0.7287153299705171,71.0,77.0,0.6068376068376068
7270,0.74,1.0,7349.0,0.726482078726413,0.7289095731767284,72.0,79.0,0.6153846153846154
7271,0.735,1.0,7353.0,0.7270993809709675,0.7288690244252475,70.0,82.0,0.5982905982905983
7272,0.732,1.0,7357.0,0.7276234012191712,0.7289134712973413,69.0,85.0,0.5897435897435898
7273,0.734,0.0,7345.0,0.7279517668081129,0.7330270546686771,69.0,72.0,0.5897435897435898
7274,0.734,0.0,7335.0,0.727957971431036,0.744131064130266,68.0,61.0,0.5811965811965812
7275,0.733,0.0,7332.0,0.7279945423572146,0.7526448894067953,68.0,57.0,0.5811965811965812
7276,0.731,0.0,7330.0,0.7279615800522469,0.7617754991874742,67.0,54.0,0.5726495726495726
7277,0.73,0.0,7329.0,0.7279514376842029,0.7696970168634959,67.0,52.0,0.5726495726495726
7278,0.733,0.0,7329.0,0.7280495179572998,0.7744334948231809,67.0,51.0,0.5726495726495726
7279,0.732,0.0,7329.0,0.7280925928743669,0.7796303449475681,66.0,50.0,0.5641025641025641
7280,0.731,0.0,7329.0,0.7280922521567049,0.7853564211269285,66.0,49.0,0.5641025641025641
7281,0.73,0.0,7329.0,0.7280596031296729,0.7916864575410324,66.0,48.0,0.5641025641025641
7282,0.734,0.0,7329.0,0.728005394137415,0.7987018990389256,67.0,47.0,0.5726495726495726
7283,0.738,0.0,7330.0,0.7281584343481269,0.7988549392496375,66.0,47.0,0.5641025641025641
7284,0.74,0.0,7330.0,0.7279556534880749,0.8065073256008645,66.0,46.0,0.5641025641025641
7285,0.741,0.0,7332.0,0.7281987165528754,0.798895221454386,66.0,47.0,0.5641025641025641
7286,0.736,0.0,7333.0,0.7280531844196917,0.7987496893212023,67.0,47.0,0.5726495726495726
7287,0.73,0.0,7335.0,0.7280943637396824,0.7917212181510419,67.0,48.0,0.5726495726495726
7288,0.729,0.0,7337.0,0.7281137665427212,0.7853779355129448,67.0,49.0,0.5726495726495726
7289,0.727,0.0,7339.0,0.7281226893875838,0.7796604414607851,67.0,50.0,0.5726495726495726
7290,0.726,0.0,7340.0,0.7279639214277798,0.779501673500981,68.0,50.0,0.5811965811965812
7291,0.724,0.0,7342.0,0.7280281348010553,0.7744121116669365,68.0,51.0,0.5811965811965812
7292,0.722,0.0,7343.0,0.7279745415950705,0.7743585184609516,69.0,51.0,0.5897435897435898
7293,0.719,0.0,7344.0,0.7280053731103253,0.7743893499762065,70.0,51.0,0.5982905982905983
7294,0.716,0.0,7344.0,0.727973895995156,0.7795116480683573,70.0,50.0,0.5982905982905983
7295,0.716,0.0,7344.0,0.7280754621688217,0.7853396311390453,70.0,49.0,0.5982905982905983
7296,0.72,0.0,7343.0,0.7280637251685214,0.7987602300700319,71.0,47.0,0.6068376068376068
7297,0.725,0.0,7342.0,0.7280587879312623,0.8153384236121396,72.0,45.0,0.6153846153846154
7298,0.728,0.0,7341.0,0.7279845976673356,0.8357372343103939,73.0,43.0,0.6239316239316239
7299,0.734,0.0,7341.0,0.7282506268455347,0.847975778671155,74.0,42.0,0.6324786324786325
7300,0.737,0.0,7340.0,0.727936065549811,0.8757448949641572,74.0,40.0,0.6324786324786325
7301,0.741,0.0,7340.0,0.7279858315662935,0.8922178642489003,75.0,39.0,0.6410256410256411
7302,0.744,0.0,7341.0,0.7285289075013943,0.8927609401840011,76.0,39.0,0.6495726495726496
7303,0.745,0.0,7341.0,0.7283259617976393,0.9108059981116469,77.0,38.0,0.6581196581196581
7304,0.745,0.0,7341.0,0.727937749002747,0.9306933449071998,78.0,37.0,0.6666666666666666
7305,0.743,0.0,7342.0,0.7281507024652456,0.9309062983696984,79.0,37.0,0.6752136752136753
7306,0.742,0.0,7343.0,0.7282756041458859,0.9310312000503387,80.0,37.0,0.6837606837606838
7307,0.74,0.0,7344.0,0.7283268737947179,0.9310824696991707,80.0,37.0,0.6837606837606838
7308,0.736,0.0,7345.0,0.7283262361620135,0.9310818320664663,80.0,37.0,0.6837606837606838
7309,0.733,0.0,7346.0,0.728319089028653,0.9310746849331059,80.0,37.0,0.6837606837606838
7310,0.727,0.0,7347.0,0.7283344177765156,0.9310900136809684,77.0,37.0,0.6581196581196581
7311,0.73,0.0,7348.0,0.7284407668072331,0.9311963627116859,73.0,37.0,0.6239316239316239
7312,0.734,0.0,7349.0,0.728604703881711,0.9313602997861637,71.0,37.0,0.6068376068376068
7313,0.735,0.0,7349.0,0.7280085461348416,0.9532925415842336,71.0,36.0,0.6068376068376068
7314,0.734,0.0,7350.0,0.7281990846866302,0.9534830801360222,68.0,36.0,0.5811965811965812
7315,0.737,0.0,7351.0,0.7284104208305247,0.9536944162799167,67.0,36.0,0.5726495726495726
7316,0.739,0.0,7352.0,0.7286138222525231,0.9538978177019152,66.0,36.0,0.5641025641025641
7317,0.737,0.0,7353.0,0.7287858882010094,0.9540698836504015,66.0,36.0,0.5641025641025641
7318,0.737,0.0,7353.0,0.7280908793026046,0.978406429801929,65.0,35.0,0.5555555555555556
7319,0.737,0.0,7354.0,0.7282520316169239,0.9785675821162483,66.0,35.0,0.5641025641025641
7320,0.737,0.0,7355.0,0.7284141343273429,0.9787296848266673,65.0,35.0,0.5555555555555556
7321,0.737,0.0,7356.0,0.7285792520651423,0.9788948025644667,66.0,35.0,0.5641025641025641
7322,0.741,0.0,7357.0,0.7287481655116403,0.9790637160109648,65.0,35.0,0.5555555555555556
7323,0.743,0.0,7358.0,0.7288797562337572,0.9791953067330816,66.0,35.0,0.5641025641025641
7324,0.741,0.0,7358.0,0.7279865191233719,1.0061149085670658,66.0,34.0,0.5641025641025641
7325,0.741,0.0,7359.0,0.728017286329939,1.0061456757736327,66.0,34.0,0.5641025641025641
7326,0.74,0.0,7360.0,0.7280106610172858,1.0061390504609795,66.0,34.0,0.5641025641025641
7327,0.74,0.0,7361.0,0.7279762168483102,1.0061046062920038,67.0,34.0,0.5726495726495726
7328,0.739,0.0,7363.0,0.7288754561874092,0.9791910066867336,67.0,35.0,0.5726495726495726
7329,0.736,0.0,7364.0,0.7287976897308486,0.979113240230173,61.0,35.0,0.5213675213675214
7330,0.736,0.0,7365.0,0.7287319873782094,0.9790475378775338,59.0,35.0,0.5042735042735043
7331,0.737,0.0,7366.0,0.728678541318537,0.9789940918178615,59.0,35.0,0.5042735042735043
7332,0.739,0.0,7367.0,0.7286253831055596,0.978940933604884,58.0,35.0,0.49572649572649574
7333,0.74,0.0,7368.0,0.7285520712807227,0.9788676217800472,58.0,35.0,0.49572649572649574
7334,0.74,0.0,7369.0,0.7284427278062862,0.9787582783056106,57.0,35.0,0.48717948717948717
7335,0.739,0.0,7370.0,0.7282917901688791,0.9786073406682035,56.0,35.0,0.47863247863247865
7336,0.74,0.0,7371.0,0.7281184415267197,0.9784339920260441,56.0,35.0,0.47863247863247865
7337,0.737,0.0,7373.0,0.7287563699584931,0.9540403654078852,56.0,36.0,0.47863247863247865
7338,0.737,0.0,7374.0,0.7285361440637689,0.9538201395131609,57.0,36.0,0.48717948717948717
7339,0.738,0.0,7375.0,0.7283040446983856,0.9535880401477776,56.0,36.0,0.47863247863247865
7340,0.737,0.0,7376.0,0.7280449590231081,0.9533289544725001,54.0,36.0,0.46153846153846156
7341,0.738,0.0,7378.0,0.7285290536060361,0.931284649510489,50.0,37.0,0.42735042735042733
7342,0.741,0.0,7379.0,0.7282293244858027,0.9309849203902555,47.0,37.0,0.4017094017094017
7343,0.739,0.0,7381.0,0.728553474842657,0.9110335111566645,45.0,38.0,0.38461538461538464
7344,0.739,0.0,7382.0,0.7281445780907727,0.9106246144047803,42.0,38.0,0.358974358974359
7345,0.738,0.0,7384.0,0.7282989815075771,0.8925310141901839,41.0,39.0,0.3504273504273504
7346,0.738,0.0,7386.0,0.7283377299800349,0.876146559394381,40.0,40.0,0.3418803418803419
7347,0.734,0.0,7388.0,0.7282614182787617,0.8612893647516732,40.0,41.0,0.3418803418803419
7348,0.732,0.0,7390.0,0.7281189640582688,0.8478441158838892,40.0,42.0,0.3418803418803419
7349,0.729,0.0,7393.0,0.7282854547784537,0.8252628277572063,38.0,44.0,0.3247863247863248
7350,0.729,0.0,7395.0,0.7280532213213324,0.8153328570022097,38.0,45.0,0.3247863247863248
7351,0.728,0.0,7398.0,0.728080497512916,0.7987770024144266,38.0,47.0,0.3247863247863248
7352,0.729,0.0,7401.0,0.7280275362334829,0.7852917052037065,38.0,49.0,0.3247863247863248
7353,0.727,0.0,7405.0,0.7280523457832371,0.7697979249625301,36.0,52.0,0.3076923076923077
7354,0.725,0.0,7409.0,0.7279640515591443,0.7583965787808489,36.0,55.0,0.3076923076923077
7355,0.727,0.0,7415.0,0.7279673466759827,0.7459374496751271,36.0,60.0,0.3076923076923077
7356,0.729,0.0,7426.0,0.7279464209180384,0.7342122084002164,36.0,70.0,0.3076923076923077
7357,0.73,1.0,7443.0,0.7277052719398192,0.7288663350101723,35.0,86.0,0.29914529914529914
7358,0.732,1.0,7441.0,0.7272514033277518,0.7288440824366038,34.0,83.0,0.2905982905982906
7359,0.73,1.0,7439.0,0.7267406597776317,0.7289254047829156,34.0,80.0,0.2905982905982906
7360,0.73,1.0,7438.0,0.7261970434734604,0.7288942595293665,34.0,78.0,0.2905982905982906
7361,0.729,1.0,7438.0,0.7256188761975799,0.7286157829263644,34.0,77.0,0.2905982905982906
7362,0.73,1.0,7437.0,0.7249912058298458,0.7286910906801971,35.0,75.0,0.29914529914529914
7363,0.728,1.0,7436.0,0.7243035645577549,0.7288713236322627,35.0,73.0,0.29914529914529914
7364,0.729,1.0,7436.0,0.7235884050431491,0.7286636929037134,35.0,72.0,0.29914529914529914
7365,0.726,1.0,7436.0,0.7228131166956895,0.7284523254296497,35.0,71.0,0.29914529914529914
7366,0.724,1.0,7436.0,0.7220024185337374,0.7282682060159154,35.0,70.0,0.29914529914529914
7367,0.722,1.0,7435.0,0.7211434725373662,0.7288790126388205,35.0,68.0,0.29914529914529914
7368,0.722,1.0,7435.0,0.7202984568055026,0.7288935013626741,35.0,67.0,0.29914529914529914
7369,0.719,1.0,7436.0,0.7194666985996194,0.7280617431567908,35.0,67.0,0.29914529914529914
7370,0.713,1.0,7436.0,0.7186111787284046,0.7281612282363729,35.0,66.0,0.29914529914529914
7371,0.715,1.0,7436.0,0.7178180052875056,0.7284291714074703,35.0,65.0,0.29914529914529914
7372,0.716,1.0,7436.0,0.7170561430164677,0.7288463275942063,36.0,64.0,0.3076923076923077
7373,0.715,1.0,7437.0,0.7163492049755512,0.7281393895532898,36.0,64.0,0.3076923076923077
7374,0.713,1.0,7437.0,0.7156183877240851,0.7287185928104614,36.0,63.0,0.3076923076923077
7375,0.711,1.0,7438.0,0.7149636175625209,0.7280638226488971,36.0,63.0,0.3076923076923077
7376,0.708,1.0,7438.0,0.714310629092425,0.728866412521732,36.0,62.0,0.3076923076923077
7377,0.708,1.0,7439.0,0.7137790870122911,0.7283348704415981,37.0,62.0,0.3162393162393162
7378,0.711,1.0,7440.0,0.7133165067920322,0.7278722902213391,37.0,62.0,0.3162393162393162
7379,0.712,1.0,7441.0,0.7128859858105137,0.7274417692398206,37.0,62.0,0.3162393162393162
7380,0.714,1.0,7441.0,0.7124183552228107,0.7285914479220407,38.0,61.0,0.3247863247863248
7381,0.716,1.0,7442.0,0.7119922251533726,0.7281653178526025,38.0,61.0,0.3247863247863248
7382,0.716,1.0,7443.0,0.711529684847271,0.7277027775465009,38.0,61.0,0.3247863247863248
7383,0.713,1.0,7443.0,0.7109623156145476,0.728932418613692,39.0,60.0,0.3333333333333333
7384,0.715,1.0,7444.0,0.7104421051074361,0.7284122081065805,39.0,60.0,0.3333333333333333
7385,0.712,1.0,7445.0,0.7098790825054688,0.7278491855046132,40.0,60.0,0.3418803418803419
7386,0.706,1.0,7446.0,0.7092994646619362,0.7272695676610805,40.0,60.0,0.3418803418803419
7387,0.703,1.0,7446.0,0.7086930068676396,0.7286597879778,41.0,59.0,0.3504273504273504
7388,0.705,1.0,7447.0,0.7082271497099271,0.7281939308200874,41.0,59.0,0.3504273504273504
7389,0.705,1.0,7448.0,0.7078027825052539,0.7277695636154142,42.0,59.0,0.358974358974359
7390,0.699,1.0,7449.0,0.7074160307690287,0.7273828118791891,42.0,59.0,0.358974358974359
7391,0.696,1.0,7450.0,0.7071299995446569,0.7270967806548173,43.0,59.0,0.36752136752136755
7392,0.698,1.0,7451.0,0.7069744026698057,0.7269411837799661,44.0,59.0,0.37606837606837606
7393,0.702,1.0,7452.0,0.706924805661808,0.7268915867719684,44.0,59.0,0.37606837606837606
7394,0.703,1.0,7453.0,0.7069366333516398,0.7269034144618002,45.0,59.0,0.38461538461538464
7395,0.705,1.0,7454.0,0.7069982229728745,0.7269650040830349,45.0,59.0,0.38461538461538464
7396,0.707,1.0,7455.0,0.7070888668301563,0.7270556479403166,46.0,59.0,0.39316239316239315
7397,0.712,1.0,7456.0,0.7071872237492463,0.7271540048594066,47.0,59.0,0.4017094017094017
7398,0.713,1.0,7457.0,0.7072404809158954,0.7272072620260558,47.0,59.0,0.4017094017094017
7399,0.709,1.0,7458.0,0.7072370996085692,0.7272038807187295,48.0,59.0,0.41025641025641024
7400,0.707,1.0,7459.0,0.7072217178959372,0.7271884990060976,49.0,59.0,0.4188034188034188
7401,0.711,1.0,7460.0,0.7072156935093816,0.727182474619542,49.0,59.0,0.4188034188034188
7402,0.711,1.0,7461.0,0.7071740631870465,0.7271408442972068,50.0,59.0,0.42735042735042733
7403,0.707,1.0,7462.0,0.7070963958962908,0.7270631770064512,51.0,59.0,0.4358974358974359
7404,0.704,1.0,7463.0,0.7070273660302072,0.7269941471403676,52.0,59.0,0.4444444444444444
7405,0.701,1.0,7464.0,0.707000222997707,0.7269670041078674,52.0,59.0,0.4444444444444444
7406,0.705,1.0,7465.0,0.70704758869842,0.7270143698085804,53.0,59.0,0.452991452991453
7407,0.704,1.0,7466.0,0.707124662231563,0.7270914433417234,54.0,59.0,0.46153846153846156
7408,0.706,1.0,7467.0,0.7072447457025222,0.7272115268126825,55.0,59.0,0.4700854700854701
7409,0.713,1.0,7468.0,0.7073855850016829,0.7273523661118433,55.0,59.0,0.4700854700854701
7410,0.718,1.0,7469.0,0.7074698743138239,0.7274366554239843,56.0,59.0,0.47863247863247865
7411,0.717,1.0,7470.0,0.7074450543624067,0.727411835472567,57.0,59.0,0.48717948717948717
7412,0.72,1.0,7471.0,0.7073219289548074,0.7272887100649678,58.0,59.0,0.49572649572649574
7413,0.72,1.0,7472.0,0.7070659648389233,0.7270327459490836,59.0,59.0,0.5042735042735043
7414,0.719,1.0,7472.0,0.7065999889991317,0.7287853013437543,60.0,58.0,0.5128205128205128
7415,0.717,1.0,7473.0,0.7060775035613924,0.728262815906015,60.0,58.0,0.5128205128205128
7416,0.717,1.0,7474.0,0.7054419006471215,0.7276272129917442,61.0,58.0,0.5213675213675214
7417,0.7,1.0,7475.0,0.7046849620301772,0.7268702743747998,62.0,58.0,0.5299145299145299
7418,0.67,1.0,7475.0,0.7039077777816187,0.7285581248311994,63.0,57.0,0.5384615384615384
7419,0.655,1.0,7476.0,0.7035950499595516,0.7282453970091323,64.0,57.0,0.5470085470085471
7420,0.672,1.0,7477.0,0.7038310374710379,0.7284813845206186,65.0,57.0,0.5555555555555556
7421,0.701,1.0,7479.0,0.7045095352430933,0.726694847587716,66.0,58.0,0.5641025641025641
7422,0.703,1.0,7480.0,0.7051552058215879,0.7273405181662105,67.0,58.0,0.5726495726495726
7423,0.702,1.0,7481.0,0.7058325062553923,0.7280178186000149,68.0,58.0,0.5811965811965812
7424,0.705,1.0,7482.0,0.7065596995686283,0.7287450119132509,69.0,58.0,0.5897435897435898
7425,0.71,1.0,7484.0,0.7073865420623496,0.72735332317251,70.0,59.0,0.5982905982905983
7426,0.721,1.0,7485.0,0.7081181510007457,0.7280849321109061,70.0,59.0,0.5982905982905983
7427,0.718,1.0,7486.0,0.7087127128974167,0.728679494007577,71.0,59.0,0.6068376068376068
7428,0.714,1.0,7488.0,0.7092755953180412,0.7272456983171856,72.0,60.0,0.6153846153846154
7429,0.715,1.0,7489.0,0.7097281395375508,0.7276982425366951,73.0,60.0,0.6239316239316239
7430,0.727,1.0,7490.0,0.710128642972423,0.7280987459715673,74.0,60.0,0.6324786324786325
7431,0.736,1.0,7491.0,0.7103478629254284,0.7283179659245728,75.0,60.0,0.6410256410256411
7432,0.739,1.0,7492.0,0.7102880270989463,0.7282581300980907,76.0,60.0,0.6495726495726496
7433,0.733,1.0,7493.0,0.7099156669622677,0.7278857699614121,77.0,60.0,0.6581196581196581
7434,0.734,1.0,7494.0,0.7092933307631054,0.7272634337622498,78.0,60.0,0.6666666666666666
7435,0.732,1.0,7494.0,0.7083393594631767,0.7283061405733371,77.0,59.0,0.6581196581196581
7436,0.711,1.0,7495.0,0.7071923758911682,0.7271591570013286,70.0,59.0,0.5982905982905983
7437,0.696,1.0,7495.0,0.7059401900241205,0.7281255023687431,68.0,58.0,0.5811965811965812
7438,0.681,1.0,7496.0,0.7048752819524897,0.7270605942971123,65.0,58.0,0.5555555555555556
7439,0.67,1.0,7496.0,0.7040065066758079,0.7286568537253886,64.0,57.0,0.5470085470085471
7440,0.665,1.0,7497.0,0.7036019874266438,0.7282523344762245,64.0,57.0,0.5470085470085471
7441,0.681,1.0,7498.0,0.703635927914902,0.7282862749644827,62.0,57.0,0.5299145299145299
7442,0.694,1.0,7499.0,0.7039297209097222,0.7285800679593029,62.0,57.0,0.5299145299145299
7443,0.72,1.0,7501.0,0.7044209377051587,0.7266062500497813,60.0,58.0,0.5128205128205128
7444,0.738,1.0,7502.0,0.7046701275459197,0.7268554398905424,60.0,58.0,0.5128205128205128
7445,0.747,1.0,7503.0,0.704557205712572,0.7267425180571946,60.0,58.0,0.5128205128205128
7446,0.746,1.0,7503.0,0.7039006066873907,0.7285509537369714,59.0,57.0,0.5042735042735043
7447,0.736,1.0,7504.0,0.7028665347388054,0.7275168817883861,59.0,57.0,0.5042735042735043
7448,0.716,1.0,7510.0,0.7018074272028143,0.7163632106321213,59.0,62.0,0.5042735042735043
7449,0.706,0.0,7530.0,0.7006793849213921,0.7026456554261477,59.0,81.0,0.5042735042735043
7450,0.704,0.0,7525.0,0.6990177770881713,0.7027176619385226,59.0,75.0,0.5042735042735043
7451,0.698,0.0,7523.0,0.6973146195116904,0.7023899073722546,59.0,72.0,0.5042735042735043
7452,0.688,0.0,7521.0,0.6955887801869372,0.702550766278246,59.0,69.0,0.5042735042735043
7453,0.683,0.0,7520.0,0.6939580164993444,0.7025530610565158,59.0,67.0,0.5042735042735043
7454,0.672,0.0,7520.0,0.6924748045412034,0.7020248540491716,59.0,66.0,0.5042735042735043
7455,0.67,0.0,7520.0,0.691219090411298,0.7018302565312627,59.0,65.0,0.5042735042735043
7456,0.667,0.0,7520.0,0.6901991439526294,0.701989328530368,59.0,64.0,0.5042735042735043
7457,0.68,0.0,7520.0,0.6894369657601007,0.7025371708464769,59.0,63.0,0.5042735042735043
7458,0.682,0.0,7521.0,0.688828182449952,0.7019283875363282,59.0,63.0,0.5042735042735043
7459,0.686,0.0,7522.0,0.6882997770621792,0.7013999821485554,59.0,63.0,0.5042735042735043
7460,0.683,0.0,7522.0,0.6877535492843495,0.7023093327136565,59.0,62.0,0.5042735042735043
7461,0.676,0.0,7523.0,0.6873136886819331,0.7018694721112401,59.0,62.0,0.5042735042735043
7462,0.67,0.0,7524.0,0.6870047375088791,0.7015605209381861,59.0,62.0,0.5042735042735043
7463,0.675,0.0,7525.0,0.6868903739754847,0.7014461574047917,59.0,62.0,0.5042735042735043
7464,0.686,0.0,7526.0,0.6869140322921816,0.7014698157214886,59.0,62.0,0.5042735042735043
7465,0.692,0.0,7527.0,0.6869534236865706,0.7015092071158776,59.0,62.0,0.5042735042735043
7466,0.689,0.0,7528.0,0.6869417982303176,0.7014975816596246,59.0,62.0,0.5042735042735043
7467,0.699,0.0,7529.0,0.6869129346554185,0.7014687180847254,59.0,62.0,0.5042735042735043
7468,0.695,0.0,7530.0,0.6867552709084167,0.7013110543377237,59.0,62.0,0.5042735042735043
7469,0.681,0.0,7530.0,0.6864571146108904,0.7026302073101204,59.0,61.0,0.5042735042735043
7470,0.688,0.0,7531.0,0.6862799440923826,0.7024530367916125,59.0,61.0,0.5042735042735043
7471,0.694,0.0,7532.0,0.6860896969587909,0.7022627896580208,59.0,61.0,0.5042735042735043
7472,0.701,0.0,7533.0,0.6858172522002468,0.7019903448994768,58.0,61.0,0.49572649572649574
7473,0.696,0.0,7534.0,0.685381941069453,0.701555033768683,58.0,61.0,0.49572649572649574
7474,0.697,0.0,7534.0,0.6847747951074095,0.7027448981065538,58.0,60.0,0.49572649572649574
7475,0.688,0.0,7535.0,0.6840983974960343,0.7020685004951787,57.0,60.0,0.48717948717948717
7476,0.676,0.0,7536.0,0.683385496300764,0.7013555992999083,57.0,60.0,0.48717948717948717
7477,0.676,0.0,7536.0,0.6826945603678933,0.7026613414780537,57.0,59.0,0.48717948717948717
7478,0.682,0.0,7537.0,0.6821526211474696,0.7021194022576299,58.0,59.0,0.49572649572649574
7479,0.679,0.0,7538.0,0.681620154253374,0.7015869353635343,58.0,59.0,0.49572649572649574
7480,0.678,0.0,7539.0,0.6811247133349349,0.7010914944450952,58.0,59.0,0.49572649572649574
7481,0.676,0.0,7540.0,0.6806716313745331,0.7006384124846935,58.0,59.0,0.49572649572649574
7482,0.671,0.0,7540.0,0.6802025483559648,0.7023878607005875,58.0,58.0,0.49572649572649574
7483,0.687,0.0,7541.0,0.6799200200615949,0.7021053324062175,59.0,58.0,0.5042735042735043
7484,0.691,0.0,7542.0,0.6795676060365612,0.7017529183811838,59.0,58.0,0.5042735042735043
7485,0.679,0.0,7543.0,0.6790966308600653,0.701281943204688,59.0,58.0,0.5042735042735043
7486,0.669,0.0,7544.0,0.6786346109839145,0.7008199233285372,59.0,58.0,0.5042735042735043
7487,0.676,0.0,7545.0,0.6782873488178386,0.7004726611624612,60.0,58.0,0.5128205128205128
7488,0.674,0.0,7545.0,0.677890468576982,0.7025408156265627,60.0,57.0,0.5128205128205128
7489,0.671,0.0,7546.0,0.6776297086515345,0.7022800557011152,60.0,57.0,0.5128205128205128
7490,0.673,0.0,7547.0,0.677452809614907,0.7021031566644876,60.0,57.0,0.5128205128205128
7491,0.671,0.0,7548.0,0.6773363232104371,0.7019866702600178,60.0,57.0,0.5128205128205128
7492,0.667,0.0,7549.0,0.6773006843600233,0.701951031409604,60.0,57.0,0.5128205128205128
7493,0.669,0.0,7550.0,0.6773889944286019,0.7020393414781826,60.0,57.0,0.5128205128205128
7494,0.671,0.0,7551.0,0.677579869704399,0.7022302167539797,59.0,57.0,0.5042735042735043
7495,0.665,0.0,7552.0,0.677853312592525,0.7025036596421057,58.0,57.0,0.49572649572649574
7496,0.658,0.0,7554.0,0.6783653042286332,0.7005506165732558,57.0,58.0,0.48717948717948717
7497,0.666,0.0,7555.0,0.6790266173419616,0.7012119296865842,57.0,58.0,0.48717948717948717
7498,0.673,0.0,7556.0,0.6798414630375551,0.7020267753821777,57.0,58.0,0.48717948717948717
7499,0.67,0.0,7558.0,0.6808200737376846,0.700786854847845,57.0,59.0,0.48717948717948717
7500,0.665,0.0,7559.0,0.6818484877950179,0.7018152689051783,58.0,59.0,0.49572649572649574
7501,0.677,0.0,7561.0,0.6831432282696531,0.7011133312687975,58.0,60.0,0.49572649572649574
7502,0.684,0.0,7562.0,0.6844419316992323,0.7024120346983767,58.0,60.0,0.49572649572649574
7503,0.686,0.0,7564.0,0.6858152316488657,0.7019883243480957,57.0,61.0,0.48717948717948717
7504,0.696,0.0,7566.0,0.6871861381306582,0.7017419215599652,57.0,62.0,0.48717948717948717
7505,0.704,0.0,7568.0,0.6884592583717362,0.7015594634581124,58.0,63.0,0.49572649572649574
7506,0.7,0.0,7569.0,0.689513866777721,0.7026140718640972,59.0,63.0,0.5042735042735043
7507,0.693,0.0,7571.0,0.6905032602375276,0.7022934448152662,60.0,64.0,0.5128205128205128
7508,0.695,0.0,7573.0,0.6914643412512695,0.7020755073712343,61.0,65.0,0.5213675213675214
7509,0.7,0.0,7575.0,0.692383350340491,0.7019333998484593,62.0,66.0,0.5299145299145299
7510,0.694,0.0,7576.0,0.6931844807377381,0.7027345302457063,62.0,66.0,0.5299145299145299
7511,0.692,0.0,7578.0,0.6940108244348988,0.7026058689920702,63.0,67.0,0.5384615384615384
7512,0.691,0.0,7580.0,0.6948593161063512,0.7025948562078055,64.0,68.0,0.5470085470085471
7513,0.696,0.0,7582.0,0.6957510839875526,0.7027130700788614,65.0,69.0,0.5555555555555556
7514,0.699,0.0,7585.0,0.6966605866193796,0.7022997953533398,66.0,71.0,0.5641025641025641
7515,0.699,0.0,7587.0,0.6975216959087287,0.7025969837692929,67.0,72.0,0.5726495726495726
7516,0.701,0.0,7590.0,0.6983814729689208,0.7024924561359778,68.0,74.0,0.5811965811965812
7517,0.703,0.0,7593.0,0.6992080004025867,0.7025378967679028,69.0,76.0,0.5897435897435898
7518,0.704,0.0,7596.0,0.6999888683418729,0.702686084397779,70.0,78.0,0.5982905982905983
7519,0.705,0.0,7600.0,0.7007306780813664,0.7026969485861219,71.0,81.0,0.6068376068376068
7520,0.707,0.0,7605.0,0.7014239898548602,0.7027140599330303,67.0,85.0,0.5726495726495726
7521,0.704,1.0,7588.0,0.7017855490845133,0.7103805936416847,66.0,67.0,0.5641025641025641
7522,0.699,1.0,7579.0,0.7018459964641092,0.7264963435136899,65.0,57.0,0.5555555555555556
7523,0.699,1.0,7580.0,0.7024719069959893,0.72712225404557,64.0,57.0,0.5470085470085471
7524,0.697,1.0,7581.0,0.703145696534814,0.7277960435843946,64.0,57.0,0.5470085470085471
7525,0.701,1.0,7582.0,0.7038967235588311,0.7285470706084118,63.0,57.0,0.5384615384615384
7526,0.708,1.0,7584.0,0.704768690623414,0.7269540029680366,63.0,58.0,0.5384615384615384
7527,0.71,1.0,7585.0,0.7055338663392979,0.7277191786839206,63.0,58.0,0.5384615384615384
7528,0.705,1.0,7586.0,0.706257685295809,0.7284429976404316,63.0,58.0,0.5384615384615384
7529,0.708,1.0,7588.0,0.7070757776875922,0.7270425587977526,63.0,59.0,0.5384615384615384
7530,0.709,1.0,7589.0,0.7078183621125016,0.727785143222662,61.0,59.0,0.5213675213675214
7531,0.709,1.0,7590.0,0.7085559720813084,0.7285227531914688,61.0,59.0,0.5213675213675214
7532,0.709,1.0,7592.0,0.7093623153200388,0.7273324183191832,61.0,60.0,0.5213675213675214
7533,0.705,1.0,7593.0,0.7101132316174668,0.7280833346166111,61.0,60.0,0.5213675213675214
7534,0.703,1.0,7594.0,0.710927260593532,0.7288973635926763,60.0,60.0,0.5128205128205128
7535,0.704,1.0,7596.0,0.7118973066901444,0.7280703993893743,60.0,61.0,0.5128205128205128
7536,0.706,1.0,7598.0,0.7129583097209471,0.7275140931502541,59.0,62.0,0.5042735042735043
7537,0.71,1.0,7599.0,0.714046616696717,0.728602400126024,59.0,62.0,0.5042735042735043
7538,0.713,1.0,7601.0,0.7152361863183454,0.7283363914047216,59.0,63.0,0.5042735042735043
7539,0.717,1.0,7603.0,0.7164506782979143,0.7282408628756529,59.0,64.0,0.5042735042735043
7540,0.718,1.0,7605.0,0.7176585454527504,0.7282697115727151,58.0,65.0,0.49572649572649574
7541,0.722,1.0,7607.0,0.7188624008600257,0.728412450367994,58.0,66.0,0.49572649572649574
7542,0.725,1.0,7609.0,0.7200314342653696,0.7286264788225411,58.0,67.0,0.49572649572649574
7543,0.725,1.0,7611.0,0.7211458223245231,0.7288813624259773,58.0,68.0,0.49572649572649574
7544,0.72,1.0,7614.0,0.7222419481556394,0.7285077356378173,58.0,70.0,0.49572649572649574
7545,0.714,1.0,7617.0,0.7233553442184293,0.7284306320789935,57.0,72.0,0.48717948717948717
7546,0.716,1.0,7620.0,0.7245666874230986,0.7286776705901555,57.0,74.0,0.48717948717948717
7547,0.723,1.0,7624.0,0.7258801038540355,0.72887701058282,57.0,77.0,0.48717948717948717
7548,0.735,1.0,7631.0,0.7272366920311453,0.7288293711399972,57.0,83.0,0.48717948717948717
7549,0.742,0.0,7610.0,0.7279505625868972,0.7441236552861271,57.0,61.0,0.48717948717948717
7550,0.741,0.0,7601.0,0.7279748166485871,0.7743587935144682,57.0,51.0,0.48717948717948717
7551,0.739,0.0,7598.0,0.7280742039129878,0.7987707088144984,57.0,47.0,0.48717948717948717
7552,0.738,0.0,7596.0,0.7280149818788262,0.8249923548575787,57.0,44.0,0.48717948717948717
7553,0.737,0.0,7595.0,0.7280108144873569,0.8477359663129773,58.0,42.0,0.49572649572649574
7554,0.739,0.0,7595.0,0.7282737500524987,0.8613016965254102,58.0,41.0,0.49572649572649574
7555,0.743,0.0,7595.0,0.7284175050626684,0.8762263344770146,58.0,40.0,0.49572649572649574
7556,0.744,0.0,7595.0,0.7283992323513123,0.8926312650339191,58.0,39.0,0.49572649572649574
7557,0.747,0.0,7595.0,0.7282076177771929,0.9106876540912004,59.0,38.0,0.5042735042735043
7558,0.749,0.0,7596.0,0.7284977418304155,0.910977778144423,59.0,38.0,0.5042735042735043
7559,0.751,0.0,7596.0,0.7279385744282512,0.930694170332704,59.0,37.0,0.5042735042735043
7560,0.752,0.0,7598.0,0.7286041385220532,0.9110841748360607,60.0,38.0,0.5128205128205128
7561,0.752,0.0,7599.0,0.7283827856115086,0.9108628219255162,60.0,38.0,0.5128205128205128
7562,0.749,0.0,7600.0,0.727968649747931,0.9104486860619385,60.0,38.0,0.5128205128205128
7563,0.744,0.0,7602.0,0.7280294310085306,0.8922614636911373,61.0,39.0,0.5213675213675214
7564,0.741,0.0,7605.0,0.7284199705260204,0.8614479169989319,61.0,41.0,0.5213675213675214
7565,0.74,0.0,7607.0,0.7280962145771344,0.8478213664027547,62.0,42.0,0.5299145299145299
7566,0.741,0.0,7610.0,0.7280163581701606,0.8249937311489132,62.0,44.0,0.5299145299145299
7567,0.741,0.0,7614.0,0.7279632872562412,0.7986597921577517,63.0,47.0,0.5384615384615384
7568,0.742,0.0,7621.0,0.728026160282137,0.7655971815435006,63.0,53.0,0.5384615384615384
7569,0.744,0.0,7642.0,0.7279438150937585,0.7325115741682663,63.0,73.0,0.5384615384615384
7570,0.744,1.0,7650.0,0.7266192096957076,0.7288039547009915,64.0,80.0,0.5470085470085471
7571,0.744,1.0,7646.0,0.7249666447362844,0.7286665295866357,64.0,75.0,0.5470085470085471
7572,0.742,1.0,7643.0,0.723089255626337,0.7287284643602971,65.0,71.0,0.5555555555555556
7573,0.736,1.0,7641.0,0.7209986051822592,0.7287341452837135,65.0,68.0,0.5555555555555556
7574,0.72,1.0,7640.0,0.7187539030096117,0.72830395251758,66.0,66.0,0.5641025641025641
7575,0.705,1.0,7639.0,0.7164843277442309,0.7282745123219695,66.0,64.0,0.5641025641025641
7576,0.693,1.0,7638.0,0.7143287102573501,0.7288844936866571,66.0,62.0,0.5641025641025641
7577,0.69,1.0,7638.0,0.7124555637310244,0.7286286564302543,67.0,61.0,0.5726495726495726
7578,0.684,1.0,7638.0,0.7108319234683762,0.7288020264675206,67.0,60.0,0.5726495726495726
7579,0.683,1.0,7639.0,0.7095757424544915,0.7275458454536359,67.0,60.0,0.5726495726495726
7580,0.687,1.0,7639.0,0.7085524533786758,0.7285192344888362,66.0,59.0,0.5641025641025641
7581,0.69,1.0,7640.0,0.7078457708351458,0.7278125519453061,66.0,59.0,0.5641025641025641
7582,0.69,1.0,7641.0,0.7073452982936799,0.7273120794038402,65.0,59.0,0.5555555555555556
7583,0.685,1.0,7642.0,0.7070448654359959,0.7270116465461562,66.0,59.0,0.5641025641025641
7584,0.689,1.0,7643.0,0.7069972781693874,0.7269640592795478,66.0,59.0,0.5641025641025641
7585,0.698,1.0,7644.0,0.707157479231346,0.7271242603415063,65.0,59.0,0.5555555555555556
7586,0.699,1.0,7645.0,0.7074271540541821,0.7273939351643425,65.0,59.0,0.5555555555555556
7587,0.694,1.0,7646.0,0.7077981879137042,0.7277649690238646,65.0,59.0,0.5555555555555556
7588,0.692,1.0,7647.0,0.7083302589639077,0.728297040074068,64.0,59.0,0.5470085470085471
7589,0.696,1.0,7649.0,0.7091208070756889,0.7270909100748333,64.0,60.0,0.5470085470085471
7590,0.704,1.0,7650.0,0.7099949559184293,0.7279650589175737,63.0,60.0,0.5384615384615384
7591,0.701,1.0,7651.0,0.7109424021523914,0.7289125051515357,64.0,60.0,0.5470085470085471
7592,0.704,1.0,7653.0,0.7120690315204791,0.728242124219709,64.0,61.0,0.5470085470085471
7593,0.706,1.0,7655.0,0.713285146551269,0.7278409299805759,63.0,62.0,0.5384615384615384
7594,0.702,1.0,7657.0,0.7145824298220718,0.727682634908448,63.0,63.0,0.5384615384615384
7595,0.703,1.0,7659.0,0.7160189249120238,0.7278091094897624,59.0,64.0,0.5042735042735043
7596,0.719,1.0,7661.0,0.7176001988304268,0.7282113649503915,55.0,65.0,0.4700854700854701
7597,0.729,1.0,7663.0,0.7191652324691153,0.7287152819770836,56.0,66.0,0.47863247863247865
7598,0.732,1.0,7666.0,0.7206499220340497,0.7283854621355039,54.0,68.0,0.46153846153846156
7599,0.735,1.0,7669.0,0.7220000814539969,0.7282658689361748,53.0,70.0,0.452991452991453
7600,0.734,1.0,7671.0,0.7231795202340929,0.7288187289680531,52.0,71.0,0.4444444444444444
7601,0.736,1.0,7674.0,0.7242562533731725,0.7288240124476802,51.0,73.0,0.4358974358974359
7602,0.736,1.0,7677.0,0.7251971745383876,0.7288970593887389,51.0,75.0,0.4358974358974359
7603,0.735,1.0,7681.0,0.7260239535807407,0.7287211696366468,51.0,78.0,0.4358974358974359
7604,0.733,1.0,7684.0,0.7267353422216936,0.7289200872269774,52.0,80.0,0.4444444444444444
7605,0.729,1.0,7689.0,0.7273862724918376,0.7288196836898044,50.0,84.0,0.42735042735042733
7606,0.73,0.0,7683.0,0.7279402071081926,0.7309371138369771,51.0,77.0,0.4358974358974359
7607,0.728,0.0,7666.0,0.7279451386707618,0.7479119197809222,50.0,59.0,0.42735042735042733
7608,0.729,0.0,7661.0,0.7279380829097848,0.7655091041711485,51.0,53.0,0.4358974358974359
7609,0.73,0.0,7659.0,0.7280535840215039,0.7795913360947051,51.0,50.0,0.4358974358974359
7610,0.736,0.0,7657.0,0.727989039657982,0.7986855445594926,50.0,47.0,0.42735042735042733
7611,0.736,0.0,7656.0,0.7279494186978626,0.8152290543787398,50.0,45.0,0.42735042735042733
7612,0.738,0.0,7656.0,0.7280919702479552,0.8250693432267078,51.0,44.0,0.4358974358974359
7613,0.739,0.0,7656.0,0.7281244325785805,0.8358770692216388,52.0,43.0,0.4444444444444444
7614,0.739,0.0,7656.0,0.7280360552711902,0.8477612070968106,51.0,42.0,0.4358974358974359
7615,0.738,0.0,7657.0,0.7282858529916636,0.848011004817284,52.0,42.0,0.4444444444444444
7616,0.735,0.0,7657.0,0.7280137187730122,0.8610416652459237,53.0,41.0,0.452991452991453
7617,0.732,0.0,7658.0,0.7281722659923383,0.8612002124652498,53.0,41.0,0.452991452991453
7618,0.734,0.0,7659.0,0.7283391135122956,0.8613670599852071,54.0,41.0,0.46153846153846156
7619,0.734,0.0,7659.0,0.7279855861870514,0.8757944156013976,55.0,40.0,0.4700854700854701
7620,0.734,0.0,7660.0,0.7281315732406826,0.8759404026550287,55.0,40.0,0.4700854700854701
7621,0.736,0.0,7661.0,0.7282674337900303,0.8760762632043765,55.0,40.0,0.4700854700854701
7622,0.734,0.0,7662.0,0.7283707437038758,0.8761795731182219,56.0,40.0,0.47863247863247865
7623,0.735,0.0,7663.0,0.7284653398570973,0.8762741692714434,57.0,40.0,0.48717948717948717
7624,0.736,0.0,7663.0,0.7279839229200606,0.8922159556026674,57.0,39.0,0.48717948717948717
7625,0.737,0.0,7664.0,0.7280331982885107,0.8922652309711174,58.0,39.0,0.49572649572649574
7626,0.735,0.0,7665.0,0.7280448185096926,0.8922768511922994,59.0,39.0,0.5042735042735043
7627,0.735,0.0,7666.0,0.7280428636776362,0.8922748963602429,60.0,39.0,0.5128205128205128
7628,0.734,0.0,7667.0,0.7280274849478093,0.8922595176304161,61.0,39.0,0.5213675213675214
7629,0.731,0.0,7668.0,0.7280089310532516,0.8922409637358584,62.0,39.0,0.5299145299145299
7630,0.732,0.0,7669.0,0.7280178224734661,0.8922498551560729,63.0,39.0,0.5384615384615384
7631,0.732,0.0,7670.0,0.7280447027733146,0.8922767354559213,63.0,39.0,0.5384615384615384
7632,0.735,0.0,7671.0,0.7280959212766311,0.8923279539592379,64.0,39.0,0.5470085470085471
7633,0.737,0.0,7672.0,0.7281315393978729,0.8923635720804797,65.0,39.0,0.5555555555555556
7634,0.739,0.0,7673.0,0.7281304221750158,0.8923624548576226,66.0,39.0,0.5641025641025641
7635,0.737,0.0,7674.0,0.7280728416716964,0.8923048743543032,67.0,39.0,0.5726495726495726
7636,0.735,0.0,7675.0,0.7279779600652323,0.8922099927478391,68.0,39.0,0.5811965811965812
7637,0.734,0.0,7677.0,0.7284285324516369,0.876237361865983,69.0,40.0,0.5897435897435898
7638,0.733,0.0,7678.0,0.7283093596228402,0.8761181890371863,67.0,40.0,0.5726495726495726
7639,0.733,0.0,7679.0,0.7281941581286875,0.8760029875430336,65.0,40.0,0.5555555555555556
7640,0.734,0.0,7680.0,0.728082425893784,0.8758912553081302,64.0,40.0,0.5470085470085471
7641,0.736,0.0,7681.0,0.7279618881318632,0.8757707175462094,63.0,40.0,0.5384615384615384
7642,0.732,0.0,7683.0,0.7283151896559208,0.8613431361288323,62.0,41.0,0.5299145299145299
7643,0.734,0.0,7684.0,0.7281720331482151,0.8611999796211266,61.0,41.0,0.5213675213675214
7644,0.735,0.0,7685.0,0.728015512249431,0.8610434587223424,61.0,41.0,0.5213675213675214
7645,0.735,0.0,7687.0,0.72828969271614,0.8480148445417603,61.0,42.0,0.5213675213675214
7646,0.735,0.0,7688.0,0.7280787829687423,0.8478039347943627,60.0,42.0,0.5128205128205128
7647,0.735,0.0,7690.0,0.7282526688032681,0.8360053054463265,60.0,43.0,0.5128205128205128
7648,0.733,0.0,7691.0,0.727976718539474,0.8357293551825323,61.0,43.0,0.5213675213675214
7649,0.735,0.0,7693.0,0.7280550945994414,0.8250324675781939,61.0,44.0,0.5213675213675214
7650,0.737,0.0,7695.0,0.7280538550891613,0.8153334907700386,60.0,45.0,0.5128205128205128
7651,0.734,0.0,7697.0,0.7279519277425511,0.8065035998553407,60.0,46.0,0.5128205128205128
7652,0.731,0.0,7700.0,0.7280275666033832,0.7916544210147427,61.0,48.0,0.5213675213675214
7653,0.729,0.0,7703.0,0.72800033176798,0.7795380838411812,61.0,50.0,0.5213675213675214
7654,0.729,0.0,7707.0,0.7280487541572851,0.7656197754186488,62.0,53.0,0.5299145299145299
7655,0.729,0.0,7711.0,0.7279452272586205,0.7553345017581546,62.0,56.0,0.5299145299145299
7656,0.731,0.0,7719.0,0.7279400714409943,0.7410402765273705,59.0,63.0,0.5042735042735043
7657,0.73,1.0,7744.0,0.7278420493891432,0.728887006152461,56.0,87.0,0.47863247863247865
7658,0.726,1.0,7741.0,0.7273268689588904,0.7289195480677424,56.0,83.0,0.47863247863247865
7659,0.726,1.0,7740.0,0.7268325685474306,0.7287988390521861,53.0,81.0,0.452991452991453
7660,0.728,1.0,7739.0,0.7263455173722188,0.7287730118225342,53.0,79.0,0.452991452991453
7661,0.726,1.0,7738.0,0.7258375874930321,0.7288344942218166,51.0,77.0,0.4358974358974359
7662,0.722,1.0,7738.0,0.725336106511566,0.7286660028768821,51.0,76.0,0.4358974358974359
7663,0.719,1.0,7738.0,0.7248716933802282,0.7285715782305795,49.0,75.0,0.4188034188034188
7664,0.717,1.0,7738.0,0.7244725212864485,0.7285835044535054,49.0,74.0,0.4188034188034188
7665,0.717,1.0,7738.0,0.7241563772069627,0.7287241362814705,49.0,73.0,0.4188034188034188
7666,0.719,1.0,7739.0,0.7239352788106299,0.7285030378851377,47.0,73.0,0.4017094017094017
7667,0.721,1.0,7739.0,0.7237550395027583,0.7288303273633225,47.0,72.0,0.4017094017094017
7668,0.722,1.0,7740.0,0.7236226410116019,0.7286979288721661,47.0,72.0,0.4017094017094017
7669,0.72,1.0,7741.0,0.7235100215037285,0.7285853093642927,46.0,72.0,0.39316239316239315
7670,0.72,1.0,7742.0,0.7234381545446995,0.7285134424052637,46.0,72.0,0.39316239316239315
7671,0.727,1.0,7743.0,0.723406511404366,0.7284817992649302,45.0,72.0,0.38461538461538464
7672,0.725,1.0,7744.0,0.7233372859302016,0.7284125737907658,45.0,72.0,0.38461538461538464
7673,0.724,1.0,7744.0,0.7232332380859428,0.7288724468199029,45.0,71.0,0.38461538461538464
7674,0.726,1.0,7745.0,0.7231412389367171,0.7287804476706773,44.0,71.0,0.37606837606837606
7675,0.725,1.0,7746.0,0.7230198590833681,0.7286590678173283,44.0,71.0,0.37606837606837606
7676,0.724,1.0,7747.0,0.7228785374594693,0.7285177461934295,45.0,71.0,0.38461538461538464
7677,0.722,1.0,7748.0,0.7227265151674014,0.7283657239013616,44.0,71.0,0.37606837606837606
7678,0.721,1.0,7748.0,0.7225640805334537,0.7288298680156317,44.0,70.0,0.37606837606837606
7679,0.721,1.0,7749.0,0.7224416143848642,0.7287074018670422,44.0,70.0,0.37606837606837606
7680,0.722,1.0,7750.0,0.7223375900443054,0.7286033775264834,44.0,70.0,0.37606837606837606
7681,0.723,1.0,7751.0,0.7222402847088356,0.7285060721910136,43.0,70.0,0.36752136752136755
7682,0.723,1.0,7752.0,0.7221374764169035,0.7284032638990815,44.0,70.0,0.37606837606837606
7683,0.724,1.0,7753.0,0.722027620524643,0.728293408006821,43.0,70.0,0.36752136752136755
7684,0.724,1.0,7753.0,0.7218740938311832,0.728836079922492,42.0,69.0,0.358974358974359
7685,0.725,1.0,7754.0,0.7217235847153777,0.7286855708066865,42.0,69.0,0.358974358974359
7686,0.726,1.0,7755.0,0.7215390050827402,0.728500991174049,43.0,69.0,0.36752136752136755
7687,0.725,1.0,7756.0,0.7213073798117172,0.728269365903026,43.0,69.0,0.36752136752136755
7688,0.727,1.0,7756.0,0.7210111462798607,0.728746686381315,43.0,68.0,0.36752136752136755
7689,0.73,1.0,7757.0,0.7206773985609563,0.7284129386624105,43.0,68.0,0.36752136752136755
7690,0.73,1.0,7757.0,0.7202139406127593,0.7288089851699308,43.0,67.0,0.36752136752136755
7691,0.726,1.0,7758.0,0.7196738669957692,0.7282689115529406,43.0,67.0,0.36752136752136755
7692,0.725,1.0,7758.0,0.7190345965201073,0.7285846460280755,44.0,66.0,0.37606837606837606
7693,0.724,1.0,7759.0,0.7183646302838291,0.7279146797917974,44.0,66.0,0.37606837606837606
7694,0.722,1.0,7759.0,0.7176000209782379,0.7282111870982027,45.0,65.0,0.38461538461538464
7695,0.722,1.0,7759.0,0.7167865230168496,0.7285767075945883,45.0,64.0,0.38461538461538464
7696,0.721,1.0,7760.0,0.7159592796987911,0.7277494642765298,46.0,64.0,0.39316239316239315
7697,0.72,1.0,7760.0,0.7150362644285574,0.7281364695149336,46.0,63.0,0.39316239316239315
7698,0.723,1.0,7760.0,0.7140580965408632,0.7286138799701701,47.0,62.0,0.4017094017094017
7699,0.724,1.0,7761.0,0.7130351966628428,0.7275909800921497,48.0,62.0,0.41025641025641024
7700,0.724,1.0,7761.0,0.7118413053933337,0.7280143980925636,48.0,61.0,0.41025641025641024
7701,0.728,1.0,7761.0,0.7105123175170842,0.7284824205162286,49.0,60.0,0.4188034188034188
7702,0.727,1.0,7762.0,0.7090552277003196,0.727025330699464,50.0,60.0,0.42735042735042733
7703,0.726,1.0,7762.0,0.7073391664463039,0.7273059475564643,50.0,59.0,0.42735042735042733
7704,0.731,1.0,7762.0,0.7054157625972471,0.7276010749418698,51.0,58.0,0.4358974358974359
7705,0.734,1.0,7762.0,0.7032080894437155,0.7278584364932962,52.0,57.0,0.4444444444444444
7706,0.729,0.0,7792.0,0.7014933152951606,0.7026543783655137,53.0,86.0,0.452991452991453
7707,0.723,0.0,7781.0,0.6986298029477506,0.7027407861148075,53.0,74.0,0.452991452991453
7708,0.715,0.0,7777.0,0.6955004630082589,0.7024624490995677,54.0,69.0,0.46153846153846156
7709,0.707,0.0,7774.0,0.6921333658799332,0.702744531999898,55.0,65.0,0.4700854700854701
7710,0.683,0.0,7773.0,0.6886409964114861,0.7017412014978623,56.0,63.0,0.47863247863247865
7711,0.656,0.0,7772.0,0.6851976181076146,0.7013707108068445,56.0,61.0,0.47863247863247865
7712,0.649,0.0,7771.0,0.6820616741437923,0.7020284552539526,57.0,59.0,0.48717948717948717
7713,0.651,0.0,7771.0,0.6793499433039699,0.7015352556485925,58.0,58.0,0.49572649572649574
7714,0.656,0.0,7771.0,0.6769532118341917,0.7016035588837723,59.0,57.0,0.5042735042735043
7715,0.653,0.0,7771.0,0.6747892938292378,0.7021785683287719,60.0,56.0,0.5128205128205128
7716,0.651,0.0,7772.0,0.6729637740120304,0.7003530485115645,61.0,56.0,0.5213675213675214
7717,0.651,0.0,7772.0,0.6712956306976106,0.7017281579193151,62.0,55.0,0.5299145299145299
7718,0.65,0.0,7773.0,0.6699603090921974,0.7003928363139019,63.0,55.0,0.5384615384615384
7719,0.64,0.0,7773.0,0.6687501854677899,0.7025641046030172,63.0,54.0,0.5384615384615384
7720,0.635,0.0,7774.0,0.6679794587775123,0.7017933779127397,64.0,54.0,0.5470085470085471
7721,0.634,0.0,7775.0,0.6675859197850215,0.7013998389202488,65.0,54.0,0.5555555555555556
7722,0.644,0.0,7776.0,0.667577606112322,0.7013915252475493,66.0,54.0,0.5641025641025641
7723,0.657,0.0,7777.0,0.6678426201989804,0.7016565393342078,67.0,54.0,0.5726495726495726
7724,0.661,0.0,7778.0,0.6682422562990437,0.702056175434271,68.0,54.0,0.5811965811965812
7725,0.662,0.0,7779.0,0.6687362078235864,0.7025501269588138,69.0,54.0,0.5897435897435898
7726,0.678,0.0,7781.0,0.6694259353546319,0.6998584625763364,70.0,55.0,0.5982905982905983
7727,0.682,0.0,7782.0,0.6699224187801948,0.7003549460018993,71.0,55.0,0.6068376068376068
7728,0.692,0.0,7783.0,0.670294749592854,0.7007272768145585,72.0,55.0,0.6153846153846154
7729,0.69,0.0,7784.0,0.6704364982725941,0.7008690254942986,73.0,55.0,0.6239316239316239
7730,0.699,0.0,7785.0,0.6703725511911001,0.7008050784128046,74.0,55.0,0.6324786324786325
7731,0.694,0.0,7786.0,0.6700014770548625,0.700434004276567,75.0,55.0,0.6410256410256411
7732,0.663,0.0,7787.0,0.6693748685446745,0.6998073957663791,76.0,55.0,0.6495726495726496
7733,0.658,0.0,7787.0,0.6687203463649305,0.7025342655001579,77.0,54.0,0.6581196581196581
7734,0.652,0.0,7788.0,0.6683084489336384,0.7021223680688657,78.0,54.0,0.6666666666666666
7735,0.651,0.0,7789.0,0.668090641373368,0.7019045605085954,79.0,54.0,0.6752136752136753
7736,0.646,0.0,7790.0,0.6680742443576626,0.70188816349289,80.0,54.0,0.6837606837606838
7737,0.642,0.0,7791.0,0.668314008365031,0.7021279275002583,81.0,54.0,0.6923076923076923
7738,0.649,0.0,7792.0,0.668857077478042,0.7026709966132694,77.0,54.0,0.6581196581196581
7739,0.646,0.0,7794.0,0.6697385778014411,0.7001711050231456,75.0,55.0,0.6410256410256411
7740,0.645,0.0,7795.0,0.6707864239790633,0.7012189512007678,74.0,55.0,0.6324786324786325
7741,0.646,0.0,7796.0,0.6721325265273346,0.7025650537490391,73.0,55.0,0.6239316239316239
7742,0.647,0.0,7798.0,0.6738755523780999,0.701264826877634,73.0,56.0,0.6239316239316239
7743,0.658,0.0,7800.0,0.6759170513234348,0.7005673983730155,73.0,57.0,0.6239316239316239
7744,0.68,0.0,7801.0,0.678080395187341,0.7027307422369217,71.0,57.0,0.6068376068376068
7745,0.693,0.0,7803.0,0.680309477729437,0.7024947900740596,71.0,58.0,0.6068376068376068
7746,0.704,0.0,7805.0,0.6823972625565223,0.7023640436666827,71.0,59.0,0.6068376068376068
7747,0.703,0.0,7807.0,0.6842442708404852,0.7022143738396296,71.0,60.0,0.6068376068376068
7748,0.692,0.0,7809.0,0.6858829767132764,0.7020560694125063,70.0,61.0,0.5982905982905983
7749,0.685,0.0,7811.0,0.6874545668760647,0.7020103503053716,70.0,62.0,0.5982905982905983
7750,0.69,0.0,7813.0,0.689055046462197,0.7021552515485732,70.0,63.0,0.5982905982905983
7751,0.711,0.0,7815.0,0.6906451230924032,0.7024353076701418,70.0,64.0,0.5982905982905983
7752,0.729,0.0,7817.0,0.6920086186644956,0.7026197847844603,70.0,65.0,0.5982905982905983
7753,0.733,0.0,7819.0,0.6929606521024738,0.702510701610442,69.0,66.0,0.5897435897435898
7754,0.727,0.0,7821.0,0.6934687337703878,0.7020637783275592,69.0,67.0,0.5897435897435898
7755,0.718,0.0,7822.0,0.6935770311882361,0.7021720757454075,69.0,67.0,0.5897435897435898
7756,0.715,0.0,7823.0,0.6934171831658082,0.7020122277229797,68.0,67.0,0.5811965811965812
7757,0.713,0.0,7823.0,0.6929889045690696,0.7025389540770378,67.0,66.0,0.5726495726495726
7758,0.71,0.0,7824.0,0.6923738669678146,0.7019239164757828,66.0,66.0,0.5641025641025641
7759,0.708,0.0,7824.0,0.6915309555937352,0.7021421217136999,64.0,65.0,0.5470085470085471
7760,0.712,0.0,7824.0,0.6905050548373642,0.7022952394151029,62.0,64.0,0.5299145299145299
7761,0.713,0.0,7824.0,0.6892403213569637,0.7023405264433399,60.0,63.0,0.5128205128205128
7762,0.7,0.0,7824.0,0.6877115914471963,0.7022673748765033,57.0,62.0,0.48717948717948717
7763,0.667,0.0,7824.0,0.6860463236646197,0.7022194163638497,58.0,61.0,0.49572649572649574
7764,0.656,0.0,7824.0,0.6845926817005392,0.7025627846996836,59.0,60.0,0.5042735042735043
7765,0.665,0.0,7825.0,0.6835243605347681,0.7014944635339124,60.0,60.0,0.5128205128205128
7766,0.677,0.0,7825.0,0.6826010036956878,0.7025677848058481,61.0,59.0,0.5213675213675214
7767,0.681,0.0,7826.0,0.681814808204328,0.7017815893144884,62.0,59.0,0.5299145299145299
7768,0.674,0.0,7827.0,0.6810443182282204,0.7010110993383808,63.0,59.0,0.5384615384615384
7769,0.674,0.0,7827.0,0.6802854199145724,0.702470732259195,64.0,58.0,0.5470085470085471
7770,0.677,0.0,7828.0,0.6796785620204522,0.7018638743650748,65.0,58.0,0.5555555555555556
7771,0.666,0.0,7829.0,0.6791093358742016,0.7012946482188243,62.0,58.0,0.5299145299145299
7772,0.668,0.0,7830.0,0.6786943045224546,0.7008796168670772,60.0,58.0,0.5128205128205128
7773,0.67,0.0,7831.0,0.6784070196073715,0.7005923319519941,58.0,58.0,0.49572649572649574
7774,0.674,0.0,7832.0,0.6782222536758002,0.7004075660204229,57.0,58.0,0.48717948717948717
7775,0.667,0.0,7832.0,0.67800905334735,0.7026594003969306,57.0,57.0,0.48717948717948717
7776,0.668,0.0,7833.0,0.6780118471526584,0.7026621942022391,57.0,57.0,0.48717948717948717
7777,0.665,0.0,7835.0,0.6782211508085209,0.7004064631531435,56.0,58.0,0.47863247863247865
7778,0.678,0.0,7836.0,0.6785006299887618,0.7006859423333844,56.0,58.0,0.47863247863247865
7779,0.688,0.0,7837.0,0.6787934599367142,0.7009787722813369,56.0,58.0,0.47863247863247865
7780,0.684,0.0,7838.0,0.6789920634428798,0.7011773757875024,57.0,58.0,0.48717948717948717
7781,0.683,0.0,7839.0,0.6791434069222922,0.7013287192669149,56.0,58.0,0.47863247863247865
7782,0.687,0.0,7840.0,0.6792603998450801,0.7014457121897028,56.0,58.0,0.47863247863247865
7783,0.681,0.0,7841.0,0.6792999093646428,0.7014852217092654,56.0,58.0,0.47863247863247865
7784,0.679,0.0,7842.0,0.6793283522299789,0.7015136645746015,56.0,58.0,0.47863247863247865
7785,0.684,0.0,7843.0,0.6793692591959629,0.7015545715405855,56.0,58.0,0.47863247863247865
7786,0.684,0.0,7844.0,0.6793667585811916,0.7015520709258142,56.0,58.0,0.47863247863247865
7787,0.685,0.0,7845.0,0.6793218384548321,0.7015071507994547,55.0,58.0,0.4700854700854701
7788,0.694,0.0,7846.0,0.6792220245337242,0.7014073368783468,55.0,58.0,0.4700854700854701
7789,0.697,0.0,7847.0,0.6789666514805479,0.7011519638251705,55.0,58.0,0.4700854700854701
7790,0.692,0.0,7848.0,0.6785199221309663,0.700705234475589,55.0,58.0,0.4700854700854701
7791,0.684,0.0,7848.0,0.6778470149285689,0.7024973619781496,55.0,57.0,0.4700854700854701
7792,0.677,0.0,7849.0,0.6772001909761783,0.701850538025759,54.0,57.0,0.46153846153846156
7793,0.67,0.0,7850.0,0.6765650363430475,0.7012153833926282,55.0,57.0,0.4700854700854701
7794,0.668,0.0,7851.0,0.6760122715332528,0.7006626185828335,55.0,57.0,0.4700854700854701
7795,0.663,0.0,7852.0,0.6755583661538025,0.7002087132033832,55.0,57.0,0.4700854700854701
7796,0.67,0.0,7852.0,0.6751586431059353,0.7025479176054694,55.0,56.0,0.4700854700854701
7797,0.668,0.0,7853.0,0.6749213266364331,0.7023106011359672,56.0,56.0,0.47863247863247865
7798,0.667,0.0,7854.0,0.6747712784743116,0.7021605529738457,56.0,56.0,0.47863247863247865
7799,0.667,0.0,7855.0,0.6747183605757019,0.702107635075236,57.0,56.0,0.48717948717948717
7800,0.667,0.0,7856.0,0.6747618696406914,0.7021511441402255,57.0,56.0,0.48717948717948717
7801,0.672,0.0,7857.0,0.6749015827483618,0.7022908572478959,57.0,56.0,0.48717948717948717
7802,0.672,0.0,7858.0,0.6750831507412374,0.7024724252407715,58.0,56.0,0.49572649572649574
7803,0.671,0.0,7859.0,0.6753096577816262,0.7026989322811603,58.0,56.0,0.49572649572649574
7804,0.674,0.0,7861.0,0.6756886769370656,0.7003390239866463,59.0,57.0,0.5042735042735043
7805,0.666,0.0,7862.0,0.6760012857335941,0.7006516327831748,59.0,57.0,0.5042735042735043
7806,0.666,0.0,7863.0,0.6764333232019579,0.7010836702515386,60.0,57.0,0.5128205128205128
7807,0.667,0.0,7864.0,0.676989615706206,0.7016399627557867,60.0,57.0,0.5128205128205128
7808,0.667,0.0,7865.0,0.6776652720846533,0.702315619134234,61.0,57.0,0.5213675213675214
7809,0.667,0.0,7867.0,0.6785501188156722,0.7007354311602948,61.0,58.0,0.5213675213675214
7810,0.668,0.0,7868.0,0.6794901937577829,0.7016755061024055,62.0,58.0,0.5299145299145299
7811,0.677,0.0,7869.0,0.6805657841141062,0.7027510964587288,62.0,58.0,0.5299145299145299
7812,0.681,0.0,7871.0,0.6817603943591529,0.7017271754693133,63.0,59.0,0.5384615384615384
7813,0.686,0.0,7873.0,0.6829634744480771,0.7009335774472215,63.0,60.0,0.5384615384615384
7814,0.686,0.0,7874.0,0.6840739585479054,0.7020440615470498,64.0,60.0,0.5470085470085471
7815,0.682,0.0,7876.0,0.6852288789697744,0.7014019716690043,64.0,61.0,0.5470085470085471
7816,0.682,0.0,7877.0,0.6863675473932247,0.7025406400924546,65.0,61.0,0.5555555555555556
7817,0.679,0.0,7879.0,0.687615503876669,0.702171287305976,65.0,62.0,0.5555555555555556
7818,0.674,0.0,7881.0,0.688960329660824,0.7020605347472002,66.0,63.0,0.5641025641025641
7819,0.679,0.0,7883.0,0.6904683958623086,0.7022585804400472,66.0,64.0,0.5641025641025641
7820,0.679,0.0,7885.0,0.6921025110944975,0.7027136772144622,67.0,65.0,0.5726495726495726
7821,0.694,0.0,7888.0,0.6939149675700693,0.7025100121272407,67.0,67.0,0.5726495726495726
7822,0.702,0.0,7891.0,0.6957207725333855,0.7026827586246943,67.0,69.0,0.5726495726495726
7823,0.703,0.0,7895.0,0.6974698583134902,0.7025451461740544,66.0,72.0,0.5641025641025641
7824,0.708,0.0,7900.0,0.6991542032401226,0.7024840996054387,60.0,76.0,0.5128205128205128
7825,0.715,0.0,7906.0,0.7007284522808787,0.7026947227856342,59.0,81.0,0.5042735042735043
7826,0.713,1.0,7891.0,0.7017953847765479,0.7124065508965126,59.0,65.0,0.5042735042735043
7827,0.705,1.0,7884.0,0.7025749964710757,0.7272253435206564,58.0,57.0,0.49572649572649574
7828,0.704,1.0,7885.0,0.7038007485415837,0.7284510955911644,58.0,57.0,0.49572649572649574
7829,0.701,1.0,7887.0,0.7051149091670728,0.7273002215116954,58.0,58.0,0.49572649572649574
7830,0.704,1.0,7888.0,0.706404089918031,0.7285894022626537,58.0,58.0,0.49572649572649574
7831,0.71,1.0,7890.0,0.7078056647907605,0.7277724459009208,58.0,59.0,0.49572649572649574
7832,0.717,1.0,7892.0,0.7091862104786251,0.7271563134777694,57.0,60.0,0.48717948717948717
7833,0.722,1.0,7893.0,0.7104174003244819,0.7283875033236262,57.0,60.0,0.48717948717948717
7834,0.728,1.0,7895.0,0.7115896091600764,0.7277627018593064,58.0,61.0,0.49572649572649574
7835,0.729,1.0,7896.0,0.7125227723493757,0.7286958650486056,58.0,61.0,0.49572649572649574
7836,0.727,1.0,7898.0,0.7133351046140295,0.7278908880433365,58.0,62.0,0.49572649572649574
7837,0.721,1.0,7899.0,0.7139452187142472,0.7285010021435542,58.0,62.0,0.49572649572649574
7838,0.718,1.0,7901.0,0.7145336909282924,0.7276338960146687,58.0,63.0,0.49572649572649574
7839,0.718,1.0,7902.0,0.7150379288813451,0.7281381339677213,58.0,63.0,0.49572649572649574
7840,0.719,1.0,7903.0,0.7155143571182181,0.7286145622045943,58.0,63.0,0.49572649572649574
7841,0.72,1.0,7905.0,0.7160024917793206,0.7277926763570592,58.0,64.0,0.49572649572649574
7842,0.715,1.0,7906.0,0.716405037116798,0.7281952216945367,58.0,64.0,0.49572649572649574
7843,0.719,1.0,7907.0,0.7168278107658621,0.7286179953436007,58.0,64.0,0.49572649572649574
7844,0.716,1.0,7909.0,0.7172721204308286,0.7278832865507933,58.0,65.0,0.49572649572649574
7845,0.722,1.0,7910.0,0.7176936211546787,0.7283047872746434,58.0,65.0,0.49572649572649574
7846,0.72,1.0,7911.0,0.7180715512000855,0.7286827173200502,58.0,65.0,0.49572649572649574
7847,0.722,1.0,7913.0,0.7184691750977316,0.7280192246056998,58.0,66.0,0.49572649572649574
7848,0.727,1.0,7914.0,0.7187939715386736,0.7283440210466419,57.0,66.0,0.48717948717948717
7849,0.728,1.0,7915.0,0.7190311234039193,0.7285811729118875,57.0,66.0,0.48717948717948717
7850,0.728,1.0,7916.0,0.719172441104567,0.7287224906125352,57.0,66.0,0.48717948717948717
7851,0.728,1.0,7917.0,0.7192194093894795,0.7287694588974477,57.0,66.0,0.48717948717948717
7852,0.731,1.0,7918.0,0.7191725551548311,0.7287226046627994,56.0,66.0,0.47863247863247865
7853,0.729,1.0,7919.0,0.7189979792276044,0.7285480287355727,56.0,66.0,0.47863247863247865
7854,0.728,1.0,7920.0,0.7187159640974969,0.7282660136054652,56.0,66.0,0.47863247863247865
7855,0.73,1.0,7920.0,0.7182975437616042,0.7289087098815689,56.0,65.0,0.47863247863247865
7856,0.731,1.0,7921.0,0.717790088744342,0.7284012548643067,56.0,65.0,0.47863247863247865
7857,0.727,1.0,7921.0,0.7170989635861987,0.7288891481639374,56.0,64.0,0.47863247863247865
7858,0.721,1.0,7922.0,0.7163431880961696,0.7281333726739082,56.0,64.0,0.47863247863247865
7859,0.723,1.0,7922.0,0.7154948451862124,0.7285950502725886,56.0,63.0,0.47863247863247865
7860,0.724,1.0,7923.0,0.714613512982572,0.7277137180689482,57.0,63.0,0.48717948717948717
7861,0.725,1.0,7923.0,0.7135825252949152,0.7281383087242221,57.0,62.0,0.48717948717948717
7862,0.72,1.0,7923.0,0.7124246767772018,0.7285977694764317,57.0,61.0,0.48717948717948717
7863,0.712,1.0,7924.0,0.7112449669691201,0.72741805966835,57.0,61.0,0.48717948717948717
7864,0.705,1.0,7924.0,0.7100007898342433,0.7279708928333877,57.0,60.0,0.48717948717948717
7865,0.699,1.0,7924.0,0.708812177030858,0.7287789581410183,57.0,59.0,0.48717948717948717
7866,0.699,1.0,7925.0,0.7078095130681394,0.7277762941782998,58.0,59.0,0.49572649572649574
7867,0.699,1.0,7926.0,0.7069125301374206,0.726879311247581,58.0,59.0,0.49572649572649574
7868,0.702,1.0,7926.0,0.7060341374424481,0.7282194497870708,58.0,58.0,0.49572649572649574
7869,0.699,1.0,7927.0,0.7052862738613678,0.7274715862059904,58.0,58.0,0.49572649572649574
7870,0.689,1.0,7928.0,0.7046169450688904,0.726802257413513,59.0,58.0,0.5042735042735043
7871,0.689,1.0,7928.0,0.7040438979718899,0.7286942450214706,59.0,57.0,0.5042735042735043
7872,0.691,1.0,7929.0,0.7037333632182807,0.7283837102678614,60.0,57.0,0.5128205128205128
7873,0.687,1.0,7930.0,0.7035734568543499,0.7282238039039306,60.0,57.0,0.5128205128205128
7874,0.687,1.0,7931.0,0.7036068076655647,0.7282571547151454,60.0,57.0,0.5128205128205128
7875,0.688,1.0,7932.0,0.7038341365108991,0.7284844835604798,61.0,57.0,0.5213675213675214
7876,0.696,1.0,7933.0,0.7042468581553015,0.7288972052048822,61.0,57.0,0.5213675213675214
7877,0.702,1.0,7935.0,0.7048461543147266,0.7270314666593493,61.0,58.0,0.5213675213675214
7878,0.703,1.0,7936.0,0.7054003716126704,0.7275856839572931,62.0,58.0,0.5299145299145299
7879,0.714,1.0,7937.0,0.7059894449189179,0.7281747572635405,62.0,58.0,0.5299145299145299
7880,0.717,1.0,7938.0,0.7064977790055662,0.7286830913501888,63.0,58.0,0.5384615384615384
7881,0.715,1.0,7940.0,0.7069741929939486,0.726940974104109,63.0,59.0,0.5384615384615384
7882,0.698,1.0,7941.0,0.7072927666395761,0.7272595477497364,64.0,59.0,0.5470085470085471
7883,0.688,1.0,7942.0,0.7077226430133022,0.7276894241234626,64.0,59.0,0.5470085470085471
7884,0.683,1.0,7943.0,0.708379646577398,0.7283464276875584,64.0,59.0,0.5470085470085471
7885,0.68,1.0,7945.0,0.7093957810426544,0.7273658840417988,63.0,60.0,0.5384615384615384
7886,0.685,1.0,7946.0,0.7106762357875602,0.7286463387867046,64.0,60.0,0.5470085470085471
7887,0.695,1.0,7948.0,0.7123111385639165,0.7284842312631464,64.0,61.0,0.5470085470085471
7888,0.705,1.0,7950.0,0.7141383958364704,0.7286941792657774,63.0,62.0,0.5384615384615384
7889,0.714,1.0,7953.0,0.716112509123107,0.7279026937008456,64.0,64.0,0.5470085470085471
7890,0.727,1.0,7955.0,0.7180596492909685,0.7286708154109333,64.0,65.0,0.5470085470085471
7891,0.736,1.0,7958.0,0.719939920163127,0.7285349647202984,63.0,67.0,0.5384615384615384
7892,0.738,1.0,7961.0,0.7216314876940075,0.7285934737853164,63.0,69.0,0.5384615384615384
7893,0.739,1.0,7964.0,0.723132254790541,0.7287714635245012,63.0,71.0,0.5384615384615384
7894,0.738,1.0,7968.0,0.7244657697244,0.728576752891457,64.0,74.0,0.5470085470085471
7895,0.738,1.0,7972.0,0.7256366712358634,0.7286335779646479,63.0,77.0,0.5384615384615384
7896,0.736,1.0,7976.0,0.72666145692617,0.7288462019314539,63.0,80.0,0.5384615384615384
7897,0.734,1.0,7982.0,0.7275865037102248,0.7288765737883949,64.0,85.0,0.5470085470085471
7898,0.733,0.0,7960.0,0.7279570498980935,0.7425128333274005,64.0,62.0,0.5470085470085471
7899,0.736,0.0,7953.0,0.7280651586166231,0.7618790777518505,64.0,54.0,0.5470085470085471
7900,0.738,0.0,7949.0,0.7279505100618806,0.7852146790321042,64.0,49.0,0.5470085470085471
7901,0.739,0.0,7948.0,0.7280930889287325,0.7987895938302431,64.0,47.0,0.5470085470085471
7902,0.74,0.0,7947.0,0.7280326563388211,0.8153122920196983,64.0,45.0,0.5470085470085471
7903,0.74,0.0,7947.0,0.7281119929379583,0.8250893659167108,64.0,44.0,0.5470085470085471
7904,0.736,0.0,7947.0,0.7280592405697393,0.8358118772127976,65.0,43.0,0.5555555555555556
7905,0.735,0.0,7948.0,0.7283339558709703,0.8360865925140286,65.0,43.0,0.5555555555555556
7906,0.734,0.0,7948.0,0.7281604755184045,0.8478856273440248,64.0,42.0,0.5470085470085471
7907,0.735,0.0,7949.0,0.7283846287259614,0.8481097805515818,64.0,42.0,0.5470085470085471
7908,0.736,0.0,7949.0,0.7281190123593249,0.8611469588322364,65.0,41.0,0.5555555555555556
7909,0.735,0.0,7950.0,0.7282783371308114,0.8613062836037229,65.0,41.0,0.5555555555555556
7910,0.736,0.0,7951.0,0.7284142275260537,0.8614421739989652,65.0,41.0,0.5555555555555556
7911,0.739,0.0,7951.0,0.7280045746597563,0.8758134040741025,65.0,40.0,0.5555555555555556
7912,0.739,0.0,7952.0,0.7280406474822241,0.8758494768965702,66.0,40.0,0.5641025641025641
7913,0.736,0.0,7953.0,0.7280156291353415,0.8758244585496876,66.0,40.0,0.5641025641025641
7914,0.733,0.0,7954.0,0.7279582962941689,0.875767125708515,66.0,40.0,0.5641025641025641
7915,0.73,0.0,7956.0,0.7284108189572263,0.8614387654301378,66.0,41.0,0.5641025641025641
7916,0.733,0.0,7957.0,0.7283835869759199,0.8614115334488314,66.0,41.0,0.5641025641025641
7917,0.734,0.0,7958.0,0.7283546319303065,0.861382578403218,66.0,41.0,0.5641025641025641
7918,0.735,0.0,7959.0,0.7283137812513021,0.8613417277242136,66.0,41.0,0.5641025641025641
7919,0.735,0.0,7960.0,0.7282487697842754,0.8612767162571869,66.0,41.0,0.5641025641025641
7920,0.735,0.0,7961.0,0.7281595053119708,0.8611874517848823,65.0,41.0,0.5555555555555556
7921,0.734,0.0,7962.0,0.7280428955656583,0.8610708420385698,64.0,41.0,0.5470085470085471
7922,0.731,0.0,7964.0,0.7283530693338204,0.8480782211594408,63.0,42.0,0.5384615384615384
7923,0.731,0.0,7965.0,0.728228090523034,0.8479532423486544,61.0,42.0,0.5213675213675214
7924,0.732,0.0,7966.0,0.7281195726464111,0.8478447244720315,59.0,42.0,0.5042735042735043
7925,0.732,0.0,7967.0,0.7280154508916077,0.8477406027172281,59.0,42.0,0.5042735042735043
7926,0.733,0.0,7969.0,0.7283243434356692,0.8360769800787275,58.0,43.0,0.49572649572649574
7927,0.734,0.0,7970.0,0.728211579272613,0.8359642159156714,58.0,43.0,0.49572649572649574
7928,0.735,0.0,7971.0,0.7280736305443725,0.8358262671874308,57.0,43.0,0.48717948717948717
7929,0.735,0.0,7973.0,0.7282684657343281,0.8252458387130807,57.0,44.0,0.48717948717948717
7930,0.732,0.0,7974.0,0.7280609267413316,0.8250382997200841,57.0,44.0,0.48717948717948717
7931,0.729,0.0,7976.0,0.7281840550088265,0.8154636906897038,57.0,45.0,0.48717948717948717
7932,0.729,0.0,7977.0,0.7279976915275204,0.8152773272083976,57.0,45.0,0.48717948717948717
7933,0.729,0.0,7979.0,0.7281374122356894,0.806689084348479,57.0,46.0,0.48717948717948717
7934,0.73,0.0,7980.0,0.7279939407585021,0.8065456128712917,58.0,46.0,0.49572649572649574
7935,0.731,0.0,7982.0,0.7281316372464537,0.7988281421479643,58.0,47.0,0.49572649572649574
7936,0.731,0.0,7983.0,0.7279893555136265,0.7986858604151371,58.0,47.0,0.49572649572649574
7937,0.728,0.0,7985.0,0.7280843525804812,0.7917112069918407,58.0,48.0,0.49572649572649574
7938,0.726,0.0,7986.0,0.7279636207150503,0.7915904751264098,58.0,48.0,0.49572649572649574
7939,0.726,0.0,7988.0,0.7281117464917712,0.7853759154619948,59.0,49.0,0.5042735042735043
7940,0.726,0.0,7989.0,0.7280840266713478,0.7853481956415713,59.0,49.0,0.5042735042735043
7941,0.726,0.0,7990.0,0.7281013737822184,0.785365542752442,59.0,49.0,0.5042735042735043
7942,0.73,0.0,7990.0,0.7279424285142175,0.791569282925577,59.0,48.0,0.5042735042735043
7943,0.733,0.0,7991.0,0.7280050824130307,0.7916319368243903,59.0,48.0,0.5042735042735043
7944,0.734,0.0,7992.0,0.7280366833347659,0.7916635377461254,60.0,48.0,0.5128205128205128
7945,0.733,0.0,7993.0,0.7280254666551205,0.79165232106648,60.0,48.0,0.5128205128205128
7946,0.735,0.0,7994.0,0.727983323026521,0.7916101774378805,60.0,48.0,0.5128205128205128
7947,0.733,0.0,7996.0,0.7281076104170143,0.7853717793872379,58.0,49.0,0.49572649572649574
7948,0.733,0.0,7997.0,0.7279803984868134,0.785244567457037,55.0,49.0,0.4700854700854701
7949,0.734,0.0,7999.0,0.7280211352729216,0.7795588873461228,53.0,50.0,0.452991452991453
7950,0.732,0.0,8001.0,0.7279929447165232,0.7743769215824043,52.0,51.0,0.4444444444444444
7951,0.732,0.0,8004.0,0.7280606429454006,0.7656316642067643,51.0,53.0,0.4358974358974359
7952,0.73,0.0,8007.0,0.7280250457386999,0.7584575729604044,51.0,55.0,0.4358974358974359
7953,0.735,0.0,8011.0,0.7280146788926584,0.750199991237281,49.0,58.0,0.4188034188034188
7954,0.734,0.0,8017.0,0.7279678365203912,0.7410680416067674,49.0,63.0,0.4188034188034188
7955,0.731,0.0,8036.0,0.7279375036306525,0.729903774135408,49.0,81.0,0.4188034188034188
7956,0.73,1.0,8041.0,0.7275172115342146,0.7288072816123846,49.0,85.0,0.4188034188034188
7957,0.728,1.0,8039.0,0.7270295081099678,0.7287991515642478,49.0,82.0,0.4188034188034188
7958,0.726,1.0,8038.0,0.7265339793208119,0.7287187243260957,48.0,80.0,0.41025641025641024
7959,0.726,1.0,8037.0,0.7260418260142913,0.7287390420701975,48.0,78.0,0.41025641025641024
7960,0.725,1.0,8036.0,0.7255469756100248,0.7288768719753409,47.0,76.0,0.4017094017094017
7961,0.725,1.0,8036.0,0.7250686650716587,0.72876854992201,46.0,75.0,0.39316239316239315
7962,0.722,1.0,8036.0,0.724591117478533,0.7287021006455899,46.0,74.0,0.39316239316239315
7963,0.714,1.0,8036.0,0.7241423600796133,0.7287101191541211,47.0,73.0,0.4017094017094017
7964,0.711,1.0,8036.0,0.7238062955704672,0.7288815834310314,46.0,72.0,0.39316239316239315
7965,0.71,1.0,8037.0,0.7236322100088168,0.728707497869381,46.0,72.0,0.39316239316239315
7966,0.714,1.0,8038.0,0.723611535412672,0.7286868232732362,46.0,72.0,0.39316239316239315
7967,0.718,1.0,8039.0,0.7236995949486495,0.7287748828092138,46.0,72.0,0.39316239316239315
7968,0.723,1.0,8040.0,0.7238530000765134,0.7289282879370776,46.0,72.0,0.39316239316239315
7969,0.721,1.0,8042.0,0.7240355457166587,0.7286033047911665,46.0,73.0,0.39316239316239315
7970,0.72,1.0,8043.0,0.7242358469102865,0.7288036059847943,46.0,73.0,0.39316239316239315
7971,0.717,1.0,8045.0,0.7245009287625415,0.7286119119295984,46.0,74.0,0.39316239316239315
7972,0.718,1.0,8047.0,0.7248493564313891,0.7285492412817405,46.0,75.0,0.39316239316239315
7973,0.722,1.0,8049.0,0.7252736972244195,0.7286035935897356,46.0,76.0,0.39316239316239315
7974,0.726,1.0,8051.0,0.7257345666578336,0.7287314733866181,46.0,77.0,0.39316239316239315
7975,0.73,1.0,8053.0,0.7261924584401425,0.7288896744960486,47.0,78.0,0.4017094017094017
7976,0.73,1.0,8056.0,0.7266163222451126,0.7288010672503965,46.0,80.0,0.39316239316239315
7977,0.733,1.0,8059.0,0.7270001559396347,0.7287697993939147,46.0,82.0,0.39316239316239315
7978,0.735,1.0,8061.0,0.7273097419331829,0.7289024210420348,47.0,83.0,0.4017094017094017
7979,0.732,1.0,8064.0,0.7275388252129089,0.728828895291079,47.0,85.0,0.4017094017094017
7980,0.732,1.0,8066.0,0.7277127853400547,0.7288738484104078,47.0,86.0,0.4017094017094017
7981,0.734,1.0,8068.0,0.727839140303048,0.7288840970663658,48.0,87.0,0.41025641025641024
7982,0.732,1.0,8070.0,0.7278970148705008,0.7288374759574868,47.0,88.0,0.4017094017094017
7983,0.726,1.0,8071.0,0.7279060482038695,0.7288465092908555,47.0,88.0,0.4017094017094017
7984,0.724,1.0,8072.0,0.7279366206906849,0.7288770817776709,48.0,88.0,0.41025641025641024
7985,0.73,0.0,8062.0,0.727940179937622,0.7309370866664064,48.0,77.0,0.41025641025641024
7986,0.734,0.0,8059.0,0.7279385710286392,0.732506330103147,48.0,73.0,0.41025641025641024
7987,0.735,0.0,8061.0,0.7279418515498305,0.7320528347168874,49.0,74.0,0.4188034188034188
7988,0.737,0.0,8071.0,0.7279395569957959,0.7295322361046479,49.0,83.0,0.4188034188034188
7989,0.737,1.0,8075.0,0.7277648720697207,0.7289259351400739,49.0,86.0,0.4188034188034188
7990,0.736,1.0,8074.0,0.7274637656888101,0.7288971768867769,48.0,84.0,0.41025641025641024
7991,0.73,1.0,8073.0,0.7270661485390174,0.7288357919932974,48.0,82.0,0.41025641025641024
7992,0.73,1.0,8072.0,0.7266338631053031,0.728818608110587,48.0,80.0,0.41025641025641024
7993,0.727,1.0,8071.0,0.7261616613940489,0.728858877449955,48.0,78.0,0.41025641025641024
7994,0.727,1.0,8071.0,0.7256885273310207,0.7286854340598052,48.0,77.0,0.41025641025641024
7995,0.728,1.0,8070.0,0.7251880450628676,0.7288879299132189,49.0,75.0,0.4188034188034188
7996,0.729,1.0,8070.0,0.7246678175088913,0.7287788006759482,49.0,74.0,0.4188034188034188
7997,0.73,1.0,8070.0,0.7240994545939027,0.7286672136684105,49.0,73.0,0.4188034188034188
7998,0.736,1.0,8070.0,0.7234655300632906,0.7285408179238548,50.0,72.0,0.42735042735042733
7999,0.737,1.0,8070.0,0.7226923336444928,0.728331542378453,50.0,71.0,0.42735042735042733
8000,0.734,1.0,8069.0,0.7217361223178445,0.7286981084091533,51.0,69.0,0.4358974358974359
8001,0.729,1.0,8069.0,0.7206652824371271,0.7284008225385814,51.0,68.0,0.4358974358974359
8002,0.731,1.0,8069.0,0.7195018345834889,0.7280968791406603,52.0,67.0,0.4444444444444444
8003,0.727,1.0,8068.0,0.7181739370408562,0.7287851031608209,53.0,65.0,0.452991452991453
8004,0.716,1.0,8068.0,0.7167809951979403,0.7285711797756789,53.0,64.0,0.452991452991453
8005,0.7,1.0,8068.0,0.7153967310794467,0.7284969361658229,54.0,63.0,0.46153846153846156
8006,0.693,1.0,8068.0,0.7141835417507247,0.7287393251800317,55.0,62.0,0.4700854700854701
8007,0.69,1.0,8069.0,0.7132616499602445,0.7278174333895515,55.0,62.0,0.4700854700854701
8008,0.69,1.0,8069.0,0.7125478885801899,0.7287209812794199,56.0,61.0,0.47863247863247865
8009,0.693,1.0,8070.0,0.7121467128985115,0.7283198055977415,57.0,61.0,0.48717948717948717
8010,0.696,1.0,8071.0,0.7119644838315647,0.7281375765307947,58.0,61.0,0.49572649572649574
8011,0.698,1.0,8072.0,0.7119658432786065,0.7281389359778364,58.0,61.0,0.49572649572649574
8012,0.694,1.0,8073.0,0.7121286692439215,0.7283017619431514,59.0,61.0,0.5042735042735043
8013,0.702,1.0,8074.0,0.7124988833753388,0.7286719760745688,60.0,61.0,0.5128205128205128
8014,0.708,1.0,8076.0,0.713047311664588,0.727603095093895,61.0,62.0,0.5213675213675214
8015,0.706,1.0,8077.0,0.7136020633980427,0.7281578468273496,62.0,62.0,0.5299145299145299
8016,0.709,1.0,8078.0,0.7142469362753079,0.7288027197046149,63.0,62.0,0.5384615384615384
8017,0.71,1.0,8080.0,0.7150056119450189,0.7281058170313951,63.0,63.0,0.5384615384615384
8018,0.71,1.0,8081.0,0.7157745650259411,0.7288747701123173,64.0,63.0,0.5470085470085471
8019,0.709,1.0,8083.0,0.7166575917218645,0.7284477762996031,65.0,64.0,0.5555555555555556
8020,0.714,1.0,8085.0,0.7176255352255246,0.7282367013454893,66.0,65.0,0.5641025641025641
8021,0.716,1.0,8087.0,0.7186333324224436,0.7281833819304119,67.0,66.0,0.5726495726495726
8022,0.719,1.0,8089.0,0.7196704843689963,0.7282655289261677,68.0,67.0,0.5811965811965812
8023,0.722,1.0,8091.0,0.7207152535190546,0.7284507936205089,69.0,68.0,0.5897435897435898
8024,0.729,1.0,8093.0,0.7217460612011544,0.7287080472924632,70.0,69.0,0.5982905982905983
8025,0.729,1.0,8096.0,0.7227178136124364,0.7283570223463965,71.0,71.0,0.6068376068376068
8026,0.725,1.0,8098.0,0.7235958880046558,0.72867117586522,72.0,72.0,0.6153846153846154
8027,0.727,1.0,8101.0,0.7244743248026467,0.7285853079697037,73.0,74.0,0.6239316239316239
8028,0.731,1.0,8104.0,0.7253199990640675,0.7286498954293836,74.0,76.0,0.6324786324786325
8029,0.73,1.0,8107.0,0.7260986691461924,0.7287958852020985,75.0,78.0,0.6410256410256411
8030,0.73,1.0,8111.0,0.7268386130997404,0.7288048836044959,76.0,81.0,0.6495726495726496
8031,0.73,1.0,8116.0,0.7275424235580832,0.7288324936362532,77.0,85.0,0.6581196581196581
8032,0.73,0.0,8099.0,0.727942608532384,0.7365376530895554,78.0,67.0,0.6666666666666666
8033,0.732,0.0,8090.0,0.7280247758515596,0.7526751229011402,79.0,57.0,0.6752136752136753
8034,0.734,0.0,8086.0,0.7280405814455794,0.7697861606248724,80.0,52.0,0.6837606837606838
8035,0.735,0.0,8084.0,0.7280593191969249,0.7853234881671485,81.0,49.0,0.6923076923076923
8036,0.736,0.0,8083.0,0.7280925906802156,0.7987890955817262,76.0,47.0,0.6495726495726496
8037,0.737,0.0,8082.0,0.7279565840786679,0.8152362197595452,75.0,45.0,0.6410256410256411
8038,0.736,0.0,8082.0,0.7279894859703557,0.8249668589491083,74.0,44.0,0.6324786324786325
8039,0.735,0.0,8083.0,0.7283029169823747,0.8252802899611272,73.0,44.0,0.6239316239316239
8040,0.737,0.0,8083.0,0.7282093546122705,0.8359619912553289,73.0,43.0,0.6239316239316239
8041,0.737,0.0,8083.0,0.7280181184045242,0.8477432702301446,73.0,42.0,0.6239316239316239
8042,0.736,0.0,8084.0,0.7281826692216995,0.8479078210473199,73.0,42.0,0.6239316239316239
8043,0.735,0.0,8085.0,0.7283046591141802,0.8480298109398006,73.0,42.0,0.6239316239316239
8044,0.736,0.0,8085.0,0.7279433634300486,0.8609713099029601,74.0,41.0,0.6324786324786325
8045,0.736,0.0,8086.0,0.7279952551700564,0.8610232016429679,74.0,41.0,0.6324786324786325
8046,0.737,0.0,8087.0,0.7280084758616676,0.8610364223345791,75.0,41.0,0.6410256410256411
8047,0.735,0.0,8088.0,0.7279727614374316,0.8610007079103431,75.0,41.0,0.6410256410256411
8048,0.729,0.0,8090.0,0.7283630024724372,0.8480881542980576,76.0,42.0,0.6495726495726496
8049,0.733,0.0,8091.0,0.7283397303733077,0.8480648821989281,76.0,42.0,0.6495726495726496
8050,0.736,0.0,8092.0,0.7283120634553761,0.8480372152809965,77.0,42.0,0.6581196581196581
8051,0.735,0.0,8093.0,0.7282446596176892,0.8479698114433096,77.0,42.0,0.6581196581196581
8052,0.736,0.0,8094.0,0.72814725090745,0.8478724027330704,78.0,42.0,0.6666666666666666
8053,0.733,0.0,8095.0,0.7280094712784415,0.8477346231040619,78.0,42.0,0.6666666666666666
8054,0.729,0.0,8097.0,0.7282737174367537,0.8360263540798121,79.0,43.0,0.6752136752136753
8055,0.729,0.0,8098.0,0.7281593381425837,0.835911974785642,80.0,43.0,0.6837606837606838
8056,0.733,0.0,8099.0,0.72807792524897,0.8358305618920283,80.0,43.0,0.6837606837606838
8057,0.732,0.0,8100.0,0.7279836760284493,0.8357363126715076,81.0,43.0,0.6923076923076923
8058,0.733,0.0,8102.0,0.7282614634183469,0.8252388363970994,82.0,44.0,0.7008547008547008
8059,0.735,0.0,8103.0,0.7281493233067056,0.8251266962854581,81.0,44.0,0.6923076923076923
8060,0.734,0.0,8104.0,0.727997813885426,0.8249751868641785,82.0,44.0,0.7008547008547008
8061,0.733,0.0,8106.0,0.728152159741724,0.8154317954226012,81.0,45.0,0.6923076923076923
8062,0.735,0.0,8107.0,0.7279512962799126,0.8152309319607899,81.0,45.0,0.6923076923076923
8063,0.733,0.0,8109.0,0.7280108966842705,0.8065625687970601,82.0,46.0,0.7008547008547008
8064,0.727,0.0,8111.0,0.728014318433607,0.7987108233351176,82.0,47.0,0.7008547008547008
8065,0.728,0.0,8113.0,0.728032135917452,0.7916589903288115,83.0,48.0,0.7094017094017094
8066,0.731,0.0,8115.0,0.7280500760523194,0.785314245022543,83.0,49.0,0.7094017094017094
8067,0.733,0.0,8117.0,0.7280326774363493,0.7795704295095505,84.0,50.0,0.717948717948718
8068,0.731,0.0,8119.0,0.7279582418384283,0.7743422187043094,80.0,51.0,0.6837606837606838
8069,0.73,0.0,8122.0,0.7279945584883485,0.7655655797497122,76.0,53.0,0.6495726495726496
8070,0.729,0.0,8125.0,0.7279667561339203,0.7583992833556248,70.0,55.0,0.5982905982905983
8071,0.729,0.0,8129.0,0.7279775422918237,0.7501628546364463,66.0,58.0,0.5641025641025641
8072,0.729,0.0,8134.0,0.7279634562741971,0.7425192397035041,64.0,62.0,0.5470085470085471
8073,0.73,0.0,8142.0,0.7279430500536048,0.7349050361449136,63.0,69.0,0.5384615384615384
8074,0.727,1.0,8161.0,0.7278413776816794,0.7288863344449973,62.0,87.0,0.5299145299145299
8075,0.725,1.0,8160.0,0.7275382587227153,0.7288283288008853,62.0,85.0,0.5299145299145299
8076,0.725,1.0,8159.0,0.7272618835012907,0.7288545626101427,62.0,83.0,0.5299145299145299
8077,0.728,1.0,8159.0,0.7270154678967988,0.7287851113510788,62.0,82.0,0.5299145299145299
8078,0.729,1.0,8159.0,0.7267581130467156,0.7287243835514711,62.0,81.0,0.5299145299145299
8079,0.729,1.0,8158.0,0.7264677647850764,0.7288952592353918,63.0,79.0,0.5384615384615384
8080,0.724,1.0,8158.0,0.7261565557774725,0.7288537718333786,63.0,78.0,0.5384615384615384
8081,0.723,1.0,8158.0,0.7258693085007292,0.7288662152295137,63.0,77.0,0.5384615384615384
8082,0.723,1.0,8159.0,0.7256250309844463,0.7286219377132308,62.0,77.0,0.5299145299145299
8083,0.724,1.0,8159.0,0.7253999407796949,0.728729837145011,58.0,76.0,0.49572649572649574
8084,0.723,1.0,8159.0,0.7251904054724954,0.7288902903228467,57.0,75.0,0.48717948717948717
8085,0.721,1.0,8160.0,0.725019053362451,0.7287189382128023,55.0,75.0,0.4700854700854701
8086,0.718,1.0,8161.0,0.7248937224636569,0.7285936073140082,54.0,75.0,0.46153846153846156
8087,0.718,1.0,8162.0,0.7248462737042847,0.728546158554636,53.0,75.0,0.452991452991453
8088,0.719,1.0,8163.0,0.7248762285585917,0.728576113408943,53.0,75.0,0.452991452991453
8089,0.719,1.0,8164.0,0.7249726685410185,0.7286725533913698,53.0,75.0,0.452991452991453
8090,0.72,1.0,8165.0,0.7251367255734681,0.7288366104238194,52.0,75.0,0.4444444444444444
8091,0.722,1.0,8167.0,0.7253712879165184,0.7287011842818345,51.0,76.0,0.4358974358974359
8092,0.725,1.0,8169.0,0.7256435456120967,0.7286404523408812,51.0,77.0,0.4358974358974359
8093,0.725,1.0,8170.0,0.7259131539294723,0.7289100606582568,50.0,77.0,0.42735042735042733
8094,0.724,1.0,8172.0,0.7262039054719955,0.7289011215279017,50.0,78.0,0.42735042735042733
8095,0.726,1.0,8175.0,0.7265272992470271,0.728712044252311,50.0,80.0,0.42735042735042733
8096,0.726,1.0,8177.0,0.7268475563747254,0.7288138268794809,50.0,81.0,0.42735042735042733
8097,0.726,1.0,8180.0,0.7271837982424498,0.7287764773513018,50.0,83.0,0.42735042735042733
8098,0.726,1.0,8183.0,0.7275315290836246,0.7288215991617947,49.0,85.0,0.4188034188034188
8099,0.728,1.0,8187.0,0.7278984066271832,0.7288388677141692,48.0,88.0,0.41025641025641024
8100,0.729,0.0,8166.0,0.7279643394119715,0.7375143889199397,48.0,66.0,0.41025641025641024
8101,0.732,0.0,8160.0,0.7279647389765771,0.7479315200867375,48.0,59.0,0.41025641025641024
8102,0.732,0.0,8158.0,0.7280250685277077,0.7554143430272418,48.0,56.0,0.41025641025641024
8103,0.73,0.0,8156.0,0.7279623882031729,0.7655334094645366,48.0,53.0,0.41025641025641024
8104,0.729,0.0,8155.0,0.7279368889208411,0.7743208657867222,47.0,51.0,0.4017094017094017
8105,0.729,0.0,8155.0,0.7280366126496809,0.7795743647228821,48.0,50.0,0.41025641025641024
8106,0.73,0.0,8155.0,0.7281256320746281,0.7853898010448517,48.0,49.0,0.41025641025641024
8107,0.73,0.0,8154.0,0.7279584058279716,0.7986549107294821,47.0,47.0,0.4017094017094017
8108,0.733,0.0,8154.0,0.7279803726268155,0.806532044739605,48.0,46.0,0.41025641025641024
8109,0.735,0.0,8154.0,0.7279465657881796,0.8152262014690569,48.0,45.0,0.41025641025641024
8110,0.733,0.0,8155.0,0.7281573221103206,0.8154369577911978,49.0,45.0,0.4188034188034188
8111,0.733,0.0,8155.0,0.7280236297135367,0.8250010026922893,48.0,44.0,0.41025641025641024
8112,0.736,0.0,8156.0,0.7281883565213291,0.8251657295000816,49.0,44.0,0.4188034188034188
8113,0.739,0.0,8156.0,0.7279479463034862,0.8357005829465446,49.0,43.0,0.4188034188034188
8114,0.738,0.0,8157.0,0.7279788832914731,0.8357315199345314,50.0,43.0,0.42735042735042733
8115,0.736,0.0,8158.0,0.7279401577950606,0.835692794438119,50.0,43.0,0.42735042735042733
8116,0.734,0.0,8160.0,0.7282166881386649,0.8251940611174174,50.0,44.0,0.42735042735042733
8117,0.731,0.0,8161.0,0.728105922728123,0.8250832957068756,50.0,44.0,0.42735042735042733
8118,0.729,0.0,8162.0,0.7279966877803787,0.8249740607591313,51.0,44.0,0.4358974358974359
8119,0.729,0.0,8164.0,0.728230068167565,0.8155097038484422,51.0,45.0,0.4358974358974359
8120,0.729,0.0,8165.0,0.7281615423074246,0.8154411779883018,52.0,45.0,0.4444444444444444
8121,0.729,0.0,8166.0,0.72811443186979,0.8153940675506672,53.0,45.0,0.452991452991453
8122,0.731,0.0,8167.0,0.7280913370975781,0.8153709727784554,53.0,45.0,0.452991452991453
8123,0.731,0.0,8168.0,0.7280695494767351,0.8153491851576123,54.0,45.0,0.46153846153846156
8124,0.734,0.0,8169.0,0.7280476325696752,0.8153272682505525,55.0,45.0,0.4700854700854701
8125,0.733,0.0,8170.0,0.7279938929245406,0.8152735286054179,55.0,45.0,0.4700854700854701
8126,0.733,0.0,8172.0,0.7282048001937552,0.8067564723065448,56.0,46.0,0.47863247863247865
8127,0.733,0.0,8173.0,0.7281036203770035,0.8066552924897931,57.0,46.0,0.48717948717948717
8128,0.732,0.0,8174.0,0.7279766870310469,0.8065283591438365,58.0,46.0,0.49572649572649574
8129,0.731,0.0,8176.0,0.728094161704018,0.7987906666055286,58.0,47.0,0.49572649572649574
8130,0.733,0.0,8177.0,0.7279460136099496,0.7986425185114602,59.0,47.0,0.5042735042735043
8131,0.732,0.0,8179.0,0.7280176125240971,0.7916444669354566,60.0,48.0,0.5128205128205128
8132,0.73,0.0,8181.0,0.7280501867881379,0.7853143557583615,61.0,49.0,0.5213675213675214
8133,0.73,0.0,8183.0,0.7280619704929883,0.7795997225661895,62.0,50.0,0.5299145299145299
8134,0.729,0.0,8185.0,0.7280522476617824,0.7744362245276636,62.0,51.0,0.5299145299145299
8135,0.73,0.0,8187.0,0.7280317257102276,0.7697773048895206,63.0,52.0,0.5384615384615384
8136,0.732,0.0,8189.0,0.7279901689559252,0.7655611902172889,64.0,53.0,0.5470085470085471
8137,0.734,0.0,8192.0,0.7280205247344214,0.7584530519561259,65.0,55.0,0.5555555555555556
8138,0.735,0.0,8195.0,0.7279455606969858,0.7525959077465665,66.0,57.0,0.5641025641025641
8139,0.737,0.0,8201.0,0.7279492041849847,0.7425049876142916,67.0,62.0,0.5726495726495726
8140,0.734,0.0,8220.0,0.7279361845241619,0.7301209295294457,68.0,80.0,0.5811965811965812
8141,0.731,1.0,8225.0,0.7274580096753224,0.7288914208732892,69.0,84.0,0.5897435897435898
8142,0.731,1.0,8223.0,0.7268969055656322,0.7288631760703878,69.0,81.0,0.5897435897435898
8143,0.73,1.0,8222.0,0.7262934462236408,0.7287209406739562,70.0,79.0,0.5982905982905983
8144,0.728,1.0,8221.0,0.7256460280123351,0.7286429347411196,71.0,77.0,0.6068376068376068
8145,0.729,1.0,8220.0,0.7249690334562475,0.7286689183065989,72.0,75.0,0.6153846153846154
8146,0.727,1.0,8219.0,0.7242430543024884,0.7288108133769962,73.0,73.0,0.6239316239316239
8147,0.729,1.0,8219.0,0.7235004825081106,0.7285757703686748,74.0,72.0,0.6324786324786325
8148,0.732,1.0,8219.0,0.7226968049638226,0.7283360136977828,75.0,71.0,0.6410256410256411
8149,0.732,1.0,8218.0,0.7217660145490249,0.7287280006403337,76.0,69.0,0.6495726495726496
8150,0.731,1.0,8218.0,0.7207428828178689,0.7284784229193232,77.0,68.0,0.6581196581196581
8151,0.73,1.0,8218.0,0.7196057831180225,0.7282008276751939,78.0,67.0,0.6666666666666666
8152,0.73,1.0,8217.0,0.718317002458194,0.7289281685781587,79.0,65.0,0.6752136752136753
8153,0.723,1.0,8217.0,0.7169309814097321,0.7287211659874707,80.0,64.0,0.6837606837606838
8154,0.712,1.0,8217.0,0.715477526821378,0.7285777319077542,78.0,63.0,0.6666666666666666
8155,0.703,1.0,8217.0,0.7140627114199278,0.7286184948492348,74.0,62.0,0.6324786324786325
8156,0.693,1.0,8218.0,0.7128259737925138,0.7273817572218207,72.0,62.0,0.6153846153846154
8157,0.695,1.0,8218.0,0.7117598818803613,0.7279329745795913,72.0,61.0,0.6153846153846154
8158,0.699,1.0,8218.0,0.710880010877991,0.7288501138771354,68.0,60.0,0.5811965811965812
8159,0.703,1.0,8219.0,0.7102002372289047,0.728170340228049,63.0,60.0,0.5384615384615384
8160,0.711,1.0,8220.0,0.7096073705184265,0.7275774735175708,60.0,60.0,0.5128205128205128
8161,0.71,1.0,8220.0,0.7089376575163255,0.7289044386264859,58.0,59.0,0.49572649572649574
8162,0.705,1.0,8221.0,0.7083321195653907,0.728298900675551,57.0,59.0,0.48717948717948717
8163,0.703,1.0,8222.0,0.7077713081391576,0.7277380892493179,57.0,59.0,0.48717948717948717
8164,0.694,1.0,8223.0,0.707271224730612,0.7272380058407724,56.0,59.0,0.47863247863247865
8165,0.689,1.0,8224.0,0.7069264284545906,0.726893209564751,55.0,59.0,0.4700854700854701
8166,0.687,1.0,8224.0,0.7067120554281092,0.7288973677727318,54.0,58.0,0.46153846153846156
8167,0.692,1.0,8226.0,0.7068778756956615,0.7268446568058219,53.0,59.0,0.452991452991453
8168,0.696,1.0,8227.0,0.7071403514926434,0.7271071326028038,53.0,59.0,0.452991452991453
8169,0.697,1.0,8228.0,0.7075341438055378,0.7275009249156982,52.0,59.0,0.4444444444444444
8170,0.702,1.0,8229.0,0.7080525064845447,0.728019287594705,51.0,59.0,0.4358974358974359
8171,0.699,1.0,8230.0,0.7086455279622774,0.7286123090724378,52.0,59.0,0.4444444444444444
8172,0.7,1.0,8232.0,0.7094216903206322,0.7273917933197765,51.0,60.0,0.4358974358974359
8173,0.703,1.0,8233.0,0.7102410992906348,0.7282112022897792,51.0,60.0,0.4358974358974359
8174,0.702,1.0,8235.0,0.7112093458903085,0.7273824385895384,51.0,61.0,0.4358974358974359
8175,0.702,1.0,8236.0,0.712224623602707,0.728397716301937,51.0,61.0,0.4358974358974359
8176,0.699,1.0,8238.0,0.7134152128487489,0.7279709962780558,51.0,62.0,0.4358974358974359
8177,0.704,1.0,8240.0,0.714765917499873,0.7278661225862492,50.0,63.0,0.42735042735042733
8178,0.719,1.0,8242.0,0.7162361676132588,0.7280263521909974,51.0,64.0,0.4358974358974359
8179,0.729,1.0,8244.0,0.7176757022725425,0.7282868683925072,51.0,65.0,0.4358974358974359
8180,0.731,1.0,8246.0,0.718989735321329,0.7285397848292973,51.0,66.0,0.4358974358974359
8181,0.733,1.0,8248.0,0.7201701802472253,0.7287652248043968,51.0,67.0,0.4358974358974359
8182,0.733,1.0,8251.0,0.7212346325698485,0.7281966186611574,52.0,69.0,0.4444444444444444
8183,0.734,1.0,8253.0,0.7221386655134462,0.7284044529956242,51.0,70.0,0.4358974358974359
8184,0.734,1.0,8255.0,0.7229105628822172,0.7285497716161774,52.0,71.0,0.4444444444444444
8185,0.733,1.0,8257.0,0.7235593570671879,0.7286346449277521,52.0,72.0,0.4444444444444444
8186,0.732,1.0,8259.0,0.7241033513829207,0.7286711104574285,53.0,73.0,0.452991452991453
8187,0.734,1.0,8261.0,0.7245599008607616,0.7286708840278185,52.0,74.0,0.4444444444444444
8188,0.734,1.0,8263.0,0.7249117723883509,0.7286116572387022,53.0,75.0,0.452991452991453
8189,0.736,1.0,8264.0,0.7251497568529399,0.7288496417032913,53.0,75.0,0.452991452991453
8190,0.736,1.0,8266.0,0.7252812523593098,0.728611148724626,54.0,76.0,0.46153846153846156
8191,0.733,1.0,8267.0,0.7252821625272116,0.7286120588925277,55.0,76.0,0.4700854700854701
8192,0.728,1.0,8267.0,0.7251858991534597,0.728885784003811,55.0,75.0,0.4700854700854701
8193,0.726,1.0,8268.0,0.7250725054472681,0.7287723902976194,56.0,75.0,0.47863247863247865
8194,0.724,1.0,8269.0,0.7249502394645984,0.7286501243149497,57.0,75.0,0.48717948717948717
8195,0.723,1.0,8270.0,0.7248399279179065,0.7285398127682579,57.0,75.0,0.48717948717948717
8196,0.725,1.0,8270.0,0.7247373363054771,0.728848319472534,58.0,74.0,0.49572649572649574
8197,0.725,1.0,8271.0,0.7246475777641088,0.7287585609311658,59.0,74.0,0.5042735042735043
8198,0.723,1.0,8272.0,0.7245554785757752,0.7286664617428321,60.0,74.0,0.5128205128205128
8199,0.723,1.0,8273.0,0.7244822592751374,0.7285932424421944,61.0,74.0,0.5213675213675214
8200,0.722,1.0,8274.0,0.724427086841332,0.7285380700083889,62.0,74.0,0.5299145299145299
8201,0.724,1.0,8275.0,0.7244004809951807,0.7285114641622377,62.0,74.0,0.5299145299145299
8202,0.725,1.0,8275.0,0.7243641095908089,0.7289318686653167,63.0,73.0,0.5384615384615384
8203,0.724,1.0,8276.0,0.7243381985077892,0.728905957582297,64.0,73.0,0.5470085470085471
8204,0.724,1.0,8277.0,0.7243178218038393,0.7288855808783471,65.0,73.0,0.5555555555555556
8205,0.724,1.0,8278.0,0.7243027314343833,0.7288704905088911,66.0,73.0,0.5641025641025641
8206,0.725,1.0,8279.0,0.7242927356878124,0.7288604947623202,67.0,73.0,0.5726495726495726
8207,0.723,1.0,8280.0,0.7242765859442439,0.7288443450187517,68.0,73.0,0.5811965811965812
8208,0.725,1.0,8281.0,0.7242763442169744,0.7288441032914822,69.0,73.0,0.5897435897435898
8209,0.725,1.0,8282.0,0.724269855316351,0.7288376143908588,70.0,73.0,0.5982905982905983
8210,0.726,1.0,8283.0,0.7242569557882969,0.7288247148628046,71.0,73.0,0.6068376068376068
8211,0.725,1.0,8284.0,0.7242264585079552,0.728794217582463,72.0,73.0,0.6153846153846154
8212,0.725,1.0,8285.0,0.7241891621726879,0.7287569212471957,73.0,73.0,0.6239316239316239
8213,0.725,1.0,8286.0,0.7241446091052623,0.7287123681797701,74.0,73.0,0.6324786324786325
8214,0.725,1.0,8287.0,0.7240923523532711,0.7286601114277789,75.0,73.0,0.6410256410256411
8215,0.725,1.0,8288.0,0.7240317439717916,0.7285995030462994,76.0,73.0,0.6495726495726496
8216,0.724,1.0,8289.0,0.7239620840894425,0.7285298431639503,77.0,73.0,0.6581196581196581
8217,0.722,1.0,8290.0,0.7238935848062882,0.728461343880796,74.0,73.0,0.6324786324786325
8218,0.72,1.0,8290.0,0.7238305252550337,0.7289058131155979,69.0,72.0,0.5897435897435898
8219,0.72,1.0,8291.0,0.7238293131893719,0.7289046010499362,66.0,72.0,0.5641025641025641
8220,0.721,1.0,8293.0,0.7238900099356222,0.72845776901013,63.0,73.0,0.5384615384615384
8221,0.723,1.0,8294.0,0.7239672250163498,0.7285349840908576,62.0,73.0,0.5299145299145299
8222,0.724,1.0,8295.0,0.7240569083656492,0.728624667440157,61.0,73.0,0.5213675213675214
8223,0.725,1.0,8296.0,0.7241489669908221,0.7287167260653299,60.0,73.0,0.5128205128205128
8224,0.727,1.0,8297.0,0.7242333607360446,0.7288011198105524,59.0,73.0,0.5042735042735043
8225,0.726,1.0,8298.0,0.7242887377730305,0.7288564968475383,59.0,73.0,0.5042735042735043
8226,0.727,1.0,8299.0,0.7243265095783344,0.7288942686528422,59.0,73.0,0.5042735042735043
8227,0.727,1.0,8300.0,0.7243356144986772,0.728903373573185,59.0,73.0,0.5042735042735043
8228,0.726,1.0,8301.0,0.7243161585080078,0.7288839175825156,59.0,73.0,0.5042735042735043
8229,0.725,1.0,8302.0,0.724279361091066,0.7288471201655738,59.0,73.0,0.5042735042735043
8230,0.723,1.0,8303.0,0.7242361432703937,0.7288039023449014,59.0,73.0,0.5042735042735043
8231,0.722,1.0,8304.0,0.7242081533109401,0.7287759123854479,60.0,73.0,0.5128205128205128
8232,0.724,1.0,8305.0,0.7242060639078298,0.7287738229823376,60.0,73.0,0.5128205128205128
8233,0.724,1.0,8306.0,0.724207971003139,0.7287757300776468,60.0,73.0,0.5128205128205128
8234,0.723,1.0,8307.0,0.7242135279620058,0.7287812870365136,61.0,73.0,0.5213675213675214
8235,0.724,1.0,8308.0,0.7242339340844497,0.7288016931589575,61.0,73.0,0.5213675213675214
8236,0.725,1.0,8309.0,0.7242584564513281,0.7288262155258359,61.0,73.0,0.5213675213675214
8237,0.724,1.0,8310.0,0.7242762564222729,0.7288440154967807,62.0,73.0,0.5299145299145299
8238,0.726,1.0,8311.0,0.7242986669266881,0.7288664260011959,62.0,73.0,0.5299145299145299
8239,0.726,1.0,8312.0,0.7243041739279459,0.7288719330024537,63.0,73.0,0.5384615384615384
8240,0.723,1.0,8313.0,0.7242924299207171,0.7288601889952249,63.0,73.0,0.5384615384615384
8241,0.724,1.0,8314.0,0.7242967363167984,0.7288644953913062,64.0,73.0,0.5470085470085471
8242,0.724,1.0,8315.0,0.7243058495476447,0.7288736086221524,64.0,73.0,0.5470085470085471
8243,0.723,1.0,8316.0,0.7243201281083345,0.7288878871828423,65.0,73.0,0.5555555555555556
8244,0.725,1.0,8317.0,0.7243505725032767,0.7289183315777845,65.0,73.0,0.5555555555555556
8245,0.727,1.0,8319.0,0.7243892568914023,0.7285002400584593,66.0,74.0,0.5641025641025641
8246,0.727,1.0,8320.0,0.7243861240646872,0.7284971072317441,66.0,74.0,0.5641025641025641
8247,0.726,1.0,8320.0,0.7243414075096892,0.728909166584197,67.0,73.0,0.5726495726495726
8248,0.725,1.0,8321.0,0.7242936963667479,0.7288614554412557,67.0,73.0,0.5726495726495726
8249,0.725,1.0,8322.0,0.7242398491132704,0.7288076081877782,68.0,73.0,0.5811965811965812
8250,0.726,1.0,8323.0,0.724179043866654,0.7287468029411618,69.0,73.0,0.5897435897435898
8251,0.725,1.0,8324.0,0.7240993664854991,0.7286671255600069,69.0,73.0,0.5897435897435898
8252,0.723,1.0,8325.0,0.7240112639523839,0.7285790230268917,70.0,73.0,0.5982905982905983
8253,0.723,1.0,8326.0,0.7239362488298736,0.7285040079043814,70.0,73.0,0.5982905982905983
8254,0.718,1.0,8326.0,0.7238575076720968,0.728932795532661,71.0,72.0,0.6068376068376068
8255,0.717,1.0,8328.0,0.7238770289594869,0.7284447880339947,71.0,73.0,0.6068376068376068
8256,0.72,1.0,8329.0,0.7239590636717544,0.7285268227462622,72.0,73.0,0.6153846153846154
8257,0.719,1.0,8330.0,0.7240871410678749,0.7286549001423827,72.0,73.0,0.6153846153846154
8258,0.72,1.0,8331.0,0.7242735765695194,0.7288413356440272,73.0,73.0,0.6239316239316239
8259,0.723,1.0,8333.0,0.7245244666822734,0.7286354498493304,73.0,74.0,0.6239316239316239
8260,0.726,1.0,8334.0,0.7247787766701252,0.7288897598371822,74.0,74.0,0.6324786324786325
8261,0.73,1.0,8336.0,0.7250346870377542,0.7287345718881055,74.0,75.0,0.6324786324786325
8262,0.734,1.0,8337.0,0.725223143643655,0.7289230284940064,75.0,75.0,0.6410256410256411
8263,0.732,1.0,8339.0,0.7253276036761559,0.728657500041472,75.0,76.0,0.6410256410256411
8264,0.73,1.0,8340.0,0.725346881231255,0.7286767775965711,75.0,76.0,0.6410256410256411
8265,0.727,1.0,8341.0,0.7253156264355831,0.7286455228008992,76.0,76.0,0.6495726495726496
8266,0.725,1.0,8342.0,0.7252666798830726,0.7285965762483887,76.0,76.0,0.6495726495726496
8267,0.724,1.0,8342.0,0.7252099233493436,0.728909808199695,75.0,75.0,0.6410256410256411
8268,0.726,1.0,8343.0,0.7251799689400025,0.7288798537903538,75.0,75.0,0.6410256410256411
8269,0.727,1.0,8344.0,0.725142258400679,0.7288421432510304,75.0,75.0,0.6410256410256411
8270,0.726,1.0,8345.0,0.7250852051423432,0.7287850899926945,74.0,75.0,0.6324786324786325
8271,0.728,1.0,8346.0,0.7250193214025542,0.7287192062529055,74.0,75.0,0.6324786324786325
8272,0.728,1.0,8347.0,0.7249215944983015,0.7286214793486528,74.0,75.0,0.6324786324786325
8273,0.729,1.0,8347.0,0.7247777105131001,0.7288886936801571,74.0,74.0,0.6324786324786325
8274,0.729,1.0,8348.0,0.7246017117396681,0.7287126949067251,74.0,74.0,0.6324786324786325
8275,0.73,1.0,8348.0,0.7243635235112154,0.7289312825857232,73.0,73.0,0.6239316239316239
8276,0.729,1.0,8349.0,0.724079079576377,0.7286468386508848,73.0,73.0,0.6239316239316239
8277,0.73,1.0,8349.0,0.7237252241188026,0.7288005119793668,73.0,72.0,0.6239316239316239
8278,0.73,1.0,8350.0,0.7233197329812229,0.7283950208417871,73.0,72.0,0.6239316239316239
8279,0.729,1.0,8350.0,0.722823741007738,0.7284629497416982,73.0,71.0,0.6239316239316239
8280,0.727,1.0,8350.0,0.722259123934339,0.728524911416517,73.0,70.0,0.6239316239316239
8281,0.726,1.0,8350.0,0.7216418304602106,0.7286038165515194,73.0,69.0,0.6239316239316239
8282,0.728,1.0,8350.0,0.7209761128800845,0.7287116529815387,73.0,68.0,0.6239316239316239
8283,0.726,1.0,8350.0,0.7202323521097372,0.7288273966669087,73.0,67.0,0.6239316239316239
8284,0.727,1.0,8351.0,0.7194551771007774,0.7280502216579489,73.0,67.0,0.6239316239316239
8285,0.729,1.0,8351.0,0.7185665670621193,0.7281166165700875,73.0,66.0,0.6239316239316239
8286,0.729,1.0,8351.0,0.7175620299908181,0.7281731961107828,73.0,65.0,0.6239316239316239
8287,0.731,1.0,8351.0,0.7164304043638592,0.7282205889415978,73.0,64.0,0.6239316239316239
8288,0.73,1.0,8351.0,0.7151368943409433,0.7282370994273195,73.0,63.0,0.6239316239316239
8289,0.728,1.0,8351.0,0.7136782386995931,0.7282340221289001,73.0,62.0,0.6239316239316239
8290,0.721,1.0,8351.0,0.7120604523771275,0.7282335450763574,72.0,61.0,0.6153846153846154
8291,0.722,1.0,8351.0,0.7103433377477414,0.7283134407468858,72.0,60.0,0.6153846153846154
8292,0.723,1.0,8351.0,0.7084967046488855,0.7284634857590458,73.0,59.0,0.6239316239316239
8293,0.724,1.0,8351.0,0.7064889238239058,0.7286742361685284,73.0,58.0,0.6239316239316239
8294,0.726,1.0,8352.0,0.704365975551092,0.7265512878957147,73.0,58.0,0.6239316239316239
8295,0.725,1.0,8352.0,0.7019311891701363,0.726581536219717,73.0,57.0,0.6239316239316239
8296,0.725,0.0,8374.0,0.7000542091716864,0.7027514252275925,73.0,78.0,0.6239316239316239
8297,0.727,0.0,8368.0,0.6970782889402255,0.7027174976741857,73.0,71.0,0.6239316239316239
8298,0.726,0.0,8365.0,0.6937726382798082,0.7023676828369796,73.0,67.0,0.6239316239316239
8299,0.712,0.0,8363.0,0.6901044108823238,0.7018945954600624,73.0,64.0,0.6239316239316239
8300,0.684,0.0,8361.0,0.6861591451269182,0.7023322378261482,73.0,61.0,0.6239316239316239
8301,0.659,0.0,8360.0,0.682263158073378,0.7022299391835384,73.0,59.0,0.6239316239316239
8302,0.65,0.0,8360.0,0.6786842992954063,0.7008696116400289,73.0,58.0,0.6239316239316239
8303,0.651,0.0,8359.0,0.6753346352726591,0.7027239097721932,73.0,56.0,0.6239316239316239
8304,0.648,0.0,8360.0,0.6724353901121831,0.6998246646117172,73.0,56.0,0.6239316239316239
8305,0.64,0.0,8360.0,0.6697181296048962,0.7001506568266007,73.0,55.0,0.6239316239316239
8306,0.647,0.0,8360.0,0.6673310705376634,0.7011449896728907,73.0,54.0,0.6239316239316239
8307,0.638,0.0,8360.0,0.6651699122541828,0.7027409335155465,73.0,53.0,0.6239316239316239
8308,0.631,0.0,8361.0,0.663446886272264,0.7010179075336277,73.0,53.0,0.6239316239316239
8309,0.631,0.0,8362.0,0.6620982034299058,0.6996692246912695,73.0,53.0,0.6239316239316239
8310,0.631,0.0,8362.0,0.6609722582643538,0.7027178374436468,73.0,52.0,0.6239316239316239
8311,0.632,0.0,8363.0,0.6603311602706958,0.7020767394499888,73.0,52.0,0.6239316239316239
8312,0.652,0.0,8364.0,0.6600215731497414,0.7017671523290344,73.0,52.0,0.6239316239316239
8313,0.653,0.0,8365.0,0.6598168900539979,0.7015624692332909,73.0,52.0,0.6239316239316239
8314,0.658,0.0,8366.0,0.6597033301313007,0.7014489093105937,73.0,52.0,0.6239316239316239
8315,0.655,0.0,8367.0,0.6596249549034735,0.7013705340827665,73.0,52.0,0.6239316239316239
8316,0.663,0.0,8368.0,0.6596127767583926,0.7013583559376856,73.0,52.0,0.6239316239316239
8317,0.659,0.0,8369.0,0.6595781450075231,0.7013237241868161,73.0,52.0,0.6239316239316239
8318,0.651,0.0,8370.0,0.6595666353217422,0.7013122145010352,74.0,52.0,0.6324786324786325
8319,0.65,0.0,8371.0,0.659667579959835,0.701413159139128,74.0,52.0,0.6324786324786325
8320,0.644,0.0,8372.0,0.6598929479837135,0.7016385271630065,73.0,52.0,0.6239316239316239
8321,0.642,0.0,8373.0,0.6603105039823208,0.7020560831616138,73.0,52.0,0.6239316239316239
8322,0.649,0.0,8374.0,0.6609468680040425,0.7026924471833355,73.0,52.0,0.6239316239316239
8323,0.646,0.0,8376.0,0.6618759704286312,0.6994469916899949,73.0,53.0,0.6239316239316239
8324,0.638,0.0,8377.0,0.6628534344390342,0.7004244557003979,73.0,53.0,0.6239316239316239
8325,0.64,0.0,8378.0,0.66412061283708,0.7016916340984437,73.0,53.0,0.6239316239316239
8326,0.653,0.0,8380.0,0.6657956215661835,0.6996095407014109,72.0,54.0,0.6153846153846154
8327,0.649,0.0,8381.0,0.6674973204359985,0.7013112395712259,73.0,54.0,0.6239316239316239
8328,0.659,0.0,8383.0,0.6695315252531883,0.6999640524748928,73.0,55.0,0.6239316239316239
8329,0.664,0.0,8384.0,0.671580445674812,0.7020129728965165,73.0,55.0,0.6239316239316239
8330,0.683,0.0,8386.0,0.6738276191449639,0.701216893644498,73.0,56.0,0.6239316239316239
8331,0.691,0.0,8388.0,0.6759750251680192,0.7006253722175999,73.0,57.0,0.6239316239316239
8332,0.696,0.0,8389.0,0.6778727656511234,0.7025231127007041,74.0,57.0,0.6324786324786325
8333,0.702,0.0,8391.0,0.6796628545550965,0.7018481668997191,74.0,58.0,0.6324786324786325
8334,0.703,0.0,8393.0,0.6812028496878562,0.7011696307980165,74.0,59.0,0.6324786324786325
8335,0.702,0.0,8394.0,0.6824330404354542,0.7023998215456145,75.0,59.0,0.6410256410256411
8336,0.702,0.0,8396.0,0.6835228712786448,0.7014929742777891,75.0,60.0,0.6410256410256411
8337,0.703,0.0,8397.0,0.6843458105280553,0.7023159135271997,75.0,60.0,0.6410256410256411
8338,0.699,0.0,8399.0,0.6850296444436164,0.7012027371428463,76.0,61.0,0.6495726495726496
8339,0.698,0.0,8400.0,0.6855026933568296,0.7016757860560595,76.0,61.0,0.6495726495726496
8340,0.697,0.0,8401.0,0.6858434802267315,0.7020165729259614,76.0,61.0,0.6495726495726496
8341,0.694,0.0,8402.0,0.686066349395196,0.7022394420944259,76.0,61.0,0.6495726495726496
8342,0.683,0.0,8403.0,0.686207093495343,0.702380186194573,75.0,61.0,0.6410256410256411
8343,0.686,0.0,8404.0,0.6863894815484215,0.7025625742476515,75.0,61.0,0.6410256410256411
8344,0.687,0.0,8405.0,0.6865826153384152,0.7027557080376452,75.0,61.0,0.6410256410256411
8345,0.685,0.0,8407.0,0.6868338801450398,0.7013896635743467,75.0,62.0,0.6410256410256411
8346,0.685,0.0,8408.0,0.6870549821854656,0.7016107656147725,75.0,62.0,0.6410256410256411
8347,0.682,0.0,8409.0,0.6873046017777615,0.7018603852070685,74.0,62.0,0.6324786324786325
8348,0.684,0.0,8410.0,0.6876189300766118,0.7021747135059188,73.0,62.0,0.6239316239316239
8349,0.681,0.0,8411.0,0.687979099499552,0.702534882928859,72.0,62.0,0.6153846153846154
8350,0.677,0.0,8413.0,0.6884718353338497,0.7015720404202259,67.0,63.0,0.5726495726495726
8351,0.678,0.0,8414.0,0.6890466196626098,0.702146824748986,58.0,63.0,0.49572649572649574
8352,0.68,0.0,8416.0,0.6897940490963775,0.7015842336741162,57.0,64.0,0.48717948717948717
8353,0.678,0.0,8417.0,0.6906102953400023,0.7024004799177409,58.0,64.0,0.49572649572649574
8354,0.691,0.0,8419.0,0.6916121226512417,0.7022232887712064,59.0,65.0,0.5042735042735043
8355,0.699,0.0,8421.0,0.692620287784858,0.7021703372928262,60.0,66.0,0.5128205128205128
8356,0.703,0.0,8423.0,0.6935574114105973,0.7021524559677688,61.0,67.0,0.5213675213675214
8357,0.703,0.0,8425.0,0.6943894500081602,0.7021249901096145,62.0,68.0,0.5299145299145299
8358,0.699,0.0,8427.0,0.6951255064064317,0.7020874924977405,63.0,69.0,0.5384615384615384
8359,0.696,0.0,8428.0,0.695794798152737,0.7027567842440459,63.0,69.0,0.5384615384615384
8360,0.69,0.0,8430.0,0.6964879869462205,0.7027537744283985,58.0,70.0,0.49572649572649574
8361,0.689,0.0,8433.0,0.6972716878774183,0.7023469757379825,57.0,72.0,0.48717948717948717
8362,0.69,0.0,8435.0,0.6981260093291293,0.7026937684036371,56.0,73.0,0.47863247863247865
8363,0.691,0.0,8439.0,0.6990963501285383,0.7024262464938544,55.0,76.0,0.4700854700854701
8364,0.698,0.0,8443.0,0.7001467203508849,0.7025742148012003,55.0,79.0,0.4700854700854701
8365,0.7,0.0,8449.0,0.7012252922707218,0.7026587034686886,54.0,84.0,0.46153846153846156
8366,0.7,1.0,8427.0,0.7017907567820892,0.7179638494813192,54.0,61.0,0.46153846153846156
8367,0.704,1.0,8424.0,0.7025881651496741,0.7272385121992548,54.0,57.0,0.46153846153846156
8368,0.701,1.0,8425.0,0.7036685514693969,0.7283188985189776,53.0,57.0,0.452991452991453
8369,0.7,1.0,8427.0,0.7048714034045767,0.7270567157491993,53.0,58.0,0.452991452991453
8370,0.706,1.0,8428.0,0.706052811864518,0.7282381242091406,53.0,58.0,0.452991452991453
8371,0.714,1.0,8430.0,0.7073182238973698,0.7272850050075301,53.0,59.0,0.452991452991453
8372,0.72,1.0,8431.0,0.7084412336881152,0.7284080147982755,53.0,59.0,0.452991452991453
8373,0.719,1.0,8433.0,0.7095094376201969,0.7274795406193413,53.0,60.0,0.452991452991453
8374,0.717,1.0,8434.0,0.7104117167336035,0.7283818197327478,52.0,60.0,0.4444444444444444
8375,0.721,1.0,8436.0,0.7113071212955704,0.7274802139948003,53.0,61.0,0.452991452991453
8376,0.725,1.0,8437.0,0.71204076651488,0.72821385921411,53.0,61.0,0.452991452991453
8377,0.726,1.0,8438.0,0.712636446856091,0.7288095395553209,53.0,61.0,0.452991452991453
8378,0.722,1.0,8440.0,0.7131438667633998,0.7276996501927068,53.0,62.0,0.452991452991453
8379,0.717,1.0,8441.0,0.7135042688736483,0.7280600523029552,54.0,62.0,0.46153846153846156
8380,0.711,1.0,8442.0,0.7138303648026162,0.7283861482319232,54.0,62.0,0.46153846153846156
8381,0.708,1.0,8443.0,0.7141936625943148,0.7287494460236218,54.0,62.0,0.46153846153846156
8382,0.709,1.0,8445.0,0.7146800489486592,0.7277802540350354,55.0,63.0,0.4700854700854701
8383,0.713,1.0,8446.0,0.7151860611719467,0.7282862662583229,55.0,63.0,0.4700854700854701
8384,0.712,1.0,8447.0,0.7157216375200699,0.7288218426064461,55.0,63.0,0.4700854700854701
8385,0.711,1.0,8449.0,0.7163472154209775,0.7281373999987161,56.0,64.0,0.47863247863247865
8386,0.713,1.0,8450.0,0.716991778904182,0.7287819634819206,56.0,64.0,0.47863247863247865
8387,0.716,1.0,8452.0,0.717722196936035,0.7283333630559997,57.0,65.0,0.48717948717948717
8388,0.724,1.0,8454.0,0.7184711864221481,0.7280212359301164,57.0,66.0,0.48717948717948717
8389,0.73,1.0,8455.0,0.7191284207259263,0.7286784702338945,57.0,66.0,0.48717948717948717
8390,0.729,1.0,8457.0,0.7196995917265949,0.7282946362837663,58.0,67.0,0.49572649572649574
8391,0.723,1.0,8458.0,0.7201398302408231,0.7287348747979945,58.0,67.0,0.49572649572649574
8392,0.719,1.0,8460.0,0.7205791769669738,0.7283147170684281,59.0,68.0,0.5042735042735043
8393,0.716,1.0,8461.0,0.7210108074584325,0.7287463475598868,59.0,68.0,0.5042735042735043
8394,0.72,1.0,8463.0,0.721526128457496,0.7284881145488048,59.0,69.0,0.5042735042735043
8395,0.726,1.0,8465.0,0.7220579557424265,0.7283237432246045,60.0,70.0,0.5128205128205128
8396,0.728,1.0,8466.0,0.7225259913757551,0.7287917788579331,60.0,70.0,0.5128205128205128
8397,0.73,1.0,8468.0,0.7229573411639743,0.7285965498979344,60.0,71.0,0.5128205128205128
8398,0.727,1.0,8469.0,0.7232917941824715,0.7289310029164316,61.0,71.0,0.5213675213675214
8399,0.723,1.0,8471.0,0.7236068627158985,0.7286821505764627,61.0,72.0,0.5213675213675214
8400,0.725,1.0,8473.0,0.7239288798511097,0.7284966389256174,61.0,73.0,0.5213675213675214
8401,0.73,1.0,8474.0,0.7242231863967676,0.7287909454712754,61.0,73.0,0.5213675213675214
8402,0.728,1.0,8476.0,0.724470884784798,0.728581867951855,61.0,74.0,0.5213675213675214
8403,0.726,1.0,8477.0,0.7246651402887642,0.7287761234558211,61.0,74.0,0.5213675213675214
8404,0.724,1.0,8479.0,0.7248604259221596,0.7285603107725109,61.0,75.0,0.5213675213675214
8405,0.727,1.0,8480.0,0.7250523495089125,0.7287522343592638,61.0,75.0,0.5213675213675214
8406,0.732,1.0,8481.0,0.7252240170705104,0.7289239019208618,62.0,75.0,0.5299145299145299
8407,0.733,1.0,8483.0,0.7253344808103248,0.7286643771756409,62.0,76.0,0.5299145299145299
8408,0.732,1.0,8484.0,0.7253483207763554,0.7286782171416715,62.0,76.0,0.5299145299145299
8409,0.733,1.0,8485.0,0.725289578143695,0.7286194745090111,62.0,76.0,0.5299145299145299
8410,0.735,1.0,8485.0,0.7251336654991529,0.7288335503495043,62.0,75.0,0.5299145299145299
8411,0.735,1.0,8486.0,0.7248823033166127,0.7285821881669641,62.0,75.0,0.5299145299145299
8412,0.729,1.0,8486.0,0.7245057635212249,0.7286167466882818,63.0,74.0,0.5384615384615384
8413,0.723,1.0,8486.0,0.7240792877649618,0.7286470468394696,63.0,73.0,0.5384615384615384
8414,0.721,1.0,8486.0,0.7236648040949756,0.7287400919555398,63.0,72.0,0.5384615384615384
8415,0.722,1.0,8486.0,0.7232799293593783,0.7289191380933385,64.0,71.0,0.5470085470085471
8416,0.723,1.0,8487.0,0.7229307050542966,0.7285699137882568,64.0,71.0,0.5470085470085471
8417,0.728,1.0,8487.0,0.7225614247115033,0.7288272121936813,64.0,70.0,0.5470085470085471
8418,0.73,1.0,8488.0,0.7221555917024836,0.7284213791846615,65.0,70.0,0.5555555555555556
8419,0.731,1.0,8488.0,0.7216411102479883,0.7286030963392971,65.0,69.0,0.5555555555555556
8420,0.728,1.0,8488.0,0.7210226411295819,0.7287581812310362,66.0,68.0,0.5641025641025641
8421,0.724,1.0,8488.0,0.7203266458015039,0.7289216903586753,66.0,67.0,0.5641025641025641
8422,0.724,1.0,8489.0,0.7196226323073229,0.7282176768644943,67.0,67.0,0.5726495726495726
8423,0.725,1.0,8489.0,0.7188404642018422,0.7283905137098104,67.0,66.0,0.5726495726495726
8424,0.723,1.0,8489.0,0.7179898568097154,0.7286010229296801,67.0,65.0,0.5726495726495726
8425,0.722,1.0,8489.0,0.7170835811599185,0.7288737657376572,66.0,64.0,0.5641025641025641
8426,0.719,1.0,8490.0,0.7161677916035318,0.7279579761812704,67.0,64.0,0.5726495726495726
8427,0.718,1.0,8490.0,0.7151799313924923,0.7282801364788685,65.0,63.0,0.5555555555555556
8428,0.718,1.0,8490.0,0.7141607370858136,0.7287165205151206,64.0,62.0,0.5470085470085471
8429,0.718,1.0,8491.0,0.7131546559356612,0.7277104393649682,65.0,62.0,0.5555555555555556
8430,0.714,1.0,8491.0,0.712044543159223,0.728217635858453,64.0,61.0,0.5470085470085471
8431,0.712,1.0,8491.0,0.7109127030845538,0.7288828060836982,64.0,60.0,0.5470085470085471
8432,0.706,1.0,8492.0,0.7098372574834221,0.7278073604825664,65.0,60.0,0.5555555555555556
8433,0.706,1.0,8492.0,0.7087428200812127,0.7287096011913731,64.0,59.0,0.5470085470085471
8434,0.702,1.0,8493.0,0.7077546271375802,0.7277214082477406,64.0,59.0,0.5470085470085471
8435,0.704,1.0,8494.0,0.7068380564517879,0.7268048375619482,64.0,59.0,0.5470085470085471
8436,0.699,1.0,8494.0,0.7058847333351739,0.7280700456797965,64.0,58.0,0.5470085470085471
8437,0.698,1.0,8495.0,0.7050922114425271,0.7272775237871497,64.0,58.0,0.5470085470085471
8438,0.699,1.0,8496.0,0.7043869223179329,0.7265722346625555,64.0,58.0,0.5470085470085471
8439,0.703,1.0,8496.0,0.7036656141175412,0.7283159611671219,64.0,57.0,0.5470085470085471
8440,0.704,1.0,8497.0,0.7030449837323491,0.7276953307819298,64.0,57.0,0.5470085470085471
8441,0.702,1.0,8498.0,0.7024225513108979,0.7270728983604786,64.0,57.0,0.5470085470085471
8442,0.691,1.0,8499.0,0.7018142199574917,0.7264645670070724,64.0,57.0,0.5470085470085471
8443,0.697,1.0,8507.0,0.7017767489003366,0.7135669334780752,63.0,64.0,0.5384615384615384
8444,0.703,0.0,8532.0,0.7017302849444804,0.7026707460314664,64.0,88.0,0.5470085470085471
8445,0.703,0.0,8529.0,0.7012795270942265,0.7027129382921933,64.0,84.0,0.5470085470085471
8446,0.705,0.0,8528.0,0.7008155843379971,0.7025852277922771,64.0,82.0,0.5470085470085471
8447,0.711,0.0,8526.0,0.7002948495038206,0.702722343954136,64.0,79.0,0.5470085470085471
8448,0.711,0.0,8525.0,0.6996590635686559,0.7026559702974404,65.0,77.0,0.5555555555555556
8449,0.705,0.0,8524.0,0.6988938077993643,0.7025936926497156,64.0,75.0,0.5470085470085471
8450,0.694,0.0,8523.0,0.6980563795490262,0.702624138623534,64.0,73.0,0.5470085470085471
8451,0.685,0.0,8523.0,0.6972781791103884,0.7023534669709526,65.0,72.0,0.5555555555555556
8452,0.676,0.0,8523.0,0.6966364028840883,0.7022756116180485,65.0,71.0,0.5555555555555556
8453,0.674,0.0,8523.0,0.6962239200231668,0.7024897075053448,66.0,70.0,0.5641025641025641
8454,0.677,0.0,8524.0,0.6960823444885238,0.7023481319707018,66.0,70.0,0.5641025641025641
8455,0.68,0.0,8525.0,0.6961550605805954,0.7024208480627734,66.0,70.0,0.5641025641025641
8456,0.682,0.0,8526.0,0.696409595687153,0.702675383169331,67.0,70.0,0.5726495726495726
8457,0.69,0.0,8528.0,0.6968478660268302,0.7024870747607904,67.0,71.0,0.5726495726495726
8458,0.693,0.0,8530.0,0.6973621555027002,0.7024374433632644,67.0,72.0,0.5726495726495726
8459,0.69,0.0,8532.0,0.6979251217269674,0.7024928808014752,68.0,73.0,0.5811965811965812
8460,0.685,0.0,8534.0,0.6985760102306233,0.7026869933976803,68.0,74.0,0.5811965811965812
8461,0.686,0.0,8537.0,0.6993903923548671,0.7027202887201832,68.0,76.0,0.5811965811965812
8462,0.689,0.0,8542.0,0.7003673606042098,0.7025521056094937,69.0,80.0,0.5897435897435898
8463,0.685,0.0,8548.0,0.7014628298040044,0.7027528998821745,69.0,85.0,0.5897435897435898
8464,0.683,1.0,8521.0,0.7019127375084424,0.7265630845580231,70.0,57.0,0.5982905982905983
8465,0.678,1.0,8522.0,0.70338079813389,0.7280311451834707,70.0,57.0,0.5982905982905983
8466,0.687,1.0,8524.0,0.7052256546988309,0.7274109670434535,70.0,58.0,0.5982905982905983
8467,0.704,1.0,8526.0,0.7072719209490665,0.7272387020592269,71.0,59.0,0.6068376068376068
8468,0.718,1.0,8528.0,0.7093538588024231,0.7273239618015674,71.0,60.0,0.6068376068376068
8469,0.722,1.0,8530.0,0.7113395108874252,0.7275126035866551,71.0,61.0,0.6068376068376068
8470,0.727,1.0,8532.0,0.7132073770414147,0.7277631604707216,72.0,62.0,0.6153846153846154
8471,0.731,1.0,8534.0,0.7149215628166337,0.7280217679030099,72.0,63.0,0.6153846153846154
8472,0.732,1.0,8536.0,0.716457140658884,0.7282473252366226,73.0,64.0,0.6239316239316239
8473,0.734,1.0,8538.0,0.7178203241266655,0.7284314902466302,73.0,65.0,0.6239316239316239
8474,0.735,1.0,8540.0,0.7190036775698339,0.7285537270778021,73.0,66.0,0.6239316239316239
8475,0.733,1.0,8542.0,0.7200093493868719,0.7286043939440433,74.0,67.0,0.6324786324786325
8476,0.733,1.0,8544.0,0.7208705901673886,0.7286061302688429,74.0,68.0,0.6324786324786325
8477,0.735,1.0,8546.0,0.7215970230855112,0.72855900917682,74.0,69.0,0.6324786324786325
8478,0.734,1.0,8548.0,0.7221744937316816,0.7284402812138596,75.0,70.0,0.6410256410256411
8479,0.734,1.0,8549.0,0.7225993354397606,0.7288651229219386,75.0,70.0,0.6410256410256411
8480,0.731,1.0,8551.0,0.7229215604233195,0.7285607691572796,75.0,71.0,0.6410256410256411
8481,0.729,1.0,8552.0,0.7231346676411567,0.7287738763751169,75.0,71.0,0.6410256410256411
8482,0.726,1.0,8553.0,0.7232847058467058,0.728923914580666,76.0,71.0,0.6495726495726496
8483,0.726,1.0,8555.0,0.7234258992302465,0.7285011870908107,76.0,72.0,0.6495726495726496
8484,0.726,1.0,8556.0,0.7235211046263947,0.728596392486959,76.0,72.0,0.6495726495726496
8485,0.729,1.0,8557.0,0.7235907461028797,0.7286660339634439,75.0,72.0,0.6410256410256411
8486,0.728,1.0,8558.0,0.7236021359027522,0.7286774237633165,71.0,72.0,0.6068376068376068
8487,0.722,1.0,8559.0,0.7235664235407193,0.7286417114012835,70.0,72.0,0.5982905982905983
8488,0.724,1.0,8560.0,0.7235501566846554,0.7286254445452196,67.0,72.0,0.5726495726495726
8489,0.725,1.0,8561.0,0.7235308388773478,0.728606126737912,64.0,72.0,0.5470085470085471
8490,0.727,1.0,8562.0,0.7234971737486279,0.7285724616091921,62.0,72.0,0.5299145299145299
8491,0.728,1.0,8563.0,0.7234266237857785,0.7285019116463427,60.0,72.0,0.5128205128205128
8492,0.724,1.0,8563.0,0.723287804883828,0.7289270136177882,59.0,71.0,0.5042735042735043
8493,0.721,1.0,8564.0,0.7231626500962277,0.7288018588301879,59.0,71.0,0.5042735042735043
8494,0.722,1.0,8565.0,0.7230637121735289,0.7287029209074891,58.0,71.0,0.49572649572649574
8495,0.722,1.0,8566.0,0.722978753982327,0.7286179627162872,58.0,71.0,0.49572649572649574
8496,0.722,1.0,8567.0,0.7229067128225358,0.728545921556496,57.0,71.0,0.48717948717948717
8497,0.719,1.0,8568.0,0.7228468060448521,0.7284860147788123,57.0,71.0,0.48717948717948717
8498,0.715,1.0,8569.0,0.7228317221277775,0.7284709308617376,57.0,71.0,0.48717948717948717
8499,0.716,1.0,8570.0,0.7229058507008533,0.7285450594348135,57.0,71.0,0.48717948717948717
8500,0.718,1.0,8571.0,0.723058939919835,0.7286981486537952,58.0,71.0,0.49572649572649574
8501,0.722,1.0,8572.0,0.7232705071378828,0.728909715871843,59.0,71.0,0.5042735042735043
8502,0.723,1.0,8574.0,0.7235173678147049,0.7285926556752691,60.0,72.0,0.5128205128205128
8503,0.725,1.0,8575.0,0.7237522482409439,0.7288275361015081,61.0,72.0,0.5213675213675214
8504,0.725,1.0,8577.0,0.7239909134044827,0.7285586724789905,62.0,73.0,0.5299145299145299
8505,0.725,1.0,8578.0,0.7242028793873918,0.7287706384618996,63.0,73.0,0.5384615384615384
8506,0.726,1.0,8580.0,0.7244214972187051,0.728532480385762,64.0,74.0,0.5470085470085471
8507,0.725,1.0,8581.0,0.724610048449943,0.728721031617,64.0,74.0,0.5470085470085471
8508,0.724,1.0,8582.0,0.7247957208760165,0.7289067040430735,65.0,74.0,0.5555555555555556
8509,0.726,1.0,8584.0,0.7250052116059369,0.7287050964562882,66.0,75.0,0.5641025641025641
8510,0.728,1.0,8585.0,0.7251922028561368,0.7288920877064882,67.0,75.0,0.5726495726495726
8511,0.729,1.0,8587.0,0.7253617852469387,0.7286916816122548,68.0,76.0,0.5811965811965812
8512,0.731,1.0,8588.0,0.7254799052992105,0.7288098016645266,69.0,76.0,0.5897435897435898
8513,0.731,1.0,8589.0,0.7255380089038481,0.7288679052691642,70.0,76.0,0.5982905982905983
8514,0.729,1.0,8590.0,0.7255367504193434,0.7288666467846595,71.0,76.0,0.6068376068376068
8515,0.729,1.0,8591.0,0.7254982767445615,0.7288281731098776,72.0,76.0,0.6153846153846154
8516,0.73,1.0,8592.0,0.7254220745179518,0.7287519708832679,73.0,76.0,0.6239316239316239
8517,0.73,1.0,8593.0,0.7252962490297701,0.7286261453950862,74.0,76.0,0.6324786324786325
8518,0.731,1.0,8593.0,0.7251069764478633,0.7288068612982146,75.0,75.0,0.6410256410256411
8519,0.729,1.0,8594.0,0.7248660127658251,0.7285658976161764,76.0,75.0,0.6495726495726496
8520,0.727,1.0,8594.0,0.7245667076468923,0.7286776908139493,77.0,74.0,0.6581196581196581
8521,0.722,1.0,8594.0,0.7242403659462586,0.7288081250207664,77.0,73.0,0.6581196581196581
8522,0.723,1.0,8595.0,0.7239559861950196,0.7285237452695273,77.0,73.0,0.6581196581196581
8523,0.727,1.0,8595.0,0.7236668664176216,0.7287421542781858,74.0,72.0,0.6324786324786325
8524,0.727,1.0,8596.0,0.7233595705238498,0.728434858384414,72.0,72.0,0.6153846153846154
8525,0.723,1.0,8596.0,0.7229948525825888,0.728634061316549,71.0,71.0,0.6068376068376068
8526,0.721,1.0,8596.0,0.7226300774478014,0.7288958649299794,69.0,70.0,0.5897435897435898
8527,0.721,1.0,8597.0,0.7223066636539976,0.7285724511361756,70.0,70.0,0.5982905982905983
8528,0.716,1.0,8598.0,0.7220001592378305,0.7282659467200084,68.0,70.0,0.5811965811965812
8529,0.716,1.0,8598.0,0.7217393394651392,0.7287013255564481,68.0,69.0,0.5811965811965812
8530,0.719,1.0,8599.0,0.7215684158998084,0.7285304019911172,67.0,69.0,0.5726495726495726
8531,0.722,1.0,8600.0,0.7214285695817412,0.72839055567305,68.0,69.0,0.5811965811965812
8532,0.721,1.0,8601.0,0.7212849060012199,0.7282468920925287,66.0,69.0,0.5641025641025641
8533,0.72,1.0,8601.0,0.7211210267622776,0.7288565668637319,67.0,68.0,0.5726495726495726
8534,0.717,1.0,8602.0,0.7209985505815759,0.7287340906830302,66.0,68.0,0.5641025641025641
8535,0.717,1.0,8603.0,0.7209234381745717,0.728658978276026,67.0,68.0,0.5726495726495726
8536,0.721,1.0,8604.0,0.7208948997436699,0.7286304398451242,67.0,68.0,0.5726495726495726
8537,0.721,1.0,8605.0,0.7208681004666855,0.7286036405681398,67.0,68.0,0.5726495726495726
8538,0.722,1.0,8606.0,0.7208427018605057,0.72857824196196,67.0,68.0,0.5726495726495726
8539,0.72,1.0,8607.0,0.7208074286760536,0.7285429687775079,68.0,68.0,0.5811965811965812
8540,0.722,1.0,8608.0,0.7207842007806916,0.7285197408821459,68.0,68.0,0.5811965811965812
8541,0.722,1.0,8609.0,0.7207503098696048,0.728485849971059,69.0,68.0,0.5897435897435898
8542,0.721,1.0,8610.0,0.7207052490943344,0.7284407891957887,68.0,68.0,0.5811965811965812
8543,0.72,1.0,8611.0,0.7206597713875011,0.7283953114889554,69.0,68.0,0.5897435897435898
8544,0.721,1.0,8612.0,0.7206246006211331,0.7283601407225874,69.0,68.0,0.5897435897435898
8545,0.72,1.0,8613.0,0.7205881616137624,0.7283237017152167,70.0,68.0,0.5982905982905983
8546,0.72,1.0,8614.0,0.7205610791719015,0.7282966192733558,70.0,68.0,0.5982905982905983
8547,0.718,1.0,8615.0,0.7205430442368568,0.728278584338311,71.0,68.0,0.6068376068376068
8548,0.721,1.0,8616.0,0.720556274066854,0.7282918141683082,70.0,68.0,0.5982905982905983
8549,0.723,1.0,8617.0,0.7205677166807885,0.7283032567822427,70.0,68.0,0.5982905982905983
8550,0.725,1.0,8618.0,0.7205549350042938,0.7282904751057481,71.0,68.0,0.6068376068376068
8551,0.728,1.0,8619.0,0.7204956747226157,0.7282312148240699,71.0,68.0,0.6068376068376068
8552,0.728,1.0,8619.0,0.720326833996044,0.7289218785532154,71.0,67.0,0.6068376068376068
8553,0.726,1.0,8620.0,0.720105035142133,0.7287000796993044,71.0,67.0,0.6068376068376068
8554,0.723,1.0,8621.0,0.7198208761318073,0.7284159206889788,72.0,67.0,0.6153846153846154
8555,0.721,1.0,8622.0,0.7195042977432649,0.7280993423004363,72.0,67.0,0.6153846153846154
8556,0.721,1.0,8622.0,0.7191423975156453,0.7286924470236136,72.0,66.0,0.6153846153846154
8557,0.723,1.0,8623.0,0.7187951421801828,0.728345191688151,72.0,66.0,0.6153846153846154
8558,0.72,1.0,8624.0,0.7184047952210914,0.7279548447290596,72.0,66.0,0.6153846153846154
8559,0.714,1.0,8624.0,0.7179648768625178,0.7285760429824825,72.0,65.0,0.6153846153846154
8560,0.719,1.0,8625.0,0.7176084973989205,0.7282196635188852,72.0,65.0,0.6153846153846154
8561,0.72,1.0,8626.0,0.7172406611143154,0.7278518272342801,72.0,65.0,0.6153846153846154
8562,0.722,1.0,8626.0,0.7168065790084865,0.7285967635862252,72.0,64.0,0.6153846153846154
8563,0.726,1.0,8627.0,0.7163583538543088,0.7281485384320474,71.0,64.0,0.6068376068376068
8564,0.727,1.0,8627.0,0.7157637938321111,0.7288639989184873,71.0,63.0,0.6068376068376068
8565,0.728,1.0,8628.0,0.7150927888850866,0.7281929939714629,71.0,63.0,0.6068376068376068
8566,0.728,1.0,8628.0,0.7142348088518948,0.7287905922812018,71.0,62.0,0.6068376068376068
8567,0.724,1.0,8629.0,0.7132779684772386,0.7278337519065455,71.0,62.0,0.6068376068376068
8568,0.721,1.0,8629.0,0.7121533168148333,0.7283264095140632,71.0,61.0,0.6068376068376068
8569,0.719,1.0,8629.0,0.710930368672593,0.7289004716717373,71.0,60.0,0.6068376068376068
8570,0.721,1.0,8630.0,0.7096844365001236,0.727654539499268,71.0,60.0,0.6068376068376068
8571,0.724,1.0,8630.0,0.7082527651582541,0.7282195462684145,71.0,59.0,0.6068376068376068
8572,0.728,1.0,8630.0,0.7066461245403651,0.7288314368849877,71.0,58.0,0.6068376068376068
8573,0.727,1.0,8631.0,0.704884070765663,0.7270693831102856,72.0,58.0,0.6153846153846154
8574,0.713,1.0,8631.0,0.702802617530448,0.7274529645800287,72.0,57.0,0.6153846153846154
8575,0.705,0.0,8660.0,0.7014584290609172,0.7027484991390872,72.0,85.0,0.6153846153846154
8576,0.694,0.0,8652.0,0.6992459058037146,0.7025758021690307,73.0,76.0,0.6239316239316239
8577,0.668,0.0,8648.0,0.6970840860471343,0.7027232947810945,73.0,71.0,0.6239316239316239
8578,0.651,0.0,8647.0,0.6952806424125014,0.7022426285038103,73.0,69.0,0.6239316239316239
8579,0.646,0.0,8646.0,0.6939615860830787,0.7025566306402501,74.0,67.0,0.6324786324786325
8580,0.65,0.0,8646.0,0.6932009391200032,0.7027509886279715,74.0,66.0,0.6324786324786325
8581,0.652,0.0,8647.0,0.692955285930845,0.7025053354388132,74.0,66.0,0.6324786324786325
8582,0.654,0.0,8648.0,0.6931682903350134,0.7027183398429816,74.0,66.0,0.6324786324786325
8583,0.667,0.0,8650.0,0.6938520995444236,0.702447144101595,75.0,67.0,0.6410256410256411
8584,0.682,0.0,8652.0,0.6948344554111605,0.7025699955126148,75.0,68.0,0.6410256410256411
8585,0.693,0.0,8655.0,0.6959824556263796,0.7022482431085576,75.0,70.0,0.6410256410256411
8586,0.7,0.0,8658.0,0.6971571321219572,0.7022324199825214,76.0,72.0,0.6495726495726496
8587,0.702,0.0,8661.0,0.698294510459023,0.70240549362608,76.0,74.0,0.6495726495726496
8588,0.702,0.0,8664.0,0.6993861026764323,0.7027159990417484,76.0,76.0,0.6495726495726496
8589,0.707,0.0,8669.0,0.7004624166025082,0.7026471616077921,76.0,80.0,0.6495726495726496
8590,0.712,0.0,8675.0,0.7014585775212114,0.7027486475993815,76.0,85.0,0.6495726495726496
8591,0.713,1.0,8652.0,0.7018080679333453,0.7179811606325752,76.0,61.0,0.6495726495726496
8592,0.709,1.0,8649.0,0.7022553391140816,0.7269056861636622,76.0,57.0,0.6495726495726496
8593,0.709,1.0,8650.0,0.7029200253680103,0.727570372417591,75.0,57.0,0.6410256410256411
8594,0.708,1.0,8651.0,0.7035266921403986,0.7281770391899793,73.0,57.0,0.6239316239316239
8595,0.71,1.0,8652.0,0.7040921922965241,0.7287425393461048,72.0,57.0,0.6153846153846154
8596,0.706,1.0,8654.0,0.7046828153174431,0.7268681276620658,70.0,58.0,0.5982905982905983
8597,0.705,1.0,8655.0,0.7051860234520295,0.7273713357966521,70.0,58.0,0.5982905982905983
8598,0.707,1.0,8656.0,0.7056996939031119,0.7278850062477346,69.0,58.0,0.5897435897435898
8599,0.713,1.0,8657.0,0.7062072068096014,0.728392519154224,69.0,58.0,0.5897435897435898
8600,0.711,1.0,8658.0,0.7066473010075225,0.7288326133521451,69.0,58.0,0.5897435897435898
8601,0.709,1.0,8660.0,0.7071219348925932,0.7270887160027536,68.0,59.0,0.5811965811965812
8602,0.711,1.0,8661.0,0.7075087391090376,0.7274755202191979,68.0,59.0,0.5811965811965812
8603,0.712,1.0,8662.0,0.7078640026319972,0.7278307837421576,68.0,59.0,0.5811965811965812
8604,0.714,1.0,8663.0,0.7081806457934952,0.7281474269036555,68.0,59.0,0.5811965811965812
8605,0.714,1.0,8664.0,0.7084407948264011,0.7284075759365615,68.0,59.0,0.5811965811965812
8606,0.713,1.0,8665.0,0.7086468883957413,0.7286136695059017,68.0,59.0,0.5811965811965812
8607,0.715,1.0,8666.0,0.7088120332938748,0.7287788144040351,68.0,59.0,0.5811965811965812
8608,0.719,1.0,8667.0,0.7089156215564163,0.7288824026665767,68.0,59.0,0.5811965811965812
8609,0.717,1.0,8668.0,0.7089145383697633,0.7288813194799236,68.0,59.0,0.5811965811965812
8610,0.712,1.0,8669.0,0.7088311935885419,0.7287979746987022,68.0,59.0,0.5811965811965812
8611,0.711,1.0,8670.0,0.7087203323123369,0.7286871134224973,68.0,59.0,0.5811965811965812
8612,0.713,1.0,8671.0,0.7085919599662873,0.7285587410764477,68.0,59.0,0.5811965811965812
8613,0.713,1.0,8672.0,0.708422354406945,0.7283891355171054,68.0,59.0,0.5811965811965812
8614,0.711,1.0,8673.0,0.7082094419691163,0.7281762230792767,68.0,59.0,0.5811965811965812
8615,0.709,1.0,8674.0,0.7079729740929483,0.7279397552031087,68.0,59.0,0.5811965811965812
8616,0.712,1.0,8675.0,0.7077314841877684,0.7276982652979288,68.0,59.0,0.5811965811965812
8617,0.718,1.0,8676.0,0.7074491553668852,0.7274159364770456,68.0,59.0,0.5811965811965812
8618,0.715,1.0,8677.0,0.7070566253476849,0.7270234064578452,68.0,59.0,0.5811965811965812
8619,0.715,1.0,8677.0,0.706510008285455,0.7286953206300776,67.0,58.0,0.5726495726495726
8620,0.714,1.0,8678.0,0.7059507933432221,0.7281361056878447,67.0,58.0,0.5726495726495726
8621,0.712,1.0,8679.0,0.7053111336612088,0.7274964460058314,67.0,58.0,0.5726495726495726
8622,0.705,1.0,8680.0,0.7046057588079917,0.7267910711526143,66.0,58.0,0.5641025641025641
8623,0.702,1.0,8680.0,0.7038213907887267,0.7284717378383074,66.0,57.0,0.5641025641025641
8624,0.704,1.0,8681.0,0.7031498938543308,0.7278002409039115,65.0,57.0,0.5555555555555556
8625,0.707,1.0,8682.0,0.7024786038530442,0.7271289509026249,65.0,57.0,0.5555555555555556
8626,0.708,1.0,8683.0,0.7017666378566733,0.726416984906254,64.0,57.0,0.5470085470085471
8627,0.702,1.0,8707.0,0.7017652114060932,0.703949956411377,63.0,80.0,0.5384615384615384
8628,0.702,0.0,8711.0,0.7010128475024735,0.7026055266113255,62.0,83.0,0.5299145299145299
8629,0.706,0.0,8708.0,0.7002004849914351,0.7026279794417505,60.0,79.0,0.5128205128205128
8630,0.705,0.0,8706.0,0.6993222378985364,0.7026521342638525,58.0,76.0,0.49572649572649574
8631,0.701,0.0,8705.0,0.6983864111084257,0.7024973942754826,57.0,74.0,0.48717948717948717
8632,0.693,0.0,8704.0,0.6974167733933475,0.7024920612539117,58.0,72.0,0.49572649572649574
8633,0.68,0.0,8703.0,0.6964903584783311,0.7027561459605091,59.0,70.0,0.5042735042735043
8634,0.669,0.0,8703.0,0.6957667496949544,0.7027287357862633,60.0,69.0,0.5128205128205128
8635,0.662,0.0,8704.0,0.695367407851022,0.7023293939423308,61.0,69.0,0.5213675213675214
8636,0.665,0.0,8705.0,0.6953415741282255,0.7023035602195343,62.0,69.0,0.5299145299145299
8637,0.671,0.0,8706.0,0.6956555988382422,0.7026175849295511,63.0,69.0,0.5384615384615384
8638,0.691,0.0,8708.0,0.6962705102042286,0.7025362976864066,64.0,70.0,0.5470085470085471
8639,0.696,0.0,8710.0,0.6969439531146606,0.7025831618486208,65.0,71.0,0.5555555555555556
8640,0.701,0.0,8712.0,0.6976278487769785,0.7027031366375427,66.0,72.0,0.5641025641025641
8641,0.703,0.0,8715.0,0.698290162811859,0.7024011459789159,67.0,74.0,0.5726495726495726
8642,0.703,0.0,8717.0,0.6988823736143175,0.7025822584646688,68.0,75.0,0.5811965811965812
8643,0.705,0.0,8719.0,0.6994288485909539,0.70275874495627,69.0,76.0,0.5897435897435898
8644,0.704,0.0,8722.0,0.6999240791309554,0.7026212951868616,70.0,78.0,0.5982905982905983
8645,0.701,0.0,8725.0,0.7003708115798646,0.7025555565851485,71.0,80.0,0.6068376068376068
8646,0.697,0.0,8728.0,0.7008079230860641,0.7025775665403441,70.0,82.0,0.5982905982905983
8647,0.696,0.0,8731.0,0.7012855446349893,0.7027189558329561,69.0,84.0,0.5897435897435898
8648,0.698,1.0,8726.0,0.7017663068359508,0.7044635228918569,68.0,78.0,0.5811965811965812
8649,0.702,1.0,8709.0,0.7018030195461602,0.7197731225453046,68.0,60.0,0.5811965811965812
8650,0.705,1.0,8707.0,0.7021430268719742,0.7267933739215549,67.0,57.0,0.5726495726495726
8651,0.708,1.0,8708.0,0.7026934983940518,0.7273438454436325,67.0,57.0,0.5726495726495726
8652,0.703,1.0,8709.0,0.7031946743179912,0.7278450213675719,64.0,57.0,0.5470085470085471
8653,0.696,1.0,8710.0,0.7037073025785856,0.7283576496281663,65.0,57.0,0.5555555555555556
8654,0.707,1.0,8712.0,0.7044008995082454,0.726586211852868,65.0,58.0,0.5555555555555556
8655,0.709,1.0,8713.0,0.7049885060684347,0.7271738184130573,64.0,58.0,0.5470085470085471
8656,0.71,1.0,8714.0,0.7055400059219602,0.7277253182665828,64.0,58.0,0.5470085470085471
8657,0.71,1.0,8715.0,0.7060505208221828,0.7282358331668054,64.0,58.0,0.5470085470085471
8658,0.708,1.0,8716.0,0.7065254896272788,0.7287108019719014,63.0,58.0,0.5384615384615384
8659,0.71,1.0,8718.0,0.7070693249655937,0.7270361060757541,64.0,59.0,0.5470085470085471
8660,0.708,1.0,8719.0,0.707511669817812,0.7274784509279724,63.0,59.0,0.5384615384615384
8661,0.71,1.0,8720.0,0.7079566070180576,0.727923388128218,62.0,59.0,0.5299145299145299
8662,0.708,1.0,8721.0,0.7083867845289524,0.7283535656391128,62.0,59.0,0.5299145299145299
8663,0.707,1.0,8722.0,0.708829120252183,0.7287959013623434,62.0,59.0,0.5299145299145299
8664,0.714,1.0,8724.0,0.7093689458883459,0.7273390488874902,61.0,60.0,0.5213675213675214
8665,0.716,1.0,8725.0,0.7097944767549087,0.7277645797540531,61.0,60.0,0.5213675213675214
8666,0.715,1.0,8726.0,0.7101576306377111,0.7281277336368555,61.0,60.0,0.5213675213675214
8667,0.712,1.0,8727.0,0.7104740833361475,0.7284441863352918,61.0,60.0,0.5213675213675214
8668,0.711,1.0,8728.0,0.7107808923995211,0.7287509953986655,61.0,60.0,0.5213675213675214
8669,0.712,1.0,8730.0,0.7111561353454601,0.72732922804469,60.0,61.0,0.5128205128205128
8670,0.714,1.0,8731.0,0.7114650897554664,0.7276381824546964,60.0,61.0,0.5128205128205128
8671,0.717,1.0,8732.0,0.711752211538704,0.727925304237934,60.0,61.0,0.5128205128205128
8672,0.719,1.0,8733.0,0.7119871022392535,0.7281601949384835,60.0,61.0,0.5128205128205128
8673,0.719,1.0,8734.0,0.7121502942381848,0.7283233869374147,60.0,61.0,0.5128205128205128
8674,0.718,1.0,8735.0,0.712243251781614,0.7284163444808439,60.0,61.0,0.5128205128205128
8675,0.707,1.0,8736.0,0.7122784167676383,0.7284515094668682,59.0,61.0,0.5042735042735043
8676,0.699,1.0,8737.0,0.7123785638714732,0.7285516565707032,59.0,61.0,0.5042735042735043
8677,0.696,1.0,8738.0,0.71263370323976,0.72880679593899,58.0,61.0,0.49572649572649574
8678,0.7,1.0,8740.0,0.7131365493270712,0.7276923327563781,58.0,62.0,0.49572649572649574
8679,0.707,1.0,8741.0,0.7137346263378512,0.7282904097671582,58.0,62.0,0.49572649572649574
8680,0.71,1.0,8743.0,0.7144640013089301,0.7275642063953063,57.0,63.0,0.48717948717948717
8681,0.714,1.0,8744.0,0.7151970428386129,0.7282972479249891,57.0,63.0,0.48717948717948717
8682,0.717,1.0,8746.0,0.7159941240070333,0.7277843085847719,57.0,64.0,0.48717948717948717
8683,0.719,1.0,8747.0,0.7167389927278411,0.7285291773055798,57.0,64.0,0.48717948717948717
8684,0.719,1.0,8749.0,0.7175043547492201,0.7281155208691849,58.0,65.0,0.49572649572649574
8685,0.714,1.0,8750.0,0.7182160487658037,0.7288272148857684,59.0,65.0,0.5042735042735043
8686,0.717,1.0,8752.0,0.7190155803788422,0.7285656298868104,60.0,66.0,0.5128205128205128
8687,0.718,1.0,8754.0,0.7198373716181938,0.7284324161753652,61.0,67.0,0.5213675213675214
8688,0.718,1.0,8756.0,0.7206794061968561,0.7284149462983104,62.0,68.0,0.5299145299145299
8689,0.721,1.0,8758.0,0.7215510165313126,0.7285130026226214,63.0,69.0,0.5384615384615384
8690,0.72,1.0,8760.0,0.7224285733899192,0.7286943608720972,64.0,70.0,0.5470085470085471
8691,0.722,1.0,8763.0,0.7233525248175872,0.7284278126781514,65.0,72.0,0.5555555555555556
8692,0.726,1.0,8765.0,0.7242700690727853,0.7288378281472931,66.0,73.0,0.5641025641025641
8693,0.73,1.0,8768.0,0.7251826848721974,0.7288825697225487,67.0,75.0,0.5726495726495726
8694,0.734,1.0,8772.0,0.7260483186638425,0.7287455347197486,68.0,78.0,0.5811965811965812
8695,0.734,1.0,8776.0,0.7268170297900365,0.728783300294792,69.0,81.0,0.5897435897435898
8696,0.733,1.0,8780.0,0.7274997582577987,0.7289331694557655,70.0,84.0,0.5982905982905983
8697,0.735,0.0,8767.0,0.7279351749383434,0.7342009624205214,71.0,70.0,0.6068376068376068
8698,0.734,0.0,8757.0,0.727990612828749,0.7479573939389094,72.0,59.0,0.6153846153846154
8699,0.731,0.0,8753.0,0.7279798135979623,0.7617937327331896,73.0,54.0,0.6239316239316239
8700,0.73,0.0,8751.0,0.7279911616568664,0.7743751385227475,74.0,51.0,0.6324786324786325
8701,0.731,0.0,8750.0,0.7280570598542127,0.7853212288244362,75.0,49.0,0.6410256410256411
8702,0.732,0.0,8749.0,0.7280233118799067,0.7987198167814172,76.0,47.0,0.6495726495726496
8703,0.732,0.0,8749.0,0.7281669003988502,0.8067185725116398,75.0,46.0,0.6410256410256411
8704,0.733,0.0,8749.0,0.7282678989222253,0.8155475346031026,74.0,45.0,0.6324786324786325
8705,0.735,0.0,8748.0,0.72794065882625,0.8356932954693084,73.0,43.0,0.6239316239316239
8706,0.736,0.0,8749.0,0.7282904750399664,0.8360431116830247,72.0,43.0,0.6153846153846154
8707,0.736,0.0,8749.0,0.7281789701467516,0.847904121972372,71.0,42.0,0.6068376068376068
8708,0.735,0.0,8749.0,0.7279805649218343,0.8610085113947458,69.0,41.0,0.5897435897435898
8709,0.736,0.0,8750.0,0.7282187740825503,0.8612467205554618,68.0,41.0,0.5811965811965812
8710,0.734,0.0,8751.0,0.7284212858413026,0.8614492323142141,67.0,41.0,0.5726495726495726
8711,0.733,0.0,8751.0,0.7280992947217071,0.8759081241360532,67.0,40.0,0.5726495726495726
8712,0.736,0.0,8752.0,0.7282946381087123,0.8761034675230585,66.0,40.0,0.5641025641025641
8713,0.735,0.0,8753.0,0.7284607671011323,0.8762695965154784,66.0,40.0,0.5641025641025641
8714,0.734,0.0,8753.0,0.7280403299885938,0.8922723626712006,66.0,39.0,0.5641025641025641
8715,0.734,0.0,8754.0,0.7281863998357607,0.8924184325183675,65.0,39.0,0.5555555555555556
8716,0.732,0.0,8755.0,0.7283311466770861,0.8925631793596929,65.0,39.0,0.5555555555555556
8717,0.731,0.0,8756.0,0.7284966722747903,0.8927287049573971,65.0,39.0,0.5555555555555556
8718,0.731,0.0,8756.0,0.7280664860385582,0.9105465223525657,65.0,38.0,0.5555555555555556
8719,0.733,0.0,8757.0,0.7283038522894538,0.9107838886034614,64.0,38.0,0.5470085470085471
8720,0.736,0.0,8758.0,0.7285580934087695,0.9110381297227771,64.0,38.0,0.5470085470085471
8721,0.738,0.0,8758.0,0.7281003786781615,0.9308559745826143,64.0,37.0,0.5470085470085471
8722,0.739,0.0,8759.0,0.7283074079583867,0.9310630038628395,63.0,37.0,0.5384615384615384
8723,0.737,0.0,8760.0,0.7284731046407014,0.9312287005451542,64.0,37.0,0.5470085470085471
8724,0.736,0.0,8761.0,0.7286204648868607,0.9313760607913135,64.0,37.0,0.5470085470085471
8725,0.735,0.0,8761.0,0.7279895248967051,0.9532735203460971,63.0,36.0,0.5384615384615384
8726,0.731,0.0,8762.0,0.7281403270371605,0.9534243224865525,62.0,36.0,0.5299145299145299
8727,0.733,0.0,8763.0,0.7283500614843834,0.9536340569337755,62.0,36.0,0.5299145299145299
8728,0.737,0.0,8764.0,0.7285945678600381,0.9538785633094301,61.0,36.0,0.5213675213675214
8729,0.743,0.0,8764.0,0.7279677393378046,0.978283289837129,62.0,35.0,0.5299145299145299
8730,0.744,0.0,8765.0,0.7281329894905942,0.9784485399899187,62.0,35.0,0.5299145299145299
8731,0.744,0.0,8766.0,0.7282178499059622,0.9785334004052866,61.0,35.0,0.5213675213675214
8732,0.744,0.0,8767.0,0.7282258983779438,0.9785414488772682,61.0,35.0,0.5213675213675214
8733,0.741,0.0,8768.0,0.7281588052743246,0.978474355773649,61.0,35.0,0.5213675213675214
8734,0.74,0.0,8769.0,0.7280442838835253,0.9783598343828497,61.0,35.0,0.5213675213675214
8735,0.735,0.0,8771.0,0.7287759184950482,0.9540599139444402,61.0,36.0,0.5213675213675214
8736,0.734,0.0,8772.0,0.728655949758052,0.9539399452074441,61.0,36.0,0.5213675213675214
8737,0.735,0.0,8773.0,0.7285610248980661,0.9538450203474581,61.0,36.0,0.5213675213675214
8738,0.736,0.0,8774.0,0.7284774366665014,0.9537614321158935,61.0,36.0,0.5213675213675214
8739,0.737,0.0,8775.0,0.7283914852067834,0.9536754806561755,62.0,36.0,0.5299145299145299
8740,0.738,0.0,8776.0,0.728298811475637,0.9535828069250291,62.0,36.0,0.5299145299145299
8741,0.739,0.0,8777.0,0.7281863260896357,0.9534703215390278,62.0,36.0,0.5299145299145299
8742,0.738,0.0,8778.0,0.728039415260092,0.953323410709484,63.0,36.0,0.5384615384615384
8743,0.738,0.0,8780.0,0.7286542731817798,0.9314098690862326,63.0,37.0,0.5384615384615384
8744,0.736,0.0,8781.0,0.7284582062320276,0.9312138021364804,63.0,37.0,0.5384615384615384
8745,0.735,0.0,8782.0,0.7282564558349014,0.9310120517393542,64.0,37.0,0.5470085470085471
8746,0.737,0.0,8783.0,0.7280568242957178,0.9308124202001706,64.0,37.0,0.5470085470085471
8747,0.737,0.0,8785.0,0.7285390734626589,0.9110191097766664,64.0,38.0,0.5470085470085471
8748,0.736,0.0,8786.0,0.7282943947351044,0.9107744310491119,64.0,38.0,0.5470085470085471
8749,0.736,0.0,8787.0,0.7280333445429479,0.9105133808569554,58.0,38.0,0.49572649572649574
8750,0.735,0.0,8789.0,0.7283829626222802,0.892614995304887,56.0,39.0,0.47863247863247865
8751,0.734,0.0,8790.0,0.7280946184991257,0.8923266511817325,54.0,39.0,0.46153846153846156
8752,0.735,0.0,8792.0,0.7283750268616761,0.8761838562760222,53.0,40.0,0.452991452991453
8753,0.734,0.0,8793.0,0.7280686165970275,0.8758774460113736,51.0,40.0,0.4358974358974359
8754,0.732,0.0,8795.0,0.7282592981241731,0.8612872445970846,50.0,41.0,0.42735042735042733
8755,0.732,0.0,8796.0,0.7279481396023466,0.8609760860752581,50.0,41.0,0.42735042735042733
8756,0.73,0.0,8798.0,0.7281041880180644,0.8478293398436848,48.0,42.0,0.41025641025641024
8757,0.729,0.0,8800.0,0.7282339417574677,0.835986578400526,47.0,43.0,0.4017094017094017
8758,0.728,0.0,8801.0,0.7279855921949347,0.8357382288379931,45.0,43.0,0.38461538461538464
8759,0.726,0.0,8803.0,0.7281514197895285,0.825128792768281,45.0,44.0,0.38461538461538464
8760,0.726,0.0,8804.0,0.7280083154962427,0.8249856884749952,44.0,44.0,0.37606837606837606
8761,0.725,0.0,8806.0,0.7282578262621928,0.8155374619430701,43.0,45.0,0.36752136752136755
8762,0.725,0.0,8807.0,0.7282410881917634,0.8155207238726406,43.0,45.0,0.36752136752136755
8763,0.729,0.0,8807.0,0.7279606255687652,0.8249379985475177,42.0,44.0,0.358974358974359
8764,0.729,0.0,8808.0,0.7280391699871998,0.8250165429659523,41.0,44.0,0.3504273504273504
8765,0.728,0.0,8809.0,0.7281451148956779,0.8251224878744304,40.0,44.0,0.3418803418803419
8766,0.728,0.0,8810.0,0.7282903402451796,0.8252677132239321,40.0,44.0,0.3418803418803419
8767,0.73,0.0,8810.0,0.7281039134162931,0.8358565500593514,39.0,43.0,0.3333333333333333
8768,0.733,0.0,8811.0,0.7283098488119244,0.8360624854549827,38.0,43.0,0.3247863247863248
8769,0.732,0.0,8811.0,0.728091584548674,0.8478167363742943,38.0,42.0,0.3247863247863248
8770,0.735,0.0,8812.0,0.728289890083037,0.8480150419086574,39.0,42.0,0.3333333333333333
8771,0.741,0.0,8812.0,0.7279996418681796,0.861027588341091,39.0,41.0,0.3333333333333333
8772,0.742,0.0,8813.0,0.7280767527500127,0.8611046992229242,38.0,41.0,0.3247863247863248
8773,0.739,0.0,8814.0,0.7280447404599677,0.8610726869328792,38.0,41.0,0.3247863247863248
8774,0.735,0.0,8815.0,0.7279353223745104,0.8609632688474219,38.0,41.0,0.3247863247863248
8775,0.73,0.0,8817.0,0.7282399613464855,0.8479651131721059,38.0,42.0,0.3247863247863248
8776,0.732,0.0,8818.0,0.7281242171277568,0.8478493689533771,37.0,42.0,0.3162393162393162
8777,0.733,0.0,8819.0,0.7280107781861102,0.8477359300117305,37.0,42.0,0.3162393162393162
8778,0.732,0.0,8821.0,0.7282887933290301,0.8360414299720884,37.0,43.0,0.3162393162393162
8779,0.734,0.0,8822.0,0.7281619927614732,0.8359146294045315,38.0,43.0,0.3247863247863248
8780,0.734,0.0,8823.0,0.7280099103628094,0.8357625470058677,37.0,43.0,0.3162393162393162
8781,0.732,0.0,8825.0,0.7281893323371464,0.825166705315899,37.0,44.0,0.3162393162393162
8782,0.732,0.0,8826.0,0.7280062861473988,0.8249836591261513,37.0,44.0,0.3162393162393162
8783,0.731,0.0,8828.0,0.7281384472501496,0.8154180829310269,37.0,45.0,0.3162393162393162
8784,0.733,0.0,8829.0,0.7279464724794659,0.8152261081603431,38.0,45.0,0.3247863247863248
8785,0.73,0.0,8831.0,0.7280219711047732,0.8065736432175628,38.0,46.0,0.3247863247863248
8786,0.731,0.0,8833.0,0.7280725976222717,0.7987691025237823,38.0,47.0,0.3247863247863248
8787,0.73,0.0,8835.0,0.7280917764986016,0.7917186309099611,38.0,48.0,0.3247863247863248
8788,0.728,0.0,8837.0,0.7280938718932104,0.785358040863434,39.0,49.0,0.3333333333333333
8789,0.73,0.0,8839.0,0.7280967691965643,0.7796345212697655,39.0,50.0,0.3333333333333333
8790,0.732,0.0,8841.0,0.7280782211145317,0.7744621979804128,39.0,51.0,0.3333333333333333
8791,0.733,0.0,8843.0,0.7280161953620273,0.7697617745413203,40.0,52.0,0.3418803418803419
8792,0.733,0.0,8846.0,0.7280184719865339,0.7618323911217613,40.0,54.0,0.3418803418803419
8793,0.733,0.0,8850.0,0.7280132401111233,0.752663587160704,40.0,57.0,0.3418803418803419
8794,0.73,0.0,8855.0,0.7279466376790527,0.7441197303782826,41.0,61.0,0.3504273504273504
8795,0.726,0.0,8866.0,0.7279359344230649,0.7335751431570251,41.0,71.0,0.3504273504273504
8796,0.726,1.0,8882.0,0.7277476561548166,0.7289087192251698,41.0,86.0,0.3504273504273504
8797,0.728,1.0,8881.0,0.727416593479917,0.7288500046778839,42.0,84.0,0.358974358974359
8798,0.73,1.0,8880.0,0.7270773772702477,0.7288470207245277,42.0,82.0,0.358974358974359
8799,0.726,1.0,8879.0,0.7267036007132011,0.7288883457184849,43.0,80.0,0.36752136752136755
8800,0.723,1.0,8879.0,0.7263444969817635,0.7287719914320789,43.0,79.0,0.36752136752136755
8801,0.725,1.0,8879.0,0.7260225543279013,0.7287197703838074,43.0,78.0,0.36752136752136755
8802,0.727,1.0,8879.0,0.7257119733887936,0.7287088801175781,44.0,77.0,0.37606837606837606
8803,0.729,1.0,8879.0,0.7253870810428944,0.7287169774082105,44.0,76.0,0.37606837606837606
8804,0.731,1.0,8879.0,0.7250220451530276,0.7287219300033789,44.0,75.0,0.37606837606837606
8805,0.73,1.0,8879.0,0.7245905875426389,0.7287015707096959,45.0,74.0,0.38461538461538464
8806,0.726,1.0,8879.0,0.7240990253493906,0.7286667844238984,45.0,73.0,0.38461538461538464
8807,0.725,1.0,8879.0,0.7235863412155801,0.7286616290761443,44.0,72.0,0.37606837606837606
8808,0.726,1.0,8879.0,0.7230579497619427,0.7286971584959029,44.0,71.0,0.37606837606837606
8809,0.728,1.0,8879.0,0.7224968688612154,0.7287626563433934,44.0,70.0,0.37606837606837606
8810,0.729,1.0,8879.0,0.7218746420589466,0.7288366281502554,43.0,69.0,0.36752136752136755
8811,0.729,1.0,8879.0,0.721173244612888,0.7289087847143423,42.0,68.0,0.358974358974359
8812,0.73,1.0,8880.0,0.7204148482576345,0.7281503883590887,41.0,68.0,0.3504273504273504
8813,0.731,1.0,8880.0,0.7195229816807591,0.7281180262379305,41.0,67.0,0.3504273504273504
8814,0.723,1.0,8880.0,0.7185035926781144,0.7280536421860826,41.0,66.0,0.3504273504273504
8815,0.714,1.0,8880.0,0.7174342435941152,0.7280454097140799,41.0,65.0,0.3504273504273504
8816,0.708,1.0,8880.0,0.7164030527722732,0.7281932373500118,42.0,64.0,0.358974358974359
8817,0.709,1.0,8880.0,0.7154652292034561,0.7285654342898323,42.0,63.0,0.358974358974359
8818,0.71,1.0,8881.0,0.7146497807269315,0.7277499858133077,42.0,63.0,0.358974358974359
8819,0.711,1.0,8881.0,0.713840511189678,0.7283962946189849,42.0,62.0,0.358974358974359
8820,0.711,1.0,8882.0,0.7131188809587607,0.7276746643880677,43.0,62.0,0.36752136752136755
8821,0.709,1.0,8882.0,0.7123703235858014,0.7285434162850314,43.0,61.0,0.36752136752136755
8822,0.708,1.0,8883.0,0.711721267855725,0.7278943605549549,43.0,61.0,0.36752136752136755
8823,0.707,1.0,8884.0,0.7111200202711933,0.7272931129704232,43.0,61.0,0.36752136752136755
8824,0.701,1.0,8884.0,0.7105084726187789,0.7284785756179233,44.0,60.0,0.37606837606837606
8825,0.708,1.0,8885.0,0.710071617689441,0.7280417206885854,44.0,60.0,0.37606837606837606
8826,0.711,1.0,8886.0,0.7096644958781828,0.7276345988773272,44.0,60.0,0.37606837606837606
8827,0.709,1.0,8887.0,0.7092496096780498,0.7272197126771942,45.0,60.0,0.38461538461538464
8828,0.706,1.0,8887.0,0.7087753581942031,0.7287421393043635,45.0,59.0,0.38461538461538464
8829,0.708,1.0,8888.0,0.7084084483217734,0.7283752294319338,45.0,59.0,0.38461538461538464
8830,0.709,1.0,8889.0,0.7080535170172018,0.7280202981273621,46.0,59.0,0.39316239316239315
8831,0.703,1.0,8890.0,0.7076955935588723,0.7276623746690327,46.0,59.0,0.39316239316239315
8832,0.702,1.0,8891.0,0.7073975673539481,0.7273643484641085,47.0,59.0,0.4017094017094017
8833,0.703,1.0,8892.0,0.7071673537084173,0.7271341348185777,47.0,59.0,0.4017094017094017
8834,0.704,1.0,8893.0,0.706991514776081,0.7269582958862414,48.0,59.0,0.41025641025641024
8835,0.704,1.0,8894.0,0.706856922626921,0.7268237037370814,48.0,59.0,0.41025641025641024
8836,0.71,1.0,8894.0,0.7066845581377448,0.7288698704823674,49.0,58.0,0.4188034188034188
8837,0.711,1.0,8895.0,0.7065609440053839,0.7287462563500066,49.0,58.0,0.4188034188034188
8838,0.711,1.0,8896.0,0.7063965658886114,0.7285818782332341,50.0,58.0,0.42735042735042733
8839,0.709,1.0,8897.0,0.7061892470695021,0.7283745594141248,50.0,58.0,0.42735042735042733
8840,0.709,1.0,8898.0,0.7059593382576104,0.728144650602233,51.0,58.0,0.4358974358974359
8841,0.71,1.0,8899.0,0.7057042965870621,0.7278896089316848,51.0,58.0,0.4358974358974359
8842,0.713,1.0,8900.0,0.7054097217676794,0.727595034112302,52.0,58.0,0.4444444444444444
8843,0.706,1.0,8901.0,0.7050394394423475,0.7272247517869701,52.0,58.0,0.4444444444444444
8844,0.697,1.0,8902.0,0.7046677086412738,0.7268530209858964,53.0,58.0,0.452991452991453
8845,0.699,1.0,8903.0,0.704390002021898,0.7265753143665207,54.0,58.0,0.46153846153846156
8846,0.7,1.0,8903.0,0.7040946291325119,0.7287449761820926,54.0,57.0,0.46153846153846156
8847,0.695,1.0,8904.0,0.7039406289985319,0.7285909760481126,55.0,57.0,0.4700854700854701
8848,0.684,1.0,8905.0,0.7038958163517107,0.7285461634012914,56.0,57.0,0.47863247863247865
8849,0.687,1.0,8906.0,0.7040815522277004,0.7287318992772811,57.0,57.0,0.48717948717948717
8850,0.693,1.0,8908.0,0.7045528562136636,0.7267381685582862,57.0,58.0,0.48717948717948717
8851,0.699,1.0,8909.0,0.705074503028095,0.7272598153727177,58.0,58.0,0.49572649572649574
8852,0.704,1.0,8910.0,0.7056718879156247,0.7278572002602474,59.0,58.0,0.5042735042735043
8853,0.705,1.0,8911.0,0.7062960579011177,0.7284813702457403,60.0,58.0,0.5128205128205128
8854,0.705,1.0,8913.0,0.7070206374829726,0.726987418593133,61.0,59.0,0.5213675213675214
8855,0.709,1.0,8914.0,0.7076986676004322,0.7276654487105926,61.0,59.0,0.5213675213675214
8856,0.713,1.0,8915.0,0.7083700885666335,0.7283368696767939,62.0,59.0,0.5299145299145299
8857,0.71,1.0,8917.0,0.7090669276709063,0.7270370306700507,63.0,60.0,0.5384615384615384
8858,0.71,1.0,8918.0,0.7096907309351332,0.7276608339342776,64.0,60.0,0.5470085470085471
8859,0.709,1.0,8919.0,0.7103178413940163,0.7282879443931607,65.0,60.0,0.5555555555555556
8860,0.709,1.0,8921.0,0.7110283821977463,0.7272014748969763,66.0,61.0,0.5641025641025641
8861,0.706,1.0,8922.0,0.7117053484619391,0.7278784411611691,67.0,61.0,0.5726495726495726
8862,0.706,1.0,8923.0,0.7124517170675808,0.7286248097668108,68.0,61.0,0.5811965811965812
8863,0.711,1.0,8925.0,0.7133307780265101,0.7278865614558171,69.0,62.0,0.5897435897435898
8864,0.716,1.0,8926.0,0.7141859174350458,0.7287417008643527,70.0,62.0,0.5982905982905983
8865,0.72,,,,,71.0,,0.6068376068376068
8866,0.719,,,,,71.0,,0.6068376068376068
8867,0.716,,,,,72.0,,0.6153846153846154
8868,0.716,,,,,73.0,,0.6239316239316239
8869,0.718,,,,,74.0,,0.6324786324786325
8870,0.721,,,,,75.0,,0.6410256410256411
8871,0.72,,,,,76.0,,0.6495726495726496
8872,0.725,,,,,77.0,,0.6581196581196581
8873,0.73,,,,,78.0,,0.6666666666666666
8874,0.729,,,,,79.0,,0.6752136752136753
8875,0.722,,,,,80.0,,0.6837606837606838
8876,0.717,,,,,81.0,,0.6923076923076923
8877,0.72,,,,,82.0,,0.7008547008547008
8878,0.73,,,,,83.0,,0.7094017094017094
8879,0.734,,,,,71.0,,0.6068376068376068
8880,0.736,,,,,65.0,,0.5555555555555556
8881,0.733,,,,,63.0,,0.5384615384615384
8882,0.732,,,,,61.0,,0.5213675213675214
8883,0.729,,,,,61.0,,0.5213675213675214
8884,0.732,,,,,60.0,,0.5128205128205128
8885,0.73,,,,,60.0,,0.5128205128205128
8886,0.728,,,,,60.0,,0.5128205128205128
8887,0.73,,,,,59.0,,0.5042735042735043
8888,0.728,,,,,59.0,,0.5042735042735043
8889,0.726,,,,,59.0,,0.5042735042735043
8890,0.725,,,,,59.0,,0.5042735042735043
8891,0.726,,,,,59.0,,0.5042735042735043
8892,0.728,,,,,59.0,,0.5042735042735043
8893,0.732,,,,,59.0,,0.5042735042735043
8894,0.735,,,,,58.0,,0.49572649572649574
8895,0.733,,,,,58.0,,0.49572649572649574
8896,0.733,,,,,58.0,,0.49572649572649574
8897,0.73,,,,,58.0,,0.49572649572649574
8898,0.731,,,,,58.0,,0.49572649572649574
8899,0.732,,,,,58.0,,0.49572649572649574
8900,0.729,,,,,58.0,,0.49572649572649574
8901,0.73,,,,,58.0,,0.49572649572649574
8902,0.736,,,,,58.0,,0.49572649572649574
8903,0.738,,,,,57.0,,0.48717948717948717
8904,0.739,,,,,57.0,,0.48717948717948717
8905,0.741,,,,,57.0,,0.48717948717948717
8906,0.74,,,,,57.0,,0.48717948717948717
8907,0.74,,,,,58.0,,0.49572649572649574
8908,0.738,,,,,58.0,,0.49572649572649574
8909,0.736,,,,,58.0,,0.49572649572649574
8910,0.733,,,,,58.0,,0.49572649572649574
8911,0.73,,,,,58.0,,0.49572649572649574
8912,0.733,,,,,59.0,,0.5042735042735043
8913,0.734,,,,,59.0,,0.5042735042735043
8914,0.737,,,,,59.0,,0.5042735042735043
8915,0.738,,,,,59.0,,0.5042735042735043
8916,0.735,,,,,60.0,,0.5128205128205128
8917,0.734,,,,,60.0,,0.5128205128205128
8918,0.733,,,,,60.0,,0.5128205128205128
8919,0.731,,,,,60.0,,0.5128205128205128
8920,0.73,,,,,61.0,,0.5213675213675214
8921,0.728,,,,,61.0,,0.5213675213675214
8922,0.726,,,,,61.0,,0.5213675213675214
8923,0.724,,,,,61.0,,0.5213675213675214
8924,0.723,,,,,62.0,,0.5299145299145299
8925,0.717,,,,,62.0,,0.5299145299145299
8926,0.718,,,,,62.0,,0.5299145299145299
8927,0.719,,,,,63.0,,0.5384615384615384
